month,ARI,NMI,K,mode,seed,louvain_seed,gamma,adjacent_ARI,adjacent_NMI,same_label_share
2023-01-01,1.0,1.0,8,optimizer_only,0,0,0.5,,,
2023-02-01,1.0,1.0,8,optimizer_only,0,0,0.5,1.0,1.0,1.0
2023-03-01,1.0,1.0,8,optimizer_only,0,0,0.5,0.8928787338278015,0.8831965634244213,0.9548319327731093
2023-04-01,1.0,1.0,8,optimizer_only,0,0,0.5,0.8936453199191968,0.8873167168568823,0.9548319327731093
2023-05-01,1.0,1.0,8,optimizer_only,0,0,0.5,0.9081927216108525,0.8859961831748302,0.9569327731092437
2023-06-01,1.0,1.0,9,optimizer_only,0,0,0.5,0.9206818537933602,0.9025595352878706,0.9627100840336135
2023-07-01,1.0,1.0,9,optimizer_only,0,0,0.5,0.8677849460705443,0.8792362993489132,0.9453781512605042
2023-08-01,1.0,1.0,10,optimizer_only,0,0,0.5,0.8272340726356029,0.8670435818141236,0.9338235294117647
2023-09-01,1.0,1.0,10,optimizer_only,0,0,0.5,0.8539801320317375,0.880355648803121,0.9448529411764706
2023-10-01,1.0,1.0,11,optimizer_only,0,0,0.5,0.8619417884598787,0.8697557677536951,0.9448529411764706
2023-11-01,1.0,1.0,11,optimizer_only,0,0,0.5,0.8615690152223147,0.8802414744076826,0.9448529411764706
2023-12-01,1.0,1.0,11,optimizer_only,0,0,0.5,0.8280341145149471,0.8594113768587823,0.9185924369747899
2024-01-01,1.0,1.0,12,optimizer_only,0,0,0.5,0.7948283123688851,0.8456063441389148,0.8886554621848739
2024-02-01,1.0,1.0,12,optimizer_only,0,0,0.5,0.698673203217349,0.8238958237317032,0.8555672268907563
2024-03-01,1.0,1.0,12,optimizer_only,0,0,0.5,0.7338433076316604,0.8531979866294777,0.8939075630252101
2024-04-01,1.0,1.0,12,optimizer_only,0,0,0.5,0.7299665704168649,0.8358396804752869,0.8834033613445378
2024-05-01,1.0,1.0,11,optimizer_only,0,0,0.5,0.8276234967671241,0.8611364194707443,0.9112394957983193
2024-06-01,1.0,1.0,10,optimizer_only,0,0,0.5,0.9169521062867697,0.8636703158680125,0.9185924369747899
2024-07-01,1.0,1.0,10,optimizer_only,0,0,0.5,0.9586851280249002,0.9050113400318938,0.9522058823529411
2024-08-01,1.0,1.0,10,optimizer_only,0,0,0.5,0.9491739477322458,0.9126032452518098,0.970063025210084
2024-09-01,1.0,1.0,10,optimizer_only,0,0,0.5,0.9467632371153568,0.9103407730841749,0.970063025210084
2024-10-01,1.0,1.0,10,optimizer_only,0,0,0.5,0.9529787918180571,0.9198828807047741,0.9753151260504201
2024-11-01,1.0,1.0,10,optimizer_only,0,0,0.5,0.9663598583363521,0.937459182871889,0.9805672268907563
2024-12-01,1.0,1.0,10,optimizer_only,0,0,0.5,1.0,1.0,1.0
2023-01-01,0.5651886667377273,0.683599391447903,6,optimizer_only,1,1,0.5,,,
2023-02-01,0.5651886667377273,0.683599391447903,6,optimizer_only,1,1,0.5,1.0,1.0,1.0
2023-03-01,0.5435449615056264,0.6720434339770168,6,optimizer_only,1,1,0.5,0.8508380234663714,0.8431250666545999,0.9432773109243697
2023-04-01,0.5539409207864034,0.680943392079128,6,optimizer_only,1,1,0.5,0.8986445599608633,0.8922898324595636,0.9653361344537815
2023-05-01,0.5798240728342291,0.7123029717280049,6,optimizer_only,1,1,0.5,0.8685465666004265,0.8719318640486112,0.9569327731092437
2023-06-01,0.5899237974736485,0.7233218484012129,7,optimizer_only,1,1,0.5,0.9222265340008345,0.9161284796591146,0.9747899159663865
2023-07-01,0.5558418110324218,0.698967831179595,8,optimizer_only,1,1,0.5,0.9550133697017402,0.9362939487253404,0.9810924369747899
2023-08-01,0.5286831979630597,0.6898879523324305,8,optimizer_only,1,1,0.5,0.9209598820908413,0.9013614860502684,0.9611344537815126
2023-09-01,0.482803715221167,0.6690160405040434,8,optimizer_only,1,1,0.5,0.8173633844800242,0.8458518657570764,0.9070378151260504
2023-10-01,0.4681399879155447,0.662420917957115,8,optimizer_only,1,1,0.5,0.6436803113622,0.7775574846680331,0.8287815126050421
2023-11-01,0.5289288473626782,0.6722336750971457,9,optimizer_only,1,1,0.5,0.6708970828234208,0.800698983293407,0.8581932773109243
2023-12-01,0.4544433679380869,0.6518132702772288,9,optimizer_only,1,1,0.5,0.8070844810200908,0.8659214893837278,0.9185924369747899
2024-01-01,0.34733464712723827,0.6098805175052323,10,optimizer_only,1,1,0.5,0.8187045304570328,0.8533706798359612,0.8975840336134454
2024-02-01,0.3336273080396676,0.590564117057642,10,optimizer_only,1,1,0.5,0.8427116405550258,0.8551240847784238,0.8897058823529411
2024-03-01,0.3795945211058172,0.5900851045604446,10,optimizer_only,1,1,0.5,0.8679475554093972,0.8597460320682078,0.9107142857142857
2024-04-01,0.4148610828996076,0.6061400627874446,9,optimizer_only,1,1,0.5,0.7947528337112691,0.8352862568229212,0.895483193277311
2024-05-01,0.36987766149404616,0.6172614062275943,9,optimizer_only,1,1,0.5,0.6929519305410281,0.7982188205719792,0.8482142857142857
2024-06-01,0.3858466243605856,0.6291574289135928,8,optimizer_only,1,1,0.5,0.7175262020148715,0.8149166581058637,0.8697478991596639
2024-07-01,0.4766704555229159,0.6459991008495041,8,optimizer_only,1,1,0.5,0.7542056532166245,0.8206562369179329,0.8855042016806722
2024-08-01,0.6008983753442388,0.6787562711090461,8,optimizer_only,1,1,0.5,0.8206328740868156,0.8647788258457562,0.9128151260504201
2024-09-01,0.6781220749930176,0.730382838183324,8,optimizer_only,1,1,0.5,0.8766107930704152,0.8775211561329125,0.9406512605042017
2024-10-01,0.6890308231168574,0.7332373475700953,8,optimizer_only,1,1,0.5,0.934513921983738,0.9132567369282819,0.9758403361344538
2024-11-01,0.6878862566128047,0.7281826155562765,8,optimizer_only,1,1,0.5,0.9333071503553755,0.9149471599742635,0.9763655462184874
2024-12-01,0.6878862566128047,0.7281826155562765,8,optimizer_only,1,1,0.5,1.0,1.0,1.0
2023-01-01,0.5713399263346455,0.6388099964746635,5,optimizer_only,2,2,0.5,,,
2023-02-01,0.5713399263346455,0.6388099964746635,5,optimizer_only,2,2,0.5,1.0,1.0,1.0
2023-03-01,0.5539149893124932,0.6218876429543311,5,optimizer_only,2,2,0.5,0.9284960733068333,0.9116184700289791,0.976890756302521
2023-04-01,0.564772692411671,0.6211275406019495,7,optimizer_only,2,2,0.5,0.9339173817849983,0.8968757817837213,0.9742647058823529
2023-05-01,0.5590625333812189,0.6133889545877657,7,optimizer_only,2,2,0.5,0.9372649187465224,0.9124262929179556,0.976890756302521
2023-06-01,0.5004848314470941,0.6071392887987913,8,optimizer_only,2,2,0.5,0.8865397850027261,0.8813469313047227,0.9453781512605042
2023-07-01,0.40153896333953276,0.5829327552739673,8,optimizer_only,2,2,0.5,0.7970960602684852,0.8189645092899003,0.9007352941176471
2023-08-01,0.4009645199962414,0.588233308032981,8,optimizer_only,2,2,0.5,0.7642018340447356,0.8162173977122934,0.8907563025210085
2023-09-01,0.5166875546268828,0.6201784881274482,8,optimizer_only,2,2,0.5,0.6760285796928468,0.795913277334061,0.8550420168067226
2023-10-01,0.5487291774447448,0.6239959228350663,9,optimizer_only,2,2,0.5,0.7168786281270286,0.8009150691418859,0.8723739495798319
2023-11-01,0.4671154217514981,0.6169308005989306,10,optimizer_only,2,2,0.5,0.7188972034949153,0.7593697843602623,0.8508403361344538
2023-12-01,0.3856099887965638,0.6099883489611077,10,optimizer_only,2,2,0.5,0.8125335827407091,0.791343592103056,0.8797268907563025
2024-01-01,0.3588307539211621,0.6118255677966591,10,optimizer_only,2,2,0.5,0.880083354558063,0.8411282751830407,0.9091386554621849
2024-02-01,0.45070511922687245,0.6373815673740135,10,optimizer_only,2,2,0.5,0.9344811463264506,0.8898716417581884,0.944327731092437
2024-03-01,0.5772879970525535,0.66693261119589,10,optimizer_only,2,2,0.5,0.9330000852860003,0.8800098694822008,0.9501050420168067
2024-04-01,0.6121711073654428,0.6585828287927029,11,optimizer_only,2,2,0.5,0.8395631926547099,0.8476835939315642,0.9206932773109243
2024-05-01,0.49882269404987,0.6392571091024828,10,optimizer_only,2,2,0.5,0.6437908254402237,0.7844630651938164,0.8382352941176471
2024-06-01,0.6007099606637367,0.6411907713935096,10,optimizer_only,2,2,0.5,0.601214415212339,0.7826651988797191,0.8130252100840336
2024-07-01,0.7515550395336491,0.6708385137221928,10,optimizer_only,2,2,0.5,0.7549308786448081,0.8182670093967435,0.8839285714285714
2024-08-01,0.7502155952824859,0.6923580071019462,10,optimizer_only,2,2,0.5,0.9419434236086506,0.9192973412523454,0.9758403361344538
2024-09-01,0.7598979133498038,0.7039018259330879,10,optimizer_only,2,2,0.5,0.9666766508692402,0.9341532172866871,0.9842436974789915
2024-10-01,0.7350994087103613,0.7021705233749395,10,optimizer_only,2,2,0.5,0.9469081760881621,0.906857923212829,0.976890756302521
2024-11-01,0.7168796786901299,0.711693155727794,10,optimizer_only,2,2,0.5,0.93016748653061,0.8859184619881472,0.9705882352941176
2024-12-01,0.7168796786901299,0.711693155727794,10,optimizer_only,2,2,0.5,1.0,1.0,1.0
2023-01-01,0.559011057985709,0.6346259969131224,5,optimizer_only,3,3,0.5,,,
2023-02-01,0.559011057985709,0.6346259969131224,5,optimizer_only,3,3,0.5,1.0,1.0,1.0
2023-03-01,0.57893740250129,0.6288770634663899,6,optimizer_only,3,3,0.5,0.9570159015930461,0.9320182032898382,0.9842436974789915
2023-04-01,0.6298478810826668,0.6585852233425782,6,optimizer_only,3,3,0.5,0.9269919594390836,0.8908928103778957,0.9705882352941176
2023-05-01,0.6569576044828734,0.679385533752701,8,optimizer_only,3,3,0.5,0.9139389503748394,0.8656438389421606,0.9564075630252101
2023-06-01,0.6516375367448043,0.6995098035052727,10,optimizer_only,3,3,0.5,0.9051325832035246,0.8753279536562636,0.9553571428571429
2023-07-01,0.6275999969346018,0.6969643025871665,10,optimizer_only,3,3,0.5,0.8624695429196663,0.869432396964505,0.9290966386554622
2023-08-01,0.6157271017830696,0.6979771926797295,10,optimizer_only,3,3,0.5,0.8004613228693026,0.8366149228682976,0.9065126050420168
2023-09-01,0.6418377397127025,0.7217936706426983,10,optimizer_only,3,3,0.5,0.8170065546099131,0.850921194700254,0.9122899159663865
2023-10-01,0.6144935133194676,0.7112725361339168,10,optimizer_only,3,3,0.5,0.7546816824136756,0.8267151110582133,0.8960084033613446
2023-11-01,0.5247360701142079,0.6801029709487141,10,optimizer_only,3,3,0.5,0.7587700508972091,0.8665383814016655,0.9122899159663865
2023-12-01,0.46486143431357013,0.6669339739569994,10,optimizer_only,3,3,0.5,0.7040755572286843,0.8352526836643064,0.8771008403361344
2024-01-01,0.4131143310413459,0.6546682343528187,11,optimizer_only,3,3,0.5,0.7604425807941336,0.8373677900649764,0.8891806722689075
2024-02-01,0.4207708190692621,0.6355115007301674,11,optimizer_only,3,3,0.5,0.8728819322155262,0.8455259434424272,0.9264705882352942
2024-03-01,0.4511028951189071,0.6336600327182228,11,optimizer_only,3,3,0.5,0.7949216304704365,0.8306529439425278,0.8928571428571429
2024-04-01,0.453934059979807,0.644182327075928,11,optimizer_only,3,3,0.5,0.6476209110384789,0.8017356969923514,0.8361344537815126
2024-05-01,0.5014429118274752,0.647848753443121,11,optimizer_only,3,3,0.5,0.6590483394037114,0.784862795602844,0.854516806722689
2024-06-01,0.5265801625281202,0.662385224090368,11,optimizer_only,3,3,0.5,0.7993164320016316,0.8299329642290706,0.9112394957983193
2024-07-01,0.5643944951180447,0.6899165816139036,11,optimizer_only,3,3,0.5,0.8928599173971454,0.8769123688384602,0.9495798319327731
2024-08-01,0.6600519833812042,0.7236612742628342,11,optimizer_only,3,3,0.5,0.8741761876626224,0.877165204309185,0.944327731092437
2024-09-01,0.7640951314302462,0.7553684544259368,11,optimizer_only,3,3,0.5,0.8575601602768518,0.8457103044734854,0.9338235294117647
2024-10-01,0.7970068457572311,0.7571304915875858,11,optimizer_only,3,3,0.5,0.875618378404428,0.8636302986575072,0.9485294117647058
2024-11-01,0.7928292559234894,0.7572307486313161,11,optimizer_only,3,3,0.5,0.9199215053202154,0.8915756165839064,0.9642857142857143
2024-12-01,0.7928292559234894,0.7572307486313161,11,optimizer_only,3,3,0.5,1.0,1.0,1.0
2023-01-01,0.5330389632577119,0.6904310578738091,8,optimizer_only,4,4,0.5,,,
2023-02-01,0.5330389632577119,0.6904310578738091,8,optimizer_only,4,4,0.5,1.0,1.0,1.0
2023-03-01,0.6244041788980976,0.6989236955584844,8,optimizer_only,4,4,0.5,0.83301969007515,0.8505747597393124,0.9227941176470589
2023-04-01,0.6731759963160091,0.7197838098685619,8,optimizer_only,4,4,0.5,0.8525768250250375,0.8683600900706373,0.9375
2023-05-01,0.6045917596155191,0.7084950542074433,8,optimizer_only,4,4,0.5,0.7836321145626226,0.8474957965957888,0.9117647058823529
2023-06-01,0.5557540386264757,0.7052018395103853,10,optimizer_only,4,4,0.5,0.8132003709934887,0.8742487129232569,0.9301470588235294
2023-07-01,0.5081347649983534,0.7002313879665947,10,optimizer_only,4,4,0.5,0.7590657074855592,0.8512230306774929,0.9096638655462185
2023-08-01,0.4700503395393563,0.6739227465184254,10,optimizer_only,4,4,0.5,0.7071445287196872,0.8181122672774603,0.8728991596638656
2023-09-01,0.5039435020850318,0.6733666835229618,10,optimizer_only,4,4,0.5,0.7447494636316034,0.8183621927651857,0.8608193277310925
2023-10-01,0.5422337999092903,0.7036159375234837,10,optimizer_only,4,4,0.5,0.8682491333289476,0.8583944979341183,0.9185924369747899
2023-11-01,0.538756990271906,0.7068657439726893,10,optimizer_only,4,4,0.5,0.9347641368202735,0.9060115357369961,0.9658613445378151
2023-12-01,0.5129602641681934,0.6983049133608958,11,optimizer_only,4,4,0.5,0.9470150084098279,0.922941799572768,0.9663865546218487
2024-01-01,0.460908623986131,0.6641187913363684,11,optimizer_only,4,4,0.5,0.9337024395541363,0.9141971134301486,0.9653361344537815
2024-02-01,0.4387874713719201,0.6499162741432498,10,optimizer_only,4,4,0.5,0.9014399106330492,0.902225147293179,0.9548319327731093
2024-03-01,0.42857306752011864,0.6498122001449347,10,optimizer_only,4,4,0.5,0.8066241460419603,0.8609794528188287,0.9044117647058824
2024-04-01,0.3892219592439402,0.6545483011748219,9,optimizer_only,4,4,0.5,0.6921823578618216,0.8284559183281615,0.8471638655462185
2024-05-01,0.5128791355436431,0.6815754692805945,10,optimizer_only,4,4,0.5,0.7066055196549079,0.8279885775457563,0.8550420168067226
2024-06-01,0.6909711826361824,0.7380792504952357,10,optimizer_only,4,4,0.5,0.7790366182643902,0.8420600381004424,0.9017857142857143
2024-07-01,0.8041771707914493,0.8006990164456138,9,optimizer_only,4,4,0.5,0.8637367002044652,0.8786544045277039,0.9459033613445378
2024-08-01,0.8777702770425667,0.8300451930376209,9,optimizer_only,4,4,0.5,0.9134374153489422,0.9067938664642121,0.9648109243697479
2024-09-01,0.9046913912121192,0.847787513045926,9,optimizer_only,4,4,0.5,0.917653639601711,0.879747898755944,0.9569327731092437
2024-10-01,0.889646135563103,0.8324235012352195,9,optimizer_only,4,4,0.5,0.9357760931697476,0.9100290026600153,0.9711134453781513
2024-11-01,0.8786888565993151,0.8438779859267581,9,optimizer_only,4,4,0.5,0.951803262855447,0.9216635231968853,0.9747899159663865
2024-12-01,0.8786888565993151,0.8438779859267581,9,optimizer_only,4,4,0.5,1.0,1.0,1.0
2023-01-01,0.48128424999144026,0.623899658388071,6,optimizer_only,5,5,0.5,,,
2023-02-01,0.48128424999144026,0.623899658388071,6,optimizer_only,5,5,0.5,1.0,1.0,1.0
2023-03-01,0.5152288575926394,0.6367423169469785,6,optimizer_only,5,5,0.5,0.9379608433021653,0.9016977672761298,0.9774159663865546
2023-04-01,0.5643774052257114,0.6489828952055493,6,optimizer_only,5,5,0.5,0.9451424099401425,0.9113930560823627,0.979516806722689
2023-05-01,0.6087250272686878,0.6553395897897911,6,optimizer_only,5,5,0.5,0.8950073992368901,0.8617090929872935,0.9590336134453782
2023-06-01,0.6182901161161994,0.6615842435885686,7,optimizer_only,5,5,0.5,0.8971838076071904,0.8829127352204754,0.9574579831932774
2023-07-01,0.5644804940911922,0.6306789400677761,8,optimizer_only,5,5,0.5,0.8036524587243622,0.8306910466675851,0.907563025210084
2023-08-01,0.5169275829133816,0.6237828396800248,10,optimizer_only,5,5,0.5,0.7003885735480005,0.7979910447445577,0.8602941176470589
2023-09-01,0.5144690271937982,0.6615805035597805,11,optimizer_only,5,5,0.5,0.7054372870386071,0.7902643341730161,0.8639705882352942
2023-10-01,0.5133161000538049,0.6840731739902953,11,optimizer_only,5,5,0.5,0.8297493623411233,0.8400731353924126,0.907563025210084
2023-11-01,0.48154805609952833,0.6825466814702039,12,optimizer_only,5,5,0.5,0.815526046386661,0.8422062752066352,0.9107142857142857
2023-12-01,0.4518874160585421,0.6743194613580089,12,optimizer_only,5,5,0.5,0.8414761847163854,0.8715610348868068,0.9327731092436975
2024-01-01,0.41705600378530455,0.65286539197874,12,optimizer_only,5,5,0.5,0.883527809320898,0.8791917931327821,0.9375
2024-02-01,0.38368307285475883,0.6289964022535086,12,optimizer_only,5,5,0.5,0.9003654380236602,0.8887072697611923,0.9332983193277311
2024-03-01,0.3890151116967287,0.633053392506738,12,optimizer_only,5,5,0.5,0.8598717394860895,0.8594923314088228,0.9002100840336135
2024-04-01,0.4668243539343817,0.6584232299257192,11,optimizer_only,5,5,0.5,0.7397617420845095,0.8320970257067072,0.8786764705882353
2024-05-01,0.5418383760079053,0.6750434559164548,11,optimizer_only,5,5,0.5,0.6451720448949205,0.8023203667002007,0.8623949579831933
2024-06-01,0.6799687358132971,0.6633214743846346,11,optimizer_only,5,5,0.5,0.6279722937088069,0.7940864328444918,0.8298319327731093
2024-07-01,0.7546837318990649,0.6730902510329445,11,optimizer_only,5,5,0.5,0.7958107493742572,0.8372175778083888,0.8949579831932774
2024-08-01,0.7527175763689635,0.6915853580844801,11,optimizer_only,5,5,0.5,0.9120028659054467,0.8917491427826625,0.946953781512605
2024-09-01,0.7355124920467193,0.7027111609143629,11,optimizer_only,5,5,0.5,0.9436690227931052,0.9067204755274146,0.9648109243697479
2024-10-01,0.7079071516257491,0.6932519495515841,10,optimizer_only,5,5,0.5,0.9628101752359932,0.9254111488081151,0.979516806722689
2024-11-01,0.6932383674920278,0.6947660748894909,10,optimizer_only,5,5,0.5,0.9614442651243474,0.9323238879518281,0.9837184873949579
2024-12-01,0.6932383674920278,0.6947660748894909,10,optimizer_only,5,5,0.5,1.0,1.0,1.0
2023-01-01,0.6057018984556655,0.7110017352998934,7,optimizer_only,6,6,0.5,,,
2023-02-01,0.6057018984556655,0.7110017352998934,7,optimizer_only,6,6,0.5,1.0,1.0,1.0
2023-03-01,0.6181399734975049,0.70172177126969,8,optimizer_only,6,6,0.5,0.9603910084970798,0.932813046640548,0.9821428571428571
2023-04-01,0.625568318978234,0.7101945970831766,8,optimizer_only,6,6,0.5,0.9147164188407346,0.9016985919359954,0.9642857142857143
2023-05-01,0.5639979538917661,0.7093002104089657,8,optimizer_only,6,6,0.5,0.8344392183335064,0.8716161178106149,0.9296218487394958
2023-06-01,0.4808103261635058,0.7040728181716153,8,optimizer_only,6,6,0.5,0.7580618156102611,0.8341828336859518,0.9017857142857143
2023-07-01,0.49308451895308075,0.6945599961738723,8,optimizer_only,6,6,0.5,0.7250890217129152,0.8341881096026024,0.8907563025210085
2023-08-01,0.5646352165204874,0.6920148638717479,9,optimizer_only,6,6,0.5,0.7558857980660934,0.830397768189462,0.8970588235294118
2023-09-01,0.5644109817875246,0.6955320986099627,9,optimizer_only,6,6,0.5,0.8487876332229538,0.885975331540107,0.9343487394957983
2023-10-01,0.538249099974504,0.6896898502397814,10,optimizer_only,6,6,0.5,0.8885415987356512,0.8879777921517791,0.9532563025210085
2023-11-01,0.5151913155693904,0.6920305517342185,10,optimizer_only,6,6,0.5,0.9348000610728446,0.9148622231003891,0.9658613445378151
2023-12-01,0.4807110571648564,0.6780233221162741,10,optimizer_only,6,6,0.5,0.9004362631408553,0.8742329737630422,0.9375
2024-01-01,0.40857344954960745,0.6342890698492689,10,optimizer_only,6,6,0.5,0.8921917409794022,0.8640994789368174,0.9332983193277311
2024-02-01,0.4119005491127839,0.6031879336637448,11,optimizer_only,6,6,0.5,0.8733390782644387,0.8589383159911523,0.9033613445378151
2024-03-01,0.4845882246341991,0.617253845753711,10,optimizer_only,6,6,0.5,0.8314938825311164,0.8315079624159034,0.881827731092437
2024-04-01,0.46547693362475473,0.6291176288995906,11,optimizer_only,6,6,0.5,0.7338995107025109,0.8161041720502406,0.8555672268907563
2024-05-01,0.4287192578194402,0.6464177045532278,11,optimizer_only,6,6,0.5,0.6749783404431873,0.8231765160538905,0.8419117647058824
2024-06-01,0.5460841713769443,0.6781955304901778,11,optimizer_only,6,6,0.5,0.715402520061975,0.8264160345267876,0.8629201680672269
2024-07-01,0.6738405273167598,0.7323146786505551,11,optimizer_only,6,6,0.5,0.8398423879104863,0.8678261986442507,0.9243697478991597
2024-08-01,0.7068114791064405,0.7502100703573148,11,optimizer_only,6,6,0.5,0.9466829241118471,0.9399301337718241,0.976890756302521
2024-09-01,0.74546078327535,0.7695471075449074,11,optimizer_only,6,6,0.5,0.9472256294573362,0.9230325105194435,0.9758403361344538
2024-10-01,0.7593490160625489,0.7793641313643639,10,optimizer_only,6,6,0.5,0.9462371338501503,0.9257464613945464,0.9763655462184874
2024-11-01,0.7511019683500314,0.7853062849419156,10,optimizer_only,6,6,0.5,0.9037855585261795,0.8904609884877429,0.960609243697479
2024-12-01,0.7511019683500314,0.7853062849419156,10,optimizer_only,6,6,0.5,1.0,1.0,1.0
2023-01-01,0.7565864388088402,0.7759699347713298,8,optimizer_only,7,7,0.5,,,
2023-02-01,0.7565864388088402,0.7759699347713298,8,optimizer_only,7,7,0.5,1.0,1.0,1.0
2023-03-01,0.7407533298493937,0.752103411265652,8,optimizer_only,7,7,0.5,0.9097748383672201,0.8873924212670191,0.9600840336134454
2023-04-01,0.7511061640508305,0.7648016344405139,9,optimizer_only,7,7,0.5,0.9222319205304957,0.8935597123725512,0.9611344537815126
2023-05-01,0.6261050977925919,0.6959076532519978,9,optimizer_only,7,7,0.5,0.8228994795292008,0.8362166462778547,0.8975840336134454
2023-06-01,0.5350236120698602,0.6773228594334101,9,optimizer_only,7,7,0.5,0.781782396146119,0.8438393064582616,0.8944327731092437
2023-07-01,0.42923628052131324,0.6398785566489787,10,optimizer_only,7,7,0.5,0.6579564776172322,0.8205608987977566,0.8340336134453782
2023-08-01,0.4856378125387821,0.6560400593742622,10,optimizer_only,7,7,0.5,0.7300552310234641,0.8396859761830664,0.8639705882352942
2023-09-01,0.5229765215481763,0.6592623247253576,10,optimizer_only,7,7,0.5,0.8371468533053581,0.8579125984093406,0.9154411764705882
2023-10-01,0.5132994038186055,0.6549586715105036,9,optimizer_only,7,7,0.5,0.862299175673875,0.8503730397622786,0.9196428571428571
2023-11-01,0.491845154845735,0.6464652628484786,9,optimizer_only,7,7,0.5,0.8821870971793974,0.8646974224527048,0.9243697478991597
2023-12-01,0.46958125914519544,0.6578410803442942,9,optimizer_only,7,7,0.5,0.9022972752640825,0.8709631084183866,0.9301470588235294
2024-01-01,0.4325028456915851,0.6451005757867707,10,optimizer_only,7,7,0.5,0.927935188393039,0.8980967649456674,0.9532563025210085
2024-02-01,0.4261080805446991,0.6330053223077018,9,optimizer_only,7,7,0.5,0.9355418623801507,0.8956894385982831,0.9548319327731093
2024-03-01,0.4369259600183747,0.611201690169042,9,optimizer_only,7,7,0.5,0.8690479674860495,0.8567255700338361,0.9243697478991597
2024-04-01,0.421440213057233,0.5939191634788983,8,optimizer_only,7,7,0.5,0.7077090152235297,0.8119627939459142,0.8513655462184874
2024-05-01,0.5175992985642577,0.6125891815024983,8,optimizer_only,7,7,0.5,0.5909153025970968,0.7792334493668166,0.792016806722689
2024-06-01,0.7185469833627595,0.6668415193329693,8,optimizer_only,7,7,0.5,0.689540462606812,0.7829426518610821,0.8466386554621849
2024-07-01,0.7839222556943944,0.707505210828979,8,optimizer_only,7,7,0.5,0.8630487343929711,0.8479429720344113,0.9327731092436975
2024-08-01,0.7617056270127678,0.7043772634894565,7,optimizer_only,7,7,0.5,0.9630467243778521,0.9427409496644326,0.9863445378151261
2024-09-01,0.7567812430377657,0.7111767654526258,7,optimizer_only,7,7,0.5,0.95694405056081,0.9139772336224634,0.9789915966386554
2024-10-01,0.744185226726392,0.7110853587226956,7,optimizer_only,7,7,0.5,0.953655484575698,0.9199258024963017,0.9816176470588235
2024-11-01,0.7334338889172256,0.7068971324662338,7,optimizer_only,7,7,0.5,0.9750579508875448,0.9491062407680797,0.9894957983193278
2024-12-01,0.7334338889172256,0.7068971324662338,7,optimizer_only,7,7,0.5,1.0,1.0,1.0
2023-01-01,0.6596256319745754,0.7049564140702038,7,optimizer_only,8,8,0.5,,,
2023-02-01,0.6596256319745754,0.7049564140702038,7,optimizer_only,8,8,0.5,1.0,1.0,1.0
2023-03-01,0.6787071927811186,0.7128042001348441,7,optimizer_only,8,8,0.5,0.9252281461595846,0.8989956745763426,0.9711134453781513
2023-04-01,0.7119719849316225,0.7221548064617808,7,optimizer_only,8,8,0.5,0.9340192784188006,0.9130723252454824,0.9753151260504201
2023-05-01,0.6922018006524007,0.7045945111691595,7,optimizer_only,8,8,0.5,0.9162899696031274,0.8913633805150653,0.9695378151260504
2023-06-01,0.652962459031247,0.6837540353877518,7,optimizer_only,8,8,0.5,0.9152177177839703,0.9015261979720588,0.9705882352941176
2023-07-01,0.5967652353321344,0.6635824701488401,8,optimizer_only,8,8,0.5,0.8781324676205589,0.877593798513593,0.9532563025210085
2023-08-01,0.5261765446281594,0.6424395510041474,9,optimizer_only,8,8,0.5,0.8757254168033561,0.8605190985804672,0.9480042016806722
2023-09-01,0.45114806829304405,0.6147238186606525,9,optimizer_only,8,8,0.5,0.797548981619013,0.8153721071113661,0.8923319327731093
2023-10-01,0.4078506247397037,0.6062738418556681,9,optimizer_only,8,8,0.5,0.6614617874257854,0.7789631035300127,0.8172268907563025
2023-11-01,0.47814159324674865,0.632517383259903,9,optimizer_only,8,8,0.5,0.6451707028367144,0.7965419866676343,0.8277310924369747
2023-12-01,0.46930333431245236,0.6379208218608607,9,optimizer_only,8,8,0.5,0.7825070070699414,0.8467951370437252,0.9007352941176471
2024-01-01,0.3871661802044677,0.6143793547860733,10,optimizer_only,8,8,0.5,0.8093570698658861,0.8394145450912472,0.904936974789916
2024-02-01,0.39731070150811787,0.6060377644005316,11,optimizer_only,8,8,0.5,0.7888874675219317,0.8155192778177546,0.8771008403361344
2024-03-01,0.44582387569636545,0.6062572108765535,10,optimizer_only,8,8,0.5,0.8126484454829564,0.8158940793293267,0.8797268907563025
2024-04-01,0.4553535194781928,0.6127080735728994,10,optimizer_only,8,8,0.5,0.7926992710939909,0.826432123677091,0.884453781512605
2024-05-01,0.4484734994202293,0.6262543502546105,9,optimizer_only,8,8,0.5,0.7498845762759615,0.8255926508915813,0.8912815126050421
2024-06-01,0.5126362724932354,0.6368761990147433,9,optimizer_only,8,8,0.5,0.7252703519908541,0.8068526878299429,0.8665966386554622
2024-07-01,0.6478493213811984,0.688976960243283,9,optimizer_only,8,8,0.5,0.7492897109687168,0.7956567396883026,0.845063025210084
2024-08-01,0.7403074366062926,0.7268948291223701,9,optimizer_only,8,8,0.5,0.8370440908490692,0.8454191598647149,0.9122899159663865
2024-09-01,0.822747906321297,0.7815239425606567,8,optimizer_only,8,8,0.5,0.8654222560296974,0.850416490916415,0.9327731092436975
2024-10-01,0.8314199093085215,0.790867786949963,8,optimizer_only,8,8,0.5,0.9628802778652389,0.934805800999136,0.9831932773109243
2024-11-01,0.8349259789423329,0.7919278649920015,8,optimizer_only,8,8,0.5,0.9565258589455916,0.9247662094879802,0.9821428571428571
2024-12-01,0.8349259789423329,0.7919278649920015,8,optimizer_only,8,8,0.5,1.0,1.0,1.0
2023-01-01,0.5966704376437859,0.7241044524952663,6,optimizer_only,9,9,0.5,,,
2023-02-01,0.5966704376437859,0.7241044524952663,6,optimizer_only,9,9,0.5,1.0,1.0,1.0
2023-03-01,0.5978332448143893,0.7083981700066757,6,optimizer_only,9,9,0.5,0.9393240872856267,0.904299442099434,0.9737394957983193
2023-04-01,0.6284449870679372,0.7189793096317346,6,optimizer_only,9,9,0.5,0.9318216708117117,0.9008862576214224,0.9737394957983193
2023-05-01,0.6524388894338308,0.72519388853762,6,optimizer_only,9,9,0.5,0.9582076814200177,0.925467278873873,0.9810924369747899
2023-06-01,0.6423296909285742,0.7337348212297512,7,optimizer_only,9,9,0.5,0.9358792118410105,0.9026357856308381,0.9705882352941176
2023-07-01,0.5850180024311527,0.7193621227438147,7,optimizer_only,9,9,0.5,0.951936389590141,0.9337161072752908,0.9789915966386554
2023-08-01,0.5125147886650844,0.6789033833678795,9,optimizer_only,9,9,0.5,0.8671410571140095,0.8746383369468067,0.9417016806722689
2023-09-01,0.4544268906880968,0.6395579085375145,9,optimizer_only,9,9,0.5,0.714125470500561,0.8280687298541687,0.8650210084033614
2023-10-01,0.43449711534364777,0.6505188504564337,9,optimizer_only,9,9,0.5,0.5822877953275134,0.7935518539889052,0.7904411764705882
2023-11-01,0.4592279078898415,0.6883869038220568,10,optimizer_only,9,9,0.5,0.6788777888425788,0.8088020233611356,0.8340336134453782
2023-12-01,0.4303521536405504,0.6887354549936633,10,optimizer_only,9,9,0.5,0.8239216320265713,0.8483292114313676,0.8876050420168067
2024-01-01,0.3998266932213272,0.6724360270918784,10,optimizer_only,9,9,0.5,0.9177764419869889,0.8835464084862645,0.9380252100840336
2024-02-01,0.47057472648860915,0.6947362606744053,10,optimizer_only,9,9,0.5,0.9508798756672299,0.9243479107346246,0.9658613445378151
2024-03-01,0.5250449769939707,0.6725981895596217,10,optimizer_only,9,9,0.5,0.9154060344763267,0.9031260242422406,0.960609243697479
2024-04-01,0.526819225588693,0.6595246349919806,11,optimizer_only,9,9,0.5,0.7775904772366394,0.8335265827915069,0.8923319327731093
2024-05-01,0.49278463112672133,0.6683739972911301,10,optimizer_only,9,9,0.5,0.6351380178921179,0.7997286618821197,0.8298319327731093
2024-06-01,0.6598182590140721,0.6939325136675547,10,optimizer_only,9,9,0.5,0.6097678162827922,0.7934968417431569,0.8077731092436975
2024-07-01,0.7858271207508678,0.7296838361857985,10,optimizer_only,9,9,0.5,0.7850651225167914,0.8532339962534565,0.9091386554621849
2024-08-01,0.7918752683423794,0.7524792953191687,10,optimizer_only,9,9,0.5,0.9277937917609317,0.9013769321873883,0.9690126050420168
2024-09-01,0.7900475169346263,0.7579163058992556,10,optimizer_only,9,9,0.5,0.9691988234065027,0.9397751377940778,0.9852941176470589
2024-10-01,0.7645252185524247,0.7452131155864707,10,optimizer_only,9,9,0.5,0.9591085891913832,0.9274918035193722,0.9821428571428571
2024-11-01,0.7376428767904203,0.7271450181344445,10,optimizer_only,9,9,0.5,0.955895623822944,0.9246904675969826,0.9805672268907563
2024-12-01,0.7376428767904203,0.7271450181344445,10,optimizer_only,9,9,0.5,1.0,1.0,1.0
2023-01-01,0.7020949589858531,0.7645034105217869,7,optimizer_only,10,10,0.5,,,
2023-02-01,0.7020949589858531,0.7645034105217869,7,optimizer_only,10,10,0.5,1.0,1.0,1.0
2023-03-01,0.7295860449586867,0.761310194318938,7,optimizer_only,10,10,0.5,0.9352289795511256,0.9065423765304117,0.9679621848739496
2023-04-01,0.8070688973789207,0.7983879398726412,7,optimizer_only,10,10,0.5,0.9226797347061615,0.8905206641363368,0.9611344537815126
2023-05-01,0.8040603434758,0.7814756263526746,7,optimizer_only,10,10,0.5,0.8918845933236051,0.8693999404984276,0.9506302521008403
2023-06-01,0.77797442719903,0.7779398287872351,8,optimizer_only,10,10,0.5,0.9023348863996559,0.8970347315885655,0.9590336134453782
2023-07-01,0.7348860704082497,0.7649772551302686,8,optimizer_only,10,10,0.5,0.9366607444675908,0.9310084130282938,0.9726890756302521
2023-08-01,0.6948332533917125,0.7665791142379423,8,optimizer_only,10,10,0.5,0.9097423931493174,0.9109847976159786,0.9632352941176471
2023-09-01,0.6593044431247046,0.7512792193740567,8,optimizer_only,10,10,0.5,0.9229279865984218,0.9118371960364579,0.967436974789916
2023-10-01,0.6386539515522506,0.7385142919485349,8,optimizer_only,10,10,0.5,0.9031386333986721,0.8879159823458171,0.9585084033613446
2023-11-01,0.580487453571648,0.7217247881045863,10,optimizer_only,10,10,0.5,0.9061238234376916,0.8856125015063085,0.957983193277311
2023-12-01,0.5184479863026008,0.6971839275297339,10,optimizer_only,10,10,0.5,0.9225693023794957,0.9172067868479722,0.9637605042016807
2024-01-01,0.43379553656781905,0.639247984300989,10,optimizer_only,10,10,0.5,0.7588762058590885,0.8309287643138963,0.8686974789915967
2024-02-01,0.39372925148495613,0.620348881086038,10,optimizer_only,10,10,0.5,0.6458644581577166,0.8092959470676672,0.8177521008403361
2024-03-01,0.4512180568773416,0.6479769950372295,10,optimizer_only,10,10,0.5,0.7457958957867777,0.8412415570924727,0.8792016806722689
2024-04-01,0.5998803667240398,0.6826575723562731,11,optimizer_only,10,10,0.5,0.8310638681299268,0.8577889142854201,0.9248949579831933
2024-05-01,0.7433407633387107,0.7152020897805356,12,optimizer_only,10,10,0.5,0.9045950886313852,0.8771039128563142,0.9427521008403361
2024-06-01,0.7863160001914345,0.7271187238685541,11,optimizer_only,10,10,0.5,0.904263816909428,0.8633937883799818,0.9311974789915967
2024-07-01,0.7936615674524478,0.7316263172993069,11,optimizer_only,10,10,0.5,0.9233881430914914,0.8750189226824041,0.9322478991596639
2024-08-01,0.7995840211730284,0.7434474376281753,11,optimizer_only,10,10,0.5,0.9118240264737624,0.8778492668993185,0.9343487394957983
2024-09-01,0.8184926957346449,0.7663130404185539,11,optimizer_only,10,10,0.5,0.9234545972624757,0.8766971297197823,0.944327731092437
2024-10-01,0.8189557072597718,0.7734916736215185,10,optimizer_only,10,10,0.5,0.9430303240058499,0.9097019599266748,0.9684873949579832
2024-11-01,0.8277258443020822,0.7887012926927648,10,optimizer_only,10,10,0.5,0.9483090473614258,0.9208422241776838,0.9753151260504201
2024-12-01,0.8277258443020822,0.7887012926927648,10,optimizer_only,10,10,0.5,1.0,1.0,1.0
2023-01-01,0.5275751303298161,0.6833833469758622,6,optimizer_only,11,11,0.5,,,
2023-02-01,0.5275751303298161,0.6833833469758622,6,optimizer_only,11,11,0.5,1.0,1.0,1.0
2023-03-01,0.554920195774736,0.6796859368352427,6,optimizer_only,11,11,0.5,0.9363590577193395,0.8877536602913355,0.9679621848739496
2023-04-01,0.623400497285014,0.717098811778867,6,optimizer_only,11,11,0.5,0.923262655103288,0.8918208909902874,0.9684873949579832
2023-05-01,0.6795785410047589,0.7396933951949493,6,optimizer_only,11,11,0.5,0.8872570069898982,0.8691345593166213,0.957983193277311
2023-06-01,0.6731142523174478,0.7381637843219873,7,optimizer_only,11,11,0.5,0.8917701924059585,0.8862794269288832,0.9621848739495799
2023-07-01,0.6067665481837609,0.7027902384927093,7,optimizer_only,11,11,0.5,0.9151367642254088,0.917577203247292,0.9721638655462185
2023-08-01,0.5595553888573642,0.6876124752263445,10,optimizer_only,11,11,0.5,0.9112075605960405,0.9063307634724983,0.9690126050420168
2023-09-01,0.5061589016441888,0.6626720429976851,10,optimizer_only,11,11,0.5,0.8519516588275614,0.8661023487330234,0.9406512605042017
2023-10-01,0.4554685519897605,0.6518417716257836,11,optimizer_only,11,11,0.5,0.7920289303438085,0.8385784741444753,0.9028361344537815
2023-11-01,0.4116389618002369,0.6376487341148431,11,optimizer_only,11,11,0.5,0.7592605856664204,0.8343914680461559,0.8560924369747899
2023-12-01,0.4172205677223604,0.6431842148073359,11,optimizer_only,11,11,0.5,0.7128343635921901,0.8164379260800345,0.8403361344537815
2024-01-01,0.3962687127649365,0.6262497868987811,11,optimizer_only,11,11,0.5,0.7672257829514887,0.8220975271562833,0.8807773109243697
2024-02-01,0.41076646778670095,0.620371269215483,10,optimizer_only,11,11,0.5,0.856982544421483,0.8500675278248955,0.9154411764705882
2024-03-01,0.4606918310348954,0.6391567584724435,10,optimizer_only,11,11,0.5,0.8062081741034038,0.8351431267021084,0.8970588235294118
2024-04-01,0.47850946277169787,0.6391136625478402,10,optimizer_only,11,11,0.5,0.7723641654820044,0.8211699134875062,0.8907563025210085
2024-05-01,0.4796223203240679,0.6468646890562014,10,optimizer_only,11,11,0.5,0.7943903302114773,0.8421051869778854,0.9033613445378151
2024-06-01,0.4989929782009814,0.6619848636604918,10,optimizer_only,11,11,0.5,0.7214093121288029,0.8263236674900799,0.881827731092437
2024-07-01,0.5749702090223694,0.6799330871024438,9,optimizer_only,11,11,0.5,0.7518222289178826,0.8449098878374275,0.9017857142857143
2024-08-01,0.6398651935085272,0.6950776802597898,9,optimizer_only,11,11,0.5,0.8555386280890429,0.8878932043274244,0.9417016806722689
2024-09-01,0.7394621980108435,0.7576624821459055,9,optimizer_only,11,11,0.5,0.8753114842559279,0.877600615972068,0.9453781512605042
2024-10-01,0.7319188350628497,0.7411989762907022,9,optimizer_only,11,11,0.5,0.9511619003126306,0.9220418647884417,0.9784663865546218
2024-11-01,0.7245005180830209,0.7446028072841909,9,optimizer_only,11,11,0.5,0.9456419484143787,0.9176419372672618,0.9774159663865546
2024-12-01,0.7245005180830209,0.7446028072841909,9,optimizer_only,11,11,0.5,1.0,1.0,1.0
2023-01-01,0.7188553885456005,0.7588027255659313,7,optimizer_only,12,12,0.5,,,
2023-02-01,0.7188553885456005,0.7588027255659313,7,optimizer_only,12,12,0.5,1.0,1.0,1.0
2023-03-01,0.7241425204696881,0.7381109516613527,7,optimizer_only,12,12,0.5,0.8999164844881352,0.8685673938267922,0.9553571428571429
2023-04-01,0.7720406471261834,0.7634174296929032,7,optimizer_only,12,12,0.5,0.925172711922783,0.8964754322675708,0.967436974789916
2023-05-01,0.781254386234569,0.7714216367431777,7,optimizer_only,12,12,0.5,0.9222591241772148,0.8974581889385534,0.967436974789916
2023-06-01,0.7430074984138832,0.7472677422527727,7,optimizer_only,12,12,0.5,0.9213192054223024,0.9090863644999717,0.9679621848739496
2023-07-01,0.6754025416527537,0.7210845587185543,7,optimizer_only,12,12,0.5,0.9098066183626978,0.9004990163884129,0.9632352941176471
2023-08-01,0.6063642809265347,0.7120595850648336,7,optimizer_only,12,12,0.5,0.8676746530414684,0.8720527439305078,0.9480042016806722
2023-09-01,0.5600622057735314,0.6909592839366407,8,optimizer_only,12,12,0.5,0.9386475188831189,0.9221911379835509,0.9737394957983193
2023-10-01,0.5354436847709403,0.6758745822578848,10,optimizer_only,12,12,0.5,0.9236387187202347,0.9112923553421588,0.9679621848739496
2023-11-01,0.492470957005369,0.6554585811932232,10,optimizer_only,12,12,0.5,0.9110183292693359,0.896109526494518,0.9595588235294118
2023-12-01,0.4292148880426876,0.6379266150191709,10,optimizer_only,12,12,0.5,0.8703894965373105,0.8767633321389625,0.9243697478991597
2024-01-01,0.40685146800398103,0.6280676122364682,10,optimizer_only,12,12,0.5,0.7761420154628464,0.8248941223897377,0.8650210084033614
2024-02-01,0.3987071094440921,0.6024118214941714,10,optimizer_only,12,12,0.5,0.7223425722063418,0.8083672913806054,0.8571428571428571
2024-03-01,0.35088055789424294,0.5773998881102245,10,optimizer_only,12,12,0.5,0.6653885125131668,0.7967072491775359,0.832983193277311
2024-04-01,0.41658925948739567,0.580168409547858,11,optimizer_only,12,12,0.5,0.7297013300919674,0.8323017811777269,0.8707983193277311
2024-05-01,0.5190475696828845,0.6222650724052132,10,optimizer_only,12,12,0.5,0.7706756219462494,0.826644183373215,0.8897058823529411
2024-06-01,0.5996179683630625,0.6709529191338915,10,optimizer_only,12,12,0.5,0.8086345719350239,0.8295026076844665,0.9117647058823529
2024-07-01,0.6852077051136635,0.7215169159166062,10,optimizer_only,12,12,0.5,0.8903576929006778,0.8888529624391032,0.9548319327731093
2024-08-01,0.7732773402403806,0.7610341479341591,9,optimizer_only,12,12,0.5,0.8813638791661577,0.8763655860159174,0.9511554621848739
2024-09-01,0.8073735038885215,0.7745703985559816,9,optimizer_only,12,12,0.5,0.9177461105914956,0.8833286613639705,0.9569327731092437
2024-10-01,0.8413047404481303,0.7898873433239934,9,optimizer_only,12,12,0.5,0.9335621636371566,0.9037407059830271,0.9684873949579832
2024-11-01,0.8781381676432192,0.8237208501579515,9,optimizer_only,12,12,0.5,0.9457634887457297,0.9176978875067328,0.9737394957983193
2024-12-01,0.8781381676432192,0.8237208501579515,9,optimizer_only,12,12,0.5,1.0,1.0,1.0
2023-01-01,0.6646347713362463,0.6956500754653012,7,optimizer_only,13,13,0.5,,,
2023-02-01,0.6646347713362463,0.6956500754653012,7,optimizer_only,13,13,0.5,1.0,1.0,1.0
2023-03-01,0.6739220902358999,0.7036340231669246,7,optimizer_only,13,13,0.5,0.8884422026210949,0.8831934109123674,0.9553571428571429
2023-04-01,0.6833390671029403,0.7163202690731462,7,optimizer_only,13,13,0.5,0.8830903856091726,0.8691828371091306,0.9511554621848739
2023-05-01,0.6704781552017127,0.7152164175148727,8,optimizer_only,13,13,0.5,0.8992173141737828,0.8829060654572687,0.9527310924369747
2023-06-01,0.6582226598763771,0.7240973493508116,9,optimizer_only,13,13,0.5,0.929939884560771,0.9103855448027106,0.9637605042016807
2023-07-01,0.6463122409499277,0.7209315061091286,9,optimizer_only,13,13,0.5,0.9212796103416427,0.8993987413085552,0.9527310924369747
2023-08-01,0.6242788828903278,0.6975005925479728,10,optimizer_only,13,13,0.5,0.890774158477871,0.8858980142023977,0.9375
2023-09-01,0.5979802081745165,0.683275755954321,10,optimizer_only,13,13,0.5,0.7875914995919499,0.8290171491595023,0.8665966386554622
2023-10-01,0.5221409802585352,0.6704009974634043,10,optimizer_only,13,13,0.5,0.6734919158330234,0.7992488963480812,0.8319327731092437
2023-11-01,0.4669861555108564,0.6570936623357346,10,optimizer_only,13,13,0.5,0.6426028472268883,0.7948811670252289,0.832983193277311
2023-12-01,0.43317140308298924,0.6466455704334904,11,optimizer_only,13,13,0.5,0.6984964493706524,0.8176630734235342,0.865546218487395
2024-01-01,0.36533605168627226,0.6283950848300226,12,optimizer_only,13,13,0.5,0.8169196279660769,0.8481089368640701,0.9185924369747899
2024-02-01,0.43345134788948747,0.6606372759474997,11,optimizer_only,13,13,0.5,0.8807349517498869,0.8661416569592715,0.9385504201680672
2024-03-01,0.5195513049624383,0.6982126824221834,11,optimizer_only,13,13,0.5,0.8861465111447007,0.8753960496977318,0.9422268907563025
2024-04-01,0.5895179985854636,0.7126241828132368,11,optimizer_only,13,13,0.5,0.8802972341405992,0.8794400300627091,0.9480042016806722
2024-05-01,0.6132374030659348,0.710277810958482,10,optimizer_only,13,13,0.5,0.8598839023007021,0.8825740525563774,0.9427521008403361
2024-06-01,0.5487584554931155,0.6890664050535942,10,optimizer_only,13,13,0.5,0.812963642072397,0.8619655685901445,0.9259453781512605
2024-07-01,0.5132127157238797,0.6854469601911177,10,optimizer_only,13,13,0.5,0.7422253383327571,0.845935939853541,0.9038865546218487
2024-08-01,0.5599238026956116,0.6940587483417743,10,optimizer_only,13,13,0.5,0.7224693901106386,0.8422194385392118,0.8923319327731093
2024-09-01,0.6752291463296513,0.7337275522282662,10,optimizer_only,13,13,0.5,0.771997389281157,0.836947684800812,0.8991596638655462
2024-10-01,0.7578086617463585,0.7563292473100584,10,optimizer_only,13,13,0.5,0.8887551957521636,0.8972828486619528,0.9480042016806722
2024-11-01,0.850623369352129,0.7992904150355038,10,optimizer_only,13,13,0.5,0.8782657331980721,0.8715835762004935,0.9411764705882353
2024-12-01,0.850623369352129,0.7992904150355038,10,optimizer_only,13,13,0.5,1.0,1.0,1.0
2023-01-01,0.4695401907034341,0.6244178382722289,6,optimizer_only,14,14,0.5,,,
2023-02-01,0.4695401907034341,0.6244178382722289,6,optimizer_only,14,14,0.5,1.0,1.0,1.0
2023-03-01,0.4612152825045,0.6169590014834004,8,optimizer_only,14,14,0.5,0.8978544366396811,0.8614963483109295,0.9537815126050421
2023-04-01,0.4386354232419726,0.6219606740377728,8,optimizer_only,14,14,0.5,0.8568115441174435,0.8510532931410293,0.9364495798319328
2023-05-01,0.3841401033175934,0.6027214604466181,8,optimizer_only,14,14,0.5,0.7851080530572653,0.8096996464293466,0.9023109243697479
2023-06-01,0.4046012329369603,0.6272277973869376,8,optimizer_only,14,14,0.5,0.8181399023501044,0.8418913195671869,0.9243697478991597
2023-07-01,0.4468465848689462,0.6337244626913227,10,optimizer_only,14,14,0.5,0.8198450762432615,0.8507338859751011,0.9233193277310925
2023-08-01,0.4616013373959548,0.6331531344446782,10,optimizer_only,14,14,0.5,0.8278519688220277,0.8571483528704696,0.9201680672268907
2023-09-01,0.5137550153291759,0.6453844140558752,10,optimizer_only,14,14,0.5,0.7515537228923421,0.8151259981981448,0.8802521008403361
2023-10-01,0.5406948456665077,0.6655916939680505,10,optimizer_only,14,14,0.5,0.7855075550169006,0.8192041112899463,0.8660714285714286
2023-11-01,0.4982983444664755,0.6524777387036736,11,optimizer_only,14,14,0.5,0.8451753265222436,0.8277851254465803,0.8802521008403361
2023-12-01,0.4346150512769469,0.6312825477283487,11,optimizer_only,14,14,0.5,0.8968126508637891,0.8680590151494876,0.9217436974789915
2024-01-01,0.3659955613721467,0.5962827770237201,11,optimizer_only,14,14,0.5,0.8086870029042628,0.8406704160338483,0.8975840336134454
2024-02-01,0.31652784818563473,0.5475165746065364,11,optimizer_only,14,14,0.5,0.7168993351234673,0.8155106209812144,0.8387605042016807
2024-03-01,0.348013561296807,0.5522054182009909,10,optimizer_only,14,14,0.5,0.7017082755035572,0.7937341743628625,0.8146008403361344
2024-04-01,0.41031457518750747,0.5749249678714157,10,optimizer_only,14,14,0.5,0.8184627379279122,0.8263858515696701,0.8912815126050421
2024-05-01,0.4609066789238785,0.6062319238996432,10,optimizer_only,14,14,0.5,0.8907803681037181,0.8761548017506543,0.9396008403361344
2024-06-01,0.46722949357281746,0.6155187576292741,9,optimizer_only,14,14,0.5,0.8987201233405495,0.8866497783156647,0.9595588235294118
2024-07-01,0.46541332691307746,0.6359832183954152,9,optimizer_only,14,14,0.5,0.9385477581209916,0.9221465567338344,0.9758403361344538
2024-08-01,0.4583130136033121,0.6398157213047242,8,optimizer_only,14,14,0.5,0.8963677918300946,0.8951035857281957,0.9632352941176471
2024-09-01,0.45096205013031226,0.652334110843094,8,optimizer_only,14,14,0.5,0.8781061642113128,0.8807276201097038,0.9537815126050421
2024-10-01,0.44294518664611027,0.6464472668728847,8,optimizer_only,14,14,0.5,0.9117813750459093,0.900100295027316,0.967436974789916
2024-11-01,0.43492366938428334,0.649196937904868,8,optimizer_only,14,14,0.5,0.8995068419886073,0.8873182882657302,0.9621848739495799
2024-12-01,0.43492366938428334,0.649196937904868,8,optimizer_only,14,14,0.5,1.0,1.0,1.0
2023-01-01,0.5970606542787446,0.7198584422341887,8,optimizer_only,15,15,0.5,,,
2023-02-01,0.5970606542787446,0.7198584422341887,8,optimizer_only,15,15,0.5,1.0,1.0,1.0
2023-03-01,0.5395967356529033,0.7079799375149478,8,optimizer_only,15,15,0.5,0.8641634697190124,0.8837247054203063,0.9511554621848739
2023-04-01,0.5075627671762492,0.7107081735391616,8,optimizer_only,15,15,0.5,0.8681176364979246,0.884078063151378,0.9516806722689075
2023-05-01,0.4553413474292057,0.682798336163426,9,optimizer_only,15,15,0.5,0.8331967226502514,0.853140376629428,0.9332983193277311
2023-06-01,0.43846444468027373,0.674219171707619,9,optimizer_only,15,15,0.5,0.8644167666242594,0.8875912422459143,0.9448529411764706
2023-07-01,0.4557015165301321,0.6856663015933698,9,optimizer_only,15,15,0.5,0.8732770222349796,0.8924151076627433,0.9485294117647058
2023-08-01,0.5051172669390278,0.6947136803185386,10,optimizer_only,15,15,0.5,0.8928925958158983,0.902286212877132,0.9590336134453782
2023-09-01,0.5565931226579065,0.6974802624686978,10,optimizer_only,15,15,0.5,0.84682994127872,0.8771830364026277,0.9401260504201681
2023-10-01,0.596043679562825,0.697085090645182,11,optimizer_only,15,15,0.5,0.8220020580766106,0.8495870639332268,0.9222689075630253
2023-11-01,0.5806575660537007,0.6780274701977101,12,optimizer_only,15,15,0.5,0.813161888876148,0.8409329366364732,0.8949579831932774
2023-12-01,0.5167364898781324,0.653409338603061,12,optimizer_only,15,15,0.5,0.6663055898591508,0.7915614900390084,0.8072478991596639
2024-01-01,0.41694988466411537,0.6196139878461315,12,optimizer_only,15,15,0.5,0.6298579912329879,0.7982790250688622,0.8093487394957983
2024-02-01,0.44243481387483585,0.6297825130007199,11,optimizer_only,15,15,0.5,0.7533413520974653,0.8391449733667026,0.8765756302521008
2024-03-01,0.5294373247889759,0.6395996086907175,11,optimizer_only,15,15,0.5,0.8928812821257056,0.8870190711661026,0.9522058823529411
2024-04-01,0.6236565836718773,0.6538804865330776,10,optimizer_only,15,15,0.5,0.8904766716734912,0.8766050656506654,0.9527310924369747
2024-05-01,0.621852622494627,0.6568666067921894,9,optimizer_only,15,15,0.5,0.926782769986987,0.8967719974825858,0.9648109243697479
2024-06-01,0.6355240056414337,0.6758654016258706,9,optimizer_only,15,15,0.5,0.9126635386453896,0.892225799528417,0.9621848739495799
2024-07-01,0.6767192660195891,0.7218240503029394,9,optimizer_only,15,15,0.5,0.9353406210458879,0.914498853401825,0.9721638655462185
2024-08-01,0.7239108385044477,0.7461357649189448,9,optimizer_only,15,15,0.5,0.9318487846788516,0.9161615583287094,0.9732142857142857
2024-09-01,0.7597915785725096,0.7541165891482109,9,optimizer_only,15,15,0.5,0.9174242682236987,0.9027100636772536,0.9658613445378151
2024-10-01,0.7761692248863667,0.7652124202039493,9,optimizer_only,15,15,0.5,0.950723019171248,0.9297192697550746,0.9789915966386554
2024-11-01,0.8086013883720368,0.804465966264042,9,optimizer_only,15,15,0.5,0.9346988384384657,0.9184704652712371,0.9747899159663865
2024-12-01,0.8086013883720368,0.804465966264042,9,optimizer_only,15,15,0.5,1.0,1.0,1.0
2023-01-01,0.5010063867632769,0.6784997688847269,6,optimizer_only,16,16,0.5,,,
2023-02-01,0.5010063867632769,0.6784997688847269,6,optimizer_only,16,16,0.5,1.0,1.0,1.0
2023-03-01,0.5247174014081478,0.6790069082996701,6,optimizer_only,16,16,0.5,0.9587101251578474,0.9240345369763198,0.9816176470588235
2023-04-01,0.5651455959948103,0.6896370584973274,6,optimizer_only,16,16,0.5,0.9459261853463137,0.9114773887341602,0.9779411764705882
2023-05-01,0.5969969480686572,0.6965275795672484,6,optimizer_only,16,16,0.5,0.9237187444011443,0.8781310132617192,0.9669117647058824
2023-06-01,0.6079062768286282,0.7064413186399456,7,optimizer_only,16,16,0.5,0.9000590934923146,0.8876166149858856,0.9637605042016807
2023-07-01,0.5867295425421,0.6935584052990518,8,optimizer_only,16,16,0.5,0.8912239977970077,0.8885056299269363,0.9611344537815126
2023-08-01,0.5220848374867398,0.6692163625687138,8,optimizer_only,16,16,0.5,0.9481841495989299,0.923260221898802,0.976890756302521
2023-09-01,0.4895927714128901,0.6680369216096351,11,optimizer_only,16,16,0.5,0.9151107858854779,0.8865656260053426,0.9537815126050421
2023-10-01,0.5005218548697219,0.6980821549713586,11,optimizer_only,16,16,0.5,0.8766279439209212,0.8595646968299023,0.9317226890756303
2023-11-01,0.48860235727080764,0.694166213503848,11,optimizer_only,16,16,0.5,0.8263473057993422,0.8403445760127561,0.9080882352941176
2023-12-01,0.4513074968354695,0.672653392931027,11,optimizer_only,16,16,0.5,0.724934289451333,0.8191742157931574,0.8639705882352942
2024-01-01,0.4509845783415526,0.6517820448352699,11,optimizer_only,16,16,0.5,0.613202977575803,0.8088893072483491,0.8161764705882353
2024-02-01,0.39484583928326156,0.6390132720160654,11,optimizer_only,16,16,0.5,0.6989875663085252,0.8352811602949692,0.8492647058823529
2024-03-01,0.4357327400722294,0.625134662243669,11,optimizer_only,16,16,0.5,0.8316765607548295,0.8501700687485997,0.8928571428571429
2024-04-01,0.4956985751560101,0.627005924024215,11,optimizer_only,16,16,0.5,0.8883314440334599,0.8712982829540525,0.9269957983193278
2024-05-01,0.5058780156028293,0.6386258581231965,10,optimizer_only,16,16,0.5,0.9091841832061723,0.8864047658418087,0.9506302521008403
2024-06-01,0.5021116936170992,0.6618695601501873,9,optimizer_only,16,16,0.5,0.9023450920859478,0.8801387386489108,0.9527310924369747
2024-07-01,0.5061173476531069,0.6760366973297082,9,optimizer_only,16,16,0.5,0.8786988305181574,0.8732303523207314,0.9327731092436975
2024-08-01,0.5555431173528785,0.700268149703514,9,optimizer_only,16,16,0.5,0.8997633974084889,0.8884453502093788,0.9569327731092437
2024-09-01,0.5995470494569303,0.7149430466989243,9,optimizer_only,16,16,0.5,0.8994580568253431,0.885651953461451,0.9595588235294118
2024-10-01,0.6396712580030385,0.7307701526992142,9,optimizer_only,16,16,0.5,0.9126518196195585,0.8908064898661378,0.9621848739495799
2024-11-01,0.6912012792773828,0.7621538978854188,9,optimizer_only,16,16,0.5,0.902392928388732,0.8906647779311125,0.9611344537815126
2024-12-01,0.6912012792773828,0.7621538978854188,9,optimizer_only,16,16,0.5,1.0,1.0,1.0
2023-01-01,0.5725325377245258,0.6741117347935278,6,optimizer_only,17,17,0.5,,,
2023-02-01,0.5725325377245258,0.6741117347935278,6,optimizer_only,17,17,0.5,1.0,1.0,1.0
2023-03-01,0.5891676054282338,0.6888066696450851,6,optimizer_only,17,17,0.5,0.871171745967077,0.8662348495282814,0.9532563025210085
2023-04-01,0.5990375994744573,0.7076398554676185,6,optimizer_only,17,17,0.5,0.9074813228355019,0.9015581856071007,0.967436974789916
2023-05-01,0.6020774302436032,0.7082883691751517,7,optimizer_only,17,17,0.5,0.9112611704369349,0.8991459018467164,0.9679621848739496
2023-06-01,0.6229563753402306,0.7161972202132569,8,optimizer_only,17,17,0.5,0.9142099033714244,0.9062187426301839,0.9663865546218487
2023-07-01,0.6227148377551555,0.7070621177544715,9,optimizer_only,17,17,0.5,0.8704339892420946,0.864294877279521,0.9322478991596639
2023-08-01,0.5843718971000452,0.693138470788614,11,optimizer_only,17,17,0.5,0.8254487069563701,0.8578386147709487,0.9180672268907563
2023-09-01,0.5670137762181141,0.6947397167720687,11,optimizer_only,17,17,0.5,0.8460589914325205,0.8764944950223204,0.9364495798319328
2023-10-01,0.5481956452909895,0.7012465739658421,11,optimizer_only,17,17,0.5,0.7703105357546011,0.8316774375435497,0.9065126050420168
2023-11-01,0.4583646895589985,0.6730376708109667,11,optimizer_only,17,17,0.5,0.6864550094586611,0.8033669425020774,0.8571428571428571
2023-12-01,0.44123216796420917,0.6581248907875595,11,optimizer_only,17,17,0.5,0.7446284859127295,0.8213691733287567,0.8361344537815126
2024-01-01,0.4564773831191037,0.6588383620633237,11,optimizer_only,17,17,0.5,0.8395236938252626,0.8486393817930274,0.895483193277311
2024-02-01,0.42164955758025896,0.6382406424385921,11,optimizer_only,17,17,0.5,0.8883323891450046,0.8777877391552695,0.9332983193277311
2024-03-01,0.4134628303217503,0.6410163599196329,10,optimizer_only,17,17,0.5,0.8468406850041587,0.8645950196069045,0.9180672268907563
2024-04-01,0.38872188684287884,0.6374861788877322,10,optimizer_only,17,17,0.5,0.7920441791765698,0.8439723601327691,0.9059873949579832
2024-05-01,0.3831662108596054,0.6243035583184408,9,optimizer_only,17,17,0.5,0.779659705932011,0.8390028892236316,0.9070378151260504
2024-06-01,0.37592738720935454,0.6355997850501013,9,optimizer_only,17,17,0.5,0.7986655592260666,0.8511265972590153,0.9217436974789915
2024-07-01,0.37758307974505434,0.6512674234563325,9,optimizer_only,17,17,0.5,0.7915916897336911,0.8483966280463316,0.9164915966386554
2024-08-01,0.40290000585938235,0.6693884290116111,9,optimizer_only,17,17,0.5,0.8442233478998151,0.8817847404199114,0.9317226890756303
2024-09-01,0.45289361069401174,0.6999781443312154,9,optimizer_only,17,17,0.5,0.8360216671917206,0.8660961083120059,0.9275210084033614
2024-10-01,0.47424880944785625,0.7033138281899017,9,optimizer_only,17,17,0.5,0.8718151271670468,0.873757173327652,0.9432773109243697
2024-11-01,0.471495509530387,0.7008372938144475,9,optimizer_only,17,17,0.5,0.8665495842515064,0.8759379085057971,0.9511554621848739
2024-12-01,0.471495509530387,0.7008372938144475,9,optimizer_only,17,17,0.5,1.0,1.0,1.0
2023-01-01,0.5774815796588069,0.7022859478071805,7,optimizer_only,18,18,0.5,,,
2023-02-01,0.5774815796588069,0.7022859478071805,7,optimizer_only,18,18,0.5,1.0,1.0,1.0
2023-03-01,0.5814743672101138,0.708407812400336,7,optimizer_only,18,18,0.5,0.8771161327075869,0.8677068000280416,0.9506302521008403
2023-04-01,0.5937516217410809,0.7304367871610228,9,optimizer_only,18,18,0.5,0.9033107756297802,0.8866377106568945,0.9590336134453782
2023-05-01,0.6156090208350505,0.7240373658108449,9,optimizer_only,18,18,0.5,0.8580884196297515,0.8557997568408403,0.9406512605042017
2023-06-01,0.6372390978957692,0.7049266879389398,9,optimizer_only,18,18,0.5,0.8309968124025631,0.8475530326805326,0.9227941176470589
2023-07-01,0.6523087149872191,0.7013030352095863,9,optimizer_only,18,18,0.5,0.7737314563051576,0.8117521072282722,0.8828781512605042
2023-08-01,0.5855421290498143,0.6814157993097588,10,optimizer_only,18,18,0.5,0.8894877839592639,0.8777969418773005,0.9385504201680672
2023-09-01,0.4749078542073965,0.6508353173419476,10,optimizer_only,18,18,0.5,0.7231183881988789,0.8190563351283285,0.8634453781512605
2023-10-01,0.4667224572645126,0.6583494550954421,10,optimizer_only,18,18,0.5,0.6251845451809757,0.8071635095599163,0.8209033613445378
2023-11-01,0.5234281553183724,0.7021123147463679,10,optimizer_only,18,18,0.5,0.711624986824913,0.8292097738084613,0.8671218487394958
2023-12-01,0.5358323611345768,0.738620735038141,10,optimizer_only,18,18,0.5,0.8415437169676725,0.8742063339125068,0.9259453781512605
2024-01-01,0.487809908409265,0.7141466326912341,10,optimizer_only,18,18,0.5,0.9093946437605642,0.9068222200654865,0.9600840336134454
2024-02-01,0.47571726388612917,0.6874241431370791,9,optimizer_only,18,18,0.5,0.9401196846976616,0.9195378588237348,0.9732142857142857
2024-03-01,0.5044766757084599,0.6772305357682523,9,optimizer_only,18,18,0.5,0.9032112674317786,0.9014356508739015,0.9532563025210085
2024-04-01,0.5230607558256084,0.6931687551288319,9,optimizer_only,18,18,0.5,0.8134985219369328,0.8469274431376378,0.9133403361344538
2024-05-01,0.5164156509760909,0.7057981124560265,9,optimizer_only,18,18,0.5,0.6880893174910758,0.8144484902692237,0.8634453781512605
2024-06-01,0.5703739405312546,0.7215369163962918,9,optimizer_only,18,18,0.5,0.6145720201028814,0.7980533172667951,0.832983193277311
2024-07-01,0.7398544397292456,0.7717059529670227,9,optimizer_only,18,18,0.5,0.7111675981192392,0.809711817664409,0.8571428571428571
2024-08-01,0.821856838445327,0.8209393396303505,9,optimizer_only,18,18,0.5,0.8905489469988287,0.8877561186677864,0.944327731092437
2024-09-01,0.8403039487797228,0.8374723034892538,9,optimizer_only,18,18,0.5,0.9465714174383636,0.9160149883563784,0.9732142857142857
2024-10-01,0.8503244429293526,0.8394338602092155,9,optimizer_only,18,18,0.5,0.9374004100035894,0.919836729604469,0.9753151260504201
2024-11-01,0.8670271837064175,0.8514550618106925,9,optimizer_only,18,18,0.5,0.9216584522837825,0.8958011310746479,0.9663865546218487
2024-12-01,0.8670271837064175,0.8514550618106925,9,optimizer_only,18,18,0.5,1.0,1.0,1.0
2023-01-01,0.6158527082432154,0.6909176005218086,6,optimizer_only,19,19,0.5,,,
2023-02-01,0.6158527082432154,0.6909176005218086,6,optimizer_only,19,19,0.5,1.0,1.0,1.0
2023-03-01,0.6089504655704694,0.6794503051899998,6,optimizer_only,19,19,0.5,0.9292470175862151,0.8877629235014155,0.9679621848739496
2023-04-01,0.635635506720067,0.6870233805109743,8,optimizer_only,19,19,0.5,0.9453523170684736,0.9175393662398269,0.9784663865546218
2023-05-01,0.6461416077866372,0.7002734200061964,8,optimizer_only,19,19,0.5,0.9357501103957212,0.8964284674369668,0.9711134453781513
2023-06-01,0.6172490078766574,0.682600483860355,8,optimizer_only,19,19,0.5,0.9481315061849221,0.923234660221099,0.9747899159663865
2023-07-01,0.4731965312626095,0.6349688900402922,8,optimizer_only,19,19,0.5,0.7778618570379915,0.8521324131052872,0.8886554621848739
2023-08-01,0.41419419546203673,0.6166396830985755,8,optimizer_only,19,19,0.5,0.6399801713339743,0.798785203845811,0.8261554621848739
2023-09-01,0.47848385765979784,0.633452907611359,8,optimizer_only,19,19,0.5,0.6699209103720938,0.8091709601608723,0.8398109243697479
2023-10-01,0.5122694517814701,0.6661808996801897,9,optimizer_only,19,19,0.5,0.8312779510784973,0.8521153774925558,0.9138655462184874
2023-11-01,0.5172960637387377,0.6829626289752639,9,optimizer_only,19,19,0.5,0.9162433595104529,0.873764084261949,0.9406512605042017
2023-12-01,0.47519248933521996,0.6533712840488619,10,optimizer_only,19,19,0.5,0.9307331478029685,0.8917091691761336,0.9432773109243697
2024-01-01,0.4070473382944268,0.6135324994271544,10,optimizer_only,19,19,0.5,0.8917343762294931,0.8751186760017923,0.9375
2024-02-01,0.3884025687123125,0.5959176384552439,10,optimizer_only,19,19,0.5,0.8000233655193636,0.8416381449974716,0.9054621848739496
2024-03-01,0.38647551189344215,0.5715775585003192,9,optimizer_only,19,19,0.5,0.7628818104035198,0.8137456586354129,0.8792016806722689
2024-04-01,0.37241325305551776,0.5581223992680826,9,optimizer_only,19,19,0.5,0.7973959741828233,0.83081260364763,0.895483193277311
2024-05-01,0.31962631242271344,0.5556307597558964,9,optimizer_only,19,19,0.5,0.7873654416618027,0.8261173833554016,0.8907563025210085
2024-06-01,0.33616865293575826,0.5721109257763357,8,optimizer_only,19,19,0.5,0.7457146903165411,0.8326730799033387,0.865546218487395
2024-07-01,0.435331688071673,0.5975605891050363,8,optimizer_only,19,19,0.5,0.7867021142558543,0.8435672008927539,0.8928571428571429
2024-08-01,0.5351568457840579,0.6341087286901683,8,optimizer_only,19,19,0.5,0.8412416962307582,0.8670884655885845,0.9301470588235294
2024-09-01,0.6531080419509843,0.6830421744136793,8,optimizer_only,19,19,0.5,0.8337892040977718,0.8417412304205789,0.9233193277310925
2024-10-01,0.7050054673416389,0.7042305334160688,8,optimizer_only,19,19,0.5,0.9103762995992479,0.8815895292963735,0.9564075630252101
2024-11-01,0.7444710262679853,0.7351050874020953,7,optimizer_only,19,19,0.5,0.9309522981835864,0.8995095052442884,0.9684873949579832
2024-12-01,0.7444710262679853,0.7351050874020953,7,optimizer_only,19,19,0.5,1.0,1.0,1.0
2023-01-01,0.7405955504664945,0.7213620567061658,8,graph_only,0,0,0.5,,,
2023-02-01,0.7405955504664945,0.7213620567061658,8,graph_only,0,0,0.5,1.0,1.0,1.0
2023-03-01,0.7330369894402506,0.720133391845688,9,graph_only,0,0,0.5,0.8910460051085102,0.8864246480829167,0.9564075630252101
2023-04-01,0.6964002383143345,0.7175367700195938,9,graph_only,0,0,0.5,0.8836773064763614,0.8773039201704161,0.9506302521008403
2023-05-01,0.6386716698149021,0.6977571030752585,9,graph_only,0,0,0.5,0.8914312387876564,0.8845294059322144,0.9543067226890757
2023-06-01,0.6050304366355284,0.6863457475066955,9,graph_only,0,0,0.5,0.9007974004065314,0.9024562862302068,0.9621848739495799
2023-07-01,0.5794516393912612,0.6832629672492582,10,graph_only,0,0,0.5,0.9474338521174505,0.9365658830983964,0.976890756302521
2023-08-01,0.5626710695355179,0.6755675491947376,11,graph_only,0,0,0.5,0.8995162082460202,0.8874036207582716,0.9448529411764706
2023-09-01,0.5575202005514438,0.6677589677336839,12,graph_only,0,0,0.5,0.8936437975148753,0.8750135954867936,0.9269957983193278
2023-10-01,0.5888160537857239,0.6782284456222812,12,graph_only,0,0,0.5,0.8587880549733934,0.8669937258932578,0.9217436974789915
2023-11-01,0.5631345574508407,0.6697653233399639,12,graph_only,0,0,0.5,0.8289611926389902,0.8572835046973651,0.9149159663865546
2023-12-01,0.5535055040524909,0.6595093850528856,12,graph_only,0,0,0.5,0.7624204745023314,0.832109299718203,0.8834033613445378
2024-01-01,0.5488584302864908,0.6425488357596617,12,graph_only,0,0,0.5,0.7211816269005343,0.8171070738170031,0.832983193277311
2024-02-01,0.550266970858072,0.6647215880049901,11,graph_only,0,0,0.5,0.7376026904929344,0.8062785314346007,0.8130252100840336
2024-03-01,0.5059051930126426,0.6725167109694503,10,graph_only,0,0,0.5,0.7952837405351858,0.8256536002543349,0.8760504201680672
2024-04-01,0.39159545928427164,0.6385060461032892,10,graph_only,0,0,0.5,0.7513635114930206,0.8133821197940722,0.8897058823529411
2024-05-01,0.374108469308736,0.6292087260324251,10,graph_only,0,0,0.5,0.7831073317661237,0.8303148971044111,0.907563025210084
2024-06-01,0.3967045457756566,0.652372741563297,9,graph_only,0,0,0.5,0.8404616927344915,0.8553033576693521,0.9301470588235294
2024-07-01,0.4405822338022162,0.680761909567847,9,graph_only,0,0,0.5,0.891602482207178,0.8874006663196786,0.9532563025210085
2024-08-01,0.5070991875956193,0.7174719161990223,9,graph_only,0,0,0.5,0.8843987187380058,0.8861995201741507,0.9485294117647058
2024-09-01,0.5779836624737762,0.7648220507533698,9,graph_only,0,0,0.5,0.8838129322010083,0.8807447153164235,0.9501050420168067
2024-10-01,0.6367368161382797,0.7778060992195556,9,graph_only,0,0,0.5,0.8914907960752559,0.9035831717050922,0.9627100840336135
2024-11-01,0.7047769940063069,0.7921104565231675,9,graph_only,0,0,0.5,0.884694289146491,0.9014004218898549,0.9595588235294118
2024-12-01,0.7047769940063069,0.7921104565231675,9,graph_only,0,0,0.5,1.0,1.0,1.0
2023-01-01,0.6590955068708705,0.7095578361241212,5,graph_only,1,0,0.5,,,
2023-02-01,0.6590955068708705,0.7095578361241212,5,graph_only,1,0,0.5,1.0,1.0,1.0
2023-03-01,0.6675301448882668,0.7087781580124771,5,graph_only,1,0,0.5,0.9052438123705968,0.8984841984731426,0.9679621848739496
2023-04-01,0.7027600939531452,0.7374158398839568,5,graph_only,1,0,0.5,0.9272128965438476,0.911914916118823,0.9737394957983193
2023-05-01,0.7224690405245242,0.7219548876279634,5,graph_only,1,0,0.5,0.8738150826980295,0.8773823732759376,0.9558823529411765
2023-06-01,0.7097130712219366,0.7044189265684184,6,graph_only,1,0,0.5,0.8805527742655035,0.8901137477132434,0.9585084033613446
2023-07-01,0.6153038695363388,0.6658628563845918,6,graph_only,1,0,0.5,0.8549997678133343,0.8700331192320933,0.9448529411764706
2023-08-01,0.5246408029832884,0.6437321055612574,6,graph_only,1,0,0.5,0.9075319625857995,0.8849160074207024,0.9600840336134454
2023-09-01,0.4862052426805828,0.6312853854552719,6,graph_only,1,0,0.5,0.936301729050805,0.9128845308900679,0.9732142857142857
2023-10-01,0.4816691771146927,0.6364745810671283,6,graph_only,1,0,0.5,0.930352668695704,0.8917330981472866,0.9679621848739496
2023-11-01,0.5184971435131999,0.669957033160186,9,graph_only,1,0,0.5,0.9168319047918183,0.8922350850984473,0.9653361344537815
2023-12-01,0.4951790284958276,0.6548935463488113,10,graph_only,1,0,0.5,0.97364936136518,0.9703924910948347,0.9842436974789915
2024-01-01,0.005173467101795789,0.06759613785997987,11,graph_only,1,0,0.5,0.02233870771318994,0.11788750602682489,0.05042016806722689
2024-02-01,0.358443480821883,0.5834547678002526,12,graph_only,1,0,0.5,0.07073559842400935,0.17242641087693672,0.5945378151260504
2024-03-01,0.46135403986868356,0.6249677313545143,11,graph_only,1,0,0.5,0.9841277156009964,0.9615338164489956,0.9847689075630253
2024-04-01,0.4356404298336427,0.6047793632677055,10,graph_only,1,0,0.5,0.5168489291601842,0.7128465536218461,0.6922268907563025
2024-05-01,0.646289717394162,0.6740909455202886,10,graph_only,1,0,0.5,0.6214891730266983,0.7729026607553576,0.7962184873949579
2024-06-01,0.7282036236297271,0.7070506535799983,10,graph_only,1,0,0.5,0.907151269086163,0.8987801110210405,0.9600840336134454
2024-07-01,0.7818635106066948,0.7323224991508166,10,graph_only,1,0,0.5,0.9207783850523366,0.8990023986334895,0.9621848739495799
2024-08-01,0.8228473307146748,0.7577752123500003,10,graph_only,1,0,0.5,0.9241977217162942,0.8992672460718633,0.967436974789916
2024-09-01,0.8446622238595048,0.7840274859802365,10,graph_only,1,0,0.5,0.969663887763753,0.9522256352291327,0.9884453781512605
2024-10-01,0.8410888174465915,0.7913287124789198,10,graph_only,1,0,0.5,0.9660487553352453,0.9398118672027757,0.9868697478991597
2024-11-01,0.8427040786645768,0.8001859904402866,10,graph_only,1,0,0.5,0.9677150477071021,0.9467353162518476,0.9884453781512605
2024-12-01,0.8427040786645768,0.8001859904402866,10,graph_only,1,0,0.5,1.0,1.0,1.0
2023-01-01,0.6567062130784008,0.7013587340508964,6,graph_only,2,0,0.5,,,
2023-02-01,0.6567062130784008,0.7013587340508964,6,graph_only,2,0,0.5,1.0,1.0,1.0
2023-03-01,0.6350346158605765,0.6623782825044268,6,graph_only,2,0,0.5,0.9071457784552958,0.8692417983885714,0.9564075630252101
2023-04-01,0.6031602784984107,0.653249015004985,7,graph_only,2,0,0.5,0.8961808169611448,0.8783095348404218,0.9590336134453782
2023-05-01,0.5494934776658135,0.6278776823910933,8,graph_only,2,0,0.5,0.899499258572774,0.8905238464547489,0.9611344537815126
2023-06-01,0.5167878870452784,0.6189071493728246,9,graph_only,2,0,0.5,0.9023080902077262,0.8883293309413454,0.9595588235294118
2023-07-01,0.4934985234756079,0.6087429362618476,9,graph_only,2,0,0.5,0.9101434269166736,0.8942329441347884,0.9585084033613446
2023-08-01,0.4921604880903346,0.6171191790242931,11,graph_only,2,0,0.5,0.8527189588986366,0.8563846273017183,0.9311974789915967
2023-09-01,0.5168139931767215,0.6368932304742713,13,graph_only,2,0,0.5,0.8145388975790779,0.8409592262668002,0.9017857142857143
2023-10-01,0.5503267204752891,0.6522660467276833,13,graph_only,2,0,0.5,0.7863749412739249,0.8181797108841458,0.8713235294117647
2023-11-01,0.5427610089051762,0.6603344092049998,13,graph_only,2,0,0.5,0.783346178883652,0.8343034826800889,0.8702731092436975
2023-12-01,0.5432169296301973,0.6780553347746917,13,graph_only,2,0,0.5,0.7568284277992047,0.818945281133438,0.8629201680672269
2024-01-01,0.5093215910615444,0.668843721663396,13,graph_only,2,0,0.5,0.7867921749097295,0.8504400061207807,0.8986344537815126
2024-02-01,0.46071792158600233,0.6505248447477412,13,graph_only,2,0,0.5,0.7663910400084262,0.8296885982504199,0.8918067226890757
2024-03-01,0.4695533861128954,0.6513098155883387,12,graph_only,2,0,0.5,0.8773160432707681,0.8894281092998605,0.9459033613445378
2024-04-01,0.5439763514156203,0.6668236347514702,11,graph_only,2,0,0.5,0.8414709684106211,0.867654538554096,0.9369747899159664
2024-05-01,0.6069772525012735,0.6762281626865794,11,graph_only,2,0,0.5,0.8781097466370369,0.8952459190072796,0.9474789915966386
2024-06-01,0.6381185168741628,0.6683724998532936,11,graph_only,2,0,0.5,0.8746259596877125,0.8832345569962476,0.9438025210084033
2024-07-01,0.6716285975126585,0.6815895819798914,11,graph_only,2,0,0.5,0.9287285797084199,0.9150026171086173,0.9658613445378151
2024-08-01,0.6875906556427637,0.7041433986236345,10,graph_only,2,0,0.5,0.9402609997252515,0.9216095311644071,0.9732142857142857
2024-09-01,0.682015935209091,0.7102700433151651,10,graph_only,2,0,0.5,0.9513109687281588,0.9261027219564391,0.9758403361344538
2024-10-01,0.689492344472959,0.7178513994438958,10,graph_only,2,0,0.5,0.9053211641870563,0.8859917877779648,0.9548319327731093
2024-11-01,0.6971958402861109,0.7263912097588476,10,graph_only,2,0,0.5,0.898653947720699,0.8780820364641134,0.9537815126050421
2024-12-01,0.6971958402861109,0.7263912097588476,10,graph_only,2,0,0.5,1.0,1.0,1.0
2023-01-01,0.7423639163027704,0.7614475199427576,7,graph_only,3,0,0.5,,,
2023-02-01,0.7423639163027704,0.7614475199427576,7,graph_only,3,0,0.5,1.0,1.0,1.0
2023-03-01,0.7353144195285554,0.743747175903668,7,graph_only,3,0,0.5,0.9185510921612695,0.8950199351775059,0.9658613445378151
2023-04-01,0.7571442479040262,0.7650195791085495,7,graph_only,3,0,0.5,0.9028721941136658,0.8840744289563737,0.9611344537815126
2023-05-01,0.6773787718713377,0.7358421810365614,7,graph_only,3,0,0.5,0.8727361406539277,0.8752213675814688,0.9516806722689075
2023-06-01,0.6358690264360743,0.7263947132294973,8,graph_only,3,0,0.5,0.8808046719053972,0.889512401742298,0.9558823529411765
2023-07-01,0.6993184281863455,0.7682252666122724,8,graph_only,3,0,0.5,0.9291598438676454,0.9194178388282268,0.9742647058823529
2023-08-01,0.7461505996488232,0.7818862138692019,9,graph_only,3,0,0.5,0.9416307563741487,0.9307788401551716,0.9774159663865546
2023-09-01,0.735428504030605,0.7824431170267615,9,graph_only,3,0,0.5,0.9302161377950939,0.9159637244527098,0.9653361344537815
2023-10-01,0.7092082467815118,0.7800559333063566,9,graph_only,3,0,0.5,0.8635447764284133,0.8659778201353079,0.9317226890756303
2023-11-01,0.5776667539235308,0.7209189517440726,9,graph_only,3,0,0.5,0.7912254218750712,0.849637282214062,0.898109243697479
2023-12-01,0.43308284114441004,0.6656183752928583,9,graph_only,3,0,0.5,0.6397517950117545,0.7953439360047323,0.8466386554621849
2024-01-01,0.3744799423854278,0.6386361254261853,10,graph_only,3,0,0.5,0.7004057202749503,0.8171377058476994,0.8797268907563025
2024-02-01,0.42636604973445585,0.6470991377059545,12,graph_only,3,0,0.5,0.8314756571245584,0.8508524881581505,0.9238445378151261
2024-03-01,0.5170611539419914,0.6572929865605623,13,graph_only,3,0,0.5,0.8913480513313368,0.8843590927786055,0.9506302521008403
2024-04-01,0.6402007771694581,0.7074992177670852,12,graph_only,3,0,0.5,0.8784419697586343,0.8541944590071049,0.9327731092436975
2024-05-01,0.7407562938390054,0.7238712113472563,12,graph_only,3,0,0.5,0.9947219852220464,0.9911211424326806,0.9973739495798319
2024-06-01,0.00950609614644748,0.04696745325323077,13,graph_only,3,0,0.5,0.01670791681279771,0.06869778489748715,0.051470588235294115
2024-07-01,0.006597519948542336,0.05054447569928405,13,graph_only,3,0,0.5,0.9079646103201161,0.8453850328431165,0.9942226890756303
2024-08-01,0.6800122268619205,0.6618848557279885,13,graph_only,3,0,0.5,0.01379102007684937,0.10515754567515243,0.019432773109243698
2024-09-01,0.6932745802264083,0.6797734969851441,12,graph_only,3,0,0.5,0.997815727546574,0.9959080357693709,0.9989495798319328
2024-10-01,0.6964866054715011,0.6773922568274753,11,graph_only,3,0,0.5,0.9529468758328631,0.9289562736065848,0.9847689075630253
2024-11-01,0.7110834800485563,0.6941046140439943,10,graph_only,3,0,0.5,0.9713437085729599,0.9569799534507334,0.9915966386554622
2024-12-01,0.7110834800485563,0.6941046140439943,10,graph_only,3,0,0.5,1.0,1.0,1.0
2023-01-01,0.2809532096413269,0.4852752090691128,6,graph_only,4,0,0.5,,,
2023-02-01,0.2809532096413269,0.4852752090691128,6,graph_only,4,0,0.5,1.0,1.0,1.0
2023-03-01,0.2826760583855992,0.49447639679787797,9,graph_only,4,0,0.5,0.9488729615101151,0.8998433185838571,0.9847689075630253
2023-04-01,0.28876313273170895,0.48715252770752937,9,graph_only,4,0,0.5,0.9724882095293129,0.9531331771294967,0.990546218487395
2023-05-01,0.0071189592049866815,0.058198260217517735,10,graph_only,4,0,0.5,0.12007517518010685,0.23429465244686812,0.7699579831932774
2023-06-01,0.5522606457779533,0.6506096082087143,9,graph_only,4,0,0.5,0.00909001782686368,0.09740450401813303,0.04411764705882353
2023-07-01,0.5444788711725379,0.6697008385169413,9,graph_only,4,0,0.5,0.9858183852809537,0.978382540402886,0.990546218487395
2023-08-01,0.5363402617614489,0.6509732878796537,8,graph_only,4,0,0.5,0.8319852986836329,0.8570442565569827,0.9243697478991597
2023-09-01,0.5598728823337618,0.6618272682224335,8,graph_only,4,0,0.5,0.8617218623850862,0.8771944551414986,0.9396008403361344
2023-10-01,0.5129463649030939,0.6357236984946693,8,graph_only,4,0,0.5,0.8185673466801665,0.8656174193538955,0.9212184873949579
2023-11-01,0.4465591080339473,0.615430460681057,8,graph_only,4,0,0.5,0.692583693156607,0.8172985973287444,0.8387605042016807
2023-12-01,0.487823854512072,0.6396154019211363,8,graph_only,4,0,0.5,0.7643532478813981,0.8305888194507466,0.8755252100840336
2024-01-01,0.45693358133031814,0.6472146636121301,8,graph_only,4,0,0.5,0.8760219201167265,0.8786616419917181,0.9464285714285714
2024-02-01,0.4404042671294918,0.6463855666228874,7,graph_only,4,0,0.5,0.8878781482104049,0.8845005995732906,0.9564075630252101
2024-03-01,0.5042063130389405,0.6637325837471444,8,graph_only,4,0,0.5,0.8774145424909305,0.8847154309951947,0.9548319327731093
2024-04-01,0.6578363350416673,0.7025841914504931,9,graph_only,4,0,0.5,0.9261418364816372,0.9127659721536335,0.9711134453781513
2024-05-01,0.8067025702488761,0.735099012633142,9,graph_only,4,0,0.5,0.9226604489894641,0.8901079096886729,0.9648109243697479
2024-06-01,0.8571044601396135,0.7411721890672618,10,graph_only,4,0,0.5,0.9116720877083466,0.8746964929536443,0.9569327731092437
2024-07-01,0.8278703194807422,0.7258104591708786,10,graph_only,4,0,0.5,0.9669123500131416,0.9586662298140514,0.9810924369747899
2024-08-01,0.017414253224964427,0.07516114836947575,10,graph_only,4,0,0.5,0.02111536381130487,0.10201325700615023,0.05042016806722689
2024-09-01,0.5066910365999374,0.541126784166796,9,graph_only,4,0,0.5,0.09139996250020674,0.23873975401474692,0.6932773109243697
2024-10-01,0.5037467178771698,0.5455323095587541,8,graph_only,4,0,0.5,0.988545652302285,0.9711097027134212,0.9952731092436975
2024-11-01,0.5047453821313043,0.560006292627429,8,graph_only,4,0,0.5,0.9872274738044803,0.967798353233158,0.9963235294117647
2024-12-01,0.5047453821313043,0.560006292627429,8,graph_only,4,0,0.5,1.0,1.0,1.0
2023-01-01,0.7807495302464589,0.7882068830363428,5,graph_only,5,0,0.5,,,
2023-02-01,0.7807495302464589,0.7882068830363428,5,graph_only,5,0,0.5,1.0,1.0,1.0
2023-03-01,0.7332306544337444,0.729942292852734,5,graph_only,5,0,0.5,0.8727631216910501,0.8448622762888315,0.946953781512605
2023-04-01,0.7477255441691754,0.7276544518683202,5,graph_only,5,0,0.5,0.8942343498130276,0.8769239856234425,0.9590336134453782
2023-05-01,0.7370959657923868,0.7323531131405846,5,graph_only,5,0,0.5,0.8869800983506586,0.8761017398029417,0.9537815126050421
2023-06-01,0.7112415441914002,0.7244501347412469,5,graph_only,5,0,0.5,0.9093242994473144,0.9016999073672914,0.9653361344537815
2023-07-01,0.7275181352597229,0.7466246422312959,5,graph_only,5,0,0.5,0.9275339433491914,0.9165239354799353,0.9726890756302521
2023-08-01,0.691108380780336,0.7319740742781458,6,graph_only,5,0,0.5,0.952177300265487,0.9342583278917296,0.9816176470588235
2023-09-01,0.617224664350743,0.6957786313990669,7,graph_only,5,0,0.5,0.9430809070167188,0.9296707032235634,0.9784663865546218
2023-10-01,0.5492450813046731,0.6576675805796,7,graph_only,5,0,0.5,0.7751428074047658,0.810920563750561,0.9080882352941176
2023-11-01,0.5029545638276317,0.6529339621748705,7,graph_only,5,0,0.5,0.6960269263889426,0.7786096539517392,0.8834033613445378
2023-12-01,0.4620793599010386,0.6395340069045121,10,graph_only,5,0,0.5,0.9838900576932706,0.9742672020838301,0.9900210084033614
2024-01-01,0.007178131698602091,0.08285332300665597,11,graph_only,5,0,0.5,0.028710034766399425,0.14302630049683684,0.3702731092436975
2024-02-01,0.41021372049452876,0.5963785947551783,11,graph_only,5,0,0.5,0.017889221369996135,0.13086656564782462,0.044642857142857144
2024-03-01,0.4511302033780611,0.613381315727628,10,graph_only,5,0,0.5,0.9821465552688519,0.9694103512665458,0.9868697478991597
2024-04-01,0.5239115275585328,0.6243800386446917,8,graph_only,5,0,0.5,0.9167334794730937,0.885183720807072,0.9595588235294118
2024-05-01,0.577333993578933,0.6513482918935243,8,graph_only,5,0,0.5,0.9090389844527633,0.8961645391459621,0.9658613445378151
2024-06-01,0.5556470716684013,0.6739023045790193,8,graph_only,5,0,0.5,0.8932512967531582,0.89080890551392,0.9621848739495799
2024-07-01,0.5251505065223352,0.684858030936558,8,graph_only,5,0,0.5,0.8960064965370175,0.9109012393774332,0.9658613445378151
2024-08-01,0.5267686121661643,0.6953158075898278,8,graph_only,5,0,0.5,0.9320037549000023,0.9279717459049895,0.9779411764705882
2024-09-01,0.5352347929829208,0.7085623247665037,8,graph_only,5,0,0.5,0.9411838290780842,0.9222765454501152,0.9779411764705882
2024-10-01,0.5489692116940635,0.7096308031153162,8,graph_only,5,0,0.5,0.9377348194986471,0.9149624416358204,0.9758403361344538
2024-11-01,0.5465199237698863,0.7197531508825059,8,graph_only,5,0,0.5,0.9303090665445737,0.9242576465285183,0.9763655462184874
2024-12-01,0.5465199237698863,0.7197531508825059,8,graph_only,5,0,0.5,1.0,1.0,1.0
2023-01-01,0.7344514927902482,0.7773405920780182,8,graph_only,6,0,0.5,,,
2023-02-01,0.7344514927902482,0.7773405920780182,8,graph_only,6,0,0.5,1.0,1.0,1.0
2023-03-01,0.7615318154268061,0.7838744131729073,8,graph_only,6,0,0.5,0.942935995907984,0.9238697520162155,0.9774159663865546
2023-04-01,0.8156767001832439,0.8104561075712772,8,graph_only,6,0,0.5,0.9391570721747557,0.9165659745197025,0.9747899159663865
2023-05-01,0.8327849359693147,0.8249680762560477,8,graph_only,6,0,0.5,0.9395177156890037,0.917901227769997,0.9747899159663865
2023-06-01,0.7933306746150509,0.7983339037219562,8,graph_only,6,0,0.5,0.9164179773820306,0.9139810196359119,0.967436974789916
2023-07-01,0.6257014449153584,0.7338083313319597,8,graph_only,6,0,0.5,0.7672259461960863,0.8468788533206119,0.8975840336134454
2023-08-01,0.5201383373690242,0.7039937610357863,8,graph_only,6,0,0.5,0.7307211067475815,0.8315360918053702,0.8634453781512605
2023-09-01,0.502319602634636,0.6939643421212097,9,graph_only,6,0,0.5,0.7262272116395347,0.8155735120191551,0.8660714285714286
2023-10-01,0.505674497692569,0.6814415704556217,9,graph_only,6,0,0.5,0.7163485074827316,0.7952304506402657,0.8587184873949579
2023-11-01,0.5092978751078332,0.678993181439383,9,graph_only,6,0,0.5,0.771462762036127,0.8224325269580942,0.8928571428571429
2023-12-01,0.47121434807938656,0.6781810260408933,10,graph_only,6,0,0.5,0.8889951158983747,0.8709847981302754,0.9432773109243697
2024-01-01,0.4204734905597383,0.6552709344779082,9,graph_only,6,0,0.5,0.9129770331164213,0.8729198795222911,0.9332983193277311
2024-02-01,0.46755731218361835,0.6730157718642517,10,graph_only,6,0,0.5,0.9205764457557123,0.884141370058773,0.9375
2024-03-01,0.5014069314587555,0.670441796074255,10,graph_only,6,0,0.5,0.8621396199542002,0.8645160256115688,0.9269957983193278
2024-04-01,0.4389875708758716,0.6595172243975482,10,graph_only,6,0,0.5,0.666832048627172,0.7910150007433133,0.8198529411764706
2024-05-01,0.556141081920339,0.6762456125905733,10,graph_only,6,0,0.5,0.6270076951632131,0.8027540360531225,0.7977941176470589
2024-06-01,0.731362672342714,0.7317686167232017,10,graph_only,6,0,0.5,0.7813340692872986,0.8485414259877683,0.8886554621848739
2024-07-01,0.8231385650671934,0.7970519431744085,10,graph_only,6,0,0.5,0.9003762210591582,0.8804763801651275,0.9537815126050421
2024-08-01,0.8533197431786697,0.8243799936629177,10,graph_only,6,0,0.5,0.9461888848969168,0.9181743097232086,0.9758403361344538
2024-09-01,0.8637310853058757,0.8310025233217188,10,graph_only,6,0,0.5,0.9436958632297232,0.9176012043343028,0.9758403361344538
2024-10-01,0.8763371614670897,0.8278494313891522,9,graph_only,6,0,0.5,0.9559018976082269,0.9225146403490952,0.9789915966386554
2024-11-01,0.8885720355622119,0.8362342090149552,9,graph_only,6,0,0.5,0.9467758182973409,0.9188971736073316,0.9784663865546218
2024-12-01,0.8885720355622119,0.8362342090149552,9,graph_only,6,0,0.5,1.0,1.0,1.0
2023-01-01,0.7420865809864877,0.7302805050466246,7,graph_only,7,0,0.5,,,
2023-02-01,0.7420865809864877,0.7302805050466246,7,graph_only,7,0,0.5,1.0,1.0,1.0
2023-03-01,0.7276662943654009,0.7053673005117682,7,graph_only,7,0,0.5,0.9220317363190942,0.8884718847763524,0.9637605042016807
2023-04-01,0.7618705548085333,0.7210147098888458,7,graph_only,7,0,0.5,0.9372323636073118,0.908715540694546,0.9705882352941176
2023-05-01,0.6819774161036486,0.6813128024440394,8,graph_only,7,0,0.5,0.8513148041750963,0.857612158139163,0.9390756302521008
2023-06-01,0.560026337652203,0.6675810161353115,10,graph_only,7,0,0.5,0.7512428788524743,0.8202018010035632,0.9012605042016807
2023-07-01,0.47471040201475584,0.6468890989137953,11,graph_only,7,0,0.5,0.7809195646353665,0.8414441706524082,0.9086134453781513
2023-08-01,0.4504504959774842,0.6442894409499195,11,graph_only,7,0,0.5,0.8519971952822064,0.8564425419996011,0.9201680672268907
2023-09-01,0.44973036614920076,0.6497919863995971,12,graph_only,7,0,0.5,0.8565038460134843,0.8638519085042573,0.9227941176470589
2023-10-01,0.4506918491666346,0.6522082941141577,13,graph_only,7,0,0.5,0.7890216616770869,0.8396638477858303,0.8886554621848739
2023-11-01,0.4763843055725896,0.644744418388747,13,graph_only,7,0,0.5,0.7204321226262669,0.8062854887081815,0.854516806722689
2023-12-01,0.45641629036089837,0.6537153658107984,13,graph_only,7,0,0.5,0.6882953276228403,0.7706474844791323,0.8429621848739496
2024-01-01,0.39048877378279867,0.6342234088407916,12,graph_only,7,0,0.5,0.7680456934673668,0.7913890125778299,0.8665966386554622
2024-02-01,0.4305420750039534,0.6424410938892603,12,graph_only,7,0,0.5,0.8052124081936476,0.7877759677828015,0.8660714285714286
2024-03-01,0.5511106909308524,0.6784204536981966,12,graph_only,7,0,0.5,0.9093393991539661,0.8524072111232642,0.9154411764705882
2024-04-01,0.6982914308925623,0.7141010079743726,12,graph_only,7,0,0.5,0.908651756833858,0.8524684966061851,0.9353991596638656
2024-05-01,0.6839502204284634,0.7025934589650012,11,graph_only,7,0,0.5,0.834128923325552,0.8471009174853904,0.9159663865546218
2024-06-01,0.49423965351195964,0.6857119927656415,11,graph_only,7,0,0.5,0.6693202549194422,0.8050877899320138,0.8434873949579832
2024-07-01,0.5598822281219026,0.7083561928224799,9,graph_only,7,0,0.5,0.6338186765203426,0.8002778581873533,0.8035714285714286
2024-08-01,0.7701703663563948,0.7618716650211532,9,graph_only,7,0,0.5,0.7712669025171237,0.8485158567145865,0.884453781512605
2024-09-01,0.8156062663627311,0.790300511917208,9,graph_only,7,0,0.5,0.9195198669552845,0.895529056483305,0.9648109243697479
2024-10-01,0.8069193021248954,0.7905684378821378,9,graph_only,7,0,0.5,0.9596979834742619,0.9396045393093743,0.9842436974789915
2024-11-01,0.7923065555782752,0.7856595249102442,9,graph_only,7,0,0.5,0.9402565027423425,0.9213237782723371,0.9789915966386554
2024-12-01,0.7923065555782752,0.7856595249102442,9,graph_only,7,0,0.5,1.0,1.0,1.0
2023-01-01,0.7605802741171221,0.7907896475990696,6,graph_only,8,0,0.5,,,
2023-02-01,0.7605802741171221,0.7907896475990696,6,graph_only,8,0,0.5,1.0,1.0,1.0
2023-03-01,0.778649022583226,0.7800769571185201,6,graph_only,8,0,0.5,0.8959325363536853,0.8675095325745493,0.9537815126050421
2023-04-01,0.8096649633399727,0.7975481254908182,7,graph_only,8,0,0.5,0.9185250296609564,0.9008454985857877,0.9684873949579832
2023-05-01,0.7543131145984989,0.7716436915386744,7,graph_only,8,0,0.5,0.893713511080593,0.8781689521425329,0.9495798319327731
2023-06-01,0.6445995660794954,0.7208868517308346,8,graph_only,8,0,0.5,0.8446137405988945,0.8642035692368182,0.9259453781512605
2023-07-01,0.5575692183246167,0.6943437160150847,9,graph_only,8,0,0.5,0.8086393341704179,0.8507596821229889,0.9028361344537815
2023-08-01,0.5047972761255203,0.6712543510748734,9,graph_only,8,0,0.5,0.7393829044554358,0.822068383037672,0.8828781512605042
2023-09-01,0.43909405015731084,0.6460126491278111,9,graph_only,8,0,0.5,0.6589162287088974,0.7914431636793817,0.8455882352941176
2023-10-01,0.4423777417759785,0.6539095799511566,9,graph_only,8,0,0.5,0.7420387407831311,0.7944381058367117,0.8650210084033614
2023-11-01,0.4353525873157176,0.653274690060695,10,graph_only,8,0,0.5,0.8595094128070702,0.8403724632977289,0.8949579831932774
2023-12-01,0.4105246204984825,0.6565377487290813,11,graph_only,8,0,0.5,0.9201088632214035,0.8821152377924193,0.9191176470588235
2024-01-01,0.3847176513940273,0.6486897067719806,10,graph_only,8,0,0.5,0.9309438573702131,0.8935339763926158,0.9532563025210085
2024-02-01,0.46044302742122195,0.6762571504631787,10,graph_only,8,0,0.5,0.9075479043535039,0.8802350390838786,0.9569327731092437
2024-03-01,0.5958398686404295,0.7109918944562854,9,graph_only,8,0,0.5,0.9188081871944542,0.9152990983578291,0.9658613445378151
2024-04-01,0.669739849868865,0.6938518810531469,9,graph_only,8,0,0.5,0.8883024774209634,0.8620635166803937,0.9432773109243697
2024-05-01,0.6344410437945388,0.6865905786222382,10,graph_only,8,0,0.5,0.9037428332514237,0.8967584149671833,0.9564075630252101
2024-06-01,0.5433361106998194,0.6704542277223403,10,graph_only,8,0,0.5,0.7715885106736954,0.8306346240180605,0.9038865546218487
2024-07-01,0.48654061151808303,0.6713348425340264,10,graph_only,8,0,0.5,0.6028576584173128,0.7975755370107478,0.8366596638655462
2024-08-01,0.6079688606162689,0.7028172193767579,10,graph_only,8,0,0.5,0.6769922136421406,0.8197655676917036,0.8618697478991597
2024-09-01,0.7086302910523826,0.7327104715067883,10,graph_only,8,0,0.5,0.8168749612205977,0.8613535865460599,0.9222689075630253
2024-10-01,0.7194514054380451,0.7390431956183291,10,graph_only,8,0,0.5,0.9325119965751915,0.9135071066676367,0.9716386554621849
2024-11-01,0.7208618090934403,0.7558295584778456,10,graph_only,8,0,0.5,0.9589006734834,0.9288877984160452,0.9816176470588235
2024-12-01,0.7208618090934403,0.7558295584778456,10,graph_only,8,0,0.5,1.0,1.0,1.0
2023-01-01,0.43585507553261904,0.5992137301972662,8,graph_only,9,0,0.5,,,
2023-02-01,0.43585507553261904,0.5992137301972662,8,graph_only,9,0,0.5,1.0,1.0,1.0
2023-03-01,0.43299377725928484,0.5822196902384894,8,graph_only,9,0,0.5,0.9022546668337871,0.8823792568739092,0.960609243697479
2023-04-01,0.4279460378186311,0.5897313051813778,8,graph_only,9,0,0.5,0.8261547759744271,0.837601417011115,0.9269957983193278
2023-05-01,0.4058682464592913,0.6013270717807638,8,graph_only,9,0,0.5,0.7335752035304697,0.8152369781165264,0.8855042016806722
2023-06-01,0.4196416656251522,0.6295901090957295,10,graph_only,9,0,0.5,0.7578495072899746,0.8234459229174199,0.9023109243697479
2023-07-01,0.43192871463993326,0.6354243434475826,10,graph_only,9,0,0.5,0.7417600606036322,0.8407008803924895,0.9023109243697479
2023-08-01,0.4918539294044807,0.6492810156448152,10,graph_only,9,0,0.5,0.7068085513634722,0.8417766596345602,0.8855042016806722
2023-09-01,0.5587006303305064,0.6791326190006717,10,graph_only,9,0,0.5,0.7927603632099292,0.8505560832666686,0.9070378151260504
2023-10-01,0.5846755117545239,0.7118573692491391,11,graph_only,9,0,0.5,0.8605764275799956,0.8553770543825487,0.9217436974789915
2023-11-01,0.5730823849932623,0.7281710097849032,12,graph_only,9,0,0.5,0.938507742183825,0.9041880484368408,0.9621848739495799
2023-12-01,0.5392448989908436,0.7355617976845996,12,graph_only,9,0,0.5,0.9259416399854004,0.8839986454243419,0.9427521008403361
2024-01-01,0.47251984547434467,0.7020046336105609,12,graph_only,9,0,0.5,0.9141858965589139,0.8795259356573928,0.9301470588235294
2024-02-01,0.4586396860080742,0.6849314370490726,12,graph_only,9,0,0.5,0.901878897996791,0.8833458153835032,0.9285714285714286
2024-03-01,0.4268350421053873,0.6505378779270504,11,graph_only,9,0,0.5,0.7573598451819502,0.8382331886530534,0.8755252100840336
2024-04-01,0.5361712890503709,0.6684674637526071,10,graph_only,9,0,0.5,0.5798194139474562,0.7858148622317713,0.7804621848739496
2024-05-01,0.7474472446623273,0.7083656407935061,11,graph_only,9,0,0.5,0.6815849534627382,0.7998522529917763,0.8429621848739496
2024-06-01,0.8139726531732099,0.7435540181633568,11,graph_only,9,0,0.5,0.8566459672987501,0.8436090002470035,0.917016806722689
2024-07-01,0.8034143899316447,0.7577867697256487,11,graph_only,9,0,0.5,0.895758375217829,0.8659139181104106,0.9327731092436975
2024-08-01,0.8043299265840231,0.7961279555509683,11,graph_only,9,0,0.5,0.9172116748201115,0.8798669724610092,0.9474789915966386
2024-09-01,0.8262953450868078,0.8295593707899551,10,graph_only,9,0,0.5,0.9483431658106701,0.9210484564261482,0.9732142857142857
2024-10-01,0.8374232139188571,0.8394951969368665,10,graph_only,9,0,0.5,0.9581934318854235,0.9285342336087526,0.9805672268907563
2024-11-01,0.846664803993836,0.850795657299279,10,graph_only,9,0,0.5,0.9570006286165105,0.9382100467396188,0.9842436974789915
2024-12-01,0.846664803993836,0.850795657299279,10,graph_only,9,0,0.5,1.0,1.0,1.0
2023-01-01,0.002352480365606585,0.01201489282794558,4,graph_only,10,0,0.5,,,
2023-02-01,0.0029526608561227952,0.014757564228570545,4,graph_only,10,0,0.5,0.9595238138557689,0.940880484263532,0.9994747899159664
2023-03-01,0.00019914512143758012,0.01819218793479133,5,graph_only,10,0,0.5,0.7612519509277057,0.7127553396573448,0.9957983193277311
2023-04-01,0.37347696624295346,0.621556390156198,9,graph_only,10,0,0.5,0.004387746253768414,0.02721250852116847,0.015756302521008403
2023-05-01,0.38923370819070474,0.6368401993601727,10,graph_only,10,0,0.5,0.9963645036016248,0.991185779167395,0.9963235294117647
2023-06-01,0.3661766911608287,0.6351358309201106,9,graph_only,10,0,0.5,0.8584465838620919,0.8648215617840311,0.9459033613445378
2023-07-01,0.36427219503368813,0.6371778723989041,10,graph_only,10,0,0.5,0.8692156522923417,0.8766044046619091,0.9501050420168067
2023-08-01,0.4202833183985733,0.6502454917004741,10,graph_only,10,0,0.5,0.8692366829214678,0.8902320749516021,0.9511554621848739
2023-09-01,0.5055315090857081,0.6456852242735814,10,graph_only,10,0,0.5,0.7308093886884172,0.8305137439728392,0.9002100840336135
2023-10-01,0.5372755953098356,0.650432317389992,10,graph_only,10,0,0.5,0.6693223128781419,0.7968251778717756,0.868172268907563
2023-11-01,0.48124655276509687,0.6598919257244324,10,graph_only,10,0,0.5,0.8022973890672328,0.8485813789846613,0.9112394957983193
2023-12-01,0.40570355264786695,0.675995138268054,11,graph_only,10,0,0.5,0.8082830335597705,0.8371965116350853,0.9054621848739496
2024-01-01,0.3617817162828099,0.6644412564103122,11,graph_only,10,0,0.5,0.8618101090287175,0.8674530214569655,0.928046218487395
2024-02-01,0.4415806594726386,0.6753903389393081,10,graph_only,10,0,0.5,0.9374473536045823,0.8907798546867061,0.9522058823529411
2024-03-01,0.5667119144097362,0.692911502433116,10,graph_only,10,0,0.5,0.9417155565141503,0.8999079206249322,0.9543067226890757
2024-04-01,0.6599662748705764,0.6998709835356185,9,graph_only,10,0,0.5,0.8984200738634213,0.8873413735553413,0.9522058823529411
2024-05-01,0.6352669501295414,0.7205864270646438,10,graph_only,10,0,0.5,0.8111875163031778,0.8651354001135583,0.9227941176470589
2024-06-01,0.5371046414062595,0.7289579195665736,10,graph_only,10,0,0.5,0.6831735925257245,0.8257657814008234,0.8739495798319328
2024-07-01,0.5461982379847723,0.7357321435339818,10,graph_only,10,0,0.5,0.7106790840171905,0.8506205475682888,0.8907563025210085
2024-08-01,0.6028102686688466,0.739566079715137,10,graph_only,10,0,0.5,0.7512333341875008,0.8408148378452499,0.8933823529411765
2024-09-01,0.6589330072157074,0.7521293275002193,10,graph_only,10,0,0.5,0.838304562990556,0.8615010019900656,0.917016806722689
2024-10-01,0.7008220752329162,0.7779897328211979,10,graph_only,10,0,0.5,0.9226673202214801,0.9040370406170192,0.9585084033613446
2024-11-01,0.7273342830613637,0.7972030533353068,9,graph_only,10,0,0.5,0.9406430432130377,0.9250951751642627,0.976890756302521
2024-12-01,0.7273342830613637,0.7972030533353068,9,graph_only,10,0,0.5,1.0,1.0,1.0
2023-01-01,0.35857477251429193,0.5614846731521251,6,graph_only,11,0,0.5,,,
2023-02-01,0.35857477251429193,0.5614846731521251,6,graph_only,11,0,0.5,1.0,1.0,1.0
2023-03-01,0.3847855500821274,0.5712547485142957,6,graph_only,11,0,0.5,0.8129875393496487,0.8430676611953177,0.9332983193277311
2023-04-01,0.4131873743020451,0.5847237955646248,6,graph_only,11,0,0.5,0.8321721177621524,0.8389619414421323,0.9369747899159664
2023-05-01,0.441277224090691,0.5944451667714227,6,graph_only,11,0,0.5,0.8753685442299625,0.873102753729203,0.9553571428571429
2023-06-01,0.4658691568010738,0.6145212373902277,8,graph_only,11,0,0.5,0.8896031143864708,0.8838332091879786,0.9590336134453782
2023-07-01,0.480361073365223,0.6172157484059634,8,graph_only,11,0,0.5,0.8852768136548452,0.8943958084698764,0.9600840336134454
2023-08-01,0.5088128148857353,0.6284898307120407,8,graph_only,11,0,0.5,0.9020076823449952,0.9054296473693186,0.9648109243697479
2023-09-01,0.5423638569471346,0.6536359063151436,8,graph_only,11,0,0.5,0.9232364312662404,0.9036409222036035,0.9695378151260504
2023-10-01,0.5618547526395128,0.6819496201655088,8,graph_only,11,0,0.5,0.943284633541159,0.9212610474134532,0.9774159663865546
2023-11-01,0.55030235183539,0.6933821535158654,8,graph_only,11,0,0.5,0.9632326070626913,0.943417327583528,0.9847689075630253
2023-12-01,0.4838405355914684,0.6463415338809748,10,graph_only,11,0,0.5,0.92031751672692,0.9043306210705522,0.9642857142857143
2024-01-01,0.4027250217610071,0.6083056738266298,10,graph_only,11,0,0.5,0.8951650601924621,0.8757551923860306,0.9532563025210085
2024-02-01,0.3876361301173186,0.5920569449712406,11,graph_only,11,0,0.5,0.9951768553148522,0.9926007711602426,0.9968487394957983
2024-03-01,0.003821879098161684,0.047730172932238774,10,graph_only,11,0,0.5,0.005923727905069143,0.06632872462645832,0.03991596638655462
2024-04-01,0.006324142344435147,0.050660263104796384,9,graph_only,11,0,0.5,0.939533782480055,0.8696011470918723,0.9942226890756303
2024-05-01,0.7689152436393639,0.6909909251818073,10,graph_only,11,0,0.5,0.008444002135694316,0.07046250333276646,0.022058823529411766
2024-06-01,0.7945385329970825,0.7024542909207004,10,graph_only,11,0,0.5,0.9985059669851231,0.9962958004656733,0.9989495798319328
2024-07-01,0.7762702249212676,0.6940742799596292,10,graph_only,11,0,0.5,0.9602882638678022,0.9348605990021136,0.9858193277310925
2024-08-01,0.7597154738678752,0.6886522983350857,10,graph_only,11,0,0.5,0.9806964486916416,0.9625499612469604,0.9926470588235294
2024-09-01,0.7496940203466519,0.6810627813051633,10,graph_only,11,0,0.5,0.9669834436958452,0.9387663655393436,0.9863445378151261
2024-10-01,0.7283118842005039,0.6748791320097369,10,graph_only,11,0,0.5,0.9570148852582119,0.9214058901491432,0.9821428571428571
2024-11-01,0.7094862921840175,0.6628314732499837,10,graph_only,11,0,0.5,0.945857439515498,0.9193966228472211,0.9810924369747899
2024-12-01,0.7094862921840175,0.6628314732499837,10,graph_only,11,0,0.5,1.0,1.0,1.0
2023-01-01,0.7119210214278754,0.7407223616730014,6,graph_only,12,0,0.5,,,
2023-02-01,0.7119210214278754,0.7407223616730014,6,graph_only,12,0,0.5,1.0,1.0,1.0
2023-03-01,0.7143311252062043,0.7227478616238767,6,graph_only,12,0,0.5,0.938035511835856,0.9124924673573006,0.9753151260504201
2023-04-01,0.7571235847140992,0.7368272807450789,6,graph_only,12,0,0.5,0.9430239616004327,0.9148508260044032,0.9774159663865546
2023-05-01,0.7516468139754585,0.720321168634564,6,graph_only,12,0,0.5,0.9291991185417285,0.9065866371597533,0.9737394957983193
2023-06-01,0.7236984085937564,0.7030348810857038,8,graph_only,12,0,0.5,0.9240774770095603,0.8936420377680346,0.970063025210084
2023-07-01,0.6640469216903764,0.685747552011814,9,graph_only,12,0,0.5,0.9640298685365126,0.9457622490375752,0.9852941176470589
2023-08-01,0.5783829905787348,0.6664341466342689,10,graph_only,12,0,0.5,0.9478554672246264,0.9242436846253226,0.9784663865546218
2023-09-01,0.5093462936779306,0.6438355017658871,11,graph_only,12,0,0.5,0.9416570747558396,0.9164353129721576,0.9742647058823529
2023-10-01,0.47138578696744776,0.6223692071419901,11,graph_only,12,0,0.5,0.9226157530759864,0.9128010531366627,0.9642857142857143
2023-11-01,0.38722707932464717,0.5818450997914723,12,graph_only,12,0,0.5,0.6852919274954211,0.7947431287233732,0.8040966386554622
2023-12-01,0.42145161347094123,0.6211426729647532,12,graph_only,12,0,0.5,0.6320856349275599,0.7741522572146771,0.7316176470588235
2024-01-01,0.39032451520762423,0.5982915620802547,12,graph_only,12,0,0.5,0.9817240164922675,0.9639590918509097,0.9858193277310925
2024-02-01,0.023524306367517112,0.14025439997465766,12,graph_only,12,0,0.5,0.0992217879284313,0.24954829278560958,0.5126050420168067
2024-03-01,0.4744815660540398,0.598303362797192,10,graph_only,12,0,0.5,0.09315057729344296,0.28754586022924783,0.07773109243697479
2024-04-01,0.607140369483512,0.6230498593131173,10,graph_only,12,0,0.5,0.9799574503186453,0.9636731866873861,0.9900210084033614
2024-05-01,0.6885259779017153,0.6323107802897004,9,graph_only,12,0,0.5,0.9355961199421156,0.9003779360111696,0.9774159663865546
2024-06-01,0.7036259795977179,0.6313270849292028,12,graph_only,12,0,0.5,0.9961645017421484,0.9900246307970049,0.9968487394957983
2024-07-01,0.002635118875968966,0.04049370191362839,12,graph_only,12,0,0.5,0.008522330964290205,0.07313115848680002,0.017857142857142856
2024-08-01,0.0006853370139981515,0.0397731304898418,12,graph_only,12,0,0.5,0.8720282151280955,0.7798269273991641,0.9915966386554622
2024-09-01,0.6674666841464751,0.607128510281917,11,graph_only,12,0,0.5,0.009785811233597513,0.0909556460557724,0.0898109243697479
2024-10-01,0.6561218695504127,0.6132176475872393,11,graph_only,12,0,0.5,0.9968337873951829,0.9924890140090543,0.9984243697478992
2024-11-01,0.6708052716307985,0.6370346947290972,11,graph_only,12,0,0.5,0.9312983017216078,0.8926191264140868,0.9737394957983193
2024-12-01,0.6708052716307985,0.6370346947290972,11,graph_only,12,0,0.5,1.0,1.0,1.0
2023-01-01,0.6881112073675638,0.7859287393385809,9,graph_only,13,0,0.5,,,
2023-02-01,0.6881112073675638,0.7859287393385809,9,graph_only,13,0,0.5,1.0,1.0,1.0
2023-03-01,0.6733473930636887,0.7452736295632273,10,graph_only,13,0,0.5,0.8804955845168551,0.880223471860463,0.9548319327731093
2023-04-01,0.6749354958679281,0.7346575494651006,10,graph_only,13,0,0.5,0.8483107638060327,0.8591362347026962,0.9359243697478992
2023-05-01,0.7030980925018989,0.7570007931892878,10,graph_only,13,0,0.5,0.8880992646479193,0.8723568424027183,0.9332983193277311
2023-06-01,0.7281209640005475,0.7648952170415055,10,graph_only,13,0,0.5,0.9127199150572955,0.8924672134489573,0.9480042016806722
2023-07-01,0.7388755129669965,0.7568792625503242,10,graph_only,13,0,0.5,0.9151183272707444,0.8982161768309516,0.9485294117647058
2023-08-01,0.7094175857546844,0.7370704527833205,10,graph_only,13,0,0.5,0.9083180578878399,0.8848833611278701,0.9406512605042017
2023-09-01,0.6688107319711804,0.7267899984527091,10,graph_only,13,0,0.5,0.8968678310530804,0.8764182039050092,0.9396008403361344
2023-10-01,0.656015046960484,0.72332654335556,10,graph_only,13,0,0.5,0.8089445540726434,0.8348918522573172,0.9065126050420168
2023-11-01,0.6059791167229123,0.718035266477626,10,graph_only,13,0,0.5,0.8462432073062969,0.8603474869580584,0.9290966386554622
2023-12-01,0.5113791133138168,0.6880331006876668,11,graph_only,13,0,0.5,0.8817210248233065,0.889774383540742,0.9516806722689075
2024-01-01,0.40616588151460736,0.6356446638322829,10,graph_only,13,0,0.5,0.8440771005533387,0.8739189884285341,0.9385504201680672
2024-02-01,0.3629489332152485,0.603834210143736,10,graph_only,13,0,0.5,0.787153948194573,0.8398557335386321,0.8928571428571429
2024-03-01,0.3655412959265821,0.6003315505401033,10,graph_only,13,0,0.5,0.7864174753809363,0.8429133384208997,0.8713235294117647
2024-04-01,0.4396863811691956,0.6274504020590626,11,graph_only,13,0,0.5,0.7604991253821775,0.8219863750948654,0.8702731092436975
2024-05-01,0.528797227266794,0.6652855810553161,11,graph_only,13,0,0.5,0.8302862501177702,0.863725952605777,0.9227941176470589
2024-06-01,0.5819191323126677,0.6752495860376757,10,graph_only,13,0,0.5,0.8283115991917553,0.8505441762223882,0.9296218487394958
2024-07-01,0.6480682163569704,0.6822153041860379,9,graph_only,13,0,0.5,0.8281486829343179,0.8722842384858817,0.9338235294117647
2024-08-01,0.7456317391371472,0.7082135005308878,9,graph_only,13,0,0.5,0.8139169275007311,0.8612563376941345,0.9206932773109243
2024-09-01,0.7934317390307064,0.7445733746561488,9,graph_only,13,0,0.5,0.8612955029845442,0.8838581581362432,0.9385504201680672
2024-10-01,0.7802474708157955,0.7507239642046746,9,graph_only,13,0,0.5,0.9113813304263442,0.8869070987643767,0.9600840336134454
2024-11-01,0.756346090814779,0.7524303297649512,9,graph_only,13,0,0.5,0.9544826871967821,0.9262622555941079,0.9810924369747899
2024-12-01,0.756346090814779,0.7524303297649512,9,graph_only,13,0,0.5,1.0,1.0,1.0
2023-01-01,0.5127443143417221,0.6035743801967384,6,graph_only,14,0,0.5,,,
2023-02-01,0.5127443143417221,0.6035743801967384,6,graph_only,14,0,0.5,1.0,1.0,1.0
2023-03-01,0.5077426058999598,0.5968930771459885,6,graph_only,14,0,0.5,0.9363029817701797,0.9093949203763164,0.9753151260504201
2023-04-01,0.5394681815089725,0.6089413497966817,6,graph_only,14,0,0.5,0.9383421500524697,0.8918708645060485,0.9716386554621849
2023-05-01,0.5759360876420652,0.625522685114664,6,graph_only,14,0,0.5,0.9528562451476432,0.9121358124062292,0.9763655462184874
2023-06-01,0.6069170177256228,0.6652192786347426,7,graph_only,14,0,0.5,0.91016748044236,0.8683335906283541,0.9574579831932774
2023-07-01,0.58552453913739,0.6764897312682053,9,graph_only,14,0,0.5,0.8949229292680403,0.8879684584586839,0.9548319327731093
2023-08-01,0.5172824211130359,0.6479880233237018,9,graph_only,14,0,0.5,0.8700879397353305,0.8683849849162549,0.9427521008403361
2023-09-01,0.4507429435166942,0.617207499415653,9,graph_only,14,0,0.5,0.739317815376225,0.8256524206649065,0.8676470588235294
2023-10-01,0.4608855597054445,0.6074176454721744,9,graph_only,14,0,0.5,0.5807628521288077,0.7633984777553917,0.7447478991596639
2023-11-01,0.4875544583787739,0.6340764043645518,9,graph_only,14,0,0.5,0.6355077774425786,0.7563649890640537,0.7757352941176471
2023-12-01,0.5003392260521028,0.6975874899650858,9,graph_only,14,0,0.5,0.8120514803550352,0.8227892313865066,0.881827731092437
2024-01-01,0.45599622480667273,0.6925294392843787,9,graph_only,14,0,0.5,0.9244592784507831,0.8921830110286225,0.9611344537815126
2024-02-01,0.46298605958464306,0.6843520291775244,10,graph_only,14,0,0.5,0.9369275683179954,0.9142378651035533,0.9721638655462185
2024-03-01,0.5027671551027592,0.6588193962437482,10,graph_only,14,0,0.5,0.9141783897206889,0.8843648849491633,0.9511554621848739
2024-04-01,0.5301180939462895,0.6396751729535552,9,graph_only,14,0,0.5,0.7999981493182952,0.8308084307432297,0.8933823529411765
2024-05-01,0.481659693970287,0.6257689242326842,8,graph_only,14,0,0.5,0.6275875922922683,0.7552364151940796,0.8109243697478992
2024-06-01,0.576128688302431,0.6646396019588519,8,graph_only,14,0,0.5,0.5850743409191038,0.7523344845104193,0.8004201680672269
2024-07-01,0.7396495871261731,0.7057770106705659,8,graph_only,14,0,0.5,0.7519258569980048,0.8078082782982947,0.8739495798319328
2024-08-01,0.7763679331928219,0.7215102633907421,8,graph_only,14,0,0.5,0.9162163681163199,0.8992479971950282,0.9590336134453782
2024-09-01,0.7914675445991908,0.7265595621837209,8,graph_only,14,0,0.5,0.9534539427579128,0.917870132304101,0.9779411764705882
2024-10-01,0.7969392693909464,0.7311642926562418,8,graph_only,14,0,0.5,0.9656351936806238,0.9361784679534828,0.9847689075630253
2024-11-01,0.8071209568490678,0.7428167998472424,8,graph_only,14,0,0.5,0.9475633334015519,0.920281829774391,0.9805672268907563
2024-12-01,0.8071209568490678,0.7428167998472424,8,graph_only,14,0,0.5,1.0,1.0,1.0
2023-01-01,0.6188853811728413,0.6694504621975025,6,graph_only,15,0,0.5,,,
2023-02-01,0.6188853811728413,0.6694504621975025,6,graph_only,15,0,0.5,1.0,1.0,1.0
2023-03-01,0.6066992784368406,0.6492553234594198,6,graph_only,15,0,0.5,0.9242274792416643,0.881059994547948,0.9616596638655462
2023-04-01,0.6267939653332163,0.6603060649435453,6,graph_only,15,0,0.5,0.9317234103686517,0.8904518371827191,0.9690126050420168
2023-05-01,0.6230421286892983,0.6540367980233543,7,graph_only,15,0,0.5,0.9381969103588833,0.9098391084514539,0.9747899159663865
2023-06-01,0.6035869646574534,0.6567853783361516,9,graph_only,15,0,0.5,0.9374657113133974,0.900041379149176,0.970063025210084
2023-07-01,0.5414885703575508,0.6385393023984562,9,graph_only,15,0,0.5,0.9169002840664785,0.9032820808777854,0.9548319327731093
2023-08-01,0.43805530098672946,0.6116444915214805,9,graph_only,15,0,0.5,0.8112566143012412,0.8322794046897541,0.9028361344537815
2023-09-01,0.42544443089659006,0.6158796960303276,11,graph_only,15,0,0.5,0.7409101069096382,0.8076168783295028,0.8692226890756303
2023-10-01,0.47883898874419184,0.6430960431042417,11,graph_only,15,0,0.5,0.6670171179076756,0.7828527303872754,0.8335084033613446
2023-11-01,0.46670279588870145,0.63371914316642,12,graph_only,15,0,0.5,0.7005141178089187,0.7970643840878442,0.851890756302521
2023-12-01,0.43409504882833133,0.6307950933371449,13,graph_only,15,0,0.5,0.769314985260941,0.8139680571816948,0.8665966386554622
2024-01-01,0.38229185447838504,0.6175340696309956,13,graph_only,15,0,0.5,0.8898802590841622,0.8780776253453865,0.9217436974789915
2024-02-01,0.3780757638119129,0.6117030834157292,13,graph_only,15,0,0.5,0.8974439027651254,0.8775884422653873,0.9327731092436975
2024-03-01,0.41997086615984713,0.6161729639335285,12,graph_only,15,0,0.5,0.9113484133341428,0.8976955373994026,0.9522058823529411
2024-04-01,0.453199303186825,0.6269246150286883,12,graph_only,15,0,0.5,0.9181916833570528,0.9013498523395471,0.9553571428571429
2024-05-01,0.4449238631133042,0.6532566949344386,11,graph_only,15,0,0.5,0.9136556891851022,0.9043890346075197,0.9611344537815126
2024-06-01,0.3895245737390685,0.6521016410572189,10,graph_only,15,0,0.5,0.8330331393808517,0.8642317984552981,0.9191176470588235
2024-07-01,0.38995268645816805,0.6521017727434277,10,graph_only,15,0,0.5,0.7729165851057542,0.8545696024973639,0.8760504201680672
2024-08-01,0.5130651286900065,0.694272437028429,10,graph_only,15,0,0.5,0.757065790637386,0.847135611399931,0.8839285714285714
2024-09-01,0.6354616088137749,0.7359564982626368,10,graph_only,15,0,0.5,0.8020156724600991,0.8621109920161552,0.9191176470588235
2024-10-01,0.7026448224263363,0.7491551855967166,10,graph_only,15,0,0.5,0.8681356580646724,0.8825869741061834,0.9490546218487395
2024-11-01,0.7737488155645098,0.7687888024254595,10,graph_only,15,0,0.5,0.8547487257136928,0.8651107225945475,0.9406512605042017
2024-12-01,0.7737488155645098,0.7687888024254595,10,graph_only,15,0,0.5,1.0,1.0,1.0
2023-01-01,0.5716923558301713,0.7194262857153026,7,graph_only,16,0,0.5,,,
2023-02-01,0.5716923558301713,0.7194262857153026,7,graph_only,16,0,0.5,1.0,1.0,1.0
2023-03-01,0.5785590369170767,0.7124174818975194,7,graph_only,16,0,0.5,0.9506741941903213,0.9304094274272138,0.9800420168067226
2023-04-01,0.6458835799925634,0.7222312235370616,7,graph_only,16,0,0.5,0.8885511643968329,0.8669999080300687,0.9522058823529411
2023-05-01,0.6980189694718011,0.7289053372882308,7,graph_only,16,0,0.5,0.8080577038411147,0.8369537912791585,0.9164915966386554
2023-06-01,0.6954966538934866,0.7405539787938068,8,graph_only,16,0,0.5,0.8222208032395721,0.8533231810299038,0.9301470588235294
2023-07-01,0.6865424889502063,0.7417592764393046,8,graph_only,16,0,0.5,0.8687564840939983,0.8976909396126642,0.9516806722689075
2023-08-01,0.6300933830851335,0.718631737188698,8,graph_only,16,0,0.5,0.8238101019942564,0.8704777078658984,0.9338235294117647
2023-09-01,0.4575330430942991,0.6661132901469167,8,graph_only,16,0,0.5,0.6629457001982699,0.8171211874617512,0.8671218487394958
2023-10-01,0.3939992988035948,0.6433126370881987,8,graph_only,16,0,0.5,0.6649276566561352,0.8002617828333592,0.8492647058823529
2023-11-01,0.40156135516746566,0.6639355617927373,10,graph_only,16,0,0.5,0.8025797138865619,0.851979908435409,0.9133403361344538
2023-12-01,0.37183005655886825,0.6596034819016282,10,graph_only,16,0,0.5,0.9522652142016512,0.9290351643344024,0.976890756302521
2024-01-01,0.35387381177159516,0.6264699690026797,9,graph_only,16,0,0.5,0.8590711445402316,0.8750735870399062,0.9364495798319328
2024-02-01,0.3972750754122896,0.6387680623868499,9,graph_only,16,0,0.5,0.8373813243194304,0.849905570837448,0.9238445378151261
2024-03-01,0.40323848174244653,0.6360415433316007,9,graph_only,16,0,0.5,0.8325745198387715,0.8519880526364069,0.9222689075630253
2024-04-01,0.46288979748187564,0.6641054582441023,9,graph_only,16,0,0.5,0.7066870871370844,0.8100976792513024,0.8734243697478992
2024-05-01,0.5593074192126691,0.6928139887359387,9,graph_only,16,0,0.5,0.6584111085323479,0.8131802396630269,0.8671218487394958
2024-06-01,0.6225661002412888,0.7284259063784242,9,graph_only,16,0,0.5,0.7662189165086726,0.8225102396520036,0.8912815126050421
2024-07-01,0.6545731749336227,0.7344825229940182,9,graph_only,16,0,0.5,0.8501656852750803,0.8586403572581004,0.917016806722689
2024-08-01,0.6853021888088219,0.7440173350645444,9,graph_only,16,0,0.5,0.8613245508828159,0.8593377150704629,0.9290966386554622
2024-09-01,0.6890794717006218,0.766435666512923,9,graph_only,16,0,0.5,0.8946285293646148,0.8821049283108295,0.9516806722689075
2024-10-01,0.7097590172503189,0.7594969537405031,8,graph_only,16,0,0.5,0.8939344685700272,0.8781890187749883,0.9495798319327731
2024-11-01,0.7535770640007554,0.7724879675199678,8,graph_only,16,0,0.5,0.8996941450923459,0.8927209010943762,0.9543067226890757
2024-12-01,0.7535770640007554,0.7724879675199678,8,graph_only,16,0,0.5,1.0,1.0,1.0
2023-01-01,0.6847940662768578,0.7376156104085013,8,graph_only,17,0,0.5,,,
2023-02-01,0.6847940662768578,0.7376156104085013,8,graph_only,17,0,0.5,1.0,1.0,1.0
2023-03-01,0.6685940732250765,0.7268450330636499,8,graph_only,17,0,0.5,0.8723350977581655,0.8576192703199474,0.9438025210084033
2023-04-01,0.6266825246676039,0.7084906775575218,8,graph_only,17,0,0.5,0.8899074570399416,0.8719494980871083,0.9511554621848739
2023-05-01,0.5562104866033987,0.6746212183071707,9,graph_only,17,0,0.5,0.8708056472239512,0.8729410747415652,0.9480042016806722
2023-06-01,0.5087967715450744,0.6517463540940794,10,graph_only,17,0,0.5,0.8461183202199362,0.8516480810644158,0.9264705882352942
2023-07-01,0.4729682502642456,0.6422778883586139,10,graph_only,17,0,0.5,0.8182459204455118,0.857673276479797,0.9065126050420168
2023-08-01,0.4849607829936896,0.6479726492272607,11,graph_only,17,0,0.5,0.739031731979162,0.8258121624800263,0.8707983193277311
2023-09-01,0.4802814191364349,0.6359242094086303,11,graph_only,17,0,0.5,0.6448618810167847,0.7964479696937712,0.8214285714285714
2023-10-01,0.46354374317856656,0.6506947565585749,11,graph_only,17,0,0.5,0.6438224057727225,0.764554121134691,0.8172268907563025
2023-11-01,0.4157631385806536,0.6503576010975226,12,graph_only,17,0,0.5,0.8627578632802482,0.877582572044856,0.9375
2023-12-01,0.35185074642824643,0.6367283838018907,12,graph_only,17,0,0.5,0.9003906254933667,0.8806467603642767,0.946953781512605
2024-01-01,0.3176359503411749,0.6093825121090533,12,graph_only,17,0,0.5,0.9381611937293292,0.9034445027530026,0.9511554621848739
2024-02-01,0.4292717662254562,0.6476505199200671,11,graph_only,17,0,0.5,0.92710389325195,0.8959016757549612,0.9595588235294118
2024-03-01,0.5805735898422331,0.6745136918741195,11,graph_only,17,0,0.5,0.9370270942286614,0.9195226909628932,0.9690126050420168
2024-04-01,0.6535325589997856,0.6827184531481353,11,graph_only,17,0,0.5,0.8714605483192005,0.8690231101725031,0.9401260504201681
2024-05-01,0.578371395731017,0.6727221333992709,11,graph_only,17,0,0.5,0.8074988811790916,0.8490684062740991,0.9201680672268907
2024-06-01,0.49372626643018913,0.6428848794995515,10,graph_only,17,0,0.5,0.6500309666819282,0.8001014373048639,0.8555672268907563
2024-07-01,0.6125875886292923,0.6604462912221564,10,graph_only,17,0,0.5,0.6548758357055804,0.8235312466122843,0.8398109243697479
2024-08-01,0.7689973392262319,0.7051613124339465,10,graph_only,17,0,0.5,0.783171862733587,0.8606833398332925,0.8986344537815126
2024-09-01,0.7707583205876686,0.7079754472114945,10,graph_only,17,0,0.5,0.9457079366471188,0.9080018765445126,0.9716386554621849
2024-10-01,0.7399615282609022,0.6925998836462348,10,graph_only,17,0,0.5,0.9330283240812215,0.8866851024702369,0.9658613445378151
2024-11-01,0.7118640277017606,0.6791298599827642,9,graph_only,17,0,0.5,0.9386498354265618,0.8957928294040124,0.9690126050420168
2024-12-01,0.7118640277017606,0.6791298599827642,9,graph_only,17,0,0.5,1.0,1.0,1.0
2023-01-01,0.7799224076379159,0.766520303397721,9,graph_only,18,0,0.5,,,
2023-02-01,0.7799224076379159,0.766520303397721,9,graph_only,18,0,0.5,1.0,1.0,1.0
2023-03-01,0.7821456861845563,0.759302449996577,10,graph_only,18,0,0.5,0.9075009739070191,0.8756877869670507,0.9516806722689075
2023-04-01,0.8145552284548131,0.7825158786116354,10,graph_only,18,0,0.5,0.9222156136370584,0.894611568347857,0.9616596638655462
2023-05-01,0.805775895781496,0.7803978071252491,10,graph_only,18,0,0.5,0.9102711835042522,0.8867406975437057,0.9564075630252101
2023-06-01,0.7815853760438624,0.782450358395612,10,graph_only,18,0,0.5,0.8910775486677637,0.8919929623039023,0.9558823529411765
2023-07-01,0.7726692800506147,0.7809279817125241,10,graph_only,18,0,0.5,0.9008490052201162,0.9095968134707936,0.9616596638655462
2023-08-01,0.7544560324252231,0.7706686144382657,10,graph_only,18,0,0.5,0.8765126958287429,0.8979248093586877,0.9485294117647058
2023-09-01,0.6361457462731847,0.7268977478950275,10,graph_only,18,0,0.5,0.7843572630944426,0.8603462105826457,0.8928571428571429
2023-10-01,0.5048488163605336,0.6962373556801931,10,graph_only,18,0,0.5,0.6104611652602189,0.7980532349381311,0.803046218487395
2023-11-01,0.4310468613676601,0.6791200467083024,11,graph_only,18,0,0.5,0.6011391459024444,0.7732182940023106,0.8177521008403361
2023-12-01,0.3528928272385481,0.6578002123715461,11,graph_only,18,0,0.5,0.796111953265767,0.8288766253731749,0.8965336134453782
2024-01-01,0.3105575370469059,0.6182002852147875,11,graph_only,18,0,0.5,0.8611039204531805,0.8497157414449243,0.914390756302521
2024-02-01,0.3785427461415396,0.6243778820223864,11,graph_only,18,0,0.5,0.9137702826105661,0.8593053554154814,0.9406512605042017
2024-03-01,0.4906226649405263,0.6450880883315346,10,graph_only,18,0,0.5,0.9046326215555184,0.8758702490933437,0.9501050420168067
2024-04-01,0.5243296238382313,0.639506200526313,9,graph_only,18,0,0.5,0.714906260688632,0.7741930458265125,0.8555672268907563
2024-05-01,0.4731646668214001,0.639913920637591,9,graph_only,18,0,0.5,0.6672903690000461,0.7954315616904065,0.8497899159663865
2024-06-01,0.47343015493552415,0.6626508628450574,9,graph_only,18,0,0.5,0.6293546225037924,0.7922176013766151,0.8382352941176471
2024-07-01,0.6336942135115909,0.7185523030182727,9,graph_only,18,0,0.5,0.7213075461705576,0.814672976006216,0.8660714285714286
2024-08-01,0.7320878546398156,0.7605538142667878,9,graph_only,18,0,0.5,0.8758214586043134,0.869942308373408,0.944327731092437
2024-09-01,0.7623895781007893,0.7706849587451516,9,graph_only,18,0,0.5,0.9222759903791533,0.894328368383965,0.9637605042016807
2024-10-01,0.7819916928348395,0.7663988078850359,9,graph_only,18,0,0.5,0.9380468789604492,0.9122049563667295,0.9732142857142857
2024-11-01,0.8188894227011555,0.7888797852958724,9,graph_only,18,0,0.5,0.9278503489150389,0.9095813140811623,0.9737394957983193
2024-12-01,0.8188894227011555,0.7888797852958724,9,graph_only,18,0,0.5,1.0,1.0,1.0
2023-01-01,0.606260733979372,0.6826081887001716,7,graph_only,19,0,0.5,,,
2023-02-01,0.606260733979372,0.6826081887001716,7,graph_only,19,0,0.5,1.0,1.0,1.0
2023-03-01,0.6148498977869408,0.6867329118273583,7,graph_only,19,0,0.5,0.9383342704770565,0.9048346276518628,0.9742647058823529
2023-04-01,0.6495624460587113,0.7026079262330709,7,graph_only,19,0,0.5,0.9438155845923007,0.9028381327042017,0.9747899159663865
2023-05-01,0.6502961011326439,0.7007477737737272,7,graph_only,19,0,0.5,0.9429207590841824,0.9135928771836141,0.9705882352941176
2023-06-01,0.5886490167601278,0.6782915396987454,7,graph_only,19,0,0.5,0.880668689378661,0.8700583144046372,0.9359243697478992
2023-07-01,0.5169284878379673,0.6715740149502795,7,graph_only,19,0,0.5,0.8385896244410523,0.856070699946439,0.9227941176470589
2023-08-01,0.46943597477744564,0.6445704153596945,8,graph_only,19,0,0.5,0.8742896116380408,0.8897042210531728,0.9490546218487395
2023-09-01,0.4197199525786839,0.614737764220073,8,graph_only,19,0,0.5,0.8381880406088126,0.8746305630436373,0.9359243697478992
2023-10-01,0.3498271989344613,0.5876289712043582,8,graph_only,19,0,0.5,0.7301061892676316,0.8209675270771206,0.8560924369747899
2023-11-01,0.3907467806286211,0.6065239828945106,8,graph_only,19,0,0.5,0.7057741866313657,0.8181624832612695,0.8245798319327731
2023-12-01,0.4365229287327939,0.638654617367446,8,graph_only,19,0,0.5,0.7530191708050089,0.8442575855415098,0.8923319327731093
2024-01-01,0.4121436306820253,0.6367757694354417,8,graph_only,19,0,0.5,0.8106842859869694,0.8638297051904965,0.9254201680672269
2024-02-01,0.43521539023961536,0.6371891965972964,8,graph_only,19,0,0.5,0.8339514949719993,0.8718796011357255,0.9311974789915967
2024-03-01,0.5296303007462152,0.6677244639545638,7,graph_only,19,0,0.5,0.8982457053705446,0.9003731528557445,0.9543067226890757
2024-04-01,0.6908921319249622,0.7087795933936234,7,graph_only,19,0,0.5,0.9411799712758114,0.8966907863741936,0.9669117647058824
2024-05-01,0.8144757442804326,0.731082731920607,9,graph_only,19,0,0.5,0.9450066442346837,0.9061041659784694,0.970063025210084
2024-06-01,0.828999030522802,0.7247680936474956,10,graph_only,19,0,0.5,0.995223139151401,0.9883472490430733,0.9957983193277311
2024-07-01,0.0008207314139415158,0.03861246332926667,9,graph_only,19,0,0.5,0.005611719345258934,0.048881429516139066,0.01838235294117647
2024-08-01,0.0006789278346818013,0.03520680743415479,8,graph_only,19,0,0.5,0.8783550559758552,0.8082920628819105,0.9947478991596639
2024-09-01,0.6714734036084316,0.6224315234383284,7,graph_only,19,0,0.5,0.008118975309070667,0.06983965431094981,0.3860294117647059
2024-10-01,0.6811018185400589,0.6325736790067332,7,graph_only,19,0,0.5,0.9989043077983343,0.9975479011140729,0.9994747899159664
2024-11-01,0.6786940325283681,0.6261892424249011,7,graph_only,19,0,0.5,0.9096660929828734,0.8817804069242154,0.9737394957983193
2024-12-01,0.6786940325283681,0.6261892424249011,7,graph_only,19,0,0.5,1.0,1.0,1.0
2023-01-01,0.5852324828522989,0.7116192287766123,8,collapse_fixed,24,0,0.5,,,
2023-02-01,0.5852324828522989,0.7116192287766123,8,collapse_fixed,24,0,0.5,1.0,1.0,1.0
2023-03-01,0.6040313985065756,0.7019698670818442,8,collapse_fixed,24,0,0.5,0.9453922264268136,0.9091313918466282,0.9726890756302521
2023-04-01,0.6516778372934466,0.7198688461615824,8,collapse_fixed,24,0,0.5,0.9321607145111676,0.901533302908602,0.967436974789916
2023-05-01,0.6902820740441131,0.7222780337567923,8,collapse_fixed,24,0,0.5,0.9063046076082467,0.8873815465387141,0.9595588235294118
2023-06-01,0.7268186172334329,0.7426487143450564,9,collapse_fixed,24,0,0.5,0.8963043983299768,0.8919045233242489,0.9585084033613446
2023-07-01,0.684353935713815,0.7348334617756722,10,collapse_fixed,24,0,0.5,0.8981922987676071,0.8967060832831005,0.9564075630252101
2023-08-01,0.5522224326204055,0.695951825901703,10,collapse_fixed,24,0,0.5,0.747601659926376,0.8405726170223238,0.8728991596638656
2023-09-01,0.48461370429514405,0.6684689868813003,10,collapse_fixed,24,0,0.5,0.5714527748906713,0.7953327121346397,0.7867647058823529
2023-10-01,0.5100292869721698,0.6789554806468512,10,collapse_fixed,24,0,0.5,0.5996525200744741,0.7757189047301335,0.7878151260504201
2023-11-01,0.5009188524155087,0.6936532627438412,11,collapse_fixed,24,0,0.5,0.8366529379827524,0.8354935001620666,0.8897058823529411
2023-12-01,0.48701586806624897,0.7052784705348497,11,collapse_fixed,24,0,0.5,0.9170381745603365,0.8851664797731569,0.9448529411764706
2024-01-01,0.4523252398342191,0.6813577353680349,11,collapse_fixed,24,0,0.5,0.9623799545209417,0.9471004887077269,0.9821428571428571
2024-02-01,0.4779405328925389,0.674477939873801,11,collapse_fixed,24,0,0.5,0.9314734595223727,0.9198739434983331,0.9684873949579832
2024-03-01,0.5184258506126537,0.6933935621893499,11,collapse_fixed,24,0,0.5,0.8786430323634954,0.8975295186830463,0.944327731092437
2024-04-01,0.5346683484763488,0.698511996777144,11,collapse_fixed,24,0,0.5,0.7900893794785311,0.8618703955992701,0.9091386554621849
2024-05-01,0.5293117666782622,0.705642346273306,12,collapse_fixed,24,0,0.5,0.751770027130169,0.858529691387382,0.9028361344537815
2024-06-01,0.6068964835760425,0.6991905977358152,12,collapse_fixed,24,0,0.5,0.5977051452340215,0.8141207052663005,0.8182773109243697
2024-07-01,0.8112809844904145,0.7286146791383538,12,collapse_fixed,24,0,0.5,0.7039479211069825,0.8357708866566842,0.8613445378151261
2024-08-01,0.8146875720150685,0.7266243717009381,12,collapse_fixed,24,0,0.5,0.9078675573928979,0.8962410247747001,0.9564075630252101
2024-09-01,0.7830558854192798,0.7178121403532088,12,collapse_fixed,24,0,0.5,0.9466486073227764,0.9096298038970378,0.9716386554621849
2024-10-01,0.7519508031952082,0.7207789488478301,11,collapse_fixed,24,0,0.5,0.9278374309878419,0.8896372062778237,0.9648109243697479
2024-11-01,0.7411288301841477,0.7140639995999358,11,collapse_fixed,24,0,0.5,0.9972698836730932,0.9952197858699877,0.9989495798319328
2024-12-01,0.021709072278727697,0.06480584464328733,10,collapse_fixed,24,0,0.5,0.03844769743658652,0.0971849490266921,0.5934873949579832
2023-01-01,0.6394412020407785,0.6686600903169828,6,collapse_fixed,39,0,0.5,,,
2023-02-01,0.6394412020407785,0.6686600903169828,6,collapse_fixed,39,0,0.5,1.0,1.0,1.0
2023-03-01,0.6458136220772893,0.6624114972787553,6,collapse_fixed,39,0,0.5,0.9107803265287235,0.8886156493352267,0.9642857142857143
2023-04-01,0.6722918234110883,0.6710441271737954,6,collapse_fixed,39,0,0.5,0.9098630719584487,0.891380027127349,0.9663865546218487
2023-05-01,0.6382218860210218,0.6360984927129818,8,collapse_fixed,39,0,0.5,0.8975706820025903,0.8884058048240572,0.9616596638655462
2023-06-01,0.6071533511259808,0.6327824602623959,10,collapse_fixed,39,0,0.5,0.8930938877886141,0.8746732413792039,0.9527310924369747
2023-07-01,0.5117828852799606,0.6284537269521486,10,collapse_fixed,39,0,0.5,0.7989494689355585,0.8404163368526463,0.8996848739495799
2023-08-01,0.47351672407533446,0.6481202584760501,10,collapse_fixed,39,0,0.5,0.7296683304085971,0.8205686684580007,0.865546218487395
2023-09-01,0.5172211668549692,0.6574428327152398,10,collapse_fixed,39,0,0.5,0.7213568370924055,0.8194406679015334,0.8592436974789915
2023-10-01,0.5729638322546351,0.6855471740241009,10,collapse_fixed,39,0,0.5,0.7821816869924987,0.840085308005287,0.8828781512605042
2023-11-01,0.5627292366389706,0.6928220101750756,10,collapse_fixed,39,0,0.5,0.8529775213018521,0.8780162728990571,0.9359243697478992
2023-12-01,0.4948840215294637,0.6770937454682188,10,collapse_fixed,39,0,0.5,0.8374422479554526,0.8691255013399347,0.9296218487394958
2024-01-01,0.438196753587773,0.662024825013288,11,collapse_fixed,39,0,0.5,0.8764757201953419,0.8882340026145435,0.9411764705882353
2024-02-01,0.46393000691646474,0.6530973924885635,11,collapse_fixed,39,0,0.5,0.8695019374308808,0.8748087390730012,0.930672268907563
2024-03-01,0.5123427116456873,0.6337609607160581,12,collapse_fixed,39,0,0.5,0.8857522371034614,0.8703043816559574,0.9322478991596639
2024-04-01,0.5273463066112698,0.6241192545982799,11,collapse_fixed,39,0,0.5,0.8445158565585245,0.8247607943732785,0.8870798319327731
2024-05-01,0.48219644211729923,0.6355208294020311,11,collapse_fixed,39,0,0.5,0.7000150839776981,0.8032859698411423,0.8571428571428571
2024-06-01,0.523512714453283,0.6609530697040981,9,collapse_fixed,39,0,0.5,0.6654715891419768,0.8067230987153962,0.8665966386554622
2024-07-01,0.6306687580789272,0.6891409949797662,9,collapse_fixed,39,0,0.5,0.7765519600693768,0.8641381683764118,0.9107142857142857
2024-08-01,0.7132805829045561,0.7107247254969464,9,collapse_fixed,39,0,0.5,0.8497035486593943,0.8823601510540491,0.9353991596638656
2024-09-01,0.745256341739552,0.7139726725101427,9,collapse_fixed,39,0,0.5,0.8489637885038166,0.8559476609851315,0.9338235294117647
2024-10-01,0.7303937212713422,0.7175742491558574,9,collapse_fixed,39,0,0.5,0.8783278791435172,0.8684761616268664,0.9485294117647058
2024-11-01,0.7248720322186678,0.7175352142012078,9,collapse_fixed,39,0,0.5,0.9984880377059102,0.9971455525416476,0.9994747899159664
2024-12-01,0.01955300916655931,0.06372564320952484,9,collapse_fixed,39,0,0.5,0.03481746006950924,0.08760428172815829,0.6050420168067226
2023-01-01,0.7405955504664945,0.7213620567061658,8,combined,0,0,0.5,,,
2023-02-01,0.7405955504664945,0.7213620567061658,8,combined,0,0,0.5,1.0,1.0,1.0
2023-03-01,0.7330369894402506,0.720133391845688,9,combined,0,0,0.5,0.8910460051085102,0.8864246480829167,0.9564075630252101
2023-04-01,0.6964002383143345,0.7175367700195938,9,combined,0,0,0.5,0.8836773064763614,0.8773039201704161,0.9506302521008403
2023-05-01,0.6386716698149021,0.6977571030752585,9,combined,0,0,0.5,0.8914312387876564,0.8845294059322144,0.9543067226890757
2023-06-01,0.6050304366355284,0.6863457475066955,9,combined,0,0,0.5,0.9007974004065314,0.9024562862302068,0.9621848739495799
2023-07-01,0.5794516393912612,0.6832629672492582,10,combined,0,0,0.5,0.9474338521174505,0.9365658830983964,0.976890756302521
2023-08-01,0.5626710695355179,0.6755675491947376,11,combined,0,0,0.5,0.8995162082460202,0.8874036207582716,0.9448529411764706
2023-09-01,0.5575202005514438,0.6677589677336839,12,combined,0,0,0.5,0.8936437975148753,0.8750135954867936,0.9269957983193278
2023-10-01,0.5888160537857239,0.6782284456222812,12,combined,0,0,0.5,0.8587880549733934,0.8669937258932578,0.9217436974789915
2023-11-01,0.5631345574508407,0.6697653233399639,12,combined,0,0,0.5,0.8289611926389902,0.8572835046973651,0.9149159663865546
2023-12-01,0.5535055040524909,0.6595093850528856,12,combined,0,0,0.5,0.7624204745023314,0.832109299718203,0.8834033613445378
2024-01-01,0.5488584302864908,0.6425488357596617,12,combined,0,0,0.5,0.7211816269005343,0.8171070738170031,0.832983193277311
2024-02-01,0.550266970858072,0.6647215880049901,11,combined,0,0,0.5,0.7376026904929344,0.8062785314346007,0.8130252100840336
2024-03-01,0.5059051930126426,0.6725167109694503,10,combined,0,0,0.5,0.7952837405351858,0.8256536002543349,0.8760504201680672
2024-04-01,0.39159545928427164,0.6385060461032892,10,combined,0,0,0.5,0.7513635114930206,0.8133821197940722,0.8897058823529411
2024-05-01,0.374108469308736,0.6292087260324251,10,combined,0,0,0.5,0.7831073317661237,0.8303148971044111,0.907563025210084
2024-06-01,0.3967045457756566,0.652372741563297,9,combined,0,0,0.5,0.8404616927344915,0.8553033576693521,0.9301470588235294
2024-07-01,0.4405822338022162,0.680761909567847,9,combined,0,0,0.5,0.891602482207178,0.8874006663196786,0.9532563025210085
2024-08-01,0.5070991875956193,0.7174719161990223,9,combined,0,0,0.5,0.8843987187380058,0.8861995201741507,0.9485294117647058
2024-09-01,0.5779836624737762,0.7648220507533698,9,combined,0,0,0.5,0.8838129322010083,0.8807447153164235,0.9501050420168067
2024-10-01,0.6367368161382797,0.7778060992195556,9,combined,0,0,0.5,0.8914907960752559,0.9035831717050922,0.9627100840336135
2024-11-01,0.7047769940063069,0.7921104565231675,9,combined,0,0,0.5,0.884694289146491,0.9014004218898549,0.9595588235294118
2024-12-01,0.7047769940063069,0.7921104565231675,9,combined,0,0,0.5,1.0,1.0,1.0
2023-01-01,0.5159332914588964,0.6439024621820848,5,combined,1,1,0.5,,,
2023-02-01,0.5159332914588964,0.6439024621820848,5,combined,1,1,0.5,1.0,1.0,1.0
2023-03-01,0.5305898874375966,0.6329886874980668,5,combined,1,1,0.5,0.9606976456430985,0.9182129115676637,0.9810924369747899
2023-04-01,0.5839813219305622,0.6623590011196903,5,combined,1,1,0.5,0.938333321711986,0.9057540327714806,0.976890756302521
2023-05-01,0.6687390325289687,0.7003360696551332,5,combined,1,1,0.5,0.8671516999380877,0.8641611075217194,0.9527310924369747
2023-06-01,0.6648070853294494,0.7020880598308558,6,combined,1,1,0.5,0.9074051490525951,0.8948463643370829,0.9684873949579832
2023-07-01,0.5924028921886435,0.6736790364927957,6,combined,1,1,0.5,0.9148097106857488,0.9058828386927562,0.9721638655462185
2023-08-01,0.5382849765984999,0.6632298389209038,6,combined,1,1,0.5,0.9253330717765755,0.9111530540288536,0.9747899159663865
2023-09-01,0.5083848797726219,0.6547625963288518,6,combined,1,1,0.5,0.9081903213549287,0.8980623278171354,0.970063025210084
2023-10-01,0.4859996246363415,0.6428165861224713,6,combined,1,1,0.5,0.9254860492774656,0.9192449406220253,0.9763655462184874
2023-11-01,0.46461568589162866,0.6324460868757279,9,combined,1,1,0.5,0.9340893445259442,0.9098920863507897,0.9758403361344538
2023-12-01,0.4292283860706024,0.614227047865922,12,combined,1,1,0.5,0.9861761802212458,0.9786938728058295,0.9910714285714286
2024-01-01,0.0029746336571211764,0.06193178664952666,12,combined,1,1,0.5,0.017667089216937062,0.1162066308663244,0.037815126050420166
2024-02-01,0.48093463888811905,0.6273573327345112,12,combined,1,1,0.5,0.020124969461517005,0.1358036155425946,0.27836134453781514
2024-03-01,0.48178567146551315,0.6460921357878311,11,combined,1,1,0.5,0.9796472207208012,0.9706246343627799,0.9852941176470589
2024-04-01,0.5012388319488174,0.6526000029596652,8,combined,1,1,0.5,0.6841681299678947,0.8110385081083038,0.8482142857142857
2024-05-01,0.7280394499572169,0.7057532331984799,8,combined,1,1,0.5,0.7828001380595401,0.8295063517021269,0.8891806722689075
2024-06-01,0.7556942080736905,0.7008471302131443,8,combined,1,1,0.5,0.9302799289428624,0.9050564834707426,0.9711134453781513
2024-07-01,0.7544646215165193,0.6908988437606042,8,combined,1,1,0.5,0.9192354566760358,0.8839441714776648,0.9690126050420168
2024-08-01,0.7675427284393249,0.7111798134855275,8,combined,1,1,0.5,0.9451487593384928,0.9157355187230453,0.9789915966386554
2024-09-01,0.7985431347944533,0.7321223997189025,8,combined,1,1,0.5,0.952639321856717,0.9249119874281614,0.9821428571428571
2024-10-01,0.8009686204737674,0.7345286658522246,8,combined,1,1,0.5,0.9334538477156463,0.9125197550200875,0.9763655462184874
2024-11-01,0.7778993506618662,0.7241157747816637,8,combined,1,1,0.5,0.9283026916775448,0.8980271529884148,0.9721638655462185
2024-12-01,0.7778993506618662,0.7241157747816637,8,combined,1,1,0.5,1.0,1.0,1.0
2023-01-01,0.6192831064649155,0.6968327880717273,7,combined,2,2,0.5,,,
2023-02-01,0.6192831064649155,0.6968327880717273,7,combined,2,2,0.5,1.0,1.0,1.0
2023-03-01,0.5998572997210486,0.6688183891672147,7,combined,2,2,0.5,0.8544430105891675,0.8605268901597368,0.9427521008403361
2023-04-01,0.5995653624153455,0.6636110113620699,7,combined,2,2,0.5,0.890273840637218,0.876566023678445,0.9548319327731093
2023-05-01,0.6068161941725082,0.6536648675928217,7,combined,2,2,0.5,0.8981740619595583,0.8975329371613077,0.960609243697479
2023-06-01,0.618941413823897,0.6694145884954292,8,combined,2,2,0.5,0.9034206693448823,0.8915818918297179,0.9600840336134454
2023-07-01,0.5943280559260324,0.6667660493245423,9,combined,2,2,0.5,0.92782854808676,0.9022050355968525,0.9642857142857143
2023-08-01,0.5659192123380552,0.6691943676979646,10,combined,2,2,0.5,0.926707564284024,0.8995732663665225,0.9653361344537815
2023-09-01,0.5559350462521988,0.6713572363063955,11,combined,2,2,0.5,0.9017519683224355,0.891170159335228,0.9553571428571429
2023-10-01,0.5409503531682338,0.6643922297442336,11,combined,2,2,0.5,0.871581083215879,0.8823484470857497,0.9432773109243697
2023-11-01,0.526990450644855,0.6664555043887771,12,combined,2,2,0.5,0.8547034730418916,0.8548477456977611,0.9290966386554622
2023-12-01,0.48061232358705597,0.651115622962873,12,combined,2,2,0.5,0.8794232490222983,0.8767852863273995,0.9348739495798319
2024-01-01,0.43213539617763935,0.6321794027891131,12,combined,2,2,0.5,0.8431517732410478,0.851364740026084,0.9206932773109243
2024-02-01,0.4264650878064935,0.6047270522633569,12,combined,2,2,0.5,0.8186047090113964,0.8446455605517228,0.8907563025210085
2024-03-01,0.34723021885822153,0.5690175682896821,12,combined,2,2,0.5,0.6364147132703174,0.7855508935573683,0.7883403361344538
2024-04-01,0.3001936743016273,0.531683655832868,13,combined,2,2,0.5,0.6211206735134885,0.7648073967443475,0.7935924369747899
2024-05-01,0.3710313935917261,0.5591137135498001,13,combined,2,2,0.5,0.7881797057073897,0.8165960046050177,0.8792016806722689
2024-06-01,0.3800748068659226,0.5960522802307774,11,combined,2,2,0.5,0.9131436015896109,0.8933890744664441,0.9590336134453782
2024-07-01,0.3941515003463297,0.6221381735661285,11,combined,2,2,0.5,0.9362172712593326,0.9135039187458805,0.9716386554621849
2024-08-01,0.4035518036279224,0.6289446869349864,11,combined,2,2,0.5,0.9307496543239008,0.9218656457035708,0.9742647058823529
2024-09-01,0.4078647657920538,0.6396694531157111,11,combined,2,2,0.5,0.9212037346421568,0.9045976066141627,0.9690126050420168
2024-10-01,0.4213104885447782,0.640683685323027,11,combined,2,2,0.5,0.93627611613401,0.9140372892830505,0.9721638655462185
2024-11-01,0.4446128215330966,0.650164492206792,11,combined,2,2,0.5,0.8831537434350508,0.877640127915535,0.9564075630252101
2024-12-01,0.4446128215330966,0.650164492206792,11,combined,2,2,0.5,1.0,1.0,1.0
2023-01-01,0.6214983920446799,0.7172419524388689,6,combined,3,3,0.5,,,
2023-02-01,0.6214983920446799,0.7172419524388689,6,combined,3,3,0.5,1.0,1.0,1.0
2023-03-01,0.6428130257720838,0.7087281427668162,6,combined,3,3,0.5,0.9291666007429613,0.8985507727858792,0.9705882352941176
2023-04-01,0.6719784843647116,0.7013151446851449,6,combined,3,3,0.5,0.9198629552119106,0.891673858055042,0.9679621848739496
2023-05-01,0.6831703022978248,0.6871024991261461,7,combined,3,3,0.5,0.8828492218842512,0.8663759830718459,0.9537815126050421
2023-06-01,0.6659194220331818,0.6768738680399479,7,combined,3,3,0.5,0.9138762197887554,0.9013958793216681,0.9600840336134454
2023-07-01,0.632026905935567,0.6794650247512081,7,combined,3,3,0.5,0.9117627893871982,0.8888872138689035,0.9564075630252101
2023-08-01,0.5562293247395137,0.664739077421064,7,combined,3,3,0.5,0.8706127707754526,0.8668815244231146,0.9406512605042017
2023-09-01,0.531738402492983,0.6664351744368455,7,combined,3,3,0.5,0.8613554952746112,0.8700475910851263,0.9438025210084033
2023-10-01,0.5246035419428628,0.6719991147048133,7,combined,3,3,0.5,0.9154615088321213,0.8984650797022383,0.9621848739495799
2023-11-01,0.4853082436843672,0.6547398328982597,7,combined,3,3,0.5,0.9331971374182417,0.9120061754282068,0.9695378151260504
2023-12-01,0.4337110850547399,0.634417867447205,7,combined,3,3,0.5,0.9077148403125648,0.9025520732121363,0.9616596638655462
2024-01-01,0.3616213102606498,0.5940939258310715,9,combined,3,3,0.5,0.8650893512266992,0.882244627309489,0.9432773109243697
2024-02-01,0.3528269684518804,0.5758992619455887,9,combined,3,3,0.5,0.8661586737322042,0.8993774170530245,0.9396008403361344
2024-03-01,0.34418733828221837,0.570690196721798,9,combined,3,3,0.5,0.7573655456663607,0.8361327664244131,0.8644957983193278
2024-04-01,0.41644215110988575,0.590069575688673,11,combined,3,3,0.5,0.7576037991299958,0.8258803010779394,0.8287815126050421
2024-05-01,0.4081702029723378,0.5879985284572858,12,combined,3,3,0.5,0.9866454355783584,0.9724345531767247,0.9868697478991597
2024-06-01,0.024521655791145413,0.07860657123800797,12,combined,3,3,0.5,0.02170111498481064,0.13113990063389916,0.3004201680672269
2024-07-01,0.6944914870284282,0.6363943220691157,11,combined,3,3,0.5,0.043666200988130136,0.17805507999566342,0.0430672268907563
2024-08-01,0.6845827611451756,0.649846732348773,10,combined,3,3,0.5,0.9867389733637818,0.9713770637591952,0.993172268907563
2024-09-01,0.6872445614292517,0.6696734768069087,9,combined,3,3,0.5,0.9654236662952813,0.9350827517390372,0.9858193277310925
2024-10-01,0.6780240450763488,0.6721014892468129,8,combined,3,3,0.5,0.9809902503451564,0.9637263892046971,0.9936974789915967
2024-11-01,0.6723129000646803,0.6781351627354104,8,combined,3,3,0.5,0.9802907787468101,0.9607903201880046,0.993172268907563
2024-12-01,0.6723129000646803,0.6781351627354104,8,combined,3,3,0.5,1.0,1.0,1.0
2023-01-01,0.22191007304982643,0.4226320395759492,5,combined,4,4,0.5,,,
2023-02-01,0.22191007304982643,0.4226320395759492,5,combined,4,4,0.5,1.0,1.0,1.0
2023-03-01,0.2204184439003643,0.4140026542040782,6,combined,4,4,0.5,0.9919952331853676,0.9815506887434439,0.9978991596638656
2023-04-01,0.0015877615805030606,0.01301205645366908,8,combined,4,4,0.5,0.02396615660687143,0.06146976968594835,0.805672268907563
2023-05-01,0.0013208775343910963,0.020096906679551912,8,combined,4,4,0.5,0.6207466185473528,0.5951517729078454,0.9900210084033614
2023-06-01,0.5224032216951624,0.6419820731501558,10,combined,4,4,0.5,0.004668256974397125,0.053486220522262935,0.01838235294117647
2023-07-01,0.5097491376999703,0.652056564369122,10,combined,4,4,0.5,1.0,1.0,1.0
2023-08-01,0.48018890424353095,0.6455370807510796,8,combined,4,4,0.5,0.8871564624740405,0.8937897794307375,0.9585084033613446
2023-09-01,0.48295521781986983,0.6453964536969073,9,combined,4,4,0.5,0.9310887800903402,0.9197835910584178,0.9737394957983193
2023-10-01,0.48172101944318385,0.6457861084749763,9,combined,4,4,0.5,0.9355106634283223,0.9180923342550615,0.9747899159663865
2023-11-01,0.47728549215866656,0.6342022730922373,9,combined,4,4,0.5,0.924621383709832,0.905200099199226,0.9705882352941176
2023-12-01,0.4620892423149252,0.6177509986508541,9,combined,4,4,0.5,0.91980272594814,0.9013913176734691,0.9663865546218487
2024-01-01,0.42780392066844164,0.6191711102310355,9,combined,4,4,0.5,0.908344065189599,0.8788545389852402,0.9411764705882353
2024-02-01,0.4185445762842522,0.6070908118556682,9,combined,4,4,0.5,0.8825860161216117,0.8636965228991147,0.9217436974789915
2024-03-01,0.39896290553961533,0.6205558235665126,9,combined,4,4,0.5,0.7857429628174335,0.8317326397071916,0.8881302521008403
2024-04-01,0.38334569355857395,0.5960479918522816,11,combined,4,4,0.5,0.7113492712145507,0.8097351343299514,0.8776260504201681
2024-05-01,0.3998599052935675,0.5849489110481216,11,combined,4,4,0.5,0.5941986282504049,0.7588405936005265,0.8350840336134454
2024-06-01,0.5858699530741985,0.6330670947277816,11,combined,4,4,0.5,0.6242781458712083,0.7521225084778949,0.8245798319327731
2024-07-01,0.5947272765071153,0.6468750819481758,11,combined,4,4,0.5,0.9773278138534398,0.9512222292591974,0.9847689075630253
2024-08-01,0.039502895529859326,0.14041174938224069,11,combined,4,4,0.5,0.13358345320851947,0.27608528600434695,0.6906512605042017
2024-09-01,0.6889914091415009,0.6781901627982935,10,combined,4,4,0.5,0.06318048150930325,0.21057650056380622,0.06039915966386555
2024-10-01,0.6815148413921402,0.6796618033186053,10,combined,4,4,0.5,0.9772566490696298,0.9644372065945394,0.9889705882352942
2024-11-01,0.67786827634039,0.6758142913608383,9,combined,4,4,0.5,0.9722021662504087,0.9508755034724656,0.9900210084033614
2024-12-01,0.67786827634039,0.6758142913608383,9,combined,4,4,0.5,1.0,1.0,1.0
2023-01-01,0.5764495168372435,0.6514898553784515,6,combined,5,5,0.5,,,
2023-02-01,0.5764495168372435,0.6514898553784515,6,combined,5,5,0.5,1.0,1.0,1.0
2023-03-01,0.5482752150876363,0.630425844756816,6,combined,5,5,0.5,0.8906231932353331,0.8773180533845768,0.9590336134453782
2023-04-01,0.5175630233586818,0.6195624044439564,7,combined,5,5,0.5,0.9207127438824337,0.9037275679751681,0.970063025210084
2023-05-01,0.5076388710716438,0.6055224820112938,7,combined,5,5,0.5,0.8904466401499685,0.8835282296672183,0.9590336134453782
2023-06-01,0.5060493584780468,0.6226568785518504,9,combined,5,5,0.5,0.931434380223562,0.9098810841858928,0.9711134453781513
2023-07-01,0.4773288269143201,0.6314117136304994,9,combined,5,5,0.5,0.9065633042520171,0.8971564286490012,0.960609243697479
2023-08-01,0.43296393661989596,0.6284567428287297,10,combined,5,5,0.5,0.8396510949802745,0.8701423328883128,0.9311974789915967
2023-09-01,0.4606147348951808,0.6363868846589618,10,combined,5,5,0.5,0.7706626428202978,0.8509537559885871,0.8965336134453782
2023-10-01,0.5527523645636856,0.6603196274250561,11,combined,5,5,0.5,0.7652179089682912,0.8476084149084773,0.8986344537815126
2023-11-01,0.5600789682732695,0.6654805503822993,11,combined,5,5,0.5,0.8101686706611195,0.8545621134786208,0.9217436974789915
2023-12-01,0.49110939096182504,0.6375181601556624,14,combined,5,5,0.5,0.9861891014211317,0.97807137162493,0.990546218487395
2024-01-01,0.0037959352270145763,0.0766061012115268,13,combined,5,5,0.5,0.019733822276741655,0.13220600517247244,0.28991596638655465
2024-02-01,0.4233796441829964,0.6004417992754026,13,combined,5,5,0.5,0.040617602280835975,0.15172967937873116,0.06460084033613446
2024-03-01,0.5143492120494555,0.6268963743779392,12,combined,5,5,0.5,0.968400407042197,0.9591063979261788,0.9821428571428571
2024-04-01,0.7067062534394071,0.6915934185498038,11,combined,5,5,0.5,0.9039829459258953,0.8570773567230184,0.9448529411764706
2024-05-01,0.8357459080715002,0.7279318703929569,9,combined,5,5,0.5,0.9447549929256998,0.8965542509845641,0.967436974789916
2024-06-01,0.8386790436535834,0.7348981858622722,9,combined,5,5,0.5,0.9549006543422291,0.9294966014094832,0.9805672268907563
2024-07-01,0.8331022641297521,0.7481238627440242,9,combined,5,5,0.5,0.9639927663567007,0.9413864587103669,0.9842436974789915
2024-08-01,0.8208004399708347,0.7506533335928894,9,combined,5,5,0.5,0.9548934576467728,0.9369460417461375,0.9816176470588235
2024-09-01,0.8335985709372815,0.7653745867129716,9,combined,5,5,0.5,0.9252552349910731,0.9016470565232358,0.9695378151260504
2024-10-01,0.825221729701696,0.768238807409929,9,combined,5,5,0.5,0.9618279929653942,0.9397179786275681,0.9842436974789915
2024-11-01,0.8271540675576458,0.7782616644531869,9,combined,5,5,0.5,0.9598262304681918,0.9346176715654072,0.9826680672268907
2024-12-01,0.8271540675576458,0.7782616644531869,9,combined,5,5,0.5,1.0,1.0,1.0
2023-01-01,0.5909888413229223,0.6970895264398501,7,combined,6,6,0.5,,,
2023-02-01,0.5909888413229223,0.6970895264398501,7,combined,6,6,0.5,1.0,1.0,1.0
2023-03-01,0.5880403443732193,0.6847586386284727,7,combined,6,6,0.5,0.9489578393891351,0.9216039729880899,0.9805672268907563
2023-04-01,0.6082544326643314,0.6898745304122734,7,combined,6,6,0.5,0.9564867370838206,0.9280162939967537,0.9821428571428571
2023-05-01,0.6162248955343802,0.6811559968441909,7,combined,6,6,0.5,0.9506895713367253,0.9172205040474147,0.9747899159663865
2023-06-01,0.6026598843204238,0.6760941200709659,7,combined,6,6,0.5,0.9453847938971843,0.9071117509611156,0.9705882352941176
2023-07-01,0.5518066879103022,0.6455218251919862,7,combined,6,6,0.5,0.9301762999542162,0.9050173503434177,0.9637605042016807
2023-08-01,0.4922224170370258,0.6183395026365317,10,combined,6,6,0.5,0.8817140778281872,0.8881695560590863,0.9438025210084033
2023-09-01,0.48585323250263956,0.6302567353543759,10,combined,6,6,0.5,0.8316679769676133,0.8521234697603508,0.9238445378151261
2023-10-01,0.487025714412778,0.6455373411785806,10,combined,6,6,0.5,0.7757735793010399,0.8127938082858228,0.8823529411764706
2023-11-01,0.420768945007321,0.6251979956147006,10,combined,6,6,0.5,0.7038921676066047,0.8042435121100439,0.8476890756302521
2023-12-01,0.37413546917960905,0.601853919960355,10,combined,6,6,0.5,0.721094875119139,0.8181659173648245,0.8387605042016807
2024-01-01,0.36366302364711817,0.59041593812825,10,combined,6,6,0.5,0.7584708253916544,0.8224055392813435,0.8550420168067226
2024-02-01,0.38228097877079265,0.605525689695562,10,combined,6,6,0.5,0.8420752336820723,0.8739687162892794,0.9159663865546218
2024-03-01,0.4612390576403415,0.6324217045132821,9,combined,6,6,0.5,0.8670847073570543,0.87795759025335,0.9464285714285714
2024-04-01,0.5603501002278468,0.6608106891777478,8,combined,6,6,0.5,0.8388998774956765,0.8572335220857709,0.9338235294117647
2024-05-01,0.6041616716663097,0.6634590262330272,8,combined,6,6,0.5,0.830541097871293,0.8452484795358908,0.9233193277310925
2024-06-01,0.6714255581087654,0.6753652605778011,8,combined,6,6,0.5,0.8427728420565704,0.850557201865171,0.9233193277310925
2024-07-01,0.7368046571758717,0.7021766748288679,8,combined,6,6,0.5,0.9076894136921364,0.893636178332813,0.9527310924369747
2024-08-01,0.7884546582465417,0.7419917829094846,8,combined,6,6,0.5,0.9325794457148716,0.8902000643480744,0.9611344537815126
2024-09-01,0.8247263876563152,0.7649114294032046,8,combined,6,6,0.5,0.9408554946045224,0.8959507329747669,0.9679621848739496
2024-10-01,0.8341285770396318,0.7692201248224358,8,combined,6,6,0.5,0.9633333169806235,0.9263817955355659,0.9810924369747899
2024-11-01,0.8474367722210399,0.7860843658039304,8,combined,6,6,0.5,0.9390663049578156,0.9030072447971114,0.9726890756302521
2024-12-01,0.8474367722210399,0.7860843658039304,8,combined,6,6,0.5,1.0,1.0,1.0
2023-01-01,0.6512112081876398,0.7416495887625636,6,combined,7,7,0.5,,,
2023-02-01,0.6512112081876398,0.7416495887625636,6,combined,7,7,0.5,1.0,1.0,1.0
2023-03-01,0.650295774658791,0.7181917203710239,6,combined,7,7,0.5,0.9266646833420652,0.8904002833532052,0.9684873949579832
2023-04-01,0.6920505137429791,0.7387169468262352,7,combined,7,7,0.5,0.956371024046505,0.9336633081630625,0.9831932773109243
2023-05-01,0.6959400231731593,0.7400496220741913,8,combined,7,7,0.5,0.9363523605948638,0.9146827628521744,0.976890756302521
2023-06-01,0.6758226791090242,0.7287436446129527,8,combined,7,7,0.5,0.9401543685873336,0.9143042106302776,0.9726890756302521
2023-07-01,0.6125986592636499,0.7031982697862036,9,combined,7,7,0.5,0.9137033161350188,0.8973386871457906,0.9590336134453782
2023-08-01,0.514500086216158,0.6695592445771391,9,combined,7,7,0.5,0.8047906131184515,0.8398927170786976,0.9065126050420168
2023-09-01,0.46993315202617575,0.6525018729080866,9,combined,7,7,0.5,0.6866368402310175,0.8074535914968863,0.854516806722689
2023-10-01,0.4959782552521571,0.6499167450849276,11,combined,7,7,0.5,0.6531880183154749,0.8048606303351317,0.8256302521008403
2023-11-01,0.5077779269316028,0.671660690417261,11,combined,7,7,0.5,0.7664631556469161,0.8290722071340744,0.8776260504201681
2023-12-01,0.4449977410258773,0.6530031089586985,11,combined,7,7,0.5,0.851522277902876,0.8637583952123459,0.9206932773109243
2024-01-01,0.3925339875879911,0.6276734371641272,11,combined,7,7,0.5,0.8029299996329885,0.838269604917308,0.9028361344537815
2024-02-01,0.4019088399188584,0.6337177205464054,10,combined,7,7,0.5,0.7772022963844761,0.8405775440907072,0.9023109243697479
2024-03-01,0.41854885270370956,0.619972520629985,10,combined,7,7,0.5,0.8109212041846114,0.8622599795034297,0.9185924369747899
2024-04-01,0.4008624500121852,0.603884669952276,11,combined,7,7,0.5,0.8444325379090704,0.8663074060253645,0.9222689075630253
2024-05-01,0.3665293873187307,0.5983317333992021,11,combined,7,7,0.5,0.8492776283554353,0.8657223246466462,0.9185924369747899
2024-06-01,0.3468488437659795,0.6139291201138005,11,combined,7,7,0.5,0.8615343908862941,0.8641004368426791,0.9254201680672269
2024-07-01,0.31600850216516696,0.6215931049943207,11,combined,7,7,0.5,0.805764148829863,0.8393628144757339,0.8849789915966386
2024-08-01,0.40178846319303263,0.6467100817089726,11,combined,7,7,0.5,0.7321183783071115,0.8332435973066472,0.8623949579831933
2024-09-01,0.5767257314160948,0.7143405564082189,10,combined,7,7,0.5,0.7230247002080892,0.8255888384269519,0.8786764705882353
2024-10-01,0.673282908914214,0.7412256676693241,10,combined,7,7,0.5,0.8332060272541436,0.868157304869866,0.9348739495798319
2024-11-01,0.7720521190389014,0.7756241669987575,9,combined,7,7,0.5,0.8515643543267872,0.8784726715596822,0.9417016806722689
2024-12-01,0.7720521190389014,0.7756241669987575,9,combined,7,7,0.5,1.0,1.0,1.0
2023-01-01,0.6380581790942571,0.7084746692002997,7,combined,8,8,0.5,,,
2023-02-01,0.6380581790942571,0.7084746692002997,7,combined,8,8,0.5,1.0,1.0,1.0
2023-03-01,0.6040171906808219,0.682285800679823,7,combined,8,8,0.5,0.9178725855358866,0.8762374466951998,0.9590336134453782
2023-04-01,0.6057381464788106,0.687322407634948,7,combined,8,8,0.5,0.9288979336412212,0.9127967101172682,0.9711134453781513
2023-05-01,0.5911880294000721,0.69342973119887,8,combined,8,8,0.5,0.9069644189108604,0.8880160010702802,0.960609243697479
2023-06-01,0.5462215802465742,0.6853011335128438,8,combined,8,8,0.5,0.9060183710890436,0.9019122801095638,0.9632352941176471
2023-07-01,0.4752629562905525,0.6734563863104028,8,combined,8,8,0.5,0.8593685519659165,0.8839525519036424,0.9401260504201681
2023-08-01,0.45478404360758723,0.6672759229502213,8,combined,8,8,0.5,0.7875755435642648,0.8480587687116563,0.904936974789916
2023-09-01,0.5490295275542045,0.6979938878619266,9,combined,8,8,0.5,0.7868757160110398,0.8553870348965118,0.9107142857142857
2023-10-01,0.6410857851038374,0.7257508736415055,9,combined,8,8,0.5,0.7950256583740433,0.8427286498071672,0.9159663865546218
2023-11-01,0.5885809826501053,0.6944898878156051,9,combined,8,8,0.5,0.8759829805277894,0.8867708767784537,0.9427521008403361
2023-12-01,0.4838587384642899,0.6581843149988555,9,combined,8,8,0.5,0.8462255055562505,0.8572998214865912,0.9107142857142857
2024-01-01,0.4274411829074732,0.636361247616979,9,combined,8,8,0.5,0.8216235668780264,0.8378276805282303,0.8933823529411765
2024-02-01,0.45930662387295346,0.63605340583292,10,combined,8,8,0.5,0.8596883442109289,0.8608778275599976,0.9196428571428571
2024-03-01,0.47102258081332476,0.6292320656610957,10,combined,8,8,0.5,0.8513962098061801,0.8520044865459198,0.9180672268907563
2024-04-01,0.37516172853032337,0.5934658332335074,9,combined,8,8,0.5,0.8360254049073602,0.8406420076757373,0.8949579831932774
2024-05-01,0.3469062185082501,0.5924267040506149,9,combined,8,8,0.5,0.7934887430465238,0.8348611350174554,0.8939075630252101
2024-06-01,0.3989078065251517,0.6031903199577795,9,combined,8,8,0.5,0.6197358014715442,0.7733878507103389,0.8240546218487395
2024-07-01,0.5603014965712879,0.6560004550133969,9,combined,8,8,0.5,0.6824033342634935,0.7930725775567447,0.8440126050420168
2024-08-01,0.6274665144259263,0.6988291879489736,9,combined,8,8,0.5,0.8837947108978683,0.8891404624022331,0.9480042016806722
2024-09-01,0.6503002734015663,0.726096114584357,9,combined,8,8,0.5,0.9311658899188753,0.9206017670657569,0.9732142857142857
2024-10-01,0.6401883929378593,0.7301828190962889,9,combined,8,8,0.5,0.9638726754904222,0.9348954914216565,0.9816176470588235
2024-11-01,0.6270827496836099,0.7161506088287314,9,combined,8,8,0.5,0.9460784387867586,0.9211951587030914,0.9763655462184874
2024-12-01,0.6270827496836099,0.7161506088287314,9,combined,8,8,0.5,1.0,1.0,1.0
2023-01-01,0.5297599527831593,0.7055624646125883,8,combined,9,9,0.5,,,
2023-02-01,0.5297599527831593,0.7055624646125883,8,combined,9,9,0.5,1.0,1.0,1.0
2023-03-01,0.5254353933603001,0.6922280786470093,8,combined,9,9,0.5,0.8751690767940131,0.8647366671260375,0.9511554621848739
2023-04-01,0.5181287889729934,0.6820536763293549,8,combined,9,9,0.5,0.8478635423249584,0.8421869357668447,0.9396008403361344
2023-05-01,0.49300655030095014,0.6732123103526362,8,combined,9,9,0.5,0.870490880964229,0.8610622091890077,0.9396008403361344
2023-06-01,0.45447077015877824,0.6824479410254836,8,combined,9,9,0.5,0.8188248722842681,0.8661330881867374,0.9222689075630253
2023-07-01,0.4807073339063794,0.7010751930876341,9,combined,9,9,0.5,0.8032987387964493,0.8766420315286687,0.9196428571428571
2023-08-01,0.5663361271725245,0.715365539825937,9,combined,9,9,0.5,0.7892181180360628,0.8503110464703003,0.9154411764705882
2023-09-01,0.624300092460791,0.7139424243782444,10,combined,9,9,0.5,0.7900498423637056,0.8586939027025308,0.907563025210084
2023-10-01,0.6340143821541488,0.7086335544403927,11,combined,9,9,0.5,0.8216810376485879,0.8384813403277186,0.8970588235294118
2023-11-01,0.5872605053056937,0.7011008141705153,11,combined,9,9,0.5,0.8553472011687003,0.8592153536578317,0.9065126050420168
2023-12-01,0.4955139769015845,0.6705717352675987,11,combined,9,9,0.5,0.8567489277446765,0.8607530257967966,0.8881302521008403
2024-01-01,0.4311637475242428,0.6387151205096679,11,combined,9,9,0.5,0.7743352869682762,0.8411361275941772,0.8581932773109243
2024-02-01,0.4106603727847151,0.6263651790200475,11,combined,9,9,0.5,0.6272670468200193,0.8069497443565596,0.8140756302521008
2024-03-01,0.5254653222101291,0.6736576389138547,9,combined,9,9,0.5,0.6487778557831329,0.7946304101432685,0.8261554621848739
2024-04-01,0.6715948989228709,0.6994224623994009,9,combined,9,9,0.5,0.837282849762663,0.8474306006767374,0.9164915966386554
2024-05-01,0.7856173589870787,0.7444756791701048,10,combined,9,9,0.5,0.8858993782330862,0.8618493651090605,0.9453781512605042
2024-06-01,0.8248413895806713,0.7659432047218562,10,combined,9,9,0.5,0.9207534595142598,0.8877095414451401,0.957983193277311
2024-07-01,0.8230352006794475,0.7734685483068113,10,combined,9,9,0.5,0.9554700773899718,0.9292265415008416,0.9805672268907563
2024-08-01,0.833413441313855,0.7982327515022464,8,combined,9,9,0.5,0.9564757143457124,0.9297606925347727,0.9810924369747899
2024-09-01,0.8416741665422254,0.8097943025260588,8,combined,9,9,0.5,0.9561589846347438,0.9319136039414037,0.9826680672268907
2024-10-01,0.8485908761908899,0.8204704068574951,8,combined,9,9,0.5,0.9576068256970369,0.9355906852216196,0.9831932773109243
2024-11-01,0.848392483085165,0.8208601764059659,8,combined,9,9,0.5,0.95977667005125,0.9324276308933708,0.9831932773109243
2024-12-01,0.848392483085165,0.8208601764059659,8,combined,9,9,0.5,1.0,1.0,1.0
2023-01-01,0.005182948566690314,0.041511870016832084,8,combined,10,10,0.5,,,
2023-02-01,0.005378285776516065,0.04620180349923706,8,combined,10,10,0.5,0.9454510517378104,0.9125924780221324,0.9978991596638656
2023-03-01,0.6616896173858502,0.6953305748121524,9,combined,10,10,0.5,0.010903391125621692,0.05843049940112775,0.026785714285714284
2023-04-01,0.7142286119225317,0.7219332667859366,10,combined,10,10,0.5,0.9918164961704202,0.9840029038503221,0.9936974789915967
2023-05-01,0.7188700572169281,0.7158222938205425,9,combined,10,10,0.5,0.9132925688183039,0.8828449215449088,0.9600840336134454
2023-06-01,0.7137880247591747,0.7269398534843062,10,combined,10,10,0.5,0.9254935479750933,0.9103574786641889,0.9695378151260504
2023-07-01,0.682764566777666,0.7212590414308667,10,combined,10,10,0.5,0.9462053495766897,0.9300276571008771,0.976890756302521
2023-08-01,0.5913242430613893,0.7003854819757308,10,combined,10,10,0.5,0.9047243021939662,0.8957875718842881,0.9585084033613446
2023-09-01,0.5792144344632679,0.7097849278007377,10,combined,10,10,0.5,0.8637600755094614,0.8762586087106402,0.9411764705882353
2023-10-01,0.5856920797577271,0.7065526345062189,11,combined,10,10,0.5,0.8261111259889203,0.8563517882642652,0.9290966386554622
2023-11-01,0.5645917338848562,0.699179506817828,11,combined,10,10,0.5,0.8245474403671833,0.854211353623751,0.9285714285714286
2023-12-01,0.5387619260117457,0.7040159992472025,11,combined,10,10,0.5,0.8460141507154503,0.862171146078219,0.9348739495798319
2024-01-01,0.43449435630156313,0.6475736852626752,12,combined,10,10,0.5,0.862197941498483,0.8705897241859494,0.9327731092436975
2024-02-01,0.3528217818760539,0.604423589415321,13,combined,10,10,0.5,0.7639023359685368,0.8357428100608554,0.8634453781512605
2024-03-01,0.36655501119867306,0.6097307602619917,13,combined,10,10,0.5,0.7310580085660495,0.8271885694561446,0.8350840336134454
2024-04-01,0.4795817031961023,0.6363140680684534,13,combined,10,10,0.5,0.7761210740700267,0.834263378661547,0.8718487394957983
2024-05-01,0.5147877367252879,0.6570070584563538,13,combined,10,10,0.5,0.9168229253682488,0.9055939240121975,0.9585084033613446
2024-06-01,0.5254079998925827,0.6833165064578314,11,combined,10,10,0.5,0.9070510240046448,0.8954615336093822,0.9600840336134454
2024-07-01,0.5505168870154726,0.704608262543066,11,combined,10,10,0.5,0.9283968287495095,0.9180020794238603,0.9711134453781513
2024-08-01,0.6141269588796044,0.7285297604827028,11,combined,10,10,0.5,0.8936431566286894,0.9016739122129992,0.9595588235294118
2024-09-01,0.6881241643558013,0.7444523309141542,11,combined,10,10,0.5,0.8567987459250077,0.8755687021986908,0.944327731092437
2024-10-01,0.7500960695745099,0.7487360313815354,11,combined,10,10,0.5,0.8005782679952383,0.8468946576457019,0.9206932773109243
2024-11-01,0.7837939143542038,0.7848901050491044,11,combined,10,10,0.5,0.8078441259408403,0.8332128482365743,0.9159663865546218
2024-12-01,0.7837939143542038,0.7848901050491044,11,combined,10,10,0.5,1.0,1.0,1.0
2023-01-01,0.6326685472275002,0.6725150164872521,6,combined,11,11,0.5,,,
2023-02-01,0.6326685472275002,0.6725150164872521,6,combined,11,11,0.5,1.0,1.0,1.0
2023-03-01,0.5782075825778367,0.6477384119728232,6,combined,11,11,0.5,0.8859973968227725,0.8818897529879351,0.960609243697479
2023-04-01,0.5282909014278221,0.6257104288791523,6,combined,11,11,0.5,0.9181543790392304,0.9060401357309593,0.9711134453781513
2023-05-01,0.5130341344171241,0.6060823675850607,6,combined,11,11,0.5,0.9074801845977585,0.8965783074421247,0.9658613445378151
2023-06-01,0.5086847356891713,0.6170180910356309,7,combined,11,11,0.5,0.914152821231887,0.894879684191591,0.9648109243697479
2023-07-01,0.5004782043419138,0.6270693672671593,7,combined,11,11,0.5,0.9314440984530474,0.9240825060831394,0.9737394957983193
2023-08-01,0.5054519156905622,0.6332005883571914,8,combined,11,11,0.5,0.9366422621071138,0.9249059277393747,0.9763655462184874
2023-09-01,0.5036421999238573,0.6340671733439392,9,combined,11,11,0.5,0.9295182437014685,0.8993475367721314,0.9695378151260504
2023-10-01,0.5036432757964173,0.6380874671934068,9,combined,11,11,0.5,0.9245101559195198,0.9129146222881163,0.9716386554621849
2023-11-01,0.47665743480072326,0.6254559168518243,10,combined,11,11,0.5,0.9480102652902078,0.9331633911687652,0.9789915966386554
2023-12-01,0.41522403864324353,0.5897233438761386,11,combined,11,11,0.5,0.8849877695578305,0.8928714765119505,0.9585084033613446
2024-01-01,0.33944868575128606,0.5605512063077388,11,combined,11,11,0.5,0.841720928274188,0.8619116784243058,0.9422268907563025
2024-02-01,0.3171546200445837,0.5375699753318315,12,combined,11,11,0.5,0.9718647135150257,0.9644034225540791,0.9816176470588235
2024-03-01,0.018618831720930082,0.09448995344786072,12,combined,11,11,0.5,0.02168111340274598,0.14050801123558987,0.05934873949579832
2024-04-01,0.557951888418604,0.5994986244335754,12,combined,11,11,0.5,0.09083426689945585,0.2283358374643845,0.6302521008403361
2024-05-01,0.6763231561417373,0.6360591472342113,11,combined,11,11,0.5,0.9785783461504324,0.9635194733331087,0.9879201680672269
2024-06-01,0.733639538261651,0.6822025087687523,11,combined,11,11,0.5,0.9532548317431856,0.9180159314439791,0.9800420168067226
2024-07-01,0.7388669366876925,0.7046201041677945,11,combined,11,11,0.5,0.9575392646985181,0.9207075537361983,0.9826680672268907
2024-08-01,0.7260640399684585,0.7279217549806897,11,combined,11,11,0.5,0.9712910886427931,0.944867388049237,0.9889705882352942
2024-09-01,0.7223348619992147,0.7505255610498708,11,combined,11,11,0.5,0.9716819805318486,0.9468302212485878,0.9884453781512605
2024-10-01,0.6998805433194575,0.726280150977622,11,combined,11,11,0.5,0.974848189379167,0.9432790772221495,0.9884453781512605
2024-11-01,0.6904824177041757,0.7119668459334351,11,combined,11,11,0.5,0.976935375344438,0.9453037869216331,0.9894957983193278
2024-12-01,0.6904824177041757,0.7119668459334351,11,combined,11,11,0.5,1.0,1.0,1.0
2023-01-01,0.5391941470065565,0.6541067040346104,5,combined,12,12,0.5,,,
2023-02-01,0.5391941470065565,0.6541067040346104,5,combined,12,12,0.5,1.0,1.0,1.0
2023-03-01,0.556961030024472,0.649034631727591,5,combined,12,12,0.5,0.9280673916667098,0.8923293115819824,0.9737394957983193
2023-04-01,0.6051907437109365,0.6661660500368861,5,combined,12,12,0.5,0.9171340321811324,0.8782058406092125,0.9690126050420168
2023-05-01,0.6187944773230314,0.6724475965488128,5,combined,12,12,0.5,0.9506598399534322,0.9284928225511185,0.9831932773109243
2023-06-01,0.5898147100435851,0.6614378074501993,6,combined,12,12,0.5,0.9531294035198006,0.9248869941673162,0.9826680672268907
2023-07-01,0.533288330433561,0.6473789584320498,6,combined,12,12,0.5,0.961684484264475,0.9425103682933834,0.9868697478991597
2023-08-01,0.4649836795097604,0.6195649049760742,6,combined,12,12,0.5,0.9611089472088098,0.9412117685003164,0.9868697478991597
2023-09-01,0.43115644480741544,0.6161172548354704,7,combined,12,12,0.5,0.9484596875817018,0.9220994694308714,0.9810924369747899
2023-10-01,0.4270924928953516,0.6116850860056974,7,combined,12,12,0.5,0.9402274669438909,0.9056509039402673,0.9747899159663865
2023-11-01,0.42482227176344467,0.6064852914881675,8,combined,12,12,0.5,0.9266074967055399,0.8859131118682864,0.9695378151260504
2023-12-01,0.41973933541710606,0.6141066972539867,8,combined,12,12,0.5,0.9194284251398601,0.8947585224961603,0.9716386554621849
2024-01-01,0.3864647451093731,0.5911320821324831,8,combined,12,12,0.5,0.9733969457256112,0.9615990086421177,0.9858193277310925
2024-02-01,0.01541891788690616,0.09827180170217299,8,combined,12,12,0.5,0.049829419954709984,0.149808448964598,0.0546218487394958
2024-03-01,0.30538151188604584,0.47094139230322996,9,combined,12,12,0.5,0.1249684408553049,0.25682818911471295,0.7037815126050421
2024-04-01,0.42236436330547467,0.4962154833593994,9,combined,12,12,0.5,0.9869628760839563,0.9701936470366447,0.9942226890756303
2024-05-01,0.5473151714742212,0.5405260635097481,10,combined,12,12,0.5,0.9480412853846067,0.9071721085890254,0.9800420168067226
2024-06-01,0.5599523705913702,0.5416545018404713,11,combined,12,12,0.5,0.9670960669749967,0.9500648926924152,0.9837184873949579
2024-07-01,0.019695477843497865,0.05982928197897651,10,combined,12,12,0.5,0.036553748245494594,0.1287639509998079,0.052521008403361345
2024-08-01,0.6013450565239237,0.5787193760238495,10,combined,12,12,0.5,0.05557823908286361,0.16620112175419202,0.634453781512605
2024-09-01,0.6087390097674944,0.5950189513460388,9,combined,12,12,0.5,0.9862762963117221,0.9693394839257125,0.9921218487394958
2024-10-01,0.600577730421748,0.5977372585008964,9,combined,12,12,0.5,0.9553152488724032,0.9158889153392017,0.9852941176470589
2024-11-01,0.594358260211063,0.5889120085849879,9,combined,12,12,0.5,0.9836340929241225,0.9653458287048745,0.9947478991596639
2024-12-01,0.594358260211063,0.5889120085849879,9,combined,12,12,0.5,1.0,1.0,1.0
2023-01-01,0.6889170038368052,0.7404155638672342,7,combined,13,13,0.5,,,
2023-02-01,0.6889170038368052,0.7404155638672342,7,combined,13,13,0.5,1.0,1.0,1.0
2023-03-01,0.6620250898283822,0.7179291711304003,7,combined,13,13,0.5,0.9083271016071961,0.8812839153902243,0.957983193277311
2023-04-01,0.6502705838955966,0.7210963544574687,7,combined,13,13,0.5,0.9349246323016397,0.9064100119698614,0.970063025210084
2023-05-01,0.6242289477745305,0.7378477767427479,7,combined,13,13,0.5,0.9008935933315311,0.8835975956667439,0.9590336134453782
2023-06-01,0.6019275390667795,0.7309243008193483,8,combined,13,13,0.5,0.9548779480069409,0.9304344808367417,0.9742647058823529
2023-07-01,0.5442736069964671,0.7130863481279314,8,combined,13,13,0.5,0.9098732630084905,0.9004608106783221,0.9564075630252101
2023-08-01,0.48993436538806934,0.6910484356740517,8,combined,13,13,0.5,0.8490935411300045,0.8747409895683269,0.9285714285714286
2023-09-01,0.4885341609966784,0.6713592721919056,9,combined,13,13,0.5,0.8050686765764448,0.8565335448719131,0.9122899159663865
2023-10-01,0.5374406023322631,0.6659220493964183,9,combined,13,13,0.5,0.6917324070638168,0.80923352652114,0.8676470588235294
2023-11-01,0.4939388821285477,0.65147849354984,9,combined,13,13,0.5,0.6581642630947739,0.8051530003591924,0.8476890756302521
2023-12-01,0.4559730093827984,0.6618964111389852,9,combined,13,13,0.5,0.7754447926750241,0.8384030700466245,0.8881302521008403
2024-01-01,0.40837171073099193,0.6393106370373751,9,combined,13,13,0.5,0.9104092205975124,0.8931206390190117,0.9516806722689075
2024-02-01,0.4354359743123849,0.6467294044048791,9,combined,13,13,0.5,0.8865905053005033,0.8822562750670796,0.944327731092437
2024-03-01,0.4949059481886181,0.6648307120456427,8,combined,13,13,0.5,0.8957102716331894,0.9033810704638657,0.9564075630252101
2024-04-01,0.5345806949330156,0.669702932094852,9,combined,13,13,0.5,0.8404629947227513,0.8621515822381582,0.9285714285714286
2024-05-01,0.5247089076354698,0.6743087263934737,9,combined,13,13,0.5,0.7771482906748967,0.8287260715512236,0.9017857142857143
2024-06-01,0.49547219354264055,0.647726694934324,9,combined,13,13,0.5,0.762284146270685,0.8362002736047527,0.9044117647058824
2024-07-01,0.5219289267291528,0.6547704841764441,9,combined,13,13,0.5,0.750881640488439,0.8357010174366202,0.8970588235294118
2024-08-01,0.6291110398906635,0.6807355335061709,9,combined,13,13,0.5,0.7676139639863607,0.8615033859711053,0.9028361344537815
2024-09-01,0.7474481299207252,0.7208625375982494,9,combined,13,13,0.5,0.8135318175553655,0.8472256509951682,0.9191176470588235
2024-10-01,0.7633732842283529,0.7337841853876813,8,combined,13,13,0.5,0.9174028427842428,0.8873561421291333,0.9627100840336135
2024-11-01,0.758017011830043,0.7299714716323042,8,combined,13,13,0.5,0.9529952021413708,0.9130944561920747,0.9774159663865546
2024-12-01,0.758017011830043,0.7299714716323042,8,combined,13,13,0.5,1.0,1.0,1.0
2023-01-01,0.6356700155376823,0.6533648583461018,6,combined,14,14,0.5,,,
2023-02-01,0.6356700155376823,0.6533648583461018,6,combined,14,14,0.5,1.0,1.0,1.0
2023-03-01,0.653550303772409,0.6498876586954804,7,combined,14,14,0.5,0.9368175498864261,0.9076437356441862,0.9737394957983193
2023-04-01,0.710693762714243,0.6964267937541067,7,combined,14,14,0.5,0.8932691160517193,0.8639851580108115,0.9501050420168067
2023-05-01,0.6582354699157497,0.6757658939284114,7,combined,14,14,0.5,0.9100877753151138,0.8886398453124993,0.9553571428571429
2023-06-01,0.6024877057625802,0.6625421904082877,8,combined,14,14,0.5,0.8886171164408032,0.8861189661550768,0.9459033613445378
2023-07-01,0.557213230835912,0.6515586098540294,9,combined,14,14,0.5,0.8816532204981168,0.8904134196736542,0.9490546218487395
2023-08-01,0.5453235029824465,0.6457914831749969,10,combined,14,14,0.5,0.8788339469572339,0.8736605035730751,0.9438025210084033
2023-09-01,0.5507392423792321,0.6408736468550588,11,combined,14,14,0.5,0.8550328008853453,0.8569474787891389,0.9248949579831933
2023-10-01,0.5312073126872238,0.6408044380116555,11,combined,14,14,0.5,0.8439943507979137,0.8515546845364099,0.917016806722689
2023-11-01,0.49576506265232495,0.6517463987654917,11,combined,14,14,0.5,0.7930354844918388,0.8275097365728356,0.8760504201680672
2023-12-01,0.4671202031009013,0.6515886761719009,12,combined,14,14,0.5,0.7978752400908646,0.8367501729877794,0.8881302521008403
2024-01-01,0.44302424446995176,0.6439196196211074,12,combined,14,14,0.5,0.7902969304026992,0.8428719929375987,0.9002100840336135
2024-02-01,0.44307758172175066,0.6504345830118988,12,combined,14,14,0.5,0.7277354535436621,0.8242603691014195,0.8728991596638656
2024-03-01,0.5019876105223942,0.6582807528000645,12,combined,14,14,0.5,0.7403393140112958,0.8251844973217144,0.875
2024-04-01,0.6630393649949238,0.6809795919173803,12,combined,14,14,0.5,0.7442328074143058,0.7998307060853068,0.8618697478991597
2024-05-01,0.748316593831974,0.6863698933385054,12,combined,14,14,0.5,0.8519579484785688,0.8289486306153114,0.9044117647058824
2024-06-01,0.7868508335810416,0.7048449502277438,12,combined,14,14,0.5,0.9023511811138035,0.8593251385935022,0.9348739495798319
2024-07-01,0.7836326686827686,0.7155845215534238,12,combined,14,14,0.5,0.9521071259639331,0.922460314993382,0.9684873949579832
2024-08-01,0.7877161480383237,0.7341426282131257,11,combined,14,14,0.5,0.9565964370850196,0.9356242526578054,0.9821428571428571
2024-09-01,0.7707252003401266,0.7142629875846371,10,combined,14,14,0.5,0.9390378887753436,0.9073478834219334,0.9747899159663865
2024-10-01,0.7694864113019076,0.71237336330292,10,combined,14,14,0.5,0.943497264205904,0.9223534648690338,0.9784663865546218
2024-11-01,0.7908241367552135,0.731609197219563,10,combined,14,14,0.5,0.9420956631509518,0.908934038882049,0.9763655462184874
2024-12-01,0.7908241367552135,0.731609197219563,10,combined,14,14,0.5,1.0,1.0,1.0
2023-01-01,0.6256694421796436,0.7226285397437876,8,combined,15,15,0.5,,,
2023-02-01,0.6256694421796436,0.7226285397437876,8,combined,15,15,0.5,1.0,1.0,1.0
2023-03-01,0.5936302072836513,0.6948622701465496,8,combined,15,15,0.5,0.9284733261477008,0.9036389866741684,0.9679621848739496
2023-04-01,0.5562629027693882,0.6831359956489551,8,combined,15,15,0.5,0.9050098447722793,0.8876319900014726,0.9616596638655462
2023-05-01,0.5169368405254939,0.687369660897484,8,combined,15,15,0.5,0.8732262846437572,0.8642472838256668,0.9396008403361344
2023-06-01,0.47335820695998926,0.6936071094824436,8,combined,15,15,0.5,0.8233525641468356,0.8552775958843606,0.9191176470588235
2023-07-01,0.504221076742038,0.7115860303909414,8,combined,15,15,0.5,0.7856857044833049,0.8514289677081031,0.9091386554621849
2023-08-01,0.5875836109121824,0.7157709468493872,10,combined,15,15,0.5,0.73973995292333,0.8422727254069952,0.8996848739495799
2023-09-01,0.6189051333309424,0.7233368747274627,10,combined,15,15,0.5,0.7436561503536483,0.8511429763035742,0.9012605042016807
2023-10-01,0.5643098709951635,0.7169515265929304,11,combined,15,15,0.5,0.8065635829560607,0.8435996465733803,0.9122899159663865
2023-11-01,0.4707173793041512,0.6867260737667615,11,combined,15,15,0.5,0.8669602003557094,0.875251839332154,0.9243697478991597
2023-12-01,0.40278865970754596,0.6611885637548397,11,combined,15,15,0.5,0.8727056237203417,0.8543673043094309,0.9065126050420168
2024-01-01,0.3930759933555395,0.6708493535778722,11,combined,15,15,0.5,0.9080369629112088,0.8589400932395804,0.9154411764705882
2024-02-01,0.48370610601885256,0.6890084235008719,10,combined,15,15,0.5,0.9152241618719833,0.8939589921443754,0.9548319327731093
2024-03-01,0.5921036496489186,0.7045763001015575,9,combined,15,15,0.5,0.9118630571157784,0.9060595781170716,0.9632352941176471
2024-04-01,0.6511356247855632,0.7006584807666579,10,combined,15,15,0.5,0.8991259314156573,0.8964568314887238,0.9553571428571429
2024-05-01,0.5196937347465683,0.690006008475843,10,combined,15,15,0.5,0.7299034354134754,0.8476323374873214,0.8823529411764706
2024-06-01,0.5449854512957912,0.6933297938750397,10,combined,15,15,0.5,0.6076177110484202,0.8108266013148955,0.8172268907563025
2024-07-01,0.738755183239824,0.7527005075207566,10,combined,15,15,0.5,0.7343451675588124,0.838007648356211,0.8834033613445378
2024-08-01,0.8473021372585503,0.8032337594623224,10,combined,15,15,0.5,0.8767386975884299,0.873954662102047,0.9417016806722689
2024-09-01,0.8883420244341561,0.8231052128314346,10,combined,15,15,0.5,0.9199089779355042,0.8968019268980048,0.9558823529411765
2024-10-01,0.883527076280562,0.8284037604418157,9,combined,15,15,0.5,0.9724178408776057,0.9498366666570388,0.9852941176470589
2024-11-01,0.890180122100349,0.8484470995528867,9,combined,15,15,0.5,0.9577610249844356,0.9401134831358092,0.9821428571428571
2024-12-01,0.890180122100349,0.8484470995528867,9,combined,15,15,0.5,1.0,1.0,1.0
2023-01-01,0.7646555778832563,0.7596117441441461,7,combined,16,16,0.5,,,
2023-02-01,0.7646555778832563,0.7596117441441461,7,combined,16,16,0.5,1.0,1.0,1.0
2023-03-01,0.7586667240298415,0.7308568620151891,7,combined,16,16,0.5,0.9154233503451653,0.8742343990989245,0.9553571428571429
2023-04-01,0.777772696291398,0.7397356369546214,7,combined,16,16,0.5,0.911799101592754,0.8838936561303814,0.957983193277311
2023-05-01,0.7573257385603374,0.7293002819559108,8,combined,16,16,0.5,0.9148002957126281,0.8914245020118792,0.9637605042016807
2023-06-01,0.7608414168217671,0.7366184851708932,9,combined,16,16,0.5,0.9359654815988404,0.9213511337388303,0.9742647058823529
2023-07-01,0.7259851804745565,0.7198842563304367,9,combined,16,16,0.5,0.8888568005420543,0.899093016384973,0.9564075630252101
2023-08-01,0.7101938804319904,0.7171879733241002,9,combined,16,16,0.5,0.8898539047822025,0.8891563968844528,0.9558823529411765
2023-09-01,0.7129508482786198,0.7310098361531824,9,combined,16,16,0.5,0.9208536666325916,0.9147588134115184,0.9695378151260504
2023-10-01,0.6860914311832097,0.7173847386638943,10,combined,16,16,0.5,0.8982527873618212,0.8790174825967427,0.9480042016806722
2023-11-01,0.6144227399061307,0.6804988488173883,11,combined,16,16,0.5,0.8567267996511105,0.866265952928064,0.9238445378151261
2023-12-01,0.5127988717341639,0.6471275710086045,11,combined,16,16,0.5,0.7866219423274561,0.8279133068346299,0.881827731092437
2024-01-01,0.39851525657918874,0.5991772713949153,11,combined,16,16,0.5,0.663461933676011,0.7852072055955366,0.8377100840336135
2024-02-01,0.38339407236750966,0.5736606012030113,11,combined,16,16,0.5,0.6351854520841139,0.7857187488662308,0.8340336134453782
2024-03-01,0.4794288514797454,0.5895994068593806,11,combined,16,16,0.5,0.7523982525809252,0.8072686022033143,0.8665966386554622
2024-04-01,0.5704171702791967,0.5908185904282892,11,combined,16,16,0.5,0.7756218067899496,0.7893453709651497,0.875
2024-05-01,0.6900891893013456,0.6304521663724622,11,combined,16,16,0.5,0.8169004207635318,0.8099788609869479,0.904936974789916
2024-06-01,0.7417784914525668,0.6677694229819835,11,combined,16,16,0.5,0.9004668731281197,0.8500192791676255,0.9417016806722689
2024-07-01,0.738320215686033,0.6860002672950828,10,combined,16,16,0.5,0.9468760924625566,0.8907269189128255,0.9637605042016807
2024-08-01,0.7248026720899449,0.6873316753825949,10,combined,16,16,0.5,0.9757446811042441,0.9375799586646244,0.9816176470588235
2024-09-01,0.7362655616606468,0.7043859748915902,10,combined,16,16,0.5,0.9591213298389739,0.9268550574744339,0.979516806722689
2024-10-01,0.7147484597146426,0.6952145017126812,10,combined,16,16,0.5,0.9645876827605762,0.9263867903989296,0.9805672268907563
2024-11-01,0.6927876544641225,0.6929453520771891,10,combined,16,16,0.5,0.9620368626485895,0.9377717607178687,0.9831932773109243
2024-12-01,0.6927876544641225,0.6929453520771891,10,combined,16,16,0.5,1.0,1.0,1.0
2023-01-01,0.6470619518718541,0.7039797693372617,7,combined,17,17,0.5,,,
2023-02-01,0.6470619518718541,0.7039797693372617,7,combined,17,17,0.5,1.0,1.0,1.0
2023-03-01,0.6534380100246303,0.6794948403519011,9,combined,17,17,0.5,0.9326268200611639,0.9052912838431645,0.9716386554621849
2023-04-01,0.6851284963366631,0.6960030836256954,9,combined,17,17,0.5,0.9286847156368748,0.8989203180130196,0.9648109243697479
2023-05-01,0.6402969094515636,0.6735990146705941,9,combined,17,17,0.5,0.8670548641725606,0.8687468150862424,0.9327731092436975
2023-06-01,0.5679179918650503,0.6607742348889147,9,combined,17,17,0.5,0.8449464153825784,0.8601512011705874,0.928046218487395
2023-07-01,0.5015667643187591,0.6425695059295595,10,combined,17,17,0.5,0.8270901582727895,0.8572716314817593,0.9217436974789915
2023-08-01,0.46623303245734826,0.6237365717381685,10,combined,17,17,0.5,0.7693011496020038,0.8370726865410448,0.8870798319327731
2023-09-01,0.3645769630057331,0.5833314040120796,11,combined,17,17,0.5,0.6865019517221145,0.8040743423156659,0.8235294117647058
2023-10-01,0.4056421442319331,0.6015514003632888,11,combined,17,17,0.5,0.6778292241024603,0.797772806315094,0.8077731092436975
2023-11-01,0.462051052161833,0.6413638905487403,11,combined,17,17,0.5,0.8195184151457414,0.8550821615463867,0.8975840336134454
2023-12-01,0.4509450578784211,0.6345319033637972,11,combined,17,17,0.5,0.9083009936175755,0.9077528845211447,0.9595588235294118
2024-01-01,0.4258226340843167,0.6354004186421945,10,combined,17,17,0.5,0.9152666277759515,0.9092442222597179,0.9621848739495799
2024-02-01,0.43402275043169386,0.6325453318225207,10,combined,17,17,0.5,0.9178047368800775,0.8864835603964327,0.9511554621848739
2024-03-01,0.47663709625349115,0.6461857531415592,10,combined,17,17,0.5,0.9375984872884862,0.9093493513016165,0.9658613445378151
2024-04-01,0.4932086650023845,0.6319752061041816,10,combined,17,17,0.5,0.8496334261893977,0.84859452151123,0.9222689075630253
2024-05-01,0.43387618057999877,0.6294971723655831,10,combined,17,17,0.5,0.7249207109263243,0.8035946444483526,0.8560924369747899
2024-06-01,0.4907922867481831,0.6531679092496624,10,combined,17,17,0.5,0.6337485449550163,0.7933969501203675,0.8203781512605042
2024-07-01,0.6989360158271691,0.7228887080199814,10,combined,17,17,0.5,0.7204345626743621,0.815602497483231,0.8576680672268907
2024-08-01,0.8066584546859817,0.7685525745304826,10,combined,17,17,0.5,0.8799736644989892,0.8814503535770964,0.9417016806722689
2024-09-01,0.86001034298437,0.8066337773334444,10,combined,17,17,0.5,0.9527341571234041,0.9349342371477252,0.979516806722689
2024-10-01,0.8489684158029996,0.7962364255810616,9,combined,17,17,0.5,0.94940226751526,0.9211288614406553,0.9784663865546218
2024-11-01,0.8397549908713275,0.8017432901507823,9,combined,17,17,0.5,0.9614671684199082,0.932819940212373,0.9831932773109243
2024-12-01,0.8397549908713275,0.8017432901507823,9,combined,17,17,0.5,1.0,1.0,1.0
2023-01-01,0.6027385508111076,0.6540015736748883,7,combined,18,18,0.5,,,
2023-02-01,0.6027385508111076,0.6540015736748883,7,combined,18,18,0.5,1.0,1.0,1.0
2023-03-01,0.6265863600782182,0.6469931393580233,7,combined,18,18,0.5,0.9477725151260586,0.9149171400433257,0.9737394957983193
2023-04-01,0.7039103487950216,0.6894533508926856,7,combined,18,18,0.5,0.9253554640585648,0.89012182128188,0.960609243697479
2023-05-01,0.7412607218765335,0.7058520852648955,8,combined,18,18,0.5,0.9096496367993188,0.8747847794030922,0.9543067226890757
2023-06-01,0.7227315242685235,0.7060747843430485,9,combined,18,18,0.5,0.9348561629974668,0.9076238158734254,0.9695378151260504
2023-07-01,0.6652317352634669,0.680616540037793,9,combined,18,18,0.5,0.9314696260466647,0.9142188628239192,0.970063025210084
2023-08-01,0.5925425504989396,0.660332922547531,9,combined,18,18,0.5,0.926293772977529,0.9183633305011715,0.9679621848739496
2023-09-01,0.48463211269114403,0.6117167736480631,9,combined,18,18,0.5,0.7534077487128571,0.8382259346568434,0.881827731092437
2023-10-01,0.4197991821821819,0.6094735056789663,11,combined,18,18,0.5,0.6729217291474465,0.8278808106788503,0.8282563025210085
2023-11-01,0.4080243840140185,0.6221454579102781,12,combined,18,18,0.5,0.6802121504680496,0.8111926092695639,0.8503151260504201
2023-12-01,0.3687453578248171,0.6197445040739556,12,combined,18,18,0.5,0.8018633544651492,0.8288858359825905,0.884453781512605
2024-01-01,0.34097549711828157,0.6153931089943139,12,combined,18,18,0.5,0.8757842878799631,0.8350386266622434,0.8897058823529411
2024-02-01,0.42699974817413056,0.624024007992071,11,combined,18,18,0.5,0.9362404089369131,0.8679567476188964,0.9112394957983193
2024-03-01,0.5589947427014934,0.6340221146247675,11,combined,18,18,0.5,0.9086963887108321,0.8691111619748145,0.9222689075630253
2024-04-01,0.638323295452973,0.6572073918733528,11,combined,18,18,0.5,0.8484828132068399,0.8159685960513178,0.8960084033613446
2024-05-01,0.5847370995341107,0.6662663338476246,13,combined,18,18,0.5,0.782251126346035,0.813767426096267,0.8902310924369747
2024-06-01,0.4885061181521527,0.667083939333018,12,combined,18,18,0.5,0.5883993769109471,0.7841111074913483,0.8224789915966386
2024-07-01,0.6525848442130933,0.7022549657478621,11,combined,18,18,0.5,0.6236817275443434,0.8004327739106543,0.8156512605042017
2024-08-01,0.7299751416041391,0.7364476381433698,11,combined,18,18,0.5,0.8691398726785553,0.8899942594195731,0.9422268907563025
2024-09-01,0.7563540744752418,0.7697587259053417,11,combined,18,18,0.5,0.9465140274958981,0.9232348346014154,0.9774159663865546
2024-10-01,0.7501266644977437,0.7662679785640983,11,combined,18,18,0.5,0.9752656407158875,0.9514539924935508,0.9879201680672269
2024-11-01,0.7308863445729172,0.7561880920123076,11,combined,18,18,0.5,0.9648144936259797,0.9354509710675512,0.9842436974789915
2024-12-01,0.7308863445729172,0.7561880920123076,11,combined,18,18,0.5,1.0,1.0,1.0
2023-01-01,0.6706170922935584,0.7401370890906647,7,combined,19,19,0.5,,,
2023-02-01,0.6706170922935584,0.7401370890906647,7,combined,19,19,0.5,1.0,1.0,1.0
2023-03-01,0.6708829824378298,0.7313741825462466,7,combined,19,19,0.5,0.8677410074835568,0.8565273195476136,0.9485294117647058
2023-04-01,0.6837181322238894,0.728108288482622,7,combined,19,19,0.5,0.8745678353567857,0.8741734476034873,0.9522058823529411
2023-05-01,0.7001894341843867,0.746745735948832,7,combined,19,19,0.5,0.9150831340134927,0.8972921831049786,0.9637605042016807
2023-06-01,0.7072345686090223,0.7605205623082242,7,combined,19,19,0.5,0.9327252481383452,0.911208919419099,0.9695378151260504
2023-07-01,0.6468043502115041,0.7430098756100455,8,combined,19,19,0.5,0.9278216420963954,0.9055555476064616,0.9653361344537815
2023-08-01,0.6183002752242596,0.7491277681975151,9,combined,19,19,0.5,0.9458530790163016,0.927516850929944,0.9763655462184874
2023-09-01,0.5876412784093771,0.7376377947751309,9,combined,19,19,0.5,0.9120971948827139,0.9127306901729418,0.9632352941176471
2023-10-01,0.5258816395398973,0.6933932635211293,9,combined,19,19,0.5,0.8101377109904702,0.8536059329031818,0.9096638655462185
2023-11-01,0.4418846979554933,0.6492953043821937,9,combined,19,19,0.5,0.6294751940505412,0.7869309993382658,0.8125
2023-12-01,0.4281786533314771,0.6513724155435116,9,combined,19,19,0.5,0.6125082114268597,0.8048629467713119,0.8182773109243697
2024-01-01,0.37637403590789387,0.6183836936130613,10,combined,19,19,0.5,0.7366506379831778,0.8227609097715735,0.8813025210084033
2024-02-01,0.4061325721469465,0.6221138667529175,10,combined,19,19,0.5,0.8417464482891438,0.8590950116170063,0.9285714285714286
2024-03-01,0.48865819172552877,0.6443667806502292,9,combined,19,19,0.5,0.9256520927546102,0.9124185431573203,0.9658613445378151
2024-04-01,0.6380581489118583,0.6754163206395323,11,combined,19,19,0.5,0.9662009096028444,0.9248430816784621,0.979516806722689
2024-05-01,0.7726415693914888,0.7091875162301112,10,combined,19,19,0.5,0.9609687952233558,0.9159849755436824,0.9774159663865546
2024-06-01,0.7940486967544397,0.7280736146848713,10,combined,19,19,0.5,0.9727403494353162,0.968027355838412,0.9868697478991597
2024-07-01,0.02193744118063245,0.07466711553802265,11,combined,19,19,0.5,0.02580197384292679,0.10530836718943185,0.04831932773109244
2024-08-01,0.6853813983340004,0.652179830890559,10,combined,19,19,0.5,0.06141252717752751,0.19498279513356362,0.6034663865546218
2024-09-01,0.6956618639453407,0.6806556987772043,10,combined,19,19,0.5,0.9807642237419175,0.9614622763678737,0.9889705882352942
2024-10-01,0.6908443124893783,0.6814392544088074,10,combined,19,19,0.5,0.9645505254847743,0.9368338722996874,0.9879201680672269
2024-11-01,0.6819440339248058,0.686284710017181,10,combined,19,19,0.5,0.985143811069454,0.9643260486357673,0.9942226890756303
2024-12-01,0.6819440339248058,0.686284710017181,10,combined,19,19,0.5,1.0,1.0,1.0
2023-01-01,0.5582360215244077,0.6888875779025462,8,combined,20,20,0.5,,,
2023-02-01,0.5582360215244077,0.6888875779025462,8,combined,20,20,0.5,1.0,1.0,1.0
2023-03-01,0.5751909313617322,0.6779342981180393,8,combined,20,20,0.5,0.933578338035145,0.9048191895957672,0.9726890756302521
2023-04-01,0.6152175324605479,0.6969928907406839,8,combined,20,20,0.5,0.9508137516389076,0.9261484770686452,0.9800420168067226
2023-05-01,0.6129666974985513,0.6815811550160145,8,combined,20,20,0.5,0.9320827661486979,0.906563849570611,0.9726890756302521
2023-06-01,0.5842842273486716,0.6614406275416908,10,combined,20,20,0.5,0.9398762894179163,0.9127869051498774,0.9753151260504201
2023-07-01,0.5456308874767091,0.6544673313016828,11,combined,20,20,0.5,0.9443362867904739,0.9272464412539648,0.9774159663865546
2023-08-01,0.47553004227657114,0.6361005841766891,12,combined,20,20,0.5,0.8992556628382922,0.8931588862507961,0.9453781512605042
2023-09-01,0.4201963824735254,0.6021728211103771,13,combined,20,20,0.5,0.7442066638234343,0.7927612910007066,0.8419117647058824
2023-10-01,0.45111989161977023,0.6152959764712128,14,combined,20,20,0.5,0.6565690687247544,0.7587660093414091,0.8130252100840336
2023-11-01,0.4424592295146741,0.6185870542524103,14,combined,20,20,0.5,0.7497713305822007,0.816352407289039,0.8765756302521008
2023-12-01,0.4053449825328092,0.610651380232352,13,combined,20,20,0.5,0.7390782116147839,0.8259811546099746,0.8492647058823529
2024-01-01,0.3885553475426516,0.5998563054771833,13,combined,20,20,0.5,0.6729876207243591,0.7911748662254375,0.8282563025210085
2024-02-01,0.406701953370834,0.6104405805147094,12,combined,20,20,0.5,0.7776836670415024,0.8452131541580019,0.875
2024-03-01,0.4439101697603825,0.6248855113875169,12,combined,20,20,0.5,0.8304793203566598,0.8535921310387631,0.9012605042016807
2024-04-01,0.4310172683606942,0.6083231862879884,12,combined,20,20,0.5,0.8433188827646051,0.8583373895529123,0.930672268907563
2024-05-01,0.40456099841003296,0.6064010449189825,12,combined,20,20,0.5,0.9028561060211642,0.90438421038093,0.9616596638655462
2024-06-01,0.3899098725467484,0.6309907694592515,12,combined,20,20,0.5,0.8909968733895399,0.8941446079621318,0.9585084033613446
2024-07-01,0.40629167683966577,0.6559655013387957,12,combined,20,20,0.5,0.9242727656123636,0.9091509508540415,0.9684873949579832
2024-08-01,0.41868394503777767,0.6627908418407897,11,combined,20,20,0.5,0.9162541205051296,0.9112807716612571,0.9684873949579832
2024-09-01,0.4364970575559409,0.6651306823517105,11,combined,20,20,0.5,0.9146102784783802,0.9053087589273459,0.9663865546218487
2024-10-01,0.4716932755755397,0.6675415109792836,11,combined,20,20,0.5,0.9118108772633131,0.9040104245131505,0.9648109243697479
2024-11-01,0.5004427173240523,0.6896583589207895,11,combined,20,20,0.5,0.9234866176618474,0.9169491134973583,0.970063025210084
2024-12-01,0.5004427173240523,0.6896583589207895,11,combined,20,20,0.5,1.0,1.0,1.0
2023-01-01,0.47231043824867996,0.6671003604461663,7,combined,21,21,0.5,,,
2023-02-01,0.47231043824867996,0.6671003604461663,7,combined,21,21,0.5,1.0,1.0,1.0
2023-03-01,0.49182667365933036,0.662375078887659,7,combined,21,21,0.5,0.9293971214500926,0.8678905510869876,0.9621848739495799
2023-04-01,0.5430998950765482,0.6818600860815265,7,combined,21,21,0.5,0.9202546709771053,0.891388478697498,0.967436974789916
2023-05-01,0.5815966189437637,0.6996347290543395,9,combined,21,21,0.5,0.938212291784739,0.9014979568699206,0.9721638655462185
2023-06-01,0.5775078392303171,0.7066187129932557,9,combined,21,21,0.5,0.9583087699017228,0.929853894643482,0.9821428571428571
2023-07-01,0.5515659741799641,0.7055755677432957,10,combined,21,21,0.5,0.9457156156023196,0.9253129342900479,0.9784663865546218
2023-08-01,0.47863653945600615,0.6665285572479392,10,combined,21,21,0.5,0.9009603202869586,0.9014617272364143,0.9600840336134454
2023-09-01,0.3935589971326983,0.6368999753319268,10,combined,21,21,0.5,0.7597866655695222,0.8254808324638615,0.8886554621848739
2023-10-01,0.4753598858029164,0.6537000141679699,10,combined,21,21,0.5,0.6229613537944212,0.7887519668021457,0.8272058823529411
2023-11-01,0.53248816037487,0.6671129920405835,11,combined,21,21,0.5,0.6561568437054411,0.7892600521273627,0.8387605042016807
2023-12-01,0.4606038067288051,0.6497454916269441,11,combined,21,21,0.5,0.7799913210939349,0.8255481508453428,0.8771008403361344
2024-01-01,0.40499311042962866,0.6387012655230642,11,combined,21,21,0.5,0.8818110947069503,0.8696744275795956,0.9243697478991597
2024-02-01,0.43349940576139534,0.6464798672661197,11,combined,21,21,0.5,0.9301770604031463,0.9100947005554313,0.960609243697479
2024-03-01,0.4916404079474764,0.6476851637451412,11,combined,21,21,0.5,0.9087249456056062,0.8941494369045189,0.9380252100840336
2024-04-01,0.4676155534455723,0.6257287205640587,11,combined,21,21,0.5,0.8084420902076315,0.8180783939595503,0.881827731092437
2024-05-01,0.3538420437576357,0.6172221159216278,11,combined,21,21,0.5,0.6541341526731579,0.801254702667748,0.8114495798319328
2024-06-01,0.5154926298967301,0.6785234822380339,11,combined,21,21,0.5,0.6321246222044028,0.8107182475162177,0.8188025210084033
2024-07-01,0.6691559426659258,0.7498309838906394,10,combined,21,21,0.5,0.7973914531235844,0.8584557215945323,0.9117647058823529
2024-08-01,0.7301327874371867,0.789973607851381,10,combined,21,21,0.5,0.9236575631706122,0.919427481063248,0.9663865546218487
2024-09-01,0.7592970035162985,0.799974290824021,10,combined,21,21,0.5,0.9353902276293237,0.9201595776267659,0.9705882352941176
2024-10-01,0.7752611218323092,0.8066415435051012,10,combined,21,21,0.5,0.9525068639920636,0.9347669241535119,0.9774159663865546
2024-11-01,0.8073989026929568,0.8463935073431181,10,combined,21,21,0.5,0.9153564438740732,0.9033122301624675,0.9648109243697479
2024-12-01,0.8073989026929568,0.8463935073431181,10,combined,21,21,0.5,1.0,1.0,1.0
2023-01-01,0.4604934813436853,0.6767369421893238,6,combined,22,22,0.5,,,
2023-02-01,0.4604934813436853,0.6767369421893238,6,combined,22,22,0.5,1.0,1.0,1.0
2023-03-01,0.47363224375685725,0.6586748125404366,6,combined,22,22,0.5,0.945059516538786,0.9158366762864814,0.9779411764705882
2023-04-01,0.5157576161863988,0.67019759396272,7,combined,22,22,0.5,0.911990231071655,0.8860811190998583,0.9679621848739496
2023-05-01,0.5348799170052198,0.6494233533114993,7,combined,22,22,0.5,0.8257903849691801,0.820441210295665,0.9301470588235294
2023-06-01,0.4949244800523924,0.639444106839075,7,combined,22,22,0.5,0.7536225574380063,0.8160940584280025,0.9023109243697479
2023-07-01,0.42286455232666303,0.619109014249944,7,combined,22,22,0.5,0.7087386378443907,0.8174527531758115,0.884453781512605
2023-08-01,0.4162769851324643,0.6103960557278891,7,combined,22,22,0.5,0.7277807588271628,0.8262579166604882,0.8944327731092437
2023-09-01,0.4441161247176778,0.6290867755202645,8,combined,22,22,0.5,0.7913386498374237,0.8612936286062167,0.9180672268907563
2023-10-01,0.4682579049692423,0.6467520081085844,8,combined,22,22,0.5,0.7586387179833163,0.8363105614653266,0.8975840336134454
2023-11-01,0.4650645468051605,0.6694072083903847,8,combined,22,22,0.5,0.8280693527743797,0.8752885763399644,0.9259453781512605
2023-12-01,0.4350282381195452,0.6677922729577013,8,combined,22,22,0.5,0.8827778280323455,0.8893183896784242,0.9495798319327731
2024-01-01,0.3954128962948771,0.646757037045232,8,combined,22,22,0.5,0.9376329001408046,0.9171885438223305,0.9742647058823529
2024-02-01,0.4465751233749526,0.6596096780658124,8,combined,22,22,0.5,0.9711252590801337,0.9528538935269522,0.9873949579831933
2024-03-01,0.5265581745901907,0.6670981002494788,8,combined,22,22,0.5,0.9448126231698782,0.9272145272001889,0.9800420168067226
2024-04-01,0.6853034843085177,0.7137587742874512,11,combined,22,22,0.5,0.9232596816512033,0.8920683626707918,0.9695378151260504
2024-05-01,0.790921609073281,0.7268660690148002,12,combined,22,22,0.5,0.9845735890520942,0.9766637773588746,0.9894957983193278
2024-06-01,0.024077563037139624,0.068995521531889,11,combined,22,22,0.5,0.03145623590089588,0.10786027203596198,0.03571428571428571
2024-07-01,0.6693903952383803,0.600230491842262,11,combined,22,22,0.5,0.05015522933434317,0.1593994252486679,0.5913865546218487
2024-08-01,0.6519140278955696,0.6015966121704216,11,combined,22,22,0.5,0.9882925998179457,0.9760014036853778,0.993172268907563
2024-09-01,0.6498266118287062,0.5965403907542444,10,combined,22,22,0.5,0.9454211551309182,0.9080700442317504,0.9816176470588235
2024-10-01,0.6322500662659449,0.5943807674252313,10,combined,22,22,0.5,0.9735984221385143,0.9470697868219515,0.990546218487395
2024-11-01,0.6260069144815078,0.5994412281632118,10,combined,22,22,0.5,0.9731350921274979,0.9521815905556447,0.9915966386554622
2024-12-01,0.6260069144815078,0.5994412281632118,10,combined,22,22,0.5,1.0,1.0,1.0
2023-01-01,0.47767598273050027,0.5943148387725713,5,combined,23,23,0.5,,,
2023-02-01,0.47767598273050027,0.5943148387725713,5,combined,23,23,0.5,1.0,1.0,1.0
2023-03-01,0.5011173295024747,0.6001065240546987,5,combined,23,23,0.5,0.9628309230577837,0.9395818072090215,0.9873949579831933
2023-04-01,0.5452539583493825,0.6089525815214482,5,combined,23,23,0.5,0.9312318857898796,0.8905041015660352,0.9747899159663865
2023-05-01,0.5673235942487304,0.6116217997547873,5,combined,23,23,0.5,0.946469331237321,0.9217278168688888,0.9821428571428571
2023-06-01,0.5516123332980397,0.6182290997716247,6,combined,23,23,0.5,0.9681879948078255,0.9448451545893203,0.9884453781512605
2023-07-01,0.49695461853031975,0.5932893780828485,6,combined,23,23,0.5,0.9770219891541716,0.962430287969136,0.9921218487394958
2023-08-01,0.42265768040708124,0.5742399186175972,8,combined,23,23,0.5,0.9545288402695482,0.9346117850494013,0.9842436974789915
2023-09-01,0.38350436983611313,0.5710006673097261,8,combined,23,23,0.5,0.9510987064993877,0.9323281220049252,0.9837184873949579
2023-10-01,0.37088460987555677,0.5728374506853211,9,combined,23,23,0.5,0.9613363261987465,0.9336899791229267,0.9858193277310925
2023-11-01,0.36670409765810974,0.5796018278910313,9,combined,23,23,0.5,0.9677816291342953,0.9479555123081301,0.9889705882352942
2023-12-01,0.32981971004980043,0.5566826057719413,11,combined,23,23,0.5,0.983710727192894,0.9770138904920259,0.9915966386554622
2024-01-01,0.004373654441449319,0.07187528076798569,10,combined,23,23,0.5,0.038826448966937224,0.14917273585298998,0.04884453781512605
2024-02-01,0.42081466968475945,0.5918689009653221,10,combined,23,23,0.5,0.03059032065272885,0.15907761636168313,0.19695378151260504
2024-03-01,0.5060557819950671,0.6223258661475507,8,combined,23,23,0.5,0.9788214442416429,0.9612470028184694,0.9837184873949579
2024-04-01,0.6747505843796847,0.6618894864836089,9,combined,23,23,0.5,0.8566195101060383,0.8261737114906644,0.9206932773109243
2024-05-01,0.8229309592478858,0.7222362485842546,9,combined,23,23,0.5,0.9107558506035389,0.8654214424562756,0.9474789915966386
2024-06-01,0.8329852331411756,0.7311832896722114,9,combined,23,23,0.5,0.9645520264097931,0.9254695337758382,0.9805672268907563
2024-07-01,0.8373828384333891,0.7626132651655216,9,combined,23,23,0.5,0.9601119736154681,0.9248013018258555,0.979516806722689
2024-08-01,0.8396466843369387,0.7786374312845702,9,combined,23,23,0.5,0.973537522704884,0.9503631375737798,0.9879201680672269
2024-09-01,0.8610664515621916,0.8035932187236308,9,combined,23,23,0.5,0.9561134928679196,0.9239967266336991,0.9816176470588235
2024-10-01,0.8487177346957524,0.794476889269356,9,combined,23,23,0.5,0.9521330864870567,0.9265224817439419,0.9816176470588235
2024-11-01,0.8468707919008805,0.800929897966446,9,combined,23,23,0.5,0.9333179762637872,0.9060902510114083,0.9747899159663865
2024-12-01,0.8468707919008805,0.800929897966446,9,combined,23,23,0.5,1.0,1.0,1.0
2023-01-01,0.7309638027999815,0.7788411524053007,7,combined,24,24,0.5,,,
2023-02-01,0.7309638027999815,0.7788411524053007,7,combined,24,24,0.5,1.0,1.0,1.0
2023-03-01,0.7345205229424032,0.7644426250321487,7,combined,24,24,0.5,0.917931043501777,0.8952062279994316,0.9658613445378151
2023-04-01,0.7919292527696623,0.7934631982327025,7,combined,24,24,0.5,0.9363173786559644,0.9150084867389638,0.9742647058823529
2023-05-01,0.8024446763724157,0.793297563974216,8,combined,24,24,0.5,0.9088369269038222,0.8776796785883976,0.9590336134453782
2023-06-01,0.7536057449647705,0.7582340854880155,10,combined,24,24,0.5,0.9295297028491033,0.900357933764078,0.9642857142857143
2023-07-01,0.7170053145931987,0.7555884134282159,10,combined,24,24,0.5,0.9435611065691119,0.9213673735669653,0.9516806722689075
2023-08-01,0.6328856005603178,0.7368025249946782,10,combined,24,24,0.5,0.9220037333251229,0.8897261851974014,0.9359243697478992
2023-09-01,0.5592449117158705,0.7226652582352454,10,combined,24,24,0.5,0.9378853747294903,0.9058468160026009,0.9590336134453782
2023-10-01,0.5298496351824596,0.7222686716551003,10,combined,24,24,0.5,0.898922510941661,0.8821004068079593,0.9448529411764706
2023-11-01,0.5099931645851744,0.7026281856332113,10,combined,24,24,0.5,0.9019416392403288,0.8880133878835278,0.944327731092437
2023-12-01,0.47529185404718266,0.682246285380163,11,combined,24,24,0.5,0.8830990835193783,0.8842052644099834,0.9401260504201681
2024-01-01,0.42553855102457255,0.6423403974275893,11,combined,24,24,0.5,0.8092998937887879,0.8558654368610564,0.904936974789916
2024-02-01,0.3951143387048309,0.6185503763022587,11,combined,24,24,0.5,0.7408207950544347,0.829321389344271,0.8723739495798319
2024-03-01,0.3889034524606693,0.6171771395076483,11,combined,24,24,0.5,0.7279763125240972,0.8251331736066922,0.8771008403361344
2024-04-01,0.4138062318729692,0.6351944607930065,11,combined,24,24,0.5,0.7620527640911848,0.8356290377690178,0.9033613445378151
2024-05-01,0.5057116814058662,0.6792382215015511,11,combined,24,24,0.5,0.7876630147412782,0.8566541774873311,0.9180672268907563
2024-06-01,0.6591938016647593,0.7448843344656224,11,combined,24,24,0.5,0.7868677104770532,0.8423368503811745,0.9101890756302521
2024-07-01,0.7299327302916574,0.7745786405809872,11,combined,24,24,0.5,0.8945432189479253,0.8943322821240577,0.9527310924369747
2024-08-01,0.788829881165444,0.8119878038511226,11,combined,24,24,0.5,0.9207678019490666,0.9111159435153308,0.9648109243697479
2024-09-01,0.8105414168960013,0.8237259003522158,11,combined,24,24,0.5,0.9327105095239103,0.9239750576377869,0.9716386554621849
2024-10-01,0.8598204489895891,0.8472307457994234,10,combined,24,24,0.5,0.9211141705656426,0.9081957333419453,0.9658613445378151
2024-11-01,0.8699775661112347,0.8589744533513668,10,combined,24,24,0.5,1.0,1.0,1.0
2024-12-01,0.021394148890465876,0.06795452010371164,10,combined,24,24,0.5,0.023381227961769495,0.07863219504066409,0.49789915966386555
2023-01-01,0.5814683467210399,0.7083224407631232,8,combined,25,25,0.5,,,
2023-02-01,0.5814683467210399,0.7083224407631232,8,combined,25,25,0.5,1.0,1.0,1.0
2023-03-01,0.5701076208536076,0.6906506773855119,9,combined,25,25,0.5,0.9062205245212018,0.8722127931580074,0.9558823529411765
2023-04-01,0.5511324013882297,0.6858145109853591,9,combined,25,25,0.5,0.8775814986366359,0.8826682803430311,0.946953781512605
2023-05-01,0.49708161344418655,0.6952092580814202,9,combined,25,25,0.5,0.7970273067761928,0.8463824020075563,0.9133403361344538
2023-06-01,0.48140493672788126,0.7024665618436176,9,combined,25,25,0.5,0.8496388412903201,0.8890919635819485,0.944327731092437
2023-07-01,0.4868539556540326,0.711353844333145,9,combined,25,25,0.5,0.7972623180923745,0.8595216065365189,0.9243697478991597
2023-08-01,0.5186888445502829,0.7083423913129228,9,combined,25,25,0.5,0.7795939549733559,0.8651832368118071,0.9233193277310925
2023-09-01,0.5796151392765491,0.7201246824460827,9,combined,25,25,0.5,0.795300870776378,0.8687926564150511,0.9233193277310925
2023-10-01,0.5769413606847624,0.7151191113696258,9,combined,25,25,0.5,0.7954210848916423,0.8436811827061391,0.8986344537815126
2023-11-01,0.5593185735352106,0.7247500183970683,10,combined,25,25,0.5,0.8656807359153372,0.8688099312709812,0.9175420168067226
2023-12-01,0.5117500703727194,0.7156886760960819,10,combined,25,25,0.5,0.9228801484964795,0.8941640533561301,0.9485294117647058
2024-01-01,0.4606953684849737,0.6859043520391311,11,combined,25,25,0.5,0.907746097833002,0.8841460329742211,0.9432773109243697
2024-02-01,0.44746835587043626,0.6647835166287731,11,combined,25,25,0.5,0.8754981557920428,0.8810195692818533,0.9322478991596639
2024-03-01,0.45945701356794594,0.6637392746328843,11,combined,25,25,0.5,0.8641275709351411,0.8787008352599578,0.930672268907563
2024-04-01,0.4708357240141913,0.6585028398781182,12,combined,25,25,0.5,0.8360601280281527,0.8639211466397636,0.9243697478991597
2024-05-01,0.4400967765226206,0.6701497699200362,12,combined,25,25,0.5,0.7306394924624375,0.849940551699991,0.8928571428571429
2024-06-01,0.5390032283564836,0.6983127460065234,12,combined,25,25,0.5,0.6590497535026336,0.829839661957153,0.8434873949579832
2024-07-01,0.706753824289295,0.7551949672559385,11,combined,25,25,0.5,0.7884598601705521,0.8759864436268603,0.9017857142857143
2024-08-01,0.7613910717159299,0.7916182182772666,10,combined,25,25,0.5,0.9262481689579757,0.9158392710253388,0.9669117647058824
2024-09-01,0.7622070843160283,0.7807438234633702,10,combined,25,25,0.5,0.942034491709285,0.91394859817648,0.9695378151260504
2024-10-01,0.7472624424953438,0.7685338007084591,10,combined,25,25,0.5,0.9507413826164587,0.9300755912992571,0.9774159663865546
2024-11-01,0.7408120640438777,0.7805944794519375,10,combined,25,25,0.5,0.9057086094742257,0.8846165694245348,0.9569327731092437
2024-12-01,0.7408120640438777,0.7805944794519375,10,combined,25,25,0.5,1.0,1.0,1.0
2023-01-01,0.6499961422066167,0.753748235298801,7,combined,26,26,0.5,,,
2023-02-01,0.6499961422066167,0.753748235298801,7,combined,26,26,0.5,1.0,1.0,1.0
2023-03-01,0.5835760412160539,0.7248786801457177,7,combined,26,26,0.5,0.8820638739858291,0.8816063379826488,0.9558823529411765
2023-04-01,0.5189868653149307,0.7058056325209497,7,combined,26,26,0.5,0.8981757312899851,0.8990253466697203,0.9648109243697479
2023-05-01,0.4940697912957033,0.6868477634648137,7,combined,26,26,0.5,0.8716931620283738,0.8716836046177268,0.9543067226890757
2023-06-01,0.4922071373878341,0.6865901865661957,7,combined,26,26,0.5,0.8795278213720757,0.8914636836579258,0.9590336134453782
2023-07-01,0.48449050340821087,0.6881429657485307,8,combined,26,26,0.5,0.878523899239026,0.8964505752712869,0.9585084033613446
2023-08-01,0.5005928445737524,0.7018218525604738,8,combined,26,26,0.5,0.9265504626254235,0.9221969974563264,0.9716386554621849
2023-09-01,0.5487449870206419,0.7157485257912034,8,combined,26,26,0.5,0.9007287102930619,0.9112019665767426,0.960609243697479
2023-10-01,0.5686437788074904,0.7010934933026433,9,combined,26,26,0.5,0.8615512086559561,0.8769409761282206,0.9401260504201681
2023-11-01,0.5315764142128018,0.6908203183095681,9,combined,26,26,0.5,0.8330049200154668,0.8570929764814817,0.9180672268907563
2023-12-01,0.5159060202643505,0.6766692054577725,9,combined,26,26,0.5,0.7550042063579754,0.8177903277762965,0.8718487394957983
2024-01-01,0.4761887826537348,0.6324702058957283,9,combined,26,26,0.5,0.7179990065647778,0.8178687038611345,0.8618697478991597
2024-02-01,0.3656506904232431,0.5921898330627355,10,combined,26,26,0.5,0.7215014885358468,0.8289120829144114,0.8771008403361344
2024-03-01,0.35507773573827656,0.5737628268973284,10,combined,26,26,0.5,0.7232238681275733,0.8392847509376895,0.8728991596638656
2024-04-01,0.47603011087966324,0.6079099530652159,10,combined,26,26,0.5,0.7707509997200107,0.8363567964718988,0.8860294117647058
2024-05-01,0.605610522727776,0.6593112959845073,10,combined,26,26,0.5,0.8682152209499664,0.8788500108681981,0.9385504201680672
2024-06-01,0.6429071822869838,0.7004716442952167,9,combined,26,26,0.5,0.9396112525218753,0.9221266686866264,0.9737394957983193
2024-07-01,0.6888496701256616,0.7367660412915219,9,combined,26,26,0.5,0.92203829035472,0.9011038319830773,0.9669117647058824
2024-08-01,0.7299285585632754,0.7618844638262732,9,combined,26,26,0.5,0.9555148377108909,0.9468309354395859,0.9837184873949579
2024-09-01,0.7700997320648062,0.7756882398108732,9,combined,26,26,0.5,0.9270472184082249,0.9169562403442736,0.9726890756302521
2024-10-01,0.7919244630860099,0.7782396966256592,9,combined,26,26,0.5,0.9254098784516845,0.9055892308970727,0.9690126050420168
2024-11-01,0.804380659766018,0.7910058667718162,9,combined,26,26,0.5,0.9489575554752328,0.9288001505815838,0.9784663865546218
2024-12-01,0.804380659766018,0.7910058667718162,9,combined,26,26,0.5,1.0,1.0,1.0
2023-01-01,0.5205910038412018,0.6493081124968922,8,combined,27,27,0.5,,,
2023-02-01,0.5205910038412018,0.6493081124968922,8,combined,27,27,0.5,1.0,1.0,1.0
2023-03-01,0.4967571595302656,0.6354885392840662,8,combined,27,27,0.5,0.9194638835423637,0.9018612044596906,0.9679621848739496
2023-04-01,0.49149240454228127,0.6333447528149246,8,combined,27,27,0.5,0.9321007432256753,0.9150125164905016,0.9726890756302521
2023-05-01,0.515457971096732,0.6323046975967599,9,combined,27,27,0.5,0.8752136071889124,0.8642659527351518,0.9464285714285714
2023-06-01,0.5396248145978257,0.651168335173844,10,combined,27,27,0.5,0.8982115630012304,0.8812253876324678,0.9432773109243697
2023-07-01,0.5394607440424931,0.6714723481039517,10,combined,27,27,0.5,0.8789778673515474,0.8525491571868239,0.9044117647058824
2023-08-01,0.5144827844508377,0.6632324220603076,10,combined,27,27,0.5,0.8795495143405604,0.860285501916436,0.9154411764705882
2023-09-01,0.47684373065309943,0.6439051231576814,11,combined,27,27,0.5,0.8595556456997723,0.8574662343141614,0.9154411764705882
2023-10-01,0.43111749812110534,0.6284292821652798,11,combined,27,27,0.5,0.7677260128658167,0.8293510761659323,0.8902310924369747
2023-11-01,0.3906190067555158,0.6319116404665008,12,combined,27,27,0.5,0.6596520233202143,0.7806752292333626,0.8308823529411765
2023-12-01,0.4297024923985363,0.63716178083233,12,combined,27,27,0.5,0.7235116507496794,0.8134530026718356,0.8240546218487395
2024-01-01,0.41418477192356495,0.6368399581940254,11,combined,27,27,0.5,0.8304497907572919,0.8522703198033729,0.8986344537815126
2024-02-01,0.38570422240642366,0.622455241273089,10,combined,27,27,0.5,0.8607583813326195,0.8751235179185524,0.9406512605042017
2024-03-01,0.4246488413129603,0.6223904732359131,10,combined,27,27,0.5,0.8536357211904514,0.8667292442520245,0.9411764705882353
2024-04-01,0.46737119488795953,0.6415523680560575,10,combined,27,27,0.5,0.9043440815076331,0.9012561179407625,0.9600840336134454
2024-05-01,0.45456643940646074,0.6377317065701351,10,combined,27,27,0.5,0.8976907368492891,0.8969985961505555,0.9569327731092437
2024-06-01,0.4643554987887023,0.649266788648528,10,combined,27,27,0.5,0.8813980539763167,0.8807901674936222,0.9490546218487395
2024-07-01,0.44699803289185663,0.6323508934541178,10,combined,27,27,0.5,0.8682494543604509,0.8697876595843848,0.9343487394957983
2024-08-01,0.4552102594625247,0.6398492213268919,10,combined,27,27,0.5,0.8309854001120546,0.8665239497425656,0.9017857142857143
2024-09-01,0.4899836970798317,0.6764143609507014,10,combined,27,27,0.5,0.8081568414329184,0.8481710569271601,0.8944327731092437
2024-10-01,0.4820456798926322,0.6766431607329472,10,combined,27,27,0.5,0.8665707432847709,0.8775845960040395,0.9453781512605042
2024-11-01,0.4703490225230944,0.6828785401892973,10,combined,27,27,0.5,0.9137274820704798,0.9135343728692439,0.9684873949579832
2024-12-01,0.4703490225230944,0.6828785401892973,10,combined,27,27,0.5,1.0,1.0,1.0
2023-01-01,0.6159043231274555,0.6972895650033923,6,combined,28,28,0.5,,,
2023-02-01,0.6159043231274555,0.6972895650033923,6,combined,28,28,0.5,1.0,1.0,1.0
2023-03-01,0.6331135612027411,0.6779245633633392,7,combined,28,28,0.5,0.9334457420035671,0.9034305718298055,0.9716386554621849
2023-04-01,0.6724603414728656,0.6886648277030152,7,combined,28,28,0.5,0.930750793903202,0.9027755147914842,0.9732142857142857
2023-05-01,0.6708352682416434,0.694555919755096,7,combined,28,28,0.5,0.9670207584737578,0.9521066589017402,0.9863445378151261
2023-06-01,0.6234388062060232,0.6750266752839628,7,combined,28,28,0.5,0.904845143626271,0.885801117861854,0.9600840336134454
2023-07-01,0.5455881645729072,0.6427293824328909,7,combined,28,28,0.5,0.8647951202500271,0.8764466502872292,0.9359243697478992
2023-08-01,0.4991708732772443,0.6188941167455985,7,combined,28,28,0.5,0.8504360260188574,0.8751724653109064,0.9332983193277311
2023-09-01,0.4967631437736665,0.6201933430500561,8,combined,28,28,0.5,0.846247739065322,0.8592294449656777,0.9338235294117647
2023-10-01,0.48073786713283057,0.6319505304564794,9,combined,28,28,0.5,0.8184495358048928,0.8478284247566359,0.9196428571428571
2023-11-01,0.4333847001210749,0.6230577582821625,11,combined,28,28,0.5,0.7799723712003214,0.8538173008845817,0.8692226890756303
2023-12-01,0.41822723501138104,0.6210088121268054,11,combined,28,28,0.5,0.7150050443783129,0.8120870790670895,0.8272058823529411
2024-01-01,0.37323275114702475,0.6010255013908495,11,combined,28,28,0.5,0.7354428046002399,0.8145317941051161,0.8539915966386554
2024-02-01,0.3983824936775155,0.6000272277730228,11,combined,28,28,0.5,0.8563460050277002,0.8597972751628707,0.9149159663865546
2024-03-01,0.4786231615401127,0.6042979062824163,10,combined,28,28,0.5,0.8685497991437277,0.8472811394233685,0.9112394957983193
2024-04-01,0.5224188756879069,0.6047564559782975,10,combined,28,28,0.5,0.8583561275024669,0.840692100359139,0.9028361344537815
2024-05-01,0.5142289398659935,0.6184893444453053,11,combined,28,28,0.5,0.841487288245593,0.8409504515473586,0.9065126050420168
2024-06-01,0.50455723904312,0.646700700529021,10,combined,28,28,0.5,0.8369917136581135,0.8502367840490253,0.9238445378151261
2024-07-01,0.4812355033072883,0.649259494056305,10,combined,28,28,0.5,0.81880966446361,0.8404479980359758,0.9248949579831933
2024-08-01,0.4668983688237667,0.6581640444810926,10,combined,28,28,0.5,0.8932227117360889,0.898959345101811,0.9616596638655462
2024-09-01,0.4508373249741082,0.6490094683260667,10,combined,28,28,0.5,0.9001948793837712,0.9094184488843805,0.9627100840336135
2024-10-01,0.44424094982773027,0.6524320994469605,10,combined,28,28,0.5,0.9236225917136537,0.9278180283798453,0.9726890756302521
2024-11-01,0.44408851100526153,0.6517832608741287,10,combined,28,28,0.5,0.9126177465630962,0.9060794021291801,0.967436974789916
2024-12-01,0.44408851100526153,0.6517832608741287,10,combined,28,28,0.5,1.0,1.0,1.0
2023-01-01,0.6947179973641721,0.72769711690706,7,combined,29,29,0.5,,,
2023-02-01,0.6947179973641721,0.72769711690706,7,combined,29,29,0.5,1.0,1.0,1.0
2023-03-01,0.717830992689044,0.7246163198622735,7,combined,29,29,0.5,0.9215479690805368,0.8922388633017552,0.9653361344537815
2023-04-01,0.7451163498818134,0.74359230240734,7,combined,29,29,0.5,0.9273873396718902,0.8979461423245468,0.967436974789916
2023-05-01,0.7494299769906687,0.7597374397233625,7,combined,29,29,0.5,0.903211628999437,0.8795694868839112,0.9595588235294118
2023-06-01,0.7442269952085814,0.7607545515356434,8,combined,29,29,0.5,0.9366980867600654,0.9156746770787139,0.9737394957983193
2023-07-01,0.6936065588296448,0.7388899087249554,8,combined,29,29,0.5,0.9253200901304559,0.913866649079562,0.9711134453781513
2023-08-01,0.6409611422117191,0.724118806226856,9,combined,29,29,0.5,0.920304837248801,0.9194066473598898,0.9705882352941176
2023-09-01,0.6144629206608752,0.7259000064850836,10,combined,29,29,0.5,0.9059737953682828,0.8953418659108814,0.9637605042016807
2023-10-01,0.577063125057943,0.7196076112860486,10,combined,29,29,0.5,0.9109474142161932,0.905059480824452,0.9663865546218487
2023-11-01,0.5271711432886895,0.6941131610846072,10,combined,29,29,0.5,0.903833252642444,0.8833668162843294,0.9506302521008403
2023-12-01,0.4726020426784133,0.6631288593841959,11,combined,29,29,0.5,0.8581217800021518,0.8605465154066043,0.9311974789915967
2024-01-01,0.4623196516999554,0.6345736704256413,11,combined,29,29,0.5,0.731144791287577,0.8276110660666972,0.8613445378151261
2024-02-01,0.5214164314822567,0.6461334159187695,11,combined,29,29,0.5,0.691526833023962,0.8181299890629408,0.8203781512605042
2024-03-01,0.6025942514216337,0.6571107094460746,11,combined,29,29,0.5,0.7396622646869067,0.8362929095866432,0.8734243697478992
2024-04-01,0.5560580832156897,0.6243131941327216,11,combined,29,29,0.5,0.770608248764799,0.8042135576192712,0.884453781512605
2024-05-01,0.559254581862434,0.6440316701823501,10,combined,29,29,0.5,0.8486572914221171,0.8352565802484755,0.9154411764705882
2024-06-01,0.6167217058250589,0.6580994041354314,10,combined,29,29,0.5,0.8597425696446569,0.8566649243408224,0.9290966386554622
2024-07-01,0.7154046688494806,0.6936032016989984,10,combined,29,29,0.5,0.8379113186418232,0.8554159480851996,0.9275210084033614
2024-08-01,0.7931090344876685,0.7547989780266968,10,combined,29,29,0.5,0.8950622664586267,0.8931688177702889,0.9564075630252101
2024-09-01,0.7942036571878882,0.7776940648468618,9,combined,29,29,0.5,0.9484487689062494,0.9283672526189667,0.9800420168067226
2024-10-01,0.7781465512545519,0.7742099656359472,9,combined,29,29,0.5,0.9491128668491794,0.9212773441988847,0.979516806722689
2024-11-01,0.7831701225849885,0.7866422706365424,9,combined,29,29,0.5,0.9455750518354457,0.9304511833893006,0.9810924369747899
2024-12-01,0.7831701225849885,0.7866422706365424,9,combined,29,29,0.5,1.0,1.0,1.0
2023-01-01,0.5955495368122276,0.7316343233933801,8,combined,30,30,0.5,,,
2023-02-01,0.5955495368122276,0.7316343233933801,8,combined,30,30,0.5,1.0,1.0,1.0
2023-03-01,0.5916839292781596,0.710713074523499,8,combined,30,30,0.5,0.8628740590599789,0.8634766499487427,0.9501050420168067
2023-04-01,0.6191204427891152,0.7340856491899902,8,combined,30,30,0.5,0.8633088604437793,0.8693928380514325,0.9464285714285714
2023-05-01,0.6552127095742775,0.753792817267889,8,combined,30,30,0.5,0.8577420532587924,0.8683049900389623,0.9385504201680672
2023-06-01,0.6614342989729621,0.7410755077253611,10,combined,30,30,0.5,0.8921891506994308,0.894789142653658,0.9506302521008403
2023-07-01,0.6265561180862701,0.7048545842744345,10,combined,30,30,0.5,0.8728117114246821,0.8811946749691242,0.9406512605042017
2023-08-01,0.5743367640906208,0.6788001862437504,11,combined,30,30,0.5,0.8289657109325638,0.8521679956819695,0.9206932773109243
2023-09-01,0.5288276791839119,0.6700755967750631,11,combined,30,30,0.5,0.7579594806347264,0.8412674299807903,0.8986344537815126
2023-10-01,0.45991585289917514,0.664330432153861,11,combined,30,30,0.5,0.6624148373930777,0.7898133623140862,0.8592436974789915
2023-11-01,0.3933135405866311,0.6450754692985283,11,combined,30,30,0.5,0.672429713906489,0.8049642457701561,0.8587184873949579
2023-12-01,0.3956673505445192,0.6419784094448707,11,combined,30,30,0.5,0.7785225127679468,0.8390677464939993,0.9007352941176471
2024-01-01,0.3792724194493673,0.6478403191870037,11,combined,30,30,0.5,0.8813737420018362,0.888152333385038,0.9480042016806722
2024-02-01,0.4317627723129361,0.6592367384307319,9,combined,30,30,0.5,0.9472399331019391,0.9217595489239715,0.976890756302521
2024-03-01,0.5334534806849297,0.6952910627417285,9,combined,30,30,0.5,0.9588554775201237,0.9331220949136244,0.9831932773109243
2024-04-01,0.6822611287689532,0.727091828010027,10,combined,30,30,0.5,0.9546592570578581,0.9179439884885593,0.9789915966386554
2024-05-01,0.7804011275853407,0.7272525470888842,10,combined,30,30,0.5,0.9523411563061104,0.918982771800664,0.979516806722689
2024-06-01,0.7887699419610886,0.7244052981973238,10,combined,30,30,0.5,0.9203588924704065,0.8863382475593536,0.9684873949579832
2024-07-01,0.7728622408666767,0.7157583875523282,11,combined,30,30,0.5,0.9730893454106992,0.9690571460089644,0.9873949579831933
2024-08-01,0.025464822595905916,0.08215533992053876,11,combined,30,30,0.5,0.030887660871616127,0.11328338880614862,0.04254201680672269
2024-09-01,0.6148444700737571,0.5758291783077372,10,combined,30,30,0.5,0.0803697203720555,0.20240625271031953,0.6407563025210085
2024-10-01,0.6135845200676834,0.5897997600145872,9,combined,30,30,0.5,0.9819041190965756,0.9671114050921764,0.9915966386554622
2024-11-01,0.6083618479601672,0.6004362542701124,9,combined,30,30,0.5,0.9646995017936463,0.9396751703573659,0.9889705882352942
2024-12-01,0.6083618479601672,0.6004362542701124,9,combined,30,30,0.5,1.0,1.0,1.0
2023-01-01,0.47483765442454445,0.688959986698697,7,combined,31,31,0.5,,,
2023-02-01,0.47483765442454445,0.688959986698697,7,combined,31,31,0.5,1.0,1.0,1.0
2023-03-01,0.49783789294762854,0.6779536011725673,7,combined,31,31,0.5,0.9206385316289778,0.8911620757339915,0.9653361344537815
2023-04-01,0.5615833822875235,0.6995356427626722,8,combined,31,31,0.5,0.8976692598341388,0.884053504317537,0.9564075630252101
2023-05-01,0.6185315779639616,0.7052210464910634,8,combined,31,31,0.5,0.8224644363940433,0.8396908583809943,0.9243697478991597
2023-06-01,0.5117721870899548,0.6685130949606252,8,combined,31,31,0.5,0.7370941358932166,0.8225608966626254,0.8802521008403361
2023-07-01,0.4615013383638727,0.6506926874884355,8,combined,31,31,0.5,0.5794256653272778,0.7921515950794539,0.8019957983193278
2023-08-01,0.5367420645887873,0.6664081074141293,8,combined,31,31,0.5,0.6557440207408329,0.8218398490321054,0.8377100840336135
2023-09-01,0.5632532194355256,0.6910554187221803,8,combined,31,31,0.5,0.8761276963197959,0.8991268670606277,0.9432773109243697
2023-10-01,0.5823040943761512,0.7127027753872899,8,combined,31,31,0.5,0.903327398986147,0.87721265518624,0.9459033613445378
2023-11-01,0.5793856617866908,0.7237729431360568,8,combined,31,31,0.5,0.949246784207571,0.9286227470823009,0.9763655462184874
2023-12-01,0.5493110593343022,0.7176341032371303,8,combined,31,31,0.5,0.9328695857540618,0.9006159387451746,0.9637605042016807
2024-01-01,0.48794803588506075,0.686863273318238,8,combined,31,31,0.5,0.9417170160857748,0.9167785818462784,0.9711134453781513
2024-02-01,0.4461423596192231,0.6574012216385725,8,combined,31,31,0.5,0.9234088997787302,0.9131377754530209,0.9611344537815126
2024-03-01,0.457202950315436,0.6370568419536321,8,combined,31,31,0.5,0.8429146200114077,0.8672689289731014,0.9159663865546218
2024-04-01,0.47483302586476994,0.6438934940449682,8,combined,31,31,0.5,0.7590732259065328,0.820290174877515,0.8807773109243697
2024-05-01,0.4892788165711341,0.665744971237995,8,combined,31,31,0.5,0.7148716354799115,0.8243932941764752,0.8860294117647058
2024-06-01,0.5484262752333752,0.6858413628135359,8,combined,31,31,0.5,0.6218452091730273,0.8043628337839608,0.8529411764705882
2024-07-01,0.7010661210398013,0.7333272800802045,8,combined,31,31,0.5,0.696949982121722,0.8076320541669803,0.8644957983193278
2024-08-01,0.720535269423172,0.7627118985248748,8,combined,31,31,0.5,0.886224115238085,0.8969123034993722,0.9543067226890757
2024-09-01,0.7225113700751441,0.7703725304052723,8,combined,31,31,0.5,0.9559350961719987,0.9256845945189428,0.9800420168067226
2024-10-01,0.6943892754632887,0.7605679255075908,7,combined,31,31,0.5,0.9514332685044717,0.9087584778176416,0.9732142857142857
2024-11-01,0.6698202900054884,0.7698778908241054,7,combined,31,31,0.5,0.9622985585165863,0.9270965932624462,0.9789915966386554
2024-12-01,0.6698202900054884,0.7698778908241054,7,combined,31,31,0.5,1.0,1.0,1.0
2023-01-01,0.38785161513359495,0.5379615546637546,4,combined,32,32,0.5,,,
2023-02-01,0.38785161513359495,0.5379615546637546,4,combined,32,32,0.5,1.0,1.0,1.0
2023-03-01,0.4014977555501011,0.5474209389177352,5,combined,32,32,0.5,0.974101096431275,0.9480254563012553,0.9921218487394958
2023-04-01,0.4203412215106918,0.546914891939432,5,combined,32,32,0.5,0.9548166490379592,0.9133269021417382,0.9852941176470589
2023-05-01,0.4274472051839992,0.5430665079448056,8,combined,32,32,0.5,0.9644248894111697,0.9405091288268327,0.9831932773109243
2023-06-01,0.0155300788799643,0.045767916160094096,9,combined,32,32,0.5,0.012092705503626178,0.1238317987025118,0.04831932773109244
2023-07-01,0.46268052002911697,0.5733641463070154,9,combined,32,32,0.5,0.05823225778595206,0.1425130042376682,0.5997899159663865
2023-08-01,0.40006672123060943,0.5614210855573682,8,combined,32,32,0.5,0.9900567801409083,0.9815236282518892,0.9947478991596639
2023-09-01,0.3390487003674948,0.546425702801435,9,combined,32,32,0.5,0.8908667779714016,0.861745608561773,0.9516806722689075
2023-10-01,0.31571348685624945,0.545542091999252,9,combined,32,32,0.5,0.8785766206597501,0.8667571317064576,0.9506302521008403
2023-11-01,0.31401740942983397,0.5411215088298587,10,combined,32,32,0.5,0.9929756576566814,0.9878150149517044,0.9968487394957983
2023-12-01,0.0009606171182179157,0.0260983266763665,9,combined,32,32,0.5,0.006657761885279445,0.06522783253763818,0.07720588235294118
2024-01-01,0.0013473540620365686,0.029320312064532558,9,combined,32,32,0.5,0.7464344503557395,0.6722776178276566,0.9889705882352942
2024-02-01,0.37079343266729026,0.5900389933922799,9,combined,32,32,0.5,0.010314233520390173,0.06066212419950508,0.027836134453781514
2024-03-01,0.47391470819395387,0.631339366044116,8,combined,32,32,0.5,0.9966252201477411,0.9915550417744554,0.9978991596638656
2024-04-01,0.6194212707780103,0.6571498874799205,9,combined,32,32,0.5,0.9424899839248662,0.9140893611463154,0.9763655462184874
2024-05-01,0.7510519998985146,0.6956530017062517,10,combined,32,32,0.5,0.974142895147943,0.9429214874316032,0.9873949579831933
2024-06-01,0.805278005878755,0.7295211966649598,9,combined,32,32,0.5,0.9423999943557047,0.9190255240116288,0.9789915966386554
2024-07-01,0.797771394000676,0.7281087729241448,8,combined,32,32,0.5,0.8884098186415113,0.8811177495910073,0.960609243697479
2024-08-01,0.8225421294702362,0.7690302561863372,8,combined,32,32,0.5,0.9175557154145803,0.9033253864931109,0.9716386554621849
2024-09-01,0.8222642643703194,0.780542397685005,8,combined,32,32,0.5,0.9370812005342106,0.9099863972543473,0.976890756302521
2024-10-01,0.805281295970377,0.7734429838224013,8,combined,32,32,0.5,0.9590444069140295,0.9390023376846568,0.9858193277310925
2024-11-01,0.7970822638070276,0.7714673952279738,8,combined,32,32,0.5,0.9616415193791163,0.9382690362030971,0.9858193277310925
2024-12-01,0.7970822638070276,0.7714673952279738,8,combined,32,32,0.5,1.0,1.0,1.0
2023-01-01,0.559667783524335,0.6991156040290838,8,combined,33,33,0.5,,,
2023-02-01,0.559667783524335,0.6991156040290838,8,combined,33,33,0.5,1.0,1.0,1.0
2023-03-01,0.5324003629983336,0.6785215299779601,8,combined,33,33,0.5,0.8722882290951604,0.8621832115699278,0.9464285714285714
2023-04-01,0.520887423994141,0.6831961330737023,8,combined,33,33,0.5,0.9000537205739125,0.8877640159065685,0.9585084033613446
2023-05-01,0.5000080347398749,0.6731382344987347,8,combined,33,33,0.5,0.8436849517865086,0.8631414848866928,0.9359243697478992
2023-06-01,0.5011933374271065,0.685430133560521,9,combined,33,33,0.5,0.8236037199957131,0.8562023288151873,0.9301470588235294
2023-07-01,0.5384048366816814,0.698303306373433,10,combined,33,33,0.5,0.8934739277266549,0.9021564218649551,0.9600840336134454
2023-08-01,0.6240234991517135,0.7311748634538815,10,combined,33,33,0.5,0.9117953563111413,0.9120192516888367,0.9663865546218487
2023-09-01,0.6724006760556325,0.7439304840359756,11,combined,33,33,0.5,0.9190232706082498,0.9195362388787093,0.970063025210084
2023-10-01,0.6779680168618892,0.7508533825181429,12,combined,33,33,0.5,0.9065054074142819,0.9047767133894569,0.9574579831932774
2023-11-01,0.6207384604331763,0.7211303242181442,13,combined,33,33,0.5,0.8543512685810296,0.8749506289376746,0.9185924369747899
2023-12-01,0.5541393306178358,0.6976272925150959,13,combined,33,33,0.5,0.7946477066067513,0.8445221448719156,0.8849789915966386
2024-01-01,0.4632158680700696,0.6572621651841358,13,combined,33,33,0.5,0.7126163112130492,0.8330040958175352,0.851890756302521
2024-02-01,0.44054327000498567,0.6360068277877726,13,combined,33,33,0.5,0.7094129125161039,0.8132315292507001,0.8644957983193278
2024-03-01,0.4993227840037036,0.6170504778324554,13,combined,33,33,0.5,0.8012639516458268,0.8238703548935613,0.8786764705882353
2024-04-01,0.5428258139609807,0.6311316408001348,13,combined,33,33,0.5,0.8774465561125822,0.8496349307303701,0.8991596638655462
2024-05-01,0.5064293671446977,0.6285905665527726,13,combined,33,33,0.5,0.8626522238373933,0.843080586318111,0.9028361344537815
2024-06-01,0.4917259699988031,0.6485635515444922,11,combined,33,33,0.5,0.8486829177012645,0.8452053650574121,0.917016806722689
2024-07-01,0.46426738117893634,0.6510071277585516,10,combined,33,33,0.5,0.8274044379072111,0.8685731517341103,0.9275210084033614
2024-08-01,0.4544963626173785,0.6538267219921752,10,combined,33,33,0.5,0.8649729880152274,0.891043983792109,0.9474789915966386
2024-09-01,0.4554250348548005,0.673854216670975,10,combined,33,33,0.5,0.8727925035117795,0.8809032869410783,0.9511554621848739
2024-10-01,0.4521434497519006,0.676772326870632,9,combined,33,33,0.5,0.9176569119113618,0.9115385430625756,0.9695378151260504
2024-11-01,0.4425217431827993,0.6615697231472611,9,combined,33,33,0.5,0.9072760767675366,0.8965862973267165,0.9642857142857143
2024-12-01,0.4425217431827993,0.6615697231472611,9,combined,33,33,0.5,1.0,1.0,1.0
2023-01-01,0.7034359774611955,0.7049502919782981,8,combined,34,34,0.5,,,
2023-02-01,0.7034359774611955,0.7049502919782981,8,combined,34,34,0.5,1.0,1.0,1.0
2023-03-01,0.7401908476373867,0.7249188658590576,8,combined,34,34,0.5,0.8899760535295853,0.867557661694914,0.9459033613445378
2023-04-01,0.7670258881429821,0.7330123569982703,9,combined,34,34,0.5,0.900769254839057,0.8891148307734121,0.9564075630252101
2023-05-01,0.7460480074927031,0.7281245061347674,9,combined,34,34,0.5,0.8959537336276695,0.8851261593816476,0.9522058823529411
2023-06-01,0.680943005158823,0.7181376212996005,9,combined,34,34,0.5,0.8598049313639269,0.885741125336052,0.9359243697478992
2023-07-01,0.5773935388348002,0.6973639456469723,11,combined,34,34,0.5,0.7811367293913635,0.8698756125055161,0.8975840336134454
2023-08-01,0.5356491028863454,0.6813712596091638,11,combined,34,34,0.5,0.7246362136979793,0.8405256936115354,0.8807773109243697
2023-09-01,0.5697269885083197,0.6699641604013261,11,combined,34,34,0.5,0.7216223457233325,0.8346890722268092,0.8707983193277311
2023-10-01,0.5569335431761928,0.6848061379275905,11,combined,34,34,0.5,0.7538814170278533,0.8298013990056632,0.8728991596638656
2023-11-01,0.4644814369089235,0.6556528054462228,12,combined,34,34,0.5,0.8382498683216876,0.8518852607967837,0.9086134453781513
2023-12-01,0.369200051641312,0.6243769141616224,11,combined,34,34,0.5,0.8866379978559066,0.8629248569157493,0.9243697478991597
2024-01-01,0.32197175169784314,0.5979147213259707,11,combined,34,34,0.5,0.9118441045724271,0.861910960626149,0.9301470588235294
2024-02-01,0.41794269679554313,0.6092213689141667,11,combined,34,34,0.5,0.9027503847769113,0.8646756831814465,0.9290966386554622
2024-03-01,0.5093709128859,0.6214425809199029,11,combined,34,34,0.5,0.8751095737648064,0.8460023266479618,0.9180672268907563
2024-04-01,0.5385386412873686,0.6248609505810685,10,combined,34,34,0.5,0.8535303520475483,0.8470197052874593,0.9243697478991597
2024-05-01,0.46695744702230846,0.6196510516588549,11,combined,34,34,0.5,0.793957249638695,0.8436076997633708,0.9107142857142857
2024-06-01,0.3733818053245102,0.6124928984140364,11,combined,34,34,0.5,0.654240822636802,0.803694901650564,0.8266806722689075
2024-07-01,0.5370742147743632,0.6503583793849584,11,combined,34,34,0.5,0.6574406805109302,0.7772140757390703,0.7988445378151261
2024-08-01,0.657199308837711,0.6960091432378203,10,combined,34,34,0.5,0.8584487912972618,0.8710978473615935,0.9296218487394958
2024-09-01,0.7147950362695371,0.7328925007790016,10,combined,34,34,0.5,0.9119226354127458,0.8826241235383889,0.9616596638655462
2024-10-01,0.734584907692416,0.7339083594457068,10,combined,34,34,0.5,0.9475398397519739,0.9226960406349842,0.976890756302521
2024-11-01,0.7364143150623544,0.7394730044566744,10,combined,34,34,0.5,0.9284493458595453,0.8922899074427337,0.967436974789916
2024-12-01,0.7364143150623544,0.7394730044566744,10,combined,34,34,0.5,1.0,1.0,1.0
2023-01-01,0.6762584342082222,0.6964570169295364,8,combined,35,35,0.5,,,
2023-02-01,0.6762584342082222,0.6964570169295364,8,combined,35,35,0.5,1.0,1.0,1.0
2023-03-01,0.6863597051026881,0.6881954573437068,9,combined,35,35,0.5,0.9127355512289483,0.8922183000117183,0.9621848739495799
2023-04-01,0.7490509875624679,0.7297196647343156,9,combined,35,35,0.5,0.9180509849359633,0.8907730294374031,0.9632352941176471
2023-05-01,0.7626719255746954,0.7278229832753356,9,combined,35,35,0.5,0.9319790535744139,0.9006400056641681,0.960609243697479
2023-06-01,0.7367831455463753,0.716799748023956,10,combined,35,35,0.5,0.8951211287716301,0.8734126388450388,0.9438025210084033
2023-07-01,0.5678682038588796,0.6559453802903995,11,combined,35,35,0.5,0.7292229009995248,0.8313877847411064,0.8739495798319328
2023-08-01,0.4360880018915323,0.6280346795220774,12,combined,35,35,0.5,0.6277820464264766,0.8240203350953148,0.8251050420168067
2023-09-01,0.47983441156461837,0.6341756010713284,12,combined,35,35,0.5,0.6955824928523912,0.8125533454466682,0.8382352941176471
2023-10-01,0.5304452477568399,0.6670303283867626,12,combined,35,35,0.5,0.8537803990011573,0.8543045601128979,0.9080882352941176
2023-11-01,0.5390939024030167,0.6917252899133666,12,combined,35,35,0.5,0.9012572818882043,0.8765903669986844,0.9390756302521008
2023-12-01,0.5099627158274579,0.6908434765360421,13,combined,35,35,0.5,0.9066331568981165,0.879461662671209,0.9459033613445378
2024-01-01,0.4337042202576225,0.646303291403593,13,combined,35,35,0.5,0.9271124631292114,0.8997667918803472,0.9595588235294118
2024-02-01,0.4049122101569675,0.6342456666594989,12,combined,35,35,0.5,0.9237304473152775,0.8890560014332811,0.9432773109243697
2024-03-01,0.45353359424609335,0.6472256524190252,12,combined,35,35,0.5,0.9062072206377181,0.8758341021970214,0.9191176470588235
2024-04-01,0.48582947971107593,0.6489505660915404,12,combined,35,35,0.5,0.772184430298589,0.8031132566930391,0.8629201680672269
2024-05-01,0.4491945245097099,0.6576653586365261,12,combined,35,35,0.5,0.6376195591192693,0.7843088578258864,0.8240546218487395
2024-06-01,0.6025398983571799,0.6817395897401795,11,combined,35,35,0.5,0.566472004438427,0.7803755702396287,0.8014705882352942
2024-07-01,0.7638861621940425,0.7198336076281663,11,combined,35,35,0.5,0.7175133630745001,0.8022643853740496,0.8676470588235294
2024-08-01,0.8149679430653903,0.7593325016123424,11,combined,35,35,0.5,0.8826611500330854,0.8665660134096276,0.9411764705882353
2024-09-01,0.798657374026694,0.768039879544106,10,combined,35,35,0.5,0.9380072036783514,0.9114493035810769,0.9721638655462185
2024-10-01,0.7799958329060801,0.7611679748118862,10,combined,35,35,0.5,0.970780388187363,0.9435576523673154,0.9858193277310925
2024-11-01,0.7718490127595243,0.7591784614449879,10,combined,35,35,0.5,0.9710718910309978,0.9518603726395645,0.9879201680672269
2024-12-01,0.7718490127595243,0.7591784614449879,10,combined,35,35,0.5,1.0,1.0,1.0
2023-01-01,0.5664412805728085,0.7275169901488453,8,combined,36,36,0.5,,,
2023-02-01,0.5664412805728085,0.7275169901488453,8,combined,36,36,0.5,1.0,1.0,1.0
2023-03-01,0.5355863834099656,0.6973519134619194,8,combined,36,36,0.5,0.896058598916093,0.8859156683620925,0.9553571428571429
2023-04-01,0.5304766087568796,0.7092010862241257,8,combined,36,36,0.5,0.8863944322842038,0.8859989806734216,0.9532563025210085
2023-05-01,0.5113948710703325,0.701771409840819,8,combined,36,36,0.5,0.8850379782115078,0.877843034723418,0.9501050420168067
2023-06-01,0.5260291585289348,0.7131365504196324,10,combined,36,36,0.5,0.886414990852278,0.8941083547321056,0.9553571428571429
2023-07-01,0.570071055919686,0.724020739352693,10,combined,36,36,0.5,0.8895395360860082,0.9082275642222142,0.9595588235294118
2023-08-01,0.6513386952427016,0.7521706941293564,11,combined,36,36,0.5,0.8883686843435992,0.8963375969767892,0.9574579831932774
2023-09-01,0.6882865722615347,0.757102344531577,12,combined,36,36,0.5,0.9174244404270901,0.9176586612088597,0.9663865546218487
2023-10-01,0.683271251617011,0.7531659113899226,12,combined,36,36,0.5,0.8753010536101574,0.8746275193262186,0.9353991596638656
2023-11-01,0.5757478480203874,0.7265358215005674,13,combined,36,36,0.5,0.764330839450909,0.8425157903394976,0.8734243697478992
2023-12-01,0.5265637856704621,0.7030801432329299,14,combined,36,36,0.5,0.6339618136916807,0.8031283177875356,0.8345588235294118
2024-01-01,0.4669056507821505,0.6702831127061798,15,combined,36,36,0.5,0.7250233093425672,0.8072063379186661,0.8592436974789915
2024-02-01,0.4418270476009819,0.6435463694640059,15,combined,36,36,0.5,0.8458417706020824,0.8332712313994355,0.8912815126050421
2024-03-01,0.5234933428177815,0.6394578755568208,15,combined,36,36,0.5,0.8420803875961121,0.8133663579031395,0.868172268907563
2024-04-01,0.6474513337906344,0.6649111921324267,15,combined,36,36,0.5,0.8608744683674656,0.8153173720281446,0.8671218487394958
2024-05-01,0.6902655363205585,0.7022210907341077,14,combined,36,36,0.5,0.8818240957848804,0.8550761068901592,0.9175420168067226
2024-06-01,0.6494225082633698,0.7089463394248446,11,combined,36,36,0.5,0.8827243106627113,0.8732167993515962,0.9438025210084033
2024-07-01,0.5398032823798784,0.6941704550777015,11,combined,36,36,0.5,0.7402350531849224,0.840392205344555,0.8939075630252101
2024-08-01,0.5539408177356393,0.7029807989922789,11,combined,36,36,0.5,0.5929556938115068,0.8031799555823266,0.8177521008403361
2024-09-01,0.7001016717369988,0.7342411661328835,11,combined,36,36,0.5,0.6951063138323975,0.8194663776751375,0.8576680672268907
2024-10-01,0.7269893233096846,0.7480415399344763,11,combined,36,36,0.5,0.8592448654870181,0.8729653792191162,0.9406512605042017
2024-11-01,0.7113517020213741,0.7600895847890161,10,combined,36,36,0.5,0.9428577771181229,0.919418744515706,0.9753151260504201
2024-12-01,0.7113517020213741,0.7600895847890161,10,combined,36,36,0.5,1.0,1.0,1.0
2023-01-01,0.6801610173244879,0.7218138242801012,7,combined,37,37,0.5,,,
2023-02-01,0.6801610173244879,0.7218138242801012,7,combined,37,37,0.5,1.0,1.0,1.0
2023-03-01,0.7160184179800074,0.7277681490088648,7,combined,37,37,0.5,0.9088989117899766,0.8715757585862718,0.9564075630252101
2023-04-01,0.7843136214262909,0.7722560136822508,7,combined,37,37,0.5,0.9207193376833624,0.8943919353317364,0.9669117647058824
2023-05-01,0.7770199180067646,0.7614128197671859,9,combined,37,37,0.5,0.9255201282454473,0.9026122716043062,0.967436974789916
2023-06-01,0.7519123289867672,0.7469588913842343,9,combined,37,37,0.5,0.9269989724059347,0.9108125989366033,0.9690126050420168
2023-07-01,0.7164661998048083,0.7347787721137802,9,combined,37,37,0.5,0.8886033247862015,0.8976552805873382,0.9480042016806722
2023-08-01,0.6532762720623922,0.716074819943597,9,combined,37,37,0.5,0.8771277490859599,0.8773059382291852,0.9406512605042017
2023-09-01,0.5418597910050864,0.6620766441134857,10,combined,37,37,0.5,0.8701468531466134,0.8700684607562545,0.9417016806722689
2023-10-01,0.4527610854617006,0.6346475031655348,10,combined,37,37,0.5,0.7854009122447702,0.827103261185466,0.9023109243697479
2023-11-01,0.42833475935430626,0.6199749691219517,10,combined,37,37,0.5,0.7037634030489701,0.8112874009510816,0.8665966386554622
2023-12-01,0.4472176068164378,0.636712487904513,10,combined,37,37,0.5,0.7157956229651078,0.819820275940954,0.8613445378151261
2024-01-01,0.40297893125116374,0.6446789033894009,11,combined,37,37,0.5,0.8243403975565428,0.8517871013329585,0.9196428571428571
2024-02-01,0.45263148552865773,0.6706003639236618,11,combined,37,37,0.5,0.9149648579812152,0.9059393161949321,0.9663865546218487
2024-03-01,0.5580148467073353,0.7095223492283455,11,combined,37,37,0.5,0.9470155146380123,0.9341894514566673,0.9810924369747899
2024-04-01,0.7156890706950612,0.7486336363736414,11,combined,37,37,0.5,0.940563197468889,0.9173265511787781,0.9758403361344538
2024-05-01,0.8058323051200359,0.7521088750583378,12,combined,37,37,0.5,0.97572499983092,0.9631353067678649,0.9837184873949579
2024-06-01,0.04053118438972006,0.11410812205473207,13,combined,37,37,0.5,0.05254024267405745,0.1753566302233126,0.05409663865546219
2024-07-01,0.6976970761005473,0.6678348754859991,13,combined,37,37,0.5,0.08250562579690202,0.23526143784290476,0.6171218487394958
2024-08-01,0.6849883404477909,0.669149638624393,12,combined,37,37,0.5,0.9883809569912962,0.9689584210033585,0.9915966386554622
2024-09-01,0.6794163770873274,0.6661592685312588,10,combined,37,37,0.5,0.9655478301016511,0.9396116849762096,0.9873949579831933
2024-10-01,0.6657202204118247,0.6648654680668509,10,combined,37,37,0.5,0.9851196021020024,0.9682065118600363,0.9947478991596639
2024-11-01,0.6601046157977642,0.6751161484206742,10,combined,37,37,0.5,0.980956763240658,0.9564047538881206,0.9926470588235294
2024-12-01,0.6601046157977642,0.6751161484206742,10,combined,37,37,0.5,1.0,1.0,1.0
2023-01-01,0.5949858961215794,0.7221936771358343,7,combined,38,38,0.5,,,
2023-02-01,0.5949858961215794,0.7221936771358343,7,combined,38,38,0.5,1.0,1.0,1.0
2023-03-01,0.507738868693148,0.685137859592183,7,combined,38,38,0.5,0.8040097166128835,0.8501089796893638,0.9259453781512605
2023-04-01,0.49073280618342235,0.6946481273838678,7,combined,38,38,0.5,0.8082440792915057,0.8600053950487933,0.9317226890756303
2023-05-01,0.49546425386796483,0.7047986848377569,7,combined,38,38,0.5,0.8853160325140123,0.8907557278908529,0.9569327731092437
2023-06-01,0.4873124382288571,0.6895751446648465,9,combined,38,38,0.5,0.8971995339454112,0.8979765568463955,0.960609243697479
2023-07-01,0.47281683353686443,0.6722563358593749,9,combined,38,38,0.5,0.9099618506700934,0.9066714842383504,0.9590336134453782
2023-08-01,0.4378588261069389,0.6551589108261463,9,combined,38,38,0.5,0.9167441791236193,0.9102721850401057,0.9642857142857143
2023-09-01,0.4274858645508797,0.6442315862339975,11,combined,38,38,0.5,0.909146967906984,0.9024969393067717,0.957983193277311
2023-10-01,0.40606679348263697,0.6354546657077401,11,combined,38,38,0.5,0.8301118278646326,0.8470857498106337,0.9138655462184874
2023-11-01,0.39675711973256134,0.6302754399055298,11,combined,38,38,0.5,0.6767958336649825,0.8055413214976844,0.8314075630252101
2023-12-01,0.43470914712261377,0.6583272595240931,11,combined,38,38,0.5,0.5959297589056718,0.8034989405795518,0.8009453781512605
2024-01-01,0.4089784314563553,0.6616015768934446,11,combined,38,38,0.5,0.7746002322525556,0.8275612344644544,0.8707983193277311
2024-02-01,0.4520710823768512,0.6663274599135705,11,combined,38,38,0.5,0.9094867524823098,0.8852474504467857,0.9396008403361344
2024-03-01,0.5279585635879297,0.6752482572929388,10,combined,38,38,0.5,0.9290817394395682,0.8988083196484498,0.9501050420168067
2024-04-01,0.5370641960145396,0.6719668849983799,10,combined,38,38,0.5,0.854742293973146,0.8624830493109936,0.9206932773109243
2024-05-01,0.5176051681446141,0.6992309564465898,10,combined,38,38,0.5,0.6446321145104582,0.7850467346424206,0.8455882352941176
2024-06-01,0.6061784262784946,0.7158684650944861,10,combined,38,38,0.5,0.6663938729374043,0.8145182208246714,0.8623949579831933
2024-07-01,0.7368364441544645,0.7339912672712837,10,combined,38,38,0.5,0.787619850419232,0.8603162980408978,0.9054621848739496
2024-08-01,0.7835893915451297,0.7473418567727819,10,combined,38,38,0.5,0.8931697627153482,0.8923277717278837,0.9532563025210085
2024-09-01,0.7973700423445946,0.7598650161037732,10,combined,38,38,0.5,0.959941164775552,0.9321758501683572,0.9800420168067226
2024-10-01,0.789591657569336,0.7554627769854387,10,combined,38,38,0.5,0.9648505766812369,0.9350408851539412,0.9842436974789915
2024-11-01,0.7904712186380781,0.7669080107074219,10,combined,38,38,0.5,0.946390408187343,0.9081412574945935,0.9758403361344538
2024-12-01,0.7904712186380781,0.7669080107074219,10,combined,38,38,0.5,1.0,1.0,1.0
2023-01-01,0.6842309754649689,0.76004839037672,8,combined,39,39,0.5,,,
2023-02-01,0.6842309754649689,0.76004839037672,8,combined,39,39,0.5,1.0,1.0,1.0
2023-03-01,0.6857455961138527,0.730189321897842,8,combined,39,39,0.5,0.9298382542626606,0.8856670058896875,0.957983193277311
2023-04-01,0.7578311703285902,0.7583218676894858,8,combined,39,39,0.5,0.8914042326055392,0.8655049291010897,0.9480042016806722
2023-05-01,0.7894565656724112,0.7729540441830337,8,combined,39,39,0.5,0.8890768826811454,0.8638363471514097,0.9406512605042017
2023-06-01,0.783472626623542,0.7813882020374865,8,combined,39,39,0.5,0.932105645338092,0.9125924598899992,0.9690126050420168
2023-07-01,0.7334207199614607,0.7646857880460413,9,combined,39,39,0.5,0.963591471699835,0.9515625586496983,0.9826680672268907
2023-08-01,0.6410051122558812,0.7319348464628974,10,combined,39,39,0.5,0.8936525919692636,0.9045115043150534,0.9522058823529411
2023-09-01,0.5486931082491058,0.7056918850916869,10,combined,39,39,0.5,0.7860443541099019,0.8522771975718735,0.9017857142857143
2023-10-01,0.5105679338400392,0.6889835575271113,10,combined,39,39,0.5,0.687856771959571,0.822578205023204,0.8576680672268907
2023-11-01,0.5112072037333354,0.6774180879980768,10,combined,39,39,0.5,0.687514397284691,0.8234345071224678,0.8513655462184874
2023-12-01,0.47376570023179526,0.6668878237268311,10,combined,39,39,0.5,0.8022308918106633,0.8527575515423265,0.8912815126050421
2024-01-01,0.39775389121578947,0.6311367501002264,11,combined,39,39,0.5,0.8668853765329356,0.8739982498623569,0.9164915966386554
2024-02-01,0.41461728614166676,0.6290162614376741,11,combined,39,39,0.5,0.8914485766356116,0.880953585780875,0.9375
2024-03-01,0.4744713882925131,0.626617696443916,11,combined,39,39,0.5,0.8875851177030614,0.8643223657161127,0.9285714285714286
2024-04-01,0.5349351140997444,0.6255457106918206,9,combined,39,39,0.5,0.8958182062293615,0.8530334682350095,0.9154411764705882
2024-05-01,0.5279965006007391,0.639272401968841,10,combined,39,39,0.5,0.8299124434533267,0.8402781497829386,0.8965336134453782
2024-06-01,0.5056130097223326,0.6491510101870677,10,combined,39,39,0.5,0.8015060448816037,0.8306450053705213,0.8991596638655462
2024-07-01,0.4922036377503541,0.668618688824547,9,combined,39,39,0.5,0.8805683429295744,0.8926896523691275,0.9511554621848739
2024-08-01,0.4762233365119883,0.6711154155250457,9,combined,39,39,0.5,0.8904139794596895,0.9076255201433432,0.9616596638655462
2024-09-01,0.4920062111862016,0.6818477900735187,9,combined,39,39,0.5,0.7064883280879479,0.8374319337958368,0.8897058823529411
2024-10-01,0.7192017168651184,0.7470862155672723,9,combined,39,39,0.5,0.6608264896001746,0.8209756043435396,0.8256302521008403
2024-11-01,0.7107845724638187,0.7436313063124508,9,combined,39,39,0.5,0.9959081432275276,0.9929765815959682,0.9984243697478992
2024-12-01,0.01624400083104674,0.04921473649592971,9,combined,39,39,0.5,0.03216382505966233,0.07611042276788477,0.6129201680672269
2023-01-01,0.5476876791132088,0.6959229129242169,7,combined,40,40,0.5,,,
2023-02-01,0.5476876791132088,0.6959229129242169,7,combined,40,40,0.5,1.0,1.0,1.0
2023-03-01,0.5598631105528729,0.6894171224845841,7,combined,40,40,0.5,0.8334700540651855,0.8424709414525169,0.9364495798319328
2023-04-01,0.5509866512932424,0.6948547222983846,7,combined,40,40,0.5,0.875226770381099,0.8751728018551956,0.9548319327731093
2023-05-01,0.5496639506332943,0.6917314581879304,7,combined,40,40,0.5,0.8753889566003942,0.8789574734071506,0.9553571428571429
2023-06-01,0.5325847920262764,0.6768178147515068,7,combined,40,40,0.5,0.9266178689581218,0.9210196473813933,0.9737394957983193
2023-07-01,0.5119710553798954,0.6742003908960199,9,combined,40,40,0.5,0.9199563516664152,0.9200740093095094,0.9705882352941176
2023-08-01,0.5009941913969124,0.6645353233261303,9,combined,40,40,0.5,0.9438537659658494,0.9313086890869215,0.9726890756302521
2023-09-01,0.5098898887729113,0.6481845892543757,9,combined,40,40,0.5,0.8465281765782808,0.8518237320916007,0.9080882352941176
2023-10-01,0.4924409176749252,0.6365438090051019,9,combined,40,40,0.5,0.7011677388030649,0.7819644478077664,0.8392857142857143
2023-11-01,0.3796710389115422,0.6035926724688139,9,combined,40,40,0.5,0.5439381990880396,0.7594457280447964,0.7935924369747899
2023-12-01,0.3539069437646697,0.6114127853154437,9,combined,40,40,0.5,0.6135341794443269,0.7716834702470518,0.8203781512605042
2024-01-01,0.3349150647183693,0.6146872485100221,9,combined,40,40,0.5,0.807541426688919,0.8223959057681404,0.9028361344537815
2024-02-01,0.3892047524841139,0.6247372730680234,9,combined,40,40,0.5,0.9276649756526073,0.8780383831095279,0.9522058823529411
2024-03-01,0.46792124694585907,0.6411039803677249,9,combined,40,40,0.5,0.9220296714531393,0.8959839884161032,0.9527310924369747
2024-04-01,0.5389530235586136,0.6490963368801895,10,combined,40,40,0.5,0.8443485591478662,0.8615932567403478,0.9322478991596639
2024-05-01,0.4888397161206885,0.6391491512826332,9,combined,40,40,0.5,0.6693027713310348,0.8048609889703674,0.8566176470588235
2024-06-01,0.5173262698314751,0.6472874153811501,9,combined,40,40,0.5,0.5845863502172625,0.7783682600650963,0.8125
2024-07-01,0.6862596514058942,0.6943474495273071,8,combined,40,40,0.5,0.7315220922413938,0.8151354082309664,0.8660714285714286
2024-08-01,0.750023956460969,0.7337094016340024,8,combined,40,40,0.5,0.9170614122311708,0.9099679702914981,0.9616596638655462
2024-09-01,0.80518169406763,0.7717040841419145,8,combined,40,40,0.5,0.9264920666191588,0.8982654413541454,0.9695378151260504
2024-10-01,0.8022209549404914,0.7644251062645752,8,combined,40,40,0.5,0.9348669227622858,0.9070003551748577,0.9742647058823529
2024-11-01,0.7869830062931231,0.7544781680524328,8,combined,40,40,0.5,0.915353643971855,0.8839504392869064,0.9663865546218487
2024-12-01,0.7869830062931231,0.7544781680524328,8,combined,40,40,0.5,1.0,1.0,1.0
2023-01-01,0.7098932592943104,0.7538596370159402,6,combined,41,41,0.5,,,
2023-02-01,0.7098932592943104,0.7538596370159402,6,combined,41,41,0.5,1.0,1.0,1.0
2023-03-01,0.7171281818995615,0.740354368892511,6,combined,41,41,0.5,0.9233001986988877,0.894655381979581,0.9648109243697479
2023-04-01,0.7675050556289359,0.758278745947609,6,combined,41,41,0.5,0.92632971323278,0.9046925034216352,0.9716386554621849
2023-05-01,0.7892494814441627,0.7700832362183874,6,combined,41,41,0.5,0.944737378932394,0.9304973952297357,0.9800420168067226
2023-06-01,0.7809602245902907,0.7697533426275512,9,combined,41,41,0.5,0.9215825317825527,0.9070795741478119,0.967436974789916
2023-07-01,0.6534142295141061,0.7203342592686819,9,combined,41,41,0.5,0.8647140366392146,0.8788735092138918,0.9364495798319328
2023-08-01,0.4751481421624887,0.6632786881435726,9,combined,41,41,0.5,0.737121046588152,0.8312782577122774,0.8744747899159664
2023-09-01,0.44064112520519577,0.6476921609079387,9,combined,41,41,0.5,0.6540339868555324,0.7998692631289639,0.8492647058823529
2023-10-01,0.5166622294981559,0.6757892200000086,9,combined,41,41,0.5,0.6866076304504173,0.8071257805301599,0.8581932773109243
2023-11-01,0.5261674427761136,0.6929350882879026,9,combined,41,41,0.5,0.8476946282331599,0.8413518693104606,0.9086134453781513
2023-12-01,0.5214100970784848,0.6994283388591997,9,combined,41,41,0.5,0.8800824802706037,0.8506697819802026,0.914390756302521
2024-01-01,0.4754361362948616,0.6788605292870421,9,combined,41,41,0.5,0.9285499106495196,0.8939239770993578,0.9553571428571429
2024-02-01,0.47008680287102345,0.6782250861876559,9,combined,41,41,0.5,0.9575085678834244,0.9339247479175512,0.976890756302521
2024-03-01,0.528679387905086,0.6955837504142487,9,combined,41,41,0.5,0.9356105733478176,0.9183815515398905,0.9721638655462185
2024-04-01,0.661773629182509,0.7285671661714734,10,combined,41,41,0.5,0.9150652679393758,0.878843081068554,0.957983193277311
2024-05-01,0.7438707740283256,0.7374856062970133,12,combined,41,41,0.5,0.9941233175053811,0.9918475091592671,0.9963235294117647
2024-06-01,0.00822123359334222,0.04372834895721681,12,combined,41,41,0.5,0.008752374023754953,0.06515582413955665,0.018907563025210083
2024-07-01,0.00793142612496733,0.045427098852286005,11,combined,41,41,0.5,0.9323835794093905,0.8614844566517571,0.9936974789915967
2024-08-01,0.7198856642794692,0.6533234791179563,11,combined,41,41,0.5,0.013175723674205593,0.08923010936706699,0.04936974789915966
2024-09-01,0.7195934527860126,0.6552493222423741,10,combined,41,41,0.5,0.9975011024487178,0.995618510814122,0.9989495798319328
2024-10-01,0.6751179543599443,0.6455317200569185,10,combined,41,41,0.5,0.9135463116646155,0.872148138210769,0.9627100840336135
2024-11-01,0.6582974951219251,0.6439343926636821,10,combined,41,41,0.5,0.9763242359233417,0.9535943028929522,0.990546218487395
2024-12-01,0.6582974951219251,0.6439343926636821,10,combined,41,41,0.5,1.0,1.0,1.0
2023-01-01,0.5887697782567041,0.6513145097086528,6,combined,42,42,0.5,,,
2023-02-01,0.5887697782567041,0.6513145097086528,6,combined,42,42,0.5,1.0,1.0,1.0
2023-03-01,0.6000004405513617,0.6418829060022674,6,combined,42,42,0.5,0.9437012778045499,0.9205034632330172,0.9779411764705882
2023-04-01,0.6417516783362788,0.6628127610033678,6,combined,42,42,0.5,0.9229265960473527,0.8994143932942866,0.9716386554621849
2023-05-01,0.6180412827399534,0.6380789434719687,6,combined,42,42,0.5,0.9019694157011332,0.8774720863859108,0.9621848739495799
2023-06-01,0.6225486249770447,0.6513400345566613,7,combined,42,42,0.5,0.9309008851282123,0.9090272106974632,0.9726890756302521
2023-07-01,0.6424257933541544,0.6864949584745774,8,combined,42,42,0.5,0.9360590986917564,0.9201910580935371,0.9747899159663865
2023-08-01,0.6110750650069054,0.6753102174658233,8,combined,42,42,0.5,0.9413857132217182,0.9305840460071797,0.9774159663865546
2023-09-01,0.5652546351180802,0.6506983021547565,9,combined,42,42,0.5,0.8799537768730599,0.8857564869826549,0.9438025210084033
2023-10-01,0.5458256072775186,0.6586443372561958,9,combined,42,42,0.5,0.7401070428634821,0.8011332839530682,0.8723739495798319
2023-11-01,0.4803823178296736,0.6358402973712889,9,combined,42,42,0.5,0.6722109421149953,0.7817436934832762,0.8125
2023-12-01,0.4529536798483576,0.6143072786547762,9,combined,42,42,0.5,0.7213911230776398,0.8105142731665538,0.8466386554621849
2024-01-01,0.4069478545720889,0.609092147278283,9,combined,42,42,0.5,0.7818944543486437,0.8235008809134976,0.9012605042016807
2024-02-01,0.4091383427802242,0.6156585337413117,9,combined,42,42,0.5,0.910711672543698,0.9033077409420041,0.9611344537815126
2024-03-01,0.4550839703604445,0.6158421738058515,9,combined,42,42,0.5,0.8839618792568723,0.8786581457687743,0.9380252100840336
2024-04-01,0.5128292250898553,0.6140749568011274,10,combined,42,42,0.5,0.8986634886521874,0.8801449345594334,0.9411764705882353
2024-05-01,0.5449540574703039,0.6254013277741752,9,combined,42,42,0.5,0.8977718790437333,0.8855578808981878,0.9353991596638656
2024-06-01,0.6058464439307462,0.6588222172449004,9,combined,42,42,0.5,0.8924476065775084,0.8822012328101441,0.9417016806722689
2024-07-01,0.6548067584761281,0.6940712537074865,9,combined,42,42,0.5,0.9334497631238199,0.9104773064730599,0.9658613445378151
2024-08-01,0.6849464449783749,0.7177036503243887,8,combined,42,42,0.5,0.9375528240424309,0.9092614738405519,0.9705882352941176
2024-09-01,0.7344054364073754,0.7403421193186117,8,combined,42,42,0.5,0.9143915677676214,0.898272075517096,0.9627100840336135
2024-10-01,0.7460053507309501,0.7393966703060284,8,combined,42,42,0.5,0.9143553482341522,0.8895643423778966,0.9600840336134454
2024-11-01,0.7434751329809243,0.7400104376168408,8,combined,42,42,0.5,0.937887060784674,0.8929940533127857,0.9642857142857143
2024-12-01,0.7434751329809243,0.7400104376168408,8,combined,42,42,0.5,1.0,1.0,1.0
2023-01-01,0.6465873698929602,0.7226019630329176,6,combined,43,43,0.5,,,
2023-02-01,0.6465873698929602,0.7226019630329176,6,combined,43,43,0.5,1.0,1.0,1.0
2023-03-01,0.6231871508401385,0.6967665263233612,6,combined,43,43,0.5,0.9474589262146678,0.9182526941612715,0.9784663865546218
2023-04-01,0.6489463804341733,0.7270654106345111,6,combined,43,43,0.5,0.9247361030191499,0.903426792722995,0.9721638655462185
2023-05-01,0.6462975838129146,0.7474260891464308,7,combined,43,43,0.5,0.9197255683007755,0.8935753227366067,0.9679621848739496
2023-06-01,0.5902848485371143,0.7330557502905831,8,combined,43,43,0.5,0.9042697536627144,0.8973284262038724,0.9532563025210085
2023-07-01,0.5067695625365062,0.7066332460738332,8,combined,43,43,0.5,0.8431310987990069,0.8697182107705232,0.9285714285714286
2023-08-01,0.480511291708304,0.6804915768645428,8,combined,43,43,0.5,0.8204312036743149,0.8661319753335052,0.9254201680672269
2023-09-01,0.47255888961037,0.6636029819691524,8,combined,43,43,0.5,0.7467341953941429,0.8439957304059129,0.9012605042016807
2023-10-01,0.469769703863823,0.6639500824114497,9,combined,43,43,0.5,0.6852197485679357,0.8095777152420933,0.8776260504201681
2023-11-01,0.4421616112367943,0.6737305091499255,9,combined,43,43,0.5,0.7548487544257766,0.8209831098757092,0.8996848739495799
2023-12-01,0.36875372197754597,0.6587160367468948,10,combined,43,43,0.5,0.8891869665118436,0.8905370306131504,0.9317226890756303
2024-01-01,0.3272816896244455,0.6390172092728094,10,combined,43,43,0.5,0.8766351168596821,0.8452889987371376,0.9138655462184874
2024-02-01,0.4138762001493309,0.6503860027074913,10,combined,43,43,0.5,0.8941216230428913,0.8531953267465907,0.9107142857142857
2024-03-01,0.5622544008447525,0.6707720350525941,11,combined,43,43,0.5,0.9197862537060374,0.8810727344543753,0.9264705882352942
2024-04-01,0.660673625345789,0.6811734471859189,11,combined,43,43,0.5,0.9078266198741702,0.8737297650363692,0.9506302521008403
2024-05-01,0.5905369914774808,0.6725258948757833,9,combined,43,43,0.5,0.7923784548043838,0.8356731909580472,0.904936974789916
2024-06-01,0.4868226121066523,0.6621232034922885,9,combined,43,43,0.5,0.6318280127670017,0.7961404976220688,0.8371848739495799
2024-07-01,0.5792956497137967,0.689833999216216,10,combined,43,43,0.5,0.6220750810526852,0.7984464546358382,0.8392857142857143
2024-08-01,0.6573114309502274,0.7059805343675515,10,combined,43,43,0.5,0.8099209793429141,0.8611602450474319,0.9206932773109243
2024-09-01,0.7324430376874924,0.7436143126915681,10,combined,43,43,0.5,0.867752836715318,0.8677571476356823,0.9427521008403361
2024-10-01,0.7491705089600204,0.7595131476207594,10,combined,43,43,0.5,0.9374575841267251,0.9196398879882862,0.9726890756302521
2024-11-01,0.7287829070673103,0.748892089021821,9,combined,43,43,0.5,0.9610444046942436,0.9241286163789006,0.9810924369747899
2024-12-01,0.7287829070673103,0.748892089021821,9,combined,43,43,0.5,1.0,1.0,1.0
2023-01-01,0.011222485463778128,0.07180076209571108,9,combined,44,44,0.5,,,
2023-02-01,0.5760046009466262,0.6908684841969698,9,combined,44,44,0.5,0.01040030272670781,0.08897704923488263,0.28361344537815125
2023-03-01,0.564728084455435,0.6911981036343071,9,combined,44,44,0.5,0.9995368013795947,0.9984616597410559,0.9994747899159664
2023-04-01,0.5172855843275738,0.6608000226829709,9,combined,44,44,0.5,0.7232077169778421,0.7965530091869929,0.8167016806722689
2023-05-01,0.5098260469405391,0.6971837530158529,10,combined,44,44,0.5,0.819851802362417,0.8523251504181242,0.8876050420168067
2023-06-01,0.505686053551559,0.7103738307639248,10,combined,44,44,0.5,0.90610096992572,0.9114041991489243,0.9627100840336135
2023-07-01,0.5484788522074077,0.7420265509187319,10,combined,44,44,0.5,0.9211399901628874,0.9257857649162394,0.9690126050420168
2023-08-01,0.6043964147053026,0.7494669667559738,10,combined,44,44,0.5,0.9084605258546536,0.9093956591109711,0.9600840336134454
2023-09-01,0.6200864121604682,0.7423196987710686,11,combined,44,44,0.5,0.8642126205726495,0.8797136997787,0.9301470588235294
2023-10-01,0.5908957640234477,0.7132142005067676,11,combined,44,44,0.5,0.8035552309047245,0.8450905709641391,0.8949579831932774
2023-11-01,0.5456740380762818,0.684483440093035,11,combined,44,44,0.5,0.7631490657553683,0.8271776171667564,0.8639705882352942
2023-12-01,0.4838692639047043,0.6667046233182041,12,combined,44,44,0.5,0.756303081368192,0.8358328512493759,0.8797268907563025
2024-01-01,0.4396934150673217,0.6407466728217628,12,combined,44,44,0.5,0.7926085399880637,0.8269282034294244,0.8891806722689075
2024-02-01,0.42222194775314065,0.6175807711984128,11,combined,44,44,0.5,0.7860033721917179,0.8184434181344482,0.8665966386554622
2024-03-01,0.4316240254178413,0.6038382742718946,11,combined,44,44,0.5,0.7370820935712568,0.8160321577668895,0.8665966386554622
2024-04-01,0.4465508947036935,0.5980450679670313,10,combined,44,44,0.5,0.7853204142950398,0.8332898665923729,0.8902310924369747
2024-05-01,0.4472163316095706,0.5967185147355435,10,combined,44,44,0.5,0.7789477981945098,0.811313298789757,0.8660714285714286
2024-06-01,0.4822235657427335,0.6295070386433652,10,combined,44,44,0.5,0.8168626301771397,0.8449309179282752,0.8902310924369747
2024-07-01,0.49062108919110037,0.6594122202328433,9,combined,44,44,0.5,0.8704038130290955,0.8854944304399855,0.9401260504201681
2024-08-01,0.4828093944627776,0.679374177998213,8,combined,44,44,0.5,0.8842125103722764,0.9076610065918765,0.9611344537815126
2024-09-01,0.4736632577559033,0.6870631821901468,8,combined,44,44,0.5,0.8735018889086813,0.8952373806897933,0.9569327731092437
2024-10-01,0.4666001934145203,0.6778737558699612,8,combined,44,44,0.5,0.9270413545088427,0.9294553596850654,0.9758403361344538
2024-11-01,0.4648392141166829,0.6835726133414357,8,combined,44,44,0.5,0.9285380419365967,0.9194835063618743,0.9732142857142857
2024-12-01,0.4648392141166829,0.6835726133414357,8,combined,44,44,0.5,1.0,1.0,1.0
2023-01-01,0.7784218449988648,0.8014406399708418,10,combined,45,45,0.5,,,
2023-02-01,0.7784218449988648,0.8014406399708418,10,combined,45,45,0.5,1.0,1.0,1.0
2023-03-01,0.7859328567383718,0.7852447663068993,10,combined,45,45,0.5,0.925157519505847,0.9036710192150976,0.9648109243697479
2023-04-01,0.8016841165358782,0.786796302993107,10,combined,45,45,0.5,0.9298301011340524,0.90765385760774,0.9658613445378151
2023-05-01,0.6824316954969252,0.7387703364495581,10,combined,45,45,0.5,0.8340007594939348,0.8687820096615497,0.9259453781512605
2023-06-01,0.4986413869418889,0.6990437960271018,11,combined,45,45,0.5,0.6970548292397507,0.8401980905904165,0.8503151260504201
2023-07-01,0.5512850339273453,0.7093937028963536,11,combined,45,45,0.5,0.6602551631425317,0.8340968962288524,0.8103991596638656
2023-08-01,0.6158747271543087,0.7404544919134323,12,combined,45,45,0.5,0.754007275252274,0.8379486218103439,0.8891806722689075
2023-09-01,0.5904703504859957,0.7393698964978536,12,combined,45,45,0.5,0.8978173344116217,0.8906010105385685,0.9522058823529411
2023-10-01,0.5678805038533941,0.7287600572326629,12,combined,45,45,0.5,0.9316617883816856,0.9098456772860103,0.9658613445378151
2023-11-01,0.5693415181771168,0.7350888633233674,12,combined,45,45,0.5,0.9459783798421396,0.9148834402623158,0.9690126050420168
2023-12-01,0.5401072445333589,0.718025702549177,13,combined,45,45,0.5,0.9154174450256665,0.8989458231769166,0.9543067226890757
2024-01-01,0.46448407702673916,0.6873038120719803,13,combined,45,45,0.5,0.8774083122839087,0.8987576087768513,0.9411764705882353
2024-02-01,0.47177288893564945,0.6783619216412822,11,combined,45,45,0.5,0.8764717515368236,0.8890694081970619,0.9432773109243697
2024-03-01,0.5302701662895153,0.6766305688590466,11,combined,45,45,0.5,0.90439359678452,0.9097351461670682,0.9485294117647058
2024-04-01,0.49402115142659087,0.6580656302958107,12,combined,45,45,0.5,0.8193320092104583,0.8682409123426287,0.9080882352941176
2024-05-01,0.3824271520803872,0.6306505661152436,12,combined,45,45,0.5,0.6949469967523895,0.8381011830909981,0.8524159663865546
2024-06-01,0.46211110271297845,0.6303580641309794,12,combined,45,45,0.5,0.5891822476886724,0.7968812055156895,0.8103991596638656
2024-07-01,0.5884171588885123,0.6444960445565657,12,combined,45,45,0.5,0.750444846846558,0.8360391705573248,0.8855042016806722
2024-08-01,0.626073598811435,0.6590890287422356,12,combined,45,45,0.5,0.8899542773532957,0.8831545432683248,0.946953781512605
2024-09-01,0.646655408112514,0.6673654846857939,12,combined,45,45,0.5,0.9516883850286343,0.9349661082361685,0.9758403361344538
2024-10-01,0.6464582691347539,0.6627270510264275,12,combined,45,45,0.5,0.9336025117825146,0.9000525204797093,0.9653361344537815
2024-11-01,0.6346400993929397,0.6622438829806162,12,combined,45,45,0.5,0.9509315412046758,0.9149197942576934,0.9737394957983193
2024-12-01,0.6346400993929397,0.6622438829806162,12,combined,45,45,0.5,1.0,1.0,1.0
2023-01-01,0.4718809678813426,0.5930310550948418,5,combined,46,46,0.5,,,
2023-02-01,0.4718809678813426,0.5930310550948418,5,combined,46,46,0.5,1.0,1.0,1.0
2023-03-01,0.48547205821734873,0.5907639627200899,5,combined,46,46,0.5,0.9610739080319385,0.9326055296275458,0.9863445378151261
2023-04-01,0.5195190802933946,0.5979993840928611,5,combined,46,46,0.5,0.9506647956642765,0.9149023056517308,0.9816176470588235
2023-05-01,0.539042271994939,0.602964353571093,5,combined,46,46,0.5,0.9642662782486084,0.9362787840599637,0.9868697478991597
2023-06-01,0.5308935302080127,0.6100114063213993,6,combined,46,46,0.5,0.966722070968678,0.938543548932878,0.9873949579831933
2023-07-01,0.47764943983272207,0.5925508178640364,6,combined,46,46,0.5,0.9554457875035286,0.9313447970133553,0.9847689075630253
2023-08-01,0.4194787808801282,0.5881444626209666,7,combined,46,46,0.5,0.943043014253549,0.9165529213044302,0.9805672268907563
2023-09-01,0.38021009143130424,0.5680466249321418,7,combined,46,46,0.5,0.9855663471125937,0.9767711083177187,0.9926470588235294
2023-10-01,0.0071176076029394065,0.07074706239204293,8,combined,46,46,0.5,0.01856825032586809,0.11873212673948838,0.0467436974789916
2023-11-01,0.006827408956231051,0.05671181891067864,10,combined,46,46,0.5,0.6572241560023225,0.6123624307876688,0.9784663865546218
2023-12-01,0.00671098856062228,0.057318677275954084,10,combined,46,46,0.5,0.9746532482241119,0.9520457986506706,0.9984243697478992
2024-01-01,0.0021093705856440248,0.036916364482305265,11,combined,46,46,0.5,0.4544046321845197,0.4037838667815332,0.9742647058823529
2024-02-01,0.3239132508681183,0.5436328218228116,10,combined,46,46,0.5,0.0044551237095271,0.06205992613833087,0.028361344537815126
2024-03-01,0.3481754448109325,0.5622211330342491,9,combined,46,46,0.5,0.9895458683492038,0.9837725424604585,0.993172268907563
2024-04-01,0.41689055741882936,0.5794622866036798,7,combined,46,46,0.5,0.8770155385705781,0.8795357145185358,0.9564075630252101
2024-05-01,0.4828056526547516,0.6070459852073469,8,combined,46,46,0.5,0.8947489515093794,0.8899459395715841,0.9632352941176471
2024-06-01,0.5089973940976977,0.6411990287177443,8,combined,46,46,0.5,0.9228050490471904,0.9141491698688502,0.9737394957983193
2024-07-01,0.5165606545365483,0.6622728637782325,8,combined,46,46,0.5,0.933511837255482,0.9144118158156137,0.9742647058823529
2024-08-01,0.5229387881206015,0.6745970022975997,8,combined,46,46,0.5,0.9468059683665845,0.9324336799412496,0.9805672268907563
2024-09-01,0.516749684593898,0.6640850865676798,8,combined,46,46,0.5,0.938577397162751,0.9170392993197809,0.9763655462184874
2024-10-01,0.5423023765706542,0.6841080389359248,8,combined,46,46,0.5,0.9301433447989292,0.907348121785647,0.9716386554621849
2024-11-01,0.5534045823757064,0.7004862573486936,8,combined,46,46,0.5,0.9320034434391071,0.9085129696415943,0.9726890756302521
2024-12-01,0.5534045823757064,0.7004862573486936,8,combined,46,46,0.5,1.0,1.0,1.0
2023-01-01,0.47391940213710904,0.6654827754464806,5,combined,47,47,0.5,,,
2023-02-01,0.47391940213710904,0.6654827754464806,5,combined,47,47,0.5,1.0,1.0,1.0
2023-03-01,0.42589914488637876,0.6399985135938518,5,combined,47,47,0.5,0.9258589687134581,0.9016471718916635,0.9742647058823529
2023-04-01,0.38532354238244343,0.6284561467194387,5,combined,47,47,0.5,0.9327628003984808,0.9124979221829848,0.9779411764705882
2023-05-01,0.3829323496891779,0.6214585939712739,7,combined,47,47,0.5,0.9168211105927669,0.9002385870505925,0.9721638655462185
2023-06-01,0.39998377558218906,0.6206079017488114,9,combined,47,47,0.5,0.8858772103802679,0.8792866824164874,0.9627100840336135
2023-07-01,0.36899625607983466,0.5868707010703346,9,combined,47,47,0.5,0.9677043421341042,0.9525036025633169,0.9779411764705882
2023-08-01,0.016318632037168518,0.09542245172373608,10,combined,47,47,0.5,0.027980719675791913,0.15401580052415126,0.058298319327731093
2023-09-01,0.5409911196675802,0.6783785410397623,11,combined,47,47,0.5,0.0415674100263299,0.18122115273406897,0.4684873949579832
2023-10-01,0.5555697501466299,0.6978900474225749,11,combined,47,47,0.5,0.9876972889941213,0.9741323549185269,0.9894957983193278
2023-11-01,0.5454506269961098,0.691107600182292,9,combined,47,47,0.5,0.93832311562599,0.9204825954263288,0.9742647058823529
2023-12-01,0.5233820528615465,0.6840219327746396,9,combined,47,47,0.5,0.9513388813874905,0.924728896828803,0.9779411764705882
2024-01-01,0.46295507072172093,0.6568430567437377,9,combined,47,47,0.5,0.9628962280100366,0.9496653476738758,0.9863445378151261
2024-02-01,0.4327359388259653,0.6420912685854485,10,combined,47,47,0.5,0.9587397198831463,0.9411505623981965,0.9842436974789915
2024-03-01,0.4671899709318021,0.6475111819692193,10,combined,47,47,0.5,0.9546979154865274,0.9307275995439512,0.9805672268907563
2024-04-01,0.5658938309615656,0.6737466529407258,12,combined,47,47,0.5,0.9490928700652309,0.921846541561298,0.9774159663865546
2024-05-01,0.656516130226734,0.6886548585654382,12,combined,47,47,0.5,0.9932310811456482,0.986792886865068,0.9947478991596639
2024-06-01,0.010601246482408117,0.04235110835201986,10,combined,47,47,0.5,0.009508975403579615,0.06233469677034308,0.025735294117647058
2024-07-01,0.012096074618769133,0.040864884615728014,10,combined,47,47,0.5,0.742310288536347,0.6328696989194251,0.9873949579831933
2024-08-01,0.01701422920930844,0.08750136240854799,9,combined,47,47,0.5,0.4897502078571304,0.4802271340652495,0.9695378151260504
2024-09-01,0.7233984344764102,0.692702337061259,9,combined,47,47,0.5,0.009604241811254402,0.11651815456365029,0.04411764705882353
2024-10-01,0.7407276794485352,0.7065739229474906,9,combined,47,47,0.5,0.9956139747375334,0.9898529611636345,0.9978991596638656
2024-11-01,0.7513852784156747,0.7204723060305619,8,combined,47,47,0.5,0.9627399417574058,0.9400793426600095,0.9884453781512605
2024-12-01,0.7513852784156747,0.7204723060305619,8,combined,47,47,0.5,1.0,1.0,1.0
2023-01-01,0.5381689230064576,0.6364483789550859,6,combined,48,48,0.5,,,
2023-02-01,0.5381689230064576,0.6364483789550859,6,combined,48,48,0.5,1.0,1.0,1.0
2023-03-01,0.5306701142580434,0.6154760435716805,8,combined,48,48,0.5,0.8808849586171942,0.846449997378542,0.9459033613445378
2023-04-01,0.5249234322942716,0.6094531513433502,8,combined,48,48,0.5,0.8825319061664808,0.8747728194511575,0.9527310924369747
2023-05-01,0.4938299051954355,0.5889349134760477,8,combined,48,48,0.5,0.8569115273178557,0.8526279722053113,0.9364495798319328
2023-06-01,0.48814136430338617,0.593428517997885,9,combined,48,48,0.5,0.8028290874272082,0.8358373569804073,0.9007352941176471
2023-07-01,0.531040205726645,0.6238064794487627,9,combined,48,48,0.5,0.7780257212294451,0.8139620919445838,0.8786764705882353
2023-08-01,0.5852051129869279,0.6669324337594325,9,combined,48,48,0.5,0.8134042693766999,0.8401865757229694,0.9086134453781513
2023-09-01,0.5870293466402962,0.6765611078100644,10,combined,48,48,0.5,0.8291544784662185,0.8589776280586918,0.9254201680672269
2023-10-01,0.5247711908912336,0.6630685723621266,10,combined,48,48,0.5,0.7788699277339993,0.8239902766923343,0.8723739495798319
2023-11-01,0.4991631997463225,0.667966870950115,10,combined,48,48,0.5,0.7615687750878681,0.8240921840605867,0.8319327731092437
2023-12-01,0.4854855942669076,0.6664465544978142,10,combined,48,48,0.5,0.7491201685671985,0.8368076957279355,0.875
2024-01-01,0.4030011646643822,0.6434109394060713,11,combined,48,48,0.5,0.834840191097567,0.8632808606980225,0.9222689075630253
2024-02-01,0.40682507704494275,0.6367814114652571,10,combined,48,48,0.5,0.9078803514920889,0.8937743191605801,0.9485294117647058
2024-03-01,0.4663501161529704,0.6396610421781403,10,combined,48,48,0.5,0.944736730621755,0.9240296059976201,0.9616596638655462
2024-04-01,0.48643384877546986,0.6293971805082211,10,combined,48,48,0.5,0.8950938958671553,0.8797826809798965,0.9369747899159664
2024-05-01,0.3963065493518212,0.6196157325171343,10,combined,48,48,0.5,0.7142747106086894,0.8090392086931867,0.8550420168067226
2024-06-01,0.5125121078368331,0.6231217979982738,9,combined,48,48,0.5,0.596351690025478,0.7837605703844716,0.8025210084033614
2024-07-01,0.7271826517639922,0.6639848218183744,9,combined,48,48,0.5,0.6662174932912408,0.7905192871082029,0.8398109243697479
2024-08-01,0.76979867871427,0.6985836733581138,9,combined,48,48,0.5,0.8844064487962062,0.8881901242763887,0.9459033613445378
2024-09-01,0.776302177614658,0.7154956427478436,9,combined,48,48,0.5,0.9613748897613431,0.9359645920136367,0.9826680672268907
2024-10-01,0.7520191862660031,0.7103469689674006,9,combined,48,48,0.5,0.9655573747679319,0.93952379469514,0.9852941176470589
2024-11-01,0.7277879199446362,0.6904168411959084,9,combined,48,48,0.5,0.9616422938136941,0.9261453728999964,0.9826680672268907
2024-12-01,0.7277879199446362,0.6904168411959084,9,combined,48,48,0.5,1.0,1.0,1.0
2023-01-01,0.7161725768076499,0.7463114176262865,6,combined,49,49,0.5,,,
2023-02-01,0.7161725768076499,0.7463114176262865,6,combined,49,49,0.5,1.0,1.0,1.0
2023-03-01,0.7135802350428151,0.7282499630463694,6,combined,49,49,0.5,0.9368693139448196,0.9144830804418971,0.9747899159663865
2023-04-01,0.7586187370059154,0.7460251110871301,6,combined,49,49,0.5,0.9472476094526643,0.9254752116289467,0.9789915966386554
2023-05-01,0.7570112285965422,0.7357659454766414,7,combined,49,49,0.5,0.9527318321651601,0.9319784791288762,0.9747899159663865
2023-06-01,0.7149329506387664,0.7201864492711003,8,combined,49,49,0.5,0.8973521324599995,0.8756120874231691,0.9438025210084033
2023-07-01,0.6099797380225567,0.6974517512614713,8,combined,49,49,0.5,0.8546598185725225,0.8676885866179835,0.9290966386554622
2023-08-01,0.5392661424736185,0.6753424705865739,9,combined,49,49,0.5,0.8768026474343715,0.8844386146163051,0.946953781512605
2023-09-01,0.5359468504574589,0.6736195709678653,10,combined,49,49,0.5,0.9071720616937021,0.9011515440434456,0.9600840336134454
2023-10-01,0.5387455604736039,0.687106799436553,10,combined,49,49,0.5,0.8920652272231038,0.8836137649964435,0.9417016806722689
2023-11-01,0.4777093474811632,0.663689770363439,10,combined,49,49,0.5,0.8187429837914681,0.8498616536151629,0.8944327731092437
2023-12-01,0.4151204231144711,0.6314168708565379,10,combined,49,49,0.5,0.7340911185149743,0.8451591117599162,0.8634453781512605
2024-01-01,0.39536742385490736,0.6155133062194296,10,combined,49,49,0.5,0.642410628996394,0.7997786962394728,0.8125
2024-02-01,0.4228047010377506,0.6424188809660429,10,combined,49,49,0.5,0.7468325685224617,0.8153523907389016,0.8686974789915967
2024-03-01,0.5032266512859463,0.692487567216689,10,combined,49,49,0.5,0.8470702175242597,0.8754122179889968,0.9233193277310925
2024-04-01,0.608343288679861,0.7364242884507086,9,combined,49,49,0.5,0.9304815831693104,0.908405905822478,0.967436974789916
2024-05-01,0.7021726884477236,0.746840348172632,9,combined,49,49,0.5,0.9481848227570956,0.9243960810141848,0.9747899159663865
2024-06-01,0.7293396183396472,0.7301871129198776,9,combined,49,49,0.5,0.9387094047767492,0.9115305333041306,0.9705882352941176
2024-07-01,0.7548382833581342,0.7364665296827794,9,combined,49,49,0.5,0.9357554963984387,0.9175276508339328,0.9690126050420168
2024-08-01,0.7992093350493654,0.7621733784528295,9,combined,49,49,0.5,0.9195647291472301,0.90422708226883,0.9600840336134454
2024-09-01,0.8313199002592718,0.7797305279347585,9,combined,49,49,0.5,0.9367399261531136,0.9047953010846423,0.9684873949579832
2024-10-01,0.8370297416189711,0.776968327432124,9,combined,49,49,0.5,0.944462374385587,0.9272524491081788,0.9758403361344538
2024-11-01,0.8354636414807036,0.7892023538039961,9,combined,49,49,0.5,0.9314373679469455,0.8902707296097639,0.9663865546218487
2024-12-01,0.8354636414807036,0.7892023538039961,9,combined,49,49,0.5,1.0,1.0,1.0
