municipality,month,Total,level_z,Food,Health,Catering,Marketplace,Transport,Other,profile,admin_form
Абазинский муниципальный район,2024-12-01,28058,-0.470692736024797,0.31445577019032006,0.05666832988808896,0.05823651008624991,0.22125596977689072,0.07776748164516359,0.2716159384132868,C,municipal_raion
Абанский муниципальный район,2024-12-01,27144,-0.5708021671869135,0.4862216327733569,0.0408193339227822,0.012967875036840553,0.21301208370173888,0.038903625110521665,0.20807544945475975,G,municipal_raion
Абатский муниципальный район,2024-12-01,30410,-0.22736174528628753,0.4637619204209142,0.03903321275896087,0.007267346267675107,0.18885235120026306,0.05731667214731996,0.24376849720486682,G,municipal_raion
Абзелиловский муниципальный район,2024-12-01,22044,-1.1999004494877463,0.39080929050988933,0.030983487570313918,0.03302485937216476,0.16721103248049357,0.06500635093449465,0.31296497913264365,G,municipal_raion
Агинский муниципальный район,2024-12-01,32175,-0.05681888275953072,0.3963014763014763,0.03530691530691531,0.024832944832944834,0.1454856254856255,0.07111111111111111,0.32696192696192694,A,municipal_raion
Агрызский муниципальный район,2024-12-01,25553,-0.7533851155709173,0.41134113411341133,0.04038664736038821,0.02743317810041874,0.1739521778264783,0.0405040504050405,0.306382812194263,G,municipal_raion
Адамовский муниципальный район,2024-12-01,24671,-0.8595658823894073,0.4245875724534879,0.0421952900166187,0.006485347168740626,0.23335089781524868,0.04592436463864456,0.24745652790725958,G,municipal_raion
Азнакаевский муниципальный район,2024-12-01,27017,-0.5849784301889204,0.4115927008920309,0.04338009401487952,0.03305326276048414,0.17174371691897694,0.05511344708886997,0.28511677832475846,G,municipal_raion
Азовский немецкий национальный муниципальный район,2024-12-01,25490,-0.7608469996418429,0.4142801098469988,0.03413103177716752,0.01785013730874853,0.21173009023146333,0.04578265986661436,0.2762259709690075,G,municipal_raion
Акбулакский муниципальный район,2024-12-01,22612,-1.1229987640762167,0.4210596143640545,0.043958959844330445,0.02034318061206439,0.20382982487174953,0.043339819564832835,0.2674686007429683,G,municipal_raion
Аксубаевский муниципальный район,2024-12-01,21197,-1.318337382868978,0.4461480398169552,0.03557107137802519,0.013303769401330377,0.18714912487616173,0.052507430296740105,0.2653205642307874,G,municipal_raion
Актанышский муниципальный район,2024-12-01,20710,-1.3885970130509584,0.4492032834379527,0.04307098020280058,0.025253500724287784,0.1656687590535973,0.05852245292129406,0.25828102366006755,G,municipal_raion
Алагирский муниципальный район,2024-12-01,30127,-0.25562437856496584,0.23317953994755536,0.06485876456334849,0.05948152819729811,0.24144455139907725,0.0730573903807216,0.3279782255119992,C,municipal_raion
Аларский муниципальный район,2024-12-01,32897,0.010262929112537086,0.410402164331094,0.03264735386205429,0.021886494209198408,0.18220506429157673,0.06240690640483935,0.29045201690123723,F,municipal_raion
Алданский муниципальный район,2024-12-01,55604,1.5968675437293933,0.40106826846989424,0.034386015394575926,0.038702251636572906,0.15694914034961513,0.050823681749514425,0.3180706423998273,A,municipal_raion
Александро-Невский муниципальный район,2024-12-01,30423,-0.22606978833275654,0.45018571475528385,0.034809190415146435,0.00907208362094468,0.26404365118495876,0.04355257535417283,0.19833678466949345,G,municipal_raion
Александрово-Гайский муниципальный район,2024-12-01,24262,-0.910098930889882,0.43640260489654603,0.04261808589563927,0.008820377545132306,0.2323798532684857,0.04537960596818069,0.234399472426016,G,municipal_raion
Александровский муниципальный округ,2024-12-01,28776,-0.39431210420755747,0.35859744231303864,0.04674033917153183,0.012788434806783431,0.22706422018348624,0.04962468723936614,0.3051848762857938,G,municipal_okrug
Аликовский муниципальный округ,2024-12-01,18601,-1.7132531329149459,0.4446535132519757,0.04967474866942637,0.016719531207999568,0.1650448900596742,0.05397559271006935,0.26993172410085475,G,municipal_okrug
Алькеевский муниципальный район,2024-12-01,22674,-1.1147217838475605,0.44054864602628563,0.04904295669048249,0.011687395254476493,0.16327070653612066,0.05993649113522096,0.2755138043574138,G,municipal_raion
Альменевский муниципальный округ,2024-12-01,23619,-0.9912917814526788,0.49248486388077395,0.047250095262288835,0.008467759007578644,0.18214149625301665,0.051695668741267624,0.21796011685507422,G,municipal_okrug
Альметьевский муниципальный район,2024-12-01,38329,0.4722281086067827,0.37553810430744344,0.050405698035430095,0.05371911607399097,0.15145190325862923,0.07067755485402698,0.29820762347047924,D,municipal_raion
Альшеевский муниципальный район,2024-12-01,24091,-0.9314794583755329,0.42410028641401354,0.04769415964468059,0.024116890124942926,0.18513137686272882,0.05516582956290731,0.26379145739072685,G,municipal_raion
Амгинский муниципальный район,2024-12-01,42147,0.7592662556581722,0.4224499964410278,0.025909317389138018,0.037820010914181315,0.06750183880228723,0.0692101454433293,0.3771086910100363,A,municipal_raion
Амурский муниципальный район,2024-12-01,41913,0.7424367440587599,0.38372342709899077,0.027867248824946914,0.02703218571803498,0.1678954023811228,0.028416004580917614,0.36506573139598697,A,municipal_raion
Анадырский муниципальный район,2024-12-01,79488,2.6770791395924953,0.40845159017713367,0.028041968599033816,0.03367803945249597,0.11558977455716586,0.04152828099838969,0.37271034621578103,A,municipal_raion
Андроповский муниципальный округ,2024-12-01,29610,-0.30794849426728,0.39658899020601146,0.045997973657548125,0.010908476865923675,0.2656197230665316,0.042823370482944954,0.23806146572104026,G,municipal_okrug
Антроповский муниципальный район,2024-12-01,27320,-0.5512655860821252,0.5115300146412884,0.04165446559297218,0.004465592972181552,0.25161054172767205,0.03748169838945827,0.15325768667642758,G,municipal_raion
Анучинский муниципальный округ,2024-12-01,32172,-0.057100744980881434,0.44843342036553524,0.03372497824194952,0.011625015541464627,0.18817605371130175,0.04357826681586473,0.27446226532388407,G,municipal_okrug
Апанасенковский муниципальный округ,2024-12-01,27902,-0.48754630709344254,0.39179987097699087,0.04544477098415884,0.009139129811483048,0.25413948820873056,0.05451222134614006,0.24496451867249658,G,municipal_okrug
Апастовский муниципальный район,2024-12-01,20563,-1.4101296418098317,0.4380197442007489,0.039828818752127605,0.0162427661333463,0.2106210183339007,0.05500170208627146,0.24028595049360502,G,municipal_raion
Аргаяшский муниципальный район,2024-12-01,26328,-0.6630680976088902,0.43725311455484656,0.03919781221513218,0.016560316013369797,0.1863795199027651,0.03760255241567913,0.28300668489820724,G,municipal_raion
Ардатовский муниципальный округ,2024-12-01,26513,-0.6419017270941455,0.4743710632519896,0.04673179195111832,0.009240749820842605,0.19967563082261533,0.039716365556519445,0.23026439859691483,G,municipal_okrug
Ардатовский муниципальный район,2024-12-01,21582,-1.2639265033498412,0.44708553424149755,0.051153739227133725,0.010610694096932629,0.2119358724863312,0.04374015383189695,0.23547400611620795,G,municipal_raion
Ардонский муниципальный район,2024-12-01,27779,-0.500901270755381,0.2816876057453472,0.06152129306310522,0.027322797796896937,0.2903632240181432,0.06796500953958026,0.2711400698369272,C,municipal_raion
Арзгирский муниципальный округ,2024-12-01,26453,-0.6487502699715071,0.39575851510225685,0.04906815862095037,0.00801421388878388,0.23490719389105205,0.04982421653498658,0.2624277019619703,G,municipal_okrug
Аркадакский муниципальный район,2024-12-01,26549,-0.6378000367409328,0.45602470902858866,0.045651436965610755,0.014350823006516253,0.22814418622170327,0.048664733134958005,0.20716411164262305,G,municipal_raion
Армизонский муниципальный район,2024-12-01,32067,-0.06698251707199929,0.3884990800511429,0.0384819284622821,0.008295132067234229,0.25206598684005366,0.053419403124707644,0.2592384694545795,G,municipal_raion
Аромашевский муниципальный район,2024-12-01,28021,-0.4746815652722586,0.48260233396381286,0.04261089896863067,0.0069947539345490885,0.2025623639413297,0.05246065450911816,0.2127689946825595,G,municipal_raion
Арсеньевский муниципальный район,2024-12-01,31596,-0.1117111526183985,0.4326180529180909,0.04241043170021522,0.015508292188884668,0.24651854665147488,0.041239397392074946,0.22170527914925942,G,municipal_raion
Арский муниципальный район,2024-12-01,24147,-0.9244609819078385,0.40100219488963434,0.047624963763614525,0.02720834886321282,0.17579823580569015,0.06982233817865573,0.27854391849919247,G,municipal_raion
Архангельский муниципальный район,2024-12-01,25860,-0.717284508065882,0.4348414539829853,0.04617169373549884,0.01388244392884764,0.18665893271461717,0.0434261407579273,0.27501933488012376,G,municipal_raion
Архаринский муниципальный округ,2024-12-01,33699,0.08307294723161782,0.45001335351197363,0.03525327161043355,0.012463277842072466,0.13632452001543072,0.06243508709457254,0.3035104899255171,F,municipal_okrug
Асекеевский муниципальный район,2024-12-01,25102,-0.807213285809764,0.414827503784559,0.04410007170743367,0.010995139829495657,0.24647438451119433,0.04529519560194407,0.2383077045653732,G,municipal_raion
Асиновский муниципальный район,2024-12-01,29945,-0.27394096520822175,0.48672566371681414,0.04157622307563867,0.016764067457004508,0.15451661379195192,0.04221071965269661,0.2582067123058941,G,municipal_raion
Аскинский муниципальный район,2024-12-01,23835,-0.9637730858850377,0.4233689951751626,0.044933920704845816,0.015817075728970002,0.17209985315712187,0.055422697713446614,0.28835745752045305,G,municipal_raion
Аткарский муниципальный район,2024-12-01,26566,-0.6358650603539893,0.44929609275013177,0.05100504404125574,0.015019197470450952,0.2188135210419333,0.039561845968531205,0.22630429872769697,G,municipal_raion
Атнинский муниципальный район,2024-12-01,19191,-1.61886196890097,0.4473972174456777,0.036892293262466784,0.02657495701109895,0.19910374654786098,0.04736595279037049,0.24266583294252508,G,municipal_raion
Атюрьевский муниципальный район,2024-12-01,22627,-1.1209941895930586,0.47836655323286337,0.044857913112653025,0.016970875502717992,0.2261457550713749,0.054094665664913597,0.1795642374154771,G,municipal_raion
Атяшевский муниципальный район,2024-12-01,23688,-0.9824738258070418,0.4642434988179669,0.050996285038838234,0.013002364066193853,0.1998902397838568,0.047745694022289766,0.22412191827085448,G,municipal_raion
Аургазинский муниципальный район,2024-12-01,19335,-1.5962647749352796,0.4122575640031032,0.06190845616757176,0.01665373674683217,0.14621153348849236,0.05073700543056633,0.31223170416343404,G,municipal_raion
Ахтубинский муниципальный район,2024-12-01,31862,-0.08636910403945183,0.39608310840499655,0.03941999874458603,0.018485970748854434,0.22591174439771514,0.04550875651245998,0.2745904211913879,G,municipal_raion
Ашинский муниципальный район,2024-12-01,33433,0.05911783318806934,0.4547602668022612,0.04393862351568809,0.018335177818323212,0.2009092812490653,0.03140609577363682,0.2506505548410254,G,municipal_raion
Бабаевский муниципальный округ,2024-12-01,32251,-0.04968712563490203,0.4593966078571207,0.02799913180986636,0.01903816935908964,0.1917149855818424,0.05069610244643577,0.2511550029456451,G,municipal_okrug
Бабушкинский муниципальный округ,2024-12-01,26640,-0.6274566226911734,0.467042042042042,0.033483483483483484,0.013963963963963964,0.17942942942942944,0.05191441441441441,0.25416666666666665,G,municipal_okrug
Бабынинский муниципальный район,2024-12-01,29739,-0.29480772143224676,0.40781465415783985,0.03318874205588621,0.019267628366791082,0.25777598439759236,0.03611419348330475,0.24583879753858573,G,municipal_raion
Бавлинский муниципальный район,2024-12-01,24031,-0.939017381879372,0.4085140027464525,0.038658399567225665,0.01826807040905497,0.17057134534559526,0.04818775747992177,0.31580042445174983,G,municipal_raion
Баганский муниципальный район,2024-12-01,31074,-0.16206872333391212,0.4727746669241166,0.03771641887108193,0.012647229194825256,0.2001351612280363,0.06803115144493789,0.20869537233700197,G,municipal_raion
Баевский муниципальный район,2024-12-01,25065,-0.8116721843580015,0.5281867145421903,0.0433672451625773,0.004907241172950329,0.20398962696987832,0.04963095950528625,0.16991821264711737,G,municipal_raion
Базарно-Карабулакский муниципальный район,2024-12-01,23681,-0.9833672295051913,0.48148304547949833,0.046999704404374815,0.009796883577551624,0.20983066593471558,0.042227946454963895,0.20966175414889587,G,municipal_raion
Базарносызганский муниципальный район,2024-12-01,27438,-0.5382375479421585,0.4871710766090823,0.04388074932575261,0.006122895254756178,0.2222465194256141,0.048509366571907575,0.19206939281288715,G,municipal_raion
Бай-Тайгинский муниципальный район,2024-12-01,24031,-0.939017381879372,0.42228787815738006,0.018392909159002956,0.026465814988972578,0.2107694228288461,0.09779035412592069,0.22429362073987757,C,municipal_raion
Байкаловский муниципальный район,2024-12-01,30501,-0.21832962099976164,0.4660175076227009,0.032621881249795086,0.009311170125569654,0.21612406150618013,0.043605127700731126,0.23232025179502314,G,municipal_raion
Баймакский муниципальный район,2024-12-01,25634,-0.743818251053736,0.4019661387220098,0.04646173051416088,0.034914566591246005,0.15221970820004682,0.06776156666926737,0.29667628930326917,G,municipal_raion
Бакалинский муниципальный район,2024-12-01,24103,-0.9299741266978246,0.46550221964070865,0.045056631954528484,0.01983155623781272,0.17947973281334273,0.0579595900925196,0.23217026926108775,G,municipal_raion
Бакчарский муниципальный район,2024-12-01,30826,-0.18629057134856308,0.4355089859209758,0.0341594757672095,0.007850515798352041,0.24654512424576655,0.04522156621034192,0.23071433205735414,G,municipal_raion
Балаганский муниципальный район,2024-12-01,30600,-0.20853401799630514,0.47660130718954247,0.035980392156862745,0.008856209150326798,0.2192156862745098,0.04310457516339869,0.21624183006535946,G,municipal_raion
Балаковский муниципальный район,2024-12-01,37818,0.431656844379942,0.3994394203818288,0.045613200063461846,0.03842085779258554,0.1748902638954995,0.05217092389867259,0.2894653339679517,D,municipal_raion
Балахнинский муниципальный округ,2024-12-01,40428,0.6333928561788952,0.40026714158504006,0.04924804590877609,0.028198278420896408,0.1910804392994954,0.04860492727812407,0.28260116750766806,F,municipal_okrug
Балахтинский муниципальный район,2024-12-01,33287,0.04588839411513719,0.43133956199116774,0.041397542584192024,0.04169796016462884,0.2057560008411692,0.059632889716706224,0.22017604470213603,F,municipal_raion
Балашовский муниципальный район,2024-12-01,32648,-0.012704151127561741,0.40370007351139425,0.05161112472433227,0.03170178877726047,0.2020338152413624,0.05785959323695173,0.2530936045086988,F,municipal_raion
Балейский муниципальный район,2024-12-01,35211,0.2157461368021811,0.44043054727215925,0.047456760671381104,0.019141745477265628,0.14745392064979693,0.05981085456249467,0.28570617136690246,F,municipal_raion
Балтайский муниципальный район,2024-12-01,25847,-0.7188044882970583,0.45831237667814445,0.04244206290865478,0.006151584323132279,0.22668007892598754,0.046310983866599605,0.22010291329748144,G,municipal_raion
Балтасинский муниципальный район,2024-12-01,22015,-1.2038797555541174,0.4098569157392687,0.05182829888712242,0.024256188962071316,0.1819668407903702,0.08644106291165114,0.24565069270951623,G,municipal_raion
Балтачевский муниципальный район,2024-12-01,22004,-1.2053905189058298,0.4533266678785675,0.05126340665333576,0.023450281766951464,0.14706417015088166,0.0583984730049082,0.2664970005453554,G,municipal_raion
Барабинский муниципальный район,2024-12-01,32589,-0.018171818269674855,0.448372150112001,0.0394304826782043,0.02338212280217251,0.1682776396943754,0.05738132498695879,0.26315627972628797,F,municipal_raion
Барун-Хемчикский муниципальный район,2024-12-01,24404,-0.8924585546252123,0.40411407965907226,0.008441239141124405,0.025323717423373217,0.19742665136862808,0.1120717915095886,0.2526225208982136,C,municipal_raion
Барышский муниципальный район,2024-12-01,24692,-0.8569939372874557,0.46055402559533454,0.044589340677142396,0.010489227280090718,0.22242021707435608,0.04657378908148388,0.21537340029159235,G,municipal_raion
Барятинский муниципальный район,2024-12-01,32302,-0.04491075790606524,0.4858213113739087,0.04021422822116277,0.00897777227416259,0.2779084886384744,0.04922295833075351,0.1378552411615379,G,municipal_raion
Батыревский муниципальный округ,2024-12-01,20469,-1.4239796441402317,0.38590063022131027,0.05051541355220089,0.020763105183448143,0.16713078313547317,0.06590453857052128,0.3097855293370463,G,municipal_okrug
Башмаковский муниципальный район,2024-12-01,26749,-0.6151136651764302,0.4398669109125575,0.0443007215222999,0.010505065609929342,0.2505514224830835,0.03966503420688624,0.2151108452652435,G,municipal_raion
Баяндаевский муниципальный район,2024-12-01,26976,-0.5895692516227826,0.3919039145907473,0.032732799525504154,0.021241103202846976,0.1797523724792408,0.08644721233689205,0.2879225978647687,C,municipal_raion
Бежаницкий муниципальный район,2024-12-01,28653,-0.40726057378127617,0.4813806582207797,0.03933270512686281,0.02554706313475029,0.2033294942937912,0.03961190800265243,0.2107981712211635,G,municipal_raion
Безенчукский муниципальный район,2024-12-01,32657,-0.011870968899908789,0.40821263435098143,0.04210429616927458,0.03285666166518664,0.21881985485500813,0.038031662430719294,0.25997489052882994,F,municipal_raion
Бейский муниципальный район,2024-12-01,37309,0.39069567939063243,0.42520571443887534,0.03283390066739929,0.018092149347342466,0.18574606663271598,0.06856254523037336,0.26955962368329356,F,municipal_raion
Бековский муниципальный район,2024-12-01,28894,-0.38194190819983165,0.4279435176853326,0.05177545511178792,0.025437807157195267,0.26289194988578946,0.042673219353499,0.1892780508063957,G,municipal_raion
Белебеевский муниципальный район,2024-12-01,34976,0.19550398280420522,0.3837774473924977,0.050005718206770355,0.0369967978042086,0.16082456541628545,0.05323650503202196,0.3151589661482159,F,municipal_raion
Белевский муниципальный район,2024-12-01,33621,0.07606816547339967,0.40968442342583505,0.04366318669878945,0.010826566729127629,0.2629011629636239,0.04089705838612772,0.23202760179649629,G,municipal_raion
Белинский муниципальный район,2024-12-01,24683,-0.8580959315281578,0.43349673864603167,0.05420734918770004,0.005550378803224892,0.23984118624154277,0.042498885872867966,0.2244054612486327,G,municipal_raion
Беловский муниципальный округ,2024-12-01,33608,0.0748991220972173,0.44831587717210186,0.0435015472506546,0.024131159247798142,0.2150975958105213,0.05451083075458224,0.21444298976434184,F,municipal_okrug
Белогорский муниципальный округ,2024-12-01,40620,0.6477148558017964,0.42122107336287545,0.03931560807483998,0.018931560807483996,0.12693254554406697,0.05411127523387494,0.33948793697685875,F,municipal_okrug
Белокатайский муниципальный район,2024-12-01,27313,-0.5520402028833475,0.3864094021162084,0.05250247135063889,0.010397978984366419,0.18134221799143266,0.052172957932120234,0.31717497162523345,G,municipal_raion
Беломорский муниципальный округ,2024-12-01,40784,0.6598947245743252,0.42001765398195373,0.03631326010200078,0.011426049431149471,0.2075814044723421,0.03506276971361318,0.2895988622989407,G,municipal_okrug
Белорецкий муниципальный район,2024-12-01,34137,0.12210881457610133,0.40463426780326334,0.04517092890412163,0.03673433517883821,0.15689720830770132,0.06066731112868735,0.2958959486773881,F,municipal_raion
Белохолуницкий муниципальный район,2024-12-01,23145,-1.0525727305112544,0.5528623892849428,0.040786346943184275,0.007474616547850508,0.17999567941240008,0.03620652408727587,0.1826744437243465,G,municipal_raion
Белоярский муниципальный район,2024-12-01,42594,0.7911567965784712,0.3637601540123022,0.0332675963750763,0.05362257594966427,0.18993285439263746,0.03909001267784195,0.3203268065924778,A,municipal_raion
Беляевский муниципальный район,2024-12-01,21544,-1.269253573913946,0.4188637207575195,0.03908280727812848,0.013043074637950241,0.2113349424433717,0.02149090233939844,0.29618455254363163,G,municipal_raion
Бердюжский муниципальный район,2024-12-01,30412,-0.2271629467336745,0.44715901617782455,0.038504537682493754,0.006905169012232014,0.2241220570827305,0.05537287912666053,0.2279363409180586,G,municipal_raion
Бессоновский муниципальный район,2024-12-01,30431,-0.22527501226989374,0.38641516874240084,0.044099766685288026,0.029180769609937235,0.2105418816338602,0.06207485787519306,0.26768755545332057,F,municipal_raion
Бижбулякский муниципальный район,2024-12-01,24010,-0.9416601021910805,0.4420241566014161,0.05214493960849646,0.025947521865889212,0.16497292794668889,0.056518117451062055,0.25839233652644733,G,municipal_raion
Бийский муниципальный район,2024-12-01,32791,0.0005071013955740337,0.43487542313439664,0.043365557622518376,0.02741605928455979,0.17053459790796255,0.06849440395230398,0.25531395809825863,F,municipal_raion
Бикинский муниципальный район,2024-12-01,46104,1.0305236778390832,0.43109057782404997,0.025377407600208225,0.022254034357105674,0.15480218636127016,0.04650355717508242,0.3199722366822835,A,municipal_raion
Билибинский муниципальный район,2024-12-01,80882,2.7296317752796773,0.38833114908137784,0.03209614005588388,0.029808857347741153,0.08124180905516679,0.03254123290719814,0.43598081155263224,A,municipal_raion
Бирилюсский муниципальный район,2024-12-01,27034,-0.5830769617485219,0.4574979655248946,0.04091144484722942,0.0035880742768365764,0.24964859066360878,0.03625064733298809,0.21210327735444257,G,municipal_raion
Биробиджанский муниципальный район,2024-12-01,39576,0.5690073326260588,0.41911764705882354,0.0311805134424904,0.03214069132807762,0.15395694360218315,0.039796846573681016,0.32380735799474436,A,municipal_raion
Бирский муниципальный район,2024-12-01,33604,0.07453932546634857,0.3897155100583264,0.04401261754553029,0.04433995952862754,0.16381978335912392,0.06359361980716581,0.29451850970122595,F,municipal_raion
Благоварский муниципальный район,2024-12-01,25457,-0.7647629691726556,0.4737793141375653,0.044506422594964054,0.021840751070432495,0.17225124720116275,0.051930706681855676,0.23569155831401978,G,municipal_raion
Благовещенский муниципальный округ,2024-12-01,53235,1.4652562872510484,0.36962524654832346,0.0442753827369212,0.04808866347327886,0.09839391377852916,0.07940264863341787,0.3602141448295295,A,municipal_okrug
Благодарненский муниципальный округ,2024-12-01,29457,-0.3236084816426588,0.37206775978545,0.04776453814034016,0.016736259632684932,0.24119903588281225,0.05394303561122993,0.26828937094748273,G,municipal_okrug
Богатовский муниципальный район,2024-12-01,29018,-0.3689970378700686,0.4320077193466125,0.03904473085670963,0.01219932455717141,0.2665242263422703,0.03346198911020746,0.21676200978702864,G,municipal_raion
Богородицкий муниципальный район,2024-12-01,36622,0.33451505307327484,0.400278521107531,0.046174430670089014,0.02004259734585768,0.21754682977445253,0.04461798918682759,0.27133963191524224,G,municipal_raion
Богородский муниципальный округ,2024-12-01,39796,0.5857644915486411,0.39307970650316615,0.04621067443964218,0.029450195999597948,0.1971554930143733,0.055683988340536734,0.2784199417026837,F,municipal_okrug
Боградский муниципальный район,2024-12-01,25200,-0.7954349131371897,0.5196031746031746,0.027103174603174605,0.007619047619047619,0.22345238095238096,0.040912698412698414,0.1813095238095238,G,municipal_raion
Богучанский муниципальный район,2024-12-01,42733,0.8010053541272019,0.41717174080921066,0.03772260314043011,0.014157676736948026,0.22467413942386447,0.04687244050265603,0.25940139938689066,G,municipal_raion
Бокситогорский муниципальный район,2024-12-01,39993,0.6006913359513361,0.40987172755232165,0.03798164678818793,0.024604305753506864,0.2288150426324607,0.03280574100467582,0.26592153626884707,G,municipal_raion
Болотнинский муниципальный район,2024-12-01,33426,0.05848486470777199,0.42251540716807273,0.037485789505175615,0.023065876862322744,0.18739903069466882,0.055196553581044694,0.2743373421887154,F,municipal_raion
Болховский муниципальный район,2024-12-01,26322,-0.6637570620314007,0.42576551933743634,0.043081832687485756,0.010751462654813464,0.23873565838462124,0.04087835270876073,0.24078717422688245,G,municipal_raion
Большеберезниковский муниципальный район,2024-12-01,19869,-1.5139113516878275,0.4925763752579395,0.05224218632039861,0.0035230761487744728,0.17046655594141627,0.0446927374301676,0.23649906890130368,G,municipal_raion
Большеболдинский муниципальный округ,2024-12-01,30772,-0.191590514103602,0.44283764461198494,0.05738983491485766,0.006239438450539451,0.226309632133108,0.05102040816326531,0.2162030417262446,G,municipal_okrug
Большеглушицкий муниципальный район,2024-12-01,28998,-0.371081174322372,0.41378715773501623,0.04452031174563763,0.006724601696668736,0.22884336850817297,0.05238292296020415,0.2537416373543002,G,municipal_raion
Большемурашкинский муниципальный округ,2024-12-01,27750,-0.504058616225296,0.45722522522522524,0.05225225225225225,0.006558558558558559,0.23917117117117118,0.027783783783783784,0.217009009009009,G,municipal_okrug
Большемуртинский муниципальный район,2024-12-01,29216,-0.3484412484078301,0.48086664841182913,0.041894852135815994,0.012527382256297919,0.16333515881708652,0.047097480832420595,0.25427847754654986,G,municipal_raion
Большереченский муниципальный район,2024-12-01,25218,-0.7932765186215809,0.5213339678007772,0.04484891743992386,0.022761519549528115,0.17610436989451977,0.04675231977159172,0.18819890554365926,G,municipal_raion
Большесельский муниципальный район,2024-12-01,30131,-0.2552230600485709,0.4360293385549766,0.0381002953768544,0.004115362915269987,0.25332713816335334,0.0304337725266337,0.23799409246291203,G,municipal_raion
Большеуковский муниципальный район,2024-12-01,23472,-1.0101640779755217,0.5034509202453987,0.04418029993183367,0.004984662576687116,0.20300783912747103,0.06701601908657123,0.17736025903203823,G,municipal_raion
Большеулуйский муниципальный район,2024-12-01,25221,-0.7929169359897786,0.47615082669204234,0.027992545894294438,0.019666151223187028,0.2714404662781016,0.02997502081598668,0.1747749890963879,G,municipal_raion
Большечерниговский муниципальный район,2024-12-01,29200,-0.3500971407476059,0.37760273972602737,0.038972602739726026,0.014212328767123288,0.24791095890410958,0.047636986301369866,0.2736643835616439,G,municipal_raion
Бондарский муниципальный округ,2024-12-01,20342,-1.4427932397809085,0.487218562579884,0.05810638088683512,0.007767181201455117,0.19211483629928228,0.04134303411660604,0.21345000491593746,G,municipal_okrug
Борзинский муниципальный район,2024-12-01,38723,0.5031424508295834,0.42331430932520725,0.036696536941869175,0.027167316581876405,0.14391963432585286,0.05399891537329236,0.3149032874519019,F,municipal_raion
Борисоглебский муниципальный район,2024-12-01,31912,-0.08162919120657146,0.4403045876159438,0.04267986964151416,0.012910503885685636,0.22850338430684383,0.043901980446227125,0.23169967410378534,G,municipal_raion
Боровичский муниципальный район,2024-12-01,38335,0.4727012638916911,0.41035607147515324,0.04494587191861223,0.02671188209208295,0.1887309247424025,0.049276118429633496,0.2799791313421156,F,municipal_raion
Боровский муниципальный район,2024-12-01,42109,0.7565396225250071,0.38768434301455745,0.046902087439739726,0.03569308223895129,0.20603671424161105,0.0580398489634045,0.265643924101736,F,municipal_raion
Борский муниципальный район,2024-12-01,30825,-0.18638863403662878,0.43721005677210056,0.0383779399837794,0.008953771289537713,0.2682887266828873,0.03224655312246553,0.21492295214922952,G,municipal_raion
Боханский муниципальный район,2024-12-01,27882,-0.48971383292177656,0.42084498959902444,0.03912918728929058,0.0178251201492002,0.16878272720751739,0.061258159385983786,0.2921598163689836,G,municipal_raion
Братский муниципальный район,2024-12-01,27933,-0.48418971059520166,0.45000536999248203,0.02914115920237712,0.01886657358679698,0.18544374037876346,0.035048150932588694,0.2814950059069916,G,municipal_raion
Брединский муниципальный район,2024-12-01,27673,-0.5124579510443608,0.39117551403895495,0.042821522783941024,0.008708849781375348,0.22411737072236476,0.035377443717703176,0.2977992989556607,G,municipal_raion
Брейтовский муниципальный район,2024-12-01,30646,-0.2039933044764843,0.4510866018403707,0.042158846178946684,0.005645108660184037,0.2976244860666971,0.05811525158258827,0.14536970567121332,G,municipal_raion
Бугульминский муниципальный район,2024-12-01,34989,0.196627310426045,0.4111292120380691,0.0417845608619852,0.042070364971848295,0.16633799194032411,0.05561747977935923,0.283060390408414,F,municipal_raion
Бугурусланский муниципальный район,2024-12-01,30358,-0.23253510200962263,0.4169576388431385,0.05151854535871928,0.03350023058172475,0.2066671058699519,0.059588905725014824,0.23176757362145073,G,municipal_raion
Будённовский муниципальный округ,2024-12-01,36816,0.3504858217197072,0.35620382442416343,0.04859300304215559,0.027216427640156454,0.22120817036071275,0.06429269882659713,0.28248587570621464,F,municipal_okrug
Буздякский муниципальный район,2024-12-01,24615,-0.8664351203362689,0.4341255332114564,0.047328864513508026,0.025634775543367867,0.16717448710136096,0.05821653463335365,0.26751980499695305,G,municipal_raion
Буинский муниципальный район,2024-12-01,24997,-0.819884108011972,0.4343321198543825,0.04364523742849142,0.0270832499899988,0.16938032563907668,0.06592791134936192,0.25963115573868867,G,municipal_raion
Буйский муниципальный район,2024-12-01,28580,-0.4149717477957346,0.4770818754373688,0.0327851644506648,0.011546536039188244,0.19237228831350595,0.03589923023093072,0.25031490552834157,G,municipal_raion
Булунский муниципальный район,2024-12-01,61696,1.91113305908764,0.4174176607883817,0.02051996887966805,0.04060230809128631,0.046323910788381745,0.015641208506224066,0.4594949429460581,A,municipal_raion
Бураевский муниципальный район,2024-12-01,22953,-1.0777533016043142,0.45057290985927767,0.0413017906156058,0.017252646712847992,0.16359517274430357,0.0638696466692807,0.26340783339868423,G,municipal_raion
Бурейский муниципальный округ,2024-12-01,34751,0.17599534415337312,0.4517855601277661,0.03476158959454404,0.01945267762078789,0.13314724756122126,0.032919915973641044,0.3279330091220396,F,municipal_okrug
Бурзянский муниципальный район,2024-12-01,23203,-1.0450071694437169,0.4042580700771452,0.044390811532991424,0.019566435374736027,0.1709692712149291,0.06848252381157609,0.2923328879886222,G,municipal_raion
Бурлинский муниципальный район,2024-12-01,25390,-0.7727292138042484,0.49610082709728237,0.0398188263095707,0.008389129578574241,0.19413154785348563,0.04419062623079953,0.21736904293028747,G,municipal_raion
Бутурлинский муниципальный округ,2024-12-01,29487,-0.320531495026528,0.46508630922101263,0.03896632414284261,0.011767897717638282,0.21409434666124055,0.03984806864041781,0.2302370536168482,G,municipal_okrug
Быковский муниципальный район,2024-12-01,25149,-0.8015587469233647,0.4314286850371784,0.04298381645393455,0.010616724323034713,0.2566702453377868,0.05638395164817687,0.20191657719988865,G,municipal_raion
Быстроистокский муниципальный район,2024-12-01,22568,-1.1288865296025112,0.44594115561857495,0.05552109181141439,0.010723147819922013,0.23710563629918469,0.04719071251329316,0.20351825593761075,G,municipal_raion
Вагайский муниципальный район,2024-12-01,28620,-0.4107440108958468,0.40859538784067084,0.03340321453529001,0.013242487770789657,0.21191474493361287,0.04465408805031446,0.2881900768693222,G,municipal_raion
Вадинский муниципальный район,2024-12-01,25087,-0.8090201547336365,0.48256068880296565,0.03882488938494041,0.0026308446605811777,0.20094072627257145,0.051022441902180415,0.2240204089767609,G,municipal_raion
Вадский муниципальный округ,2024-12-01,28025,-0.4742500866445895,0.4579125780553078,0.03664585191793042,0.006601248884924175,0.2111329170383586,0.040463871543264945,0.24724353256021414,G,municipal_okrug
Валдайский муниципальный район,2024-12-01,37930,0.4405958886445061,0.41763775375692064,0.043422093329818084,0.01982599525441603,0.21932507250197733,0.03920379646717638,0.26058528868969144,G,municipal_raion
Ванинский муниципальный район,2024-12-01,49702,1.2576757320067231,0.41432940324333023,0.02931471570560541,0.027021045430767374,0.1691481228119593,0.043338296245623915,0.3168484165627138,A,municipal_raion
Варгашинский муниципальный округ,2024-12-01,23132,-1.054271060528862,0.468614905758257,0.039814974926508734,0.007262666436105828,0.1800968355524814,0.034584125886218224,0.26962649144042883,G,municipal_okrug
Варнавинский муниципальный округ,2024-12-01,31598,-0.11151981601101947,0.48993607190328503,0.038135325020570925,0.004905373757832774,0.20203810367744793,0.06532058991075385,0.19966453573010956,G,municipal_okrug
Варненский муниципальный район,2024-12-01,29740,-0.2947060777801709,0.44014794889038333,0.04129119031607263,0.018426361802286483,0.20279085406859448,0.05040349697377269,0.2469401479488904,G,municipal_raion
Вачский муниципальный округ,2024-12-01,29065,-0.3641049659601814,0.44228453466368484,0.045656287631171515,0.0074316187854808185,0.23481851023567865,0.02958885257182178,0.2402201961121624,G,municipal_okrug
Велижский муниципальный район,2024-12-01,26381,-0.6569890554073442,0.42337288199840795,0.0399529964747356,0.010613699253250446,0.25423600318410977,0.03669307456123726,0.235131344528259,G,municipal_raion
Великоустюгский муниципальный округ,2024-12-01,35160,0.21136466068516455,0.42554038680318546,0.03640500568828214,0.023179749715585892,0.1628839590443686,0.05233219567690557,0.2996587030716723,F,municipal_okrug
Вельский муниципальный район,2024-12-01,37333,0.392639570387026,0.4448611148313824,0.03586639166421129,0.031875284600755366,0.20735006562558594,0.04751828141322691,0.232528861864838,F,municipal_raion
Венгеровский муниципальный район,2024-12-01,26504,-0.6429280198974902,0.5099984907938424,0.03716420162994265,0.008338364020525204,0.2024222758828856,0.04738907334741926,0.19468759432538485,G,municipal_raion
Веневский муниципальный район,2024-12-01,33356,0.052147879447032815,0.41785585801654873,0.037564456169804535,0.014330255426310109,0.2364492145341168,0.036784986209377625,0.25701522964384216,G,municipal_raion
Верхнебуреинский муниципальный район,2024-12-01,44607,0.9307432881114054,0.45701347322169167,0.029905620194139934,0.022261080099535948,0.12081063510211401,0.03116102853812182,0.33884816284439656,A,municipal_raion
Верхневилюйский муниципальный район,2024-12-01,40588,0.6453325631826384,0.4231053513353701,0.0262146447225781,0.02951611313688775,0.09290923425643047,0.059672809697447524,0.36858184685128614,A,municipal_raion
Верхнекетский муниципальный район,2024-12-01,34686,0.1703359954549585,0.5040938707259413,0.025485786772761344,0.008187741451882604,0.19001902784985297,0.041140517788156604,0.23107305541140521,G,municipal_raion
Верхнеколымский муниципальный район,2024-12-01,65393,2.087050117763963,0.5080513204777269,0.040371293563531266,0.01422170568715306,0.04786445032342911,0.030309054485954154,0.35918217546220543,A,municipal_raion
Верхнетоемский муниципальный округ,2024-12-01,27372,-0.5455174956966964,0.48001607482098496,0.03810463247113839,0.008658483121437965,0.20601344439573285,0.03006722197866433,0.23714014321204158,G,municipal_okrug
Верхнеуральский муниципальный район,2024-12-01,28268,-0.44815261127522854,0.4280458468940144,0.03916088863732843,0.015777557662374417,0.19573369180699024,0.039337767086458184,0.28194424791283434,G,municipal_raion
Верхнеуслонский муниципальный район,2024-12-01,27947,-0.4826750491651791,0.3834758650302358,0.033348838873582136,0.031237699932014168,0.2275736214978352,0.05005904032633199,0.2743049343400007,F,municipal_raion
Верховажский муниципальный округ,2024-12-01,30575,-0.2110046608724454,0.4886672117743254,0.03247751430907604,0.00964840556009812,0.2008176614881439,0.04271463614063777,0.22567457072771868,G,municipal_okrug
Верховский муниципальный район,2024-12-01,27442,-0.5377969019660617,0.4466875592158006,0.04770060491217841,0.015195685445667226,0.2393047153997522,0.028715108228263245,0.22239632679833832,G,municipal_raion
Верхошижемский муниципальный район,2024-12-01,23495,-1.0072034831943673,0.5721642902745265,0.0369865928921047,0.005277718663545435,0.16624813790168122,0.042136624813790165,0.17718663545435187,G,municipal_raion
Верхоянский муниципальный район,2024-12-01,52977,1.4505707143830717,0.5484266757272024,0.027275987692772334,0.01659210600826774,0.08243199879192857,0.043490571380032844,0.28178266039979616,A,municipal_raion
Ветлужский муниципальный округ,2024-12-01,29894,-0.27909360606961986,0.49197163310363284,0.0438884057001405,0.0073258847929350375,0.20060881782297452,0.04927410182645347,0.20693115675386375,G,municipal_okrug
Вешкаймский муниципальный район,2024-12-01,24234,-0.9135894987034675,0.47978047371461585,0.04997111496244945,0.010522406536271353,0.2272014525047454,0.03994388049847322,0.19258067178344473,G,municipal_raion
Викуловский муниципальный район,2024-12-01,31009,-0.16839844683915034,0.47450740107710665,0.03747299171208359,0.021251894611241898,0.17959302138088942,0.06407817085362315,0.22309652036505534,F,municipal_raion
Вилюйский муниципальный район,2024-12-01,43057,0.8238378993437335,0.37657059247044616,0.02478110411779734,0.03458206563392712,0.08456232436073112,0.06398495018231647,0.4155189632347819,A,municipal_raion
Виноградовский муниципальный округ,2024-12-01,31690,-0.10273139849638575,0.5163142947301989,0.035153045124645,0.013537393499526665,0.2046071315872515,0.03881350583780372,0.19157462922057422,G,municipal_okrug
Вичугский муниципальный район,2024-12-01,27804,-0.49818206560766143,0.44907207596029347,0.034455474032513304,0.009674866925622213,0.25194216659473456,0.02560782621205582,0.2292475902747806,G,municipal_raion
Вожегодский муниципальный округ,2024-12-01,29338,-0.3358448087686208,0.5070216101983775,0.031188220055900197,0.012270775103960734,0.18542504601540663,0.03725543663508078,0.22683891199127415,G,municipal_okrug
Вознесенский муниципальный округ,2024-12-01,27510,-0.5303157315087605,0.41366775717920756,0.04798255179934569,0.007161032351872047,0.2208287895310796,0.05438022537259179,0.2559796437659033,G,municipal_okrug
Вологодский муниципальный округ,2024-12-01,38968,0.5222076230044627,0.3937589817285978,0.03944261958530076,0.03551632108396633,0.18443338123588585,0.05365941285157052,0.29318928351467877,D,municipal_okrug
Володарский муниципальный округ,2024-12-01,31413,-0.12926990453945827,0.36411676694362205,0.03380765924935536,0.030210422436570846,0.23407506446375703,0.03403049692802343,0.30375958997867136,F,municipal_okrug
Волосовский муниципальный район,2024-12-01,41425,0.7070349206570898,0.3905371152685576,0.032299336149668074,0.02592637296318648,0.2467592033796017,0.04584188292094146,0.2586360893180446,F,municipal_raion
Волховский муниципальный район,2024-12-01,44793,0.943321530838952,0.3996160114303574,0.03775143437590695,0.032616703502779454,0.22264639564217623,0.04223874266068359,0.2651307123880964,F,municipal_raion
Волчихинский муниципальный район,2024-12-01,24785,-0.8456301258027233,0.4672180754488602,0.043695783740165424,0.012709299979826508,0.20290498285253178,0.04599556183175307,0.22747629614686304,G,municipal_raion
Вольский муниципальный район,2024-12-01,33679,0.0812783962034145,0.41165117729148726,0.04091570414798539,0.028415332996822945,0.1993230202796995,0.05121886041747083,0.26847590486653405,F,municipal_raion
Воскресенский муниципальный округ,2024-12-01,28228,-0.45243303027236276,0.4850148788437013,0.05030466203769307,0.010627745500921071,0.21864815077228283,0.05179254640782202,0.18361201643757963,G,municipal_okrug
Воскресенский муниципальный район,2024-12-01,24147,-0.9244609819078385,0.46233486561477616,0.039218122334037354,0.0053422785439184994,0.2456205739843459,0.03673334161593573,0.21075081790698635,G,municipal_raion
Вохомский муниципальный район,2024-12-01,25001,-0.8194004356415338,0.5130194792208311,0.043558257669693214,0.008719651213951442,0.22463101475940964,0.04203831846726131,0.1680332786688532,G,municipal_raion
Всеволожский муниципальный район,2024-12-01,56677,1.6546439586965263,0.32690509377701715,0.04661502902411913,0.06833459780863489,0.183407731531309,0.06949909134216702,0.30523845651675285,E,municipal_raion
Вурнарский муниципальный округ,2024-12-01,24695,-0.8566266951312916,0.4114193156509415,0.04539380441384896,0.026280623608017816,0.19724640615509212,0.04713504758048188,0.2725248025916177,G,municipal_okrug
Выборгский муниципальный район,2024-12-01,50052,1.2788878203085956,0.3643810437145369,0.04357468233037641,0.04627187724766243,0.2005314472948134,0.06003756093662591,0.2852033884759849,E,municipal_raion
Высокогорский муниципальный район,2024-12-01,34046,0.11404000505228044,0.36976443635081946,0.037038124889854904,0.046437173236209835,0.20983375433237383,0.06858368090230864,0.2683428302884334,F,municipal_raion
Вытегорский муниципальный район,2024-12-01,37323,0.39182976771644235,0.4831069313827934,0.030972858559065456,0.013771668944082736,0.1769150389840045,0.05146960319374112,0.24376389893631267,F,municipal_raion
Вязниковский муниципальный район,2024-12-01,34004,0.11030866237691928,0.4278026114574756,0.040759910598753085,0.021026938007293258,0.19100694035995766,0.05172920832843195,0.26767439124808834,F,municipal_raion
Вятскополянский муниципальный район,2024-12-01,24288,-0.9068612944873707,0.42547760210803687,0.040596179183135704,0.015192687747035574,0.1985754281949934,0.020627470355731224,0.29953063241106725,G,municipal_raion
Гаврилов-Ямский муниципальный район,2024-12-01,29690,-0.2997924518402298,0.4468507915122937,0.04250589424048501,0.017413270461434826,0.22226338834624454,0.02681037386325362,0.24415628157628844,G,municipal_raion
Гаврилово-Посадский муниципальный район,2024-12-01,26470,-0.6468082736595459,0.4217227049489989,0.034907442387608616,0.009709104646769929,0.2449943332074046,0.03891197582168492,0.24975443898753302,G,municipal_raion
Гавриловский муниципальный округ,2024-12-01,25613,-0.746295643398944,0.43657517666809825,0.04950611017842502,0.0035138406278061923,0.2692773201108812,0.0578612423378753,0.18326631007691407,G,municipal_okrug
Гагаринский муниципальный район,2024-12-01,40985,0.6747558659191121,0.4318165182383799,0.040600219592533855,0.02381359033792851,0.21549347322191045,0.05050628278638526,0.237769915822862,F,municipal_raion
Гагинский муниципальный округ,2024-12-01,26872,-0.6012456316376535,0.49635308127418876,0.05075915451027092,0.002232807383149747,0.20225513545698123,0.0417907115212861,0.20660910985412317,G,municipal_okrug
Газимуро-Заводский муниципальный округ,2024-12-01,37479,0.4044380503989162,0.43301582219376183,0.04733317324368313,0.03623362416286454,0.09202486725899837,0.06745110595266683,0.32394140718802533,A,municipal_okrug
Галичский муниципальный район,2024-12-01,28843,-0.3872821385900473,0.4992545851679784,0.030822036542662,0.008251568838192976,0.20549180043684775,0.040356412301078254,0.21582359671324058,G,municipal_raion
Гатчинский муниципальный район,2024-12-01,50502,1.3059435954516732,0.35976792998297097,0.04956239356857154,0.048295117025068314,0.19422993148786186,0.060552057344263596,0.28759257059126364,E,municipal_raion
Гафурийский муниципальный район,2024-12-01,23697,-0.9813255517606876,0.4309406253956197,0.04679917289108326,0.016415580031227582,0.1612018398953454,0.05654724226695362,0.2880955395197704,G,municipal_raion
Гдовский муниципальный район,2024-12-01,28226,-0.45264721041137407,0.43155246935449587,0.02876780273506696,0.03518033019202154,0.2545879685396443,0.03794373981435556,0.2119676893644158,F,municipal_raion
Георгиевский муниципальный округ,2024-12-01,34089,0.11785542347323714,0.35081697908416204,0.04890140514535481,0.0361406905453372,0.22382586758191791,0.0696412332423949,0.2706738244008332,F,municipal_okrug
Гиагинский муниципальный район,2024-12-01,27367,-0.5460697219702997,0.40523257938392954,0.03610187452040779,0.014981547118792706,0.25538056783717616,0.027953374502137612,0.26035005663755617,G,municipal_raion
Глазуновский муниципальный район,2024-12-01,24089,-0.9317304198859027,0.45717962555523267,0.03262900078874175,0.010959359043546847,0.24716675661090123,0.03578396778612645,0.21628129021545095,G,municipal_raion
Глинковский муниципальный район,2024-12-01,25630,-0.7442899787998055,0.5081154896605541,0.03612953570035115,0.0069059695669137725,0.23928989465470152,0.04034334763948498,0.16921576277799444,G,municipal_raion
Горномарийский муниципальный район,2024-12-01,22107,-1.1912737589546365,0.4657800696611933,0.042249061383272266,0.020536481657393586,0.19346813226579818,0.06138327226670286,0.2165829827656398,G,municipal_raion
Горный муниципальный район,2024-12-01,33847,0.09631961651671049,0.4356368363518185,0.02440393535616155,0.022453984104942832,0.08890005022601707,0.06609152952994357,0.36251366443111654,A,municipal_raion
Городецкий муниципальный округ,2024-12-01,38967,0.5221300498629751,0.40377755536736215,0.05032463366438268,0.028639618138424822,0.2015808248004722,0.04973439063823235,0.2659429773911258,F,municipal_okrug
Городовиковский муниципальный район,2024-12-01,22794,-1.0987659199827253,0.409537597613407,0.04663507940686146,0.005615512854259893,0.2509871018689129,0.042906027902079494,0.24431868035447923,G,municipal_raion
Гороховецкий муниципальный район,2024-12-01,33044,0.023740339237541014,0.4409575111971916,0.033924464350562886,0.007807771456240164,0.21616632368962596,0.03661784287616511,0.26452608643021425,G,municipal_raion
Горьковский муниципальный район,2024-12-01,23601,-0.9935963544161508,0.4301088936909453,0.039744078640735564,0.011863904071861362,0.2080844032032541,0.039193254523113424,0.2710054658700902,G,municipal_raion
Грачёвский муниципальный округ,2024-12-01,26964,-0.5909142266797549,0.3785788458685655,0.041981901794985906,0.013647826731938881,0.2563047025663848,0.04431835039311675,0.26516837264500814,G,municipal_okrug
Грачёвский муниципальный район,2024-12-01,26310,-0.6651354621422323,0.4361459521094641,0.042759407069555305,0.010946408209806158,0.20501710376282783,0.03211706575446598,0.27301406309388065,G,municipal_raion
Грязинский муниципальный район,2024-12-01,33208,0.03870578513041921,0.4189954227896892,0.04185738376294869,0.02520476993495543,0.20772103107684894,0.04423632859551915,0.2619850638400386,F,municipal_raion
Грязовецкий муниципальный округ,2024-12-01,29556,-0.31346628963694373,0.47990255785627284,0.037758830694275276,0.01732304777371769,0.17417783191230207,0.0356272838002436,0.2552104479631885,G,municipal_okrug
Гурьевский муниципальный округ,2024-12-01,34685,0.17024884574136076,0.4575176589303734,0.045091538128874155,0.03286723367449906,0.17630099466628227,0.04820527605593196,0.2400172985440392,F,municipal_okrug
Гусь-Хрустальный муниципальный район,2024-12-01,25980,-0.7032898932980929,0.4807929176289453,0.029830638953040802,0.013818321785989223,0.27086220169361047,0.025519630484988454,0.17917628945342567,G,municipal_raion
Давлекановский муниципальный район,2024-12-01,27879,-0.49003909588983086,0.41597618278991355,0.04092686251300262,0.028803041715986945,0.1840094694931669,0.04906919186484451,0.28121525162308547,G,municipal_raion
Далматовский муниципальный округ,2024-12-01,27338,-0.5492746253078853,0.4769551539980979,0.04802838539761504,0.011229790035847538,0.17353134830638672,0.028202502011851635,0.26205282025020116,G,municipal_okrug
Дальнеконстантиновский муниципальный округ,2024-12-01,32780,-0.0005071013955794034,0.4284014643075046,0.04023794996949359,0.017358145210494204,0.2395973154362416,0.03715680292861501,0.23724832214765101,G,municipal_okrug
Дальнереченский муниципальный район,2024-12-01,30540,-0.21446695687964787,0.37678454485920104,0.029993451211525867,0.03628028814669286,0.16299934512115258,0.06699410609037328,0.3269482645710544,F,municipal_raion
Данковский муниципальный район,2024-12-01,33299,0.04697793176812248,0.44235562629508396,0.04321451094627466,0.015105558725487252,0.20421033664674615,0.04594732574551788,0.24916664164089009,G,municipal_raion
Даровской муниципальный район,2024-12-01,23058,-1.0639566944014938,0.5200797987683233,0.04918032786885246,0.005724694249284413,0.17343221441582096,0.041937722265591115,0.20964524243212768,G,municipal_raion
Дедовичский муниципальный район,2024-12-01,28842,-0.3873869433535424,0.47309479231676027,0.03831218362110811,0.015602246723528189,0.19187296304001109,0.04715345676444074,0.23396435753415168,G,municipal_raion
Демидовский муниципальный район,2024-12-01,25664,-0.7402826374992575,0.472373753117207,0.03541926433915212,0.011611596009975063,0.23394638403990026,0.045706047381546135,0.20094295511221938,G,municipal_raion
Дергачевский муниципальный район,2024-12-01,23131,-1.0544017408302344,0.4380701223466344,0.052051359647226667,0.01309930396437681,0.23427435043880507,0.058406467511132244,0.20409839609182479,G,municipal_raion
Дзун-Хемчикский муниципальный район,2024-12-01,23844,-0.9626318923684284,0.43281328636134875,0.022018117765475593,0.01941788290555276,0.20567018956550914,0.0731420902533132,0.2469384331488006,C,municipal_raion
Дивеевский муниципальный округ,2024-12-01,33875,0.09881922620814769,0.3895793357933579,0.043247232472324725,0.012575645756457565,0.2341549815498155,0.04566789667896679,0.27477490774907753,G,municipal_okrug
Дигорский муниципальный район,2024-12-01,29696,-0.29918163486633786,0.275390625,0.05529364224137931,0.021518049568965518,0.27081088362068967,0.07778825431034483,0.29919854525862066,C,municipal_raion
Дновский муниципальный район,2024-12-01,30467,-0.22170110367714368,0.4557718186890734,0.035316900252732465,0.022187941050973183,0.22401286638001772,0.03925558801326025,0.223454885613943,G,municipal_raion
Добринский муниципальный район,2024-12-01,29373,-0.3322407444124751,0.44166411330133115,0.04218159534266163,0.011166717733973376,0.2431144248119021,0.04922888366867531,0.2126442651414565,G,municipal_raion
Добровский муниципальный район,2024-12-01,26444,-0.6497788909813405,0.46732718196944484,0.04318559975797913,0.014861594312509455,0.22878535773710482,0.04397973075177734,0.20186053547118443,G,municipal_raion
Доволенский муниципальный район,2024-12-01,25586,-0.7494838484464713,0.481591495349019,0.045180958336590325,0.015086375361525834,0.1950676151020089,0.0512780426795904,0.21179551317126566,G,municipal_raion
Долгоруковский муниципальный район,2024-12-01,27229,-0.5613511206191525,0.43207609533952773,0.05145249550112013,0.011274743839288993,0.26034742370266994,0.040177751661831136,0.20467148995556206,G,municipal_raion
Должанский муниципальный район,2024-12-01,25735,-0.7319314569219607,0.4190790751894307,0.04320963668156207,0.009597823975131144,0.24188847872547115,0.05230231202642316,0.2339226734019817,G,municipal_raion
Домбаровский муниципальный район,2024-12-01,22352,-1.1579576165503156,0.44582140300644235,0.03176449534717251,0.009439871152469578,0.2211882605583393,0.03221188260558339,0.2595740873299929,G,municipal_raion
Дорогобужский муниципальный район,2024-12-01,36772,0.3468709769884991,0.4442238659849886,0.04051996083976939,0.021701294463178505,0.21679538779506147,0.027656912868486892,0.2491025780485151,G,municipal_raion
Дрожжановский муниципальный район,2024-12-01,19973,-1.4981302574328532,0.4528112952485856,0.04430981825464377,0.013868722775747258,0.18825414309317579,0.06303509738146498,0.2377209232463826,G,municipal_raion
Дубовский муниципальный район,2024-12-01,27633,-0.5168304703626964,0.4421163102088083,0.0478051604965078,0.019650417978503962,0.2503890276119133,0.040458871638982374,0.1995802120652843,G,municipal_raion
Дуванский муниципальный район,2024-12-01,30039,-0.2644668926781602,0.38386763873630947,0.04277772229435068,0.024468191351243385,0.17161024002130565,0.06118712340623856,0.31608908419055226,G,municipal_raion
Дульдургинский муниципальный район,2024-12-01,29783,-0.29033863082989747,0.4726521841318873,0.037907531141926604,0.01557935735150925,0.12651512607863546,0.08605580364637545,0.2612899976496659,F,municipal_raion
Думиничский муниципальный район,2024-12-01,28656,-0.406944096642242,0.4380234505862647,0.040096314907872695,0.007537688442211055,0.2449748743718593,0.04288805136795087,0.2264796203238415,G,municipal_raion
Духовницкий муниципальный район,2024-12-01,24290,-0.9066123891069596,0.48793742280773983,0.04849732400164677,0.02251955537258131,0.21193906957595718,0.043433511733223545,0.18567311650885132,G,municipal_raion
Духовщинский муниципальный район,2024-12-01,31485,-0.12234936795028545,0.4317611561060823,0.03496903287279657,0.007781483245990154,0.24491027473400032,0.03944735588375417,0.24113069715737656,G,municipal_raion
Дюртюлинский муниципальный район,2024-12-01,31207,-0.1491582952388042,0.38231806966385745,0.046592110744384276,0.039382189893293174,0.15060723555612524,0.058127984106130036,0.3229724100362098,F,municipal_raion
Егорьевский муниципальный район,2024-12-01,22750,-1.1046066288607175,0.3882197802197802,0.03626373626373627,0.02123076923076923,0.23643956043956044,0.03586813186813187,0.281978021978022,G,municipal_raion
Екатериновский муниципальный район,2024-12-01,26972,-0.5900175101526579,0.4311508230757823,0.04615897968263384,0.006488209995550942,0.22538187750259528,0.05057096247960848,0.24024914726382918,G,municipal_raion
Елабужский муниципальный район,2024-12-01,38854,0.5133514377347651,0.3679672620579606,0.04547794306892469,0.05525814587944613,0.17066453904359913,0.06941370257888506,0.29121840737118443,D,municipal_raion
Еланский муниципальный район,2024-12-01,29057,-0.36493710013581654,0.40516915029080774,0.05028048318821626,0.014075782083491068,0.2304780259489968,0.06225694324947517,0.23773961523901288,G,municipal_raion
Елизовский муниципальный район,2024-12-01,66752,2.1492268584069323,0.389007070949185,0.03650826941514861,0.053136984659635664,0.09240172579098753,0.0658257430488974,0.3631202061361457,A,municipal_raion
Елховский муниципальный район,2024-12-01,25434,-0.7674952843843517,0.43272784461744124,0.03849178265314147,0.005779665015333805,0.26267987732955883,0.04478257450656602,0.21553825587795872,G,municipal_raion
Ельниковский муниципальный район,2024-12-01,24275,-0.9084796792254399,0.44444902162718847,0.04881565396498455,0.009392378990731205,0.2083213182286303,0.03946446961894954,0.2495571575695159,G,municipal_raion
Ельнинский муниципальный район,2024-12-01,32257,-0.04912480814261084,0.44136156493164275,0.03648820411073565,0.014012462411259571,0.24431906252906346,0.04281241280962272,0.22100629320767584,G,municipal_raion
Ельцовский муниципальный район,2024-12-01,25422,-0.7689218211690505,0.4794666037290536,0.04346628904098812,0.028636613956415702,0.22657540712768467,0.04531508142553694,0.17654000472032094,G,municipal_raion
Еманжелинский муниципальный район,2024-12-01,30902,-0.17884709993284578,0.414892239984467,0.04061225810627144,0.01737751601838069,0.19840139796776907,0.026535499320432334,0.30218108860267945,G,municipal_raion
Емельяновский муниципальный район,2024-12-01,43594,0.8613050085141921,0.3936321512134697,0.04186355920539524,0.03833096297655641,0.16759187044088636,0.07292287929531586,0.28565857686837637,D,municipal_raion
Енисейский муниципальный район,2024-12-01,35782,0.2643727322403258,0.46112570566206473,0.03431893130624336,0.009809401374993013,0.18682577832429714,0.03403946118159969,0.27388072215080206,G,municipal_raion
Енотаевский муниципальный район,2024-12-01,25441,-0.7666634487138538,0.4383475492315554,0.04300145434534806,0.01265673519122676,0.25203411815573284,0.05208128611296726,0.20187885696316965,G,municipal_raion
Ермаковский муниципальный район,2024-12-01,32816,0.0028108430214561072,0.435580204778157,0.03403827401267674,0.015388834714773281,0.22272671867381766,0.054058995611896636,0.2382069722086787,G,municipal_raion
Ермекеевский муниципальный район,2024-12-01,22561,-1.1298242778311232,0.43154115509064317,0.055183724125703645,0.023358893666060903,0.19573600460972473,0.05181507911883339,0.24236514338903414,G,municipal_raion
Ермишинский муниципальный район,2024-12-01,25159,-0.8003570170074561,0.45355538773401166,0.051949600540562024,0.018482451607774553,0.22759251162605826,0.04125760165348384,0.2071624468381097,G,municipal_raion
Ершичский муниципальный район,2024-12-01,27731,-0.5061290114477349,0.4834661570084022,0.044679239839890375,0.0051206231293498255,0.22588438931160074,0.041145288666113736,0.19970430204464318,G,municipal_raion
Ершовский муниципальный район,2024-12-01,25341,-0.7785685934421118,0.4278836667850519,0.04838009549741525,0.0153900793181011,0.2204332899254173,0.055759441221735526,0.23215342725227894,G,municipal_raion
Еткульский муниципальный район,2024-12-01,31211,-0.14877086451115282,0.4321553298516549,0.04017814232161738,0.013777193938034667,0.21726314440421646,0.03610906411201179,0.26051712537246485,G,municipal_raion
Жердевский муниципальный округ,2024-12-01,27841,-0.49416212570512297,0.44010631802018607,0.044825976078445455,0.012679142272188498,0.23817391616680436,0.05136309758988542,0.2128515498724901,G,municipal_okrug
Жигаловский муниципальный район,2024-12-01,36263,0.30473649107990736,0.4256404599729752,0.040013236632380114,0.033477649394699834,0.18630560075007582,0.06579709345613986,0.24876595979372917,F,municipal_raion
Жиздринский муниципальный район,2024-12-01,33377,0.054050370307614136,0.457320909608413,0.03993768163705546,0.010366419989813344,0.2440602810318483,0.04230458099889145,0.20601012673397845,G,municipal_raion
Жирновский муниципальный район,2024-12-01,28846,-0.3869677460999693,0.41367953962421133,0.041496221313180336,0.020002773348124524,0.24121195313041668,0.04759758718713167,0.2360119253969355,G,municipal_raion
Жуковский муниципальный район,2024-12-01,35541,0.24394439530117598,0.39759714132973184,0.03978503699952168,0.025069637883008356,0.2433246110126333,0.044399426015024904,0.2498241467600799,G,municipal_raion
Забайкальский муниципальный район,2024-12-01,42782,0.8044695125638244,0.4021083633303726,0.031835818802300034,0.027745313449581598,0.16506942171941472,0.05623860502080314,0.317002477677528,D,municipal_raion
Завитинский муниципальный округ,2024-12-01,30998,-0.16947094335232457,0.457868249564488,0.042002709852248535,0.014678366346215884,0.12358861862055616,0.03722820827150139,0.32463384734499,F,municipal_okrug
Заволжский муниципальный район,2024-12-01,31079,-0.16158237007707743,0.4240805688728724,0.03960873901991699,0.018308182373950255,0.22767785321278033,0.04498214228257023,0.24534251423790976,G,municipal_raion
Завьяловский муниципальный район,2024-12-01,25874,-0.7156484605728387,0.44705109376207774,0.04564427610728917,0.008850583597433717,0.18466414160933756,0.0502434876710211,0.2635464172528408,G,municipal_raion
Задонский муниципальный район,2024-12-01,29636,-0.3052953659142135,0.4294776623026049,0.0405587798623296,0.01140504791469834,0.25107976784991226,0.04589013362127143,0.2215886084491835,G,municipal_raion
Заинский муниципальный район,2024-12-01,30496,-0.21882519150281116,0.42415398740818466,0.04413693599160546,0.03488982161594963,0.18930351521511019,0.052137985309548794,0.2553777544596013,F,municipal_raion
Заларинский муниципальный район,2024-12-01,32192,-0.05522215975437985,0.4389289264413519,0.03385934393638171,0.011959493041749503,0.19128976143141152,0.06656933399602386,0.25739314115308154,G,municipal_raion
Залегощенский муниципальный район,2024-12-01,24894,-0.8323654002524418,0.48802924399453684,0.038322487346348515,0.010042580541495942,0.21467020165501727,0.03306017514260464,0.21587531131999682,G,municipal_raion
Залесовский муниципальный округ,2024-12-01,23324,-1.0292845385899578,0.49524095352426684,0.04188818384496656,0.007888869833647744,0.1894614988852684,0.03914422912021952,0.22637626479163087,G,municipal_okrug
Заокский муниципальный район,2024-12-01,43655,0.8655318247499169,0.40034360325277746,0.04237773450922002,0.025655709540716984,0.23019127247737944,0.050326423090138586,0.2511052571297675,F,municipal_raion
Захаровский муниципальный район,2024-12-01,24441,-0.8878789750224994,0.514872550222986,0.039319176793093574,0.012888179698048362,0.24237960803567776,0.02720837936254654,0.1633321058876479,G,municipal_raion
Звениговский муниципальный район,2024-12-01,27771,-0.5017719332681689,0.4296568362680494,0.04267041158042562,0.020020885095963416,0.20622231824565193,0.04648734291167045,0.25494220589823924,G,municipal_raion
Звериноголовский муниципальный округ,2024-12-01,22909,-1.0835535118872401,0.4781090401152385,0.03832554891090838,0.004888908289318608,0.1857348640272382,0.044131127504474225,0.24881051115282204,G,municipal_okrug
Здвинский муниципальный район,2024-12-01,25484,-0.761558616875252,0.5019227750745566,0.04567571809762989,0.012321456600219745,0.20177366190550933,0.055917438392717,0.18238894992936738,G,municipal_raion
Зейский муниципальный округ,2024-12-01,45655,1.0009404843166925,0.3860475303909758,0.03267988172160771,0.03513306319132625,0.11019603548351768,0.04084985215200964,0.395093637060563,A,municipal_okrug
Зеленодольский муниципальный район,2024-12-01,38613,0.4945433074238795,0.3766348121099112,0.044415093362339106,0.04923212389609717,0.17926605029394246,0.06176676248931707,0.288685157848393,D,municipal_raion
Зеленчукский муниципальный район,2024-12-01,28232,-0.45200471551561805,0.3136157551714367,0.05136015868517994,0.01972938509492774,0.2723859450269198,0.06127798243128365,0.2816307735902521,C,municipal_raion
Земетчинский муниципальный район,2024-12-01,26371,-0.6581351091785316,0.42505024458685675,0.04777975806757423,0.00663607750938531,0.23340032611580902,0.053998710704941034,0.23313488301543372,G,municipal_raion
Зианчуринский муниципальный район,2024-12-01,25374,-0.7746347099768267,0.4078190273508316,0.042405612043824384,0.01856230787420194,0.16067628280917476,0.06936233940253803,0.3011744305194294,G,municipal_raion
Зилаирский муниципальный район,2024-12-01,26873,-0.6011331437265514,0.4189707140996539,0.045956908421091805,0.019759610017489673,0.19614482938265174,0.07438693112045548,0.24478100695865745,G,municipal_raion
Зиминский муниципальный район,2024-12-01,31073,-0.16216600337609768,0.49132687542239245,0.030186979049335434,0.01364528690503009,0.16425835934734334,0.058507385833360154,0.24207511344253851,G,municipal_raion
Змеиногорский муниципальный район,2024-12-01,27892,-0.48862987572915684,0.49268607486017496,0.042592858167216405,0.02445145561451312,0.1744586261293561,0.039939767675319086,0.22587121755342032,G,municipal_raion
Знаменский муниципальный округ,2024-12-01,28383,-0.43588006224956466,0.43096219568051297,0.03833280484797238,0.009688898284184195,0.26519395412747065,0.03579607511538597,0.22002607194447388,G,municipal_okrug
Зональный муниципальный район,2024-12-01,21950,-1.212817964745662,0.4953530751708428,0.04045558086560364,0.014305239179954441,0.21968109339407746,0.024920273348519362,0.20528473804100233,G,municipal_raion
Зубово-Полянский муниципальный район,2024-12-01,29031,-0.3676431193276006,0.43422548310426784,0.042368502635114186,0.014329509834315043,0.2362302366435879,0.05652578278392063,0.21632048499879442,G,municipal_raion
Зуевский муниципальный район,2024-12-01,24430,-0.8892397470901454,0.5112566516577978,0.03986901350798199,0.009087187883749489,0.17425296766270978,0.030904625460499387,0.23462955382726147,G,municipal_raion
Зырянский муниципальный район,2024-12-01,26162,-0.6821876130875919,0.5065361975384145,0.038414494304716766,0.007377111841602324,0.22173381239966364,0.037076676095099764,0.18886170782050304,G,municipal_raion
Ибресинский муниципальный округ,2024-12-01,20367,-1.4390805082342215,0.4267687926547847,0.05091569696076987,0.021358079245838858,0.21520106053910737,0.056169293464918744,0.2295870771345805,G,municipal_okrug
Ивановский муниципальный округ,2024-12-01,38447,0.48151992857549386,0.426275131999896,0.03919681639659792,0.02075584570967826,0.12469113324836788,0.05480271542643119,0.33427835721902877,F,municipal_okrug
Ивановский муниципальный район,2024-12-01,43086,0.8258731689220238,0.33546859768834425,0.039943369075801885,0.03940955298704916,0.2034535580002785,0.05858051339182101,0.32314440885670515,D,municipal_raion
Ивантеевский муниципальный район,2024-12-01,26625,-0.6291591467523305,0.45224413145539905,0.049389671361502345,0.005784037558685446,0.24627230046948356,0.04454460093896714,0.20176525821596247,G,municipal_raion
Иглинский муниципальный район,2024-12-01,34248,0.13192191917618418,0.41400957720158843,0.038425601494977805,0.03267344078486335,0.1816456435412287,0.06543447792571828,0.2678112590516234,F,municipal_raion
Идринский муниципальный район,2024-12-01,26339,-0.6618054038621041,0.4503967500664414,0.03910550894111394,0.009415695356695395,0.22115494134173658,0.062454914765177116,0.21747218952883562,G,municipal_raion
Ижемский муниципальный район,2024-12-01,35160,0.21136466068516455,0.4668088737201365,0.028128555176336747,0.013538111490329921,0.19459613196814562,0.050369738339021614,0.24655858930602959,G,municipal_raion
Ижморский муниципальный округ,2024-12-01,30146,-0.2537185899589454,0.494194918065415,0.04103363630332382,0.015524447687918795,0.1979035361241956,0.04551184236714655,0.20583161945200024,G,municipal_okrug
Измалковский муниципальный район,2024-12-01,26595,-0.6325670742730181,0.4544839255499154,0.04553487497649934,0.007595412671554803,0.2345929686031209,0.04286520022560632,0.21492761797330318,G,municipal_raion
Износковский муниципальный район,2024-12-01,30520,-0.21644719369509816,0.4762778505897772,0.03397771952817824,0.006290956749672346,0.29302096985583226,0.050688073394495416,0.1397444298820445,G,municipal_raion
Изобильненский муниципальный округ,2024-12-01,34506,0.15460842932703336,0.4094650205761317,0.050136208195676116,0.024604416623195968,0.21877354662957166,0.0536138642554918,0.24340694371993288,F,municipal_okrug
Икрянинский муниципальный район,2024-12-01,24664,-0.8604236839451646,0.4270596821277976,0.03551735322737593,0.008636068764190723,0.28357119688614985,0.03093577684073954,0.21427992215374636,G,municipal_raion
Иланский муниципальный район,2024-12-01,29815,-0.28709252814868874,0.46037229582424954,0.03558611437196042,0.01298004360221365,0.19023981217507965,0.03904075129968137,0.2617809827268154,G,municipal_raion
Илекский муниципальный район,2024-12-01,23229,-1.041621847925282,0.4502130956993413,0.03250247535408326,0.010977657238796332,0.20538981445606785,0.04860303930431788,0.25231391794739333,G,municipal_raion
Илишевский муниципальный район,2024-12-01,23313,-1.0307104942009107,0.4214815768026423,0.049200017157808945,0.02286278042293999,0.1614978767211427,0.05966628061596534,0.2852914682795007,G,municipal_raion
Иловлинский муниципальный район,2024-12-01,27282,-0.5554730367758988,0.4195073674950517,0.03932996114654351,0.022029176746572832,0.23367055201231582,0.0427021479363683,0.24276079466314782,G,municipal_raion
Ильинский муниципальный район,2024-12-01,22990,-1.0728844516974678,0.44119182253153544,0.03423227490213136,0.004132231404958678,0.28408003479773813,0.03384080034797738,0.2025228360156589,G,municipal_raion
Инжавинский муниципальный округ,2024-12-01,25605,-0.7472399462347423,0.4278070689318492,0.044132005467682096,0.008474907244678774,0.2683460261667643,0.04694395625854325,0.2042960359304824,G,municipal_okrug
Инзенский муниципальный район,2024-12-01,26754,-0.6145486816428931,0.4834417283396875,0.04735740450026164,0.017978620019436346,0.19955894445690364,0.04589967855273978,0.20576362413097093,G,municipal_raion
Инсарский муниципальный район,2024-12-01,26084,-0.6912134150110838,0.4560650207023463,0.04711700659408066,0.011156264376629352,0.222933599141236,0.04581352553289373,0.21691458365281402,G,municipal_raion
Ипатовский муниципальный округ,2024-12-01,30305,-0.23781707304532712,0.37442666226695265,0.04731892426992246,0.018148820326678767,0.22715723477973931,0.049397789143705656,0.28355056921300115,G,municipal_okrug
Ирафский муниципальный район,2024-12-01,25099,-0.8075745732017579,0.3311685724530858,0.07259253356707439,0.01761026335710586,0.2466233714490617,0.07036136897884378,0.26164389019482837,C,municipal_raion
Ирбейский муниципальный район,2024-12-01,28923,-0.3789095088127649,0.42250112367320125,0.040383086125229055,0.007710126888635342,0.22431974553123812,0.06299484839055423,0.242091069391142,G,municipal_raion
Иркутский муниципальный район,2024-12-01,47561,1.1245741902724655,0.3475746935514392,0.045394335695212465,0.054687664262736274,0.15184710161687096,0.0796871386219802,0.32080906625176087,D,municipal_raion
Исаклинский муниципальный район,2024-12-01,25447,-0.7659506288573767,0.4795850198451684,0.03839352379455339,0.008684717255472157,0.2236412936691948,0.04314850473533226,0.206546940700279,G,municipal_raion
Исетский муниципальный район,2024-12-01,29805,-0.28810656082866665,0.42969300452944137,0.03553095118268747,0.014762623720852207,0.1809092434155343,0.049622546552591844,0.28948163059889287,G,municipal_raion
Исилькульский муниципальный район,2024-12-01,27276,-0.556137906764435,0.4094442000293298,0.03926528816542015,0.010815368822407977,0.20651855110720047,0.04454465464144303,0.28941193723419856,G,municipal_raion
Искитимский муниципальный район,2024-12-01,30977,-0.1715194939496252,0.4360977499435065,0.04464602769796946,0.031216709171320658,0.19098040481647674,0.04128869806630726,0.2557704103044194,F,municipal_raion
Иссинский муниципальный район,2024-12-01,25133,-0.8034825090602439,0.3968487645724744,0.06616798631281581,0.009668563243544344,0.2483985198742689,0.040783034257748776,0.23813313173914774,G,municipal_raion
Ичалковский муниципальный район,2024-12-01,26220,-0.675493546717131,0.4712814645308924,0.048893974065598776,0.002974828375286041,0.22337909992372235,0.042753623188405795,0.21071700991609466,G,municipal_raion
Ишимбайский муниципальный район,2024-12-01,36757,0.3456376548573868,0.36452920532143535,0.04573278559186005,0.04276736403950268,0.14835269472481433,0.05280626819381342,0.34581168212857427,F,municipal_raion
Ишимский муниципальный район,2024-12-01,33899,0.1009601049052536,0.4283312192100062,0.0389392017463642,0.020561078497890795,0.17038850703560576,0.05554736127909378,0.28623263223103934,F,municipal_raion
Каа-Хемский муниципальный район,2024-12-01,29551,-0.3139777064569307,0.42915637372677745,0.02598896822442557,0.029677506683360968,0.2008730669012893,0.0660214544347061,0.24828263002944062,F,municipal_raion
Кавалеровский муниципальный округ,2024-12-01,38118,0.45554154031548105,0.4312398341990661,0.043339104884831316,0.02563093551602917,0.13429350962799727,0.062332756178183533,0.3031638595938926,F,municipal_okrug
Кадомский муниципальный район,2024-12-01,26751,-0.6148876590910366,0.4586744420769317,0.04381144630107286,0.00444843183432395,0.28062502336361256,0.03297073006616575,0.17946992635789305,G,municipal_raion
Кадошкинский муниципальный район,2024-12-01,26858,-0.6028209020797568,0.4145878323032244,0.04736019063221387,0.008153995085263236,0.181212301735051,0.0497430933055328,0.29894258693871467,G,municipal_raion
Кадуйский муниципальный округ,2024-12-01,31256,-0.14441568702188826,0.4725172766828769,0.028570514461223447,0.014525211159457384,0.1857243409265421,0.03445738418223701,0.26420527258766313,G,municipal_okrug
Кадыйский муниципальный район,2024-12-01,24654,-0.8616495371558004,0.5228766123144317,0.043725156161272004,0.004218382412590249,0.2345258375922771,0.04672669749330737,0.14792731402612158,G,municipal_raion
Казанский муниципальный район,2024-12-01,29402,-0.3292577714667164,0.44173865723420175,0.03615400312903884,0.006666213182776682,0.22597102237942998,0.0526834909189851,0.2367866131555677,G,municipal_raion
Казачинский муниципальный район,2024-12-01,28260,-0.4490082103159469,0.5363411181882519,0.044550601556970985,0.02356687898089172,0.21266808209483368,0.04260438782731776,0.1402689313517339,G,municipal_raion
Казачинско-Ленский муниципальный район,2024-12-01,45060,0.9612863924875876,0.39196626719928984,0.035352862849533956,0.01549045716822015,0.2250554815801154,0.04391921881935198,0.28821571238348853,G,municipal_raion
Кайбицкий муниципальный район,2024-12-01,20072,-1.483184026075186,0.4255181347150259,0.04020526106018334,0.013850139497807891,0.19709047429254684,0.04708051016341172,0.2762554802710242,G,municipal_raion
Каларский муниципальный округ,2024-12-01,46243,1.039623570215018,0.35488614493004345,0.03492420474450187,0.05535973012131566,0.16024046882771448,0.0387734359794996,0.355816015396925,A,municipal_okrug
Калачевский муниципальный район,2024-12-01,33409,0.05694710351230154,0.41590589362147923,0.04537699422311353,0.023257206142057528,0.21425364422760335,0.052500823131491514,0.24870543865425487,F,municipal_raion
Калачинский муниципальный район,2024-12-01,27377,-0.5449653702881788,0.4377762355261716,0.04343061694122804,0.014939547795594843,0.18274463966102933,0.039339591628008916,0.2817693684479673,G,municipal_raion
Калганский муниципальный округ,2024-12-01,36195,0.2990627878335649,0.491725376433209,0.03586130681033292,0.01229451581710181,0.13424506147257909,0.07650227932034812,0.24937146014642897,F,municipal_okrug
Калевальский муниципальный район,2024-12-01,43152,0.8305000598688539,0.4679041527623285,0.03147015202076381,0.01471542454579162,0.2436040044493882,0.058259176863181314,0.18404708935854652,micro,municipal_raion
Калининский муниципальный район,2024-12-01,26589,-0.633249121069835,0.4557147692654857,0.04671104592124563,0.01290007145812178,0.21208018353454436,0.04964458986799052,0.222949339952612,G,municipal_raion
Калманский муниципальный район,2024-12-01,24465,-0.884912142355751,0.48113631718781935,0.036215001021867976,0.018311874105865523,0.22219497240956468,0.03302677294093603,0.2091150623339464,G,municipal_raion
Калтасинский муниципальный район,2024-12-01,23484,-1.0086190580642103,0.4346789303355476,0.04513711463123829,0.017160619996593424,0.1918753193663771,0.03764265031510816,0.2735053653551355,G,municipal_raion
Камешкирский муниципальный район,2024-12-01,22026,-1.2023697468808878,0.4739398892218287,0.052211023336057386,0.005720512122037592,0.21801507309543267,0.048397348588032324,0.20171615363661122,G,municipal_raion
Камешковский муниципальный район,2024-12-01,31971,-0.07604563681000064,0.43048387601263643,0.03875387069531763,0.013918863970473242,0.2077820524850646,0.029933377123017735,0.27912795971349036,G,municipal_raion
Камско-Устьинский муниципальный район,2024-12-01,24243,-0.9124670908470173,0.45683290021861983,0.03955781050200058,0.00721857855875923,0.21672235284411995,0.048343851833518955,0.2313245060429815,G,municipal_raion
Камызякский муниципальный район,2024-12-01,23155,-1.0512669717908696,0.4312675448067372,0.039473115957676524,0.010537680846469446,0.24564888792917297,0.04180522565320665,0.23126754480673728,G,municipal_raion
Камышлинский муниципальный район,2024-12-01,25476,-0.7625077005221922,0.39806092008164545,0.045219029674988226,0.023747841105354058,0.20898100172711573,0.04867326110849427,0.27531794630240236,G,municipal_raion
Камышловский муниципальный район,2024-12-01,42897,0.812584122180725,0.37009581089586685,0.030281837890761592,0.03548033662027648,0.20190223092523954,0.05221810383010467,0.31002167983775086,D,municipal_raion
Кандалакшский муниципальный район,2024-12-01,52520,1.4243814846120295,0.39815308453922316,0.03295887281035796,0.03533891850723534,0.2204112718964204,0.04046077684691546,0.27267707539984776,A,municipal_raion
Карагинский муниципальный район,2024-12-01,63777,2.011411031189324,0.5489282970349812,0.024005519231070763,0.029289555795976606,0.06389450742430657,0.024444548975335937,0.30943757153832885,A,municipal_raion
Караидельский муниципальный район,2024-12-01,23706,-0.9801777137401825,0.3977474057200709,0.044883151944655364,0.028684721167636887,0.19779802581624906,0.06276891926094659,0.2681177760904412,G,municipal_raion
Карасукский муниципальный район,2024-12-01,30924,-0.1766958272190481,0.4436360108653473,0.04116543784762644,0.017688526710645452,0.18380545854352606,0.06719699909455439,0.24650756693830045,F,municipal_raion
Каратузский муниципальный район,2024-12-01,30846,-0.18432998534736714,0.4876483174479673,0.03997276794397977,0.00826687414899825,0.20683394929650523,0.06094793490241847,0.19633015626013095,G,municipal_raion
Каргапольский муниципальный округ,2024-12-01,25270,-0.7870497998806409,0.49699248120300754,0.04127423822714681,0.012109220419469727,0.20312623664424218,0.03518005540166205,0.21131776810447167,G,municipal_okrug
Каргасокский муниципальный район,2024-12-01,32481,-0.028206122556548863,0.43459253101813367,0.055817247005941935,0.011945445029401805,0.1991933745882208,0.035713186170376526,0.26273821618792526,G,municipal_raion
Каргатский муниципальный район,2024-12-01,26804,-0.608904646636247,0.49283689001641545,0.03727055663333831,0.014960453663632294,0.19138934487389941,0.04450828234591852,0.21903447246679597,G,municipal_raion
Кардымовский муниципальный район,2024-12-01,29858,-0.2827360596521472,0.4344229352267399,0.03436264987608011,0.009913590997387634,0.21227141804541497,0.026994440350994707,0.2820349655033826,G,municipal_raion
Кармаскалинский муниципальный район,2024-12-01,26373,-0.6579058636611579,0.4181549311796155,0.0390930117923634,0.023433056535092707,0.19258332385394153,0.0516058089712964,0.27512986766769043,G,municipal_raion
Карсунский муниципальный район,2024-12-01,22150,-1.1853998049722076,0.43950338600451466,0.046094808126410834,0.013182844243792326,0.2400451467268623,0.047313769751693005,0.21386004514672685,G,municipal_raion
Карталинский муниципальный район,2024-12-01,27447,-0.5372461848097937,0.43607680256494336,0.04047801216890735,0.016577403723539913,0.19980325718657777,0.0407330491492695,0.26633147520676215,G,municipal_raion
Карымский муниципальный район,2024-12-01,31401,-0.13042486926482402,0.448998439540142,0.03853380465590268,0.04057195630712398,0.14566415082322218,0.04993471545492182,0.2762969332186874,F,municipal_raion
Касимовский муниципальный район,2024-12-01,28719,-0.4003057191555618,0.4439917824436784,0.04241094745638776,0.012535255405828893,0.25199345381106586,0.036212960061283474,0.2128556008217557,G,municipal_raion
Каслинский муниципальный район,2024-12-01,31877,-0.08494634962858294,0.4643159644885027,0.04501678326065815,0.012203155880415347,0.1829218558835524,0.03883677886877686,0.2567054616180946,G,municipal_raion
Катав-Ивановский муниципальный район,2024-12-01,30343,-0.23402906328812054,0.4569422931153808,0.042975315558777975,0.01862043964011469,0.1957617901987279,0.04693009919915631,0.23877006228784226,G,municipal_raion
Катайский муниципальный округ,2024-12-01,27113,-0.5742563863036282,0.4711024231918268,0.045734518496662116,0.01526942794969203,0.1843764983587209,0.036845793530778596,0.2466713384723196,G,municipal_okrug
Катангский муниципальный район,2024-12-01,45042,0.960078628714178,0.47158207894853693,0.035966431330757956,0.022867545846099197,0.09482261000843657,0.052462146441099415,0.3222991874250699,A,municipal_raion
Качугский муниципальный район,2024-12-01,30264,-0.2419094670405226,0.40754692043351837,0.0366111551678562,0.01387787470261697,0.18219666931007136,0.06347475548506476,0.2962926249008724,G,municipal_raion
Кваркенский муниципальный район,2024-12-01,25426,-0.7684462341021944,0.3881066624714859,0.032919059230708723,0.007669314874537874,0.23114135137261071,0.03929049004955557,0.3008731220011013,G,municipal_raion
Кежемский муниципальный район,2024-12-01,47365,1.1120912921300563,0.4087617439037264,0.035025862978992926,0.01682677082233717,0.20510925789084766,0.03422358281431437,0.30005278158978144,G,municipal_raion
Кемеровский муниципальный округ,2024-12-01,40673,0.6516564027100255,0.39488112507068573,0.04695989968775355,0.04083790229390505,0.16327785017087504,0.06547340987878937,0.28856981289799133,D,municipal_okrug
Кемский муниципальный район,2024-12-01,37372,0.395795729544948,0.44953441078882583,0.030477362731456705,0.016402654393663705,0.21529487316707696,0.03323343679760248,0.25505726212137436,G,municipal_raion
Кигинский муниципальный район,2024-12-01,25393,-0.772372066956581,0.4259835387705273,0.04363407238215256,0.02398298743748277,0.16784153113062655,0.050998306619934625,0.28755956365927615,G,municipal_raion
Кизильский муниципальный район,2024-12-01,24669,-0.8598109437102266,0.40694799140621835,0.037212696096315216,0.0132149661518505,0.20012971745915928,0.030321456078479064,0.31217317280797763,G,municipal_raion
Киквидзенский муниципальный район,2024-12-01,28278,-0.44708345291842183,0.3955371667020299,0.052585048447556404,0.0077798995685692054,0.22345993351722188,0.057712709526840655,0.2629252422377819,G,municipal_raion
Килемарский муниципальный район,2024-12-01,23755,-0.9739360083075101,0.4780046306040833,0.03384550620921911,0.00985055777731004,0.2428120395706167,0.038770785097874134,0.19671648074089676,G,municipal_raion
Кильмезский муниципальный район,2024-12-01,22847,-1.091745471889178,0.49892764914430776,0.04022409944412833,0.005952641484658817,0.16658642272508425,0.06315927692913731,0.2251499102726835,G,municipal_raion
Кимовский муниципальный район,2024-12-01,32132,-0.060861421493152344,0.4110544005975352,0.04462840781775177,0.015965392754886096,0.2492530810407071,0.03862193452010457,0.24047678326901523,G,municipal_raion
Кингисеппский муниципальный район,2024-12-01,49412,1.2399865336108886,0.3764065409212337,0.03992957176394398,0.047114061361612565,0.19141099328098438,0.046810491378612484,0.29832834129361285,A,municipal_raion
Кинель-Черкасский муниципальный район,2024-12-01,29244,-0.34554561770611225,0.4443646559978115,0.043564491861578444,0.013233483791546983,0.21973738202708248,0.03881138011215976,0.24028860620982084,G,municipal_raion
Кинельский муниципальный район,2024-12-01,26286,-0.6678941494344756,0.44046260366735146,0.0381191508787948,0.01251616830251845,0.2726546450582059,0.03998326105151031,0.19626417104161908,G,municipal_raion
Кинешемский муниципальный район,2024-12-01,29954,-0.27303258668034025,0.4195766842491821,0.029912532549909863,0.011951659210789879,0.2132937170327836,0.0341523669626761,0.29111303999465843,G,municipal_raion
Киреевский муниципальный район,2024-12-01,32867,0.007505038837900621,0.42133446922445006,0.04186570115921745,0.013539416435938784,0.2546018803054736,0.031490552834149754,0.23716798004077044,G,municipal_raion
Киренский муниципальный район,2024-12-01,42493,0.7839804684942225,0.4253641776292566,0.03419386722519003,0.018708963829336598,0.2096109947520768,0.03760619396135834,0.27451580260278163,G,municipal_raion
Киржачский муниципальный район,2024-12-01,43829,0.8775562716325016,0.40856510529558054,0.04136530607588583,0.02861119350201921,0.21102466403522782,0.049556229893449544,0.26087750119783704,F,municipal_raion
Кирилловский муниципальный округ,2024-12-01,28672,-0.40525677793213505,0.4151088169642857,0.03288922991071429,0.011962890625,0.22398158482142858,0.03955078125,0.2765066964285714,G,municipal_okrug
Киришский муниципальный район,2024-12-01,43824,0.877211408205816,0.394601131799927,0.04803304125593282,0.046686746987951805,0.1908086893026652,0.03573384446878423,0.28413654618473894,A,municipal_raion
Кирово-Чепецкий муниципальный район,2024-12-01,30955,-0.17366708464238947,0.411468260377968,0.03317719269907931,0.02910676788887094,0.19373283799063157,0.05927959941851074,0.27323534162493934,F,municipal_raion
Кировский муниципальный округ,2024-12-01,29563,-0.31275045141797736,0.34133883570679563,0.03396137063220918,0.018096945506207083,0.25717958258634105,0.0436694516794642,0.3057538138889828,G,municipal_okrug
Кичменгско-Городецкий муниципальный округ,2024-12-01,28568,-0.4162412227457363,0.413784654158499,0.0332189862783534,0.026008120974516942,0.1652198263791655,0.05975217026043125,0.30201624194903387,G,municipal_okrug
Клепиковский муниципальный район,2024-12-01,28875,-0.38393030330772354,0.4635844155844156,0.043705627705627706,0.01032034632034632,0.24516017316017316,0.039168831168831166,0.19806060606060605,G,municipal_raion
Клетский муниципальный район,2024-12-01,27469,-0.5348242205679475,0.4136663147548145,0.04080963995777058,0.005169463759146674,0.23298991590520224,0.04834540755032946,0.2590192580727365,G,municipal_raion
Ключевский муниципальный район,2024-12-01,27112,-0.5743678784711133,0.460718501032753,0.04713779876069637,0.024306580112127472,0.17704337562702863,0.052338447919740336,0.23845529654765418,G,municipal_raion
Клявлинский муниципальный район,2024-12-01,26526,-0.6404199190334469,0.47960491593153887,0.04395687250245042,0.0081429540827867,0.2264570609967579,0.04572871899268642,0.19610947749377983,G,municipal_raion
Княгининский муниципальный округ,2024-12-01,30544,-0.21407106513778357,0.4391369827134625,0.041579360921948666,0.014503666841278157,0.23808276584599267,0.03673389209009953,0.2299633315872185,G,municipal_okrug
Княжпогостский муниципальный район,2024-12-01,35823,0.26783439275459053,0.45663400608547583,0.03235351589760768,0.019065963207994863,0.2066828573821288,0.03360969209725595,0.251653965329537,G,municipal_raion
Кобяйский муниципальный район,2024-12-01,47083,1.0940402802442168,0.4071958031561285,0.023617866321177496,0.03292058704840388,0.059150861245035366,0.056368540662234776,0.42074634156701995,A,municipal_raion
Ковдорский муниципальный округ,2024-12-01,58269,1.7383816322837755,0.4021349259469014,0.031474712111071064,0.039489265304021005,0.21532890559302545,0.028883282706070122,0.2826889083389109,A,municipal_okrug
Ковернинский муниципальный округ,2024-12-01,29058,-0.3648330708356057,0.4380893385642508,0.046906187624750496,0.016346617110606372,0.20737834675476632,0.042329134833780716,0.24895037511184526,G,municipal_okrug
Ковылкинский муниципальный район,2024-12-01,27377,-0.5449653702881788,0.45771998392811486,0.04730248018409614,0.022098842093728314,0.20623150820031413,0.047046791102019946,0.21960039449172664,G,municipal_raion
Кожевниковский муниципальный район,2024-12-01,26986,-0.5884488960298532,0.4925146372192989,0.038390276439635364,0.00963462536129845,0.19310012599125473,0.041058326539687245,0.22530200844882542,G,municipal_raion
Козельский муниципальный район,2024-12-01,34618,0.16440408386170147,0.42151481888035125,0.03839043272286094,0.019440753365301287,0.2412328846264949,0.04211681784042983,0.23730429256456187,G,municipal_raion
Козловский муниципальный округ,2024-12-01,23082,-1.0608120060651585,0.4545100077982844,0.039511307512347285,0.011914045576639805,0.19894289922883632,0.0363919937613725,0.25872974612251975,G,municipal_okrug
Козульский муниципальный район,2024-12-01,29286,-0.34120736586261957,0.49651710715017416,0.03913132554804343,0.006556033599672198,0.19039814245714676,0.04090691798128799,0.22649047326367544,G,municipal_raion
Койгородский муниципальный район,2024-12-01,29132,-0.35714482050067836,0.522964437731704,0.03401757517506522,0.008409995880818344,0.17705615817657558,0.04874364959494714,0.2088081834408897,G,municipal_raion
Кологривский муниципальный округ,2024-12-01,26049,-0.6952722305240642,0.5509232600099812,0.05616338439095551,0.005451264923797459,0.22480709432223886,0.043533341011171255,0.11912165534185581,G,municipal_okrug
Колосовский муниципальный район,2024-12-01,25217,-0.7933963890048891,0.48610064638934053,0.04100408454613951,0.005234563984613554,0.19304437482650594,0.045881746440893045,0.22873458381250744,G,municipal_raion
Колпашевский муниципальный район,2024-12-01,35293,0.22277757575035134,0.44617912900575185,0.035446122460544585,0.013543762219136939,0.20420479981866094,0.04590145354602896,0.25472473294987674,G,municipal_raion
Колпнянский муниципальный район,2024-12-01,25885,-0.7143636155875004,0.4137531388835233,0.043268302105466484,0.010739810701178288,0.2603051960594939,0.04214796214023566,0.22978559011010236,G,municipal_raion
Колыванский муниципальный район,2024-12-01,31974,-0.07576200261878367,0.45330581097141426,0.038969162444486144,0.016419590917620568,0.212391317945831,0.051072746606617876,0.22784137111403013,G,municipal_raion
Колышлейский муниципальный район,2024-12-01,24140,-0.9253374008149162,0.45306545153272576,0.05223695111847556,0.008326429163214582,0.23645401822700912,0.04473902236951118,0.20517812758906384,G,municipal_raion
Кольский муниципальный район,2024-12-01,41060,0.6802824042200589,0.4002922552362396,0.03628835849975645,0.03370677057963955,0.2130053580126644,0.03872381880175353,0.27798343886994636,F,municipal_raion
Кольчугинский муниципальный район,2024-12-01,41226,0.6924786634031169,0.41534468539271335,0.04383156260612235,0.02583321205064765,0.18752728860427886,0.04072672585261728,0.2867365254936205,F,municipal_raion
Комсомольский муниципальный округ,2024-12-01,19530,-1.5659312065554005,0.3903225806451613,0.04961597542242704,0.01848438300051203,0.17071172555043523,0.05775729646697389,0.31310803891449046,G,municipal_okrug
Кондинский муниципальный район,2024-12-01,43901,0.8825179474331022,0.40197262021366253,0.03198104826769322,0.022687410309560146,0.22771690849866746,0.054827908248103685,0.260814104462313,F,municipal_raion
Кондопожский муниципальный район,2024-12-01,34658,0.16789485322090997,0.44067747706157306,0.03889433896935773,0.030901956258295345,0.19250966587800797,0.03355646603958682,0.26346009579317897,F,municipal_raion
Коношский муниципальный район,2024-12-01,34638,0.16614997243436722,0.47231364397482534,0.027426525780934234,0.017524106472660086,0.19602748426583522,0.04275651019111958,0.2439517293146256,G,municipal_raion
Константиновский муниципальный район,2024-12-01,30473,-0.22110586283688213,0.4859383716732845,0.0364256883142454,0.0182128441571227,0.12870409871033373,0.04512191120007876,0.28559708594493494,F,municipal_raion
Кораблинский муниципальный район,2024-12-01,28361,-0.4382240032451585,0.43965304467402416,0.038009943231902966,0.00712245689503191,0.26342512605338314,0.03959662917386552,0.2121927999717922,G,municipal_raion
Коркинский муниципальный округ,2024-12-01,36669,0.33839201190415613,0.40429245411655623,0.044151735798631,0.021680438517548882,0.17960675229758105,0.04047015189942458,0.3097984673702583,F,municipal_okrug
Кормиловский муниципальный район,2024-12-01,25756,-0.7294658041778379,0.4373349899052648,0.036962261220686445,0.007881658642646373,0.19614847025935706,0.03843764559714241,0.28323497437490275,G,municipal_raion
Корткеросский муниципальный район,2024-12-01,27473,-0.5343840718444178,0.4640556182433662,0.025625159247260946,0.007207076038292142,0.2181050485931642,0.03195865031121465,0.25304844756670175,G,municipal_raion
Косихинский муниципальный район,2024-12-01,23135,-1.0538790535180471,0.4606008212664794,0.04214393775664577,0.016900799654203588,0.19381888912902528,0.03505511130322023,0.25148044089042565,G,municipal_raion
Костромской муниципальный район,2024-12-01,37846,0.43389408488539594,0.383897902023992,0.042250171748665646,0.031231834275749087,0.21188500766263277,0.06476245838397716,0.2659726259049833,F,municipal_raion
Котельниковский муниципальный район,2024-12-01,33356,0.052147879447032815,0.39483151457009236,0.04314066434824319,0.016188991485789662,0.2556061877923012,0.049046648279170164,0.2411859935244034,G,municipal_raion
Котельничский муниципальный район,2024-12-01,22588,-1.1262088508104682,0.4752966176731008,0.026961218346024437,0.00872144501505224,0.15866831946166107,0.03838321232512839,0.2919691871790331,G,municipal_raion
Котласский муниципальный округ,2024-12-01,28776,-0.39431210420755747,0.3876146788990826,0.02748818459827634,0.014908256880733946,0.1845982763413956,0.03878231859883236,0.34660828468167915,G,municipal_okrug
Котовский муниципальный район,2024-12-01,29272,-0.34265275813270835,0.4425047827275212,0.04762230117518448,0.018345176277671495,0.21337797212353102,0.03846679420606723,0.23968297349002454,G,municipal_raion
Коченевский муниципальный район,2024-12-01,31665,-0.10511702831848024,0.44904468656245067,0.03521237959892626,0.016264013895468183,0.2355281856939839,0.04487604610768988,0.219074688141481,G,municipal_raion
Кочковский муниципальный район,2024-12-01,25746,-0.7306396737085981,0.4957274916491882,0.03981200963256428,0.006719490406276703,0.24819389419715684,0.06086382350656413,0.1486832906082497,G,municipal_raion
Кочубеевский муниципальный округ,2024-12-01,31548,-0.11630686827469777,0.39295676429567644,0.04757829339419298,0.017909217700012678,0.2305375935083048,0.053157093952073034,0.25786103714974007,G,municipal_okrug
Кош-Агачский муниципальный район,2024-12-01,30659,-0.2027112945696956,0.3787468606282005,0.034312926057601355,0.03835741544081673,0.1927329658501582,0.10189503897713559,0.2539547930460877,A,municipal_raion
Кошехабльский муниципальный район,2024-12-01,31036,-0.16576756755152783,0.3653821368733084,0.04423894831808223,0.027000902178115738,0.2168127335996907,0.0672767109163552,0.2792885681144477,F,municipal_raion
Кошкинский муниципальный район,2024-12-01,28002,-0.476731930251818,0.4558602956931648,0.0439968573673309,0.013141918434397543,0.21348475108920792,0.04510392114848939,0.22841225626740946,G,municipal_raion
Крапивинский муниципальный округ,2024-12-01,32251,-0.04968712563490203,0.4799851167405662,0.04254131654832408,0.014201110043099438,0.20315649127158847,0.04133205171932653,0.21878391367709527,G,municipal_okrug
Краснобаковский муниципальный округ,2024-12-01,30045,-0.26386317160751355,0.46873023797636876,0.03927442170078216,0.015343651189881844,0.20113163587951408,0.04836079214511566,0.2271592611083375,G,municipal_okrug
Красноборский муниципальный округ,2024-12-01,27151,-0.5700227282016627,0.49062649626164784,0.034289713086074175,0.013885308091782992,0.2037125704393945,0.03948289197451291,0.21800302014658757,G,municipal_okrug
Красногвардейский муниципальный округ,2024-12-01,29295,-0.3402785499417543,0.41303976787847757,0.04649257552483359,0.016760539341184502,0.21928656767366445,0.04628776241679468,0.2581327871650453,G,municipal_okrug
Красногорский муниципальный район,2024-12-01,25614,-0.7461776262833174,0.5257281174357773,0.03896306707269462,0.012219879753259937,0.18681189974232842,0.04130553603498087,0.19497149996095897,G,municipal_raion
Краснозерский муниципальный район,2024-12-01,28032,-0.47349514721348335,0.4853381849315068,0.039347888127853885,0.01113013698630137,0.20066352739726026,0.05393835616438356,0.20958190639269414,G,municipal_raion
Краснозоренский муниципальный район,2024-12-01,26377,-0.6574474247763856,0.48053228191227204,0.03802555256473443,0.004890624407627857,0.2673162224665428,0.04026234977442469,0.16897296887439828,G,municipal_raion
Краснокамский муниципальный район,2024-12-01,23685,-0.9828566807743916,0.45404264302301034,0.04597846738442052,0.02440363099007811,0.1532615579480684,0.05155161494616846,0.2707620857082542,G,municipal_raion
Краснокутский муниципальный район,2024-12-01,26881,-0.6002333911014837,0.41572114132658755,0.04858450206465533,0.018786503478293217,0.22971615639299134,0.03697779100479893,0.25021390573267366,G,municipal_raion
Краснооктябрьский муниципальный округ,2024-12-01,27841,-0.49416212570512297,0.4365144930139004,0.05879817535289681,0.010416292518228511,0.21802377788154162,0.0452929133292626,0.23095434790417013,G,municipal_okrug
Краснопартизанский муниципальный район,2024-12-01,25748,-0.7304048633312957,0.45988037905856766,0.04314898244523847,0.012272797887214542,0.23858163740873078,0.04256641292527575,0.20354979027497266,G,municipal_raion
Красносельский муниципальный район,2024-12-01,30504,-0.2180323176908728,0.41830579596118544,0.03642145292420666,0.017046944662995018,0.24311565696302123,0.04320744820351429,0.2419027012850774,G,municipal_raion
Краснослободский муниципальный район,2024-12-01,25064,-0.8117927864602223,0.45822693903606765,0.05533833386530482,0.025774018512607723,0.19765400574529204,0.041653367379508456,0.22135333546121938,G,municipal_raion
Краснотуранский муниципальный район,2024-12-01,30114,-0.25692903183064325,0.44746629474662947,0.03918443248987182,0.0113236368466494,0.18064687520754466,0.04536096167895331,0.2760177990303514,G,municipal_raion
Красночетайский муниципальный округ,2024-12-01,19542,-1.5640744304585192,0.3922321154436598,0.05178589704226794,0.033824582949544574,0.19568109712414286,0.054293316958346126,0.27218299048203864,G,municipal_okrug
Красночикойский муниципальный район,2024-12-01,33605,0.07462927863901657,0.45088528492783814,0.042434161583097756,0.017527153697366463,0.15310221693200415,0.06540693349203988,0.27064424936765363,F,municipal_raion
Краснощёковский муниципальный район,2024-12-01,25131,-0.8037230654339715,0.5147427480004775,0.04894353587203056,0.015319724642871355,0.1843539851179818,0.05256456169670924,0.18407544466992953,G,municipal_raion
Кривошеинский муниципальный район,2024-12-01,30023,-0.2660774052616534,0.49708556773140594,0.04000266462378843,0.006594943876361456,0.20877327382340205,0.042167671451886886,0.20537587849315508,G,municipal_raion
Кромской муниципальный район,2024-12-01,33606,0.07471922913494687,0.4515265131226567,0.04415878117002916,0.021662798309825627,0.22659644111170624,0.041659227518895434,0.21439623876688696,G,municipal_raion
Крутинский муниципальный район,2024-12-01,24314,-0.9036271220806852,0.43760796249074607,0.048819610101176275,0.010775684790655589,0.19610101176277042,0.05186312412601793,0.2548326067286337,G,municipal_raion
Крутихинский муниципальный район,2024-12-01,23921,-0.952885918592319,0.4703816730069813,0.04126081685548263,0.010325655281969817,0.1884118556916517,0.05359307721249112,0.2360269219514235,G,municipal_raion
Кстовский муниципальный округ,2024-12-01,45553,0.9941794780368517,0.36654007419928436,0.051193115711369176,0.041995038746076,0.18117357802998704,0.059952143656839284,0.2991460496564441,D,municipal_okrug
Кугарчинский муниципальный район,2024-12-01,24270,-0.9091023656815883,0.39068809229501444,0.051256695508858675,0.011948908117016894,0.1646065100947672,0.06065100947672023,0.32084878450762255,G,municipal_raion
Куженерский муниципальный район,2024-12-01,22221,-1.175725864249004,0.44151928356059583,0.035191935556455604,0.011790648485666713,0.2123666801674092,0.036857027136492505,0.26227442509338017,G,municipal_raion
Кузоватовский муниципальный район,2024-12-01,23858,-0.9608575583495375,0.46357615894039733,0.04694442115852125,0.014125241009305055,0.22269259787073517,0.0460222986000503,0.20663928242099106,G,municipal_raion
Куйтунский муниципальный район,2024-12-01,31684,-0.10330377797056613,0.41958086100239866,0.034560030299204646,0.008995076379245045,0.1810061860876152,0.057568488827168286,0.29828935740436824,G,municipal_raion
Кукморский муниципальный район,2024-12-01,22728,-1.1075312207857058,0.4276663146779303,0.04558254135867652,0.022483280535022878,0.17027455121436114,0.0651619148187258,0.2688313973952834,G,municipal_raion
Кулундинский муниципальный район,2024-12-01,29195,-0.35061479318327354,0.4672375406747731,0.03788319917794143,0.014557287206713478,0.1716389792772735,0.06312724781640693,0.24555574584689155,G,municipal_raion
Куменский муниципальный район,2024-12-01,24687,-0.8576061067119102,0.4955239599789363,0.04241098553894762,0.015109166767934541,0.18758860938955726,0.02256248227812209,0.23680479604650229,G,municipal_raion
Кумылженский муниципальный район,2024-12-01,24961,-0.8242406454594455,0.4343976603501462,0.053283121669804895,0.01077681182644926,0.256399983975001,0.05043868434758223,0.19470373783101635,G,municipal_raion
Кунашакский муниципальный район,2024-12-01,25850,-0.7184536557852242,0.43245647969052226,0.038336557059961314,0.016479690522243715,0.20994197292069633,0.04676982591876209,0.2560154738878142,G,municipal_raion
Купинский муниципальный район,2024-12-01,29613,-0.30764224520256883,0.43862492824097526,0.03761861344679702,0.014351804950528483,0.21352108871103906,0.061121804612838955,0.23476176003782123,G,municipal_raion
Курагинский муниципальный район,2024-12-01,33423,0.058213551922897226,0.43473057475391197,0.035424707536726205,0.011279657720731234,0.22206265146755227,0.04966639739101816,0.24683601113006015,G,municipal_raion
Куркинский муниципальный район,2024-12-01,32389,-0.036780214568109475,0.443113402698447,0.04118682268671463,0.004600327271604557,0.2535119948130538,0.03884034703139955,0.2187471054987804,G,municipal_raion
Курманаевский муниципальный район,2024-12-01,22741,-1.105802710849284,0.4469460445890682,0.04832681060639374,0.007255617606965393,0.2235169957345763,0.03632206147486918,0.23763246998812726,G,municipal_raion
Курский муниципальный округ,2024-12-01,25949,-0.7068989666190744,0.27530926047246523,0.04832556167867741,0.014258738294346603,0.27742880265135456,0.06832633242128791,0.3163513044818682,C,municipal_okrug
Куртамышский муниципальный округ,2024-12-01,24817,-0.8417298549297162,0.4800338477656445,0.04867631059354475,0.0064068984969980255,0.17842607889752993,0.03469395978563082,0.25176290446065197,G,municipal_okrug
Курьинский муниципальный район,2024-12-01,24835,-0.8395381620506475,0.5243003825246628,0.04630561707267969,0.008697402858868532,0.19311455607006242,0.03692369639621502,0.19065834507751145,G,municipal_raion
Кусинский муниципальный район,2024-12-01,29060,-0.3646250229749162,0.443324156916724,0.04679972470750172,0.017825189263592566,0.18031658637302134,0.03427391603578803,0.27746042670337234,G,municipal_raion
Кушнаренковский муниципальный район,2024-12-01,23283,-1.0346028864341745,0.4385603229824335,0.04943521023923034,0.023708285014817677,0.1548339990551046,0.04874801357213417,0.28471416913627967,G,municipal_raion
Кызылский муниципальный район,2024-12-01,37642,0.4175561476009056,0.3524786143137984,0.032649699803411085,0.05299930928218479,0.12759683332447797,0.1083629987779608,0.325912544498167,A,municipal_raion
Кыринский муниципальный район,2024-12-01,38211,0.46290763861217993,0.32752348800083747,0.037240585171809164,0.00947371175839418,0.16115778179058388,0.05603098584177331,0.40857344743660196,F,municipal_raion
Кытмановский муниципальный район,2024-12-01,23042,-1.0660549722406587,0.4726586233833869,0.03853832132627376,0.011023348667650378,0.18908948875965628,0.044700980817637355,0.24398923704539532,G,municipal_raion
Кыштовский муниципальный район,2024-12-01,29193,-0.3508218789811661,0.4806974274654883,0.039667043469324835,0.00404206487856678,0.24012605761655192,0.06320008221148905,0.17226732435857905,G,municipal_raion
Лаганский муниципальный район,2024-12-01,24387,-0.8945650142477298,0.44400705293804077,0.036248821093205395,0.005207692623118875,0.22388977734038626,0.035756755648501254,0.2548899003567475,G,municipal_raion
Лазовский муниципальный округ,2024-12-01,37312,0.390938734138674,0.4098949399656947,0.038781089193825044,0.00683426243567753,0.1765115780445969,0.03577937392795883,0.33219875643224694,G,municipal_okrug
Лаишевский муниципальный район,2024-12-01,41686,0.7260206526672273,0.3418173967279182,0.045243007244638485,0.05488653264885093,0.19390202945833132,0.07645252602792305,0.287698507892338,D,municipal_raion
Лахденпохский муниципальный район,2024-12-01,40564,0.6435446108095272,0.403954245143477,0.030273148604674095,0.01760181441672419,0.26439700226802093,0.03922197021989942,0.24455181934720438,G,municipal_raion
Лебедянский муниципальный район,2024-12-01,31763,-0.0957761154089302,0.44570726946447126,0.041054056606743695,0.01841765576299468,0.22315272486855775,0.04502093630954255,0.22664735698769012,G,municipal_raion
Лебяжьевский муниципальный округ,2024-12-01,24066,-0.9346179757896442,0.4805534779356769,0.04774370481176764,0.004196792154907338,0.2219729078367822,0.03282639408293859,0.21270672317792727,G,municipal_okrug
Лев-Толстовский муниципальный район,2024-12-01,32876,0.00833267015031065,0.4730198320963621,0.04130672831244677,0.012440686214867989,0.24057062903029566,0.04447013018615403,0.18819199415987353,G,municipal_raion
Левокумский муниципальный округ,2024-12-01,25136,-0.8031217103897789,0.3689528962444303,0.051997135582431575,0.014600572883513685,0.26965308720560155,0.04805856142584341,0.2467377466581795,G,municipal_okrug
Лежневский муниципальный район,2024-12-01,25267,-0.7874086852194134,0.43071991134681603,0.028812284798353585,0.005501246685399929,0.25539240907112043,0.028297779712668697,0.2512763683856414,G,municipal_raion
Лениногорский муниципальный район,2024-12-01,33861,0.09756967973147429,0.40406367207111427,0.04742919583001093,0.04400342577005995,0.16603171790555507,0.05519624346593426,0.28327574495732555,F,municipal_raion
Лиманский муниципальный район,2024-12-01,26404,-0.6543547795189086,0.414937130737767,0.042228450234812906,0.013331313437357975,0.23390395394637176,0.050522648083623695,0.2450765035600666,G,municipal_raion
Ловозерский муниципальный район,2024-12-01,47065,1.0928844199881302,0.43257197492829064,0.028088813343248697,0.01636035270370764,0.2814405609263784,0.027472644215446724,0.21406565388292798,G,municipal_raion
Лодейнопольский муниципальный район,2024-12-01,44440,0.9194051535513826,0.40864086408640865,0.036003600360036005,0.030805580558055806,0.2256975697569757,0.04133663366336634,0.2575157515751575,F,municipal_raion
Локтевский муниципальный район,2024-12-01,24253,-0.9112204596058724,0.509998763039624,0.04205665278522245,0.015626932750587557,0.1857502164680658,0.036778955180802375,0.20978847977569792,G,municipal_raion
Ломоносовский муниципальный район,2024-12-01,53107,1.4579793391991909,0.34707289057939633,0.04434443670325946,0.055435253356431353,0.1982789462782684,0.07483006006741108,0.28003841301523336,E,municipal_raion
Лопатинский муниципальный район,2024-12-01,20797,-1.3759250918752421,0.42991777660239455,0.061306919267202,0.012165216136942828,0.2254171274703082,0.04510265903736116,0.22609030148579135,G,municipal_raion
Лоухский муниципальный район,2024-12-01,43744,0.8716882358476024,0.44111192392099485,0.03179864667154353,0.014241953182150695,0.23146031455742502,0.03689648866130212,0.24449067300658378,G,municipal_raion
Лужский муниципальный район,2024-12-01,48216,1.1659199294110345,0.3865521818483491,0.04079558652729384,0.04523394723743156,0.19713373154139704,0.054338808694209394,0.2759457441513191,E,municipal_raion
Лукояновский муниципальный округ,2024-12-01,29462,-0.32309543298298443,0.45122530717534454,0.04992872174326251,0.007297535808838504,0.1941823365691399,0.051557939040119474,0.24580815966329506,G,municipal_okrug
Лунинский муниципальный район,2024-12-01,22779,-1.1007558031371165,0.4434347425260108,0.04688528908204925,0.004741209008297116,0.24816717151762588,0.03428596514333377,0.22248562272268313,G,municipal_raion
Лухский муниципальный район,2024-12-01,24402,-0.8927062972300059,0.49164002950577823,0.025530694205393,0.0067617408409146795,0.20731907220719614,0.02298991885910991,0.24575854438160805,G,municipal_raion
Лысковский муниципальный округ,2024-12-01,35395,0.23150123509404197,0.41833592315298773,0.04873569713236333,0.019635541743184066,0.18912275745161747,0.044102274332532845,0.2800678061873145,G,municipal_okrug
Лысогорский муниципальный район,2024-12-01,25738,-0.731579097658565,0.41914678685212525,0.043942808299013134,0.003846452715828736,0.2919807288833631,0.04215556764317352,0.19892765560649628,G,municipal_raion
Любимский муниципальный район,2024-12-01,27696,-0.5099466134372371,0.4666377816291161,0.04018630849220104,0.01588677065280185,0.21031917966493358,0.02675476603119584,0.24021519352975151,G,municipal_raion
Любинский муниципальный район,2024-12-01,27786,-0.5001396467169907,0.39782624343194417,0.032534369826531344,0.02141366155617937,0.19772547325991507,0.036205283236162095,0.314294968689268,G,municipal_raion
Любытинский муниципальный район,2024-12-01,31956,-0.0774642071071301,0.5075103266992114,0.038928526724245835,0.011390662160470647,0.21876955814244586,0.04944298410314182,0.17395794217048444,G,municipal_raion
Людиновский муниципальный район,2024-12-01,35124,0.20826802590111423,0.43110124131647876,0.04361690012527047,0.02457009452226398,0.2002049880423642,0.039517139277986564,0.260989636715636,F,municipal_raion
Лямбирский муниципальный район,2024-12-01,34049,0.11430635336501833,0.3907016358777057,0.04672677611677289,0.024934653000088108,0.16878616112073777,0.06884196305324679,0.3000088108314488,F,municipal_raion
Магдагачинский муниципальный район,2024-12-01,34742,0.17521237370546497,0.4218812964135628,0.0379943584134477,0.02426457889586092,0.1411835818317886,0.037706522364860974,0.33696966208047896,F,municipal_raion
Мазановский муниципальный район,2024-12-01,34139,0.1222859093907703,0.47417909136178565,0.026128474764931603,0.017575207240985383,0.11456105919915639,0.06016579278830663,0.30739037464483443,F,municipal_raion
Майкопский муниципальный район,2024-12-01,32452,-0.030906201596733344,0.3545236040921977,0.03371132749907556,0.03300258843830889,0.2579502033772957,0.061567854061382966,0.2592444225317392,F,municipal_raion
Майминский муниципальный район,2024-12-01,42595,0.791227764224316,0.36748444653128304,0.04089681887545486,0.03599013968775678,0.17107641741988497,0.0736706186172086,0.31088155886841173,D,municipal_raion
Майнский муниципальный район,2024-12-01,22487,-1.139755450096906,0.5075821585805131,0.04833904033441544,0.007693333926268511,0.20754213545604128,0.040112064748521366,0.18873126695424025,G,municipal_raion
Майский муниципальный район,2024-12-01,24011,-0.9415342059627162,0.3325975594519179,0.04960226562825372,0.013160634709091667,0.30985798175836077,0.052809129149139974,0.24197242930323604,G,municipal_raion
Макарьевский муниципальный район,2024-12-01,23683,-0.9831119443609897,0.5006967022758941,0.0464890427732973,0.005531393826795592,0.24304353333614828,0.04560233078579572,0.158636997002069,G,municipal_raion
Малмыжский муниципальный район,2024-12-01,23697,-0.9813255517606876,0.475840823732962,0.048909144617462125,0.00806009199476727,0.18027598430181035,0.03907667637253661,0.2478372789804616,G,municipal_raion
Малоархангельский муниципальный район,2024-12-01,26669,-0.6241677927008522,0.45314784956316323,0.04169635156923769,0.007086879898008924,0.22381791593235592,0.038659117327233865,0.23559188571000045,G,municipal_raion
Маловишерский муниципальный район,2024-12-01,33095,0.028402170576987535,0.4301858286750264,0.03885783350959359,0.018885027949841367,0.22405197159691798,0.034597371204109384,0.25342196706451126,G,municipal_raion
Малодербетовский муниципальный район,2024-12-01,23853,-0.9614911295179747,0.2854986794113948,0.04041420366410934,0.008091225422378737,0.26483041965371235,0.04934389804217499,0.3518215738062298,G,municipal_raion
Малосердобинский муниципальный район,2024-12-01,22624,-1.1213949981579654,0.4496552333804809,0.05237800565770863,0.00411067892503536,0.21671676096181047,0.042167609618104666,0.23497171145686002,G,municipal_raion
Малоярославецкий муниципальный район,2024-12-01,40847,0.6645605602353488,0.3972874384899748,0.046735378363160086,0.032119861923764294,0.20684505594046074,0.05324748451538669,0.2637647807672534,F,municipal_raion
Мамадышский муниципальный район,2024-12-01,23442,-1.0140300861641773,0.4603276170975173,0.041975940619401075,0.020390751642351334,0.17762989506014845,0.05579728692091118,0.24387850865967065,G,municipal_raion
Мамонтовский муниципальный район,2024-12-01,24041,-0.9377597552217408,0.4782662950792396,0.049540368537082484,0.009442202903373404,0.18797055030988727,0.044715278066636166,0.2300653051037811,G,municipal_raion
Манский муниципальный район,2024-12-01,25979,-0.703406247784944,0.49809461488125023,0.0384926286616113,0.010970399168559221,0.21986989491512376,0.03995534855075253,0.19261711382270286,G,municipal_raion
Мантуровский муниципальный округ,2024-12-01,30533,-0.2151598922136733,0.4787279337110667,0.039105230406445486,0.00907215144270134,0.2094455179641699,0.04427995938820293,0.2193692070874136,G,municipal_okrug
Мари-Турекский муниципальный район,2024-12-01,21784,-1.2357654390521342,0.45643591626882113,0.03686191700330518,0.011981270657363203,0.19312339331619538,0.043288652221814175,0.25830885053250097,G,municipal_raion
Мариинский муниципальный округ,2024-12-01,33584,0.07273969965224188,0.4611124344926155,0.042460695569318724,0.02048594568842306,0.17031919961886613,0.0625,0.24312172463077653,F,municipal_okrug
Мариинско-Посадский муниципальный округ,2024-12-01,19515,-1.568253781691312,0.5342557007430182,0.046938252626184986,0.015731488598513962,0.16643607481424547,0.03545990263899564,0.2011785805790417,G,municipal_okrug
Марксовский муниципальный район,2024-12-01,30748,-0.1939490302627898,0.40451411473917004,0.047482763106543514,0.023969038636659296,0.2142253154676727,0.04419799661766619,0.2656107714322882,G,municipal_raion
Марьяновский муниципальный район,2024-12-01,26809,-0.6083408223027034,0.47461673318661646,0.03689059644149353,0.010891864672311537,0.19873922936327354,0.03621918012607706,0.24264239621022787,G,municipal_raion
Маслянинский муниципальный район,2024-12-01,29526,-0.31653608922104814,0.45898530109056423,0.03952448689290795,0.019575966944388,0.20331233489128225,0.04694167852062589,0.23166023166023175,G,municipal_raion
Матвеевский муниципальный район,2024-12-01,23526,-1.0032176986858417,0.4290147071325342,0.05011476664116297,0.013091898325257163,0.20071410354501404,0.05330272889568988,0.2537617954603417,G,municipal_raion
Мегино-Кангаласский муниципальный район,2024-12-01,42726,0.8005101501163414,0.38075176707391284,0.0267050507887469,0.043697046294996024,0.07082338622852595,0.0823386228525956,0.39568412676122267,A,municipal_raion
Медведевский муниципальный район,2024-12-01,37837,0.4331751524264737,0.3609429923091154,0.043660966778550095,0.04865607738457066,0.17519887940375822,0.06726220366308111,0.30427888046092455,D,municipal_raion
Медвежьегорский муниципальный район,2024-12-01,38049,0.4500647479247238,0.42537254592761964,0.03661068622040001,0.014139662014770427,0.22586664564114695,0.03632158532418723,0.26168887487187575,G,municipal_raion
Медынский муниципальный район,2024-12-01,31871,-0.08551537103780485,0.4419378118038342,0.03740077186156694,0.01437043079915911,0.24671331304320543,0.03962850240030121,0.21994917009193304,G,municipal_raion
Междуреченский муниципальный округ,2024-12-01,24641,-0.8632438898889317,0.4834625218132381,0.04691368045128039,0.003003124873178848,0.24207621443934904,0.0251207337364555,0.19942372468649805,G,municipal_okrug
Межевской муниципальный округ,2024-12-01,25249,-0.789562892493738,0.541051130737851,0.04301160441997703,0.0049110855875480214,0.21596894926531743,0.05651708978573409,0.13854014020357241,G,municipal_okrug
Мезенский муниципальный округ,2024-12-01,27147,-0.5704680972975622,0.5561203816259623,0.03819943271816407,0.009430139610270012,0.15570781301801304,0.03819943271816407,0.20234280030942642,G,municipal_okrug
Меленковский муниципальный район,2024-12-01,27374,-0.5452966334315447,0.4508292540366771,0.04296047344195222,0.01410097172499452,0.21589829765470886,0.03371812668955944,0.24249287645210793,G,municipal_raion
Мелеузовский муниципальный район,2024-12-01,35687,0.25633654448766424,0.3691260122733769,0.04721607307983299,0.040911256199736595,0.1564715442598145,0.06352453274301566,0.3227505814442234,F,municipal_raion
Менделеевский муниципальный район,2024-12-01,25590,-0.7490113095381015,0.4305978898007034,0.04626807346619773,0.021375537319265336,0.18999609222352482,0.04552559593591247,0.26623681125439624,G,municipal_raion
Мензелинский муниципальный район,2024-12-01,25252,-0.7892037513209831,0.44503405670837953,0.0427292887692064,0.024592111515919533,0.19265800728655155,0.046887375257405356,0.24809916046253755,G,municipal_raion
Мечетлинский муниципальный район,2024-12-01,27015,-0.585202211014506,0.3983342587451416,0.04838052933555432,0.018878400888395337,0.1540995743105682,0.053266703683138995,0.3270405330372016,G,municipal_raion
Мещовский муниципальный район,2024-12-01,28189,-0.4566122827322644,0.4787328390506935,0.03419773670580723,0.006349994678775409,0.23356628472099045,0.040405832062151904,0.20674731278158154,G,municipal_raion
Милославский муниципальный район,2024-12-01,27868,-0.4912320262978893,0.4863284053394574,0.03800057413520884,0.003624228505813119,0.24045500215300702,0.03545284914597387,0.19613894072053972,G,municipal_raion
Мильковский муниципальный округ,2024-12-01,56841,1.6633781628398854,0.46800724828908713,0.025896799845182176,0.02350416072905121,0.12958955683397547,0.04750092362907057,0.3055013106736335,A,municipal_okrug
Минераловодский муниципальный округ,2024-12-01,38809,0.5098484201381336,0.3441212089979129,0.04692210569713211,0.04225823906825736,0.21211574634749672,0.06799969079337267,0.28658300909582823,D,municipal_okrug
Мирнинский муниципальный район,2024-12-01,51869,1.3866784939358374,0.38710983439048374,0.030326399197979526,0.055023231602691396,0.15093793980990572,0.042183192272841195,0.3344194027260984,A,municipal_raion
Мишкинский муниципальный округ,2024-12-01,25938,-0.7081806420212199,0.5089829593646388,0.046225614927905,0.00643843010255224,0.19596730665432954,0.0352764284061994,0.20710926054437506,G,municipal_okrug
Мишкинский муниципальный район,2024-12-01,23447,-1.01338540800893,0.4347677741288864,0.049174734507612915,0.021623235381925194,0.18479976116347507,0.0551882970102785,0.25444619780782196,G,municipal_raion
Миякинский муниципальный район,2024-12-01,23593,-0.9946211733065636,0.40041537744246175,0.05675412198533463,0.020599330309837665,0.14737422116729537,0.05098970033484508,0.32386724876022555,G,municipal_raion
Могойтуйский муниципальный район,2024-12-01,32144,-0.05973272720260624,0.4255537580886013,0.036585365853658534,0.026785714285714284,0.12164011946241911,0.08020159283225485,0.309233449477352,A,municipal_raion
Могочинский муниципальный округ,2024-12-01,37246,0.38558701000721934,0.41008430435483006,0.033694893411373036,0.02362669816893089,0.16611179723997208,0.04733394189980132,0.3191483649250926,F,municipal_okrug
Моздокский муниципальный район,2024-12-01,32458,-0.03034736664385134,0.34010105366935733,0.0498798447224105,0.03142522644648469,0.23710641444328054,0.06710210117690554,0.2743853595415614,F,municipal_raion
Мокроусовский муниципальный округ,2024-12-01,23836,-0.9636462653278365,0.46777982883034064,0.03717066621916429,0.003230407786541366,0.22214297700956537,0.020808860547071657,0.2488672596073166,G,municipal_okrug
Мокшанский муниципальный район,2024-12-01,24433,-0.8888685666802869,0.43756395039495766,0.04338394793926247,0.023451888838865467,0.22195391478737772,0.04371137396144559,0.22993492407809102,G,municipal_raion
Молчановский муниципальный район,2024-12-01,31504,-0.12052575436173017,0.4747651091924835,0.035709751142712035,0.006157948197054342,0.24736541391569325,0.03266251904520061,0.2033392585068563,G,municipal_raion
Монастырщинский муниципальный район,2024-12-01,22943,-1.079070554279284,0.521945691496317,0.055964782286536195,0.015908991849365818,0.21126269450377022,0.034171642766857,0.16074619709715376,G,municipal_raion
Моргаушский муниципальный округ,2024-12-01,20963,-1.3518928766515765,0.40194628631398177,0.035109478605161476,0.029003482326002958,0.20035300290988886,0.04212183370700758,0.29146591613795736,G,municipal_okrug
Мордовский муниципальный округ,2024-12-01,25797,-0.7246576993867447,0.42237469473194555,0.047408613404659454,0.007326433306198395,0.2532852657285731,0.0426793813234097,0.22692561150521384,G,municipal_okrug
Моркинский муниципальный район,2024-12-01,20065,-1.4842384058220193,0.4743084973835036,0.0342387241465238,0.015399950161973586,0.19666085223025168,0.03438823822576626,0.24500373785198104,G,municipal_raion
Мосальский муниципальный район,2024-12-01,29544,-0.31469383539622403,0.48862713241267264,0.04105740590305984,0.011372867587327376,0.2419103709721094,0.038891145410235584,0.1781410777145951,G,municipal_raion
Москаленский муниципальный район,2024-12-01,27878,-0.49014752465719647,0.40723868283234094,0.045806729320611236,0.01434823158045771,0.2145419327067939,0.040677236530597606,0.2773871870291986,G,municipal_raion
Мотыгинский муниципальный район,2024-12-01,41610,0.7205045354601068,0.43090603220379714,0.03347752944003845,0.015260754626291756,0.2548666186012978,0.04477289113193944,0.22071617399663546,G,municipal_raion
Мошковский муниципальный район,2024-12-01,30915,-0.17757570828789093,0.4489082969432314,0.03509623160278182,0.03661652919294841,0.21203299369238235,0.04635290312146207,0.2209930454471939,F,municipal_raion
Муезерский муниципальный район,2024-12-01,39114,0.5335119927024451,0.46599682977961854,0.035741678171498696,0.0132689062739684,0.21997238840312933,0.03944879071432224,0.2255714066574629,G,municipal_raion
Муромцевский муниципальный район,2024-12-01,23831,-0.964280421327117,0.5096303134572615,0.03696865427384499,0.012630607192312534,0.17909445679996644,0.05283034702698166,0.2088456212496329,G,municipal_raion
Муслюмовский муниципальный район,2024-12-01,21030,-1.3422469892402915,0.4799809795530195,0.039610080836899667,0.012933903946742749,0.15620542082738945,0.06062767475035663,0.25064194008559193,G,municipal_raion
Мучкапский муниципальный округ,2024-12-01,25765,-0.7284097112140854,0.44812730448282556,0.049369299437221036,0.011255579274209199,0.23190374539103434,0.04863186493304871,0.21071220648166122,G,municipal_okrug
Мышкинский муниципальный район,2024-12-01,31619,-0.10951151249965092,0.42430184382807806,0.03244884404946393,0.01505423953951738,0.24690850438027767,0.03561149941490876,0.24567506878775425,G,municipal_raion
Нагайбакский муниципальный район,2024-12-01,23995,-0.9435491750933146,0.405209418628881,0.04951031464888518,0.010627214002917275,0.22488018337153573,0.034257136903521564,0.2755157324442592,G,municipal_raion
Нагорский муниципальный район,2024-12-01,21091,-1.3334916014887714,0.5230192973306149,0.0401118960694135,0.013702527144279551,0.17481390166421695,0.0557109667630743,0.19264141102840082,G,municipal_raion
Надеждинский муниципальный район,2024-12-01,44161,0.9003676089277319,0.3914087090419148,0.03992210321324245,0.03297026788342655,0.13317180317474694,0.05690541427956795,0.3456217024071012,A,municipal_raion
Называевский муниципальный район,2024-12-01,24393,-0.8938213902856323,0.45406469068995203,0.036649858565982046,0.0073381707867011025,0.1861189685565531,0.05640962571229451,0.2594186856885172,G,municipal_raion
Намский муниципальный район,2024-12-01,42813,0.8066590745057153,0.3367435124845257,0.025739845374068624,0.0467147828930465,0.075841450026861,0.06965174129353234,0.44530866792796586,A,municipal_raion
Нанайский муниципальный район,2024-12-01,33665,0.08002157629134514,0.46808257834546263,0.0336254270013367,0.021179266300311896,0.20594088816278033,0.03704143769493539,0.23413040249517303,G,municipal_raion
Наримановский муниципальный район,2024-12-01,35742,0.2609916778185151,0.36682334508421466,0.042554977337586036,0.04350623915841307,0.19125958256393039,0.07682838117620726,0.2790274746796485,F,municipal_raion
Наровчатский муниципальный район,2024-12-01,24331,-0.9015143402641159,0.4764292466400888,0.048744400147959395,0.007767868151740578,0.21413012206649953,0.04529201430274136,0.20763634869097036,G,municipal_raion
Неверкинский муниципальный район,2024-12-01,20229,-1.4596319092949417,0.3990805279549162,0.04641850808245588,0.005783775767462554,0.22462800929358842,0.05605813436156014,0.2680310445400168,G,municipal_raion
Нейский муниципальный округ,2024-12-01,29020,-0.3687887032346972,0.5050999310820125,0.03666436940041351,0.007167470709855272,0.22908339076498965,0.04800137835975189,0.17398345968297724,G,municipal_okrug
Некоузский муниципальный район,2024-12-01,29234,-0.34657945313829064,0.3748033112129712,0.02907573373469248,0.009783129233084765,0.2745775466922077,0.03458301977149894,0.27717725935554494,G,municipal_raion
Некрасовский муниципальный район,2024-12-01,29854,-0.283141047781194,0.47022174582970455,0.037917866952502176,0.009144503249145843,0.21729081530113217,0.028639378307764453,0.23678569035975083,G,municipal_raion
Немецкий национальный муниципальный район,2024-12-01,27834,-0.4949222449631829,0.46630020837824243,0.0306818998347345,0.009305166343321118,0.2374434145289933,0.04056190270891715,0.21570740820579148,G,municipal_raion
Нерчинский муниципальный район,2024-12-01,35649,0.2531160778590179,0.4370950096776908,0.03223091811832029,0.014502510589357346,0.13428146652080003,0.06701450251058935,0.31487559258324216,F,municipal_raion
Нерюнгринский муниципальный район,2024-12-01,54028,1.5099529481158702,0.38759532094469534,0.031132005626712075,0.04586510698156512,0.13283852817057823,0.04034944843414526,0.36221958984230407,A,municipal_raion
Нефтегорский муниципальный район,2024-12-01,34156,0.12379079656268334,0.4168228129757583,0.04277432954678534,0.014316664714837803,0.22651949877034783,0.032849279775149315,0.2667174142171215,G,municipal_raion
Нефтекумский муниципальный округ,2024-12-01,29129,-0.35745612632035323,0.3713138109787497,0.050499502214288165,0.02087266984791788,0.21871674276494216,0.0547220982526005,0.2838751759415016,G,municipal_okrug
Нефтеюганский муниципальный район,2024-12-01,46210,1.037465642616595,0.3677342566544038,0.03321791819952391,0.03066435836399048,0.2064271802640121,0.040640553992642284,0.32131573252542744,F,municipal_raion
Нехаевский муниципальный район,2024-12-01,26160,-0.6824187075711461,0.3811162079510703,0.047591743119266054,0.005542813455657492,0.27702599388379207,0.057568807339449544,0.23115443425076454,G,municipal_raion
Нижневартовский муниципальный район,2024-12-01,35601,0.2490432096848932,0.3805791972135614,0.03103845397601191,0.037021431982247686,0.2105277941630853,0.03443723490913177,0.30639588775596194,F,municipal_raion
Нижнеилимский муниципальный район,2024-12-01,37372,0.395795729544948,0.4506047308145135,0.03623033286952799,0.017205394412929467,0.21069249705661994,0.042304399015305576,0.2429626458311035,G,municipal_raion
Нижнеингашский муниципальный район,2024-12-01,32014,-0.07198275427918722,0.4826638345723746,0.032641969138501904,0.007090647841569314,0.21490597863434746,0.040794652339601424,0.22190291747360524,G,municipal_raion
Нижнекамский муниципальный район,2024-12-01,35971,0.28029726373399894,0.37899974979844875,0.05251452559005866,0.06230018626115482,0.1525395457451836,0.06416279780934642,0.28948319479580775,D,municipal_raion
Нижнеколымский муниципальный район,2024-12-01,72705,2.4074549462329418,0.43754899938106045,0.01646379203631112,0.051908396946564885,0.02149783371157417,0.03397290420191183,0.4386080737225776,A,municipal_raion
Нижнеломовский муниципальный район,2024-12-01,27894,-0.48841313092637684,0.4419229941922994,0.04846920484692049,0.010790851079085107,0.24256112425611243,0.04140675414067541,0.21484907148490717,G,municipal_raion
Нижнеомский муниципальный район,2024-12-01,22199,-1.1787201144080504,0.4611018514347493,0.04004684895716023,0.008198567503040677,0.21266723726293976,0.04905626379566647,0.22892923104644347,G,municipal_raion
Нижнесергинский муниципальный район,2024-12-01,31894,-0.08333470374381245,0.46419389226813823,0.03928638615413557,0.01160092807424594,0.20414498024706842,0.04072866369850128,0.24004514955791056,G,municipal_raion
Нижнетавдинский муниципальный район,2024-12-01,30092,-0.2591381901721623,0.4615512428552439,0.02881164429084142,0.009637112853914661,0.23391599096105278,0.037983517213877445,0.22810049182506975,G,municipal_raion
Нижнеудинский муниципальный район,2024-12-01,33798,0.09194031977490424,0.450588792236227,0.03615598556127581,0.021184685484348185,0.18986330552103675,0.04793183028581573,0.2542754009112965,F,municipal_raion
Никифоровский муниципальный округ,2024-12-01,24435,-0.888621138392459,0.44694086351544915,0.06028238182934315,0.02115817474933497,0.21661551053816247,0.042275424595866584,0.21272764477184358,G,municipal_okrug
Никольский муниципальный округ,2024-12-01,30013,-0.2670844115307698,0.4596341585313031,0.03241928497651018,0.013294239163029353,0.17792290007663347,0.06120681038216773,0.2555226068703561,G,municipal_okrug
Никольский муниципальный район,2024-12-01,22865,-1.0893648730160428,0.4239667614257599,0.051344850207741086,0.012814345068882571,0.21609446752678765,0.04666520883446315,0.24911436693636568,G,municipal_raion
Новгородский муниципальный район,2024-12-01,44779,0.9423766007310133,0.3855601956274146,0.042988901047365954,0.039929431206592376,0.18776658701623528,0.05448982782107684,0.2892650572813149,D,municipal_raion
Новичихинский муниципальный район,2024-12-01,25584,-0.7497201456043511,0.5170028142589118,0.047803314571607254,0.00992808005003127,0.18499843652282677,0.042135709818636645,0.19813164477798617,G,municipal_raion
Новоалександровский муниципальный округ,2024-12-01,32945,0.014670326593085982,0.3938685688268326,0.049446046441038095,0.011564729093944452,0.21678555167703747,0.05327060251935043,0.27506450144179695,G,municipal_okrug
Новоаннинский муниципальный район,2024-12-01,30594,-0.2091267881503167,0.3995554683924953,0.04118454598940969,0.020265411518598418,0.2348172844348565,0.0601425116035824,0.24403477806105778,G,municipal_raion
Новобурасский муниципальный район,2024-12-01,23974,-0.9461958620477865,0.4409360140151831,0.04934512388420789,0.00479686326854092,0.2248686076582965,0.04976224242929841,0.2302911487444732,G,municipal_raion
Нововаршавский муниципальный район,2024-12-01,24924,-0.8287247501788876,0.4330765527202696,0.041486117798106244,0.017332691381800675,0.1876103354196758,0.03490611458834858,0.2855881880917991,G,municipal_raion
Новодеревеньковский муниципальный район,2024-12-01,27151,-0.5700227282016627,0.5280468491031638,0.045633678317557366,0.007955508084416781,0.2052594747891422,0.04854333173732091,0.16456115796839887,G,municipal_raion
Новодугинский муниципальный район,2024-12-01,29952,-0.27323442498646955,0.47172142094017094,0.03298611111111111,0.00844684829059829,0.24182024572649571,0.046941773504273504,0.1980836004273504,G,municipal_raion
Новониколаевский муниципальный район,2024-12-01,30148,-0.2535180505094625,0.42931537747114235,0.04663659280880987,0.010116757330502853,0.23198885498208838,0.048195568528592275,0.2337468488788642,G,municipal_raion
Новоорский муниципальный район,2024-12-01,23299,-1.0325263202003114,0.41194901068715395,0.03957251384179578,0.012189364350401305,0.24189879393965405,0.026868105927293016,0.2675222112537019,G,municipal_raion
Новоселицкий муниципальный округ,2024-12-01,27232,-0.5610180935288952,0.3591730317273796,0.04865599294947121,0.009694477085781434,0.2612735017626322,0.04535105757931845,0.27585193889541715,G,municipal_okrug
Новоселовский муниципальный район,2024-12-01,33093,0.02821948904005484,0.41582812075061193,0.034871422959538274,0.009307104221436558,0.21225032484211162,0.049829269029704165,0.27791375819659747,G,municipal_raion
Новосергиевский муниципальный район,2024-12-01,25598,-0.748066453270135,0.4435502773654192,0.0471521212594734,0.012969763262754903,0.19415579342136105,0.04551136807563091,0.2566606766153605,G,municipal_raion
Новосибирский муниципальный район,2024-12-01,47480,1.1194216897321259,0.3542754844144903,0.04901010951979781,0.051221566975568664,0.17487363100252737,0.06847093513058129,0.3021482729570345,D,municipal_raion
Новосильский муниципальный район,2024-12-01,24826,-0.840633809855321,0.4517441392088939,0.04245549021187465,0.011197937646016273,0.26085555466043664,0.040884556513332795,0.19286232175944573,G,municipal_raion
Новосокольнический муниципальный район,2024-12-01,25953,-0.7064330375378591,0.44414903864678457,0.03903209648210226,0.007475051053828074,0.21812507224598313,0.03136438947327862,0.25985435209802343,G,municipal_raion
Новоспасский муниципальный район,2024-12-01,26892,-0.5989966683684665,0.4407630522088353,0.045775695374088946,0.013944667559125391,0.2223709653428529,0.0404209430313848,0.23672467648371265,G,municipal_raion
Новоторъяльский муниципальный район,2024-12-01,22732,-1.1069992662941146,0.45112616575752246,0.02964983283477037,0.015704733415449586,0.17965863100475102,0.03827203941580151,0.28558859757170507,G,municipal_raion
Новоузенский муниципальный район,2024-12-01,25096,-0.8079359037798162,0.3847226649665285,0.04411061523748805,0.03626075868664329,0.23167038571883966,0.05674211029646159,0.2464934650940389,C,municipal_raion
Новошешминский муниципальный район,2024-12-01,24884,-0.833579925316261,0.4547500401864652,0.03765471789101431,0.014226008680276483,0.20888924610191287,0.06325349622247227,0.22122649091785895,G,municipal_raion
Нолинский муниципальный район,2024-12-01,23988,-0.9444311466200999,0.4705269301317325,0.040311822577955646,0.019551442387860597,0.17971485742871435,0.034934133733533435,0.2549608137402035,G,municipal_raion
Нукутский муниципальный район,2024-12-01,30858,-0.1831542438348081,0.44931622269751764,0.03386480005185041,0.013610733035193466,0.1678333009268261,0.05778080238511893,0.27759414090349344,G,municipal_raion
Нуримановский муниципальный район,2024-12-01,25879,-0.7150643724233398,0.4351018200085011,0.041114417094941846,0.021059546350322655,0.21534835194559296,0.03960740368638665,0.24776846091425486,G,municipal_raion
Нурлатский муниципальный район,2024-12-01,27926,-0.48494732601422436,0.42931318484566355,0.046909689894721766,0.03083148320561484,0.18036954809138436,0.056470672491584904,0.25610542147103055,G,municipal_raion
Нюксенский муниципальный округ,2024-12-01,29082,-0.3623374410627444,0.4507943057561378,0.03239116979574995,0.018808885221098963,0.18925796025032665,0.05536070421566605,0.25338697476102046,G,municipal_okrug
Нюрбинский муниципальный район,2024-12-01,42232,0.7653564144682987,0.39327997726842207,0.03445254783102861,0.03106648986550483,0.09353097177495738,0.05860484940329608,0.389065163856791,A,municipal_raion
Нязепетровский муниципальный район,2024-12-01,27513,-0.5299861059274241,0.46043688438192854,0.05233889434085705,0.009341038781666849,0.1902736888016574,0.03478355686402791,0.2528259368298623,G,municipal_raion
Няндомский муниципальный округ,2024-12-01,36488,0.3234342198102102,0.4598224073668055,0.031051304538478403,0.020088796316597237,0.19869546152159615,0.03886209164656874,0.251479938609954,G,municipal_okrug
Облученский муниципальный район,2024-12-01,46064,1.0278999198489296,0.4488320597429663,0.02935046891281695,0.02186088919763807,0.15732459187217784,0.04354810698159083,0.29908388329281,A,municipal_raion
Одесский муниципальный район,2024-12-01,23255,-1.038240313446593,0.3654697914427005,0.027735970758976564,0.005805203182111374,0.21672758546549128,0.04033541173941088,0.34392603741130945,G,municipal_raion
Одоевский муниципальный район,2024-12-01,32760,-0.00235197871294888,0.4277167277167277,0.03745421245421245,0.01507936507936508,0.2865384615384615,0.04398656898656899,0.18922466422466433,G,municipal_raion
Озинский муниципальный район,2024-12-01,26180,-0.6801085573703038,0.3927043544690603,0.03961038961038961,0.013292589763177999,0.2533231474407945,0.0512987012987013,0.24977081741787632,G,municipal_raion
Оймяконский муниципальный район,2024-12-01,68048,2.2073531224238923,0.4278303550434987,0.03199212320714789,0.042440630143428165,0.09491829296966847,0.03775276275570186,0.36506583588055497,A,municipal_raion
Оконешниковский муниципальный район,2024-12-01,26487,-0.6448675241681939,0.41125835315437764,0.03782987880847208,0.007248839053120399,0.20100426624381773,0.052554083135122893,0.2901045796050893,G,municipal_raion
Октябрьский муниципальный округ,2024-12-01,29132,-0.35714482050067836,0.48239049842098036,0.03786214472058218,0.01349031992310861,0.12179047095976933,0.03188933131951119,0.31257723465604836,F,municipal_okrug
Окуловский муниципальный район,2024-12-01,33803,0.09238747756786428,0.4485104872348608,0.037807295210484274,0.013194095198651007,0.22574919385853326,0.04310268319379937,0.23163624530367122,G,municipal_raion
Олекминский муниципальный район,2024-12-01,54725,1.5487002438692696,0.40568296025582457,0.029639104613978985,0.028688899040657835,0.1527089995431704,0.04467793513019644,0.33860210141617175,A,municipal_raion
Оленекский эвенкийский национальный муниципальный район,2024-12-01,52704,1.4349532466206718,0.44167425622343653,0.018708257437765635,0.02792956891317547,0.04208409228901032,0.05511915604128719,0.4144846690953249,A,municipal_raion
Оловяннинский муниципальный район,2024-12-01,35117,0.20766553391481685,0.47757496369279834,0.03553834325255574,0.01435202323660905,0.15889740011960019,0.0454765498191759,0.2681607198792608,G,municipal_raion
Олонецкий муниципальный район,2024-12-01,34280,0.13474501664094551,0.45770128354725786,0.03293465577596266,0.015198366394399067,0.21204784130688448,0.03550175029171528,0.24661610268378065,G,municipal_raion
Ольгинский муниципальный округ,2024-12-01,38900,0.5169281092936198,0.4831362467866324,0.038303341902313624,0.010848329048843188,0.16598971722365038,0.05812339331619537,0.243598971722365,F,municipal_okrug
Ольховский муниципальный район,2024-12-01,27568,-0.523949331658872,0.4026407428903076,0.04229541497388276,0.010410621009866512,0.2624782356355194,0.04153366221706326,0.2406413232733604,G,municipal_raion
Ольхонский муниципальный район,2024-12-01,26559,-0.6366616653368503,0.4555517903535525,0.035844723069392674,0.028389623103279492,0.1980496253624007,0.07609473248239768,0.20606950562897697,G,municipal_raion
Олюторский муниципальный район,2024-12-01,68491,2.22696830936589,0.5606430041903315,0.019710618913433883,0.023827948197573404,0.04329035931728256,0.015666291921566336,0.3368617774598124,A,municipal_raion
Омский муниципальный район,2024-12-01,30163,-0.252014428556746,0.3844113649172828,0.041938799191061894,0.04167357358352949,0.19092928422239167,0.060139906507973344,0.28090707157776085,F,municipal_raion
Омутинский муниципальный район,2024-12-01,30839,-0.18501604581022266,0.4426213560750997,0.04033853237783326,0.009338824216090016,0.22085670741593436,0.05298485683712183,0.2338597230779208,G,municipal_raion
Омутнинский муниципальный район,2024-12-01,28679,-0.4045188720598821,0.4763415739739879,0.03326475818543185,0.01778304682868998,0.18055022839011123,0.03846019735695108,0.2536001952648279,G,municipal_raion
Онгудайский муниципальный район,2024-12-01,29431,-0.3262777392593052,0.40093778668750635,0.034963134110291866,0.0197750671061126,0.19557609323502428,0.07661989059155312,0.27212802826951177,C,municipal_raion
Онежский муниципальный район,2024-12-01,36481,0.3228542524322929,0.4909679010992023,0.034977111373043504,0.02149063896274773,0.18146432389463008,0.033551711850004114,0.23754831282037225,G,municipal_raion
Ононский муниципальный округ,2024-12-01,30724,-0.19630938805373063,0.47539382892852494,0.037527665668532745,0.010773336805103503,0.1280106756932691,0.06714620492123421,0.28114828798333547,F,municipal_okrug
Орджоникидзевский муниципальный район,2024-12-01,27282,-0.5554730367758988,0.5083205043618503,0.03570119492705813,0.007147569826259072,0.20079173081152407,0.04860347481856169,0.19943552525474673,G,municipal_raion
Ордынский муниципальный район,2024-12-01,32910,0.011457233930871598,0.46514737161956854,0.04305682163476147,0.013886356730477058,0.18453357642054086,0.057824369492555455,0.2355515041020967,G,municipal_raion
Оричевский муниципальный район,2024-12-01,24584,-0.8702444573354862,0.49735600390497886,0.03282622844126261,0.011511552229092092,0.19785226163358283,0.033110966482264886,0.22734298730881874,G,municipal_raion
Орловский муниципальный район,2024-12-01,23045,-1.0656614341850343,0.5085267954003038,0.03237144716858321,0.010327619874159253,0.22221740073768714,0.0360598828379258,0.19049685398134086,G,municipal_raion
Оршанский муниципальный район,2024-12-01,21440,-1.2838811133743175,0.44556902985074626,0.026305970149253732,0.008348880597014925,0.19701492537313434,0.029757462686567163,0.2930037313432835,G,municipal_raion
Осинский муниципальный район,2024-12-01,27607,-0.5196760033808443,0.43257144927011265,0.04216321947332198,0.02311008077661463,0.168725323287572,0.05089288948455102,0.2825370377078277,G,municipal_raion
Островский муниципальный округ,2024-12-01,24792,-0.8447765114301133,0.48527750887383025,0.04783801226202001,0.009115843820587286,0.24503872216844144,0.04251371410132301,0.170216198773798,G,municipal_okrug
Островский муниципальный район,2024-12-01,33490,0.06426707727255744,0.42615706180949536,0.041176470588235294,0.026485518065094058,0.20140340400119439,0.04243057629143028,0.2623469692445506,F,municipal_raion
Охотский муниципальный округ,2024-12-01,55060,1.567148149482433,0.5629313476207773,0.04329822012350164,0.027406465673810387,0.06093352706138758,0.03804940065383218,0.26738103886669096,A,municipal_okrug
Павинский муниципальный округ,2024-12-01,27164,-0.5685757316508323,0.5540421145633927,0.0435871005742895,0.008319835075835665,0.1725445442497423,0.05595641289942571,0.16554999263731407,G,municipal_okrug
Павловский муниципальный округ,2024-12-01,40326,0.6257566037129009,0.36919109259534794,0.045553737043098744,0.02683132470366513,0.20678966423647274,0.05187720081337103,0.29975698060804445,F,municipal_okrug
Павлоградский муниципальный район,2024-12-01,25659,-0.7408716193203235,0.4558244670485989,0.03823219922834093,0.008729880353871936,0.18048248178027204,0.04150590436104291,0.2752250672278732,G,municipal_raion
Палехский муниципальный район,2024-12-01,28268,-0.44815261127522854,0.440073581434838,0.03661383896985991,0.005164850714588934,0.2521225413895571,0.02511673977642564,0.24090844771473052,G,municipal_raion
Палласовский муниципальный район,2024-12-01,27066,-0.5795009685587722,0.42488731249538164,0.04219315746693268,0.011453484075962462,0.22397103376930466,0.0428951452006207,0.2545998669917978,G,municipal_raion
Панкрушихинский муниципальный район,2024-12-01,24775,-0.8468499932085716,0.5099899091826438,0.037981836528758826,0.007588294651866802,0.20686175580222,0.04674066599394551,0.190837537840565,G,municipal_raion
Парабельский муниципальный район,2024-12-01,34676,0.1694643852327524,0.4637501441919483,0.03304879455531203,0.016841619563963548,0.22329565117083863,0.03907601799515515,0.22398777252278235,G,municipal_raion
Параньгинский муниципальный район,2024-12-01,20333,-1.4441309402337745,0.4330890670338858,0.03644322038066198,0.01131166084689913,0.21015098608173904,0.03875473368415876,0.27025033197265536,G,municipal_raion
Партизанский муниципальный округ,2024-12-01,39155,0.5366789195407555,0.43028987357936405,0.029676925041501725,0.018924786106499808,0.16368279913165623,0.04558804750351168,0.3118375686374665,F,municipal_okrug
Партизанский муниципальный район,2024-12-01,27485,-0.533064010078541,0.46221575404766235,0.038057122066581774,0.004657085683099873,0.19119519738038931,0.05748590140076405,0.24638893942150264,G,municipal_raion
Парфеньевский муниципальный округ,2024-12-01,27232,-0.5610180935288952,0.45171122209165687,0.036317567567567564,0.002937720329024677,0.2902467685076381,0.03525264394829612,0.18353407755581674,G,municipal_okrug
Парфинский муниципальный район,2024-12-01,29083,-0.3622335011885629,0.4435237080081147,0.03710071175600867,0.013513048860158855,0.2063748581645635,0.038785544819997936,0.26070212839115636,G,municipal_raion
Пачелмский муниципальный район,2024-12-01,23051,-1.0648745117428937,0.41837664309574424,0.055355516029673334,0.007591861524445794,0.29213483146067415,0.036050496724654026,0.19049065116480857,G,municipal_raion
Пензенский муниципальный район,2024-12-01,38996,0.5243788631301115,0.3751410401066776,0.0491332444353267,0.044825110267719764,0.17989024515334906,0.06708380346702227,0.2839265565699046,D,municipal_raion
Первомайский муниципальный округ,2024-12-01,25495,-0.7602541132241957,0.4196116885663856,0.047891743479113555,0.011217885859972543,0.263071190429496,0.05185330456952344,0.2063541870955089,G,municipal_okrug
Переволоцкий муниципальный район,2024-12-01,23995,-0.9435491750933146,0.45105230256303397,0.04092519274848927,0.016045009376953533,0.22342154615544904,0.038633048551781624,0.22992290060429255,G,municipal_raion
Перелюбский муниципальный район,2024-12-01,25035,-0.8152923421447924,0.42604353904533654,0.0438985420411424,0.004353904533652886,0.2334331935290593,0.03830637108048732,0.2539644497703216,G,municipal_raion
Пестравский муниципальный район,2024-12-01,29376,-0.33193202446218256,0.44611247276688454,0.044730392156862746,0.0073188997821350766,0.2222222222222222,0.038705065359477125,0.24091094771241828,G,municipal_raion
Пестречинский муниципальный район,2024-12-01,31624,-0.10903354159425643,0.35662787756134584,0.03535289653427776,0.04319504174045029,0.2220781684796357,0.06589931697444978,0.2768466987098406,F,municipal_raion
Пестяковский муниципальный район,2024-12-01,23362,-1.0243636793082538,0.4879719202123106,0.017549867305881345,0.0022686413834431983,0.24291584624604057,0.029492337984761578,0.21980138686756268,G,municipal_raion
Петровск-Забайкальский муниципальный район,2024-12-01,31965,-0.07661298504564829,0.4129516658845612,0.038417018614109184,0.021085562333802595,0.18995776630689817,0.0634443923040826,0.27414359455654624,F,municipal_raion
Петровский муниципальный район,2024-12-01,25779,-0.7267676329698597,0.4389231545056053,0.0449978664804686,0.021335195314015284,0.20861941890686217,0.039528298227239224,0.24659606656580935,G,municipal_raion
Петропавловский муниципальный район,2024-12-01,25415,-0.7697542786259596,0.3970096399763919,0.04819988195947275,0.00975801691914224,0.2150304938028723,0.04894747196537478,0.2810544953767461,G,municipal_raion
Петуховский муниципальный округ,2024-12-01,25013,-0.8179498827009909,0.49022508295686246,0.04741534402110902,0.005277255826969976,0.2173269899652181,0.0579298764642386,0.18182545076560186,G,municipal_okrug
Петушинский муниципальный район,2024-12-01,44521,0.92490979963916,0.39956425057837874,0.04139619505401945,0.036140248422092944,0.20608252285438333,0.04721367444576716,0.2696031086453583,F,municipal_raion
Печенгский муниципальный округ,2024-12-01,59790,1.8162745663261957,0.37006188325806993,0.031041980264258237,0.03716340525171433,0.22659307576517812,0.04341863187824051,0.2917210235825388,A,municipal_okrug
Пий-Хемский муниципальный район,2024-12-01,32497,-0.026717455523754475,0.4328091823860664,0.03624949995384189,0.023171369664892146,0.20001846324276087,0.06271348124442257,0.24503800350801608,F,municipal_raion
Пильнинский муниципальный округ,2024-12-01,28522,-0.4211124882585337,0.4561741813337073,0.04308954491269897,0.009291073557254049,0.20741883458383004,0.04273893836336863,0.2412874272491411,G,municipal_okrug
Пировский муниципальный округ,2024-12-01,29787,-0.289932677310308,0.49686104676536746,0.03632457112163024,0.002987880619062007,0.21388525195555108,0.047537516366200024,0.20240373317218918,G,municipal_okrug
Пителинский муниципальный район,2024-12-01,29774,-0.29125222562893494,0.4779337677167999,0.04184859273191375,0.010042318801639014,0.2040370793309599,0.03630684489823336,0.22983139652045415,G,municipal_raion
Питерский муниципальный район,2024-12-01,25391,-0.7726101601664286,0.44771769524634714,0.04785160096097042,0.008349415147099366,0.2464258989405695,0.038832657240754596,0.21082273246425898,G,municipal_raion
Питкярантский муниципальный округ,2024-12-01,38856,0.5135070332252456,0.430615606341363,0.03518118179946469,0.0274603664813671,0.21595120444718963,0.030780317068149064,0.2600113238624665,G,municipal_okrug
Пичаевский муниципальный округ,2024-12-01,24327,-0.9020113325609598,0.43022156451679205,0.05812471739219797,0.004973897315739713,0.2151518888477823,0.05631602745920171,0.23521190446828621,G,municipal_okrug
Плавский муниципальный район,2024-12-01,35408,0.2326112673955083,0.42707862629914145,0.03572638951649345,0.01587211929507456,0.2363872571170357,0.038042250338906465,0.2468933574333484,G,municipal_raion
Пластовский муниципальный район,2024-12-01,32642,-0.013259733556571385,0.43091722320936215,0.04347160100484039,0.018442497395992893,0.19732246798603026,0.04040806323141964,0.2694381471723546,G,municipal_raion
Плесецкий муниципальный округ,2024-12-01,36967,0.36285854110616245,0.4676873968674764,0.03275894716909676,0.021884383368950686,0.1872480861308735,0.04052262829009657,0.24989855817350604,G,municipal_okrug
Плюсский муниципальный район,2024-12-01,27846,-0.49361930037806184,0.5151906916612798,0.042591395532572005,0.011527687998276234,0.19959778783308196,0.03803059685412626,0.19306184012066374,G,municipal_raion
Пограничный муниципальный округ,2024-12-01,32266,-0.04828152798847807,0.47694167234860224,0.04106489803508337,0.02126076985061675,0.12297774747412137,0.04428810512613897,0.29346680716543727,F,municipal_okrug
Поддорский муниципальный район,2024-12-01,28966,-0.37441878436752907,0.43430228543809984,0.03407443209279845,0.004626113374300905,0.2787060691845612,0.0428778567976248,0.20541324311261488,G,municipal_raion
Подосиновский муниципальный район,2024-12-01,24142,-0.9250869694829588,0.5196338331538398,0.031604672355231546,0.010769613122359373,0.1782785187639798,0.03719658686107199,0.22251677574351747,G,municipal_raion
Подпорожский муниципальный район,2024-12-01,39213,0.5411533032859137,0.42276795960523295,0.03962971463545253,0.02450717874174381,0.21564277152984979,0.04246040853798485,0.25499196694973614,F,municipal_raion
Пожарский муниципальный округ,2024-12-01,41574,0.7178881203596461,0.43274642805599656,0.03848559195651128,0.018328763169288498,0.14576417953528648,0.03194304132390436,0.3327319959590128,F,municipal_okrug
Покровский муниципальный район,2024-12-01,25682,-0.738163252648982,0.4905381200841056,0.04684214625029203,0.012537964332995873,0.2286036913013005,0.0483996573475586,0.17307842068374735,G,municipal_raion
Половинский муниципальный округ,2024-12-01,21184,-1.3201918369550665,0.4880098187311178,0.03483761329305136,0.003870845921450151,0.2433440332326284,0.03795317220543807,0.19198451661631422,G,municipal_okrug
Полтавский муниципальный район,2024-12-01,27339,-0.5491640548160508,0.48315593108745747,0.03752880500384067,0.008522623358572004,0.1686601558213541,0.05124547349939647,0.2508870112293793,G,municipal_raion
Поназыревский муниципальный округ,2024-12-01,28245,-0.45061311154328126,0.5107806691449814,0.03590015932023367,0.013949371570189413,0.20099132589838908,0.034590192954505224,0.2037882811117011,G,municipal_okrug
Пономарёвский муниципальный район,2024-12-01,24161,-0.9227089060341037,0.4246099085302761,0.04432763544555275,0.014403377343652995,0.23645544472497,0.04246512975456314,0.23773850420098508,G,municipal_raion
Порецкий муниципальный округ,2024-12-01,23087,-1.0601572742315706,0.49755273530558325,0.047515918049118554,0.011651578810586044,0.2097284185905488,0.040369038853034174,0.1931823103911291,G,municipal_okrug
Порховский муниципальный район,2024-12-01,29674,-0.30142190077972064,0.47202938599447325,0.03831637123407697,0.016344274449012604,0.18989687942306396,0.03939475635236234,0.24401833254701077,G,municipal_raion
Поспелихинский муниципальный район,2024-12-01,26327,-0.6631829141084066,0.4754814449044707,0.045846469404033884,0.0187260227143237,0.18057507501804232,0.0538230713715957,0.22554791658753381,G,municipal_raion
Похвистневский муниципальный район,2024-12-01,26231,-0.6742256530340783,0.45366169799092676,0.036788532652205407,0.007777057679844459,0.24021196294460753,0.03286188098051923,0.22869886775189663,G,municipal_raion
Починковский муниципальный округ,2024-12-01,31815,-0.0908314091468519,0.4522395096652522,0.047587615904447586,0.015432971868615433,0.16693383624076694,0.047273298758447276,0.27053276756247047,G,municipal_okrug
Починковский муниципальный район,2024-12-01,30964,-0.1727883403891644,0.46214959307583,0.0412414416742023,0.014565301640614908,0.23207595917840074,0.03720449554321147,0.21276320888774058,G,municipal_raion
Пошехонский муниципальный район,2024-12-01,27306,-0.5528150182351707,0.45616348055372447,0.04032080861349154,0.012231743939061013,0.19805171024683219,0.03944188090529554,0.25379037574159524,G,municipal_raion
Правобережный муниципальный район,2024-12-01,28993,-0.37160243303461216,0.2812402993826096,0.05897975373365985,0.039837202083261476,0.24761149242920705,0.07625978684510054,0.2960714655261616,C,municipal_raion
Предгорный муниципальный округ,2024-12-01,35611,0.24989217654737295,0.3183566875403667,0.05136053466625481,0.03897672067619556,0.2180786835528348,0.07261801128864677,0.30060936227570134,F,municipal_okrug
Приаргунский муниципальный округ,2024-12-01,34758,0.1766041809890709,0.4953392024857587,0.04050865987686288,0.013464526152252718,0.13438632832729155,0.054059497094194144,0.26224178606364,F,municipal_okrug
Прилузский муниципальный район,2024-12-01,27422,-0.5400007744686676,0.49974473050835094,0.0369046750784042,0.011523594194442419,0.18631026183356428,0.04667784990153891,0.21883888848369937,G,municipal_raion
Приморский муниципальный округ,2024-12-01,43083,0.8256626873294388,0.36694287770118145,0.02936192929925957,0.03955156326161131,0.19446185270292227,0.05380312420212149,0.31587865283290384,D,municipal_okrug
Приозерский муниципальный район,2024-12-01,46594,1.0624812427757624,0.3773876464780873,0.041550414216422714,0.03455380521097137,0.237584238313946,0.05095076619307207,0.2579731295875005,F,municipal_raion
Прионежский муниципальный район,2024-12-01,42350,0.7737906991981596,0.4011097992916175,0.031995277449822904,0.03532467532467533,0.21981109799291618,0.055324675324675325,0.25643447461629276,F,municipal_raion
Притобольный муниципальный округ,2024-12-01,21658,-1.2533004431156547,0.5170837565795549,0.05055868501246653,0.005956228645304275,0.1910610398005356,0.0356450272416659,0.1996952627204729,G,municipal_okrug
Прокопьевский муниципальный округ,2024-12-01,34633,0.1657135948166121,0.42546126526723066,0.041925331331389135,0.030577772644587532,0.19152253630930038,0.05006785435855975,0.26044524008893255,F,municipal_okrug
Промышленновский муниципальный округ,2024-12-01,33851,0.09667683018850794,0.4548462379250244,0.040825972644825854,0.019054089982570677,0.1721662580130572,0.060175474875188324,0.2529319665593336,F,municipal_okrug
Пронский муниципальный район,2024-12-01,28570,-0.4160296065609243,0.45474273713685687,0.05071753587679384,0.020336016800840042,0.2554077703885194,0.0311865593279664,0.18760938046902342,G,municipal_raion
Пряжинский муниципальный район,2024-12-01,31326,-0.1376534139851668,0.45425525122901106,0.02821937049096597,0.01573772585073102,0.25183553597650515,0.022345655366149523,0.2276064610866373,G,municipal_raion
Псковский муниципальный район,2024-12-01,52497,1.4230574109268697,0.35228679734080043,0.044859706268929656,0.050936243975846236,0.18353429719793513,0.061584471493609155,0.30679848372287943,E,municipal_raion
Пугачевский муниципальный район,2024-12-01,29017,-0.3691012105724352,0.4371230657890202,0.04783402832822139,0.013957335355136644,0.20574146190164386,0.05031533239135679,0.24502877623462116,G,municipal_raion
Пудожский муниципальный район,2024-12-01,35649,0.2531160778590179,0.4365620354007125,0.03281999495077001,0.011585177704844456,0.20679401946758674,0.04204886532581559,0.2701899071502707,G,municipal_raion
Пустошкинский муниципальный район,2024-12-01,27898,-0.48797968793872826,0.46659258728224245,0.045522976557459315,0.009463043945802567,0.2236002580830167,0.047386909455874975,0.20743422467560402,G,municipal_raion
Путятинский муниципальный округ,2024-12-01,26422,-0.6522947724338385,0.4748694269926576,0.04098857013095148,0.010218757096359095,0.22647793505412156,0.03693891454091287,0.21050639618499734,G,municipal_okrug
Пучежский муниципальный район,2024-12-01,24723,-0.8532012514469578,0.4774905958014804,0.03749544958136149,0.005420054200542005,0.2394935889657404,0.027545200825142578,0.21255511062573318,G,municipal_raion
Пушкиногорский муниципальный район,2024-12-01,30257,-0.24260872249991877,0.4594969759064018,0.0418746075288363,0.012096374392702515,0.23363188683610403,0.044320322569983805,0.20857983276597158,G,municipal_raion
Пыщугский муниципальный округ,2024-12-01,25546,-0.7542133047670669,0.5358177405464652,0.04689579581930635,0.01542315822437955,0.22116965474046818,0.046739215532764423,0.1339544351366162,G,municipal_okrug
Радищевский муниципальный район,2024-12-01,25857,-0.7176352049037533,0.4362455041188073,0.04524886877828054,0.004640909618285184,0.2285647987005453,0.046641141663766095,0.23865877712031558,G,municipal_raion
Ребрихинский муниципальный район,2024-12-01,21533,-1.2707973743652348,0.5031347234477314,0.04583662285793898,0.009195188780012074,0.1802349881577114,0.039381414572981006,0.22221706218362514,G,municipal_raion
Ржаксинский муниципальный округ,2024-12-01,25859,-0.7174014024911786,0.4060095131288913,0.04311845005607332,0.013302911945550873,0.24250744421671372,0.05518388182064272,0.23987779883212812,G,municipal_okrug
Ровенский муниципальный район,2024-12-01,22400,-1.1514731706085466,0.4263839285714286,0.04607142857142857,0.0190625,0.23651785714285714,0.04959821428571429,0.22236607142857145,G,municipal_raion
Родинский муниципальный район,2024-12-01,24002,-0.9426674608243061,0.5311224064661278,0.0470377468544288,0.005291225731189068,0.16315307057745188,0.044329639196733606,0.2090659111740687,G,municipal_raion
Родниковский муниципальный район,2024-12-01,29291,-0.3406913217842286,0.4591171349561299,0.03711037520057355,0.017787033559796526,0.21156669284080434,0.024341948038646682,0.25007681540404914,G,municipal_raion
Ромненский муниципальный округ,2024-12-01,30951,-0.1740577196561034,0.49384511001260056,0.04591127911860683,0.012406707376175245,0.14400180931149237,0.047979063681302704,0.2558560304998223,G,municipal_okrug
Ромодановский муниципальный район,2024-12-01,21599,-1.2615463761505439,0.4789573591369971,0.047178110097689706,0.01231538497152646,0.21306541969535628,0.041575998888837444,0.20690772720959294,G,municipal_raion
Рославльский муниципальный район,2024-12-01,34165,0.12458719833295287,0.42842089858041854,0.03995316844724133,0.025757354017269134,0.19455583199180448,0.04820722962095712,0.26310551734230936,F,municipal_raion
Ростовский муниципальный район,2024-12-01,35161,0.211450633051625,0.43738801513040015,0.0403856545604505,0.023918546116435825,0.20653565029436022,0.04482238844173943,0.24694974545661375,F,municipal_raion
Ртищевский муниципальный район,2024-12-01,27423,-0.5398905426739361,0.4427670203843489,0.04576450424825876,0.01597199431134449,0.2073806658644204,0.04488932647777413,0.24322648871385344,G,municipal_raion
Рузаевский муниципальный район,2024-12-01,33296,0.0467055841691115,0.40881787602114367,0.042858000961076406,0.024927919269581933,0.17797933685728015,0.04493032196059587,0.300486544930322,F,municipal_raion
Русско-Полянский муниципальный район,2024-12-01,26559,-0.6366616653368503,0.4722692872472608,0.029895703904514476,0.0053842388644150755,0.20286908392635264,0.04043826951315938,0.2491434165442976,G,municipal_raion
Рыбновский муниципальный район,2024-12-01,35198,0.21462989289798548,0.41192681402352405,0.043525200295471335,0.04079777260071595,0.22762656969145975,0.036848684584351386,0.23927495880447747,F,municipal_raion
Ряжский муниципальный округ,2024-12-01,32940,0.014211522404503726,0.445264116575592,0.04028536733454766,0.012689738919247117,0.24037644201578628,0.039010321797207044,0.22237401335761975,G,municipal_okrug
Рязанский муниципальный район,2024-12-01,41185,0.6894709072238963,0.39031200679859174,0.04535631904819716,0.03246327546436809,0.20427340050989437,0.05827364331674153,0.2693213548622071,F,municipal_raion
Сабинский муниципальный район,2024-12-01,22859,-1.0901581976791563,0.4337022616912376,0.04672120390218295,0.02467299531913032,0.19165317817927294,0.06386981057789054,0.2393805503302856,G,municipal_raion
Савинский муниципальный район,2024-12-01,26019,-0.6987555581631207,0.45470617625581305,0.035320342826396095,0.008301625735039779,0.24574349513816826,0.012106537530266344,0.2438218225143164,G,municipal_raion
Сакмарский муниципальный район,2024-12-01,21666,-1.2521840802959578,0.43141327425459247,0.040385858026400816,0.024508446413735806,0.21162189605834025,0.031247115295855256,0.26082340995107545,G,municipal_raion
Салаватский муниципальный район,2024-12-01,26184,-0.6796467391140159,0.4290788267644363,0.04476015887564925,0.025970058050717997,0.17354109379773908,0.057019553926061714,0.2696303085853956,G,municipal_raion
Самойловский муниципальный район,2024-12-01,26182,-0.6798776394227753,0.42563593308379805,0.05576350164234971,0.007524253303796502,0.2586509815904056,0.04820105415934611,0.20422427622030392,G,municipal_raion
Сампурский муниципальный округ,2024-12-01,25949,-0.7068989666190744,0.489151797757139,0.04346988323249451,0.006936683494546996,0.21623183937723997,0.038228833481059,0.20598096265752042,G,municipal_okrug
Сапожковский муниципальный район,2024-12-01,29886,-0.2799026609799484,0.4579067121729238,0.04955497557384728,0.0041490999130027436,0.2670146556916282,0.044134377300408215,0.1772401793481898,G,municipal_raion
Сараевский муниципальный район,2024-12-01,27786,-0.5001396467169907,0.47959404016411145,0.04099186640754337,0.0061181890160512484,0.2500179946735766,0.04383502483264953,0.17944288490606786,G,municipal_raion
Саракташский муниципальный район,2024-12-01,24165,-0.9222084993962564,0.41824953445065177,0.04312021518725429,0.020525553486447343,0.1888681978067453,0.0436168011587006,0.2856196979102007,G,municipal_raion
Саргатский муниципальный район,2024-12-01,26007,-0.7001500139095314,0.48298535009805055,0.03902795401238128,0.017264582612373593,0.18925673857038489,0.04494943669012189,0.2265159380166878,G,municipal_raion
Сармановский муниципальный район,2024-12-01,22402,-1.151203286996859,0.39808945629854475,0.047718953664851356,0.024953129184894205,0.17252923846085172,0.04454959378626908,0.3121596286045888,G,municipal_raion
Сарпинский муниципальный район,2024-12-01,23808,-0.9671992536866374,0.45173891129032256,0.03746639784946237,0.015667002688172043,0.25025201612903225,0.06577620967741936,0.17909946236559138,G,municipal_raion
Саткинский муниципальный район,2024-12-01,35830,0.26842501198343266,0.4259279933017025,0.04214345520513536,0.02732347195087915,0.18222160200948925,0.046274072006698294,0.2761094055260954,F,municipal_raion
Сафакулевский муниципальный округ,2024-12-01,24412,-0.8914677871988826,0.41491889234802554,0.043994756677044076,0.013313124692774046,0.1974438800589874,0.049811568081271504,0.2805177781418974,G,municipal_okrug
Сафоновский муниципальный район,2024-12-01,32496,-0.02681047573795999,0.41654357459379615,0.041297390448055145,0.025572378138847857,0.2027634170359429,0.03738921713441654,0.27643402264894135,F,municipal_raion
Саянский муниципальный район,2024-12-01,27437,-0.5383477194734939,0.48777198673324346,0.03692094616758392,0.007070743885993366,0.22637314575208659,0.04606917665925575,0.19579400080183684,G,municipal_raion
Свердловский муниципальный район,2024-12-01,23596,-0.9942368255058368,0.4479996609594847,0.04284624512629259,0.017248686218003052,0.24525343278521783,0.02458043736226479,0.2220715375487371,G,municipal_raion
Светлинский муниципальный район,2024-12-01,27673,-0.5124579510443608,0.4286127272070249,0.04329129476384924,0.013551114805044628,0.21504715787952156,0.024681097098254615,0.27481660824630505,G,municipal_raion
Светлоярский муниципальный район,2024-12-01,31330,-0.13726745492046058,0.36747526332588576,0.04232365145228216,0.026268751994893074,0.23032237472071496,0.05857006064474944,0.27503989786147454,F,municipal_raion
Свободненский муниципальный район,2024-12-01,33187,0.03679360917376539,0.4381534938379486,0.035043842468436434,0.06047548738964052,0.12284930846415765,0.036851779311176065,0.3066260885286407,F,municipal_raion
Себежский муниципальный район,2024-12-01,32050,-0.06858546589511373,0.4278627145085803,0.031887675507020284,0.011357254290171606,0.27962558502340096,0.05666146645865835,0.1926053042121686,G,municipal_raion
Северо-Енисейский муниципальный район,2024-12-01,49125,1.2223778168369934,0.3102290076335878,0.03564376590330789,0.031368956743002545,0.2229618320610687,0.0392264631043257,0.3605699745547074,A,municipal_raion
Сегежский муниципальный округ,2024-12-01,39529,0.565415319679226,0.4281919603329201,0.031521161678767486,0.018872220395152926,0.21381770345822054,0.03136937438336411,0.27622757975157486,G,municipal_okrug
Седельниковский муниципальный район,2024-12-01,25122,-0.8048058060785925,0.4989252448053499,0.04219409282700422,0.0076427036064007645,0.1847782819839185,0.05091155162805509,0.21554812514927157,G,municipal_raion
Селемджинский муниципальный район,2024-12-01,42645,0.7947740238880521,0.3938093563137531,0.037331457380701136,0.03085942079962481,0.14369797162621645,0.025559854613671006,0.3687419392660335,A,municipal_raion
Селивановский муниципальный район,2024-12-01,26807,-0.6085663394164026,0.465773865035252,0.03506546797478271,0.009624351848397807,0.23083522960420785,0.024060879620994517,0.23464020591636503,G,municipal_raion
Сенгилеевский муниципальный район,2024-12-01,23342,-1.0269526066596182,0.4632850655470825,0.03962813812012681,0.011909862051238111,0.24269557021677662,0.03607231599691543,0.20640904806786065,G,municipal_raion
Серафимовичский муниципальный район,2024-12-01,27478,-0.5338339760501618,0.4363490792634107,0.04458111944100735,0.01335613945702016,0.23178542834267413,0.053897663585413785,0.22003056991047387,G,municipal_raion
Сергачский муниципальный округ,2024-12-01,31839,-0.08855196223655151,0.4493859731775495,0.0481170891045573,0.011966456232921889,0.18505606331857155,0.050661138854863536,0.2548132793115362,G,municipal_okrug
Сергиевский муниципальный район,2024-12-01,30807,-0.18815430662811675,0.436329405654559,0.044795014120167495,0.017203882234557082,0.20573246340117507,0.044795014120167495,0.2511442204693738,G,municipal_raion
Сердобский муниципальный район,2024-12-01,27670,-0.5127856706902365,0.4228044813877846,0.05113841705818576,0.014419949403686303,0.1976147452114203,0.03783881460065052,0.2761835923382725,G,municipal_raion
Сернурский муниципальный район,2024-12-01,24240,-0.9128411804942569,0.45,0.03382838283828383,0.026237623762376237,0.19422442244224422,0.04191419141914191,0.25379537953795384,G,municipal_raion
Серышевский муниципальный округ,2024-12-01,35426,0.23414756257023922,0.4628521424942133,0.034494439112516234,0.014847851860215661,0.12321458815559194,0.04076102297747417,0.3238299553999887,F,municipal_okrug
Сеченовский муниципальный округ,2024-12-01,28559,-0.41719367894827203,0.45127630519275885,0.05073707062572219,0.004937147659231766,0.21684932945831437,0.04825098918029343,0.2279491578836793,G,municipal_okrug
Сковородинский муниципальный округ,2024-12-01,36531,0.3269944374199999,0.43406969423229586,0.03419013988119679,0.017355123046179956,0.1647094248720265,0.036845418959240095,0.31283019900906084,F,municipal_okrug
Сладковский муниципальный район,2024-12-01,26085,-0.6910975288951481,0.4991757715161971,0.04351159670308607,0.007590569292696952,0.20831895725512747,0.049530381445275065,0.19187272378761733,G,municipal_raion
Сланцевский муниципальный район,2024-12-01,43888,0.8816226915726626,0.4248541742617572,0.032833576376230404,0.030668975574188843,0.2111511119212541,0.03308421436383522,0.2674079475027342,F,municipal_raion
Слободо-Туринский муниципальный район,2024-12-01,30812,-0.18766373855701582,0.43697260807477606,0.038264312605478384,0.01723354537193301,0.217382837855381,0.04378164351551344,0.2463650525769181,G,municipal_raion
Слободской муниципальный район,2024-12-01,25670,-0.7395760107635052,0.45625243474873395,0.04086482275029217,0.01901051811453058,0.17748344370860927,0.039890923256719904,0.2664978574211141,G,municipal_raion
Слюдянский муниципальный район,2024-12-01,33459,0.06146769924426369,0.4197375892883828,0.03867419827251263,0.027735437400998236,0.1881407095250904,0.043665381511700886,0.28204668400131505,F,municipal_raion
Смидовичский муниципальный район,2024-12-01,41159,0.6875619978007568,0.45892757355620883,0.03654121820258024,0.027357321606453024,0.16120411088704778,0.045069122184698364,0.27090065356301174,F,municipal_raion
Собинский муниципальный район,2024-12-01,34074,0.11652501044587416,0.4437400950871632,0.035246815753947294,0.017726125491577156,0.20543522920702,0.03571638199213477,0.26213535246815756,G,municipal_raion
Соболевский муниципальный район,2024-12-01,60444,1.8491596275735545,0.4524022235457614,0.027215273641717955,0.03985507246376811,0.06759976176295414,0.05489378598372047,0.3580338826020779,A,municipal_raion
Советский муниципальный округ,2024-12-01,30624,-0.20616409910527114,0.35436259143155696,0.05097309299895507,0.01867816091954023,0.24951018808777428,0.0520180250783699,0.27445794148380354,G,municipal_okrug
Советско-Гаванский муниципальный район,2024-12-01,47005,1.0890283573106432,0.4242527390703117,0.02944367620465908,0.02208275715349431,0.1661950856291884,0.04080416976917349,0.31722157217317304,A,municipal_raion
Сокольский муниципальный округ,2024-12-01,35467,0.23764398960352764,0.43175346096371275,0.03975526545803141,0.021146417796825218,0.1756562438322948,0.044435672597062055,0.28725293935207374,F,municipal_okrug
Солигаличский муниципальный округ,2024-12-01,25921,-0.710162482607512,0.50788935612052,0.03765286833069712,0.011380733767987346,0.26357007831487983,0.04478993865977393,0.13471702480614178,G,municipal_okrug
Солнечный муниципальный район,2024-12-01,36064,0.2881024549750262,0.4525842945874002,0.029336734693877552,0.015888420585625555,0.12161712511091394,0.020879547471162378,0.35969387755102045,A,municipal_raion
Солонешенский муниципальный район,2024-12-01,26428,-0.6516084152560901,0.4359391554411987,0.04593612834872105,0.010481307703950355,0.2020205842288482,0.05429847131829878,0.2513243529589829,G,municipal_raion
Солтонский муниципальный район,2024-12-01,21935,-1.2148843871052797,0.4966947800319125,0.04048324595395487,0.004285388648279006,0.2136767722817415,0.04431274219284249,0.20054707089126955,G,municipal_raion
Сорокинский муниципальный район,2024-12-01,29742,-0.294502800728839,0.45881245376908075,0.02894896106516038,0.011162665590747092,0.18297357272543877,0.060184251227220764,0.25791809562235235,G,municipal_raion
Сортавальский муниципальный район,2024-12-01,48791,1.2017554548052132,0.3766678280830481,0.03611321760160685,0.02961611772662991,0.21702773052407207,0.04582812403926954,0.2947469820253735,F,municipal_raion
Сосновоборский муниципальный район,2024-12-01,27535,-0.5275699493318856,0.3910295986925731,0.050481205738151444,0.025458507354276374,0.21735972398765208,0.05585618303976757,0.2598147811875794,G,municipal_raion
Сосновский муниципальный район,2024-12-01,43939,0.8851333299470273,0.3439086005598671,0.04674662600423314,0.04813491431302488,0.17597123284553587,0.06786681535765493,0.31737181091968414,D,municipal_raion
Спас-Деменский муниципальный район,2024-12-01,29884,-0.2801049585467387,0.49253781287645565,0.043066523892383884,0.01790255655200107,0.22781421496452953,0.05039486012581983,0.16828403158881,G,municipal_raion
Спасский муниципальный округ,2024-12-01,26019,-0.6987555581631207,0.4469041854029748,0.053729966562896345,0.01087666705100119,0.23794150428532995,0.043237634036665515,0.20731004266113218,G,municipal_okrug
Среднеахтубинский муниципальный район,2024-12-01,35345,0.22722807720025678,0.377026453529495,0.04515490168340642,0.03726128165228462,0.20707313622860377,0.05777337671523554,0.27571085019097463,F,municipal_raion
Среднеколымский муниципальный район,2024-12-01,52365,1.4154471430638713,0.5493936789840542,0.021388331901078965,0.02629619020338012,0.022171297622457748,0.05261147713167192,0.3281390241573571,A,municipal_raion
Сретенский муниципальный район,2024-12-01,32885,0.00916007492475311,0.5052151436825301,0.03688611829101414,0.009730880340580813,0.14900410521514368,0.05732096700623385,0.24184278546449756,F,municipal_raion
Ставропольский муниципальный район,2024-12-01,41150,0.6869009405014461,0.3712029161603888,0.036038882138517615,0.03778857837181045,0.20055893074119077,0.06206561360874848,0.2923450789793438,D,municipal_raion
Становлянский муниципальный район,2024-12-01,25371,-0.7749921242711437,0.42268732016869653,0.03598596823144535,0.01087856213787395,0.25221709826179495,0.03913917464822041,0.23909187655196884,G,municipal_raion
Старожиловский муниципальный район,2024-12-01,26722,-0.6181664023418036,0.4435296759224609,0.02907716488286805,0.007559314422573161,0.30151186288451465,0.03177157398398323,0.1865504079036,G,municipal_raion
Старокулаткинский муниципальный район,2024-12-01,19340,-1.5954831766398643,0.5177869700103412,0.0671147880041365,0.008996897621509825,0.178076525336091,0.04038262668045502,0.18764219234746649,G,municipal_raion
Старомайнский муниципальный район,2024-12-01,21893,-1.2206778961529956,0.4389987667290915,0.03759192435938428,0.013246243091399077,0.2425889553738638,0.034851322340474125,0.23272278810578717,G,municipal_raion
Старополтавский муниципальный район,2024-12-01,26403,-0.6544692655298926,0.3746922698178237,0.043896526909820856,0.01158959209180775,0.25962958754686966,0.05313790099609893,0.257054122637579,G,municipal_raion
Старорусский муниципальный район,2024-12-01,33610,0.07507900435444856,0.41648318952692653,0.048795001487652485,0.027640583159773878,0.1928592680749777,0.038411187146682534,0.27581077060398684,F,municipal_raion
Старошайговский муниципальный район,2024-12-01,18960,-1.6554682221959833,0.45559071729957806,0.04672995780590717,0.005485232067510549,0.24620253164556963,0.04156118143459916,0.20443037974683542,G,municipal_raion
Староюрьевский муниципальный округ,2024-12-01,25464,-0.7639318849493278,0.4591187558906692,0.06287307571473452,0.009110901665095822,0.22306000628338046,0.04492617027961043,0.20091109016650943,G,municipal_okrug
Степновский муниципальный округ,2024-12-01,25672,-0.7393405052208879,0.3606653162979121,0.04183546276098473,0.009426612651916485,0.27376129635400437,0.04499065129323777,0.2693206606419446,G,municipal_okrug
Стерлибашевский муниципальный район,2024-12-01,19859,-1.5154331154083904,0.36930359031169746,0.056548668110176746,0.010775970592678383,0.18022055491213052,0.05574298806586434,0.3274082280074526,G,municipal_raion
Стерлитамакский муниципальный район,2024-12-01,37509,0.4068567026248247,0.35868724839371885,0.04793516222773201,0.04788184169132741,0.1431123197099363,0.07088965314991069,0.33149377482737474,D,municipal_raion
Суворовский муниципальный район,2024-12-01,32529,-0.023742319045728603,0.43481201389529345,0.04076362630268376,0.011190015063481816,0.22613667804113252,0.04122475329705801,0.24587291340035045,G,municipal_raion
Судиславский муниципальный район,2024-12-01,25246,-0.7899220763409609,0.48728511447357997,0.037035569991285745,0.01132852729145211,0.2516834349996039,0.03160896775726848,0.18105838548680986,G,municipal_raion
Судогодский муниципальный район,2024-12-01,30538,-0.21466492219558958,0.4487523740912961,0.04276638941646473,0.012378020826511233,0.2213962931429694,0.039557272905887744,0.2351496496168709,G,municipal_raion
Суздальский муниципальный район,2024-12-01,39451,0.5594446707775249,0.40125725583635397,0.04134242478010697,0.027274340320904412,0.21517832247598287,0.051557628450482874,0.26339002813616896,F,municipal_raion
Сузунский муниципальный район,2024-12-01,31263,-0.14373877856771886,0.46319930908741963,0.03784025845248377,0.028915970956082268,0.1898730128266641,0.052394204011131366,0.22777724466621885,F,municipal_raion
Сунский муниципальный район,2024-12-01,21848,-1.226897573827063,0.4577077993409008,0.04233797143903332,0.007277554009520322,0.21155254485536434,0.023938117905529112,0.2571860124496521,G,municipal_raion
Сунтарский муниципальный район,2024-12-01,44231,0.9051553327394295,0.4200221564061405,0.024394655332233048,0.022156406140489703,0.13488277452465466,0.05946055933621216,0.3390834482602699,F,municipal_raion
Суоярвский муниципальный округ,2024-12-01,34316,0.13791785295953946,0.45424874694020284,0.03324979601352139,0.011743792982865136,0.22225783890896375,0.03013171698333139,0.24836810817111543,G,municipal_okrug
Сургутский муниципальный район,2024-12-01,40333,0.6262812772096705,0.38060645129298587,0.03230605211613319,0.043165645997074356,0.18570401408276102,0.04170282399028091,0.31651501252076464,A,municipal_raion
Суровикинский муниципальный район,2024-12-01,28781,-0.3937869150214823,0.419200166776693,0.044126333344915045,0.012473506827420868,0.22382822000625413,0.057016781904728815,0.24335499113998815,G,municipal_raion
Сурский муниципальный район,2024-12-01,22851,-1.0912162878726532,0.443700494507899,0.05080740448995667,0.01732965734541158,0.24611614371362303,0.045380946129272244,0.19666535381383754,G,municipal_raion
Сусанинский муниципальный район,2024-12-01,25279,-0.7859733994452839,0.5121642470034415,0.04209027255824993,0.012619170062106886,0.23137782348985325,0.04046837295779105,0.16128011392855734,G,municipal_raion
Сухиничский муниципальный район,2024-12-01,31405,-0.13003983198879357,0.45253940455341507,0.038051265722018786,0.011208406304728547,0.2204107626174176,0.037064161757681895,0.24072599904473813,G,municipal_raion
Сухобузимский муниципальный район,2024-12-01,30018,-0.2665808664627764,0.474348724098874,0.039876074355386766,0.008728096475448064,0.2002465187554134,0.04210806849223799,0.23469251782263967,G,municipal_raion
Сызранский муниципальный район,2024-12-01,33497,0.06489883626495467,0.3939457264829686,0.04024240976803893,0.03468967370212258,0.19807743977072573,0.06442367973251335,0.2686210705436308,F,municipal_raion
Сыктывдинский муниципальный район,2024-12-01,36861,0.3541783561468737,0.43908195653943194,0.03108976967526654,0.027047557038604488,0.17441198014161308,0.05159925124114918,0.27676948536393475,F,municipal_raion
Сысольский муниципальный район,2024-12-01,28318,-0.44281059703603853,0.5518045059679356,0.036655131012077125,0.01486686912917579,0.16851472561621583,0.04251712691574264,0.18564164135885297,G,municipal_raion
Сычевский муниципальный район,2024-12-01,32687,-0.009095352222270437,0.4511273595007189,0.032428794321901676,0.011135925597332274,0.2390246887141677,0.0425857374491388,0.22369749441674058,G,municipal_raion
Сямженский муниципальный округ,2024-12-01,26134,-0.6854245446703809,0.49801025484043776,0.03283079513277722,0.009795668477844953,0.18393663426953394,0.04672074691972144,0.22870590035968463,G,municipal_okrug
Таборинский муниципальный район,2024-12-01,33636,0.07741650011847354,0.472083481983589,0.044535616601260555,0.020692115590438816,0.19758591984778215,0.04465453680580331,0.2204483291711261,G,municipal_raion
Табунский муниципальный район,2024-12-01,28475,-0.42609777195991233,0.48354697102721683,0.03803336259877085,0.0064969271290605795,0.2037928007023705,0.04568920105355575,0.2224407374890255,G,municipal_raion
Таврический муниципальный район,2024-12-01,26166,-0.6817254771150257,0.4095390965374914,0.04169532981732019,0.014904838339830313,0.20175036306657496,0.04169532981732019,0.290415042421463,G,municipal_raion
Таймырский Долгано-Ненецкий муниципальный район,2024-12-01,53774,1.495708303414278,0.42896195187265224,0.02835943020790717,0.029995908803510992,0.12162011380964778,0.02415665563283371,0.3669059396734481,A,municipal_raion
Тайшетский муниципальный район,2024-12-01,36231,0.3020678395836667,0.4367530567745853,0.03538406337114625,0.021197317214540035,0.1789903673649637,0.04371946675498882,0.2839557285197759,F,municipal_raion
Тальменский муниципальный район,2024-12-01,28625,-0.4102159592933705,0.4570480349344978,0.04359825327510917,0.019179039301310045,0.18871615720524018,0.04534497816593887,0.24611353711790396,G,municipal_raion
Тамалинский муниципальный район,2024-12-01,25473,-0.7628636837282393,0.41310407097711305,0.04765830487182507,0.01295489341655871,0.25768460723118597,0.04640207278294665,0.22219605072037063,G,municipal_raion
Тандинский муниципальный район,2024-12-01,34776,0.17816919857032987,0.37131930066712676,0.02461467678858983,0.03942374051069703,0.15364044168391994,0.11582700713135496,0.2951748332183115,A,municipal_raion
Тарногский муниципальный округ,2024-12-01,28785,-0.3933668293604285,0.5056800416883793,0.04064616988014591,0.008719819350356088,0.18037172138266458,0.05520236234149731,0.20937988535695684,G,municipal_okrug
Тарский муниципальный район,2024-12-01,30548,-0.21367522523796248,0.44428440487102266,0.038071232159224824,0.023405787612937018,0.18528217886604686,0.05355506088778316,0.2554013356029855,F,municipal_raion
Тарусский муниципальный район,2024-12-01,34154,0.12361378989358097,0.420624231422381,0.042688996896410376,0.016806230602564854,0.258798383791064,0.033671019499912164,0.22741113778766764,G,municipal_raion
Тасеевский муниципальный район,2024-12-01,29391,-0.33038889747442024,0.5101221462352421,0.04416317920451839,0.009935014119968697,0.20475655813003982,0.058623388112007076,0.17239971419822397,G,municipal_raion
Татарский муниципальный район,2024-12-01,30585,-0.21001616138990117,0.4733366029099232,0.038254046101029913,0.01288213176393657,0.17946705901585744,0.04459702468530325,0.2514631355239496,G,municipal_raion
Татищевский муниципальный район,2024-12-01,27175,-0.5673518907354073,0.4376448942042318,0.03926402943882245,0.018215271389144434,0.2093836246550138,0.04607175712971481,0.24942042318307267,G,municipal_raion
Таттинский муниципальный район,2024-12-01,34005,0.11039755741701796,0.36776944566975445,0.026290251433612705,0.021790913101014556,0.07304808116453462,0.06554918394353772,0.445552124687546,A,municipal_raion
Татышлинский муниципальный район,2024-12-01,25018,-0.817345691019682,0.41610040770645135,0.048125349748181306,0.02186425773443121,0.15121112798784875,0.06823087377088496,0.29446798305220234,G,municipal_raion
Тахтамукайский муниципальный район,2024-12-01,47558,1.1243835134534288,0.33662054754194876,0.04190672442070735,0.05418646705075907,0.1940367551200639,0.0724168383868119,0.30083266747970894,E,municipal_raion
Ташлинский муниципальный район,2024-12-01,24047,-0.9370054302991766,0.4382251424294091,0.042957541481265855,0.020958955379049363,0.20593005364494532,0.047116064373934376,0.244812242691396,G,municipal_raion
Таштагольский муниципальный район,2024-12-01,42755,0.8025611816600253,0.41590457256461233,0.035387673956262425,0.027996725529177875,0.20042100339141622,0.06275289439831598,0.2575371301602152,F,municipal_raion
Таштыпский муниципальный район,2024-12-01,32161,-0.05813446470859565,0.4195143185846211,0.028264046515966545,0.030844812039426635,0.21112527595534963,0.07198159261217002,0.238269954292466,F,municipal_raion
Тевризский муниципальный район,2024-12-01,27722,-0.5071102201381592,0.48784358992857657,0.033980232306471396,0.010388860832551763,0.21488348603996826,0.06309068609768415,0.18981314479474798,G,municipal_raion
Тегульдетский муниципальный район,2024-12-01,32546,-0.022162967995077807,0.5184354452160019,0.03256928654827014,0.004977570208320531,0.21876728322989,0.035058071652430405,0.19019234314508693,G,municipal_raion
Тейковский муниципальный район,2024-12-01,25875,-0.7155316339137303,0.46396135265700483,0.034589371980676326,0.011980676328502415,0.2165024154589372,0.035439613526570046,0.23752657004830913,G,municipal_raion
Темкинский муниципальный район,2024-12-01,33278,0.045070983082859006,0.42060820962798245,0.03921509706112146,0.004958230662900414,0.29001141895546606,0.03753230362401587,0.20767474006851372,G,municipal_raion
Темниковский муниципальный район,2024-12-01,24746,-0.8503903950724523,0.4634284328780409,0.04788652711549341,0.013982057706295967,0.22233896387294916,0.052937848541178376,0.19942616988604212,G,municipal_raion
Теньгушевский муниципальный район,2024-12-01,24402,-0.8927062972300059,0.393984099663962,0.04466846979755758,0.004548807474797148,0.289033685763462,0.05163511187607573,0.2161298254241456,G,municipal_raion
Тепло-Огаревский муниципальный район,2024-12-01,29703,-0.2984691710257783,0.4552065447934552,0.04672928660404673,0.011985321348011986,0.26515840150826514,0.044473622193044474,0.17644682355317653,G,municipal_raion
Тербунский муниципальный район,2024-12-01,30444,-0.22398394668710447,0.4221193010116936,0.04621600315333071,0.012317698068584943,0.2663579030350808,0.048942320325844176,0.20404677440546581,G,municipal_raion
Тереньгульский муниципальный район,2024-12-01,21860,-1.2252377414119628,0.4822049405306496,0.04908508691674291,0.0023787740164684353,0.22017383348581884,0.038746569075937785,0.2074107959743824,G,municipal_raion
Тернейский муниципальный округ,2024-12-01,41017,0.6771150915334065,0.4155350220640222,0.04042226393934222,0.0074603213301801695,0.20257454226296415,0.05665943389326377,0.27734841651022746,F,municipal_okrug
Тетюшский муниципальный район,2024-12-01,24566,-0.8724585353605016,0.4113001709680046,0.04029960107465603,0.013107547016201255,0.1937230318326142,0.051656761377513634,0.2899128877310103,G,municipal_raion
Теучежский муниципальный район,2024-12-01,40031,0.6035621647396843,0.3604706352576753,0.03649671504583948,0.04064350128650296,0.217706277634833,0.07763982913242237,0.26704304164272685,F,municipal_raion
Тигильский муниципальный район,2024-12-01,61105,1.882037088454733,0.6125848948531217,0.011112020292938386,0.014728745601832911,0.07221994926765404,0.023140495867768594,0.2662138941166844,A,municipal_raion
Тисульский муниципальный округ,2024-12-01,33242,0.04179912677832919,0.4503339149268997,0.04283737440587209,0.011792310931953553,0.205222309127008,0.057758257625894954,0.23205583298237165,G,municipal_okrug
Тихвинский муниципальный район,2024-12-01,44284,0.9087752860321459,0.38695691446120495,0.04337909854575016,0.033940023484780056,0.19718182639327975,0.042521000812934695,0.2960211363020504,F,municipal_raion
Тогульский муниципальный район,2024-12-01,24465,-0.884912142355751,0.45714285714285713,0.046842427958307786,0.011771919068056406,0.23740036787247087,0.04639280604945841,0.2004496219088494,G,municipal_raion
Тогучинский муниципальный район,2024-12-01,29609,-0.3080505841840639,0.4770508966868182,0.03931237123847479,0.016109966564220337,0.18274848863521226,0.052754230132729917,0.2320240467425445,G,municipal_raion
Тоджинский муниципальный район,2024-12-01,39586,0.5697710403157983,0.42148739453342093,0.020310210680543627,0.03185469610468347,0.19703935734855757,0.07100995301369172,0.2582983883191027,F,municipal_raion
Токарёвский муниципальный округ,2024-12-01,26850,-0.6037214253278516,0.45426443202979516,0.0470391061452514,0.01180633147113594,0.24599627560521414,0.04335195530726257,0.1975418994413407,G,municipal_okrug
Томпонский муниципальный район,2024-12-01,53868,1.5009877709632464,0.4713187792381377,0.024894185787480507,0.029368084948392367,0.08804856315437737,0.04343951882379149,0.3429308680478206,A,municipal_raion
Томский муниципальный район,2024-12-01,46966,1.0865192761897664,0.3604522420474386,0.05131371630541243,0.0483967125154367,0.16054166844099987,0.06811310309585658,0.3111825575948558,D,municipal_raion
Тонкинский муниципальный округ,2024-12-01,27313,-0.5520402028833475,0.45117709515615273,0.03987112364075715,0.013729725771610588,0.19858675356057556,0.04847508512429979,0.24816021674660427,G,municipal_okrug
Тоншаевский муниципальный округ,2024-12-01,30890,-0.1800211670335784,0.4984784719974102,0.03651667206215604,0.012269342829394627,0.1962771123340887,0.05325348009064422,0.20320492068630613,G,municipal_okrug
Топкинский муниципальный округ,2024-12-01,35610,0.2498072905898367,0.45445099691098007,0.0436113451277731,0.032294299354114014,0.16099410278011794,0.05068800898623982,0.25796124684077504,F,municipal_okrug
Топчихинский муниципальный район,2024-12-01,26428,-0.6516084152560901,0.460307249886484,0.04544422582109883,0.03000605418495535,0.17787952171938853,0.04192523081580142,0.24443771757227173,G,municipal_raion
Торбеевский муниципальный район,2024-12-01,29540,-0.31510312811780855,0.46506431956668925,0.04157075152335816,0.013134732566012186,0.20788761002031145,0.04207853757616791,0.2302640487474611,G,municipal_raion
Тосненский муниципальный район,2024-12-01,49900,1.2696939927598376,0.3722044088176353,0.045951903807615234,0.0486372745490982,0.19663326653306612,0.05661322645290581,0.2799599198396794,E,municipal_raion
Тотемский муниципальный округ,2024-12-01,31064,-0.16304166466345768,0.44186196240020603,0.031579963945403036,0.01889647180015452,0.1894154004635591,0.038694308524336855,0.2795518928663404,G,municipal_okrug
Тоцкий муниципальный район,2024-12-01,36931,0.3599133480380632,0.3495978987842192,0.038287617448755785,0.037069128916086755,0.21846145514608323,0.04175354038612548,0.3148303593187295,F,municipal_raion
Третьяковский муниципальный район,2024-12-01,25222,-0.7927970846172974,0.4808500515423043,0.045238284037744825,0.009832685750535248,0.21413845055903577,0.045436523669812066,0.2045040044405677,G,municipal_raion
Троицкий муниципальный район,2024-12-01,23621,-0.9910358262119917,0.5052707336691926,0.04504466364675501,0.0079590195165319,0.19042377545404512,0.035222894881673086,0.21607891283180236,G,municipal_raion
Троицко-Печорский муниципальный район,2024-12-01,34191,0.12688673663092087,0.4537158901465298,0.03451200608347226,0.008364774355824632,0.2148518616010061,0.03547717235529818,0.253078295457869,G,municipal_raion
Троснянский муниципальный район,2024-12-01,26642,-0.6272296919158946,0.42635688011410555,0.04331506643645372,0.012461526912393965,0.20861797162375198,0.037422115456797536,0.2718264394564973,G,municipal_raion
Труновский муниципальный округ,2024-12-01,27589,-0.5216475580935447,0.395302475624343,0.04646779513574251,0.013266156801623836,0.25006343107760337,0.04505418826343833,0.249845953097249,G,municipal_okrug
Тужинский муниципальный район,2024-12-01,22763,-1.1028797899730334,0.5013838246276853,0.04480955937266617,0.007775776479374424,0.17102315160567588,0.04854368932038835,0.22646399859420985,G,municipal_raion
Туймазинский муниципальный район,2024-12-01,34123,0.12086886028184984,0.3976789848489289,0.04747530990827301,0.04158485479002432,0.1476423526653577,0.06057497875333353,0.30504351903408256,F,municipal_raion
Туркменский муниципальный округ,2024-12-01,25342,-0.7784493096037017,0.3307158077499803,0.04814142530187041,0.006076868439744298,0.2888485518112225,0.05563886038986662,0.27057848630731585,G,municipal_okrug
Турковский муниципальный район,2024-12-01,28024,-0.4743579505276554,0.43930202683414216,0.05263345703682558,0.01223950899229232,0.21749214958606908,0.050956323151584354,0.22737653439908645,G,municipal_raion
Турочакский муниципальный район,2024-12-01,33305,0.047522553364218546,0.43341840564479805,0.032037231646899866,0.01195015763398889,0.22885452634739528,0.05248461192013211,0.24125506680678588,G,municipal_raion
Туруханский муниципальный район,2024-12-01,51886,1.3876690608309525,0.4107659098793509,0.03719693173495741,0.040531164475966545,0.094129437613229,0.032089581004509884,0.3852869752919863,A,municipal_raion
Тутаевский муниципальный район,2024-12-01,38303,0.4701769127832793,0.41046393232906037,0.04840351930658173,0.03819544161031773,0.1830927081429653,0.038143226379134795,0.28170117223194,F,municipal_raion
Тындинский муниципальный округ,2024-12-01,48675,1.1945601537385733,0.3765793528505393,0.026543400102722138,0.029111453518233178,0.15176168464304057,0.037082691319979454,0.37892141756548536,A,municipal_okrug
Тюкалинский муниципальный район,2024-12-01,23698,-0.9811979926767723,0.4489830365431682,0.0397079922356317,0.016794666216558358,0.17014094016372688,0.052789264916870624,0.2715840999240442,G,municipal_raion
Тюльганский муниципальный район,2024-12-01,23052,-1.0647433779168414,0.4157556828040951,0.043423564115911854,0.01318757591532188,0.24162762450112787,0.036135693215339236,0.24986985944820406,G,municipal_raion
Тюлячинский муниципальный район,2024-12-01,18516,-1.7270980620510108,0.4371354504212573,0.047202419529055954,0.015986174119680275,0.21727154893065456,0.07355800388852884,0.20884640311082303,G,municipal_raion
Тюменский муниципальный район,2024-12-01,47284,1.1069174518904499,0.35280433127484984,0.04654851535403096,0.053443025124777936,0.16428390153117334,0.06634379494120633,0.31657643177396155,D,municipal_raion
Тюменцевский муниципальный район,2024-12-01,25323,-0.7807165078318773,0.4728507680764522,0.04185917940212455,0.009674999012755203,0.19744895944398372,0.05011254590688307,0.22805354815780132,G,municipal_raion
Тюхтетский муниципальный округ,2024-12-01,29418,-0.3276132524784956,0.5018696036440274,0.037596029641715954,0.008226256033720852,0.23227275817526685,0.05843361207424026,0.1616017404310287,G,municipal_okrug
Тяжинский муниципальный округ,2024-12-01,30911,-0.17796684876534674,0.49872213775031543,0.04309145611594578,0.008767105561127107,0.18795897900423797,0.04354436931836563,0.21791595225000815,G,municipal_okrug
Убинский муниципальный район,2024-12-01,26019,-0.6987555581631207,0.4857219724047811,0.05046312310234828,0.01860179099888543,0.22372112686882661,0.05119335869941197,0.17029862792574657,G,municipal_raion
Уватский муниципальный район,2024-12-01,36070,0.2886053243122541,0.45209315220404767,0.03002495148322706,0.018020515663986693,0.23853617965067925,0.03728860548932631,0.224036595508733,G,municipal_raion
Увельский муниципальный район,2024-12-01,26340,-0.6616906396717778,0.43139711465451785,0.033864844343204255,0.014236902050113895,0.20797266514806378,0.035876993166287015,0.2766514806378132,G,municipal_raion
Угличский муниципальный район,2024-12-01,38536,0.4885093187948977,0.42788561345235626,0.03840564666805065,0.02986817521278804,0.19913846792609508,0.04517853435748391,0.25952356238322605,F,municipal_raion
Угловский муниципальный район,2024-12-01,21667,-1.2520445639277735,0.43162412885955603,0.04573775788064799,0.0142151659205243,0.26039599390778606,0.04287626344210089,0.20515068998938468,G,municipal_raion
Угранский муниципальный район,2024-12-01,31982,-0.07500577486058554,0.43533862797823775,0.03198674254268026,0.010912388218372834,0.23657057094615722,0.043618285285473075,0.24157338502907888,G,municipal_raion
Удорский муниципальный район,2024-12-01,34507,0.15469603112353422,0.47193323093865014,0.03312371402903758,0.013910221114556467,0.1956124844234503,0.04097719303329759,0.2444431564610079,G,municipal_raion
Ужурский муниципальный район,2024-12-01,38141,0.4573649349074256,0.43596130148658924,0.03424136755722189,0.013869589156026324,0.20148921108518392,0.053774153797750454,0.2606643769172282,G,municipal_raion
Узловский муниципальный район,2024-12-01,39106,0.5328936687134445,0.39006802025264664,0.043983020508361885,0.029535109701836034,0.2102490666393904,0.0420651562420089,0.28409962665575617,F,municipal_raion
Уйский муниципальный район,2024-12-01,26620,-0.6297268679279457,0.4507137490608565,0.040232907588279486,0.009353869271224642,0.2055221637866266,0.03433508640120211,0.2598422238918108,G,municipal_raion
Улаганский муниципальный район,2024-12-01,32963,0.01632144531569931,0.38901192245851407,0.030367381609683584,0.01841458605102691,0.24463792737311532,0.08864484421927615,0.22892333828838396,C,municipal_raion
Улуг-Хемский муниципальный район,2024-12-01,28958,-0.3752537630043373,0.35617100628496445,0.034256509427446645,0.053905656467988124,0.15985219973755094,0.09924718557911458,0.2965674425029352,A,municipal_raion
Ульчский муниципальный район,2024-12-01,38568,0.49101841326613904,0.4681860609831985,0.028572910184609,0.008815598423563576,0.21406347230864967,0.045452188342667496,0.23490976975731181,G,municipal_raion
Улётовский муниципальный район,2024-12-01,30996,-0.16966598360730256,0.4800942057039618,0.03497225448444961,0.011807975222609369,0.1857336430507162,0.05794296038198477,0.22944896115627822,G,municipal_raion
Умётский муниципальный округ,2024-12-01,25584,-0.7497201456043511,0.4116635397123202,0.046982489055659785,0.01876172607879925,0.25402595372107567,0.053314571607254536,0.21525171982489066,G,municipal_okrug
Упоровский муниципальный район,2024-12-01,30653,-0.20330292388865498,0.4795289204971781,0.03741884970475973,0.0148435715916876,0.18428865037679837,0.05516588914624996,0.2287541186833263,G,municipal_raion
Уренский муниципальный округ,2024-12-01,32342,-0.04116986096098617,0.4476532063570589,0.039917135613134626,0.018428050213344878,0.19080452662173025,0.059612887267330404,0.24358419392740094,F,municipal_okrug
Уржумский муниципальный район,2024-12-01,25361,-0.7761838105558696,0.48846654311738497,0.04589724379953472,0.007491818145972162,0.16588462600055204,0.03939119119908521,0.25286857773747107,G,municipal_raion
Урицкий муниципальный район,2024-12-01,24084,-0.9323579148315219,0.42854177047002157,0.04114764989204451,0.01939046669988374,0.250539777445607,0.03305098820793888,0.22732934728450438,G,municipal_raion
Урмарский муниципальный округ,2024-12-01,19533,-1.565466905595932,0.44048533251420674,0.049505964265601804,0.01382276148057134,0.17969589924742743,0.03962524957763784,0.2768647929145548,G,municipal_okrug
Урупский муниципальный район,2024-12-01,28160,-0.4597236819787169,0.3164772727272727,0.03892045454545454,0.022194602272727272,0.3534090909090909,0.03409090909090909,0.23490767045454553,C,municipal_raion
Усманский муниципальный район,2024-12-01,29999,-0.26849478413081884,0.43424780826027537,0.04440148004933498,0.019267308910297008,0.24080802693423115,0.04406813560452015,0.2172072402413413,G,municipal_raion
Усольский муниципальный район,2024-12-01,32951,0.01522079971419305,0.3740402415708173,0.035021698886225,0.02330733513398683,0.22475797396133654,0.048101726806470214,0.29477102364116425,F,municipal_raion
Усть-Абаканский муниципальный район,2024-12-01,35834,0.2687624568811554,0.4283083105430597,0.031143606630574316,0.02631578947368421,0.17075961377462745,0.06583133337054195,0.27764134620751246,F,municipal_raion
Усть-Алданский муниципальный район,2024-12-01,34546,0.15811052250758217,0.3828518497076362,0.029149539744109304,0.03991779077172466,0.06073062004284143,0.0643489839634111,0.4230012157702774,A,municipal_raion
Усть-Большерецкий муниципальный район,2024-12-01,62120,1.93183612686031,0.48432066967160337,0.03298454603992273,0.028943979394719897,0.09243399871216999,0.04974243399871217,0.3115743721828719,A,municipal_raion
Усть-Вымский муниципальный район,2024-12-01,32893,0.009895355755564933,0.4672422703918767,0.03344176572523029,0.01808895509682911,0.19159091600036482,0.0284559024716505,0.2611801903140486,G,municipal_raion
Усть-Джегутинский муниципальный район,2024-12-01,24139,-0.9254626242615948,0.32304569369070796,0.059364513857243464,0.046190811549774224,0.2471104851070881,0.05348191722937984,0.2708065785658065,C,municipal_raion
Усть-Илимский муниципальный район,2024-12-01,29017,-0.3691012105724352,0.39883516559258364,0.0260192301064893,0.016266326636109867,0.20601716235310336,0.0507978081814109,0.30206430713030286,G,municipal_raion
Усть-Ишимский муниципальный район,2024-12-01,27982,-0.47889171270342856,0.4860624687298978,0.037345436351940535,0.0056822242870416696,0.1869058680580373,0.05314130512472304,0.23086269744835963,G,municipal_raion
Усть-Калманский муниципальный район,2024-12-01,24005,-0.9422896619956425,0.48589877108935636,0.04711518433659654,0.005582170381170589,0.2143720058321183,0.040491564257446364,0.2065403041033118,G,municipal_raion
Усть-Камчатский муниципальный район,2024-12-01,61003,1.8769869873382887,0.46096093634739277,0.029211678114191106,0.03317869612969854,0.1314689441502877,0.04465354162910021,0.3005262036293298,A,municipal_raion
Усть-Канский муниципальный район,2024-12-01,27711,-0.5083099078957719,0.38504564974197975,0.033163725596333585,0.022012919057414024,0.20540579553246002,0.07542131283605788,0.27895059723575466,C,municipal_raion
Усть-Коксинский муниципальный район,2024-12-01,33059,0.025112212575765836,0.3935993224235458,0.037024713391209656,0.017120905048549562,0.21488853262349134,0.07241598354457182,0.26495054296863185,C,municipal_raion
Усть-Кубинский муниципальный округ,2024-12-01,27404,-0.5419856344616321,0.46825280980878703,0.03400963363012699,0.009779594219821924,0.2085461976353817,0.045759743103196616,0.23365202160268572,G,municipal_okrug
Усть-Куломский муниципальный район,2024-12-01,28147,-0.46111948743015674,0.44704586634454824,0.034639570824599425,0.01065832948449213,0.19664617898887982,0.044693928304970335,0.26631612605251,G,municipal_raion
Усть-Кутский муниципальный район,2024-12-01,48199,1.1648539514164478,0.4107554098632752,0.03493848420091703,0.03356916118591672,0.17890412664163158,0.048797692898192906,0.2930351252100666,A,municipal_raion
Усть-Майский муниципальный район,2024-12-01,58947,1.7733513043378415,0.4296401852511578,0.03302967072115629,0.02838142738392115,0.09467827031061801,0.052080682647123684,0.36218976368602296,A,municipal_raion
Усть-Пристанский муниципальный район,2024-12-01,23440,-1.0142879959284763,0.5506399317406143,0.04104095563139932,0.00908703071672355,0.18122866894197953,0.03498293515358362,0.18302047781569963,G,municipal_raion
Усть-Таркский муниципальный район,2024-12-01,28766,-0.39536275639938545,0.4816797608287562,0.03869151081137454,0.013870541611624834,0.22060766182298547,0.04467079190711256,0.20047973301814648,G,municipal_raion
Усть-Удинский муниципальный район,2024-12-01,29754,-0.29328342540343627,0.4275055454728776,0.03344088189823217,0.008301404853128991,0.22887678967533778,0.04873294346978557,0.2531424346306379,G,municipal_raion
Усть-Цилемский муниципальный район,2024-12-01,31339,-0.1363992271618217,0.4911452184179457,0.029069210887392706,0.016146016146016146,0.11420275056638693,0.057244966335875426,0.2921918376463831,G,municipal_raion
Усть-Янский муниципальный район,2024-12-01,64626,2.0513855061023953,0.42326617769937797,0.020564478692786187,0.019032587503481573,0.047829047132732956,0.024912573886671,0.46439513508495034,A,municipal_raion
Устьянский муниципальный округ,2024-12-01,34211,0.12865442264993443,0.4562275291572886,0.036041039431761714,0.023355061237613634,0.21063400660606238,0.04372862529595744,0.23001373827131621,G,municipal_okrug
Устюженский муниципальный округ,2024-12-01,31559,-0.11525306614072625,0.4592350834944073,0.032605595868056655,0.018726829113723503,0.22354954212744382,0.039481605881048196,0.22640134351532049,G,municipal_okrug
Уфимский муниципальный район,2024-12-01,40481,0.6373531099608319,0.3599219386872854,0.04873891455250611,0.05274079197648279,0.1675847928657889,0.07013166670783824,0.30088189521009856,D,municipal_raion
Ухоловский муниципальный район,2024-12-01,25332,-0.779642359858242,0.4513658613611243,0.05045002368545713,0.004697615663982315,0.27131691141639036,0.05281856939838939,0.1693510184746566,G,municipal_raion
Учалинский муниципальный район,2024-12-01,35489,0.23951845526466983,0.3758065879568317,0.05091718560680775,0.04299923920087915,0.1521034686804362,0.056721801121474257,0.3214517174335709,F,municipal_raion
Уярский муниципальный район,2024-12-01,28303,-0.4444122102862791,0.46136451966222664,0.03893580185846023,0.01095290251916758,0.2071158534430979,0.043352294809737485,0.23827862770731023,G,municipal_raion
Ферзиковский муниципальный район,2024-12-01,36754,0.3453909300358774,0.423518528595527,0.03790063666539696,0.0324046362300702,0.2091745116177831,0.052130380366762805,0.24487130652446,F,municipal_raion
Фурмановский муниципальный район,2024-12-01,28536,-0.4196290980128624,0.4412321278385198,0.038828146902158675,0.016225119147743203,0.21492150266330248,0.026317633865993832,0.26247546958228196,G,municipal_raion
Хабаровский муниципальный район,2024-12-01,52051,1.3972665592858433,0.36881135809110294,0.03832779389444967,0.04215096732051257,0.13663522314652937,0.06320723905400473,0.35086741849340075,A,municipal_raion
Хабарский муниципальный район,2024-12-01,24617,-0.8661895214256148,0.49664865743185604,0.04350651988463257,0.021326725433643418,0.19640898566031603,0.04959987000853069,0.19250924158102112,G,municipal_raion
Хабезский муниципальный район,2024-12-01,24147,-0.9244609819078385,0.331801051890504,0.054499523750362364,0.043525075578746845,0.23141591087919824,0.08555928272663271,0.2531991551745558,C,municipal_raion
Хайбуллинский муниципальный район,2024-12-01,29788,-0.28983119744825564,0.40056398549751576,0.04078823687390896,0.032899154021753724,0.16949778434268833,0.05250436417349268,0.30374647509064046,G,municipal_raion
Хангаласский муниципальный район,2024-12-01,38102,0.4542724428879996,0.4202928980106031,0.0258779066715658,0.030208388011128025,0.10130701800430424,0.06249015799695554,0.35982363130544326,A,municipal_raion
Ханкайский муниципальный округ,2024-12-01,34800,0.18025462907089657,0.4729022988505747,0.042413793103448276,0.0142816091954023,0.13933908045977011,0.0432183908045977,0.287844827586207,F,municipal_okrug
Ханты-Мансийский муниципальный район,2024-12-01,39905,0.5940326143326677,0.3941110136574364,0.028668086705926576,0.04751284300213006,0.17599298333542163,0.06490414734995614,0.28881092594912916,A,municipal_raion
Харабалинский муниципальный район,2024-12-01,24866,-0.8357673008903874,0.41558754926405533,0.041944824258023004,0.014316737714147832,0.2328882811871632,0.06016247084372235,0.23510013673288832,G,municipal_raion
Харовский муниципальный округ,2024-12-01,30687,-0.19995188776838999,0.521132727213478,0.03248932772835403,0.008374881871802391,0.14064587610388765,0.030208231498680224,0.2671489555837977,G,municipal_okrug
Хасанский муниципальный округ,2024-12-01,41245,0.6938714874852551,0.4289974542368772,0.03513153109467814,0.017747605770396413,0.15820099405988605,0.045144866044369014,0.31477754879379316,F,municipal_okrug
Хвалынский муниципальный район,2024-12-01,26612,-0.6306354436458396,0.4359687359086127,0.04396512851345258,0.014617465804900046,0.23955358484894032,0.040695926649631745,0.22519915827446269,G,municipal_raion
Хвастовичский муниципальный район,2024-12-01,26432,-0.651150930368242,0.43163589588377727,0.040859564164648914,0.004956113801452784,0.293659200968523,0.039611077481840194,0.18927814769975781,G,municipal_raion
Хворостянский муниципальный район,2024-12-01,29221,-0.34792396802073433,0.4429006536395058,0.037404606276308136,0.010608808733445125,0.2632695664077205,0.0427090106430307,0.20310735429998983,G,municipal_raion
Хилокский муниципальный район,2024-12-01,31143,-0.15536394967180214,0.46154834152136914,0.035385158783675305,0.03198150467199692,0.19644864014385255,0.05468323539800276,0.2199531194811033,F,municipal_raion
Хиславичский муниципальный район,2024-12-01,24897,-0.8320011378683517,0.5155641241916696,0.04835924006908463,0.009760212073743824,0.22372173354219385,0.037193236132867416,0.1654014539904407,G,municipal_raion
Хлевенский муниципальный район,2024-12-01,27993,-0.4777036413956823,0.41613974922302005,0.05276319079769942,0.013932054442181974,0.25288464973386204,0.05190583360125746,0.21237452220197905,G,municipal_raion
Холм-Жирковский муниципальный район,2024-12-01,31579,-0.1133380029510263,0.43680927198454667,0.038189936350106084,0.010449982583362362,0.2664745558757402,0.04651825580290699,0.20155799740333757,G,municipal_raion
Холмогорский муниципальный округ,2024-12-01,27420,-0.540221250118136,0.5060175054704595,0.028665207877461706,0.008862144420131291,0.23789204959883298,0.02651349380014588,0.19204959883296846,G,municipal_okrug
Холмский муниципальный район,2024-12-01,29317,-0.3380093117748934,0.48848790803970393,0.04376300440017737,0.01279121328921786,0.1828972950847631,0.03219974758672443,0.2398608315994133,G,municipal_raion
Хорольский муниципальный округ,2024-12-01,32709,-0.007061518559550326,0.4483169769788132,0.046195236784982725,0.009171787581399615,0.12684582225075666,0.043382555260020175,0.32608762114402756,G,municipal_okrug
Хотынецкий муниципальный район,2024-12-01,23528,-1.0029607316783604,0.5038252295137708,0.03961237674260456,0.010710642638558313,0.2574804488269296,0.037104726283577014,0.15126657599455962,G,municipal_raion
Целинный муниципальный округ,2024-12-01,21622,-1.2583291841120274,0.4889001942466007,0.0368143557487744,0.002959948200906484,0.17565442604754417,0.039681805568402555,0.25598927018777173,G,municipal_okrug
Цивильский муниципальный округ,2024-12-01,24606,-0.8675405624369704,0.4691945054051857,0.04462326261887344,0.02848898642607494,0.18003738925465335,0.04259123790945298,0.23506461838575976,G,municipal_okrug
Чагодощенский муниципальный округ,2024-12-01,35435,0.23491541745973796,0.3914209115281501,0.035614505432482006,0.014759418653873289,0.2140539015098067,0.04010159446874559,0.30404966840694225,G,municipal_okrug
Чаинский муниципальный район,2024-12-01,30292,-0.23911406163161275,0.5201373299881157,0.03951538359963026,0.00792288392975043,0.24438795721642678,0.04512742638320349,0.14290901888287344,G,municipal_raion
Чамзинский муниципальный район,2024-12-01,28469,-0.42673478335395265,0.4456075028978889,0.04900066739260248,0.01847623731075907,0.19147142505883594,0.037409111665320176,0.2580350556745934,G,municipal_raion
Чановский муниципальный район,2024-12-01,31020,-0.1673263307113399,0.44725983236621536,0.0438749194068343,0.016118633139909737,0.204642166344294,0.05077369439071567,0.237330754352031,G,municipal_raion
Чаплыгинский муниципальный район,2024-12-01,31597,-0.1116154828008312,0.43735164730828874,0.043833275310947245,0.01177326961420388,0.226129062885717,0.042883818083995315,0.23802892679684784,G,municipal_raion
Частоозерский муниципальный округ,2024-12-01,24142,-0.9250869694829588,0.4490514456134537,0.044196835390605586,0.004639217960400961,0.20516112998094607,0.051404191864799935,0.24554717918979374,G,municipal_okrug
Чебаркульский муниципальный район,2024-12-01,32701,-0.007800936117903885,0.4069294516987248,0.032139689917739515,0.019265465887893338,0.2288309226017553,0.032720711904834714,0.28011375798905225,G,municipal_raion
Чебоксарский муниципальный округ,2024-12-01,29601,-0.3088674276656573,0.40086483564744435,0.046147089625350496,0.041181041181041184,0.17083882301273606,0.062396540657410224,0.2785716698760178,F,municipal_okrug
Чебулинский муниципальный округ,2024-12-01,33005,0.020170552020853084,0.46320254506892894,0.03829722769277382,0.021875473413119226,0.1903044993182851,0.06344493258597182,0.22287532192092108,F,municipal_okrug
Чеди-Хольский муниципальный район,2024-12-01,29999,-0.26849478413081884,0.403146771559052,0.028134271142371412,0.03503450115003833,0.16787226240874695,0.08780292676422548,0.2780092669755658,A,municipal_raion
Чекмагушевский муниципальный район,2024-12-01,22527,-1.1343831975775676,0.4238913304035158,0.05704265991920806,0.019487725840102988,0.12851245172459716,0.05699826874417366,0.31406756336840236,G,municipal_raion
Челно-Вершинский муниципальный район,2024-12-01,25978,-0.7035226067506657,0.4609284779428747,0.04557702671491262,0.0070444222034028794,0.24597736546308416,0.036569404881053195,0.2039033027946725,G,municipal_raion
Чемальский муниципальный район,2024-12-01,36204,0.2998143308840557,0.43072588664235995,0.03593525577284278,0.020715942989724893,0.20837476521931278,0.06154016130814274,0.24270798806761684,F,municipal_raion
Чердаклинский муниципальный район,2024-12-01,26680,-0.6229212409091143,0.41626686656671663,0.044077961019490255,0.023350824587706147,0.22586206896551725,0.04730134932533733,0.24314092953523236,G,municipal_raion
Черемховский муниципальный район,2024-12-01,31916,-0.08125031906335653,0.43742950244391526,0.033243514224840204,0.014350169194134604,0.19664118310565235,0.04834565735054518,0.2699899736809124,G,municipal_raion
Черемшанский муниципальный район,2024-12-01,20887,-1.3628718701158127,0.43907693780820606,0.03815770574998803,0.022885048116053047,0.210753100014363,0.05271221333844018,0.2364149949729496,G,municipal_raion
Черепановский муниципальный район,2024-12-01,29932,-0.27525354962949333,0.45533208606173997,0.042362688761192036,0.01854202859815582,0.20817185620740344,0.05134972604570359,0.22424161432580525,G,municipal_raion
Череповецкий муниципальный район,2024-12-01,36598,0.33253340991636227,0.4290944860374884,0.03776162631837805,0.03664134652166785,0.16148423411115362,0.06593256462101754,0.2690857423902946,F,municipal_raion
Черлакский муниципальный район,2024-12-01,25562,-0.7523206341937376,0.45192081996713873,0.044636569908457865,0.011775291448243486,0.19110398247398483,0.0444409670604804,0.2561223691416946,G,municipal_raion
Черниговский муниципальный округ,2024-12-01,37896,0.4378850434417764,0.45382098374498625,0.03926535782140595,0.0202396031243403,0.12373337555414819,0.04478045176271902,0.3181602279924003,F,municipal_okrug
Черноярский муниципальный район,2024-12-01,24719,-0.8536903629549509,0.4221853634855779,0.03814879242687811,0.006836846150734253,0.26716291112100005,0.049718839758889924,0.2159472470569197,G,municipal_raion
Чернский муниципальный район,2024-12-01,35760,0.26251362031471087,0.41065436241610737,0.03422818791946309,0.012416107382550336,0.2563199105145414,0.0424496644295302,0.24393176733780764,G,municipal_raion
Чернышевский муниципальный район,2024-12-01,36000,0.28273330366880783,0.4468611111111111,0.035388888888888886,0.016666666666666666,0.14883333333333335,0.052444444444444446,0.29980555555555566,F,municipal_raion
Чернышковский муниципальный район,2024-12-01,26139,-0.6848462668979348,0.4543402578522514,0.047170894066337656,0.010558934924824974,0.23501281609855007,0.05734725888519071,0.19556983817284523,G,municipal_raion
Чесменский муниципальный район,2024-12-01,28583,-0.41465446234254705,0.43977189238358466,0.03991883287268656,0.008081726900605254,0.20998495609278242,0.043662316761711506,0.25858027498862957,G,municipal_raion
Чистоозерный муниципальный район,2024-12-01,27584,-0.5221954404633546,0.4486658932714617,0.04067575406032482,0.012253480278422274,0.19935469837587008,0.05992604408352668,0.23912412993039445,G,municipal_raion
Чистопольский муниципальный район,2024-12-01,31952,-0.07784260497839712,0.41293189784677015,0.03761892839258888,0.03286179268903355,0.2038370055082624,0.05830620931397096,0.25444416624937394,F,municipal_raion
Читинский муниципальный район,2024-12-01,33248,0.0423446821518677,0.4171077959576516,0.0378067853705486,0.031701154956689126,0.14797882579403274,0.06926732435033686,0.29613811357074105,F,municipal_raion
Чишминский муниципальный район,2024-12-01,32888,0.009435826195892946,0.40878131841401116,0.046339090245682314,0.038950377037217224,0.15802116273412795,0.05412308440768669,0.29378496716127467,F,municipal_raion
Чойский муниципальный район,2024-12-01,27961,-0.48116114631213375,0.4419369836558063,0.028647044097135296,0.010085476198991453,0.22613640427738635,0.046672150495332784,0.24652194127534777,G,municipal_raion
Чугуевский муниципальный округ,2024-12-01,38158,0.4587119547764119,0.4601918339535615,0.035484040044027464,0.01685098799727449,0.15577336338382514,0.05369778290266786,0.2780019917186436,F,municipal_okrug
Чудовский муниципальный район,2024-12-01,36059,0.2876833332807639,0.4209490002495909,0.04134890041321168,0.0205496547325217,0.2489253723064977,0.03191990903796556,0.2363071632602124,G,municipal_raion
Чулымский муниципальный район,2024-12-01,27735,-0.50569302090998,0.46349378042184963,0.03522624842257076,0.02156120425455201,0.2046151072651884,0.05026140255994231,0.2248422570758969,G,municipal_raion
Чунский муниципальный район,2024-12-01,31847,-0.08779252841271049,0.45702891952146196,0.03529374823374258,0.016799070556096335,0.2051370615756586,0.04647219518321977,0.23926900492982073,G,municipal_raion
Чурапчинский муниципальный район,2024-12-01,39585,0.5696946782289016,0.3513452065176203,0.026449412656309207,0.02975874700012631,0.06439307818618163,0.07894404446128583,0.44910951117847664,A,municipal_raion
Чухломский муниципальный район,2024-12-01,28688,-0.4035704005435283,0.47051031790295594,0.03517150027886224,0.005716675962074735,0.25794757389849415,0.04855688789737869,0.1820970440602342,G,municipal_raion
Чучковский муниципальный район,2024-12-01,26169,-0.6813789214951919,0.47904008559746264,0.04486224158355306,0.004662004662004662,0.2565631090221254,0.02525889411135313,0.18961366502350108,G,municipal_raion
Шабалинский муниципальный район,2024-12-01,24695,-0.8566266951312916,0.4908281028548289,0.03931970034419923,0.015752176553958292,0.1845312816359587,0.04915974893703179,0.22040898967402311,G,municipal_raion
Шаблыкинский муниципальный район,2024-12-01,23750,-0.9745723268848888,0.4242526315789474,0.037221052631578946,0.005936842105263158,0.2470736842105263,0.029852631578947367,0.2556631578947368,G,municipal_raion
Шарангский муниципальный округ,2024-12-01,30528,-0.21565494329331944,0.4796907756813417,0.04094601677148847,0.009892557651991615,0.21160901467505241,0.05604690775681342,0.2018147274633123,G,municipal_okrug
Шаранский муниципальный район,2024-12-01,19858,-1.515585333923954,0.44939067378386544,0.047084298519488366,0.016567630174237083,0.15590693926880855,0.0525229126800282,0.2785275455735723,G,municipal_raion
Шарлыкский муниципальный район,2024-12-01,22028,-1.2020952808716474,0.41406391864899217,0.049981841292899946,0.025013619030325042,0.21459052115489377,0.045351370982386056,0.250998728890503,G,municipal_raion
Шатковский муниципальный округ,2024-12-01,27710,-0.5084189940324735,0.45225550342836524,0.04619271021291952,0.008191988451822447,0.1869361241429087,0.025947311439913388,0.2804763623240707,G,municipal_okrug
Шатровский муниципальный округ,2024-12-01,24256,-0.9108465704643308,0.5133987467018469,0.041845316622691295,0.008657651715039578,0.1922410949868074,0.04341193931398417,0.2004452506596306,G,municipal_okrug
Шацкий муниципальный район,2024-12-01,27448,-0.537136053417458,0.45110754881958615,0.05009472457009618,0.017669775575633925,0.2519673564558438,0.05315505683474206,0.17600553774409788,G,municipal_raion
Шебалинский муниципальный район,2024-12-01,28507,-0.42270264315887174,0.412354860209773,0.03188690497070895,0.014101799558003298,0.19981057284175816,0.05812607429754096,0.28371978812221565,G,municipal_raion
Шегарский муниципальный район,2024-12-01,27282,-0.5554730367758988,0.49618796275932847,0.04042958727366029,0.01176599956014955,0.17817608679715563,0.03632431639909098,0.23711604721061508,G,municipal_raion
Шекснинский муниципальный район,2024-12-01,35161,0.211450633051625,0.43519808879155886,0.0323085236483604,0.026791046898552374,0.1911777253206678,0.03856545604504991,0.2759591592958106,G,municipal_raion
Шелаболихинский муниципальный район,2024-12-01,23779,-0.970883542302501,0.5339164809285504,0.03713360528197149,0.005088523487110475,0.18957904032970269,0.05050674965305522,0.1837756003196097,G,municipal_raion
Шелеховский муниципальный район,2024-12-01,41920,0.7429415528997588,0.40143129770992364,0.04952290076335878,0.04227099236641221,0.1526956106870229,0.05245706106870229,0.3016221374045802,D,municipal_raion
Шелопугинский муниципальный район,2024-12-01,28814,-0.3903229529828199,0.5228708266814743,0.03800235996390643,0.007878114805302977,0.1445477892691053,0.07819115707642119,0.20850975220378976,F,municipal_raion
Шемуршинский муниципальный округ,2024-12-01,18897,-1.66552916487048,0.4184791236704239,0.04090596390961528,0.014923003651373234,0.1835211938402921,0.05355347409641742,0.2886172408318781,G,municipal_okrug
Шенкурский муниципальный округ,2024-12-01,29844,-0.2841537555499452,0.47838761560112586,0.03960595094491355,0.015379975874547648,0.21294062458115534,0.0366907921190189,0.2169950408792386,G,municipal_okrug
Шенталинский муниципальный район,2024-12-01,26630,-0.628591532181009,0.4704844160720991,0.048629365377393916,0.010476905745399926,0.19432970334209537,0.04844160720991363,0.22763800225309794,G,municipal_raion
Шербакульский муниципальный район,2024-12-01,27322,-0.551044303450305,0.4505526681794891,0.03788156064709758,0.008710928921748042,0.18636995827538247,0.03370909889466364,0.28277578508161916,G,municipal_raion
Шигонский муниципальный район,2024-12-01,29010,-0.3698305200262182,0.42051016890727333,0.04584625991037573,0.011478800413650465,0.27493967597380214,0.03936573595311962,0.20785935884177875,G,municipal_raion
Шилкинский муниципальный район,2024-12-01,34649,0.16710978150610184,0.4559438944846893,0.03803861583306878,0.016508412941210426,0.1580132182746977,0.04571560506796733,0.28578025339836644,F,municipal_raion
Шиловский муниципальный район,2024-12-01,29905,-0.2779815090220911,0.45902023073064707,0.04504263501086775,0.010299281056679484,0.24069553586356796,0.03517806386891824,0.2097642534693196,G,municipal_raion
Шимановский муниципальный округ,2024-12-01,37937,0.4411537021812182,0.43777842212088464,0.03798402614861481,0.018926114347470806,0.12362601154545694,0.043519519202889,0.3381659066346838,F,municipal_okrug
Шимский муниципальный район,2024-12-01,29467,-0.32258247138547913,0.43071910951233583,0.04147011911629959,0.015135575389418671,0.2867275257067228,0.03855160009502155,0.18739607018020155,G,municipal_raion
Шипуновский муниципальный район,2024-12-01,27391,-0.5434199554331125,0.4711036471833814,0.04118140995217407,0.01697637910262495,0.17827023474864007,0.04804497827753642,0.24442335073564314,G,municipal_raion
Ширинский муниципальный район,2024-12-01,30250,-0.24330813975177806,0.42221487603305785,0.036396694214876034,0.009884297520661157,0.20730578512396694,0.060694214876033055,0.2635041322314049,G,municipal_raion
Шкотовский муниципальный округ,2024-12-01,37459,0.4028245397834968,0.4270268827251128,0.03756106676633119,0.023465655783656798,0.15296724418697777,0.04519608104861315,0.31378306948930823,F,municipal_okrug
Шовгеновский муниципальный район,2024-12-01,24136,-0.9258383257295905,0.3555270135896586,0.03198541597613523,0.012470997679814385,0.261518064302287,0.058294663573085846,0.28020384487901884,G,municipal_raion
Шпаковский муниципальный округ,2024-12-01,42854,0.8095525129704781,0.3531292294768283,0.04363653334577869,0.04053297241797732,0.20504503663601997,0.06743827880711252,0.2902179493162832,D,municipal_okrug
Шуйский муниципальный район,2024-12-01,32565,-0.020398786887337907,0.415630277905727,0.03605097497313066,0.022662367572547214,0.20838323353293414,0.043144480270228776,0.27412866574543227,F,municipal_raion
Шумячский муниципальный район,2024-12-01,24822,-0.8411208919367265,0.4566513576665861,0.04157602127145275,0.022077189589879944,0.21589718797840626,0.04137458705986625,0.22242365643380857,G,municipal_raion
Шушенский муниципальный район,2024-12-01,36129,0.29354575539161876,0.4371280688643472,0.03731074759888178,0.018295552049600046,0.17700462232555564,0.05510808491793296,0.27515292424368243,F,municipal_raion
Щекинский муниципальный район,2024-12-01,42628,0.7935687623322885,0.39199587125832785,0.04550999343154734,0.030121047199024115,0.2060148259360045,0.04834850333114385,0.2780097588439524,F,municipal_raion
Щучанский муниципальный округ,2024-12-01,30264,-0.2419094670405226,0.4479579698651864,0.03935368754956384,0.013283108643933386,0.19881707639439597,0.04034496431403648,0.26024319323288403,G,municipal_okrug
Эвенкийский муниципальный район,2024-12-01,47772,1.1379550440150734,0.4155153646487482,0.03575316084735829,0.03054090262078205,0.0805074101984426,0.02601942560495688,0.41166373607971196,A,municipal_raion
Энгельсский муниципальный район,2024-12-01,38494,0.48521296851605517,0.3677196446199408,0.049202473112692886,0.04390294591364888,0.17215669974541487,0.060217176702862786,0.3068010599054398,D,municipal_raion
Эхирит-Булагатский муниципальный район,2024-12-01,28198,-0.4556473268826168,0.4158805589048869,0.04010922760479466,0.026704021561812896,0.15423079651039082,0.05620966025959288,0.3068657351585219,G,municipal_raion
Южский муниципальный район,2024-12-01,28178,-0.4577920916885539,0.448541415288523,0.032010788558449854,0.010504649016963588,0.23450919156788985,0.03438853005891121,0.24004542550926256,G,municipal_raion
Юргамышский муниципальный округ,2024-12-01,27224,-0.561906247315416,0.4865559800176315,0.04227887158389656,0.010027916544225683,0.18325741992359681,0.04055245371730826,0.23732735821334128,G,municipal_okrug
Юргинский муниципальный район,2024-12-01,31374,-0.1330251544924132,0.4675527506852808,0.037037037037037035,0.006693440428380187,0.22553706891056288,0.047491553515649904,0.21568814942308923,G,municipal_raion
Юринский муниципальный район,2024-12-01,23048,-1.0652679473568885,0.4894133981256508,0.03523082263103089,0.006377993752169386,0.2900468587296078,0.03713988198542173,0.14179104477611937,G,municipal_raion
Юрьев-Польский муниципальный район,2024-12-01,34150,0.12325974545763126,0.43838945827232795,0.03850658857979502,0.012005856515373352,0.20758418740849194,0.03162518301610542,0.2718887262079064,G,municipal_raion
Юрьевецкий муниципальный район,2024-12-01,26316,-0.6644461835186378,0.45956832345341236,0.034655722754217966,0.007029943760449916,0.2580559355525156,0.030209758321933424,0.21048031615747076,G,municipal_raion
Юрьянский муниципальный район,2024-12-01,25007,-0.8186750721624485,0.4930219538529212,0.03335066181469189,0.013636181869076659,0.1937457511896669,0.02915183748550406,0.2370936137881393,G,municipal_raion
Юстинский муниципальный район,2024-12-01,24343,-0.900023853457071,0.3867641621821468,0.03536951074230785,0.00460091196647907,0.3414533952265538,0.0605512878445549,0.17126073203795755,G,municipal_raion
Ютазинский муниципальный район,2024-12-01,22646,-1.1184569687420094,0.4300980305572728,0.033560010597898086,0.015146162677735582,0.17830963525567428,0.040625275986929256,0.30226088492449,G,municipal_raion
Юхновский муниципальный район,2024-12-01,30201,-0.2482085970008788,0.4505479950995,0.05105791198966922,0.0126154763087315,0.24376676268997716,0.03887288500380782,0.2031389689083143,G,municipal_raion
Ядринский муниципальный округ,2024-12-01,22908,-1.0836854642800726,0.45477562423607476,0.04775624236074734,0.02531866596822071,0.16531342762353762,0.038327221931203075,0.2685088178802164,G,municipal_okrug
Яйский муниципальный округ,2024-12-01,32381,-0.03752693839854163,0.4441493468391958,0.04027052901392792,0.02461319909823662,0.17260121676291654,0.05262345202433526,0.2657422562613878,F,municipal_okrug
Яковлевский муниципальный округ,2024-12-01,33942,0.10479205806648767,0.48518060220375936,0.03429379529786106,0.016940663484768134,0.16887631842554945,0.04643214895999057,0.24827647162807143,G,municipal_okrug
Яльчикский муниципальный округ,2024-12-01,16864,-2.0095939004256294,0.4884369070208729,0.06641366223908918,0.009369070208728653,0.12411053130929792,0.057459677419354836,0.2542101518026564,G,municipal_okrug
Янаульский муниципальный район,2024-12-01,27654,-0.5145341091111499,0.3971938960005786,0.04892601431980907,0.033557532364214944,0.14883922759817747,0.055507340710204675,0.3159759890070153,G,municipal_raion
Янтиковский муниципальный округ,2024-12-01,17616,-1.8777186260052743,0.44022479564032696,0.0400772025431426,0.013964577656675749,0.1634309718437784,0.038033605812897366,0.30426884650317887,G,municipal_okrug
Яранский муниципальный район,2024-12-01,24852,-0.8374696879770795,0.45432963141799454,0.04156607114115564,0.024424593594076935,0.15656687590535973,0.04136488009013359,0.28174794785127966,G,municipal_raion
Ярковский муниципальный район,2024-12-01,29436,-0.3257642373995284,0.4517257779589618,0.03152602255741269,0.016340535398831364,0.20046881369751324,0.047900529963310234,0.2520383204239707,G,municipal_raion
Ярославский муниципальный район,2024-12-01,43737,0.8712044777794549,0.35521412076731373,0.04179527631067517,0.042092507487939274,0.19532661133593981,0.05544504652811121,0.3101264375700209,D,municipal_raion
Ярцевский муниципальный район,2024-12-01,34202,0.12785909185979225,0.41985848780773055,0.039208233436641135,0.0249985380971873,0.19598269107069763,0.034530144435997896,0.2854219051517455,F,municipal_raion
Ясногорский муниципальный район,2024-12-01,38504,0.48599813992509655,0.40990546436733843,0.038385622273010594,0.023114481612300022,0.2380791606066902,0.039969873259921046,0.2505453978807397,G,municipal_raion
Яшкинский муниципальный округ,2024-12-01,34515,0.1553967541171799,0.4319571200927133,0.04151818050123135,0.015877154860205706,0.19266985368680284,0.05058670143415906,0.2673909894248877,G,municipal_okrug
внутригородская территория города федерального значения  Александровский муниципальный округ,2024-12-01,56657,1.653577083293895,0.31932506133399224,0.05596837107506575,0.06498755670084896,0.16204529007889582,0.06428155391213795,0.33339216689905926,E,federal_intracity
внутригородская территория города федерального значения город Зеленогорск,2024-12-01,56968,1.6701245492586305,0.3158264288723494,0.047798764218508635,0.05346861395871366,0.2094860272433647,0.0689685437438562,0.3044516219632074,E,federal_intracity
внутригородская территория города федерального значения город Колпино,2024-12-01,49306,1.2334949059329203,0.3577455076461283,0.04812801687421409,0.057396665720196326,0.1754958828540137,0.06147324869184278,0.29976067821360486,D,federal_intracity
внутригородская территория города федерального значения город Красное Село,2024-12-01,53129,1.459231312005879,0.3539309981366109,0.04880573697980387,0.051553765363549095,0.19633345254004406,0.06649852246419093,0.28287752451580106,E,federal_intracity
внутригородская территория города федерального значения город Кронштадт,2024-12-01,52632,1.430820872237292,0.34800121599027206,0.04347165222678218,0.05603055175558595,0.19277245782033745,0.06195850433196534,0.29776561787505695,E,federal_intracity
внутригородская территория города федерального значения город Ломоносов,2024-12-01,52120,1.4012710403114619,0.3525518035303147,0.04858019953952417,0.052801227935533386,0.19412893323100539,0.06922486569455104,0.28271297006907137,E,federal_intracity
внутригородская территория города федерального значения город Павловск,2024-12-01,58511,1.7509099118467082,0.31753003708704347,0.04843533694518979,0.059202543111551674,0.2016031173625472,0.0673548563517971,0.30587410914187074,E,federal_intracity
внутригородская территория города федерального значения город Петергоф,2024-12-01,53930,1.5044649331905138,0.3367142592249212,0.05021323938438717,0.059725570183571296,0.1829408492490265,0.06844057111069905,0.30196551084739487,E,federal_intracity
внутригородская территория города федерального значения город Пушкин,2024-12-01,60380,1.8459572633562276,0.3049850944021199,0.05322954620735343,0.06475654190129182,0.17701225571381252,0.06825107651540245,0.3317654852600199,E,federal_intracity
внутригородская территория города федерального значения город Сестрорецк,2024-12-01,60145,1.83416939731985,0.30398204339512847,0.05438523568043894,0.06349655000415662,0.17933327791171336,0.07207581677612436,0.32672707623243824,E,federal_intracity
внутригородская территория города федерального значения городской округ Троицк,2024-12-01,61968,1.924430566271206,0.322924735347276,0.050913374644978054,0.04899302865995352,0.19229279628195198,0.06488832946036664,0.3199877356054738,E,federal_intracity
внутригородская территория города федерального значения городской округ Щербинка,2024-12-01,55774,1.6060952500174948,0.34577043066661883,0.04502097751640549,0.053196830064187614,0.18686126151970453,0.06343457525011655,0.30571592498296696,E,federal_intracity
внутригородская территория города федерального значения муниципальное образование Савелки,2024-12-01,65676,2.100103740099591,0.31408733784030696,0.05114501492173701,0.06372190754613558,0.1779341007369511,0.06038735611182167,0.3327242828430478,E,federal_intracity
внутригородская территория города федерального значения муниципальный округ Автово,2024-12-01,52058,1.397673052860206,0.32871028468246954,0.05307541588228514,0.06915363632871029,0.15937992239425255,0.05720542471858312,0.3324753159936993,E,federal_intracity
внутригородская территория города федерального значения муниципальный округ Адмиралтейский округ,2024-12-01,60098,1.8318062978862495,0.2904089986355619,0.05446104695663749,0.08336383906286399,0.14421444973210423,0.06391227661486239,0.36363938899797,B,federal_intracity
внутригородская территория города федерального значения муниципальный округ Академический,2024-12-01,77217,2.589458058672038,0.27769791626196305,0.059429918282243546,0.07899814807620084,0.14632788116606446,0.06278410194646257,0.37476203426706556,B,federal_intracity
внутригородская территория города федерального значения муниципальный округ Академическое,2024-12-01,56873,1.6650794591983789,0.3194485959945844,0.056793205914933274,0.07391908286884813,0.15655935153763648,0.05853392646774392,0.33474583721625384,E,federal_intracity
внутригородская территория города федерального значения муниципальный округ Алексеевский,2024-12-01,68675,2.235078209917133,0.2903967965052785,0.05593010556971242,0.07917000364033491,0.14775391336002913,0.06832180560611577,0.3584273753185293,B,federal_intracity
внутригородская территория города федерального значения муниципальный округ Алтуфьевский,2024-12-01,57957,1.7221524639509258,0.3463774867574236,0.04793208758217299,0.061614645340511066,0.16684783546422347,0.06651482996014287,0.310713114895526,E,federal_intracity
внутригородская территория города федерального значения муниципальный округ Аптекарский остров,2024-12-01,70088,2.2966422924643735,0.2623986987786782,0.05553019061750942,0.08985846364570255,0.14058041319484077,0.06594566830270517,0.3856865654605638,B,federal_intracity
внутригородская территория города федерального значения муниципальный округ Арбат,2024-12-01,86978,2.949282525557985,0.2331624088850054,0.06000367909126446,0.09847317712525007,0.11944399733265883,0.06771827358642415,0.4211984639793971,B,federal_intracity
внутригородская территория города федерального значения муниципальный округ Аэропорт,2024-12-01,75330,2.514669648551763,0.2711668657905217,0.058635337846807384,0.08068498606133015,0.13783353245718838,0.06369308376476836,0.3879861940793842,B,federal_intracity
внутригородская территория города федерального значения муниципальный округ Бабушкинский,2024-12-01,62559,1.9531232476196254,0.31590978116657875,0.05310187183298966,0.06539426781118624,0.16344570725235377,0.06163781390367493,0.3405105580332166,E,federal_intracity
внутригородская территория города федерального значения муниципальный округ Балканский,2024-12-01,51966,1.3923261990485665,0.3370473001577955,0.05642150636954932,0.06421506369549321,0.1598930069660932,0.06223299849901859,0.3201901243120502,E,federal_intracity
внутригородская территория города федерального значения муниципальный округ Басманный,2024-12-01,76256,2.551601511478909,0.2707983634074696,0.056231640788921525,0.08307543013008813,0.1398053923625682,0.062355749055812,0.38773342425514057,B,federal_intracity
внутригородская территория города федерального значения муниципальный округ Беговой,2024-12-01,78197,2.627580930838584,0.2627466526848856,0.057419082573500264,0.08339194598258245,0.13830453853728403,0.06880059337314731,0.3893371868486004,B,federal_intracity
внутригородская территория города федерального значения муниципальный округ Бескудниковский,2024-12-01,61687,1.9106920666889373,0.32689221391865386,0.050399597970398946,0.06644836027039733,0.1700034042829121,0.06612414285019534,0.3201322807074425,E,federal_intracity
внутригородская территория города федерального значения муниципальный округ Бибирево,2024-12-01,57724,1.7099755175817337,0.35020095627468645,0.04826415355831197,0.060546739657681384,0.1647841452428799,0.06068533019194789,0.3155186750744924,E,federal_intracity
внутригородская территория города федерального значения муниципальный округ Бирюлево Восточное,2024-12-01,59275,1.7901246839145166,0.3390974272458878,0.045584141712357654,0.058085196119780684,0.17334458034584563,0.06743146351750316,0.316457191058625,E,federal_intracity
внутригородская территория города федерального значения муниципальный округ Бирюлево Западное,2024-12-01,52964,1.4498288522470508,0.35318329431311835,0.04272713541273318,0.058209349746997964,0.17795106109810438,0.07314402235480703,0.29478513707423915,E,federal_intracity
внутригородская территория города федерального значения муниципальный округ Богородское,2024-12-01,63276,1.987571430767546,0.31797205891649283,0.05234212023516025,0.06697642075984575,0.16581326253239775,0.06286743789114356,0.33402869966495974,E,federal_intracity
внутригородская территория города федерального значения муниципальный округ Большая Охта,2024-12-01,58597,1.7553496349455624,0.3075072102667372,0.05365462395685786,0.07072034404491698,0.1521067631448709,0.06589074525999625,0.35012031332662075,E,federal_intracity
внутригородская территория города федерального значения муниципальный округ Братеево,2024-12-01,59521,1.802643920000141,0.33919120982510376,0.046605399774869376,0.05782832949715227,0.166764671292485,0.0616085079215739,0.3280018816888156,E,federal_intracity
внутригородская территория города федерального значения муниципальный округ Бутырский,2024-12-01,63555,2.000870566126641,0.30560931476673747,0.0520336716230037,0.07102509637322005,0.15657304696719376,0.06222956494374951,0.3525293053260955,B,federal_intracity
внутригородская территория города федерального значения муниципальный округ Васильевский,2024-12-01,59123,1.7823632247038919,0.2954349407168107,0.056881416707541904,0.08235373712430019,0.1416538402990376,0.06080543950746748,0.36287062564484207,B,federal_intracity
внутригородская территория города федерального значения муниципальный округ Введенский,2024-12-01,62780,1.963783081025753,0.28537750876075185,0.05149729213125199,0.0866199426568971,0.14268875438037593,0.06763300414144632,0.36618349792927685,B,federal_intracity
внутригородская территория города федерального значения муниципальный округ Вешняки,2024-12-01,55810,1.6080457435262414,0.3451711162874037,0.05215911127038165,0.060652212865077944,0.1586633219853073,0.0650421071492564,0.318312130442573,E,federal_intracity
внутригородская территория города федерального значения муниципальный округ Владимирский округ,2024-12-01,57165,1.6805597148171898,0.29584535992302985,0.05498119478702003,0.08372255750896528,0.14288463220502057,0.05725531356599318,0.36531094200997105,B,federal_intracity
внутригородская территория города федерального значения муниципальный округ Внуково,2024-12-01,56664,1.6539505325179877,0.34842227869546805,0.04591980799096428,0.05329662572356346,0.184720457433291,0.06489128900183538,0.30274954115487784,E,federal_intracity
внутригородская территория города федерального значения муниципальный округ Войковский,2024-12-01,70712,2.323435746117686,0.2895406720217219,0.05765640909605159,0.07160029415092205,0.1432005883018441,0.06066862767281367,0.37733340875664667,B,federal_intracity
внутригородская территория города федерального значения муниципальный округ Волковское,2024-12-01,51063,1.3393374940717373,0.3268707283160018,0.05315003035465993,0.06918904098858274,0.15285040048567455,0.060474316040969,0.337465483814112,E,federal_intracity
внутригородская территория города федерального значения муниципальный округ Восточное Дегунино,2024-12-01,60924,1.8730698284927336,0.3289836517628521,0.047140699888385526,0.0648184623465301,0.17392160724837502,0.06751034075241284,0.3176252380014445,E,federal_intracity
внутригородская территория города федерального значения муниципальный округ Восточное Измайлово,2024-12-01,63082,1.9782893947971958,0.3173964046796233,0.04865096223962462,0.0723502742462192,0.1636758504803272,0.06469357344408865,0.33323293491011696,E,federal_intracity
внутригородская территория города федерального значения муниципальный округ Восточный,2024-12-01,51374,1.3576922575055574,0.34091174524078327,0.044263635301903685,0.050395141511270294,0.19451473508000156,0.06548059329621987,0.3044341495698213,E,federal_intracity
внутригородская территория города федерального значения муниципальный округ Выхино-Жулебино,2024-12-01,59723,1.8128853162129408,0.33223381276895,0.049193777941496576,0.06138338663496475,0.15828072936724544,0.0638782378648092,0.33503005542253406,E,federal_intracity
внутригородская территория города федерального значения муниципальный округ Гавань,2024-12-01,63070,1.9777143111394229,0.2952275249722531,0.05600126843190106,0.07794514032027905,0.14081179641667987,0.06324718566671952,0.3667670841921674,B,federal_intracity
внутригородская территория города федерального значения муниципальный округ Гагаринский,2024-12-01,81364,2.7475922675773083,0.28250823460006885,0.06307457843763827,0.07451698539894794,0.13177818199695196,0.06116955901873064,0.3869524605476624,B,federal_intracity
внутригородская территория города федерального значения муниципальный округ Гагаринское,2024-12-01,58957,1.7738640658044487,0.3116847872178028,0.057126380243228116,0.06986447750055125,0.15519785606458944,0.06394490900147565,0.3421815899723527,E,federal_intracity
внутригородская территория города федерального значения муниципальный округ Георгиевский,2024-12-01,53303,1.4691150524330403,0.3361536874097143,0.05545654090764122,0.06579367014989776,0.15912800405230476,0.06372999643547267,0.31973810104496936,E,federal_intracity
внутригородская территория города федерального значения муниципальный округ Головинский,2024-12-01,63229,1.9853253048136486,0.3191415331572538,0.05255499849752487,0.06791187587973872,0.15853484951525407,0.06629869205586045,0.3355580508943681,E,federal_intracity
внутригородская территория города федерального значения муниципальный округ Гольяново,2024-12-01,57679,1.707618084595158,0.3426723764281628,0.04871790426325005,0.05988314637909811,0.1618960106797968,0.06678340470535203,0.3200471575443401,E,federal_intracity
внутригородская территория города федерального значения муниципальный округ Горелово,2024-12-01,54701,1.5473742709827578,0.33776347781576205,0.0498528363284035,0.05760406573920038,0.18328732564304126,0.07124184201385715,0.3002504524597356,E,federal_intracity
внутригородская территория города федерального значения муниципальный округ Гражданка,2024-12-01,55391,1.5852658702021998,0.32243505262587785,0.057428102038237255,0.07167229333285191,0.15493491722481992,0.06149013377624524,0.3320395010019678,E,federal_intracity
внутригородская территория города федерального значения муниципальный округ Даниловский,2024-12-01,68936,2.246544734235759,0.2868167575722409,0.05219333874898457,0.07763722873389811,0.14062318672391783,0.06379830567482883,0.3789311825461298,B,federal_intracity
внутригородская территория города федерального значения муниципальный округ Дачное,2024-12-01,53397,1.4744411297382642,0.3291757963930558,0.05436635016948518,0.06882409124108096,0.15675037923478846,0.0599097327565219,0.33097365020506775,E,federal_intracity
внутригородская территория города федерального значения муниципальный округ Дворцовый округ,2024-12-01,61764,1.9144629239078534,0.2766336377177644,0.05485396023573603,0.07803898711223366,0.13899682663039958,0.05733113140340652,0.39414545690045977,B,federal_intracity
внутригородская территория города федерального значения муниципальный округ Дмитровский,2024-12-01,61151,1.884311827535561,0.32493336167846804,0.04533041160406208,0.06483949567464146,0.17690634658468382,0.06608232081241516,0.32190806364572944,E,federal_intracity
внутригородская территория города федерального значения муниципальный округ Донской,2024-12-01,69208,2.2584484173603596,0.29606403883944055,0.05448792047162178,0.07684082764998267,0.14525777366778408,0.06567159865911455,0.36167784071205644,B,federal_intracity
внутригородская территория города федерального значения муниципальный округ Дорогомилово,2024-12-01,79801,2.6889587727501323,0.2595957444142304,0.05905941028307916,0.08318191501359633,0.12528665054322627,0.06774351198606533,0.40513276775980256,B,federal_intracity
внутригородская территория города федерального значения муниципальный округ Екатерингофский,2024-12-01,52104,1.4003429373288354,0.3239674497159527,0.05124366651312759,0.07435129740518961,0.15565023798556732,0.06266313526792569,0.33212421311223705,E,federal_intracity
внутригородская территория города федерального значения муниципальный округ Замоскворечье,2024-12-01,71595,2.360948930621947,0.2663454151826245,0.05593966059082338,0.08365109295341853,0.13643410852713178,0.0585515748306446,0.39907814791535723,B,federal_intracity
внутригородская территория города федерального значения муниципальный округ Западное Дегунино,2024-12-01,62005,1.9262349069708082,0.3176518022740102,0.04777034110152407,0.06536569631481332,0.17158293685993065,0.06720425772115152,0.3304249657285703,E,federal_intracity
внутригородская территория города федерального значения муниципальный округ Звездное,2024-12-01,61730,1.912798450008236,0.29964360926615907,0.05990604244289648,0.07221772233921918,0.15161185809168962,0.06338895188725094,0.35323181597278475,B,federal_intracity
внутригородская территория города федерального значения муниципальный округ Зюзино,2024-12-01,62968,1.9728216776612546,0.3136354973955025,0.05126413416338458,0.07086138991233643,0.1570797865582518,0.06363549739550248,0.3435236945750222,B,federal_intracity
внутригородская территория города федерального значения муниципальный округ Зябликово,2024-12-01,60155,1.8346719461806344,0.3397888787299476,0.052447843072063835,0.06140802925775081,0.16181531044800931,0.06398470617571274,0.3205552323165157,E,federal_intracity
внутригородская территория города федерального значения муниципальный округ Ивановский,2024-12-01,56147,1.6262437526786402,0.3094911571410761,0.0491388676153668,0.07304041177623025,0.16098812046948188,0.06124993321103532,0.3460915097868097,E,federal_intracity
внутригородская территория города федерального значения муниципальный округ Ивановское,2024-12-01,59222,1.7874206479576713,0.34392624362567964,0.04935665799871669,0.0603829657897403,0.15975482084360543,0.06597210496099422,0.32060720678126375,E,federal_intracity
внутригородская территория города федерального значения муниципальный округ Измайлово,2024-12-01,62081,1.9299377455572413,0.3127688020489361,0.05293084840772539,0.07346853304553728,0.15156005863307614,0.06174191781704547,0.3475298400476796,B,federal_intracity
внутригородская территория города федерального значения муниципальный округ Измайловское,2024-12-01,61435,1.8983180868289191,0.28583055261658663,0.056368519573533005,0.08198909416456418,0.1446895092374054,0.06029136485716611,0.37083095955074463,B,federal_intracity
внутригородская территория города федерального значения муниципальный округ Капотня,2024-12-01,50299,1.2937684066762496,0.3525119783693513,0.04403666076860375,0.051849937374500485,0.1682737231356488,0.07336129942941212,0.3099664009224835,E,federal_intracity
внутригородская территория города федерального значения муниципальный округ Княжево,2024-12-01,53450,1.4774399987162605,0.331000935453695,0.05403180542563143,0.07047708138447147,0.1566136576239476,0.05857811038353602,0.3292984097287185,E,federal_intracity
внутригородская территория города федерального значения муниципальный округ Коломна,2024-12-01,57800,1.7139527901629166,0.3029757785467128,0.04927335640138408,0.08122837370242214,0.15076124567474047,0.06608996539792387,0.3496712802768166,B,federal_intracity
внутригородская территория города федерального значения муниципальный округ Коломяги,2024-12-01,63877,2.0161470081411013,0.30388089609718677,0.05471452948635659,0.0712306463985472,0.1586016876183916,0.06863190193653428,0.34294033846298366,B,federal_intracity
внутригородская территория города федерального значения муниципальный округ Комендантский аэродром,2024-12-01,59962,1.8249579679683676,0.31004636269637437,0.05670257829958974,0.07272939528367967,0.15441446249291219,0.05903739034721991,0.34706981088022415,E,federal_intracity
внутригородская территория города федерального значения муниципальный округ Константиновское,2024-12-01,52378,1.416197490261884,0.34856237351559816,0.05088014051701096,0.05769597922792012,0.17358432929856046,0.0636526786055214,0.3056244988353889,E,federal_intracity
внутригородская территория города федерального значения муниципальный округ Коньково,2024-12-01,63553,2.0007754397336206,0.31181848221169733,0.05562286595440027,0.07302566361934133,0.15102355514295154,0.06271930514688527,0.3457901279247243,B,federal_intracity
внутригородская территория города федерального значения муниципальный округ Коптево,2024-12-01,62587,1.9544758962116915,0.31393100803681273,0.052998226468755495,0.06710658763001902,0.16399571796059884,0.06304823685429882,0.3389202230495151,E,federal_intracity
внутригородская территория города федерального значения муниципальный округ Косино-Ухтомский,2024-12-01,61736,1.9130922473023604,0.3358332253466373,0.04810807308539588,0.057373331605546196,0.16826486976804458,0.06403071141635351,0.3263897887780225,E,federal_intracity
внутригородская территория города федерального значения муниципальный округ Котловка,2024-12-01,63627,2.004293124088926,0.32321184402847847,0.0511260942681566,0.06688984236251906,0.15620727049837332,0.06819432002137457,0.3343706288210979,E,federal_intracity
внутригородская территория города федерального значения муниципальный округ Красненькая речка,2024-12-01,54560,1.539572411898764,0.32778592375366566,0.05043988269794721,0.06741202346041056,0.15183284457478005,0.059494134897360704,0.34303519061583587,E,federal_intracity
внутригородская территория города федерального значения муниципальный округ Красносельский,2024-12-01,67626,2.1885486505187526,0.2848904267589389,0.052065773519060714,0.0757253127495342,0.14410138112560258,0.05928193298435513,0.38393517286250844,B,federal_intracity
внутригородская территория города федерального значения муниципальный округ Кронверкское,2024-12-01,62003,1.9261374025713842,0.28235730529167946,0.05515862135703111,0.09030208215731497,0.13742883408867312,0.0615454090931084,0.37320774801219303,B,federal_intracity
внутригородская территория города федерального значения муниципальный округ Крылатское,2024-12-01,78807,2.6510699683985615,0.2835281129848871,0.057050769601685127,0.07256969558541754,0.1430964254444402,0.06527338941972159,0.37848160696384836,B,federal_intracity
внутригородская территория города федерального значения муниципальный округ Крюково,2024-12-01,63703,2.00790162503879,0.32331287380500134,0.04745459397516601,0.058976814278762384,0.18697706544432757,0.06368616862628133,0.31959248387046135,E,federal_intracity
внутригородская территория города федерального значения муниципальный округ Кузьминки,2024-12-01,57253,1.6852094939573654,0.3356505335964928,0.046966971163083154,0.06755977852688942,0.15730180077899847,0.06659913017658463,0.3259217857579516,E,federal_intracity
внутригородская территория города федерального значения муниципальный округ Кунцево,2024-12-01,70105,2.2973753980244696,0.3053562513372798,0.05674345624420512,0.06570144782825761,0.1505028172027673,0.0636759146993795,0.35802011268811074,B,federal_intracity
внутригородская территория города федерального значения муниципальный округ Купчино,2024-12-01,53593,1.4855164753848087,0.3313492433713358,0.055697572444162485,0.0673595432239285,0.16078592353479,0.0626201182990316,0.32218759912675166,E,federal_intracity
внутригородская территория города федерального значения муниципальный округ Куркино,2024-12-01,85577,2.9001958014451232,0.25784965586547787,0.05582107341925985,0.06830106220129241,0.14831087792280637,0.06846465755985838,0.4012526730313051,B,federal_intracity
внутригородская территория города федерального значения муниципальный округ Ланское,2024-12-01,64055,2.024558732099963,0.28734681133400986,0.056857388182031066,0.07799547264069939,0.15238466942471313,0.06377331980329404,0.3616423386152525,B,federal_intracity
внутригородская территория города федерального значения муниципальный округ Лахта-Ольгино,2024-12-01,56661,1.6537904884999104,0.31612573022008084,0.04959319461357901,0.0682127036233035,0.18531264891195,0.07530753075307531,0.3054481918780113,E,federal_intracity
внутригородская территория города федерального значения муниципальный округ Левобережный,2024-12-01,71895,2.3735888461358123,0.2920926350928437,0.056818972112107936,0.067306488629251,0.14839696780026426,0.06481674664441199,0.37056818972112116,B,federal_intracity
внутригородская территория города федерального значения муниципальный округ Лефортово,2024-12-01,66098,2.1194647552882695,0.3046990831795213,0.05054615873400103,0.07550909255953281,0.15194105721807014,0.06222578595418923,0.35507882235468546,B,federal_intracity
внутригородская территория города федерального значения муниципальный округ Лианозово,2024-12-01,62757,1.96267543749813,0.3288398106984081,0.04828146660930255,0.06290931688895263,0.16640374778909126,0.0634988925538187,0.3300667654604268,E,federal_intracity
внутригородская территория города федерального значения муниципальный округ Лиговка-Ямская,2024-12-01,60563,1.8551050200128634,0.2875187820946783,0.0551656952264584,0.07625117646087545,0.14446113963971402,0.060895266086554496,0.3757079404917194,B,federal_intracity
внутригородская территория города федерального значения муниципальный округ Литейный округ,2024-12-01,62695,1.959687592561732,0.27928861950713774,0.05793125448600367,0.08290932291251296,0.13707632187574767,0.05842571177924875,0.3843687694393493,B,federal_intracity
внутригородская территория города федерального значения муниципальный округ Ломоносовский,2024-12-01,81169,2.740338941741886,0.2780371816826621,0.06066355381980806,0.07198561026993064,0.14321970210301962,0.06172307161601104,0.3843708805085686,B,federal_intracity
внутригородская территория города федерального значения муниципальный округ Лосиноостровский,2024-12-01,64441,2.0427198643774473,0.324389751866048,0.050061296379634086,0.061482596483605156,0.1671296224453376,0.06705358389844975,0.3298831489269254,E,federal_intracity
внутригородская территория города федерального значения муниципальный округ Люблино,2024-12-01,56694,1.6555505068265914,0.3289766112816171,0.04522524429392881,0.06519208381839348,0.16419726955233357,0.070007408191343,0.32640138286238407,E,federal_intracity
внутригородская территория города федерального значения муниципальный округ Малая Охта,2024-12-01,56617,1.6514422021975632,0.3212286062490065,0.05634350106858364,0.07305226345443948,0.14808273133511135,0.0595050956426515,0.34178780225020744,E,federal_intracity
внутригородская территория города федерального значения муниципальный округ Марфино,2024-12-01,70958,2.333933625266262,0.30739310578088447,0.05549761830942247,0.07177485272978382,0.16079934609205446,0.06736379266608417,0.3371712844217706,B,federal_intracity
внутригородская территория города федерального значения муниципальный округ Марьина роща,2024-12-01,68655,2.2341977522131953,0.29346733668341707,0.05486854562668415,0.07636734396620785,0.14711237346151046,0.06365159128978225,0.36453280897239815,B,federal_intracity
внутригородская территория города федерального значения муниципальный округ Марьино,2024-12-01,61062,1.8799091528392722,0.3256198617798303,0.047787494677540863,0.06660443483672333,0.1617700042579673,0.06395139366545478,0.33426681078248344,E,federal_intracity
внутригородская территория города федерального значения муниципальный округ Матушкино,2024-12-01,61925,1.9223322757298764,0.33521194993944287,0.04863948324586193,0.06062171982236576,0.1858861526039564,0.06034719418651595,0.3092935002018571,E,federal_intracity
внутригородская территория города федерального значения муниципальный округ Метрогородок,2024-12-01,55073,1.567861774068365,0.3452871643091896,0.0488624189711837,0.058449694042452746,0.1785448404844479,0.06219018393768271,0.3066656982550433,E,federal_intracity
внутригородская территория города федерального значения муниципальный округ Мещанский,2024-12-01,72683,2.4065401211978292,0.2767359630174869,0.05818416961325207,0.08330696311379553,0.13518979678879517,0.06421033804328385,0.3823727694233865,B,federal_intracity
внутригородская территория города федерального значения муниципальный округ Митино,2024-12-01,69009,2.249744077627962,0.3089452100450666,0.049732643568230234,0.06307872886145285,0.16357286730716283,0.06364387253836457,0.35102667767972295,B,federal_intracity
внутригородская территория города федерального значения муниципальный округ Можайский,2024-12-01,65514,2.0926382483060633,0.31179595201025734,0.05290472265469976,0.0676649265805782,0.1559513997008273,0.0719540861495253,0.3397289129041121,B,federal_intracity
внутригородская территория города федерального значения муниципальный округ Молжаниновский,2024-12-01,61461,1.89959711327942,0.3248238720489416,0.04516685377719204,0.05401799515139682,0.18411675696783325,0.06584663445111534,0.32602788760352086,E,federal_intracity
внутригородская территория города федерального значения муниципальный округ Морские ворота,2024-12-01,49221,1.2282792649014946,0.33154547855590094,0.04662643993417444,0.0644440381138132,0.17474248796245506,0.06474878608723919,0.3178927693464172,D,federal_intracity
внутригородская территория города федерального значения муниципальный округ Морской,2024-12-01,63161,1.9820726336466412,0.2994411108120517,0.05454315162837827,0.07398552904482196,0.1501084530010608,0.0660692515951299,0.3558525039185574,B,federal_intracity
внутригородская территория города федерального значения муниципальный округ Москворечье-Сабурово,2024-12-01,64129,2.0280488642187904,0.3174071013114192,0.049431614402220526,0.07068564923825414,0.16087885356079154,0.06739540613451013,0.3342013753528045,E,federal_intracity
внутригородская территория города федерального значения муниципальный округ Московская застава,2024-12-01,61854,1.9188644653213847,0.2869337472111747,0.0598506159666311,0.0758075468037637,0.14594044039189058,0.06070747243508908,0.3707601771914508,B,federal_intracity
внутригородская территория города федерального значения муниципальный округ Нагатино-Садовники,2024-12-01,67084,2.1642240501977885,0.30253115496988847,0.0504740325561982,0.07059805616838591,0.1581599189076382,0.06688629181324907,0.3513505455846402,B,federal_intracity
внутригородская территория города федерального значения муниципальный округ Нагатинский затон,2024-12-01,65113,2.0740791572244635,0.3122417950332499,0.05349162225669221,0.07070784635940595,0.16133491007940043,0.06269101408320919,0.3395328121880422,B,federal_intracity
внутригородская территория города федерального значения муниципальный округ Нагорный,2024-12-01,63880,2.0162889728737374,0.305275516593613,0.05391358797745773,0.07028804007514089,0.15760801502817784,0.061834690043832186,0.3510801502817784,B,federal_intracity
внутригородская территория города федерального значения муниципальный округ Нарвский округ,2024-12-01,52058,1.397673052860206,0.3268277690268547,0.050616619923931,0.07126666410542087,0.1533673979023397,0.0598178954243344,0.33810365361711936,E,federal_intracity
внутригородская территория города федерального значения муниципальный округ Народный,2024-12-01,53191,1.462756811770098,0.33274426124720347,0.04921885281344588,0.06410858979902614,0.16750954108777802,0.07038784756819763,0.3160309074843488,E,federal_intracity
внутригородская территория города федерального значения муниципальный округ Невская застава,2024-12-01,53465,1.478288195342697,0.3251285887964089,0.05366127373047788,0.06920415224913495,0.1656971850743477,0.06312540914617039,0.3231833910034603,E,federal_intracity
внутригородская территория города федерального значения муниципальный округ Невский округ,2024-12-01,56979,1.6707081740210334,0.3213815616279682,0.05442355955702978,0.068428719352744,0.1544077642640271,0.06267221256954317,0.33868618262868777,E,federal_intracity
внутригородская территория города федерального значения муниципальный округ Некрасовка,2024-12-01,58729,1.7621514335566852,0.3235198964736331,0.04359004920907899,0.05860818335064449,0.19126836826780635,0.06456776039094825,0.3184457423078888,E,federal_intracity
внутригородская территория города федерального значения муниципальный округ Нижегородский,2024-12-01,59254,1.7890535627565116,0.3207040874877645,0.04603908596887974,0.06708407871198568,0.16213251426064063,0.06784352111249874,0.3361967124582307,E,federal_intracity
внутригородская территория города федерального значения муниципальный округ Ново-Переделкино,2024-12-01,64600,2.0501691314220962,0.33195046439628484,0.050681114551083595,0.060572755417956654,0.16712074303405572,0.06622291021671826,0.323452012383901,E,federal_intracity
внутригородская территория города федерального значения муниципальный округ Новогиреево,2024-12-01,61406,1.8968908416590173,0.3235677295378302,0.04843174934045533,0.06961860404520731,0.16097775461681268,0.06382112497150115,0.3335830374881933,E,federal_intracity
внутригородская территория города федерального значения муниципальный округ Новоизмайловское,2024-12-01,56486,1.644439892988179,0.32108841128775273,0.0550755939524838,0.07019438444924406,0.15664058350741777,0.061130191551888965,0.33587083525121275,E,federal_intracity
внутригородская территория города федерального значения муниципальный округ Новокосино,2024-12-01,61524,1.902694050211078,0.33203302776152394,0.05051687146479423,0.060366686171250246,0.1666016513880762,0.06022040179442169,0.3302613614199337,E,federal_intracity
внутригородская территория города федерального значения муниципальный округ Обручевский,2024-12-01,76175,2.5483889186901547,0.27884476534296027,0.05631768953068592,0.07384312438464063,0.14017722349852313,0.06240892681325894,0.3884082704299311,B,federal_intracity
внутригородская территория города федерального значения муниципальный округ Обуховский,2024-12-01,54468,1.5344709599057353,0.32747668355731807,0.049790702797973124,0.0671586986854667,0.16909010795329368,0.06453330395828744,0.32195050304766104,E,federal_intracity
внутригородская территория города федерального значения муниципальный округ Озеро Долгое,2024-12-01,58887,1.770272907625252,0.31161376874352575,0.0568206904749775,0.0726306315485591,0.15543328748280605,0.06057364104131642,0.34292798070881514,E,federal_intracity
внутригородская территория города федерального значения муниципальный округ Оккервиль,2024-12-01,52222,1.4071810075358502,0.3382290988472291,0.05346405729386083,0.06541304431082685,0.1602772777756501,0.06263643675079468,0.31998008502163844,E,federal_intracity
внутригородская территория города федерального значения муниципальный округ Орехово-Борисово Северное,2024-12-01,62047,1.9282817731762611,0.32957274324302543,0.05133205473270263,0.0637903524747369,0.157251760762003,0.06314567988782697,0.33490740889970505,E,federal_intracity
внутригородская территория города федерального значения муниципальный округ Орехово-Борисово Южное,2024-12-01,62762,1.962916264097472,0.3223606640961091,0.048707816831840924,0.061980179089257834,0.16221599056754088,0.06475255727988273,0.33998279213536853,E,federal_intracity
внутригородская территория города федерального значения муниципальный округ Останкинский,2024-12-01,70748,2.324974300230704,0.2846723582292079,0.05325945609769887,0.07738734663877424,0.1533894951094024,0.0643551761180528,0.3669361678068639,B,federal_intracity
внутригородская территория города федерального значения муниципальный округ Остров Декабристов,2024-12-01,62853,1.9672959592719752,0.2930965904570983,0.055271824733902915,0.07649595086948913,0.1415525114155251,0.06270185989531128,0.37088126262867327,B,federal_intracity
внутригородская территория города федерального значения муниципальный округ Отрадное,2024-12-01,61053,1.8794635813277412,0.3200334135914697,0.050546246703683684,0.06882544674299379,0.16269470787676282,0.06324013561987125,0.33466004946521877,E,federal_intracity
внутригородская территория города федерального значения муниципальный округ Очаково-Матвеевское,2024-12-01,69271,2.261198847255884,0.2913629079990184,0.049703339059635344,0.07349395851077652,0.15772834230774782,0.0735372666772531,0.3541741854455688,B,federal_intracity
внутригородская территория города федерального значения муниципальный округ Перово,2024-12-01,58632,1.7571546337396686,0.3360281075180789,0.05249693000409333,0.06283258288988948,0.16434711420384773,0.06283258288988948,0.32146268249420107,E,federal_intracity
внутригородская территория города федерального значения муниципальный округ Печатники,2024-12-01,55431,1.5874479867653002,0.3485775107791669,0.04833035665963089,0.06406162616586386,0.17041005935306958,0.06514405296675145,0.3034763940755174,E,federal_intracity
внутригородская территория города федерального значения муниципальный округ Пискаревка,2024-12-01,61265,1.8899418575668265,0.3063249816371501,0.054696808944748224,0.0731086264588264,0.16134824124704153,0.06723251448624827,0.3372888272259855,B,federal_intracity
внутригородская территория города федерального значения муниципальный округ Покровское-Стрешнево,2024-12-01,65939,2.1121845168181297,0.29524257268081106,0.05200260847146605,0.07035290192450598,0.1541576305373148,0.06386205432293483,0.3643822320629674,B,federal_intracity
внутригородская территория города федерального значения муниципальный округ Полюстрово,2024-12-01,54397,1.530528075431067,0.33553320955199734,0.0514734268433921,0.06390058275272534,0.16888799014651543,0.06879055830284758,0.3114142324025222,E,federal_intracity
внутригородская территория города федерального значения муниципальный округ Пороховые,2024-12-01,51927,1.3900567404753421,0.3417489937797292,0.053113024052997476,0.06270341055712828,0.15775993221252912,0.06464844878386966,0.32002619061374626,E,federal_intracity
внутригородская территория города федерального значения муниципальный округ Посадский,2024-12-01,70917,2.33218650857244,0.26045941029654385,0.05330174711282203,0.09078218198739371,0.144887685604298,0.06117010025804814,0.3893988747408943,B,federal_intracity
внутригородская территория города федерального значения муниципальный округ Правобережный,2024-12-01,58936,1.7727871662450914,0.3178532645581648,0.05541604452287227,0.06797203746436813,0.15574521514863582,0.06335686168046695,0.339656576625492,E,federal_intracity
внутригородская территория города федерального значения муниципальный округ Преображенское,2024-12-01,62188,1.9351432761197154,0.31367787997684443,0.053708110889560685,0.07276323406444973,0.15289123303531227,0.06475525824917991,0.34220428378465295,B,federal_intracity
внутригородская территория города федерального значения муниципальный округ Пресненский,2024-12-01,82868,2.802958645757887,0.2527272288458754,0.05980595646087754,0.08500265482454024,0.12886759665974803,0.0665878264227446,0.4070087367862142,B,federal_intracity
внутригородская территория города федерального значения муниципальный округ Прометей,2024-12-01,55346,1.582809104711569,0.3307014057023091,0.053391392331875835,0.07001409315939724,0.1622158782929209,0.06388898926751707,0.31978824124597993,E,federal_intracity
внутригородская территория города федерального значения муниципальный округ Проспект Вернадского,2024-12-01,79349,2.671788512464515,0.2713959848265258,0.05954706423521405,0.08127386608526888,0.1308271055715888,0.06453767533302247,0.39241830394837995,B,federal_intracity
внутригородская территория города федерального значения муниципальный округ Пулковский меридиан,2024-12-01,58084,1.7287690863498095,0.3107051855932787,0.05600509606776393,0.06893464637421665,0.15816748157840368,0.06504372977067695,0.34114386061566004,E,federal_intracity
внутригородская территория города федерального значения муниципальный округ Раменки,2024-12-01,88176,2.990633662024113,0.24529350390128835,0.05952866993286155,0.08699646162221013,0.1332562148430412,0.06714979132643803,0.4077753583741607,B,federal_intracity
внутригородская территория города федерального значения муниципальный округ Ржевка,2024-12-01,53916,1.5036801170692418,0.3352993545515246,0.05106090956302396,0.06302396320201796,0.17078418280287855,0.06690036352845166,0.31293122635210324,E,federal_intracity
внутригородская территория города федерального значения муниципальный округ Ростокино,2024-12-01,67293,2.1736270324057405,0.28797943322485253,0.04848944169527291,0.07384126134962031,0.16182961080647318,0.0689224733627569,0.35893777956102413,B,federal_intracity
внутригородская территория города федерального значения муниципальный округ Рыбацкое,2024-12-01,53719,1.492614971923007,0.3295668199333569,0.0510992386306521,0.06772277964965841,0.17213648802099815,0.06506077924011988,0.3144138945252146,E,federal_intracity
внутригородская территория города федерального значения муниципальный округ Рязанский,2024-12-01,64586,2.049513957647306,0.31503731458830087,0.04829219954788964,0.06679466138172359,0.16184622054315176,0.0659121171770972,0.34211748676183695,E,federal_intracity
внутригородская территория города федерального значения муниципальный округ Савеловский,2024-12-01,66285,2.128004671229547,0.28833069321867694,0.0540846345326997,0.07772497548464961,0.15833144753715017,0.06659123481934072,0.3549370144074828,B,federal_intracity
внутригородская территория города федерального значения муниципальный округ Сампсониевское,2024-12-01,61981,1.925064646549754,0.29200884141914457,0.055194333747438734,0.07800777657669286,0.15509591649053742,0.06005066068633936,0.35964247107984704,B,federal_intracity
внутригородская территория города федерального значения муниципальный округ Светлановское,2024-12-01,63638,2.0048156738139897,0.2910053741475219,0.058392784185549516,0.07506521260881863,0.15297463779502812,0.06211697413495081,0.36044501712813104,B,federal_intracity
внутригородская территория города федерального значения муниципальный округ Свиблово,2024-12-01,67365,2.176859575305079,0.2939063311808803,0.05265345505826468,0.07288651376827729,0.15105767089735025,0.06068433162621539,0.3688116974690121,B,federal_intracity
внутригородская территория города федерального значения муниципальный округ Северное Бутово,2024-12-01,67934,2.202284762504651,0.30348573615568053,0.04839991756705037,0.06847822886919658,0.16346748314540582,0.06443018223569935,0.3517384520269673,B,federal_intracity
внутригородская территория города федерального значения муниципальный округ Северное Измайлово,2024-12-01,56852,1.6639630914705152,0.33133399000914654,0.05079856469429395,0.06392035460493914,0.15777809048054597,0.06580243439105045,0.330366565820024,E,federal_intracity
внутригородская территория города федерального значения муниципальный округ Северное Медведково,2024-12-01,60960,1.8748554924556664,0.3337926509186352,0.051131889763779526,0.06425524934383202,0.1712762467191601,0.060039370078740155,0.319504593175853,E,federal_intracity
внутригородская территория города федерального значения муниципальный округ Северное Тушино,2024-12-01,61553,1.904118558639979,0.32817246925413873,0.05088297889623576,0.06982600360664792,0.15891995516059332,0.06241775380566341,0.32978083927672086,E,federal_intracity
внутригородская территория города федерального значения муниципальный округ Семеновский,2024-12-01,56297,1.6343086556981963,0.30516723804110346,0.0514236993090218,0.08119437980709451,0.15997300033749579,0.058120326127502356,0.34412135637778196,B,federal_intracity
внутригородская территория города федерального значения муниципальный округ Сенной округ,2024-12-01,55071,1.5677519966355136,0.2858128597628516,0.05235060195020973,0.08280220079533693,0.14595703727914874,0.05538305097056527,0.37769424924188766,B,federal_intracity
внутригородская территория города федерального значения муниципальный округ Сергиевское,2024-12-01,53327,1.4704757943368432,0.3335083541170514,0.05436270557128659,0.06777054775254561,0.16213175314568606,0.06143229508504135,0.32079434432838905,E,federal_intracity
внутригородская территория города федерального значения муниципальный округ Силино,2024-12-01,62164,1.9339764600769191,0.33102760440126117,0.05269931149861656,0.056045299530274754,0.18324110417605044,0.0602760440126118,0.31671063638118535,E,federal_intracity
внутригородская территория города федерального значения муниципальный округ Смольнинское,2024-12-01,63129,1.9805407529502768,0.2797288092635714,0.059845712746915046,0.07970980056709277,0.14403839756688686,0.05872103153859557,0.3779562483169384,B,federal_intracity
внутригородская территория города федерального значения муниципальный округ Сокол,2024-12-01,72550,2.401003684060989,0.28224672639558923,0.05557546519641626,0.08329427980702964,0.1413094417643005,0.06464507236388697,0.3729290144727775,B,federal_intracity
внутригородская территория города федерального значения муниципальный округ Соколиная гора,2024-12-01,59720,1.8127334698230515,0.31997655726724716,0.05261219022103148,0.0676992632283992,0.15492297387809778,0.06136972538513061,0.34341929002009375,E,federal_intracity
внутригородская территория города федерального значения муниципальный округ Сокольники,2024-12-01,70842,2.328987947980821,0.2861579289122272,0.056647186697157056,0.0741650433358742,0.14604330764235907,0.061827729313119334,0.37515880409926317,B,federal_intracity
внутригородская территория города федерального значения муниципальный округ Солнцево,2024-12-01,66291,2.1282782801535824,0.3082017166734549,0.04976542818783847,0.06592146746918888,0.16195260291743976,0.06569519240922599,0.34846359234285207,B,federal_intracity
внутригородская территория города федерального значения муниципальный округ Сосновая поляна,2024-12-01,56497,1.6450284973871154,0.33024762376763367,0.05016195550206206,0.0662336053241765,0.165035311609466,0.06911871426801423,0.31920278952864767,E,federal_intracity
внутригородская территория города федерального значения муниципальный округ Сосновское,2024-12-01,57386,1.6922234552678799,0.3204788624403165,0.05719164953124455,0.06830934374237618,0.1594639807618583,0.06167009375108912,0.3328860697731154,E,federal_intracity
внутригородская территория города федерального значения муниципальный округ Старое Крюково,2024-12-01,60877,1.8707369563091973,0.3442022438687846,0.0488033247367643,0.05933275292803522,0.18634295382492566,0.0608111437817238,0.30050758085976637,E,federal_intracity
внутригородская территория города федерального значения муниципальный округ Строгино,2024-12-01,66597,2.14219959796152,0.32337792993678394,0.05139871165367809,0.06312596663513372,0.15574275117497785,0.06392179827920176,0.34243284232022464,B,federal_intracity
внутригородская территория города федерального значения муниципальный округ Таганский,2024-12-01,72598,2.403002966338966,0.2809857020854569,0.055194357971293975,0.07723353260420397,0.14507286702113006,0.062122923496515055,0.3793906168214001,B,federal_intracity
внутригородская территория города федерального значения муниципальный округ Тверской,2024-12-01,79252,2.668090998811329,0.24781708978953212,0.058080553172159696,0.09177055468631706,0.12350476959571999,0.06196689042547822,0.41686014233079294,B,federal_intracity
внутригородская территория города федерального значения муниципальный округ Текстильщики,2024-12-01,58134,1.7313700875520168,0.3361888051742526,0.049557917913785395,0.06282038050022362,0.16238345890528777,0.06493618192451922,0.3241132555819314,E,federal_intracity
внутригородская территория города федерального значения муниципальный округ Теплый Стан,2024-12-01,65946,2.1125053997048013,0.3103296636642101,0.05639462590604434,0.06467412731628909,0.14972856579625754,0.06452248809632123,0.35435052922087773,B,federal_intracity
внутригородская территория города федерального значения муниципальный округ Тимирязевский,2024-12-01,63335,1.99038867516115,0.3008289255545907,0.05115654851188127,0.07578747927686114,0.15602747296123787,0.06475092760716823,0.35144864608826076,B,federal_intracity
внутригородская территория города федерального значения муниципальный округ Тропарево-Никулино,2024-12-01,78267,2.630285683516066,0.27346135663817445,0.05738050519375982,0.07483358248048347,0.1399951448247665,0.0640883130821419,0.39024109778067384,B,federal_intracity
внутригородская территория города федерального значения муниципальный округ Ульянка,2024-12-01,52817,1.4414274096350237,0.3386977677641668,0.053410833633110555,0.06681560861086393,0.15981596834352577,0.06537667796353447,0.3158831436847984,E,federal_intracity
внутригородская территория города федерального значения муниципальный округ Урицк,2024-12-01,54447,1.5333052901634447,0.3387147133910041,0.05440152809153856,0.06110529505757893,0.16924715778647126,0.06426433044979521,0.312266975223612,E,federal_intracity
внутригородская территория города федерального значения муниципальный округ Филевский парк,2024-12-01,77380,2.595832331125715,0.2837167226673559,0.05533729645903334,0.07522615662962005,0.14324114758335488,0.066502972344275,0.37597570431636074,B,federal_intracity
внутригородская территория города федерального значения муниципальный округ Фили-Давыдково,2024-12-01,68709,2.236574399711887,0.30763073250956935,0.057503383836178666,0.06740019502539696,0.1459634109068681,0.06451847647324223,0.35698380124874474,B,federal_intracity
внутригородская территория города федерального значения муниципальный округ Финляндский округ,2024-12-01,54248,1.5222368119658385,0.322094823772305,0.05240746202624982,0.0727031411296269,0.16549918891019025,0.06407609497124318,0.3232192891903849,E,federal_intracity
внутригородская территория города федерального значения муниципальный округ Хамовники,2024-12-01,89485,3.03517869886506,0.2429569201542158,0.06373135162317707,0.0872883723529083,0.12643459797731463,0.06513940883947031,0.41444934905291386,B,federal_intracity
внутригородская территория города федерального значения муниципальный округ Ховрино,2024-12-01,69490,2.270740442145142,0.3023456612462225,0.052007483091092245,0.06772197438480357,0.15713052237732048,0.06459922290977119,0.35619513599079,B,federal_intracity
внутригородская территория города федерального значения муниципальный округ Хорошево-Мневники,2024-12-01,74685,2.488675737789113,0.2845015732744192,0.054441989690031466,0.07412465689228091,0.14674968199772379,0.06887594563834773,0.3713061525071969,B,federal_intracity
внутригородская территория города федерального значения муниципальный округ Хорошевский,2024-12-01,83844,2.838352824270356,0.25718000095415294,0.05664090453699728,0.07819283431134011,0.13770812461237536,0.06466771623491245,0.4056104193502219,B,federal_intracity
внутригородская территория города федерального значения муниципальный округ Царицыно,2024-12-01,57644,1.7057832536954751,0.3568454652695857,0.04925057247935605,0.060040940947887034,0.17273263479286657,0.06345846922489765,0.297671917285407,E,federal_intracity
внутригородская территория города федерального значения муниципальный округ Черемушки,2024-12-01,71715,2.3660112410212095,0.287025029631179,0.05576239280485254,0.07549327197936276,0.1440005577633689,0.06461688628599317,0.3731018615352436,B,federal_intracity
внутригородская территория города федерального значения муниципальный округ Чертаново Северное,2024-12-01,64635,2.051806444862887,0.31407132358629225,0.05252572135839716,0.06802815811866636,0.1556586988473737,0.059580722518759184,0.3501353755705112,B,federal_intracity
внутригородская территория города федерального значения муниципальный округ Чертаново Центральное,2024-12-01,59645,1.8089348289461489,0.32802414284516723,0.05078380417470031,0.06406236901668204,0.16049962276804428,0.06392824209908626,0.3327018190963198,E,federal_intracity
внутригородская территория города федерального значения муниципальный округ Чертаново Южное,2024-12-01,62910,1.9700360561377717,0.32166587188046414,0.04652678429502464,0.0662692735654109,0.1633444603401685,0.06733428707677634,0.33485932284215547,E,federal_intracity
внутригородская территория города федерального значения муниципальный округ Чкаловское,2024-12-01,79505,2.677725559671833,0.24141877869316394,0.06329161687944154,0.0873655744921703,0.13669580529526446,0.06985724168291302,0.40137098295704665,B,federal_intracity
внутригородская территория города федерального значения муниципальный округ Шувалово-Озерки,2024-12-01,56882,1.6655577763285783,0.3214901023170775,0.05613375057135825,0.0671389894870082,0.15818712422207376,0.06130234520586477,0.3357476881966176,E,federal_intracity
внутригородская территория города федерального значения муниципальный округ Щукино,2024-12-01,74326,2.474110389340017,0.286615719936496,0.054570406049027256,0.07554556951806905,0.14422947555364207,0.0638807415978258,0.37515808734493983,B,federal_intracity
внутригородская территория города федерального значения муниципальный округ Юго-Запад,2024-12-01,55903,1.6130787009130485,0.33232563547573474,0.054147362395578054,0.0645403645600415,0.15861402786970288,0.06267999928447489,0.32769261041446796,E,federal_intracity
внутригородская территория города федерального значения муниципальный округ Южно-Приморский,2024-12-01,61571,1.905002398759206,0.30956131945233956,0.054181351610336034,0.06873365707881958,0.15697325039385426,0.0641210959705056,0.34642932549414496,B,federal_intracity
внутригородская территория города федерального значения муниципальный округ Южное Бутово,2024-12-01,65128,2.074775442895802,0.31367460999877167,0.04520329197887237,0.06240019653605208,0.17632968922736764,0.06266122098022356,0.33973099127871276,E,federal_intracity
внутригородская территория города федерального значения муниципальный округ Южное Медведково,2024-12-01,63592,2.002629864649016,0.3225877468864008,0.04752170084287332,0.06505535287457542,0.1636841112089571,0.0632626745502579,0.33788841363693545,E,federal_intracity
внутригородская территория города федерального значения муниципальный округ Южное Тушино,2024-12-01,61490,1.9010230815424711,0.3254838185070743,0.049829240526914946,0.06667750853797365,0.16135957066189624,0.06479102293055782,0.331858838835583,E,federal_intracity
внутригородская территория города федерального значения муниципальный округ Южнопортовый,2024-12-01,66856,2.153932782125929,0.29931494555462484,0.049629053488093815,0.07172131147540983,0.14761577120976427,0.0667404571018308,0.36497846117027644,B,federal_intracity
внутригородская территория города федерального значения муниципальный округ Юнтолово,2024-12-01,60597,1.8568015579788701,0.31234219515817613,0.054210604485370566,0.07171972209845372,0.15875373368318563,0.06751159298315099,0.3354621515916629,B,federal_intracity
внутригородская территория города федерального значения муниципальный округ Якиманка,2024-12-01,86814,2.943577493160372,0.2503052503052503,0.05697237772709471,0.08719791738659663,0.12987536572442232,0.061729674937222104,0.4139194139194139,B,federal_intracity
внутригородская территория города федерального значения муниципальный округ Ярославский,2024-12-01,58719,1.7616366812581425,0.33827210953865017,0.0437848055995504,0.066843781399547,0.16304773582656382,0.07152710366320952,0.31652446397247913,E,federal_intracity
внутригородская территория города федерального значения муниципальный округ Ясенево,2024-12-01,62719,1.9608445280595506,0.323554265852453,0.050782059662941054,0.06460562190085939,0.1642564454152649,0.06503611345844162,0.33176549371004005,E,federal_intracity
внутригородская территория города федерального значения муниципальный округ округ Петровский,2024-12-01,66209,2.124536812898029,0.27092993399688864,0.0586023048226072,0.08675557703635457,0.14342460994728815,0.06474950535425697,0.37553806884260454,B,federal_intracity
внутригородская территория города федерального значения муниципальный округ № 15,2024-12-01,54823,1.55410860468482,0.336975357058169,0.051967240026995966,0.06561114860551229,0.1617751673567663,0.06510041405979242,0.318570672892764,E,federal_intracity
внутригородская территория города федерального значения муниципальный округ № 21,2024-12-01,54052,1.5112954343218041,0.32977503145119513,0.05542810626803819,0.06834159698068526,0.16160364093835566,0.05992377710352993,0.3249278472581958,E,federal_intracity
внутригородская территория города федерального значения муниципальный округ № 54,2024-12-01,54662,1.5452183237385597,0.32814386593977535,0.051681241081555744,0.06617028282902199,0.15987340382715598,0.06490797994950788,0.32922322637298296,E,federal_intracity
внутригородская территория города федерального значения муниципальный округ № 65,2024-12-01,63239,1.985803343747924,0.30338873163712266,0.05536140672686159,0.07308780973766188,0.15310172520122076,0.0640111323708471,0.351049194326286,B,federal_intracity
внутригородская территория города федерального значения муниципальный округ № 7,2024-12-01,58890,1.7704269019394892,0.2957717778909832,0.05710646968925115,0.08374936321956189,0.1404822550517915,0.06070640176600441,0.36218373238240786,B,federal_intracity
внутригородская территория города федерального значения муниципальный округ № 72,2024-12-01,53800,1.497169504405,0.32732342007434945,0.05384758364312268,0.06507434944237918,0.15858736059479553,0.06317843866171004,0.3319888475836431,E,federal_intracity
внутригородская территория города федерального значения муниципальный округ № 78,2024-12-01,60641,1.8589956652229584,0.2736762256559094,0.05402285582361768,0.08128164113388632,0.13626094556488186,0.05992645240019129,0.39483187942151354,B,federal_intracity
внутригородская территория города федерального значения поселение Внуковское,2024-12-01,76742,2.570805697116251,0.26947434260248626,0.046623752312944675,0.07467879388079539,0.17601834718928358,0.06697766542440906,0.36622709859008096,B,federal_intracity
внутригородская территория города федерального значения поселение Вороновское,2024-12-01,56857,1.6642289307086249,0.33228977962256184,0.04235186520569147,0.038552860685579615,0.24121919904321368,0.06162829554848128,0.2839579998944721,F,federal_intracity
внутригородская территория города федерального значения поселение Воскресенское,2024-12-01,63598,2.0029150598429393,0.312132456995503,0.046699581747853706,0.052470203465517784,0.1824428441145948,0.06863423378093651,0.3376206798955942,E,federal_intracity
внутригородская территория города федерального значения поселение Десеновское,2024-12-01,64335,2.0377434681579847,0.3023393176342582,0.04608688894070102,0.056236885054791325,0.1883422709256237,0.07265096759151317,0.3343436698531126,E,federal_intracity
внутригородская территория города федерального значения поселение Киевский,2024-12-01,43988,0.8885024600999152,0.40554242066018004,0.04103391834136583,0.03416840956624534,0.20560152768936982,0.04476220787487496,0.268891515867964,F,federal_intracity
внутригородская территория города федерального значения поселение Кокошкино,2024-12-01,49500,1.2453652385721583,0.3620606060606061,0.04236363636363636,0.05103030303030303,0.1924040404040404,0.06153535353535353,0.29060606060606053,E,federal_intracity
внутригородская территория города федерального значения поселение Краснопахорское,2024-12-01,54578,1.5405695158501918,0.33405401443805194,0.03948477408479607,0.03554545787680018,0.232859393894976,0.06169152405731247,0.2963648356480634,F,federal_intracity
внутригородская территория города федерального значения поселение Марушкинское,2024-12-01,56426,1.6412273044145664,0.33532414135327687,0.04350831177116932,0.04733633431396874,0.20809555878495728,0.06734484103073052,0.2983908127458974,E,federal_intracity
внутригородская территория города федерального значения поселение Михайлово-Ярцевское,2024-12-01,49059,1.2183138776649332,0.3386942253205324,0.04015573085468518,0.0313500071342669,0.24733484172119286,0.05731873866161153,0.2851464563077112,F,federal_intracity
внутригородская территория города федерального значения поселение Московский,2024-12-01,70681,2.322110252286843,0.2837254707771537,0.04821663530510321,0.07010370538051244,0.15903849690864588,0.06966511509457987,0.36925057653400484,B,federal_intracity
"внутригородская территория города федерального значения поселение Мосрентген""""",2024-12-01,55474,1.5897920065355966,0.31131701337563544,0.04596748026102318,0.05714388722644843,0.16546490247683598,0.07803655766665465,0.3420701589934023,micro,federal_intracity
внутригородская территория города федерального значения поселение Новофедоровское,2024-12-01,48344,1.173934068695266,0.32723812675823266,0.03917756081416515,0.03350984610292901,0.24224309117987755,0.0573183849081582,0.30051299023663736,F,federal_intracity
внутригородская территория города федерального значения поселение Первомайское,2024-12-01,68423,2.2239656573147126,0.2923432179237975,0.04625637578007395,0.049091679698347046,0.20591029332242083,0.07094105783143095,0.3354573754439296,E,federal_intracity
внутригородская территория города федерального значения поселение Рязановское,2024-12-01,60120,1.8329126595182355,0.31097804391217565,0.04507651363938789,0.05011643379906853,0.19575848303393215,0.06877910844976713,0.3292914171656687,E,federal_intracity
внутригородская территория города федерального значения поселение Сосенское,2024-12-01,72779,2.4105300547287376,0.2757251404938238,0.051429670646752496,0.06624163563665343,0.17397875760865084,0.06698360790887481,0.36564118770524456,B,federal_intracity
внутригородская территория города федерального значения поселение Филимонковское,2024-12-01,59670,1.8102015730415764,0.30961957432545667,0.04442768560415619,0.05605832076420312,0.20157533098709568,0.07082285905815318,0.3174962292609351,E,federal_intracity
внутригородская территория города федерального значения поселение Щаповское,2024-12-01,50346,1.2965916584163182,0.3354784888571088,0.044075000993127555,0.03380606205060978,0.231915147181504,0.06091844436499424,0.2938068565526556,F,federal_intracity
внутригородская территория города федерального значения поселок Левашово,2024-12-01,56766,1.6593869935063652,0.3106436951696438,0.05084029172391925,0.05320085966952049,0.21592150230771942,0.0712398266568016,0.29815382447239547,E,federal_intracity
внутригородская территория города федерального значения поселок Лисий Нос,2024-12-01,66352,2.1310585660010153,0.2834277791174343,0.05244755244755245,0.05861164697371594,0.18180311068242103,0.06658427779117435,0.35712563298770195,E,federal_intracity
внутригородская территория города федерального значения поселок Металлострой,2024-12-01,50523,1.307200303397602,0.35124596718326306,0.04623636759495675,0.0540941749302298,0.1901906062585357,0.06011123646655978,0.2981216475664549,E,federal_intracity
внутригородская территория города федерального значения поселок Парголово,2024-12-01,57186,1.6816699711318304,0.3214597978526213,0.05134123736578883,0.0673941174413318,0.17121323400832372,0.06573287168188018,0.32285874165005424,E,federal_intracity
внутригородская территория города федерального значения поселок Песочный,2024-12-01,59561,1.8046746762886572,0.3195211631772469,0.05065395141115831,0.055707593895334195,0.19140041302194388,0.06999546683232316,0.3127214116619935,E,federal_intracity
внутригородская территория города федерального значения поселок Понтонный,2024-12-01,45845,1.0134943376438998,0.36095539317264697,0.044061511615225216,0.047638782855273204,0.21249863671065547,0.05904678809030429,0.2757988875558949,E,federal_intracity
внутригородская территория города федерального значения поселок Стрельна,2024-12-01,54458,1.5339159351367773,0.3221565242939513,0.04825737265415549,0.06004627419295604,0.17608064930772338,0.06821770906019317,0.3252414704910206,E,federal_intracity
внутригородская территория города федерального значения поселок Шушары,2024-12-01,54871,1.5567540714562595,0.3346758761458694,0.04658198319695285,0.06238267937526198,0.17956661989028813,0.06861547994386835,0.3081773614477592,E,federal_intracity
городской округ Абдулинский,2024-12-01,25405,-0.7709439013845916,0.4210588466837237,0.048061405235189925,0.022948238535721314,0.21283211966148396,0.049478449124188154,0.24562094075969299,G,urban_okrug
городской округ Алапаевское,2024-12-01,31889,-0.08380862804917194,0.48966728338925647,0.03656433252845809,0.015428517670670137,0.18037567813352567,0.037316943146539557,0.2406472451315501,G,urban_okrug
городской округ Александровск-Сахалинский район,2024-12-01,41907,0.7420039836584934,0.5046889541126781,0.03240508745555635,0.005536067960006681,0.11444388765600019,0.0420216192998783,0.3009043835158802,F,urban_okrug
городской округ Анадырь,2024-12-01,85263,2.8890839994609308,0.3032734011235823,0.037519205282478915,0.05026799432344628,0.12414529162708327,0.05454886644851811,0.43024524119489116,A,urban_okrug
городской округ Ангарский,2024-12-01,42045,0.7519418316582352,0.38789392317754784,0.04533238197169699,0.04894755618979665,0.1471994291830182,0.05693899393506957,0.3136877155428708,D,urban_okrug
городской округ Анжеро-Судженский,2024-12-01,36313,0.3089015482185216,0.44411092446231376,0.042216286178503565,0.03489108583702806,0.16542285132046375,0.057802990664500314,0.25555586153719057,F,urban_okrug
городской округ Анивский,2024-12-01,54843,1.5552111638824515,0.4140911328701931,0.028499535036376564,0.03825465419470124,0.0920992651751363,0.07326367995915614,0.35379173276443654,A,urban_okrug
городской округ Арамильский,2024-12-01,44091,0.895572290029068,0.3810074618402849,0.044839082806014834,0.040257648953301126,0.1841418883672405,0.06214420176453245,0.2876097162686262,D,urban_okrug
городской округ Арсеньевский,2024-12-01,45466,0.988400763459007,0.4009589583424977,0.04566049355562398,0.031078168301588,0.12745788061408525,0.05272071437997625,0.34212378480622885,A,urban_okrug
городской округ Артинский,2024-12-01,29657,-0.3031541532294629,0.48868732508345414,0.03931618167717571,0.015645547425565634,0.18032842162052803,0.03884411774623192,0.23717840644704435,G,urban_okrug
городской округ Асбестовский,2024-12-01,40986,0.674829619597627,0.4184599619382228,0.043697848045674136,0.03903772019714049,0.16220172741911873,0.045112965402820476,0.2914897769970233,D,urban_okrug
городской округ Ачитский,2024-12-01,23530,-1.0027037865134596,0.48304292392690185,0.0357416064598385,0.009859753506162345,0.20930726731831703,0.03484912877178071,0.2271993200169996,G,urban_okrug
городской округ Баксан,2024-12-01,24522,-0.8778775630988652,0.2600521980262621,0.0633308865508523,0.03311312291003996,0.268167359921703,0.07939809150966479,0.29593834108147776,C,urban_okrug
городской округ Балашиха,2024-12-01,58085,1.72882112831265,0.3317724025135577,0.04901437548420418,0.05593526728070931,0.17567358181974693,0.06984591546870965,0.3177584574330722,E,urban_okrug
городской округ Балтийский,2024-12-01,43335,0.8432922475975942,0.37484712126456676,0.03816776277835468,0.05081343025268259,0.1746163609091958,0.038398523133725625,0.32315680166147454,A,urban_okrug
городской округ Беловский,2024-12-01,39335,0.5505433762658947,0.41723655777297575,0.042404982839710184,0.0415660353374857,0.17406889538578874,0.055116308630990214,0.2696072200330494,D,urban_okrug
городской округ Белоярский,2024-12-01,37156,0.3782739012774861,0.41196576595973733,0.035445150177629454,0.02556787598234471,0.2068575734740015,0.050193777586392506,0.2699698568198945,F,urban_okrug
городской округ Бисертский,2024-12-01,31178,-0.15196865403158447,0.44412726922830204,0.029668355891975112,0.017801013535185067,0.22920007697735584,0.04015652062351658,0.2390467637436653,G,urban_okrug
городской округ Богданович,2024-12-01,37872,0.43597004091293773,0.4282055344317702,0.043145331643430505,0.02933565694972539,0.17973700887198987,0.044412758766370936,0.2751637093367132,F,urban_okrug
городской округ Богородский,2024-12-01,52622,1.4302464842995863,0.35893732659344,0.044544107027479005,0.04230169890920148,0.18115997111474288,0.05993690851735016,0.3131199878377865,E,urban_okrug
городской округ Большой Камень,2024-12-01,47238,1.103975274303251,0.3887336466404166,0.043884161056776325,0.03689825987552394,0.1251323087344934,0.052267242474279184,0.3530843812185106,A,urban_okrug
городской округ Бронницы,2024-12-01,50318,1.2949100387484738,0.3613418657339322,0.03533526769744425,0.044675861520728166,0.21296553917087324,0.06462895981557296,0.28105250606144927,E,urban_okrug
городской округ Великий Новгород,2024-12-01,46628,1.0646862216828874,0.3806082182379686,0.05003431414600669,0.04660289954533756,0.17043407394698465,0.057411855537445315,0.29490863858625715,D,urban_okrug
городской округ Верещагинский,2024-12-01,29719,-0.2968413125417264,0.46276792624247115,0.04192604058010027,0.020424644167031193,0.16164743093643796,0.051684107809818636,0.2615498502641409,F,urban_okrug
городской округ Верхнесалдинский,2024-12-01,39251,0.5440812091236551,0.4222822348475198,0.040508522075870676,0.03306922116633971,0.16850526101245827,0.03655957809992102,0.29907518279789047,F,urban_okrug
городской округ Верхнеуфалейский,2024-12-01,31846,-0.08788744720727068,0.45236450417634866,0.04267411919864347,0.021635370219179804,0.17876656408968158,0.038560572756390125,0.26599886955975627,F,urban_okrug
городской округ Верхний Тагил,2024-12-01,33505,0.0656206849035094,0.41199820922250413,0.03739740337263095,0.02119086703477093,0.19728398746455753,0.027219817937621252,0.3049097149679152,G,urban_okrug
городской округ Верхняя Пышма,2024-12-01,49004,1.2149230830957256,0.3603175250999918,0.05175087747938944,0.05340380377112072,0.1569055587298996,0.06209697167578157,0.3155252632438168,D,urban_okrug
городской округ Верхняя Тура,2024-12-01,32974,0.017330018517571627,0.4365864014071693,0.03566446291017165,0.025656577909868382,0.20743616182446775,0.026566385637168677,0.2680900103111543,F,urban_okrug
городской округ Верхотурский,2024-12-01,34014,0.11119749516014168,0.4429352619509614,0.03298641735755865,0.019844769800670313,0.22090903745516552,0.04656905979890633,0.23675545363673778,G,urban_okrug
городской округ Вичуга,2024-12-01,28262,-0.44879428785092823,0.42357228787771567,0.036444696058311514,0.013905597622248956,0.22510791876017266,0.031031066449649706,0.2699384332319015,G,urban_okrug
городской округ Владивостокский,2024-12-01,60780,1.865916605535624,0.32857847976307997,0.05129976966107272,0.05562685093780849,0.10264889766370516,0.06852583086541625,0.39332017110891737,A,urban_okrug
городской округ Волоколамский,2024-12-01,47021,1.0900571217527721,0.39284574977137876,0.04236405010527211,0.03317666574509262,0.2105654920142064,0.05657046851406818,0.26447757384998194,F,urban_okrug
городской округ Волчанский,2024-12-01,35970,0.28021322733220433,0.4487350569919377,0.03319432860717264,0.011620795107033639,0.2307478454267445,0.028468167917709203,0.24723380594940225,G,urban_okrug
городской округ Воркута,2024-12-01,51020,1.3367909043851716,0.37065856526852214,0.030556644453155625,0.03986671893375147,0.16252450019600156,0.02963543708349667,0.3667581340650724,A,urban_okrug
городской округ Воротынский,2024-12-01,24976,-0.8224246584268255,0.44318545803971815,0.04864670083279949,0.017616912235746317,0.21989109545163357,0.03199071108263933,0.23866912235746318,G,urban_okrug
городской округ Воскресенск,2024-12-01,50128,1.2834742692957075,0.3659032875837855,0.03951883179061602,0.03870092563038621,0.1980729332907756,0.05878949888285988,0.2990145228215768,E,urban_okrug
городской округ Вышневолоцкий,2024-12-01,37493,0.405566995604093,0.423599071826741,0.04339476702317766,0.0317125863494519,0.21105272984290402,0.05240978315952311,0.23783106179820224,F,urban_okrug
городской округ Гайский,2024-12-01,27216,-0.5627946621317101,0.40652557319223986,0.04181363903586126,0.026087595532039976,0.20168283362727807,0.021310993533215757,0.302579365079365,G,urban_okrug
городской округ Гаринский,2024-12-01,30620,-0.20655895657963266,0.5544088830829523,0.031352057478772045,0.0037230568256041803,0.19895493141737428,0.030045721750489876,0.1815153494448073,G,urban_okrug
городской округ Голышмановский,2024-12-01,29969,-0.2715192288108326,0.4621442156895459,0.03560345690546898,0.005639160465814675,0.18902866295171677,0.055056892121859255,0.25252761186559436,G,urban_okrug
городской округ Горнозаводский,2024-12-01,31660,-0.1055943802958933,0.45429564118761845,0.03487049905243209,0.01914087176247631,0.19207201516108655,0.03474415666456096,0.26487681617182557,G,urban_okrug
городской округ Гусевский,2024-12-01,33488,0.06408655044932934,0.4038162924032489,0.03601290014333493,0.03177257525083612,0.1624163879598662,0.042044911610129,0.32393693263258483,F,urban_okrug
городской округ Дальнегорский,2024-12-01,41375,0.7033841576642081,0.4312749244712991,0.040749244712990934,0.016749244712990937,0.14426586102719033,0.04741993957703927,0.3195407854984894,F,urban_okrug
городской округ Дальнереченский,2024-12-01,38841,0.512339871779541,0.40282176051080043,0.04031822043716691,0.020879997940320794,0.14791071290646482,0.05424680106073479,0.3338225071445122,F,urban_okrug
городской округ Дегтярск,2024-12-01,29744,-0.2942995373464087,0.4443921463152232,0.03617536309844002,0.01506186121570737,0.22320467993544918,0.027972027972027972,0.2531939214631522,G,urban_okrug
городской округ Дзержинский,2024-12-01,57248,1.6849454935213333,0.3291119340413639,0.0450321408608161,0.05449972051425377,0.17640790944661822,0.0671639183901621,0.32778437674678595,E,urban_okrug
городской округ Дмитровский,2024-12-01,53379,1.4734219687742338,0.35424043163041646,0.04278836246463965,0.0425448209970213,0.20139005976132937,0.06435114932838756,0.29468517581820564,E,urban_okrug
городской округ Добрянский,2024-12-01,36154,0.29563672526780954,0.41616418653537646,0.043397687669414174,0.037699839575150745,0.16211207611882503,0.03864026110527189,0.30198594899596176,F,urban_okrug
городской округ Долгопрудный,2024-12-01,63670,2.006335305047518,0.3081985236375059,0.05043191455944715,0.06106486571383697,0.17224752630752316,0.06888644573582535,0.33917072404586146,E,urban_okrug
городской округ Долинский,2024-12-01,38444,0.48128404936527075,0.44230569139527626,0.02718239517219852,0.023696805743418998,0.11780772032046613,0.03782124648839871,0.35118614088024147,F,urban_okrug
городской округ Домодедово,2024-12-01,56381,1.6388156203914879,0.3343147514233518,0.044589489366985334,0.051400294425427005,0.1864103155318281,0.0723115943314237,0.310973554920984,E,urban_okrug
городской округ Дубна,2024-12-01,58943,1.7731461753944675,0.34236465738085947,0.04592572485282392,0.05211814804132806,0.19500195103744294,0.055646980981626314,0.3089425377059193,E,urban_okrug
городской округ Егорьевск,2024-12-01,46205,1.0371385494614072,0.3751974894491938,0.03668434152148036,0.04345850016232009,0.19586624824153231,0.06008007791364571,0.2887133427118278,E,urban_okrug
городской округ Жигулевск,2024-12-01,39849,0.5897875962596515,0.3986800170644182,0.042334813922557654,0.03673868854927351,0.19210017817260158,0.04961228638108861,0.28053401591006044,D,urban_okrug
городской округ Жуковский,2024-12-01,57924,1.72043081090014,0.3247531247842,0.04880533112354119,0.05305227539534563,0.1792521234721359,0.06339341205717837,0.33074373316759886,E,urban_okrug
городской округ Заводоуковский,2024-12-01,34942,0.19256407389993707,0.42873905328830636,0.04295690000572377,0.021349665159407016,0.18038463739911853,0.05540610153969435,0.27116364260774994,F,urban_okrug
городской округ Зарайск,2024-12-01,40505,0.6391447271662736,0.4005184545117887,0.037304036538698924,0.024219232193556352,0.20422170102456486,0.043229230959140844,0.29050734477225026,F,urban_okrug
городской округ Заречный,2024-12-01,39613,0.5718320878217009,0.4051952641809507,0.05324009794764345,0.0313028551233181,0.20392295458561582,0.037260495291949615,0.2690783328705223,F,urban_okrug
городской округ Зима,2024-12-01,33335,0.050244190454448424,0.4569071546422679,0.037858107094645266,0.015569221538923053,0.17243137843107845,0.05726713664316784,0.2599670016499175,G,urban_okrug
городской округ Златоустовский,2024-12-01,37819,0.431736774345191,0.395436156429308,0.043470213384806576,0.03696554641846691,0.16454692085988523,0.04764800761521986,0.31193315529231347,D,urban_okrug
городской округ Иваново,2024-12-01,43968,0.8871277584569202,0.3734534206695779,0.04553311499272198,0.044100254730713245,0.17426310043668122,0.055836062590975254,0.3068140465793303,D,urban_okrug
городской округ Ивдельский,2024-12-01,37692,0.42156872072133167,0.4341239520322615,0.03475538575825109,0.030006367398917544,0.22285896211397643,0.04695956701687361,0.23129576567971977,F,urban_okrug
городской округ Ильинский,2024-12-01,23780,-0.9707564230867467,0.45647603027754413,0.03620689655172414,0.011648444070647603,0.19238856181665265,0.035576114381833474,0.267703952901598,G,urban_okrug
городской округ Инта,2024-12-01,45538,0.993183935749029,0.43067328385084985,0.036255435021300894,0.019807633185471473,0.16287496157055645,0.0255610698757082,0.32482761649611314,A,urban_okrug
городской округ Ирбитское,2024-12-01,29910,-0.27747614558520756,0.47913741223671014,0.029187562688064193,0.014142427281845537,0.1855566700100301,0.051554663991975926,0.24042126379137407,G,urban_okrug
городской округ Истра,2024-12-01,59563,1.8047761782997076,0.32370767086949953,0.051004818427547303,0.04766381814213522,0.20190386649430014,0.06844853348555312,0.30727129258096464,E,urban_okrug
городской округ Калтанский,2024-12-01,35485,0.23917772977151738,0.46484430040862335,0.042130477666619696,0.026884599126391434,0.16922643370438215,0.05424827391855714,0.24266591517542624,F,urban_okrug
городской округ Каменский,2024-12-01,36740,0.34423928119430447,0.40808383233532936,0.03581927054980947,0.030729450190528036,0.16369080021774632,0.053184540010887314,0.3084921066956995,F,urban_okrug
городской округ Камышловский,2024-12-01,34958,0.19394791662084,0.4145546083872075,0.0381600778076549,0.0223697007837977,0.18479318038789405,0.04519709365524344,0.2949253389782025,F,urban_okrug
городской округ Карабашский,2024-12-01,32665,-0.01113055521856861,0.4048982090923006,0.03768559620388796,0.029113730292361854,0.18555028317771316,0.0319608143272616,0.3107913669064748,F,urban_okrug
городской округ Карачаевский,2024-12-01,25488,-0.7610841867729383,0.2986111111111111,0.05806654111738858,0.04959196484620213,0.2684792843691149,0.05092592592592592,0.27432517263025735,C,urban_okrug
городской округ Карпинск,2024-12-01,34239,0.13112744773860943,0.4318467244954584,0.034346797511609566,0.0177575279651859,0.203773474692602,0.03715061771663892,0.27512485761850514,G,urban_okrug
городской округ Качканарский,2024-12-01,38405,0.47821594348602575,0.40523369352948835,0.04085405546152845,0.03319880223929176,0.17820596276526493,0.039317797161827886,0.30318968884259856,F,urban_okrug
городской округ Кашинский,2024-12-01,31620,-0.1094159122722268,0.45831752055660974,0.04316888045540797,0.014010120177103099,0.24089184060721064,0.03687539531941809,0.20673624288425052,G,urban_okrug
городской округ Кашира,2024-12-01,48247,1.167862804427093,0.3819097560470081,0.03994030716935768,0.03689348560532261,0.20372251124422244,0.05807614981242357,0.2794577901216655,E,urban_okrug
городской округ Кемеровский,2024-12-01,46932,1.0843301715916978,0.38212733316287395,0.05181965396744226,0.052117957896531154,0.147063837040825,0.061812835591920225,0.3050583823404074,D,urban_okrug
городской округ Кинель,2024-12-01,39754,0.5825725636993566,0.38609951199879256,0.04278814710469387,0.03579514011168687,0.20345122503395885,0.05118981737686774,0.28067615837400006,F,urban_okrug
городской округ Кинешма,2024-12-01,35417,0.23337951258188655,0.4005138775164469,0.03879492898890363,0.024197419318406414,0.1949628709376853,0.05203715729734308,0.2894937459412147,F,urban_okrug
городской округ Кировградский,2024-12-01,34573,0.16047214381864064,0.38122234113325426,0.03618430567205623,0.023920400312382496,0.1909293379226564,0.03181673560292714,0.3359268793567234,F,urban_okrug
городской округ Киселевский,2024-12-01,39261,0.5448512395411766,0.437100430452612,0.04610172945161865,0.03461450294185069,0.16433610962532794,0.053029724153740354,0.2648175033748503,D,urban_okrug
городской округ Клин,2024-12-01,52005,1.394593955052944,0.36031150850879723,0.04205364868762619,0.039765407172387274,0.18282857417556003,0.06407076242668974,0.3109700990289396,E,urban_okrug
городской округ Коломна,2024-12-01,52386,1.4166591498238013,0.36423853701370595,0.045031115183445956,0.04442026495628603,0.1837132058183484,0.05900431412972932,0.30359256289848435,E,urban_okrug
городской округ Копейский,2024-12-01,42611,0.7923630200236517,0.38931261880735024,0.04397925418319213,0.039402971063809814,0.15794043791509235,0.05334303348900519,0.31602168454155033,D,urban_okrug
городской округ Королёв,2024-12-01,62054,1.9286227828338338,0.32879427595320204,0.05263157894736842,0.055870693267154416,0.16948141940890193,0.06687723595578045,0.32634479646759273,E,urban_okrug
городской округ Корсаковский,2024-12-01,50707,1.3181891720811176,0.40737965172461393,0.03330901059025381,0.04019168951032402,0.09357682371270239,0.05620525765673379,0.369337566805372,A,urban_okrug
городской округ Костомукшский,2024-12-01,49397,1.2390687534247047,0.41063222462902604,0.03848411846873292,0.04214830860173695,0.20786687450654898,0.04202684373544952,0.2588416300585056,A,urban_okrug
городской округ Котельники,2024-12-01,61194,1.8864366672127229,0.30194136680066674,0.04101709317906985,0.0681766186227408,0.16867666764715494,0.07603686635944701,0.34415138739092055,E,urban_okrug
городской округ Котлас,2024-12-01,42591,0.7909438836436625,0.4004132328426193,0.04012584818388862,0.03756662205630298,0.1749900213660163,0.04681740273766758,0.3000868728135052,D,urban_okrug
городской округ Кохма,2024-12-01,36427,0.3183764742750246,0.39503664863974525,0.03511131852746589,0.031817058775084416,0.20567161720701677,0.03774672632937107,0.2946166305213166,F,urban_okrug
городской округ Красновишерский,2024-12-01,30507,-0.21773504361966325,0.47461238404300654,0.04008915986494903,0.012915068672763628,0.17491067623824041,0.03848297112138198,0.25898974005965847,G,urban_okrug
городской округ Красногорск,2024-12-01,67719,2.192702824866932,0.2997681596007029,0.04642714747707438,0.0627888775675955,0.1759476660907574,0.07328814660582703,0.34178000265804276,E,urban_okrug
городской округ Краснокамский,2024-12-01,40345,0.6271805056723381,0.4049076713347379,0.04231007559796753,0.0398810261494609,0.1567480480852646,0.053141653240798115,0.303011525591771,D,urban_okrug
городской округ Краснотурьинск,2024-12-01,42844,0.8088470516051245,0.39611147418541687,0.04173279805807114,0.032559985062085704,0.17724768929138268,0.049131733731677715,0.303216319671366,D,urban_okrug
городской округ Красноуральск,2024-12-01,32652,-0.012333819563155981,0.40683572216097025,0.04064069582261424,0.025082690187431093,0.22399852995222344,0.02345951243415411,0.2799828494426069,F,urban_okrug
городской округ Красноуфимск,2024-12-01,36191,0.29872870871398544,0.410461164377884,0.04141913735459092,0.0326600536044873,0.17587245447763256,0.051449255339725344,0.28813793484567995,F,urban_okrug
городской округ Красноуфимский округ,2024-12-01,29453,-0.32401898327502127,0.43211217872542695,0.03014973007843004,0.03300173157233559,0.1821206668251112,0.061759413302549825,0.2608562794961464,F,urban_okrug
городской округ Кувандыкский,2024-12-01,27285,-0.5551406566127547,0.41326736301997435,0.04354040681693238,0.022906358805204325,0.20370166758292102,0.034561114165292284,0.2820230896096757,G,urban_okrug
городской округ Курильский,2024-12-01,67604,2.187565107056772,0.442621738358677,0.031980356191941305,0.02776462931187504,0.07286551091651382,0.05243772557836814,0.3723300396426247,A,urban_okrug
городской округ Кушвинский,2024-12-01,30776,-0.19119760692287474,0.4205874707564336,0.03791915778528724,0.021542760592669612,0.190083181700026,0.03294775149467117,0.2969196776709123,F,urban_okrug
городской округ Кыштымский,2024-12-01,39129,0.534671009391878,0.41365738965984306,0.04676838150732193,0.030565565181834446,0.17687648547113394,0.051956349510593164,0.2801758286692735,F,urban_okrug
городской округ Ленинск-Кузнецкий,2024-12-01,40723,0.6553701377472356,0.4260982737028215,0.04375905507943914,0.03435405053655183,0.16229157969697713,0.06342852933231835,0.27006851165189205,D,urban_okrug
городской округ Ленинский,2024-12-01,63046,1.9765638154964955,0.3020651587729594,0.04217555435713606,0.06190717888525838,0.18822764330806077,0.0794023411477334,0.32622212352885205,E,urban_okrug
городской округ Лесозаводский,2024-12-01,37953,0.44242831815084127,0.4005743946460095,0.03427924011277106,0.022238031249176612,0.13983084341158802,0.05438305272310489,0.34869443785735,F,urban_okrug
городской округ Лобня,2024-12-01,57342,1.6899048479930947,0.33887900666178367,0.047173101740434584,0.05392208154581284,0.1837047888109937,0.0636182902584493,0.3127027309825259,E,urban_okrug
городской округ Лосино-Петровский,2024-12-01,53287,1.468207550742183,0.34850901720870003,0.04096683994219979,0.04742244825191885,0.20618537354326572,0.0651753711036463,0.2917409499502692,E,urban_okrug
городской округ Лотошино,2024-12-01,34823,0.1822518174860669,0.40792005283864113,0.037216782011888695,0.018292507825287886,0.2481980300376188,0.038796197915171006,0.24957642937139246,G,urban_okrug
городской округ Луховицы,2024-12-01,48454,1.1808042849416138,0.3768522722582243,0.04016180294712511,0.03498163206340034,0.19628926404424815,0.055083171667973746,0.2966318570190284,F,urban_okrug
городской округ Лысьвенский,2024-12-01,34239,0.13112744773860943,0.42124477934519117,0.049913840941616286,0.03440521043254768,0.1559332924442887,0.04711002073658693,0.2913928560997694,F,urban_okrug
городской округ Лыткарино,2024-12-01,57284,1.6868457822379976,0.3487884924237134,0.05155017107743873,0.049315690245094614,0.18621255498917674,0.05401159136931778,0.3101214998952587,E,urban_okrug
городской округ Люберцы,2024-12-01,57432,1.6946455537439145,0.3279008218414821,0.04668129265914473,0.05752890374703998,0.1783848725449227,0.0666701490458281,0.3228339601615824,E,urban_okrug
городской округ Магнитогорский,2024-12-01,39061,0.5294132376464238,0.3699086044904124,0.047797035406159594,0.047336217710760096,0.15719003609738613,0.05688538439876091,0.3208827218965209,D,urban_okrug
городской округ Макаровский,2024-12-01,38291,0.46922973736523726,0.48873103340210494,0.027970019064532135,0.017079731529602255,0.12788906009244994,0.04136742315426602,0.29696273275704466,F,urban_okrug
городской округ Малышевский,2024-12-01,32141,-0.06001486126742925,0.39488503780218415,0.03304190908808064,0.01639650290905697,0.20976323076444417,0.022059052300799603,0.3238542671354344,G,urban_okrug
городской округ Мамоновский,2024-12-01,26892,-0.5989966683684665,0.3975531756656255,0.03116168377212554,0.01799791759631117,0.2602632753235163,0.03796668154097873,0.25505726610144275,G,urban_okrug
городской округ Междуреченский,2024-12-01,42952,0.8164573355957552,0.41599925498230583,0.04202365431178991,0.04132520022350531,0.1553129074315515,0.05089402123300429,0.2944449618178432,D,urban_okrug
городской округ Миасский,2024-12-01,42583,0.7903760424903425,0.3849893149848531,0.04757767184087547,0.0434915341803067,0.16912852546790974,0.05457576967334382,0.30023718385271114,D,urban_okrug
городской округ Можайский,2024-12-01,51165,1.3453696751604287,0.37805140232580864,0.04100459298348481,0.0343398807778755,0.20035180299032543,0.0574611550864849,0.2887911658360208,F,urban_okrug
городской округ Мысковский,2024-12-01,37519,0.4076624901730947,0.4481462725552387,0.038380553852714626,0.02945174444947893,0.1791625576374637,0.04810895812788187,0.2567499133772222,F,urban_okrug
городской округ Мытищи,2024-12-01,62502,1.9503677698735744,0.30671018527407123,0.04633451729544655,0.05987008415730696,0.17375443985792455,0.07270167354644651,0.3406290998688042,E,urban_okrug
городской округ Навашинский,2024-12-01,28439,-0.42992185547460515,0.4399592109427195,0.04437568128274553,0.011849924399592109,0.21393157284011394,0.03414325398220753,0.2557403565526214,G,urban_okrug
городской округ Нальчик,2024-12-01,32016,-0.07179391583523,0.2855759620189905,0.05690904547726137,0.05644052973513243,0.20883308345827087,0.08992378810594703,0.30231759120439783,C,urban_okrug
городской округ Наро-Фоминский,2024-12-01,58259,1.7378628159652787,0.33673767143274,0.04443948574469181,0.05015534080571242,0.19221064556549203,0.06786934207590244,0.3085875143754613,E,urban_okrug
городской округ Находкинский,2024-12-01,51699,1.3767549307129614,0.36675757751600613,0.04603570668678311,0.03899495154645158,0.117545793922513,0.0623416313661773,0.36832433896206884,A,urban_okrug
городской округ Невельский,2024-12-01,42532,0.7867535454128742,0.47540675256277626,0.031505689833537104,0.011497225618357943,0.12005078529107495,0.04140411925138719,0.3201354274428665,F,urban_okrug
городской округ Невьянский,2024-12-01,39776,0.5842449462541495,0.38025442477876104,0.039998994368463395,0.032280772325020114,0.16975060337892195,0.04427292839903459,0.33344227674979887,D,urban_okrug
городской округ Нелидовский,2024-12-01,32725,-0.005583225830547428,0.4444308632543927,0.03156608097784568,0.018823529411764704,0.2450725744843392,0.03034377387318564,0.22976317799847212,G,urban_okrug
городской округ Нижнетуринский,2024-12-01,35659,0.25396390178073536,0.3884853753610589,0.03906447180235004,0.023864942931658206,0.20740906923918226,0.03917664544715219,0.3019994952185985,F,urban_okrug
городской округ Нижняя Салда,2024-12-01,34992,0.19688648060588262,0.4465877914951989,0.03829446730681298,0.028235025148605396,0.19555898491083676,0.03263603109282122,0.2586877000457247,F,urban_okrug
городской округ Новокузнецкий,2024-12-01,43752,0.8722410074301375,0.39861034924117755,0.04685500091424392,0.05012342292923752,0.14815322728103858,0.06164289632473944,0.2946151033095631,D,urban_okrug
городской округ Новокуйбышевск,2024-12-01,41422,0.7068159991710762,0.36391289652841485,0.04502438317802134,0.050576988073970354,0.18717106851431606,0.05625030177200521,0.29706436193327224,D,urban_okrug
городской округ Новолялинский,2024-12-01,35097,0.2059434662517128,0.42878308687352196,0.04185542923896629,0.011653417671026014,0.23010513719121292,0.04302362025244323,0.24457930877282963,G,urban_okrug
городской округ Ногликский,2024-12-01,55865,1.6110232360703096,0.40959455831021213,0.034171663832453236,0.034529669739550704,0.12614338136579253,0.05110534323816343,0.344455383513828,A,urban_okrug
городской округ Нытвенский,2024-12-01,30748,-0.1939490302627898,0.4603226226096006,0.041596201378951474,0.014277351372446989,0.18098738129309222,0.033075321972160794,0.26974112137374795,G,urban_okrug
городской округ Одинцовский,2024-12-01,62802,1.9648421864911059,0.3101652813604662,0.04960033119964332,0.058692398331263336,0.17722365529760198,0.07324607496576542,0.3310722588452598,E,urban_okrug
городской округ Октябрьск,2024-12-01,27296,-0.5539222419355742,0.41863276670574445,0.040079132473622506,0.01513042203985932,0.22036195779601406,0.023080304806565064,0.2827154161781946,G,urban_okrug
городской округ Октябрьский,2024-12-01,27705,-0.5089644837733163,0.4654033567948024,0.03945136256993322,0.014149070564879986,0.18707814473921675,0.05165132647536546,0.2422667388558023,G,urban_okrug
городской округ Орехово-Зуевский,2024-12-01,50000,1.275745709276969,0.37038,0.0409,0.04046,0.18798,0.05826,0.30202000000000007,E,urban_okrug
городской округ Осинниковский,2024-12-01,37823,0.43205647307272466,0.4383576130925627,0.04682336144673876,0.031039314702694127,0.15770827274409752,0.05007535097691881,0.2759960870369881,F,urban_okrug
городской округ Осинский,2024-12-01,32126,-0.06142592671885987,0.43005665193301373,0.041897528481603684,0.020544107576417853,0.15261781734420718,0.04606860486833095,0.3088152897964266,F,urban_okrug
городской округ Осташковский,2024-12-01,38400,0.47782237127133514,0.43041666666666667,0.040546875,0.0225,0.24489583333333334,0.037265625,0.224375,G,urban_okrug
городской округ Отрадный,2024-12-01,39242,0.5433880139945269,0.4061719586157688,0.04456959380255848,0.023673615004332092,0.1941542225166913,0.045461495336629125,0.2859691147240202,F,urban_okrug
городской округ Оханский,2024-12-01,29432,-0.32617503190864405,0.4608589290568089,0.03679668388148954,0.010770589834194074,0.19866132101114434,0.04056808915466159,0.2523443870617016,G,urban_okrug
городской округ Охинский,2024-12-01,52816,1.4413701769257221,0.4654460769463799,0.03281202665858831,0.024367615873977583,0.11594971220842169,0.041975916388973036,0.31944865192365957,A,urban_okrug
городской округ Очерский,2024-12-01,31298,-0.1403565081528711,0.44121030097769826,0.042462777174260335,0.021758578822927983,0.16355677679084926,0.050833919100262,0.2801776471340022,F,urban_okrug
городской округ Партизанский,2024-12-01,37931,0.44067558259504513,0.438427671297883,0.04560913237193852,0.01663546966860879,0.1318710289736627,0.04183912894466268,0.3256175687432443,F,urban_okrug
городской округ Пелым,2024-12-01,29978,-0.2706115776282702,0.4673760757889119,0.025685502701981455,0.013710054039629061,0.2774034291813997,0.031356327973847485,0.18446861031423045,G,urban_okrug
городской округ Первоуральск,2024-12-01,41685,0.7259481374907059,0.369581384190956,0.04457238814921435,0.049010435408420296,0.16315221302626845,0.0519851265443205,0.3216984526808204,D,urban_okrug
городской округ Перевозский,2024-12-01,27898,-0.48797968793872826,0.45207541759265896,0.043264750161301886,0.014732238870169905,0.19417162520610798,0.03925012545702201,0.25650584271273924,G,urban_okrug
городской округ Пермский,2024-12-01,46941,1.0849097947548978,0.3582156323895955,0.051511471847638525,0.05598517287658976,0.14326494961760508,0.06310048784644554,0.32792228542212565,D,urban_okrug
городской округ Петрозаводский,2024-12-01,51653,1.3740641215722997,0.36694867674675236,0.046483263314812305,0.048380539368478116,0.17369755870907788,0.055233965113352566,0.3092559967475268,E,urban_okrug
городской округ Петропавловск-Камчатский,2024-12-01,69451,2.2690434567004885,0.36620063066046565,0.0395386675497833,0.057954529092453674,0.08724136441519921,0.06096384501303077,0.3881009632690674,A,urban_okrug
городской округ Пионерский,2024-12-01,37975,0.4441800380026984,0.39362738643844636,0.044450296247531274,0.03968400263331139,0.1929690585911784,0.04258064516129032,0.28668861092824216,F,urban_okrug
городской округ Подольск,2024-12-01,56406,1.6401556823845276,0.34707300641775696,0.04563344325071801,0.04928553699960997,0.18240967272985142,0.06706733326241889,0.3085310073396448,E,urban_okrug
городской округ Полевской,2024-12-01,42528,0.7864692443178448,0.4030991346877351,0.04244262603461249,0.03896256583897668,0.16807750188111362,0.04719243792325056,0.3002257336343115,D,urban_okrug
городской округ Полысаевский,2024-12-01,37290,0.38915587865161677,0.42944489139179404,0.0441137034057388,0.03341378385626173,0.17103781174577634,0.052775543041029764,0.2692142665593994,F,urban_okrug
городской округ Поронайский,2024-12-01,43013,0.8207472848955824,0.4726013065817311,0.028991235207960386,0.022086345988422105,0.10650268523469648,0.046776555924952924,0.32304187106223703,A,urban_okrug
городской округ Похвистнево,2024-12-01,32910,0.011457233930871598,0.4281373442722577,0.049225159525979945,0.019781221513217866,0.2014889091461562,0.049437860832573684,0.25192950470981457,G,urban_okrug
городской округ Прокопьевский,2024-12-01,39853,0.5900910096137166,0.4143979123278047,0.04406192758387072,0.042205103756304416,0.15642486136551828,0.055654530399217125,0.2872556645672848,D,urban_okrug
городской округ Протвино,2024-12-01,41785,0.7331910579097556,0.3583343305013761,0.041354553069283234,0.036328826133780065,0.20071796099078618,0.03843484504008615,0.32482948426468816,F,urban_okrug
городской округ Прохладный,2024-12-01,27883,-0.4896054197095122,0.30305203887673493,0.05013807696445863,0.021912993580317758,0.2862317541154108,0.05064017501703547,0.2880249614460425,C,urban_okrug
городской округ Пушкинский,2024-12-01,57368,1.691275149056708,0.33436759168874636,0.046663645237763215,0.051265513875331195,0.18522521266211128,0.06698856505368847,0.3154894714823595,E,urban_okrug
городской округ Пущино,2024-12-01,37515,0.40734020092891127,0.3470345195255231,0.04246301479408237,0.029908036785285887,0.2183659869385579,0.03513261362121818,0.32709582833533246,F,urban_okrug
городской округ Пышминский,2024-12-01,32766,-0.0017983972828344058,0.4577610938167613,0.03634865409265702,0.015351278764573033,0.18406274797045719,0.04901422205945187,0.2574620032960997,G,urban_okrug
городской округ Раменский,2024-12-01,55374,1.5843379934533193,0.3393469859500849,0.04431682739191679,0.04754939141113158,0.19073933615053995,0.06407339184454798,0.3139740672517788,E,urban_okrug
городской округ Ревда,2024-12-01,41414,0.7062321310171158,0.4019896653305645,0.04312551311150819,0.040686724296131745,0.16938716376104698,0.05085236876418602,0.29395856473656257,D,urban_okrug
городской округ Режевской,2024-12-01,36962,0.36244965807037044,0.41415507818840974,0.04407229046047292,0.030057897299929658,0.17626210702884043,0.039391807802608085,0.29606081921973915,F,urban_okrug
городской округ Реутов,2024-12-01,62568,1.9535580935371812,0.3098229126710139,0.049657972126326555,0.06527298299450199,0.16036951796445467,0.06503324383071218,0.34984337041299074,E,urban_okrug
городской округ Рефтинский,2024-12-01,35283,0.22192095837024872,0.41921038460448373,0.03729841566760196,0.018195731655471472,0.20891080690417482,0.02681177904373211,0.2895728821245359,G,urban_okrug
городской округ Рузский,2024-12-01,49666,1.2554854507325595,0.37826682237345466,0.04475899005355777,0.03521523778842669,0.21310353159102807,0.05895381146055652,0.2697016067329763,F,urban_okrug
городской округ Самара,2024-12-01,45651,1.0006756315015366,0.351799522463911,0.05220038991478829,0.056252875073930474,0.16483757201375654,0.05901294604718407,0.31589669448642965,D,urban_okrug
городской округ Светловский,2024-12-01,27236,-0.5605741144738753,0.42506241738875017,0.04115876046409164,0.030070494933176678,0.18523278014392716,0.02661918049640182,0.29185636657365255,G,urban_okrug
городской округ Светлогорский,2024-12-01,48109,1.1592042669799414,0.3507451828140265,0.050094576898293455,0.058762393730902744,0.1486000540439419,0.06256625579413415,0.3292315367187013,D,urban_okrug
городской округ Северодвинск,2024-12-01,51675,1.3753513291365551,0.3774939525882922,0.0406192549588776,0.05904208998548621,0.16228350266086114,0.050469279148524435,0.31009192065795843,A,urban_okrug
городской округ Североуральский,2024-12-01,38324,0.4718337559532737,0.4253470410186828,0.039557457467905226,0.02288383258532512,0.1920206659012629,0.03274710364262603,0.2874438993841979,G,urban_okrug
городской округ Семеновский,2024-12-01,33819,0.09381793816214838,0.42269138649871374,0.04432419645761258,0.01655873917028889,0.20890623613944823,0.051893905792601794,0.25562553594133475,G,urban_okrug
городской округ Сергиево-Посадский,2024-12-01,52569,1.4272004047440583,0.3469535277444882,0.045578192470847836,0.045140672259316325,0.19277520972436227,0.060054404687173046,0.3094979931138123,E,urban_okrug
городской округ Серебряные Пруды,2024-12-01,42423,0.7789967611769331,0.4088584022817811,0.03710251514508639,0.02324210923319897,0.22810739457369822,0.039884025175022986,0.2628055535912124,F,urban_okrug
городской округ Серовский,2024-12-01,40859,0.6654484748792927,0.38052815781100857,0.039061161555593624,0.0363934506473482,0.17697447318828166,0.046011894564233095,0.32103086223353494,D,urban_okrug
городской округ Серпухов,2024-12-01,53030,1.4535933464178419,0.35200829719026966,0.04554026023005846,0.044239109937771075,0.18483877050726005,0.06362436356779182,0.309749198566849,E,urban_okrug
городской округ Смирныховский,2024-12-01,38798,0.5089915091502031,0.5082478478272076,0.02930563431104696,0.013196556523532141,0.11113974947162225,0.04265683798133924,0.29545337388525184,F,urban_okrug
городской округ Советский,2024-12-01,33177,0.035882623876446466,0.4054616149742291,0.04114296048467312,0.03788769328149019,0.16333604605600266,0.04578473038550803,0.30638695481809697,F,urban_okrug
городской округ Сокольский,2024-12-01,29218,-0.3482343256305525,0.4414059826134575,0.03429392840030118,0.012321171880347731,0.21120542131562736,0.04401396399479773,0.2567595317954685,G,urban_okrug
городской округ Соликамский,2024-12-01,43851,0.8790732034753554,0.4098424209254065,0.037490593144968186,0.0354381884107546,0.1566440902145903,0.055528950309000936,0.30505575699527954,D,urban_okrug
городской округ Солнечногорск,2024-12-01,57410,1.6934874009529755,0.3472217383731057,0.04265807350635778,0.0479533182372409,0.19202229576728794,0.06897753004703014,0.30116704406897754,E,urban_okrug
городской округ Соль-Илецкий,2024-12-01,28881,-0.3833022477495363,0.4169523215955126,0.04272705238738271,0.029327239361517952,0.18015304179218172,0.053633876943319135,0.27720646792008585,G,urban_okrug
городской округ Сорочинский,2024-12-01,30510,-0.2174377987803767,0.4262209111766634,0.03942969518190757,0.02143559488692232,0.19049491969845952,0.05060635857096034,0.27181252048508686,F,urban_okrug
городской округ Сосновоборский,2024-12-01,53678,1.4903069727603004,0.3674317224933865,0.05341108088974999,0.04989008532359626,0.20321174410372964,0.05251685979358396,0.27353850739595353,E,urban_okrug
городской округ Сосьвинский,2024-12-01,34140,0.1223744529075414,0.46734036321031047,0.03400702987697715,0.010134739308728763,0.24660222612770943,0.027826596367896896,0.21408904510837734,G,urban_okrug
городской округ Спасск-Дальний,2024-12-01,40878,0.666853806551784,0.41873379323841675,0.045134302069572876,0.02253045648025833,0.1230001467782181,0.048754831449679535,0.3418464699838545,F,urban_okrug
городской округ Среднеуральск,2024-12-01,38023,0.44799845233060503,0.39762775162401703,0.04197459432448781,0.035031428346001106,0.19238355732056914,0.04268469084501486,0.29029797753991016,F,urban_okrug
городской округ Ступино,2024-12-01,51486,1.3642751322781632,0.3585829157440858,0.04597366274327001,0.04321563143378782,0.18946898185914618,0.058714990482849706,0.3040438177368605,E,urban_okrug
городской округ Суксунский,2024-12-01,27338,-0.5492746253078853,0.4667495793401127,0.04074914039066501,0.01057136586436462,0.19547882068915062,0.05033286999780525,0.23611822371790192,G,urban_okrug
городской округ Сухой Лог,2024-12-01,37661,0.41908155290060684,0.41477921457210376,0.03735960277209846,0.028862749263163484,0.18100953240753034,0.039510368816547625,0.29847853216855635,F,urban_okrug
городской округ Сызрань,2024-12-01,38638,0.4964998073372798,0.38754593923080904,0.041487654640509346,0.03641492830891868,0.1832134168435219,0.055592939593146644,0.2957451213830944,D,urban_okrug
городской округ Сыктывкар,2024-12-01,45815,1.0115156131193903,0.3984502892065917,0.043915748117428786,0.041296518607442975,0.15521117537924262,0.05554949252428244,0.30557677616501155,D,urban_okrug
городской округ Сысертский,2024-12-01,43493,0.8542934888306166,0.38914308049571195,0.04030533649092957,0.039454624882164946,0.17430391097417974,0.056100981767180924,0.30069206538983284,D,urban_okrug
городской округ Тавдинский,2024-12-01,33585,0.07282970639317547,0.4259044216167932,0.040524043471788,0.019413428613964567,0.17891916033943725,0.04159595057317255,0.2936429953848444,F,urban_okrug
городской округ Тайгинский,2024-12-01,34983,0.1961089033949895,0.4713146385387188,0.042220507103450246,0.025069319383700654,0.18832004116285053,0.04336391961810022,0.22971157419317956,F,urban_okrug
городской округ Талдомский,2024-12-01,42656,0.7955536430128426,0.39572393098274566,0.041729182295573895,0.029351087771942987,0.22360277569392348,0.04683983495873968,0.2627531882970743,F,urban_okrug
городской округ Талицкий,2024-12-01,32879,0.008608496906552993,0.4536634325861492,0.03883938075975547,0.020621065117552236,0.1823048146233158,0.04851120776179324,0.25606009915143413,F,urban_okrug
городской округ Тейково,2024-12-01,30947,-0.17444840515739893,0.4045303260412964,0.03564158076711798,0.024396548938507772,0.20683749636475265,0.039034478301612434,0.2895595695867127,F,urban_okrug
городской округ Томаринский,2024-12-01,39541,0.5663328352215714,0.500872512076073,0.02999418325282618,0.018107786854151386,0.1242760678789105,0.051060924104094484,0.27568852583394443,F,urban_okrug
городской округ Троицкий,2024-12-01,35694,0.25692941429342997,0.4029528772342691,0.04897181599148316,0.028408135821146412,0.17308231075250743,0.05401468033843223,0.2925701798621616,F,urban_okrug
городской округ Тугулымский,2024-12-01,30304,-0.23791682164342212,0.4581903379091869,0.04118268215417107,0.012308606124604013,0.218123020063358,0.02801610348468849,0.24217925026399156,G,urban_okrug
городской округ Туринский,2024-12-01,31285,-0.14161233828705974,0.4560971711682915,0.0380054339140163,0.018091737254275212,0.19501358478504074,0.04436630973309893,0.2484257631452773,G,urban_okrug
городской округ Тымовский,2024-12-01,45897,1.0169210614813677,0.47811403795455043,0.028171775933067522,0.009717410724012462,0.10634682005359827,0.05592958145412554,0.3217203738806458,F,urban_okrug
городской округ Углегорский,2024-12-01,49168,1.2250225984204437,0.4772616335828181,0.0320126911812561,0.024528148389196223,0.12534575333550277,0.04269036771884152,0.29816140579238526,A,urban_okrug
городской округ Удомельский,2024-12-01,37935,0.44099433738833616,0.43751153288519834,0.04357453538948201,0.03342559641492026,0.22451561882166865,0.03255568735995782,0.22841702912877293,F,urban_okrug
городской округ Уссурийский,2024-12-01,52846,1.4430866870080072,0.35450175983045074,0.04668281421488855,0.04431745070582447,0.10850395488778715,0.07031752639745677,0.37567649396359226,A,urban_okrug
городской округ Усть-Катавский,2024-12-01,32265,-0.048375214166934834,0.4421199442119944,0.04546722454672245,0.020734542073454206,0.19603285293661862,0.03796683713001705,0.2576785991011933,F,urban_okrug
городской округ Ухта,2024-12-01,45666,1.0016687099265362,0.40443656111768056,0.040314457145359785,0.04092760478255157,0.15755704462838874,0.04217579818683485,0.31458853413918453,A,urban_okrug
городской округ Фрязино,2024-12-01,56188,1.6284502972554988,0.34799245390474837,0.05200398661635937,0.05114971168220973,0.18541325549939489,0.055830426425571296,0.3076101658717163,E,urban_okrug
городской округ Холмский,2024-12-01,39634,0.5734341537848308,0.44522379774940707,0.030781652116869354,0.025003784629358632,0.10281576424282182,0.045339859716405105,0.35083514154513806,A,urban_okrug
городской округ Чайковский,2024-12-01,37345,0.3936110473146404,0.4027045119828625,0.04407551211674923,0.03872004284375418,0.1449725532199759,0.05336725130539564,0.3161601285312625,F,urban_okrug
городской округ Чапаевск,2024-12-01,37885,0.43700748454097055,0.41251154810611057,0.04431833179358585,0.03571334301174607,0.2210637455457305,0.05033654480665171,0.2360564867361753,F,urban_okrug
городской округ Чебаркульский,2024-12-01,41922,0.7430857685144263,0.38657506798339775,0.0439864510280998,0.04086160011449835,0.18305424359524833,0.048017747244883356,0.29750489003387237,D,urban_okrug
городской округ Челябинский,2024-12-01,45192,0.9701286126728922,0.3651752522570366,0.05084970791290494,0.05084970791290494,0.15248274030801912,0.06085147813772349,0.31979111347141087,D,urban_okrug
городской округ Чердынский,2024-12-01,26681,-0.6228079435049786,0.5220568944192496,0.03511862373973989,0.007945729170570818,0.1938832877328436,0.04538810389415689,0.19560736104343923,G,urban_okrug
городской округ Черкесский,2024-12-01,31341,-0.1362063215209973,0.32781340735777414,0.05934718100890208,0.059730066047669186,0.20685364219393126,0.05963434478797741,0.2866213586037458,C,urban_okrug
городской округ Черноголовка,2024-12-01,52050,1.3972084843126786,0.36049951969260324,0.051796349663784824,0.037367915465898176,0.21804034582132564,0.04069164265129683,0.29160422670509123,micro,urban_okrug
городской округ Чернушинский,2024-12-01,34622,0.16475334225500488,0.4172491479406158,0.04136098434521403,0.0257639651088903,0.1602449309687482,0.05311651551036913,0.3022644561261626,F,urban_okrug
городской округ Чехов,2024-12-01,55609,1.5971393493090242,0.3451239907209265,0.04175583089068316,0.04465104569404233,0.19993166573756047,0.06964699958639789,0.2988904673703897,E,urban_okrug
городской округ Чусовской,2024-12-01,37192,0.38120126821591227,0.42530651753065174,0.03702409120240912,0.028742740374274038,0.16909550440955043,0.046246504624650464,0.2935846418584642,F,urban_okrug
городской округ Шалинский,2024-12-01,29097,-0.3607787180917461,0.4970615527373956,0.03220263257380486,0.006117469154895694,0.22737739285837028,0.03471148228339691,0.20252947039213676,G,urban_okrug
городской округ Шатура,2024-12-01,48267,1.169115609795823,0.389002838378188,0.03731327822321669,0.031760830381005654,0.20500549029357532,0.046802162968487784,0.2901153997555266,F,urban_okrug
городской округ Шаховская,2024-12-01,45617,0.9984234451484357,0.3831027906263016,0.0385163425915777,0.027643203191792535,0.24604862222417082,0.051581647192932456,0.2531073941732249,F,urban_okrug
городской округ Шуя,2024-12-01,34128,0.12131175949154165,0.40661626816690105,0.04225269573370839,0.027631270511017346,0.19793131739334272,0.04058251289263948,0.284985935302391,F,urban_okrug
городской округ Щёлково,2024-12-01,56050,1.6210169691113403,0.34465655664585193,0.0455664585191793,0.048260481712756466,0.18699375557537912,0.06517395182872435,0.3093487957181088,E,urban_okrug
городской округ Эгвекинот,2024-12-01,75056,2.503654571117149,0.48068109145171606,0.028911745896397358,0.017240460456192708,0.04501971861010445,0.029164890215305904,0.39898209337028345,A,urban_okrug
городской округ Электросталь,2024-12-01,53423,1.4759126447674646,0.35140295378395076,0.047451472212343,0.047881998390206466,0.1734833311495049,0.0634745334406529,0.31630571102334204,E,urban_okrug
городской округ Южно-Курильский,2024-12-01,61261,1.889744490060058,0.44387130474527026,0.03259822725714565,0.039960170418373846,0.13690602504040092,0.02033920438778342,0.3263250681510258,A,urban_okrug
городской округ Южноуральский,2024-12-01,37855,0.43461284639830516,0.40972130497952713,0.04926693963809272,0.03016774534407608,0.17559107119270903,0.05159159952450139,0.2836613393210936,F,urban_okrug
городской округ Юргинский,2024-12-01,41308,0.6984852123549176,0.40708821535779993,0.04715793550886027,0.03936283528614312,0.15904909460637165,0.05248378038152416,0.2948581388593009,D,urban_okrug
городской округ Ясненский,2024-12-01,27452,-0.536695567968128,0.38780416727378697,0.03260236048375346,0.0267740055369372,0.20344601486230512,0.02327699256884744,0.3260964592743698,G,urban_okrug
городской округ город Абаза,2024-12-01,32768,-0.0016138926658992732,0.46856689453125,0.035125732421875,0.0150146484375,0.202728271484375,0.0474853515625,0.2310791015625,G,urban_okrug
городской округ город Абакан,2024-12-01,40040,0.6042416987190445,0.38226773226773225,0.038936063936063935,0.04662837162837163,0.16353646353646353,0.0693056943056943,0.29932567432567436,D,urban_okrug
городской округ город Агидель,2024-12-01,23441,-1.0141590382957004,0.40501685081694466,0.04628642122776332,0.021415468623352245,0.18676677616142656,0.02218335395247643,0.31833112921803675,G,urban_okrug
городской округ город Адыгейск,2024-12-01,28136,-0.46230105720151865,0.3366860961046346,0.04844327551890816,0.04517344327551891,0.23852004549331818,0.04378731873756042,0.2873898208700598,C,urban_okrug
городской округ город Алапаевск,2024-12-01,37249,0.38583047585531666,0.4379446428092029,0.045048189213133236,0.026846358291497757,0.16569572337512417,0.04086015731965959,0.28360492899138223,F,urban_okrug
городской округ город Алатырь,2024-12-01,26138,-0.6849619136026459,0.45137347922564847,0.057234677481062056,0.014040860050501185,0.19733721019205755,0.04946820720789655,0.23054556584283414,G,urban_okrug
городской округ город Алейск,2024-12-01,34822,0.18216501064017782,0.43265751536385044,0.037562460513468496,0.025759577278731835,0.16452242834989375,0.05387398770891965,0.2856240307851359,F,urban_okrug
городской округ город Алексин,2024-12-01,40766,0.6585603048093751,0.39088946671245645,0.04192219006034441,0.027817298729333268,0.20418976598145513,0.04648481577785409,0.28869646273855665,F,urban_okrug
городской округ город Арзамас,2024-12-01,39355,0.5520799534450864,0.40665734976496,0.0489899631558887,0.026375301740566636,0.183661542370728,0.058696480752128063,0.2756193622157286,F,urban_okrug
городской округ город Архангельск,2024-12-01,49738,1.2598644273972828,0.3809159998391572,0.043246612248180466,0.04923800715750533,0.157143431581487,0.05163054405082633,0.31782540512284374,A,urban_okrug
городской округ город Астрахань,2024-12-01,40138,0.6116311976791043,0.3541033434650456,0.046066072051422595,0.04656435298221137,0.18060192336439285,0.06445263839752853,0.30821166973939906,D,urban_okrug
городской округ город Ачинск,2024-12-01,42151,0.7595531266532537,0.4110460012811084,0.03582358662902422,0.03542027472657826,0.17850110317667434,0.05316599843420085,0.28604303575241385,D,urban_okrug
городской округ город Барнаул,2024-12-01,43606,0.8621369804618283,0.36513323854515434,0.049534467733798104,0.05086455992294638,0.15062147410906757,0.062445535018116775,0.32140072467091685,D,urban_okrug
городской округ город Белокуриха,2024-12-01,38925,0.5188701789978659,0.3917790622992935,0.05243416827231856,0.03080282594733462,0.18340398201669877,0.06037251123956326,0.2812074502247913,F,urban_okrug
городской округ город Бердск,2024-12-01,43620,0.8631073250800161,0.37207702888583216,0.05481430536451169,0.04397065566254012,0.17077028885832188,0.0661164603392939,0.29225126088950026,D,urban_okrug
городской округ город Березники,2024-12-01,43808,0.8761075807731799,0.4014107012417823,0.03786979547114682,0.04556245434623813,0.15090850986121257,0.0539627465303141,0.3102857925493061,D,urban_okrug
городской округ город Бийск,2024-12-01,41471,0.7103897329096375,0.38670396180463457,0.0459839405849871,0.04133008608425164,0.16838272527790504,0.0701454028116033,0.28745388343661826,D,urban_okrug
городской округ город Биробиджан,2024-12-01,50399,1.299772165210419,0.40804381039306337,0.04333419313875275,0.035457052719299983,0.13115339590071232,0.05156848350165678,0.3304430643465148,A,urban_okrug
городской округ город Боготол,2024-12-01,30681,-0.20054297720919947,0.46980215768716793,0.03920993448714188,0.011798833154069294,0.1961474528209641,0.03992699064567648,0.24311463120498034,G,urban_okrug
городской округ город Бор,2024-12-01,44013,0.8902199584647043,0.38356849112762137,0.04966714379842319,0.03592120509849363,0.18278690386931135,0.05800558925771931,0.29005066684843117,D,urban_okrug
городской округ город Бородино,2024-12-01,32485,-0.02783388706173349,0.4233338463906418,0.03974141911651531,0.01800831152839772,0.17364937663537017,0.040880406341388335,0.30438663998768667,G,urban_okrug
городской округ город Братск,2024-12-01,45311,0.9780778992776379,0.41407163823354154,0.042020701374942064,0.03965924389221161,0.1532078303281764,0.05424731301449979,0.2967932731566286,D,urban_okrug
городской округ город Бугуруслан,2024-12-01,36277,0.3059032856758541,0.4097913278385754,0.049370124321195245,0.034925710505278824,0.1946687984122171,0.05072084240703476,0.26052319651569866,F,urban_okrug
городской округ город Бузулук,2024-12-01,38860,0.5138182001811736,0.3805970149253731,0.04567678847143592,0.03636129696345857,0.17895007720020586,0.056999485331960885,0.30141533710756563,D,urban_okrug
городской округ город Буй,2024-12-01,28682,-0.40420268181980984,0.4492713199916324,0.03563210375845478,0.011121958022453107,0.20469283871417615,0.030262882644167072,0.2690188968691165,G,urban_okrug
городской округ город Великие Луки,2024-12-01,38796,0.5088356810505376,0.40166512011547584,0.049695844932467266,0.030492834312815756,0.191643468398804,0.05217032683781833,0.27433240540261883,F,urban_okrug
городской округ город Владикавказ,2024-12-01,38849,0.5129624139654314,0.27550258693917473,0.05271692965069886,0.052613966897474836,0.2097351283173312,0.08432649489047338,0.32510489330484704,C,urban_okrug
городской округ город Владимир,2024-12-01,47263,1.105574639104256,0.3873008484438144,0.04972176967183632,0.03939656813998265,0.16782684129234285,0.061189513996149206,0.29456445845587453,D,urban_okrug
городской округ город Волгореченск,2024-12-01,30876,-0.18139148857598344,0.41517683637776914,0.04210389946884312,0.019270630910739734,0.21929654100272056,0.022671330483223215,0.2814807617567042,G,urban_okrug
городской округ город Волжск,2024-12-01,30975,-0.1717146664310129,0.39005649717514124,0.03970944309927361,0.028635996771589994,0.21778853914447135,0.03393058918482647,0.28987893462469727,F,urban_okrug
городской округ город Волжский,2024-12-01,38683,0.5000183192018077,0.37765943696197296,0.05074580565106119,0.04379184654757904,0.17172918336220044,0.06033658196106817,0.2957371455161182,D,urban_okrug
городской округ город Воткинск,2024-12-01,38036,0.44903177668305577,0.38957829424755497,0.04848038700178778,0.050399621411294566,0.16045325481123146,0.05394889052476601,0.29713955200336517,D,urban_okrug
городской округ город Выкса,2024-12-01,42711,0.7994487254098119,0.40863009529161104,0.04731802111868137,0.025707663131277658,0.19650675470019432,0.051766523846315936,0.2700709419119196,F,urban_okrug
городской округ город Вятские Поляны,2024-12-01,30143,-0.2540194240805787,0.4136283714295193,0.0484689646020635,0.02813256809209435,0.17178117639252893,0.03974388746972763,0.29824503201406627,F,urban_okrug
городской округ город Галич,2024-12-01,31889,-0.08380862804917194,0.47953839882091004,0.0388221643827025,0.012794380507384991,0.21593652983787512,0.03443193577722726,0.21847659067390002,G,urban_okrug
городской округ город Глазов,2024-12-01,35113,0.20732119885641537,0.3998234272206875,0.04767465041437644,0.054111013015122604,0.15307720787172843,0.05120610600062655,0.29410759547745846,D,urban_okrug
городской округ город Горно-Алтайск,2024-12-01,39907,0.5941841119215661,0.36449745658656374,0.04064449845891698,0.04405242188087303,0.17022076327461347,0.06665497281178741,0.31392988698724533,D,urban_okrug
городской округ город Губкинский,2024-12-01,56113,1.6244127127636985,0.3544098515495518,0.035196834958031116,0.05433678470229715,0.2081870511289719,0.04036497781262809,0.30750449984852,A,urban_okrug
городской округ город Гусь-Хрустальный,2024-12-01,37413,0.3991101936603396,0.4227407585598589,0.043888487958730925,0.02696923529254537,0.18931922059177292,0.043514286477962204,0.27356801111912976,F,urban_okrug
городской округ город Десногорск,2024-12-01,40327,0.6258315626453863,0.45929526123936815,0.04339524388127061,0.025615592531058596,0.2000396756515486,0.03640241029583158,0.23525181640092252,F,urban_okrug
городской округ город Дзержинск,2024-12-01,47204,1.101798779275125,0.36615541055842726,0.04461486314719092,0.03722142191339717,0.16954071688839928,0.055419032285399544,0.3270485552071858,D,urban_okrug
городской округ город Дивногорск,2024-12-01,40287,0.6228317545338838,0.40387718122471267,0.04155186536599896,0.04018666070940998,0.17576389406011864,0.046491424032566335,0.29212897460719345,D,urban_okrug
городской округ город Димитровград,2024-12-01,36599,0.3326160043229874,0.4040820787453209,0.04710511216153447,0.035028279461187466,0.18429465285936775,0.053088882209896444,0.27640099456269285,F,urban_okrug
городской округ город Донской,2024-12-01,36760,0.3458843595427566,0.3951849836779108,0.04137649619151251,0.027393906420021763,0.2057399347116431,0.04926550598476605,0.2810391730141458,F,urban_okrug
городской округ город Екатеринбург,2024-12-01,50463,1.3036083222362078,0.34904781721261124,0.05455482234508452,0.05855775518696867,0.13865604502308623,0.06337316449676,0.3358103957354893,D,urban_okrug
городской округ город Елец,2024-12-01,41625,0.7215940403883447,0.39646846846846845,0.03853453453453454,0.0326006006006006,0.2057897897897898,0.06092492492492493,0.2656816816816817,F,urban_okrug
городской округ город Енисейск,2024-12-01,42115,0.7569703070893737,0.4238632316276861,0.040080731330879735,0.017808381811706044,0.1887213581859195,0.04563694645613202,0.2838893505876766,F,urban_okrug
городской округ город Ефремов,2024-12-01,38087,0.45308217995119926,0.40990364166250953,0.04857300391209599,0.02360385433349962,0.20694725234331923,0.05143487279124111,0.25953737495733453,F,urban_okrug
городской округ город Заринск,2024-12-01,33451,0.060744858077306514,0.4360108815879944,0.04726316104152342,0.042390362022062124,0.15649756360049027,0.0418223670443335,0.2760156647035963,F,urban_okrug
городской округ город Ижевск,2024-12-01,42282,0.7689331375477331,0.35639279125869167,0.053403339482522114,0.057234757107043184,0.14892862210869873,0.06314743862636583,0.32089305141667845,D,urban_okrug
городской округ город Ирбит,2024-12-01,38516,0.486940076486552,0.42390175511475753,0.03871118496209368,0.028351853775054524,0.1866237407830512,0.050316751479904456,0.2720947138851386,F,urban_okrug
городской округ город Иркутск,2024-12-01,48813,1.203118150836548,0.35304119804150536,0.05094954213017024,0.05859094913240325,0.1386515887161207,0.06842439514063876,0.33034232683916165,D,urban_okrug
городской округ город Искитим,2024-12-01,40039,0.6041662024868076,0.4098254202152901,0.04860261245285846,0.035715177701740805,0.17425510127625565,0.06124029071655136,0.2703613976373036,D,urban_okrug
городской округ город Ишим,2024-12-01,38228,0.4642521913794485,0.41147849743643405,0.03704091242021555,0.02953332635764361,0.16773045934916814,0.057444804855080044,0.2967719995814585,F,urban_okrug
городской округ город Йошкар-Ола,2024-12-01,37090,0.37289968786974476,0.3575357239148018,0.04801833378269075,0.052790509571313024,0.1698301428956592,0.06098678889188461,0.3108385009436506,D,urban_okrug
городской округ город Казань,2024-12-01,44813,0.9446709187999698,0.33773681744136747,0.05389061209916765,0.06493651395800326,0.15754356994622096,0.07227813357731015,0.3136143529779305,D,urban_okrug
городской округ город Калининград,2024-12-01,48687,1.1953052899697894,0.33945406371310616,0.05449093187093064,0.0665680777209522,0.12048390740854849,0.06465791689773451,0.3543451023887281,D,urban_okrug
городской округ город Калуга,2024-12-01,47484,1.1196763404538679,0.38396091314969255,0.04927975739196361,0.0438463482436189,0.1817243703142111,0.06063094937242018,0.2805576615280937,D,urban_okrug
городской округ город Каменск-Уральский,2024-12-01,41308,0.6984852123549176,0.3925389755011136,0.04381717827055292,0.04323617701171686,0.1700154933669023,0.05149123656434589,0.29890093928536854,D,urban_okrug
городской округ город Камышин,2024-12-01,38789,0.5082902194331603,0.38815128000206245,0.04588929851246487,0.029570238985279333,0.18286112042073785,0.05096805795457475,0.3025600041248808,F,urban_okrug
городской округ город Канаш,2024-12-01,27764,-0.5025339687357732,0.41085578446909665,0.0477596888056476,0.03565768621236133,0.17890073476444315,0.06216683475003602,0.26465927099841524,G,urban_okrug
городской округ город Канск,2024-12-01,41161,0.6877088797925563,0.401132139646753,0.03517893151283982,0.03223925560603484,0.17436408250528412,0.05388596001068973,0.3031996307183985,D,urban_okrug
городской округ город Касимов,2024-12-01,34176,0.1255602934174458,0.4248302902621723,0.04693352059925093,0.021740402621722846,0.21406835205992508,0.04839653558052434,0.2440308988764045,G,urban_okrug
городской округ город Кедровый,2024-12-01,41888,0.7406331668458642,0.4327731092436975,0.03222880061115355,0.008594346829640947,0.2867169595110772,0.010742933537051184,0.22894385026737962,micro,urban_okrug
городской округ город Кизел,2024-12-01,31222,-0.1477056859792381,0.4687079623342515,0.0341746204599321,0.015597975786304528,0.1986419832169624,0.033918390878226894,0.2489590673243226,G,urban_okrug
городской округ город Киров,2024-12-01,43969,0.88719650838905,0.372194045804999,0.04737428642907503,0.054925060838317906,0.15620095976710865,0.06404512270008415,0.3052605244604153,D,urban_okrug
городской округ город Кирово-Чепецк,2024-12-01,36892,0.3567194806741341,0.39927355524232894,0.04664968014745744,0.039059958798655536,0.16038707578878889,0.04488778054862843,0.3097419494741408,D,urban_okrug
городской округ город Кирсанов,2024-12-01,27529,-0.5282287096259413,0.44120745395764466,0.04446220349449671,0.01471175850920847,0.22336445203240218,0.05020160557957064,0.2260525264266774,G,urban_okrug
городской округ город Ковров,2024-12-01,43359,0.8449659033345475,0.3742244977974584,0.045296247607186514,0.04356650291750271,0.1763417052976314,0.054014160843192875,0.3065568855370281,D,urban_okrug
городской округ город Когалым,2024-12-01,52897,1.4460025190324073,0.36132483883774125,0.03557857723500388,0.056335898066052895,0.18602189160065788,0.04994612170822542,0.3107926725523187,A,urban_okrug
городской округ город Козьмодемьянск,2024-12-01,28724,-0.3997794876916223,0.42664670658682635,0.03961843754351762,0.017198161815903078,0.2098245369725665,0.03812143155549366,0.26859072552569285,G,urban_okrug
городской округ город Комсомольск-на-Амуре,2024-12-01,53165,1.4612788769526361,0.37996802407598984,0.03744944982601336,0.046365089814727735,0.12965296717765448,0.057763566255995484,0.3488009028496192,A,urban_okrug
городской округ город Коряжма,2024-12-01,39238,0.5430798762378174,0.4270605025740354,0.04192364544574137,0.039324124573117895,0.17434629695703144,0.03392119883786126,0.28342423161221275,F,urban_okrug
городской округ город Кострома,2024-12-01,40884,0.6672974597984438,0.39428627335877114,0.047793757949320025,0.042706193131787494,0.17715976910282752,0.05581645631542902,0.2822375501418649,D,urban_okrug
городской округ город Котельнич,2024-12-01,27203,-0.5642388933313387,0.4678160497004007,0.04039995588721832,0.02150498106826453,0.1814505753041944,0.041392493474984374,0.24743594456493767,G,urban_okrug
городской округ город Котовск,2024-12-01,28569,-0.4161354128015311,0.41384017641499526,0.04424376071966117,0.013826175224894117,0.22664426476250482,0.029437502187685954,0.2720081206902587,G,urban_okrug
городской округ город Красноярск,2024-12-01,50327,1.2954506613842487,0.3553957120432372,0.04715162835058716,0.05243706161702466,0.143441890039144,0.06567051483299223,0.33590319311701466,D,urban_okrug
городской округ город Кулебаки,2024-12-01,34815,0.18155729290948858,0.4121499353726842,0.04716357891713342,0.016602039350854518,0.21760735315237684,0.04067212408444636,0.26580496912250473,G,urban_okrug
городской округ город Кумертау,2024-12-01,33374,0.05377865919682814,0.3803559657218194,0.04737220590879127,0.036825073410439266,0.16150296638101516,0.053125187271528734,0.32081860130640616,F,urban_okrug
городской округ город Курган,2024-12-01,40907,0.668997527625418,0.4115921480431222,0.04527342508617107,0.03495734226416017,0.1560857554941697,0.05485613709145134,0.2972351920209255,D,urban_okrug
городской округ город Лабытнанги,2024-12-01,58142,1.7317860401331757,0.4228096728698703,0.0339513604623164,0.03302259984176671,0.1556877988373293,0.04550927040693475,0.3090192975817826,A,urban_okrug
городской округ город Лангепас,2024-12-01,41891,0.7408496529384639,0.38585853763338185,0.03482848344513141,0.046167434532477146,0.17863025470864863,0.03478074049318469,0.31973454918717625,A,urban_okrug
городской округ город Лермонтов,2024-12-01,42172,0.7610587528884837,0.353978943374751,0.04474532865408328,0.03635113345347624,0.23501375320117612,0.05574788959499194,0.2741629517215214,F,urban_okrug
городской округ город Лесосибирск,2024-12-01,42865,0.8103283303617204,0.4239356118045025,0.04005598973521521,0.02993117928379797,0.1760643881954975,0.0465181383413041,0.28349469263968263,D,urban_okrug
городской округ город Ливны,2024-12-01,31974,-0.07576200261878367,0.4194658159754801,0.0433477200225183,0.02361293551010196,0.21727028210420968,0.04093951335460061,0.25536373303308935,F,urban_okrug
городской округ город Липецк,2024-12-01,46358,1.0471316055200497,0.3682643772380172,0.043789637171577724,0.04368178092238664,0.18590103110574227,0.059903360800724795,0.2984598127615513,D,urban_okrug
городской округ город Магадан,2024-12-01,74293,2.4727679844317425,0.3849353236509496,0.038644286810332065,0.045280174444429486,0.11096603986916667,0.04969512605494461,0.3704790491701775,A,urban_okrug
городской округ город Майкоп,2024-12-01,36320,0.3094841985234871,0.33125,0.04463105726872247,0.04774229074889868,0.2127202643171806,0.06203193832599119,0.30162444933920707,F,urban_okrug
городской округ город Мегион,2024-12-01,50540,1.3082172558752834,0.36060546102097346,0.04077958053027305,0.051602690937870996,0.1682034032449545,0.0408389394538979,0.33796992481203003,A,urban_okrug
городской округ город Медногорск,2024-12-01,27452,-0.536695567968128,0.4171645053183739,0.0378478799358881,0.01992568847442809,0.21510272475593764,0.032238088299577444,0.27772111321579485,G,urban_okrug
городской округ город Минусинск,2024-12-01,42337,0.7728626510116016,0.3936273236176394,0.04168930250135815,0.03406004204360252,0.1668989300139358,0.06700994402059664,0.2967144578028674,D,urban_okrug
городской округ город Михайловка,2024-12-01,33246,0.04216284130056801,0.3843469891114721,0.04872766648619383,0.025777537147325995,0.21013054202009265,0.060488479817120855,0.2705287854177947,F,urban_okrug
городской округ город Мичуринск,2024-12-01,34054,0.11475021507391804,0.40247841663240735,0.049215951136430375,0.028307981441240384,0.20006460327714806,0.05397310154460563,0.2659599459681682,F,urban_okrug
городской округ город Можга,2024-12-01,31393,-0.13119509098206472,0.417035644888988,0.0451693052591342,0.038671041314942825,0.15786958876182589,0.06224317523014685,0.2790112445449622,F,urban_okrug
городской округ город Моршанск,2024-12-01,28517,-0.4216424469531849,0.4308307325454992,0.053056071816811025,0.015148858575586493,0.22035978539117018,0.05032086124066346,0.23028369043026953,G,urban_okrug
городской округ город Муравленко,2024-12-01,48421,1.1787448590886898,0.37991780425848287,0.03296090539228847,0.04043700047500052,0.2096817496540757,0.03640982218458933,0.3005927180355631,A,urban_okrug
городской округ город Мурманск,2024-12-01,58237,1.7367211065265795,0.37271837491629034,0.041588680735614815,0.049229871044181535,0.17459690574720538,0.056733691639335816,0.305132475917372,E,urban_okrug
городской округ город Мценск,2024-12-01,35806,0.266399551151154,0.42565491817013906,0.041501424342289005,0.030469753672568843,0.195051108752723,0.03826174384181422,0.26906105122046586,F,urban_okrug
городской округ город Набережные Челны,2024-12-01,40376,0.6295022751677087,0.3644739449177729,0.05087180503269269,0.06360213988508025,0.15293738854765207,0.06971963542698632,0.2983950861898158,D,urban_okrug
городской округ город Назарово,2024-12-01,37099,0.37363309801544214,0.4209277878109922,0.03679344456723901,0.022561255020350952,0.17814496347610448,0.04808754952963692,0.29348499959567653,F,urban_okrug
городской округ город Нарьян-Мар,2024-12-01,55602,1.5967588146539466,0.3831157152620409,0.030826229272328334,0.046491133412467175,0.15073198805798352,0.04194093737635337,0.3468939966188267,A,urban_okrug
городской округ город Невинномысск,2024-12-01,40946,0.6718780679393372,0.3708542959019196,0.04703756166658526,0.039515459385532165,0.196014262687442,0.06391344697894788,0.2826649733795731,D,urban_okrug
городской округ город Нефтекамск,2024-12-01,36830,0.35163509364158163,0.36997013304371434,0.049742058104805864,0.05270160195492805,0.14523486288351886,0.060792831930491446,0.3215585120825414,D,urban_okrug
городской округ город Нефтеюганск,2024-12-01,54151,1.516826896317928,0.3610828978227549,0.03913131798120072,0.050488448966778086,0.1595169064283208,0.05035918080921867,0.3394212479917269,A,urban_okrug
городской округ город Нижневартовск,2024-12-01,54011,1.5090016595244247,0.3633704245431486,0.04054729592120124,0.05685878802466164,0.1429893910499713,0.05260039621558572,0.3436337042454315,A,urban_okrug
городской округ город Нижний Новгород,2024-12-01,47006,1.089092665346741,0.3632514998085351,0.05399310726290261,0.042547759860443346,0.1601923158745692,0.05943922052503935,0.3205760966685104,D,urban_okrug
городской округ город Нижний Тагил,2024-12-01,45958,1.0209359271269594,0.3798032986639976,0.04621611036163453,0.04538926846250925,0.1526828843726881,0.05474563732103225,0.3211628008181383,D,urban_okrug
городской округ город Новоалтайск,2024-12-01,38242,0.4653590212458648,0.4095758590031902,0.04591810051775535,0.03799487474504472,0.1550651116573401,0.052926102191307986,0.2985199518853616,D,urban_okrug
городской округ город Новодвинск,2024-12-01,33347,0.0513321595339506,0.45335412480882836,0.03646504932977479,0.028578282904009357,0.1851440909227217,0.022850631241191112,0.2736078207934747,F,urban_okrug
городской округ город Новомосковск,2024-12-01,42985,0.8187788837250973,0.3676398743747819,0.04622542747470048,0.034686518552983596,0.1953937420030243,0.05360009305571711,0.3024543445387926,F,urban_okrug
городской округ город Новосибирск,2024-12-01,47022,1.0901214079067798,0.3619156990344945,0.05508060056994598,0.05776019735442984,0.1545021479307558,0.0659265875547616,0.3048147675556123,D,urban_okrug
городской округ город Новотроицк,2024-12-01,35245,0.21866359664267793,0.4013051496666194,0.04040289402752163,0.04284295644772308,0.17554263016030644,0.03651581784650305,0.30339055185132646,F,urban_okrug
городской округ город Новоульяновск,2024-12-01,26475,-0.6462373356295791,0.4120491029272899,0.04219074598677998,0.01745042492917847,0.2102360717658168,0.026893295561850803,0.291180358829084,G,urban_okrug
городской округ город Новочебоксарск,2024-12-01,36436,0.31912323141251336,0.3824239762871885,0.050389724448347786,0.05299703589856186,0.15866176309144803,0.05744318805576902,0.2980843122186848,D,urban_okrug
городской округ город Новый Уренгой,2024-12-01,52912,1.4468595816861296,0.336483217417599,0.03573858482007862,0.06246220139098881,0.16383807075899606,0.0550158754157847,0.34646205019655285,A,urban_okrug
городской округ город Норильск,2024-12-01,62503,1.9504161332412895,0.37321408572388526,0.03435035118314321,0.04436587043821896,0.12706590083675984,0.047101739116522406,0.37390205270147037,A,urban_okrug
городской округ город Ноябрьск,2024-12-01,50724,1.3192024349716065,0.381811371342954,0.036590174276476616,0.049621480955760584,0.17327103540730227,0.05072549483479221,0.30798044318271445,A,urban_okrug
городской округ город Нягань,2024-12-01,55580,1.5955625366329949,0.38029866858582223,0.0362180640518172,0.045304066210867217,0.17963296149694136,0.046419575386829795,0.3121266642677222,A,urban_okrug
городской округ город Обнинск,2024-12-01,51221,1.348676349408043,0.35178930516780227,0.05435270689756155,0.05042853517112122,0.1797504929618711,0.06261103844126432,0.3010679213603795,E,urban_okrug
городской округ город Обь,2024-12-01,45311,0.9780778992776379,0.38068018803381076,0.04259451347354947,0.04881816777382975,0.17159188717971355,0.06453179139723246,0.2917834521418641,D,urban_okrug
городской округ город Октябрьский,2024-12-01,37249,0.38583047585531666,0.37668125318800505,0.045155574646299226,0.04826975220811297,0.15586995624043598,0.061156004188031896,0.3128674595291149,D,urban_okrug
городской округ город Омск,2024-12-01,41898,0.7413547268690235,0.36684328607570765,0.050479736502935704,0.05415532961000525,0.14654637452861713,0.06243734784476586,0.31953792543796844,D,urban_okrug
городской округ город Оренбург,2024-12-01,40300,0.6238070187432373,0.3657320099255583,0.04744416873449132,0.04841191066997519,0.1613151364764268,0.06292803970223325,0.3141687344913151,D,urban_okrug
городской округ город Орск,2024-12-01,37851,0.4342934179362553,0.36419117064278356,0.040712266518718135,0.038519457874296587,0.18102560038043908,0.039602652505878314,0.3359488520778844,F,urban_okrug
городской округ город Орёл,2024-12-01,40205,0.6166728254531174,0.3990050988683,0.050963810471334414,0.041910210172864074,0.17485387389628157,0.057455540355677154,0.27581146623554287,D,urban_okrug
городской округ город Первомайск,2024-12-01,28335,-0.4409964606201795,0.4281983412740427,0.04591494617963649,0.007728957120169402,0.22908064231515793,0.0339862361037586,0.2550908770072349,G,urban_okrug
городской округ город Переславль-Залесский,2024-12-01,43288,0.8400119850967904,0.40018018850489745,0.041720569210866754,0.03010072075401959,0.20474496396229902,0.05544261689151728,0.2678109406763999,F,urban_okrug
городской округ город Петровск-Забайкальский,2024-12-01,34354,0.14126334894237527,0.41410025033474995,0.03813238633055831,0.0174943238050882,0.17302206438842638,0.042644233568143446,0.3146067415730338,F,urban_okrug
городской округ город Покачи,2024-12-01,41945,0.7447437537464865,0.3857909166766003,0.034378352604601266,0.034735963762069375,0.2041482894266301,0.03738228632733341,0.30356419120276557,F,urban_okrug
городской округ город Псков,2024-12-01,46416,1.05091120418995,0.3776714925887625,0.0464279558772837,0.046966563254050325,0.17442261289210617,0.05659686315063771,0.2979145122371596,D,urban_okrug
городской округ город Пыть-Ях,2024-12-01,47655,1.1305426460579513,0.3816598468156542,0.03204280768020145,0.04668974923932431,0.18529010596999265,0.05319483789738747,0.30112265239743996,A,urban_okrug
городской округ город Радужный,2024-12-01,36984,0.3642483298729584,0.3928185161150768,0.03250054077438892,0.04031473069435432,0.19724745836037205,0.030229288340904176,0.3068894657149037,F,urban_okrug
городской округ город Рассказово,2024-12-01,30491,-0.21932084326424142,0.3984782394805024,0.046210357154570204,0.01600472270506051,0.20894690236463218,0.05814830605752517,0.2722114722377095,G,urban_okrug
городской округ город Рубцовск,2024-12-01,36572,0.3303851628351694,0.4029312041999344,0.041534507273323855,0.03642130591709505,0.16734113529476102,0.06051077326916767,0.291261074045718,F,urban_okrug
городской округ город Рыбинск,2024-12-01,39801,0.5861442585492362,0.39358307580211555,0.04653149418356323,0.039395995075500616,0.17461872817265897,0.0462551192181101,0.2996155875480515,D,urban_okrug
городской округ город Рязань,2024-12-01,45549,0.9939140321504722,0.3727194889020615,0.055522623987354275,0.04465520648093262,0.1771498825440734,0.05778392500384202,0.2921688730817361,D,urban_okrug
городской округ город Салават,2024-12-01,36718,0.3424286603610853,0.35930606242170054,0.04452856909417724,0.05452366686638706,0.1530039762514298,0.05934419086006863,0.3292935345062368,D,urban_okrug
городской округ город Салехард,2024-12-01,67290,2.1734922680718562,0.37396344181899244,0.034968048744241344,0.041833853470054985,0.13437360677663843,0.06532917223956011,0.3495318769505127,A,urban_okrug
городской округ город Сарапул,2024-12-01,37269,0.38745308057538663,0.4007351954707666,0.04757304998792562,0.046714427540315004,0.1622796425984062,0.05731304837800853,0.2853846360245781,D,urban_okrug
городской округ город Саратов,2024-12-01,40959,0.6728376383784754,0.3672941233916844,0.05034302595278205,0.04939085426890305,0.16340730974877316,0.06333162430723406,0.3062330623306233,D,urban_okrug
городской округ город Саяногорск,2024-12-01,37258,0.3865607557658856,0.40882495034623434,0.03784422137527511,0.025471039776692253,0.18551720435879543,0.04723817703580439,0.29510440710719854,F,urban_okrug
городской округ город Саянск,2024-12-01,36673,0.3387217363614859,0.43023477762931855,0.04215635481144166,0.02331415482780247,0.16396258828020616,0.042456303002208706,0.29787582144902247,F,urban_okrug
городской округ город Свирск,2024-12-01,32871,0.007872902952341452,0.44647257460983847,0.03681056250190137,0.016032368957439688,0.17626479267439385,0.04058288460953424,0.2838368166468923,G,urban_okrug
городской округ город Сибай,2024-12-01,35246,0.2187493616734142,0.36597060659365604,0.04687056687283663,0.0518924133234977,0.14543494297225218,0.05515519491573512,0.33467627532202227,D,urban_okrug
городской округ город Скопин,2024-12-01,30830,-0.18589835240540817,0.4365877392150503,0.04661044437236458,0.00895231916963996,0.23055465455724944,0.041680181641258515,0.2356146610444373,G,urban_okrug
городской округ город Слободской,2024-12-01,28961,-0.3749406189866518,0.42619384689755185,0.04198750043161493,0.02883187735230137,0.1792755775007769,0.0449915403473637,0.2787196574703912,G,urban_okrug
городской округ город Смоленск,2024-12-01,44379,0.9152530522256976,0.3746366524707632,0.04657608328263368,0.043781968949277814,0.1815723653079159,0.056738547511210255,0.2966943824781991,D,urban_okrug
городской округ город Сорск,2024-12-01,36070,0.2886053243122541,0.425866370945384,0.03207651788189631,0.016190740227335736,0.2442195730523981,0.03146659273634599,0.25018020515663986,G,urban_okrug
городской округ город Сосновоборск,2024-12-01,44063,0.8936520304427703,0.40446633229693846,0.04536686108526428,0.037037877584367836,0.16149603976125093,0.05233415791026485,0.29929873136191365,D,urban_okrug
городской округ город Ставрополь,2024-12-01,45159,0.9679204812669722,0.33049890387298214,0.05181691357204544,0.05177262561172745,0.1822671006886778,0.0679598751079519,0.31568458114661524,D,urban_okrug
городской округ город Стерлитамак,2024-12-01,37273,0.38777749702717135,0.3624875915542081,0.048265500496337835,0.05223620314973305,0.1441526037614359,0.06484586698146111,0.328012234056824,D,urban_okrug
городской округ город Стрежевой,2024-12-01,42955,0.8166684591171413,0.41247817483412874,0.03890117564893493,0.03638691654056571,0.17080665813060178,0.033732976370620414,0.3076940984751484,A,urban_okrug
городской округ город Сургут,2024-12-01,55515,1.5920253106045614,0.3652706475727281,0.04177249392056201,0.05955147257497974,0.14549220931279835,0.05852472304782491,0.3293884535711069,A,urban_okrug
городской округ город Тамбов,2024-12-01,41567,0.7173791098886467,0.3764284167729208,0.04845189693747444,0.038107152308321506,0.186229460870402,0.060504727307720066,0.29027834580316114,D,urban_okrug
городской округ город Тверь,2024-12-01,47499,1.1206310896455587,0.3824501568454073,0.05050632644897787,0.0458114907682267,0.1840038737657635,0.06122234152297943,0.27600581064864516,D,urban_okrug
городской округ город Тобольск,2024-12-01,47149,1.0982746571948934,0.37682665592059217,0.041061316252730705,0.049142081486351775,0.15839148232200045,0.05548367939935099,0.319094784618974,D,urban_okrug
городской округ город Томск,2024-12-01,45996,1.0234342980381705,0.3767501521871467,0.051243586398817285,0.048025915296982344,0.15186103139403426,0.0618749456474476,0.31024436907557185,D,urban_okrug
городской округ город Торжок,2024-12-01,39431,0.5579118336509522,0.41436940478303874,0.04123659049986052,0.03355228120007101,0.2243158935862646,0.04808399482640562,0.23844183510435957,F,urban_okrug
городской округ город Тула,2024-12-01,49274,1.231532426567952,0.371920282501928,0.04953931079271015,0.040122579859560824,0.18287535008320818,0.058468969436213825,0.29707350732637905,D,urban_okrug
городской округ город Тулун,2024-12-01,36644,0.33633041879799264,0.4422279227158607,0.03692282501910272,0.01700141905905469,0.16755812684204782,0.061155987337626894,0.27513371902630723,F,urban_okrug
городской округ город Тюмень,2024-12-01,52623,1.4303039280050494,0.3526784865933147,0.051916462383368486,0.056667236759591816,0.14818615434315793,0.061931094768447256,0.3286205651521198,D,urban_okrug
городской округ город Уварово,2024-12-01,29166,-0.3536189266814905,0.42429541246657065,0.045189604333813346,0.009703078927518344,0.21182198450250292,0.04299526846327916,0.2659946513063156,G,urban_okrug
городской округ город Ульяновск,2024-12-01,41158,0.6874885541283475,0.371713883084698,0.05248068419262355,0.04353953058943583,0.17379367316196123,0.05853054084260654,0.29994168812867483,D,urban_okrug
городской округ город Урай,2024-12-01,48964,1.2124546594809504,0.39674046238052446,0.03653704762682787,0.04064210440323503,0.18668817907033738,0.04946491299730414,0.28992729352177116,A,urban_okrug
городской округ город Урюпинск,2024-12-01,33142,0.03269201157842497,0.4077001991430813,0.05153581558143745,0.01762114537444934,0.20213022750588377,0.059863617162512824,0.26114899523263524,G,urban_okrug
городской округ город Усолье-Сибирское,2024-12-01,40835,0.6636723847022082,0.3974776539733072,0.04662666829925309,0.03577813150483654,0.15391208522101138,0.054707971103220274,0.31149748989837156,D,urban_okrug
городской округ город Усть-Илимск,2024-12-01,44468,0.9213091280359524,0.42869029414410365,0.03607088243231087,0.03132589727444454,0.16204911396959612,0.053611585859494465,0.28825222632005043,D,urban_okrug
городской округ город Уфа,2024-12-01,42485,0.7834113176270097,0.3420265976226904,0.05326585853830764,0.06275155937389668,0.14711074496881252,0.0656466988348829,0.32919854066140986,D,urban_okrug
городской округ город Фролово,2024-12-01,30409,-0.22746114946560336,0.4278009799730343,0.04367128152849485,0.015554605544411194,0.20398566213949818,0.05044559176559571,0.25854187904896575,G,urban_okrug
городской округ город Хабаровск,2024-12-01,58667,1.7589585553726537,0.3514923210663576,0.04726677689331311,0.052192885267697345,0.11125504968721768,0.06279509775512639,0.3749978693302879,A,urban_okrug
городской округ город Ханты-Мансийск,2024-12-01,60495,1.8517090849043205,0.3429870237209687,0.03663112653938342,0.06208777584924374,0.17136953467228697,0.05939333829242086,0.3275312009256963,A,urban_okrug
городской округ город Чебоксары,2024-12-01,38358,0.47451434002823606,0.35557119766411177,0.05310495854841232,0.057224047134887115,0.16040982324417333,0.06700036498253298,0.30668960842588255,D,urban_okrug
городской округ город Черемхово,2024-12-01,38037,0.4491112485427364,0.41530614927570525,0.03914609459210768,0.02586954807161448,0.16418224360491102,0.0594158319530983,0.2960801325025634,F,urban_okrug
городской округ город Черногорск,2024-12-01,37386,0.3969279064347585,0.4162253249879634,0.038998555609051515,0.027871395709623922,0.17241748248007274,0.06061092387524742,0.283876317338041,F,urban_okrug
городской округ город Чкаловск,2024-12-01,31205,-0.14935202922532667,0.4552155103348822,0.048229450408588365,0.014452812049351066,0.2182983496234578,0.036885114564973565,0.22691876301874703,G,urban_okrug
городской округ город Шадринск,2024-12-01,33428,0.05866572636999919,0.4349048701687208,0.05085557018068685,0.030662917314825896,0.16531051812851502,0.04241952853894938,0.27584659566830205,F,urban_okrug
городской округ город Шарыпово,2024-12-01,40223,0.6180258608621955,0.40389826716057975,0.03786390870894762,0.02943589488601049,0.19555975436939066,0.04572011038460582,0.2875220644904657,F,urban_okrug
городской округ город Шарья,2024-12-01,31638,-0.10769562498838367,0.4537581389468361,0.03619065680510778,0.014033756874644416,0.2124344143119034,0.04248056135027498,0.24110247171123333,G,urban_okrug
городской округ город Шахунья,2024-12-01,30322,-0.23612185029017577,0.45791834311720864,0.04201569817294374,0.01200448519226964,0.18722379790251303,0.0419497394630961,0.2588879361519689,G,urban_okrug
городской округ город Шиханы,2024-12-01,36758,0.3457198919897008,0.40086511779748624,0.04211328146253877,0.02092061592034387,0.2484085097121715,0.04184123184068774,0.24585124326677188,G,urban_okrug
городской округ город Шумерля,2024-12-01,26196,-0.6782617075247531,0.4543823484501451,0.04985493968544816,0.02164452588181402,0.17842418689876316,0.039624370132844706,0.25606962895098495,G,urban_okrug
городской округ город Югорск,2024-12-01,44200,0.9030359904963351,0.3808371040723982,0.03660633484162896,0.042330316742081445,0.17807692307692308,0.056832579185520364,0.3053167420814481,D,urban_okrug
городской округ город Якутск,2024-12-01,60891,1.8714320426973439,0.3259430786158874,0.032845576521981903,0.07030595654530226,0.059976022729138954,0.06582253535005173,0.44510683023763775,A,urban_okrug
городской округ город Ялуторовск,2024-12-01,35735,0.26039960428989534,0.4186371904295509,0.041164124807611585,0.023534350076955365,0.1690219672589898,0.0520777948789702,0.2955645725479221,F,urban_okrug
городской округ город Яровое,2024-12-01,33882,0.09944380580317264,0.42916592881175847,0.04551089073844519,0.020099167699663537,0.17265804852133876,0.04630777403931291,0.2862581901894812,F,urban_okrug
городской округ город Ярославль,2024-12-01,45947,1.0202123289450065,0.3789583650728013,0.047141271464948745,0.046793044159575164,0.16638735934881493,0.05301760724312795,0.307702352710732,D,urban_okrug
городской округ город-герой Волгоград,2024-12-01,41446,0.708566927283364,0.3609033441104087,0.05189885634319355,0.04733870578584182,0.1726825266611977,0.06263571876658786,0.3045408483327703,D,urban_okrug
городской округ город-курорт Ессентуки,2024-12-01,43980,0.8879526544616813,0.3150068212824011,0.0498180991359709,0.047112323783537975,0.2031150522964984,0.06841746248294679,0.3165302410186448,D,urban_okrug
городской округ город-курорт Железноводск,2024-12-01,41589,0.7189785685481902,0.32700954579335884,0.0487869388540239,0.04472336435115055,0.2240977181466253,0.06304551684339608,0.2923369160114453,D,urban_okrug
городской округ город-курорт Кисловодск,2024-12-01,44708,0.9375799023553198,0.3056499955265277,0.05052786973248636,0.05236199337926098,0.20352062270734544,0.06902567773105485,0.31891384092332464,D,urban_okrug
городской округ город-курорт Пятигорск,2024-12-01,44105,0.8965319625726074,0.3043419113479197,0.05047046820088425,0.05500510146241923,0.19598684956354154,0.07389184899671239,0.3203038204285229,D,urban_okrug
городской округ округ Муром,2024-12-01,39202,0.5403052220383059,0.3980154073771746,0.04892607520024488,0.033671751441253,0.17552675883883476,0.060634661496862405,0.2832253456456304,D,urban_okrug
городской округ поселок Агинское,2024-12-01,32333,-0.04201115922744656,0.3862307858843906,0.03770141960226394,0.039278755451087125,0.12077444097361828,0.08254724275507995,0.3334673553335601,A,urban_okrug
городской округ рабочий поселок Кольцово,2024-12-01,51913,1.3892416472602853,0.33036041068711114,0.061371910696742624,0.06526303623369868,0.1795504016335022,0.05721110319187872,0.30624313755706667,micro,urban_okrug
муниципальный округ Александровский,2024-12-01,32722,-0.005860350654551933,0.4439215206894444,0.037711631318379076,0.011337937778864373,0.19839863089053236,0.029735346250229205,0.27889493307255053,G,municipal_okrug
муниципальный округ Алнашский район,2024-12-01,24711,-0.8546688234581492,0.42972765165310994,0.047792481081299826,0.02719436688114605,0.1802840840111691,0.057342883735988025,0.257658532637287,G,municipal_okrug
муниципальный округ Андреапольский,2024-12-01,34938,0.1922180142097283,0.42323544564657395,0.03692254851451142,0.010160856374148491,0.2582288625565287,0.043448394298471575,0.22800389260976583,G,municipal_okrug
муниципальный округ Арбажский,2024-12-01,23937,-0.9508647182056457,0.46438567907423656,0.04006350002088817,0.007269081338513598,0.18887078581275848,0.10377240255671137,0.19563855119689177,F,municipal_okrug
муниципальный округ Афанасьевский,2024-12-01,23023,-1.06854857040325,0.5001954567171959,0.036354949398427656,0.024366937410415672,0.16996047430830039,0.04200147678408548,0.22712070538157492,G,municipal_okrug
муниципальный округ Балезинский район,2024-12-01,23119,-1.0559703452627576,0.4869155240278559,0.04429257320818374,0.02158397854578485,0.1662269129287599,0.04078896146027077,0.24019204982914488,G,municipal_okrug
муниципальный округ Бардымский,2024-12-01,27231,-0.561129098482385,0.4277110645954978,0.047556094157394146,0.019903786126106274,0.18376115456648673,0.059160515588850944,0.2619073849656641,G,municipal_okrug
муниципальный округ Бежецкий,2024-12-01,33103,0.029132786343117324,0.4299912394647011,0.03706612693713561,0.01863879406700299,0.2487085762619702,0.0387578165120986,0.2268374467570915,G,municipal_okrug
муниципальный округ Бельский,2024-12-01,29706,-0.29816388077750544,0.43149532081061065,0.03558203729886218,0.005756412845889719,0.2994344576853161,0.03915033999865347,0.18858143136066785,G,municipal_okrug
муниципальный округ Березовский,2024-12-01,24597,-0.868646408943059,0.48327031751839655,0.03333739886978087,0.0071146887831849415,0.16839451965686872,0.03724031385941375,0.2706427613123553,G,municipal_okrug
муниципальный округ Богородский,2024-12-01,20705,-1.3893269011121383,0.5949770586814779,0.04709007486114465,0.006713354262255494,0.1689446993479836,0.0330837961844965,0.14919101666264178,G,municipal_okrug
муниципальный округ Бологовский,2024-12-01,34563,0.15959768437298194,0.42811677227092554,0.03836472528426352,0.022191360703642624,0.23661140525996008,0.049243410583572025,0.2254723258976361,G,municipal_okrug
муниципальный округ Большесосновский,2024-12-01,27988,-0.4782436159225266,0.4905673860225811,0.04023152779762756,0.012219522652565385,0.19036730027154494,0.04662712591110476,0.2199871373445763,G,municipal_okrug
муниципальный округ Вавожский район,2024-12-01,25957,-0.7059671802623168,0.4756713025388142,0.047578687829872485,0.02130446507685788,0.19066147859922178,0.05000577878799553,0.21477828716723812,G,municipal_okrug
муниципальный округ Верхнекамский,2024-12-01,27701,-0.509400946451857,0.5053969170788059,0.03512508573697701,0.00906104472762716,0.17461463485072742,0.04277823905274178,0.2330240785531208,G,municipal_okrug
муниципальный округ Весьегонский,2024-12-01,29256,-0.34430548173356856,0.45686354935739676,0.04152994257588187,0.019312277823352476,0.2672272354388843,0.03729149576155318,0.17777549904293133,G,municipal_okrug
муниципальный округ Вилегодский,2024-12-01,30737,-0.19503063213811864,0.40192601750333473,0.04148095129648307,0.01665744867748967,0.21339102710088817,0.04850831245729902,0.27803624296450535,G,municipal_okrug
муниципальный округ Волотовский,2024-12-01,26532,-0.6397362525393718,0.4006859641187999,0.03753957485300769,0.0101387004372079,0.2729911050806573,0.032262927785315844,0.24638172772501143,G,municipal_okrug
муниципальный округ Вуктыл,2024-12-01,37060,0.3704537014457864,0.3853211009174312,0.028035617916891527,0.03577981651376147,0.20949811117107395,0.0310307609282245,0.3103345925526173,F,municipal_okrug
муниципальный округ Гайнский,2024-12-01,29929,-0.27555653468418945,0.4748237495405794,0.03909251896154232,0.008586989207791773,0.20685622640248588,0.0441377927762371,0.22650272311136355,G,municipal_okrug
муниципальный округ Гвардейский,2024-12-01,29042,-0.3664979694061202,0.4390193512843468,0.03952895806073962,0.024412919220439363,0.18053164382618278,0.03381309827146891,0.2826940293368224,F,municipal_okrug
муниципальный округ Граховский район,2024-12-01,25198,-0.7956748299110471,0.5064290816731487,0.04936899753948726,0.010397650607191047,0.1841019128502262,0.04754345582982777,0.20215890150011906,G,municipal_okrug
муниципальный округ Губахинский,2024-12-01,33320,0.048883678216039776,0.42929171668667465,0.03400360144057623,0.026800720288115247,0.18529411764705883,0.03628451380552221,0.28832533013205286,F,municipal_okrug
муниципальный округ Гурьевский,2024-12-01,47765,1.1375120780485384,0.33252381450853136,0.04800586203286925,0.05767821626714121,0.14186119543598869,0.07137025018318853,0.34856066157228094,D,municipal_okrug
муниципальный округ Дебёсский район,2024-12-01,25011,-0.8181915931913396,0.5122546079724921,0.046779417056495146,0.02135060573347727,0.17500299868058056,0.04478029666946544,0.19983207388748947,G,municipal_okrug
муниципальный округ Демянский,2024-12-01,29297,-0.3400721851553082,0.46400655357203807,0.036897975901969485,0.009523159367853364,0.24316482916339557,0.03979929685633341,0.20660818513841006,G,municipal_okrug
муниципальный округ Еловский,2024-12-01,27393,-0.543199246365353,0.424378490855328,0.03796590369802504,0.009235936188077247,0.18636147921001717,0.04493848793487387,0.29711970211367866,G,municipal_okrug
муниципальный округ Жарковский,2024-12-01,27849,-0.4932936519650696,0.48116628963338004,0.04018097597759345,0.007684297461309203,0.27261302021616574,0.03888829042335452,0.15946712628819715,G,municipal_okrug
муниципальный округ Завьяловский район,2024-12-01,40753,0.6575961907154358,0.366083478516919,0.04819277108433735,0.05219247662748755,0.15395185630505728,0.0729271464677447,0.30665227099845416,D,municipal_okrug
муниципальный округ Западнодвинский,2024-12-01,32594,-0.017708072907139952,0.450696447198871,0.03657114806406087,0.010676811683131865,0.24587347364545623,0.05013192612137203,0.20605019328710805,G,municipal_okrug
муниципальный округ Зеленоградский,2024-12-01,51675,1.3753513291365551,0.3315142718916304,0.05081761006289308,0.06320270924044509,0.13942912433478472,0.06407353652636671,0.35096274794387994,E,municipal_okrug
муниципальный округ Зубцовский,2024-12-01,32476,-0.028671481393416506,0.42505234634807243,0.03310136716344377,0.013055795048651312,0.2719854661904175,0.04295479738884099,0.21385022786057395,G,municipal_okrug
муниципальный округ Игринский район,2024-12-01,26680,-0.6229212409091143,0.4443403298350825,0.049175412293853075,0.02616191904047976,0.16454272863568217,0.050899550224887555,0.26488005997001496,G,municipal_okrug
муниципальный округ Калининский,2024-12-01,46220,1.0381197227642645,0.3612072695802683,0.042925140631761144,0.047987884032886195,0.20618779749026395,0.0705538727823453,0.27113803548247517,E,municipal_okrug
муниципальный округ Калязинский,2024-12-01,35852,0.27028049293215234,0.4351221689166574,0.03553497712819369,0.016986500055784892,0.25273345977909184,0.040918219346201046,0.21870467477407107,G,municipal_okrug
муниципальный округ Камбарский район,2024-12-01,28334,-0.4411031443940578,0.46565963153808143,0.0445048351803487,0.02703465800804687,0.18603091691960189,0.03388155572810052,0.24288840262582068,G,municipal_okrug
муниципальный округ Карагайский,2024-12-01,29290,-0.34079452355241174,0.44332536701946057,0.04131102765448959,0.016217138955274837,0.19078183680437008,0.04800273130761352,0.2603618982587913,G,municipal_okrug
муниципальный округ Каракулинский район,2024-12-01,21711,-1.245912209886313,0.5299617705310672,0.04214453502832666,0.01252821150568836,0.18667956335498134,0.04343420385979457,0.18525171572014187,G,municipal_okrug
муниципальный округ Каргопольский,2024-12-01,33363,0.05278217611851843,0.4791535533375296,0.0367472949075323,0.020951353295566945,0.20309924167490934,0.0422923597997782,0.21775619698468363,G,municipal_okrug
муниципальный округ Кезский район,2024-12-01,24037,-0.93826274309938,0.4916586928485252,0.047718101260556645,0.01772267753879436,0.1444855847235512,0.04879976702583517,0.24961517660273735,G,municipal_okrug
муниципальный округ Кесовогорский,2024-12-01,32297,-0.04537869570645381,0.3588258971421494,0.038703285134842245,0.016657893922036104,0.2699321918444438,0.04947827971638233,0.26640245224014614,G,municipal_okrug
муниципальный округ Кизнерский район,2024-12-01,26938,-0.5938303938814565,0.4421263642438191,0.0437300467740738,0.01874675180043062,0.16649342935629965,0.04603162818323558,0.2828717796421413,G,municipal_okrug
муниципальный округ Кикнурский,2024-12-01,22083,-1.1945572149632058,0.5294117647058824,0.05547253543449712,0.010188833038989268,0.19087080559706562,0.04791015713444731,0.16614590408911822,G,municipal_okrug
муниципальный округ Кимрский,2024-12-01,42508,0.7850473376211932,0.4110990872306389,0.04145102098428531,0.03361720146795897,0.21421850004704995,0.04799096640632351,0.25162322386374336,F,municipal_okrug
муниципальный округ Кишертский,2024-12-01,23360,-1.0246224722873676,0.4874571917808219,0.03955479452054794,0.012200342465753425,0.18334760273972603,0.04452054794520548,0.2329195205479453,G,municipal_okrug
муниципальный округ Киясовский район,2024-12-01,22407,-1.150528683367405,0.4629803186504217,0.053019145802650956,0.03396260097291025,0.2015887892176552,0.0494042040433793,0.19904494131298256,G,municipal_okrug
муниципальный округ Конаковский,2024-12-01,40970,0.6736493447461155,0.3980229436172809,0.043153526970954356,0.035660239199414204,0.23927263851598732,0.045179399560654136,0.2387112521357091,F,municipal_okrug
муниципальный округ Косинский,2024-12-01,28501,-0.42333893941241735,0.4891407319041437,0.04382302375355251,0.00996456264692467,0.1766253815655591,0.04898073751798183,0.23146556261183826,G,municipal_okrug
муниципальный округ Кочевский,2024-12-01,25716,-0.7341640199055196,0.4756571784103282,0.041102815367864365,0.013649090060662622,0.1638668533208897,0.043124902784258824,0.26259916005599626,G,municipal_okrug
муниципальный округ Красногородский,2024-12-01,27771,-0.5017719332681689,0.5003420834683663,0.04400273666774693,0.01750027006589608,0.23279680241979042,0.04238234129127507,0.16297576608692532,G,municipal_okrug
муниципальный округ Красногорский район,2024-12-01,23059,-1.0638256003844828,0.5339780562903855,0.05403530075024936,0.018040678260115357,0.1801899475259118,0.04445119042456308,0.1693048267487749,G,municipal_okrug
муниципальный округ Краснознаменский,2024-12-01,31892,-0.08352426454973644,0.43637902922362976,0.034961745892386806,0.012981311927756176,0.22732973786529537,0.04060579455662862,0.2477423805343032,G,municipal_okrug
муниципальный округ Красноселькупский район,2024-12-01,50976,1.3341828689829915,0.4106049905838041,0.028032799748901445,0.017753452605147522,0.12407799748901444,0.01432046453232894,0.4052102950408035,A,municipal_okrug
муниципальный округ Краснохолмский,2024-12-01,27391,-0.5434199554331125,0.5049468803621627,0.03628929210324559,0.008469935380234384,0.2570552371216823,0.03891789273849074,0.15432076229418423,G,municipal_okrug
муниципальный округ Крестецкий,2024-12-01,31440,-0.12667284624252484,0.4496501272264631,0.03839058524173028,0.014535623409669211,0.22643129770992365,0.04443384223918575,0.22655852417302802,G,municipal_okrug
муниципальный округ Кувшиновский,2024-12-01,32244,-0.05034329494470466,0.4462845800769135,0.03585163131125171,0.015537774469668775,0.28163379233345737,0.03997642972335939,0.18071579208534927,G,municipal_okrug
муниципальный округ Кудымкарский,2024-12-01,32841,0.0051128302709212555,0.44161261837337473,0.04065040650406504,0.035595749215919126,0.1501476812520934,0.05843305624067477,0.2735604884138729,F,municipal_okrug
муниципальный округ Куединский,2024-12-01,29115,-0.358909310864156,0.448634724368882,0.0413189077794951,0.009926154902970977,0.17688476730207797,0.049836853855400993,0.2733985917911729,G,municipal_okrug
муниципальный округ Кунгурский,2024-12-01,36149,0.2952186469867548,0.41381504329303714,0.040582035464328196,0.037456084538991394,0.1562422197017898,0.05787158704251846,0.2940330299593349,F,municipal_okrug
муниципальный округ Лебяжский,2024-12-01,22783,-1.1002250395361404,0.4861519554053461,0.048149936356054954,0.00803230478865821,0.15682745907035947,0.040907694333494275,0.25993065004608695,G,municipal_okrug
муниципальный округ Лесной,2024-12-01,31422,-0.1284039704994491,0.46862071160333524,0.038157978486410796,0.006428616892623003,0.2368404302717841,0.04092673922729298,0.20902552351855386,G,municipal_okrug
муниципальный округ Лихославльский,2024-12-01,31086,-0.16090160695235284,0.48510583542430674,0.03876343048317571,0.015312359261403848,0.22833429839799266,0.037669690535932575,0.19481438589718847,G,municipal_okrug
муниципальный округ Локнянский,2024-12-01,25198,-0.7956748299110471,0.4711088181601714,0.050440511151678705,0.011905706802127153,0.2340265100404794,0.04381300103182792,0.18870545281371542,G,municipal_okrug
муниципальный округ Лузский,2024-12-01,25731,-0.7324013331737379,0.5459562395554001,0.03563794644592126,0.011697951886829117,0.18195950410011272,0.04523726244607672,0.17951109556566014,G,municipal_okrug
муниципальный округ Максатихинский,2024-12-01,28663,-0.4062057788125596,0.45787251857795763,0.03865610717649932,0.014583260649617975,0.26068450615776434,0.04036562816174162,0.1878379792764192,G,municipal_okrug
муниципальный округ Макушинский,2024-12-01,25439,-0.7669010926912273,0.49848657573017807,0.041707614293014665,0.006997130390345533,0.19454381068438226,0.04449860450489406,0.21376626439718538,G,municipal_okrug
муниципальный округ Малопургинский район,2024-12-01,24718,-0.853812653198743,0.4484181568088033,0.051096367019985434,0.02200825309491059,0.17586374302128005,0.05133910510559107,0.2512743749494296,G,municipal_okrug
муниципальный округ Марёвский,2024-12-01,28657,-0.40683861162519813,0.4723453257493806,0.024357050633353108,0.008235335171162369,0.32599364902118155,0.03901315559898105,0.13005548382594134,G,municipal_okrug
муниципальный округ Молоковский,2024-12-01,29186,-0.35154679101583997,0.5123689440142534,0.013225519084492566,0.00472829438772014,0.2720482423079559,0.059240731857740016,0.13838826834783802,C,municipal_okrug
муниципальный округ Мошенской,2024-12-01,30386,-0.22974834825835294,0.5190877377739749,0.03866912393865596,0.011189363522674916,0.18821167642993483,0.036990719410254724,0.20585137892450467,G,municipal_okrug
муниципальный округ Мурашинский,2024-12-01,23128,-1.0547938156344778,0.5110688343133863,0.03588723625043238,0.012322725700449672,0.2112590799031477,0.029833967485299203,0.1996281563472847,G,municipal_okrug
муниципальный округ Надымский район,2024-12-01,50092,1.281302608255103,0.37021879741276054,0.03206100774574783,0.049189491335941866,0.1827038249620698,0.03864888604966861,0.3271779924938113,A,municipal_okrug
муниципальный округ Невельский,2024-12-01,28686,-0.4037811462744766,0.3911315624346371,0.03988008087568849,0.00993516000836645,0.2391759046224639,0.04252945687791954,0.27734783518092443,G,municipal_okrug
муниципальный округ Неманский,2024-12-01,31958,-0.07727502593294813,0.43328743976469114,0.03360660867388447,0.028068089367294574,0.16934726828963015,0.043682333062144064,0.29200826084235554,F,municipal_okrug
муниципальный округ Нестеровский,2024-12-01,29496,-0.3196090094721422,0.44663683211282884,0.032343368592351505,0.022816653105505832,0.18636425278003796,0.05431244914564687,0.2575264442636289,F,municipal_okrug
муниципальный округ Новоржевский,2024-12-01,28903,-0.3810004931528252,0.4894301629588624,0.038438916375462755,0.020516901359720445,0.21651731654153547,0.043317302702141645,0.19177940006227734,G,municipal_okrug
муниципальный округ Озерский,2024-12-01,27457,-0.5361450514045353,0.4719015187383909,0.03747678187711695,0.02385548311905889,0.19310194121717594,0.044032487161743815,0.2296317878865134,G,municipal_okrug
муниципальный округ Оленинский,2024-12-01,30666,-0.20202120668297355,0.4434879019109111,0.030294136829061503,0.0060979586512750275,0.25865779690862845,0.039913911171982,0.22154829452814195,G,municipal_okrug
муниципальный округ Ольский,2024-12-01,54083,1.513028597047618,0.4484403601871198,0.03235767246639425,0.023334504372908307,0.17168056505741175,0.029473217092247102,0.2947136808239188,A,municipal_okrug
муниципальный округ Опаринский,2024-12-01,25821,-0.721846743572725,0.5319313736880833,0.03136981526664343,0.003291894194647767,0.1896905619457031,0.030827620928701446,0.212888733976221,G,municipal_okrug
муниципальный округ Опочецкий,2024-12-01,29420,-0.3274077504973355,0.4854520734194426,0.047654656696125085,0.013766145479265806,0.20469068660774983,0.04673691366417403,0.20169952413324277,G,municipal_okrug
муниципальный округ Ординский,2024-12-01,26080,-0.691677003907117,0.46978527607361964,0.036234662576687116,0.00625,0.19670245398773006,0.04102760736196319,0.2499999999999999,G,municipal_okrug
муниципальный округ Орловский,2024-12-01,42179,0.7615604616953339,0.38877166362407833,0.045425448682993905,0.043979231371061425,0.18177292017354607,0.06401289741340478,0.2760378387349155,D,municipal_okrug
муниципальный округ Пеновский,2024-12-01,34314,0.13774167161660048,0.4365856501719415,0.03645742262633327,0.009063356064580055,0.291921664626683,0.04648248528297488,0.17948942122748734,G,municipal_okrug
муниципальный округ Пермский,2024-12-01,41671,0.7249327423213788,0.384128050682729,0.043387487701279065,0.04585923064001344,0.1615991936838569,0.06745698447361474,0.297569052818507,D,municipal_okrug
муниципальный округ Пестовский,2024-12-01,34855,0.18502832115443668,0.39790560895136995,0.04300674221775929,0.022866159804906038,0.25964710945345,0.03431358485152776,0.24226079472098694,G,municipal_okrug
муниципальный округ Печорский,2024-12-01,29144,-0.35589991772077634,0.43954158660444687,0.044297282459511395,0.017396376612681855,0.22615289596486413,0.03664562174032391,0.23596623661817184,G,municipal_okrug
муниципальный округ Пижанский,2024-12-01,24446,-0.8872606447094846,0.5114947230630777,0.04286999918187025,0.013990018816984374,0.15209032152499385,0.04385175488832529,0.23570318252474842,G,municipal_okrug
муниципальный округ Полесский,2024-12-01,27857,-0.4924254276699584,0.41267903937968914,0.037907886707111316,0.029005276950138204,0.23085759414150842,0.051548982302473345,0.23800122051907957,G,municipal_okrug
муниципальный округ Правдинский,2024-12-01,25387,-0.7730864028537223,0.4455036042068775,0.04770157954858786,0.015913656595895536,0.24063497065427186,0.03387560562492614,0.21637058336944115,G,municipal_okrug
муниципальный округ Приуральский район,2024-12-01,52697,1.4345517358235107,0.4672372241304059,0.03038123612349849,0.020930982788394028,0.15520807636108316,0.03406266011347894,0.2921798204831395,A,municipal_okrug
муниципальный округ Пуровский район,2024-12-01,49325,1.2346595255176978,0.3734820070957932,0.034586923466801825,0.03947288393309681,0.2084338570704511,0.042250380131779015,0.30177394830207804,A,municipal_okrug
муниципальный округ Пыталовский,2024-12-01,29435,-0.32586693079325046,0.4314591472736538,0.03370137591302871,0.027042636317309326,0.24433497536945814,0.033463563784610156,0.22999830134193988,F,municipal_okrug
муниципальный округ Рамешковский,2024-12-01,28133,-0.46262338367544326,0.4465574236661572,0.030995627910283298,0.0037678171542316853,0.26701738172253225,0.027085628976646643,0.22457612057014886,G,municipal_okrug
муниципальный округ Ржевский,2024-12-01,37678,0.4204457370419851,0.407160677318329,0.043977918148521686,0.02855777907532247,0.20887520569032328,0.053718350230903975,0.2577100695365996,F,municipal_okrug
муниципальный округ Сандовский,2024-12-01,30067,-0.2616505586994704,0.4995510027605016,0.023913260385139853,0.014401170718728174,0.26118335716898927,0.05331426480859414,0.14763694415804707,C,municipal_okrug
муниципальный округ Санчурский,2024-12-01,20529,-1.4151318948389855,0.5486385113741536,0.044327536655463004,0.008475814701154464,0.17609235715329533,0.04340201665935993,0.1790637634565737,G,municipal_okrug
муниципальный округ Сарапульский район,2024-12-01,29325,-0.3371845564365542,0.4229156010230179,0.04092071611253197,0.03573742540494459,0.17554987212276216,0.051901108269394716,0.2729752770673487,F,municipal_okrug
муниципальный округ Свечинский,2024-12-01,23754,-0.974063261307623,0.4710364570177654,0.03898290814178665,0.014102887934663636,0.22640397406752547,0.0347730908478572,0.2147006819904017,G,municipal_okrug
муниципальный округ Селижаровский,2024-12-01,29389,-0.3305946022305848,0.4182517268365715,0.04954234577563034,0.010820374970226955,0.27081561128313314,0.04726258123787812,0.2033073598965599,G,municipal_okrug
муниципальный округ Селтинский район,2024-12-01,25665,-0.7401648549049722,0.47017338788233004,0.04519774011299435,0.01694915254237288,0.17475160724722386,0.05334112604714592,0.23958698616793306,G,municipal_okrug
муниципальный округ Сивинский,2024-12-01,27864,-0.4916659359219296,0.5117355727820844,0.03976457077232271,0.009259259259259259,0.16982486362331323,0.045614412862474876,0.22380132070054537,G,municipal_okrug
муниципальный округ Славский,2024-12-01,31464,-0.12436622164324675,0.4515319094838546,0.04007754894482583,0.019260106788710908,0.19145690312738367,0.05205949656750572,0.24561403508771928,G,municipal_okrug
муниципальный округ Солецкий,2024-12-01,30303,-0.2380165735331684,0.48305448305448306,0.039534039534039535,0.01155001155001155,0.23007623007623007,0.0395010395010395,0.19628419628419613,G,municipal_okrug
муниципальный округ Сонковский,2024-12-01,28485,-0.42503638452250486,0.464700719677023,0.03419343514130244,0.007477619799894681,0.26456029489204846,0.037844479550640686,0.19122345093909066,G,municipal_okrug
муниципальный округ Спировский,2024-12-01,28556,-0.41751123105123517,0.4664869029275809,0.0364546855301863,0.010190502871550638,0.2553929121725732,0.04041182238408741,0.19106317411402163,G,municipal_okrug
муниципальный округ Старицкий,2024-12-01,32126,-0.06142592671885987,0.4445309095436718,0.0398431177239619,0.011050239681255057,0.2680072215650875,0.039500715931021606,0.1970677955550022,G,municipal_okrug
муниципальный округ Струго-Красненский,2024-12-01,32276,-0.047344825867423744,0.44956004461519394,0.038852398066674926,0.023949683975709506,0.2196988474408229,0.0359400173503532,0.23199900855124544,F,municipal_okrug
муниципальный округ Суетский район,2024-12-01,25919,-0.7103957257704911,0.5235927312010494,0.04328870712604653,0.006288822871252749,0.23831937960569466,0.03831166325861337,0.15019869593734336,G,municipal_okrug
муниципальный округ Сюмсинский район,2024-12-01,25098,-0.807695011928818,0.5109570483703881,0.04797194995617181,0.012789863734162084,0.14710335484899195,0.05056179775280899,0.23061598533747696,G,municipal_okrug
муниципальный округ Тазовский район,2024-12-01,54543,1.5386304005139695,0.3821755312322388,0.025264470234493887,0.04783381918853015,0.21045780393451038,0.031039730121188786,0.30322864528903803,A,municipal_okrug
муниципальный округ Торопецкий,2024-12-01,36627,0.33492773193515,0.4379283042564229,0.037376798536598685,0.009910721598820543,0.24760422639036775,0.04619542960111393,0.2209845196166762,G,municipal_okrug
муниципальный округ Увинский район,2024-12-01,31443,-0.1263844218932128,0.42505486117736857,0.04579715675985116,0.029545526826320643,0.17472887447126548,0.0542251057469071,0.27064847501828704,G,municipal_okrug
муниципальный округ Уинский,2024-12-01,25884,-0.7144803971127763,0.5186988100757225,0.04095193942203678,0.00961984237366713,0.19293772214495442,0.0437722144954412,0.194019471488178,G,municipal_okrug
муниципальный округ Унинский,2024-12-01,23037,-1.066710982875126,0.5500716239093631,0.03685375699960933,0.004514476711377349,0.17055172114424622,0.03798237617745366,0.20002604505795019,G,municipal_okrug
муниципальный округ Усинск,2024-12-01,46163,1.0343895687070759,0.39488334813595305,0.03671771765266556,0.03866733097935576,0.16283603751922535,0.03435651929034075,0.33253904642245946,A,municipal_okrug
муниципальный округ Фаленский,2024-12-01,22781,-1.1004904096873698,0.5521706685395724,0.04034063473947588,0.013739519775251306,0.16658619024625784,0.03340503050787937,0.1937579561915631,G,municipal_okrug
муниципальный округ Фировский,2024-12-01,30474,-0.2210066674247741,0.46223009778827856,0.040756054341405785,0.011977423377305244,0.29503839338452453,0.05624466758548271,0.13375336352300315,G,municipal_okrug
муниципальный округ Хвойнинский,2024-12-01,34120,0.12060308960418759,0.49419695193434937,0.0406799531066823,0.011635404454865182,0.23256154747948418,0.03877491207502931,0.18215123094958963,G,municipal_okrug
муниципальный округ Чарышский район,2024-12-01,25026,-0.8163792354473289,0.47722368736514026,0.037880604171661475,0.017421881243506753,0.23387676816111244,0.04167665627747143,0.19192040278110767,G,municipal_okrug
муниципальный округ Частинский,2024-12-01,27985,-0.4785676469439358,0.4813292835447561,0.03476862604966947,0.010612828300875468,0.23030194747185992,0.0363766303376809,0.20661068429515805,G,municipal_okrug
муниципальный округ Черняховский,2024-12-01,34809,0.18103629473676403,0.3993220144215576,0.04467235485075699,0.03599643770289293,0.16122267229739434,0.0480335545404924,0.31075296618690573,F,municipal_okrug
муниципальный округ Шарканский район,2024-12-01,24041,-0.9377597552217408,0.4823426646146167,0.04242751965392454,0.02266960608959694,0.17973462002412546,0.05099621479971715,0.22182937481801923,G,municipal_okrug
муниципальный округ Шумихинский,2024-12-01,28686,-0.4037811462744766,0.456564177647633,0.04298263961514327,0.014955030328383183,0.1772641706755909,0.044516488879592836,0.26371749285365687,G,municipal_okrug
муниципальный округ Шурышкарский район,2024-12-01,48059,1.1560609847415129,0.4940385775817225,0.025343848186603967,0.015356124763311763,0.15759795251669823,0.044195676148068,0.26346782080359565,A,municipal_okrug
муниципальный округ Юкаменский район,2024-12-01,22410,-1.1501239934423508,0.5297634984381973,0.05403837572512271,0.010531012940651495,0.15136099955377064,0.03190539937527889,0.22240071396697902,G,municipal_okrug
муниципальный округ Юрлинский,2024-12-01,25027,-0.8162584502240238,0.5304670955368203,0.030527030806728733,0.014144723698405722,0.17165461301794063,0.038238702201622246,0.21496783473848247,G,municipal_okrug
муниципальный округ Юсьвинский,2024-12-01,24001,-0.9427934042608058,0.5133952751968668,0.032748635473521935,0.010624557310112078,0.18657555935169368,0.039873338610891214,0.21678263405691434,G,municipal_okrug
муниципальный округ Ягоднинский,2024-12-01,70825,2.328262470150579,0.4337451464878221,0.027320861277797388,0.017282033180374162,0.13382280268266855,0.0369643487469114,0.3508648076244265,A,municipal_okrug
муниципальный округ Якшур-Бодьинский район,2024-12-01,26514,-0.6417877160661394,0.4201553896054914,0.04955872369314324,0.015425812778154937,0.19789545145960624,0.051067360639662066,0.26589726182394213,G,municipal_okrug
муниципальный округ Ямальский район,2024-12-01,56324,1.6357580558830984,0.4706696967544919,0.031638377956111075,0.040124991122789576,0.11332646829060436,0.029561110716568424,0.3146793551594347,A,municipal_okrug
муниципальный округ Ярский район,2024-12-01,20762,-1.3810166062854428,0.5218668721703111,0.0526924188421154,0.023793468837298912,0.17830652152971777,0.04224063192370677,0.18110008669684996,G,municipal_okrug
муниципальный округ город Апатиты,2024-12-01,58414,1.7458944795240858,0.38413736433046874,0.035214160988804054,0.05452460026705927,0.19188893073578253,0.04343136919231691,0.2908035744855685,A,municipal_okrug
муниципальный округ город Кировск,2024-12-01,60782,1.8660160718619743,0.36074824783653053,0.030930209601526766,0.05198907571320457,0.21127965516106742,0.038514691849560724,0.3065381198381101,A,municipal_okrug
муниципальный округ город Мончегорск,2024-12-01,49197,1.2268049826601513,0.3850844563692908,0.038234038660893956,0.03614041506595931,0.20312214159399963,0.040429294469174946,0.2969896538406813,A,municipal_okrug
муниципальный округ город Оленегорск,2024-12-01,48229,1.166734835488424,0.41757034149578054,0.032926247693296565,0.03723900557755707,0.22737357191731117,0.02751456592506583,0.25737626739098884,A,municipal_okrug
муниципальный округ город Полярные Зори,2024-12-01,56063,1.6217179905496237,0.38979362502898524,0.03547794445534488,0.04097176390846013,0.21359898685407488,0.04420027469097266,0.27595740506216226,A,municipal_okrug
муниципальный округ город Славгород,2024-12-01,33877,0.09899769068988079,0.4232960415621218,0.03683915340791687,0.02405762021430469,0.19243144316202734,0.0549930631401836,0.26838267851344566,F,municipal_okrug
муниципальный район Город Краснокаменск и Краснокаменский район,2024-12-01,38911,0.5177827736860334,0.4464547300249287,0.044229138289943716,0.03127650278841459,0.1478759219757909,0.03762432217110843,0.29253938474981367,F,municipal_raion
муниципальный район Заполярный район,2024-12-01,51796,1.3824211895805691,0.42574716194300716,0.026141014750173757,0.031373079002239554,0.1344505367209823,0.044849023090586145,0.337439184493011,A,municipal_raion
муниципальный район Печора,2024-12-01,43178,0.8323208317565841,0.42815785816851176,0.0375422668951781,0.03654638936495438,0.16531567001713834,0.034160915280930106,0.29827690027328735,A,municipal_raion
муниципальный район Сосногорск,2024-12-01,36867,0.35467035344462167,0.4341280820245748,0.03295630238424607,0.02869775137656983,0.1861013914883229,0.03425827976238913,0.28385819296389725,F,municipal_raion
муниципальный район город Нерехта и Нерехтский район,2024-12-01,29783,-0.29033863082989747,0.44911526709868044,0.03629587348487392,0.012356042037403888,0.21579424503911626,0.027566061175838565,0.25887251116408694,G,municipal_raion
муниципальный район имени Лазо,2024-12-01,33591,0.07336969056586248,0.4516090619511179,0.02982941859426632,0.010181298562114853,0.1609061951117859,0.036974189515048675,0.31049983626566635,G,municipal_raion
муниципальный район имени Полины Осипенко,2024-12-01,39855,0.5902427048709751,0.49449253544097355,0.025944047170994855,0.023660770292309622,0.08598670179400326,0.04664408480742692,0.3232718604942919,A,municipal_raion
