,2023-01-01,2023-02-01,2023-03-01,2023-04-01,2023-05-01,2023-06-01,2023-07-01,2023-08-01,2023-09-01,2023-10-01,2023-11-01,2023-12-01,2024-01-01,2024-02-01,2024-03-01,2024-04-01,2024-05-01,2024-06-01,2024-07-01,2024-08-01,2024-09-01,2024-10-01,2024-11-01,2024-12-01
Абазинский муниципальный район,7,7,7,7,7,7,7,7,7,7,7,7,7,7,7,7,7,7,7,7,7,7,7,7
Абанский муниципальный район,2,2,2,2,2,2,2,2,2,2,6,6,11,11,11,11,11,11,11,11,11,11,11,11
Абатский муниципальный район,2,2,2,2,2,2,2,2,2,2,2,2,2,11,11,11,11,11,11,11,11,11,11,11
Абзелиловский муниципальный район,6,6,6,6,6,6,6,6,6,6,6,6,6,6,11,11,11,11,11,11,11,11,11,11
Агинский муниципальный район,1,1,1,0,0,1,1,1,1,1,1,1,1,1,1,1,1,1,1,1,1,1,1,1
Агрызский муниципальный район,6,6,6,6,6,6,6,6,6,6,6,6,6,6,11,11,11,11,11,11,11,11,11,11
Адамовский муниципальный район,2,2,2,2,2,2,2,2,2,2,2,2,2,11,11,11,11,11,11,11,11,11,11,11
Азнакаевский муниципальный район,0,0,0,0,0,6,6,6,6,6,6,6,6,6,6,6,6,11,11,11,11,11,11,11
Азовский немецкий национальный муниципальный район,0,0,6,6,6,6,6,6,6,6,6,6,6,6,6,11,11,11,11,11,11,11,11,11
Акбулакский муниципальный район,2,2,2,2,2,2,6,6,6,6,6,6,6,6,11,11,11,11,11,11,11,11,11,11
Аксубаевский муниципальный район,2,2,2,2,2,2,6,6,6,6,6,6,6,6,6,6,11,11,11,11,11,11,11,11
Актанышский муниципальный район,6,6,6,6,6,6,6,6,6,6,6,6,6,6,6,11,11,11,11,11,11,11,11,11
Алагирский муниципальный район,7,7,7,7,7,7,7,7,7,7,7,7,7,7,7,7,7,7,7,7,7,7,7,7
Аларский муниципальный район,0,0,0,2,2,2,2,0,0,0,0,0,0,11,11,11,11,11,11,11,11,10,10,10
Алданский муниципальный район,1,1,1,1,1,1,1,1,1,1,1,1,1,1,1,1,1,1,1,1,1,1,1,1
Александро-Невский муниципальный район,2,2,2,2,2,2,2,2,2,2,2,2,2,11,11,11,11,11,11,11,11,11,11,11
Александрово-Гайский муниципальный район,2,2,2,2,2,2,2,2,2,2,2,2,2,2,11,11,11,11,11,11,11,11,11,11
Александровский муниципальный округ,2,2,2,2,2,2,2,2,2,2,2,11,11,11,11,11,11,11,11,11,11,11,11,11
Аликовский муниципальный округ,6,6,6,6,6,6,6,6,6,6,6,6,6,6,6,11,11,11,11,11,11,11,11,11
Алькеевский муниципальный район,6,6,6,6,6,6,6,6,6,6,6,6,6,6,6,6,11,11,11,11,11,11,11,11
Альменевский муниципальный округ,2,2,2,2,2,2,2,2,2,2,2,2,6,6,6,11,11,11,11,11,11,11,11,11
Альметьевский муниципальный район,8,8,8,8,8,8,8,8,8,8,8,8,8,8,8,8,8,8,8,8,8,8,8,8
Альшеевский муниципальный район,6,6,6,6,6,6,6,6,6,6,6,6,6,6,6,11,11,11,11,11,11,11,11,11
Амгинский муниципальный район,1,1,1,1,1,1,1,1,1,1,1,1,1,1,1,1,1,1,1,1,1,1,1,1
Амурский муниципальный район,1,1,1,1,1,1,1,1,1,1,0,0,0,0,0,0,0,1,1,1,1,1,1,1
Анадырский муниципальный район,1,1,1,1,1,1,1,1,1,1,1,1,1,1,1,1,1,1,1,1,1,1,1,1
Андроповский муниципальный округ,2,2,2,2,2,2,2,2,2,2,2,11,11,11,11,11,11,11,11,11,11,11,11,11
Антроповский муниципальный район,2,2,2,2,2,2,2,2,2,2,2,2,2,2,11,11,11,11,11,11,11,11,11,11
Анучинский муниципальный округ,1,1,2,2,1,1,1,1,1,1,1,1,1,1,1,11,11,11,11,11,11,11,11,11
Апанасенковский муниципальный округ,2,2,2,2,2,2,2,2,2,2,2,2,11,11,11,11,11,11,11,11,11,11,11,11
Апастовский муниципальный район,6,6,6,6,6,6,6,6,6,6,6,6,6,6,6,6,6,11,11,11,11,11,11,11
Аргаяшский муниципальный район,6,6,2,2,2,2,2,6,6,6,6,6,6,6,6,11,11,11,11,11,11,11,11,11
Ардатовский муниципальный округ,2,2,2,2,2,2,2,2,2,2,6,6,11,11,11,11,11,11,11,11,11,11,11,11
Ардатовский муниципальный район,2,2,2,2,2,2,2,2,2,2,2,6,6,6,6,11,11,11,11,11,11,11,11,11
Ардонский муниципальный район,7,7,7,7,7,7,7,7,7,7,7,7,7,7,7,7,7,7,7,7,7,7,7,7
Арзгирский муниципальный округ,2,2,2,2,2,2,2,2,2,2,2,2,2,2,2,11,11,11,11,11,11,11,11,11
Аркадакский муниципальный район,2,2,2,2,2,2,2,2,2,2,2,6,6,11,11,11,11,11,11,11,11,11,11,11
Армизонский муниципальный район,2,2,2,2,2,2,2,2,2,2,2,2,2,11,11,11,11,11,11,11,11,11,11,11
Аромашевский муниципальный район,2,2,2,2,2,2,2,2,2,2,2,2,2,2,11,11,11,11,11,11,11,11,11,11
Арсеньевский муниципальный район,2,2,2,2,2,2,2,2,2,2,2,2,11,11,11,11,11,11,11,11,11,11,11,11
Арский муниципальный район,6,6,6,6,6,6,6,6,6,6,6,6,6,6,6,11,11,11,11,11,11,11,11,11
Архангельский муниципальный район,6,6,6,6,6,6,6,6,6,6,6,6,6,6,6,6,11,11,11,11,11,11,11,11
Архаринский муниципальный округ,1,1,1,1,1,1,1,1,1,1,1,1,1,1,1,1,1,10,10,10,10,10,10,10
Асекеевский муниципальный район,2,2,2,2,2,2,2,2,2,2,2,2,2,11,11,11,11,11,11,11,11,11,11,11
Асиновский муниципальный район,0,0,0,0,0,1,1,6,6,6,6,6,6,6,6,11,11,11,11,11,11,11,11,11
Аскинский муниципальный район,6,6,6,6,6,6,6,6,6,6,6,6,6,6,6,11,11,11,11,11,11,11,11,11
Аткарский муниципальный район,2,2,2,2,2,2,2,2,6,6,6,6,6,6,6,6,11,11,11,11,11,11,11,11
Атнинский муниципальный район,6,6,6,6,6,6,6,6,6,6,6,6,6,6,6,11,11,11,11,11,11,11,11,11
Атюрьевский муниципальный район,2,2,2,2,2,2,2,2,2,2,2,2,2,11,11,11,11,11,11,11,11,11,11,11
Атяшевский муниципальный район,2,2,2,2,2,2,2,2,2,6,6,6,6,6,11,11,11,11,11,11,11,11,11,11
Аургазинский муниципальный район,6,6,6,6,6,6,6,6,6,6,6,6,6,6,6,6,11,11,11,11,11,11,11,11
Ахтубинский муниципальный район,0,0,0,0,2,2,0,0,0,0,0,0,11,11,11,11,11,11,11,11,11,11,11,11
Ашинский муниципальный район,0,0,2,2,2,2,2,2,0,0,0,0,11,11,11,11,11,11,11,11,11,11,11,11
Бабаевский муниципальный округ,0,0,0,0,0,0,0,0,0,0,0,11,11,11,11,11,11,11,11,11,11,11,11,11
Бабушкинский муниципальный округ,2,2,2,2,2,2,2,6,6,6,6,6,6,6,6,6,6,11,11,11,11,11,11,11
Бабынинский муниципальный район,0,0,2,2,2,2,2,2,2,2,2,11,11,11,11,11,11,11,11,11,11,11,11,11
Бавлинский муниципальный район,0,0,0,0,6,6,6,6,6,6,6,6,6,6,6,6,6,11,11,11,11,11,11,11
Баганский муниципальный район,2,2,2,2,2,2,2,2,2,2,2,2,2,2,11,11,11,11,11,11,11,11,11,11
Баевский муниципальный район,2,2,2,2,2,2,2,2,2,2,2,2,2,11,11,11,11,11,11,11,11,11,11,11
Базарно-Карабулакский муниципальный район,2,2,2,2,2,2,2,2,2,2,2,2,2,2,11,11,11,11,11,11,11,11,11,11
Базарносызганский муниципальный район,2,2,2,2,2,2,2,2,2,2,2,2,11,11,11,11,11,11,11,11,11,11,11,11
Бай-Тайгинский муниципальный район,6,6,6,6,6,6,6,6,6,7,7,7,7,7,7,7,11,11,11,11,7,7,7,7
Байкаловский муниципальный район,0,0,0,0,2,2,2,2,2,6,6,6,6,11,11,11,11,11,11,11,11,11,11,11
Баймакский муниципальный район,6,6,6,6,6,6,6,6,6,6,6,7,7,7,7,7,11,11,11,11,11,11,11,11
Бакалинский муниципальный район,6,6,6,6,6,6,6,6,6,6,6,6,6,6,6,6,11,11,11,11,11,11,11,11
Бакчарский муниципальный район,2,2,2,2,2,2,2,2,2,2,2,2,2,2,11,11,11,11,11,11,11,11,11,11
Балаганский муниципальный район,2,2,2,2,2,2,2,2,2,2,2,2,2,2,11,11,11,11,11,11,11,11,11,11
Балаковский муниципальный район,0,0,0,8,8,8,8,8,8,8,8,8,8,8,8,8,8,8,8,8,8,8,8,8
Балахнинский муниципальный округ,0,0,0,0,0,0,0,0,0,0,0,0,0,0,0,0,0,10,10,10,10,10,10,10
Балахтинский муниципальный район,2,2,2,2,2,2,2,2,6,6,0,0,0,0,0,0,0,0,10,10,10,10,10,10
Балашовский муниципальный район,0,0,0,0,0,0,0,0,0,0,0,0,0,0,0,0,0,10,10,10,10,10,10,10
Балейский муниципальный район,0,0,0,0,8,8,8,8,8,8,8,8,8,8,8,8,8,8,10,10,10,10,10,10
Балтайский муниципальный район,2,2,2,2,2,2,2,2,2,2,2,2,2,11,11,11,11,11,11,11,11,11,11,11
Балтасинский муниципальный район,6,6,6,6,6,6,6,6,6,6,6,6,6,6,6,11,11,11,11,11,11,11,11,11
Балтачевский муниципальный район,6,6,6,6,2,2,6,6,6,6,6,6,6,6,6,11,11,11,11,11,11,11,11,11
Барабинский муниципальный район,0,0,0,0,0,0,0,0,0,0,0,0,0,0,0,0,0,10,10,10,10,10,10,10
Барун-Хемчикский муниципальный район,6,6,6,6,6,6,6,6,6,6,7,7,7,7,7,7,7,7,7,7,7,7,7,7
Барышский муниципальный район,2,2,2,2,2,2,2,2,2,2,2,2,6,6,6,11,11,11,11,11,11,11,11,11
Барятинский муниципальный район,2,2,2,2,2,2,2,2,2,2,2,2,2,11,11,11,11,11,11,11,11,11,11,11
Батыревский муниципальный округ,6,6,6,6,6,6,6,6,6,6,6,6,6,6,6,11,11,11,11,11,11,11,11,11
Башмаковский муниципальный район,2,2,2,2,2,2,2,2,2,2,2,2,2,11,11,11,11,11,11,11,11,11,11,11
Баяндаевский муниципальный район,6,6,6,6,6,6,6,6,6,7,7,7,7,7,7,7,7,7,7,7,7,7,7,7
Бежаницкий муниципальный район,2,2,2,2,2,2,2,6,6,6,6,6,6,6,11,11,11,11,11,11,11,11,11,11
Безенчукский муниципальный район,0,0,0,0,0,0,0,0,0,0,0,0,0,0,0,0,11,11,11,11,10,10,10,10
Бейский муниципальный район,0,0,0,2,2,2,2,2,0,0,0,0,1,1,1,11,11,11,11,11,10,10,10,10
Бековский муниципальный район,2,2,2,2,2,2,2,2,2,6,6,6,11,11,11,11,11,11,11,11,11,11,11,11
Белебеевский муниципальный район,0,0,8,8,8,8,8,8,8,8,8,8,8,8,8,8,8,8,8,10,10,10,10,10
Белевский муниципальный район,2,2,2,2,2,2,2,2,2,2,2,2,11,11,11,11,11,11,11,11,11,11,11,11
Белинский муниципальный район,2,2,2,2,2,2,2,2,2,2,2,2,2,2,11,11,11,11,11,11,11,11,11,11
Беловский муниципальный округ,2,2,2,2,2,2,2,0,0,0,0,11,11,11,11,11,11,11,11,10,10,10,10,10
Белогорский муниципальный округ,1,1,1,1,1,1,1,1,1,1,1,1,1,1,1,1,1,1,10,10,10,10,10,10
Белокатайский муниципальный район,6,6,6,6,6,6,6,6,6,6,6,6,6,6,6,6,11,11,11,11,11,11,11,11
Беломорский муниципальный округ,0,0,0,0,0,0,0,0,0,0,0,0,0,0,0,0,0,0,0,0,11,11,11,11
Белорецкий муниципальный район,0,0,0,0,0,0,6,6,6,8,8,8,8,8,8,8,8,8,8,10,10,10,10,10
Белохолуницкий муниципальный район,2,2,2,2,2,2,2,2,2,2,2,6,6,6,11,11,11,11,11,11,11,11,11,11
Белоярский муниципальный район,1,1,1,1,1,1,1,1,1,1,1,1,1,1,1,1,1,1,1,1,1,1,1,1
Беляевский муниципальный район,2,2,2,2,6,6,6,6,6,6,6,6,6,6,6,6,6,11,11,11,11,11,11,11
Бердюжский муниципальный район,2,2,2,2,2,2,2,2,2,2,2,2,2,11,11,11,11,11,11,11,11,11,11,11
Бессоновский муниципальный район,2,2,2,2,2,2,2,2,2,0,0,0,0,0,0,0,11,11,11,11,11,11,10,10
Бижбулякский муниципальный район,6,6,6,6,6,6,6,6,6,6,6,6,6,6,6,11,11,11,11,11,11,11,11,11
Бийский муниципальный район,6,6,6,6,6,6,6,6,6,0,0,0,0,0,0,11,11,11,11,10,10,10,10,10
Бикинский муниципальный район,8,8,8,8,8,8,8,8,1,1,1,1,1,1,1,1,1,1,1,1,1,1,1,1
Билибинский муниципальный район,1,1,1,1,1,1,1,1,1,1,1,1,1,1,1,1,1,1,1,1,1,1,1,1
Бирилюсский муниципальный район,2,2,2,2,2,2,2,2,2,2,2,2,11,11,11,11,11,11,11,11,11,11,11,11
Биробиджанский муниципальный район,1,1,1,1,1,1,1,1,1,1,1,1,1,1,1,1,1,1,1,1,1,1,1,1
Бирский муниципальный район,0,0,0,0,8,8,8,8,8,8,8,8,8,8,8,8,8,8,8,8,10,10,10,10
Благоварский муниципальный район,6,6,6,2,2,6,6,6,6,6,6,6,6,6,6,6,11,11,11,11,11,11,11,11
Благовещенский муниципальный округ,1,1,1,1,1,1,1,1,1,1,1,1,1,1,1,1,1,1,1,1,1,1,1,1
Благодарненский муниципальный округ,2,2,2,2,2,2,2,2,2,0,0,0,11,11,11,11,11,11,11,11,11,11,11,11
Богатовский муниципальный район,2,2,2,2,2,2,2,2,2,2,2,6,6,11,11,11,11,11,11,11,11,11,11,11
Богородицкий муниципальный район,0,0,2,2,2,2,2,2,2,0,0,0,0,11,11,11,11,11,11,11,11,11,11,11
Богородский муниципальный округ,0,0,0,0,0,0,0,0,0,0,0,0,0,0,0,0,0,0,10,10,10,10,10,10
Боградский муниципальный район,2,2,2,2,2,2,2,2,2,2,2,2,2,11,11,11,11,11,11,11,11,11,11,11
Богучанский муниципальный район,0,0,0,0,0,0,0,0,0,0,0,0,0,0,0,0,0,0,0,0,11,11,11,11
Бокситогорский муниципальный район,0,0,0,0,0,0,0,0,0,0,0,0,0,0,0,0,0,0,0,10,10,11,11,11
Болотнинский муниципальный район,2,2,2,2,2,2,0,0,0,0,0,0,0,11,11,11,11,11,10,10,10,10,10,10
Болховский муниципальный район,2,2,2,2,2,2,2,2,2,2,2,6,6,11,11,11,11,11,11,11,11,11,11,11
Большеберезниковский муниципальный район,2,2,2,2,2,2,2,2,2,2,2,2,2,2,11,11,11,11,11,11,11,11,11,11
Большеболдинский муниципальный округ,2,2,2,2,2,2,2,2,2,2,2,2,2,2,11,11,11,11,11,11,11,11,11,11
Большеглушицкий муниципальный район,2,2,2,2,2,2,2,2,2,2,2,2,11,11,11,11,11,11,11,11,11,11,11,11
Большемурашкинский муниципальный округ,2,2,2,2,2,2,2,2,2,2,2,2,11,11,11,11,11,11,11,11,11,11,11,11
Большемуртинский муниципальный район,2,2,2,2,2,2,2,2,2,2,2,2,2,6,6,11,11,11,11,11,11,11,11,11
Большереченский муниципальный район,6,6,6,6,6,6,6,6,6,6,6,6,6,6,6,11,11,11,11,11,11,11,11,11
Большесельский муниципальный район,2,2,2,2,2,2,2,2,2,2,2,2,11,11,11,11,11,11,11,11,11,11,11,11
Большеуковский муниципальный район,2,2,2,2,2,2,2,2,2,2,2,2,2,11,11,11,11,11,11,11,11,11,11,11
Большеулуйский муниципальный район,2,2,2,2,2,2,2,2,2,2,2,2,11,11,11,11,11,11,11,11,11,11,11,11
Большечерниговский муниципальный район,2,2,2,2,2,2,2,2,2,2,6,6,11,11,11,11,11,11,11,11,11,11,11,11
Бондарский муниципальный округ,2,2,2,2,2,2,2,2,2,2,2,2,11,11,11,11,11,11,11,11,11,11,11,11
Борзинский муниципальный район,0,0,0,0,0,0,1,1,8,8,8,1,1,8,8,8,8,10,10,10,10,10,10,10
Борисоглебский муниципальный район,2,2,2,2,2,2,2,2,2,2,2,11,11,11,11,11,11,11,11,11,11,11,11,11
Боровичский муниципальный район,0,0,0,0,0,0,0,0,0,0,0,0,0,0,0,0,0,10,10,10,10,10,10,10
Боровский муниципальный район,0,0,0,0,0,0,0,0,0,0,0,0,0,8,8,8,8,10,10,10,10,10,10,10
Борский муниципальный район,2,2,2,2,2,2,2,2,2,2,2,2,11,11,11,11,11,11,11,11,11,11,11,11
Боханский муниципальный район,6,6,6,6,6,6,6,0,0,7,7,7,7,7,7,7,7,7,7,7,11,11,11,11
Братский муниципальный район,0,0,0,0,2,2,2,2,0,0,0,0,0,0,11,11,11,11,11,11,11,11,11,11
Брединский муниципальный район,2,2,2,2,2,2,2,2,2,2,2,2,2,6,6,11,11,11,11,11,11,11,11,11
Брейтовский муниципальный район,2,2,2,2,2,2,2,2,2,2,2,2,11,11,11,11,11,11,11,11,11,11,11,11
Бугульминский муниципальный район,0,0,8,8,8,8,8,8,8,8,8,8,8,8,8,8,8,8,8,8,10,10,10,10
Бугурусланский муниципальный район,0,0,0,0,0,0,0,0,0,0,0,0,0,0,0,0,0,11,11,11,11,11,11,11
Будённовский муниципальный округ,0,0,0,0,0,0,0,0,0,0,0,0,0,0,0,0,0,0,10,10,10,10,10,10
Буздякский муниципальный район,6,6,6,6,6,6,6,6,6,6,6,6,6,6,6,11,11,11,11,11,11,11,11,11
Буинский муниципальный район,6,6,6,6,6,6,6,6,6,6,6,6,6,6,6,6,11,11,11,11,11,11,11,11
Буйский муниципальный район,2,2,2,2,2,2,2,2,6,6,2,2,2,11,11,11,11,11,11,11,11,11,11,11
Булунский муниципальный район,1,1,1,1,1,1,1,1,1,1,1,1,1,1,1,1,1,1,1,1,1,1,1,1
Бураевский муниципальный район,6,6,6,6,6,6,6,6,6,6,6,6,6,6,6,11,11,11,11,11,11,11,11,11
Бурейский муниципальный округ,1,1,1,1,1,1,1,1,1,1,1,1,1,0,0,0,0,10,10,10,10,10,10,10
Бурзянский муниципальный район,6,6,6,6,6,6,6,6,6,6,6,6,7,7,7,11,11,11,11,11,11,11,11,11
Бурлинский муниципальный район,2,2,2,2,2,6,6,6,6,6,6,6,6,6,6,11,11,11,11,11,11,11,11,11
Бутурлинский муниципальный округ,2,2,2,2,2,2,2,2,2,2,2,2,11,11,11,11,11,11,11,11,11,11,11,11
Быковский муниципальный район,2,2,2,2,2,2,2,2,2,2,6,6,6,6,6,6,11,11,11,11,11,11,11,11
Быстроистокский муниципальный район,2,2,2,2,2,2,2,2,2,2,2,2,2,2,2,11,11,11,11,11,11,11,11,11
Вагайский муниципальный район,0,0,0,2,2,2,2,0,0,6,6,6,6,11,11,11,11,11,11,11,11,11,11,11
Вадинский муниципальный район,2,2,2,2,2,2,2,2,2,2,2,2,2,2,11,11,11,11,11,11,11,11,11,11
Вадский муниципальный округ,2,2,2,2,2,2,2,2,2,2,2,2,11,11,11,11,11,11,11,11,11,11,11,11
Валдайский муниципальный район,0,0,0,0,0,0,2,2,2,0,0,0,0,11,11,11,11,11,11,11,11,11,11,11
Ванинский муниципальный район,1,1,1,1,1,1,1,1,1,1,1,1,1,1,1,1,1,1,1,1,1,1,1,1
Варгашинский муниципальный округ,2,2,2,2,2,2,2,2,2,2,2,2,2,2,11,11,11,11,11,11,11,11,11,11
Варнавинский муниципальный округ,2,2,2,2,2,2,2,2,2,2,2,2,11,11,11,11,11,11,11,11,11,11,11,11
Варненский муниципальный район,2,2,2,2,2,2,6,6,6,6,6,6,6,11,11,11,11,11,11,11,11,11,11,11
Вачский муниципальный округ,2,2,2,2,2,2,2,2,2,2,2,2,2,2,11,11,11,11,11,11,11,11,11,11
Велижский муниципальный район,2,2,2,2,2,2,2,2,2,2,2,2,2,11,11,11,11,11,11,11,11,11,11,11
Великоустюгский муниципальный округ,0,0,0,0,0,0,0,0,0,0,0,0,0,0,0,0,0,10,10,10,10,10,10,10
Вельский муниципальный район,0,0,0,0,0,0,0,0,0,0,0,0,0,0,0,0,0,0,10,10,10,10,10,10
Венгеровский муниципальный район,2,2,2,2,2,2,2,2,2,2,2,2,11,11,11,11,11,11,11,11,11,11,11,11
Веневский муниципальный район,2,2,2,2,2,2,2,2,2,2,2,11,11,11,11,11,11,11,11,11,11,11,11,11
Верхнебуреинский муниципальный район,1,1,1,1,1,1,1,1,1,1,1,1,1,1,1,1,1,1,1,1,1,1,1,1
Верхневилюйский муниципальный район,1,1,1,1,1,1,1,1,1,1,1,1,1,1,1,1,1,1,1,1,1,1,1,1
Верхнекетский муниципальный район,0,0,0,0,0,0,0,0,0,0,0,0,11,11,11,11,11,11,11,11,11,11,11,11
Верхнеколымский муниципальный район,1,1,1,1,1,1,1,1,1,1,1,1,1,1,1,1,1,1,1,1,1,1,1,1
Верхнетоемский муниципальный округ,2,2,2,2,2,2,2,6,6,6,6,6,6,6,6,11,11,11,11,11,11,11,11,11
Верхнеуральский муниципальный район,2,2,2,2,2,2,6,6,6,6,6,6,6,6,11,11,11,11,11,11,11,11,11,11
Верхнеуслонский муниципальный район,6,6,6,6,6,6,6,6,6,0,0,0,0,0,0,0,0,10,10,10,10,10,10,10
Верховажский муниципальный округ,2,2,2,2,2,2,2,2,2,2,2,2,2,11,11,11,11,11,11,11,11,11,11,11
Верховский муниципальный район,2,2,2,2,2,2,2,2,2,2,2,6,6,11,11,11,11,11,11,11,11,11,11,11
Верхошижемский муниципальный район,2,2,2,2,2,2,2,2,2,2,2,2,2,2,2,11,11,11,11,11,11,11,11,11
Верхоянский муниципальный район,1,1,1,1,1,1,1,1,1,1,1,1,1,1,1,1,1,1,1,1,1,1,1,1
Ветлужский муниципальный округ,2,2,2,2,2,2,2,2,2,2,2,2,2,11,11,11,11,11,11,11,11,11,11,11
Вешкаймский муниципальный район,2,2,2,2,2,2,2,2,2,2,2,2,2,11,11,11,11,11,11,11,11,11,11,11
Викуловский муниципальный район,2,2,2,2,2,2,2,2,6,6,6,6,11,11,11,11,11,11,11,11,11,10,10,10
Вилюйский муниципальный район,1,1,1,1,1,1,1,1,1,1,1,1,1,1,1,1,1,1,1,1,1,1,1,1
Виноградовский муниципальный округ,2,2,2,2,2,2,2,2,2,2,11,11,11,11,11,11,11,11,11,11,11,11,11,11
Вичугский муниципальный район,2,2,2,2,2,2,2,2,2,2,6,6,11,11,11,11,11,11,11,11,11,11,11,11
Вожегодский муниципальный округ,0,0,0,2,2,2,2,6,6,0,0,6,6,11,11,11,11,11,11,11,11,11,11,11
Вознесенский муниципальный округ,2,2,2,2,2,2,2,2,2,2,2,2,11,11,11,11,11,11,11,11,11,11,11,11
Вологодский муниципальный округ,0,0,0,8,8,8,8,0,0,8,8,8,8,8,8,8,8,8,10,10,8,8,8,8
Володарский муниципальный округ,0,0,0,0,2,2,0,0,0,0,0,0,0,0,0,11,11,10,10,10,10,10,10,10
Волосовский муниципальный район,0,0,0,0,0,0,0,0,0,0,0,0,0,0,0,0,0,0,0,10,10,10,10,10
Волховский муниципальный район,0,0,0,0,0,0,0,0,0,0,0,0,0,0,0,0,10,10,10,10,10,10,10,10
Волчихинский муниципальный район,2,2,2,2,2,2,6,6,6,6,6,6,6,6,6,11,11,11,11,11,11,11,11,11
Вольский муниципальный район,0,0,0,0,0,0,0,0,0,0,0,0,0,0,0,0,0,10,10,10,10,10,10,10
Воскресенский муниципальный округ,2,2,2,2,2,2,2,2,2,2,2,2,2,11,11,11,11,11,11,11,11,11,11,11
Воскресенский муниципальный район,2,2,2,2,2,2,2,2,2,2,2,2,2,2,11,11,11,11,11,11,11,11,11,11
Вохомский муниципальный район,2,2,2,2,2,2,2,2,2,2,2,2,2,2,11,11,11,11,11,11,11,11,11,11
Всеволожский муниципальный район,9,9,9,9,9,9,9,9,9,9,9,9,9,9,9,9,9,9,9,9,9,9,9,9
Вурнарский муниципальный округ,6,6,6,6,6,6,6,6,6,6,6,6,6,6,6,11,11,11,11,11,11,11,11,11
Выборгский муниципальный район,9,9,9,9,9,9,9,9,9,9,9,9,9,9,9,9,9,9,9,9,9,9,9,9
Высокогорский муниципальный район,0,0,0,0,6,6,6,6,6,8,8,8,8,8,8,8,8,8,10,10,10,10,10,10
Вытегорский муниципальный район,0,0,0,2,2,2,0,0,0,0,0,1,1,1,1,1,1,1,10,10,10,10,10,10
Вязниковский муниципальный район,0,0,0,0,0,2,2,0,0,0,0,0,0,0,0,11,11,11,11,11,10,10,10,10
Вятскополянский муниципальный район,2,2,2,2,2,2,2,2,2,2,6,6,6,6,11,11,11,11,11,11,11,11,11,11
Гаврилов-Ямский муниципальный район,0,0,0,2,2,2,2,2,0,0,0,0,11,11,11,11,11,11,11,11,11,11,11,11
Гаврилово-Посадский муниципальный район,2,2,2,2,2,2,2,2,2,2,2,2,11,11,11,11,11,11,11,11,11,11,11,11
Гавриловский муниципальный округ,2,2,2,2,2,2,2,2,2,2,2,2,2,2,11,11,11,11,11,11,11,11,11,11
Гагаринский муниципальный район,0,0,0,0,0,0,0,0,0,0,0,0,0,0,0,0,0,0,10,10,10,10,10,10
Гагинский муниципальный округ,2,2,2,2,2,2,2,2,2,2,2,2,2,11,11,11,11,11,11,11,11,11,11,11
Газимуро-Заводский муниципальный округ,1,1,1,1,1,1,1,1,1,1,1,1,1,1,1,1,1,1,1,1,1,1,1,1
Галичский муниципальный район,2,2,2,2,2,2,2,2,2,2,2,2,2,11,11,11,11,11,11,11,11,11,11,11
Гатчинский муниципальный район,9,9,9,9,9,9,9,9,9,9,9,9,9,9,9,9,9,9,9,9,9,9,9,9
Гафурийский муниципальный район,6,6,6,6,6,6,6,6,6,6,6,6,6,6,6,11,11,11,11,11,11,11,11,11
Гдовский муниципальный район,0,0,0,2,2,0,0,0,0,6,6,6,6,6,6,11,11,11,11,11,10,10,10,10
Георгиевский муниципальный округ,0,0,0,0,0,0,0,0,0,0,0,0,0,0,8,8,8,8,10,10,10,10,10,10
Гиагинский муниципальный район,2,2,2,2,2,2,2,2,2,2,2,2,6,6,11,11,11,11,11,11,11,11,11,11
Глазуновский муниципальный район,2,2,2,2,2,2,2,2,2,2,2,6,6,11,11,11,11,11,11,11,11,11,11,11
Глинковский муниципальный район,2,2,2,2,2,2,2,2,2,2,2,2,2,11,11,11,11,11,11,11,11,11,11,11
Горномарийский муниципальный район,6,6,6,6,6,6,6,6,6,6,6,6,6,6,6,6,11,11,11,11,11,11,11,11
Горный муниципальный район,0,0,0,0,0,1,1,1,1,1,1,1,1,1,1,1,1,1,1,1,1,1,1,1
Городецкий муниципальный округ,0,0,0,0,0,0,0,0,0,0,0,0,0,0,0,0,0,0,10,10,10,10,10,10
Городовиковский муниципальный район,2,2,2,2,2,2,2,2,2,2,2,2,2,2,11,11,11,11,11,11,11,11,11,11
Гороховецкий муниципальный район,2,2,2,2,2,2,2,2,2,2,2,2,2,11,11,11,11,11,11,11,11,11,11,11
Горьковский муниципальный район,2,2,2,2,2,2,2,6,6,6,6,6,6,6,6,11,11,11,11,11,11,11,11,11
Грачёвский муниципальный округ,2,2,2,2,2,2,2,2,2,2,2,2,11,11,11,11,11,11,11,11,11,11,11,11
Грачёвский муниципальный район,2,2,2,2,2,2,2,6,6,6,6,6,6,6,6,6,6,11,11,11,11,11,11,11
Грязинский муниципальный район,0,0,0,0,0,0,0,0,0,0,0,0,0,0,0,0,0,11,11,10,10,10,10,10
Грязовецкий муниципальный округ,0,0,0,0,2,2,2,2,0,0,0,6,6,11,11,11,11,11,11,11,11,11,11,11
Гурьевский муниципальный округ,0,0,0,0,0,0,0,0,0,0,0,0,0,0,0,0,0,0,10,10,10,10,10,10
Гусь-Хрустальный муниципальный район,2,2,2,2,2,2,2,2,2,2,2,2,11,11,11,11,11,11,11,11,11,11,11,11
Давлекановский муниципальный район,0,0,0,0,0,0,6,6,6,6,6,6,6,6,6,11,11,11,11,11,11,11,11,11
Далматовский муниципальный округ,2,2,2,2,2,2,6,6,6,6,6,6,6,6,6,6,11,11,11,11,11,11,11,11
Дальнеконстантиновский муниципальный округ,2,2,2,2,2,2,2,2,2,2,2,2,11,11,11,11,11,11,11,11,11,11,11,11
Дальнереченский муниципальный район,2,2,2,2,6,6,6,6,6,6,6,7,7,1,1,1,1,1,1,1,1,10,10,10
Данковский муниципальный район,0,0,0,2,2,2,2,2,2,0,0,0,0,11,11,11,11,11,11,11,11,11,11,11
Даровской муниципальный район,2,2,2,2,2,2,2,2,2,2,2,2,2,2,11,11,11,11,11,11,11,11,11,11
Дедовичский муниципальный район,2,2,2,2,2,2,2,2,6,6,6,11,11,11,11,11,11,11,11,11,11,11,11,11
Демидовский муниципальный район,2,2,2,2,2,2,2,2,2,2,2,6,6,6,11,11,11,11,11,11,11,11,11,11
Дергачевский муниципальный район,2,2,2,2,2,2,2,2,2,2,6,6,6,6,6,6,6,11,11,11,11,11,11,11
Дзун-Хемчикский муниципальный район,6,6,6,6,6,6,6,6,6,6,7,7,7,7,7,7,7,7,7,7,7,7,7,7
Дивеевский муниципальный округ,2,2,2,2,2,2,2,2,2,2,2,2,11,11,11,11,11,11,11,11,11,11,11,11
Дигорский муниципальный район,7,7,7,7,7,7,7,7,7,7,7,7,7,7,7,7,7,7,7,7,7,7,7,7
Дновский муниципальный район,2,2,2,2,2,2,2,2,2,2,0,0,0,11,11,11,11,11,11,11,11,11,11,11
Добринский муниципальный район,2,2,2,2,2,2,2,2,2,2,2,11,11,11,11,11,11,11,11,11,11,11,11,11
Добровский муниципальный район,2,2,2,2,2,2,2,2,2,6,6,6,6,6,11,11,11,11,11,11,11,11,11,11
Доволенский муниципальный район,2,2,2,2,2,2,6,6,6,6,6,6,6,6,11,11,11,11,11,11,11,11,11,11
Долгоруковский муниципальный район,2,2,2,2,2,2,2,2,2,2,2,11,11,11,11,11,11,11,11,11,11,11,11,11
Должанский муниципальный район,2,2,2,2,2,2,2,2,2,2,2,2,2,11,11,11,11,11,11,11,11,11,11,11
Домбаровский муниципальный район,2,2,2,2,2,2,2,2,2,2,6,6,6,6,6,11,11,11,11,11,11,11,11,11
Дорогобужский муниципальный район,0,0,0,2,2,2,2,2,0,0,0,0,11,11,11,11,11,11,11,11,11,11,11,11
Дрожжановский муниципальный район,6,6,2,2,2,2,6,6,6,6,6,6,6,6,6,6,11,11,11,11,11,11,11,11
Дубовский муниципальный район,2,2,2,2,2,2,2,2,2,2,2,6,6,11,11,11,11,11,11,11,11,11,11,11
Дуванский муниципальный район,0,0,0,6,6,6,6,6,6,6,6,6,6,6,6,11,11,11,11,11,11,11,11,11
Дульдургинский муниципальный район,2,2,2,6,6,1,1,1,1,1,1,1,1,1,1,10,10,10,10,10,10,10,10,10
Думиничский муниципальный район,2,2,2,2,2,2,2,2,2,2,2,2,2,11,11,11,11,11,11,11,11,11,11,11
Духовницкий муниципальный район,2,2,2,2,2,2,2,2,2,2,2,2,2,11,11,11,11,11,11,11,11,11,11,11
Духовщинский муниципальный район,2,2,2,2,2,2,2,2,2,2,2,2,2,11,11,11,11,11,11,11,11,11,11,11
Дюртюлинский муниципальный район,0,0,0,0,0,0,6,6,6,8,8,8,8,8,8,8,8,8,10,10,10,10,10,10
Егорьевский муниципальный район,2,2,2,2,6,6,6,6,6,6,6,6,6,6,11,11,11,11,11,11,11,11,11,11
Екатериновский муниципальный район,2,2,2,2,2,2,2,2,2,2,2,2,2,2,11,11,11,11,11,11,11,11,11,11
Елабужский муниципальный район,8,8,8,8,8,8,8,8,8,8,8,8,8,8,8,8,8,8,8,8,8,8,8,8
Еланский муниципальный район,2,2,2,2,2,2,2,2,2,2,2,11,11,11,11,11,11,11,11,11,11,11,11,11
Елизовский муниципальный район,1,1,1,1,1,1,1,1,1,1,1,1,1,1,1,1,1,1,1,1,1,1,1,1
Елховский муниципальный район,2,2,2,2,2,2,2,2,2,2,2,2,2,11,11,11,11,11,11,11,11,11,11,11
Ельниковский муниципальный район,2,2,2,2,2,2,2,2,2,2,2,2,11,11,11,11,11,11,11,11,11,11,11,11
Ельнинский муниципальный район,2,2,2,2,2,2,2,2,2,2,2,11,11,11,11,11,11,11,11,11,11,11,11,11
Ельцовский муниципальный район,2,2,2,2,2,2,2,2,2,2,6,6,6,11,11,11,11,11,11,11,11,11,11,11
Еманжелинский муниципальный район,2,2,2,2,2,2,2,2,2,0,0,0,0,11,11,11,11,11,11,11,11,11,11,11
Емельяновский муниципальный район,8,8,8,8,8,8,8,8,8,8,8,8,8,8,8,8,8,8,8,8,8,8,8,8
Енисейский муниципальный район,0,0,0,0,0,0,0,0,0,0,0,0,11,11,11,11,11,11,11,11,11,11,11,11
Енотаевский муниципальный район,2,2,2,2,2,2,2,2,2,6,6,11,11,11,11,11,11,11,11,11,11,11,11,11
Ермаковский муниципальный район,2,2,2,2,2,2,2,2,2,2,2,11,11,11,11,11,11,11,11,11,11,11,11,11
Ермекеевский муниципальный район,6,6,6,6,6,6,6,6,6,6,6,6,6,6,6,6,11,11,11,11,11,11,11,11
Ермишинский муниципальный район,2,2,2,2,2,2,2,2,2,6,6,6,6,6,6,6,11,11,11,11,11,11,11,11
Ершичский муниципальный район,2,2,2,2,2,2,2,2,2,2,2,2,2,11,11,11,11,11,11,11,11,11,11,11
Ершовский муниципальный район,2,2,2,2,2,2,2,2,2,6,6,6,6,6,11,11,11,11,11,11,11,11,11,11
Еткульский муниципальный район,2,2,2,2,2,2,2,2,6,6,6,6,11,11,11,11,11,11,11,11,11,11,11,11
Жердевский муниципальный округ,2,2,2,2,2,2,2,2,2,2,2,11,11,11,11,11,11,11,11,11,11,11,11,11
Жигаловский муниципальный район,0,0,0,0,0,0,0,0,0,0,0,0,0,0,0,0,0,10,10,10,10,10,10,10
Жиздринский муниципальный район,2,2,2,2,2,2,2,2,2,2,2,2,2,11,11,11,11,11,11,11,11,11,11,11
Жирновский муниципальный район,2,2,2,2,2,2,2,2,2,2,2,2,11,11,11,11,11,11,11,11,11,11,11,11
Жуковский муниципальный район,0,0,2,2,2,2,2,2,2,2,2,0,0,11,11,11,11,11,11,11,11,11,11,11
Забайкальский муниципальный район,8,8,8,8,8,8,8,8,8,8,8,8,8,8,8,8,8,8,8,8,8,8,8,8
Завитинский муниципальный округ,1,1,1,1,1,1,1,1,1,1,1,1,1,1,1,1,1,1,10,10,10,10,10,10
Заволжский муниципальный район,2,2,2,2,2,2,2,2,2,2,6,6,6,6,11,11,11,11,11,11,11,11,11,11
Завьяловский муниципальный район,2,2,2,2,6,6,6,6,6,6,6,6,6,6,6,11,11,11,11,11,11,11,11,11
Задонский муниципальный район,2,2,2,2,2,2,2,2,2,2,2,2,11,11,11,11,11,11,11,11,11,11,11,11
Заинский муниципальный район,0,0,0,0,0,6,6,6,6,6,0,0,0,0,0,0,0,0,10,10,10,10,10,10
Заларинский муниципальный район,2,2,2,2,2,2,2,2,2,2,2,2,2,11,11,11,11,11,11,11,11,11,11,11
Залегощенский муниципальный район,2,2,2,2,2,2,2,2,2,6,6,6,6,6,11,11,11,11,11,11,11,11,11,11
Залесовский муниципальный округ,2,2,2,2,2,2,2,2,2,2,2,2,2,2,11,11,11,11,11,11,11,11,11,11
Заокский муниципальный район,0,0,0,0,0,0,0,0,0,0,0,0,0,0,0,0,0,0,0,10,10,10,10,10
Захаровский муниципальный район,2,2,2,2,2,2,2,2,2,2,2,2,6,6,11,11,11,11,11,11,11,11,11,11
Звениговский муниципальный район,2,2,2,2,2,2,2,2,6,6,6,6,6,11,11,11,11,11,11,11,11,11,11,11
Звериноголовский муниципальный округ,2,2,2,2,2,2,2,2,2,2,2,2,2,2,11,11,11,11,11,11,11,11,11,11
Здвинский муниципальный район,2,2,2,2,2,2,2,2,2,2,2,2,2,11,11,11,11,11,11,11,11,11,11,11
Зейский муниципальный округ,1,1,1,1,1,1,1,1,1,1,1,1,1,1,1,1,1,1,1,1,1,1,1,1
Зеленодольский муниципальный район,8,8,8,8,8,8,8,8,8,8,8,8,8,8,8,8,8,8,8,8,8,8,8,8
Зеленчукский муниципальный район,0,0,7,7,7,2,2,7,7,7,7,7,7,7,7,7,7,7,7,7,7,7,7,7
Земетчинский муниципальный район,2,2,2,2,2,2,2,2,2,2,2,2,2,11,11,11,11,11,11,11,11,11,11,11
Зианчуринский муниципальный район,6,6,6,6,6,6,6,6,6,6,6,6,6,6,6,6,11,11,11,11,11,11,11,11
Зилаирский муниципальный район,6,6,6,6,6,6,6,6,6,6,6,7,7,7,11,11,11,11,11,11,11,11,11,11
Зиминский муниципальный район,0,0,2,2,2,2,2,2,0,0,0,0,0,11,11,11,11,11,11,11,11,11,11,11
Змеиногорский муниципальный район,2,2,2,2,2,0,0,0,6,6,6,6,6,6,6,6,11,11,11,11,11,11,11,11
Знаменский муниципальный округ,2,2,2,2,2,2,2,2,2,2,6,6,6,11,11,11,11,11,11,11,11,11,11,11
Зональный муниципальный район,6,6,6,6,6,6,6,6,6,6,6,6,6,6,6,11,11,11,11,11,11,11,11,11
Зубово-Полянский муниципальный район,2,2,2,2,2,2,2,2,2,2,11,11,11,11,11,11,11,11,11,11,11,11,11,11
Зуевский муниципальный район,2,2,2,2,2,2,2,2,6,6,6,6,6,6,11,11,11,11,11,11,11,11,11,11
Зырянский муниципальный район,2,2,2,2,2,2,2,2,2,2,2,2,2,11,11,11,11,11,11,11,11,11,11,11
Ибресинский муниципальный округ,6,6,6,6,6,6,6,6,6,6,6,6,6,6,6,6,11,11,11,11,11,11,11,11
Ивановский муниципальный округ,1,1,1,1,1,1,1,1,1,1,1,1,1,1,1,1,1,10,10,10,10,10,10,10
Ивановский муниципальный район,0,0,8,8,8,8,8,8,8,8,8,8,8,8,8,8,8,8,8,8,8,8,8,8
Ивантеевский муниципальный район,2,2,2,2,2,2,2,2,2,2,2,2,2,11,11,11,11,11,11,11,11,11,11,11
Иглинский муниципальный район,0,0,0,0,0,0,0,0,0,0,0,0,0,0,0,0,0,0,10,10,10,10,10,10
Идринский муниципальный район,2,2,2,2,2,2,2,2,2,2,2,2,6,6,11,11,11,11,11,11,11,11,11,11
Ижемский муниципальный район,0,0,0,0,0,0,0,0,0,0,0,0,0,1,1,11,11,11,11,11,11,11,11,11
Ижморский муниципальный округ,2,2,2,2,2,2,2,2,2,2,2,2,2,11,11,11,11,11,11,11,11,11,11,11
Измалковский муниципальный район,2,2,2,2,2,2,2,2,2,2,2,2,2,11,11,11,11,11,11,11,11,11,11,11
Износковский муниципальный район,2,2,2,2,2,2,2,2,2,2,2,2,11,11,11,11,11,11,11,11,11,11,11,11
Изобильненский муниципальный округ,2,2,2,2,2,2,2,2,0,0,0,0,11,11,11,0,0,10,10,10,10,10,10,10
Икрянинский муниципальный район,2,2,2,2,2,2,2,2,2,2,2,2,2,2,11,11,11,11,11,11,11,11,11,11
Иланский муниципальный район,0,0,2,2,2,0,0,0,0,0,0,0,0,11,11,11,11,11,11,11,11,11,11,11
Илекский муниципальный район,2,2,2,2,2,6,6,6,6,6,6,6,6,6,6,6,11,11,11,11,11,11,11,11
Илишевский муниципальный район,6,6,6,6,6,6,6,6,6,6,6,6,6,6,6,6,11,11,11,11,11,11,11,11
Иловлинский муниципальный район,2,2,2,2,2,2,2,2,6,6,6,6,6,6,6,11,11,11,11,11,11,11,11,11
Ильинский муниципальный район,2,2,2,2,2,2,2,2,2,2,2,2,11,11,11,11,11,11,11,11,11,11,11,11
Инжавинский муниципальный округ,2,2,2,2,2,2,2,2,2,2,2,2,2,2,11,11,11,11,11,11,11,11,11,11
Инзенский муниципальный район,2,2,2,2,2,2,2,2,2,6,6,6,6,6,11,11,11,11,11,11,11,11,11,11
Инсарский муниципальный район,2,2,2,2,2,2,2,2,2,2,2,6,6,11,11,11,11,11,11,11,11,11,11,11
Ипатовский муниципальный округ,2,2,2,2,2,2,2,2,2,2,6,6,6,6,11,11,11,11,11,11,11,11,11,11
Ирафский муниципальный район,2,2,2,2,2,2,2,2,7,7,7,7,7,7,7,7,7,7,7,7,7,7,7,7
Ирбейский муниципальный район,2,2,2,2,2,2,2,2,2,2,2,2,2,2,2,11,11,11,11,11,11,11,11,11
Иркутский муниципальный район,8,8,8,8,8,8,8,8,8,8,8,8,8,8,8,8,8,8,8,8,8,8,8,8
Исаклинский муниципальный район,2,2,2,2,2,2,2,2,2,2,2,2,2,11,11,11,11,11,11,11,11,11,11,11
Исетский муниципальный район,0,0,0,0,2,2,2,0,0,0,0,0,0,0,11,11,11,11,11,11,11,11,11,11
Исилькульский муниципальный район,2,2,2,2,2,2,2,2,6,6,6,6,6,6,6,11,11,11,11,11,11,11,11,11
Искитимский муниципальный район,0,0,0,0,0,0,0,0,0,0,0,0,0,0,0,0,0,11,11,11,10,10,10,10
Иссинский муниципальный район,2,2,2,2,2,2,2,2,2,2,2,11,11,11,11,11,11,11,11,11,11,11,11,11
Ичалковский муниципальный район,2,2,2,2,2,2,2,2,2,2,2,2,2,11,11,11,11,11,11,11,11,11,11,11
Ишимбайский муниципальный район,8,8,8,8,8,8,8,8,8,8,8,8,8,8,8,8,8,8,8,8,8,10,10,10
Ишимский муниципальный район,0,0,0,0,2,2,0,0,0,0,0,0,0,0,0,0,0,0,10,10,10,10,10,10
Каа-Хемский муниципальный район,6,6,6,6,6,6,6,6,6,7,7,7,7,7,7,7,11,11,11,11,7,7,10,10
Кавалеровский муниципальный округ,1,1,1,1,1,1,1,1,1,1,1,1,1,1,1,1,1,1,10,10,10,10,10,10
Кадомский муниципальный район,2,2,2,2,2,2,2,2,2,2,2,2,2,11,11,11,11,11,11,11,11,11,11,11
Кадошкинский муниципальный район,2,2,2,2,2,2,2,2,2,2,2,2,2,2,2,11,11,11,11,11,11,11,11,11
Кадуйский муниципальный округ,0,0,0,0,0,0,0,0,0,0,0,0,11,11,11,11,11,11,11,11,11,11,11,11
Кадыйский муниципальный район,2,2,2,2,2,2,2,2,2,2,2,2,2,2,11,11,11,11,11,11,11,11,11,11
Казанский муниципальный район,2,2,2,2,2,2,2,2,2,2,2,2,2,11,11,11,11,11,11,11,11,11,11,11
Казачинский муниципальный район,2,2,2,2,2,2,2,2,2,2,2,2,2,11,11,11,11,11,11,11,11,11,11,11
Казачинско-Ленский муниципальный район,1,1,1,1,0,0,0,0,0,0,0,0,0,0,0,0,0,0,0,0,11,11,11,11
Кайбицкий муниципальный район,6,6,6,6,2,2,6,6,6,6,6,6,6,6,6,11,11,11,11,11,11,11,11,11
Каларский муниципальный округ,1,1,1,1,1,1,1,1,1,1,1,1,1,1,1,1,1,1,1,1,1,1,1,1
Калачевский муниципальный район,0,0,0,0,0,2,2,0,0,0,0,0,0,0,11,11,11,11,11,11,11,11,10,10
Калачинский муниципальный район,2,2,2,2,2,2,6,6,6,6,6,6,6,6,6,6,11,11,11,11,11,11,11,11
Калганский муниципальный округ,1,1,1,1,1,1,1,1,1,1,1,1,1,1,1,1,1,10,10,10,10,10,10,10
Калевальский муниципальный район,0,0,0,0,0,0,0,0,0,0,0,0,0,0,0,0,0,0,0,0,0,0,0,0
Калининский муниципальный район,2,2,2,2,2,2,2,2,2,2,2,2,11,11,11,11,11,11,11,11,11,11,11,11
Калманский муниципальный район,6,6,6,6,6,6,6,6,6,6,6,6,6,6,11,11,11,11,11,11,11,11,11,11
Калтасинский муниципальный район,6,6,6,6,6,6,6,6,6,6,6,6,6,6,6,6,11,11,11,11,11,11,11,11
Камешкирский муниципальный район,2,2,2,2,2,2,2,2,2,2,2,2,2,11,11,11,11,11,11,11,11,11,11,11
Камешковский муниципальный район,0,0,0,2,2,2,2,2,2,0,0,0,0,11,11,11,11,11,11,11,11,11,11,11
Камско-Устьинский муниципальный район,2,2,2,2,2,2,2,2,2,2,2,2,2,11,11,11,11,11,11,11,11,11,11,11
Камызякский муниципальный район,2,2,2,2,2,2,2,2,2,2,2,2,2,11,11,11,11,11,11,11,11,11,11,11
Камышлинский муниципальный район,6,6,2,2,2,2,2,2,2,2,2,6,6,6,6,11,11,11,11,11,11,11,11,11
Камышловский муниципальный район,8,8,8,8,8,8,8,8,8,8,8,8,8,8,8,8,8,8,8,8,8,8,8,8
Кандалакшский муниципальный район,1,1,1,1,1,1,1,1,1,1,1,1,1,1,1,1,1,1,1,1,1,1,1,1
Карагинский муниципальный район,1,1,1,1,1,1,1,1,1,1,1,1,1,1,1,1,1,1,1,1,1,1,1,1
Караидельский муниципальный район,6,6,6,6,6,6,6,6,6,6,6,6,6,6,6,6,11,11,11,11,11,11,11,11
Карасукский муниципальный район,2,2,2,2,2,2,0,0,0,0,6,6,11,11,11,11,11,11,11,11,11,10,10,10
Каратузский муниципальный район,2,2,2,2,2,2,2,2,2,2,2,2,2,11,11,11,11,11,11,11,11,11,11,11
Каргапольский муниципальный округ,2,2,2,2,2,2,6,6,6,6,6,6,6,11,11,11,11,11,11,11,11,11,11,11
Каргасокский муниципальный район,0,0,0,0,0,0,0,0,0,0,0,0,0,11,11,11,11,11,11,11,11,11,11,11
Каргатский муниципальный район,2,2,2,2,2,2,2,2,6,6,6,6,6,11,11,11,11,11,11,11,11,11,11,11
Кардымовский муниципальный район,2,2,2,2,2,2,2,2,2,2,2,6,6,6,6,11,11,11,11,11,11,11,11,11
Кармаскалинский муниципальный район,6,6,6,6,6,6,6,6,6,6,6,6,6,6,6,6,11,11,11,11,11,11,11,11
Карсунский муниципальный район,2,2,2,2,2,2,2,2,2,2,6,6,6,6,6,6,11,11,11,11,11,11,11,11
Карталинский муниципальный район,2,2,2,2,2,2,2,6,6,6,6,6,6,6,6,6,11,11,11,11,11,11,11,11
Карымский муниципальный район,0,0,0,0,0,0,0,0,6,6,6,6,6,8,8,8,8,10,10,10,10,10,10,10
Касимовский муниципальный район,2,2,2,2,2,2,2,2,2,2,2,2,11,11,11,11,11,11,11,11,11,11,11,11
Каслинский муниципальный район,0,0,0,2,2,2,2,2,2,6,6,6,6,11,11,11,11,11,11,11,11,11,11,11
Катав-Ивановский муниципальный район,2,2,2,2,2,2,2,0,0,6,6,6,6,11,11,11,11,11,11,11,11,11,11,11
Катайский муниципальный округ,2,2,2,2,2,2,6,6,6,6,6,6,6,6,6,6,11,11,11,11,11,11,11,11
Катангский муниципальный район,1,1,1,1,1,1,1,1,1,1,1,1,1,1,1,1,1,1,1,1,1,1,1,1
Качугский муниципальный район,0,0,0,0,0,0,0,0,0,6,6,0,0,0,0,11,11,11,11,11,11,11,11,11
Кваркенский муниципальный район,2,2,2,2,2,2,2,2,2,2,2,2,2,2,11,11,11,11,11,11,11,11,11,11
Кежемский муниципальный район,0,0,0,0,0,0,0,0,0,0,0,0,0,0,0,0,0,0,0,0,11,11,11,11
Кемеровский муниципальный округ,8,8,8,8,8,8,8,8,8,8,8,8,8,8,8,8,8,8,8,8,8,8,8,8
Кемский муниципальный район,0,0,0,0,0,0,0,0,0,0,0,0,11,11,11,11,11,11,11,11,11,11,11,11
Кигинский муниципальный район,6,6,6,6,6,6,6,6,6,6,6,6,6,6,6,6,11,11,11,11,11,11,11,11
Кизильский муниципальный район,2,2,2,2,2,6,6,6,6,6,6,6,6,6,6,6,11,11,11,11,11,11,11,11
Киквидзенский муниципальный район,2,2,2,2,2,2,2,2,2,2,2,2,2,2,2,11,11,11,11,11,11,11,11,11
Килемарский муниципальный район,2,2,2,2,2,2,6,6,6,6,6,6,6,6,6,11,11,11,11,11,11,11,11,11
Кильмезский муниципальный район,2,2,2,2,2,2,2,2,2,2,2,6,6,6,6,11,11,11,11,11,11,11,11,11
Кимовский муниципальный район,2,2,2,2,2,2,2,2,2,2,2,2,11,11,11,11,11,11,11,11,11,11,11,11
Кингисеппский муниципальный район,1,1,1,1,1,1,1,1,1,1,1,1,1,1,1,1,1,1,1,1,1,1,1,1
Кинель-Черкасский муниципальный район,2,2,2,2,2,2,2,2,2,6,6,6,6,6,11,11,11,11,11,11,11,11,11,11
Кинельский муниципальный район,2,2,2,2,2,2,2,2,2,2,2,2,11,11,11,11,11,11,11,11,11,11,11,11
Кинешемский муниципальный район,2,2,2,2,2,2,2,6,6,6,6,6,6,6,11,11,11,11,11,11,11,11,11,11
Киреевский муниципальный район,2,2,2,2,2,2,2,2,2,2,2,11,11,11,11,11,11,11,11,11,11,11,11,11
Киренский муниципальный район,1,1,1,1,0,0,0,0,0,0,0,0,0,0,0,11,11,11,11,11,11,11,11,11
Киржачский муниципальный район,0,0,0,0,0,0,0,0,0,0,0,0,0,0,0,0,0,0,10,10,10,10,10,10
Кирилловский муниципальный округ,0,0,0,2,2,2,2,2,2,2,6,6,6,6,6,11,11,11,11,11,11,11,11,11
Киришский муниципальный район,1,1,1,1,1,1,1,1,1,1,1,1,1,1,1,1,1,1,1,1,1,1,1,1
Кирово-Чепецкий муниципальный район,0,0,0,0,6,6,6,0,0,0,0,0,0,0,0,0,0,10,10,11,11,10,10,10
Кировский муниципальный округ,2,2,2,2,2,2,2,2,2,2,2,2,2,11,11,11,11,11,11,11,11,11,11,11
Кичменгско-Городецкий муниципальный округ,2,2,2,2,2,2,2,2,2,2,2,2,2,2,6,6,11,11,11,11,11,11,11,11
Клепиковский муниципальный район,2,2,2,2,2,2,2,2,2,2,2,2,11,11,11,11,11,11,11,11,11,11,11,11
Клетский муниципальный район,2,2,2,2,2,2,2,2,2,2,2,2,2,2,11,11,11,11,11,11,11,11,11,11
Ключевский муниципальный район,2,2,6,6,2,2,2,6,6,6,6,6,6,6,6,6,11,11,11,11,11,11,11,11
Клявлинский муниципальный район,2,2,2,2,2,2,2,2,2,2,2,2,2,11,11,11,11,11,11,11,11,11,11,11
Княгининский муниципальный округ,2,2,2,2,2,2,2,2,2,2,2,11,11,11,11,11,11,11,11,11,11,11,11,11
Княжпогостский муниципальный район,0,0,0,0,0,0,0,0,0,0,0,0,0,0,11,11,11,11,11,11,11,11,11,11
Кобяйский муниципальный район,1,1,1,1,1,1,1,1,1,1,1,1,1,1,1,1,1,1,1,1,1,1,1,1
Ковдорский муниципальный округ,1,1,1,1,1,1,1,1,1,1,1,1,1,1,1,1,1,1,1,1,1,1,1,1
Ковернинский муниципальный округ,2,2,2,2,2,2,2,6,6,6,6,6,6,6,6,11,11,11,11,11,11,11,11,11
Ковылкинский муниципальный район,2,2,2,2,2,2,2,6,6,6,6,6,6,6,6,11,11,11,11,11,11,11,11,11
Кожевниковский муниципальный район,2,2,2,2,2,6,6,6,6,6,6,6,6,6,11,11,11,11,11,11,11,11,11,11
Козельский муниципальный район,0,0,0,2,2,2,2,2,2,2,0,0,11,11,11,11,11,11,11,11,11,11,11,11
Козловский муниципальный округ,2,2,2,2,2,2,6,6,6,6,6,6,6,6,6,11,11,11,11,11,11,11,11,11
Козульский муниципальный район,2,2,2,2,2,2,2,2,2,2,2,2,2,11,11,11,11,11,11,11,11,11,11,11
Койгородский муниципальный район,0,0,0,2,2,2,2,2,2,6,6,6,6,6,6,11,11,11,11,11,11,11,11,11
Кологривский муниципальный округ,2,2,2,2,2,2,2,2,2,2,2,2,2,11,11,11,11,11,11,11,11,11,11,11
Колосовский муниципальный район,2,2,2,2,2,2,2,2,2,2,2,2,2,11,11,11,11,11,11,11,11,11,11,11
Колпашевский муниципальный район,0,0,2,2,2,2,2,2,2,0,0,0,0,1,1,11,11,11,11,11,11,11,11,11
Колпнянский муниципальный район,2,2,2,2,2,2,2,2,2,2,2,11,11,11,11,11,11,11,11,11,11,11,11,11
Колыванский муниципальный район,0,0,0,2,2,2,2,2,2,6,6,6,6,6,11,11,11,11,11,11,11,11,11,11
Колышлейский муниципальный район,2,2,2,2,2,2,2,2,2,2,2,2,11,11,11,11,11,11,11,11,11,11,11,11
Кольский муниципальный район,1,1,1,1,1,1,1,1,0,0,0,0,1,1,1,1,1,1,1,1,1,10,10,10
Кольчугинский муниципальный район,0,0,0,0,0,0,0,0,0,0,0,0,0,0,0,0,0,10,10,10,10,10,10,10
Комсомольский муниципальный округ,6,6,6,6,6,6,6,6,6,6,6,6,6,6,6,6,11,11,11,11,11,11,11,11
Кондинский муниципальный район,0,0,0,0,0,0,0,0,0,0,0,0,0,0,0,0,0,10,10,10,10,10,10,10
Кондопожский муниципальный район,0,0,0,8,8,0,0,0,0,0,0,0,0,0,0,0,0,0,0,10,10,10,10,10
Коношский муниципальный район,0,0,0,0,0,0,0,0,0,0,0,0,11,11,11,11,11,11,11,11,11,11,11,11
Константиновский муниципальный район,1,1,1,1,1,1,1,1,1,1,1,1,1,1,1,1,11,11,11,11,11,10,10,10
Кораблинский муниципальный район,2,2,2,2,2,2,2,2,2,2,2,2,11,11,11,11,11,11,11,11,11,11,11,11
Коркинский муниципальный округ,2,2,2,2,2,2,2,2,0,0,0,0,0,11,11,11,11,11,11,10,10,10,10,10
Кормиловский муниципальный район,2,2,2,2,2,6,6,6,6,6,6,6,6,6,6,11,11,11,11,11,11,11,11,11
Корткеросский муниципальный район,0,0,2,2,2,2,2,6,6,6,6,6,6,6,6,11,11,11,11,11,11,11,11,11
Косихинский муниципальный район,2,2,2,2,2,6,6,6,6,6,6,6,6,6,11,11,11,11,11,11,11,11,11,11
Костромской муниципальный район,0,0,0,0,0,0,0,0,0,0,0,0,8,8,8,8,8,8,10,10,10,10,10,10
Котельниковский муниципальный район,2,2,2,2,2,2,2,2,2,2,11,11,11,11,11,11,11,11,11,11,11,11,11,11
Котельничский муниципальный район,2,2,2,2,2,6,6,6,6,6,6,6,6,6,6,6,11,11,11,11,11,11,11,11
Котласский муниципальный округ,0,0,0,0,2,2,2,0,0,0,0,6,6,11,11,11,11,11,11,11,11,11,11,11
Котовский муниципальный район,0,0,2,2,2,2,2,2,6,6,6,6,6,6,6,6,11,11,11,11,11,11,11,11
Коченевский муниципальный район,0,0,2,2,2,2,0,0,0,0,0,0,0,11,11,11,11,11,11,11,11,11,11,11
Кочковский муниципальный район,2,2,2,2,2,2,2,2,2,2,2,2,2,11,11,11,11,11,11,11,11,11,11,11
Кочубеевский муниципальный округ,2,2,2,2,2,2,2,2,2,0,0,0,0,11,11,11,11,11,11,11,11,11,11,11
Кош-Агачский муниципальный район,6,6,6,6,6,6,6,6,6,6,7,7,7,7,7,7,7,7,7,7,7,7,1,1
Кошехабльский муниципальный район,2,2,2,2,2,2,6,6,6,6,0,0,0,0,0,11,11,11,11,11,11,11,10,10
Кошкинский муниципальный район,2,2,2,2,2,2,2,6,6,6,6,6,6,11,11,11,11,11,11,11,11,11,11,11
Крапивинский муниципальный округ,2,2,2,2,2,2,2,2,6,6,6,6,11,11,11,11,11,11,11,11,11,11,11,11
Краснобаковский муниципальный округ,2,2,2,2,2,2,2,6,6,6,6,6,6,11,11,11,11,11,11,11,11,11,11,11
Красноборский муниципальный округ,0,0,2,2,2,2,6,6,6,6,6,6,6,6,6,11,11,11,11,11,11,11,11,11
Красногвардейский муниципальный округ,2,2,2,2,2,2,2,2,2,6,6,6,6,6,6,11,11,11,11,11,11,11,11,11
Красногорский муниципальный район,2,2,2,2,2,2,6,6,6,6,6,6,6,6,6,6,11,11,11,11,11,11,11,11
Краснозерский муниципальный район,2,2,2,2,2,2,2,2,2,2,2,2,11,11,11,11,11,11,11,11,11,11,11,11
Краснозоренский муниципальный район,2,2,2,2,2,2,2,2,2,2,2,2,11,11,11,11,11,11,11,11,11,11,11,11
Краснокамский муниципальный район,6,6,6,6,6,6,6,6,6,6,6,6,6,6,6,6,11,11,11,11,11,11,11,11
Краснокутский муниципальный район,2,2,2,2,2,2,2,2,2,2,6,6,6,6,11,11,11,11,11,11,11,11,11,11
Краснооктябрьский муниципальный округ,2,2,2,2,2,2,2,2,2,2,2,2,2,2,11,11,11,11,11,11,11,11,11,11
Краснопартизанский муниципальный район,2,2,2,2,2,2,2,2,2,2,6,6,6,6,6,11,11,11,11,11,11,11,11,11
Красносельский муниципальный район,0,0,2,2,2,2,2,2,2,2,2,0,0,11,11,11,11,11,11,11,11,11,11,11
Краснослободский муниципальный район,2,2,2,2,2,2,2,2,2,2,6,6,6,6,11,11,11,11,11,11,11,11,11,11
Краснотуранский муниципальный район,2,2,2,2,2,2,2,2,2,2,2,2,2,11,11,11,11,11,11,11,11,11,11,11
Красночетайский муниципальный округ,6,6,6,6,6,6,6,6,6,6,6,6,6,6,6,6,11,11,11,11,11,11,11,11
Красночикойский муниципальный район,0,0,0,0,0,1,1,1,1,6,6,1,1,1,1,1,1,10,10,10,10,10,10,10
Краснощёковский муниципальный район,6,6,6,2,2,2,6,6,6,6,6,6,6,6,6,6,6,11,11,11,11,11,11,11
Кривошеинский муниципальный район,2,2,2,2,2,2,2,2,2,2,2,2,2,2,11,11,11,11,11,11,11,11,11,11
Кромской муниципальный район,0,0,0,0,0,0,0,0,0,0,0,0,0,0,11,11,11,11,11,11,11,11,11,11
Крутинский муниципальный район,2,2,2,2,2,2,2,2,2,2,2,2,6,6,6,11,11,11,11,11,11,11,11,11
Крутихинский муниципальный район,2,2,2,2,2,2,2,2,2,2,2,2,2,2,2,11,11,11,11,11,11,11,11,11
Кстовский муниципальный округ,8,8,8,8,8,8,8,8,8,8,8,8,8,8,8,8,8,8,8,8,8,8,8,8
Кугарчинский муниципальный район,2,2,2,6,6,6,6,6,6,6,6,6,6,6,6,6,11,11,11,11,11,11,11,11
Куженерский муниципальный район,2,2,2,2,2,6,6,6,6,6,6,6,6,6,6,11,11,11,11,11,11,11,11,11
Кузоватовский муниципальный район,2,2,2,2,2,2,2,2,2,2,2,2,6,6,11,11,11,11,11,11,11,11,11,11
Куйтунский муниципальный район,2,2,2,2,2,2,2,2,2,2,2,2,2,2,11,11,11,11,11,11,11,11,11,11
Кукморский муниципальный район,6,6,6,6,6,6,6,6,6,6,6,6,6,6,6,6,11,11,11,11,11,11,11,11
Кулундинский муниципальный район,2,2,2,6,6,2,2,0,0,0,2,2,2,11,11,11,11,11,11,11,11,11,11,11
Куменский муниципальный район,2,2,2,2,2,2,2,2,6,6,6,6,6,6,6,11,11,11,11,11,11,11,11,11
Кумылженский муниципальный район,2,2,2,2,2,2,2,2,2,2,2,2,11,11,11,11,11,11,11,11,11,11,11,11
Кунашакский муниципальный район,2,2,2,2,2,2,6,6,6,6,6,6,6,6,6,11,11,11,11,11,11,11,11,11
Купинский муниципальный район,2,2,2,2,2,2,2,2,6,6,6,6,6,11,11,11,11,11,11,11,11,11,11,11
Курагинский муниципальный район,2,2,2,2,2,2,2,2,2,2,2,2,11,11,11,11,11,11,11,11,11,11,11,11
Куркинский муниципальный район,2,2,2,2,2,2,2,2,2,2,2,2,2,11,11,11,11,11,11,11,11,11,11,11
Курманаевский муниципальный район,2,2,2,2,2,2,2,2,2,2,6,6,11,11,11,11,11,11,11,11,11,11,11,11
Курский муниципальный округ,2,2,2,2,2,2,2,7,7,7,7,7,7,7,7,7,7,7,7,7,7,7,7,7
Куртамышский муниципальный округ,2,2,2,2,2,2,2,2,2,2,2,2,2,2,2,11,11,11,11,11,11,11,11,11
Курьинский муниципальный район,6,6,6,6,6,6,6,6,6,6,6,6,6,6,6,6,11,11,11,11,11,11,11,11
Кусинский муниципальный район,2,2,2,2,2,6,6,6,6,6,6,6,6,6,6,11,11,11,11,11,11,11,11,11
Кушнаренковский муниципальный район,6,6,6,6,6,6,6,6,6,6,6,6,6,6,6,11,11,11,11,11,11,11,11,11
Кызылский муниципальный район,6,6,6,6,6,6,1,1,1,1,7,7,7,7,1,1,1,1,1,1,1,1,1,1
Кыринский муниципальный район,1,1,1,1,1,1,1,1,1,1,1,1,10,10,10,10,10,10,10,10,10,10,10,10
Кытмановский муниципальный район,2,2,2,2,2,2,2,2,2,2,2,2,6,6,6,11,11,11,11,11,11,11,11,11
Кыштовский муниципальный район,2,2,2,2,2,2,2,2,2,2,2,2,2,2,11,11,11,11,11,11,11,11,11,11
Лаганский муниципальный район,2,2,2,2,2,2,2,2,2,2,2,2,2,2,11,11,11,11,11,11,11,11,11,11
Лазовский муниципальный округ,1,1,1,1,1,1,1,1,1,1,1,1,10,10,10,10,10,10,11,11,11,11,11,11
Лаишевский муниципальный район,0,0,0,0,8,8,8,8,8,8,8,8,8,8,8,8,8,8,8,8,8,8,8,8
Лахденпохский муниципальный район,0,0,0,0,0,0,0,0,0,0,0,0,0,0,0,0,0,0,0,0,0,11,11,11
Лебедянский муниципальный район,0,0,0,0,2,2,0,0,0,0,0,0,0,11,11,11,11,11,11,11,11,11,11,11
Лебяжьевский муниципальный округ,2,2,2,2,2,2,2,2,2,2,2,2,2,11,11,11,11,11,11,11,11,11,11,11
Лев-Толстовский муниципальный район,2,2,2,2,2,2,2,2,2,2,2,11,11,11,11,11,11,11,11,11,11,11,11,11
Левокумский муниципальный округ,2,2,2,2,2,2,2,2,2,2,11,11,11,11,11,11,11,11,11,11,11,11,11,11
Лежневский муниципальный район,2,2,2,2,2,2,2,2,2,2,2,6,6,6,6,11,11,11,11,11,11,11,11,11
Лениногорский муниципальный район,0,0,0,0,8,8,8,8,8,8,8,8,8,8,8,8,8,8,8,8,10,10,10,10
Лиманский муниципальный район,2,2,2,2,2,2,2,2,2,2,2,2,2,11,11,11,11,11,11,11,11,11,11,11
Ловозерский муниципальный район,0,0,0,0,0,0,0,0,0,0,0,0,0,0,0,0,0,0,0,0,11,11,11,11
Лодейнопольский муниципальный район,0,0,0,0,0,0,0,0,0,0,0,0,0,0,0,0,0,10,10,10,10,10,10,10
Локтевский муниципальный район,2,2,2,2,2,6,6,6,6,6,6,6,6,6,11,11,11,11,11,11,11,11,11,11
Ломоносовский муниципальный район,9,9,9,9,9,9,9,9,9,9,9,9,9,9,9,9,9,9,9,9,9,9,9,9
Лопатинский муниципальный район,2,2,2,2,2,2,2,2,2,2,2,2,2,2,2,11,11,11,11,11,11,11,11,11
Лоухский муниципальный район,0,0,0,0,0,0,0,0,0,0,0,0,0,0,0,0,0,0,0,0,11,11,11,11
Лужский муниципальный район,8,8,8,8,8,8,8,8,8,8,8,8,8,8,8,8,8,8,8,9,9,9,9,9
Лукояновский муниципальный округ,2,2,2,2,2,2,2,2,2,2,2,2,2,2,11,11,11,11,11,11,11,11,11,11
Лунинский муниципальный район,2,2,2,2,2,2,2,2,2,2,2,2,2,2,11,11,11,11,11,11,11,11,11,11
Лухский муниципальный район,2,2,2,2,2,2,2,2,2,2,2,2,2,2,11,11,11,11,11,11,11,11,11,11
Лысковский муниципальный округ,0,0,2,2,2,2,2,0,0,0,0,0,0,11,11,11,11,11,11,11,11,11,11,11
Лысогорский муниципальный район,2,2,2,2,2,2,2,2,2,2,2,2,2,11,11,11,11,11,11,11,11,11,11,11
Любимский муниципальный район,2,2,2,2,2,2,2,2,2,2,6,6,6,6,6,6,6,11,11,11,11,11,11,11
Любинский муниципальный район,6,6,6,6,6,6,6,6,6,6,6,6,6,6,11,11,11,11,11,11,11,11,11,11
Любытинский муниципальный район,2,2,2,2,2,2,2,2,2,2,2,11,11,11,11,11,11,11,11,11,11,11,11,11
Людиновский муниципальный район,0,0,0,0,0,0,0,0,0,0,0,0,11,11,11,11,11,11,11,10,10,10,10,10
Лямбирский муниципальный район,2,2,6,6,6,6,6,6,6,6,6,0,0,0,0,0,0,10,10,10,10,10,10,10
Магдагачинский муниципальный район,1,1,1,1,1,1,1,1,1,1,1,1,1,0,0,0,0,10,10,10,10,10,10,10
Мазановский муниципальный район,1,1,1,1,1,1,1,1,1,1,1,1,1,1,1,1,1,1,10,10,10,10,10,10
Майкопский муниципальный район,2,2,2,2,2,6,6,0,0,0,0,0,0,0,0,0,0,0,7,7,7,10,10,10
Майминский муниципальный район,0,0,0,0,8,8,8,8,8,8,8,8,8,8,8,8,8,8,8,8,8,8,8,8
Майнский муниципальный район,2,2,2,2,2,2,2,2,2,2,2,2,2,2,11,11,11,11,11,11,11,11,11,11
Майский муниципальный район,2,2,2,2,2,2,2,2,2,2,2,2,2,2,11,11,7,7,7,7,11,11,11,11
Макарьевский муниципальный район,2,2,2,2,2,2,2,2,2,2,2,2,2,2,2,11,11,11,11,11,11,11,11,11
Малмыжский муниципальный район,2,2,2,2,2,2,2,6,6,6,6,6,6,6,6,11,11,11,11,11,11,11,11,11
Малоархангельский муниципальный район,2,2,2,2,2,2,2,2,2,2,2,2,11,11,11,11,11,11,11,11,11,11,11,11
Маловишерский муниципальный район,0,0,0,2,2,2,2,2,2,2,2,11,11,11,11,11,11,11,11,11,11,11,11,11
Малодербетовский муниципальный район,7,7,7,2,2,2,2,7,7,7,2,2,2,2,2,2,7,7,7,7,11,11,11,11
Малосердобинский муниципальный район,2,2,2,2,2,2,2,2,2,2,2,2,2,11,11,11,11,11,11,11,11,11,11,11
Малоярославецкий муниципальный район,0,0,0,0,0,0,0,0,0,0,0,0,0,0,0,0,0,10,10,10,10,10,10,10
Мамадышский муниципальный район,6,6,6,6,6,6,6,6,6,6,6,6,6,6,6,6,11,11,11,11,11,11,11,11
Мамонтовский муниципальный район,2,2,2,6,6,6,6,6,6,6,6,6,6,6,6,6,11,11,11,11,11,11,11,11
Манский муниципальный район,2,2,2,2,2,2,2,2,2,2,2,2,2,11,11,11,11,11,11,11,11,11,11,11
Мантуровский муниципальный округ,2,2,2,2,2,2,2,2,2,2,2,11,11,11,11,11,11,11,11,11,11,11,11,11
Мари-Турекский муниципальный район,6,6,6,2,2,2,6,6,6,6,6,6,6,6,6,11,11,11,11,11,11,11,11,11
Мариинский муниципальный округ,2,2,2,2,2,2,2,0,0,0,0,0,11,11,11,11,11,10,10,10,10,10,10,10
Мариинско-Посадский муниципальный округ,6,6,6,6,6,6,6,6,6,6,6,6,6,6,6,11,11,11,11,11,11,11,11,11
Марксовский муниципальный район,2,2,2,2,2,2,2,6,6,6,6,6,6,6,6,6,11,11,11,11,11,11,11,11
Марьяновский муниципальный район,2,2,2,2,2,2,6,6,6,6,6,6,6,6,6,11,11,11,11,11,11,11,11,11
Маслянинский муниципальный район,2,2,2,2,2,2,2,2,6,6,6,6,6,11,11,11,11,11,11,11,11,11,11,11
Матвеевский муниципальный район,2,2,2,2,2,2,2,2,2,6,6,6,6,6,6,11,11,11,11,11,11,11,11,11
Мегино-Кангаласский муниципальный район,1,1,1,1,1,1,1,1,1,1,1,1,1,1,1,1,1,1,1,1,1,1,1,1
Медведевский муниципальный район,0,0,0,8,8,8,8,8,8,8,8,8,8,8,8,8,8,8,8,8,8,8,8,8
Медвежьегорский муниципальный район,0,0,0,0,0,0,0,0,0,0,0,0,11,11,11,11,11,11,11,11,11,11,11,11
Медынский муниципальный район,2,2,2,2,2,2,2,2,2,2,2,2,11,11,11,11,11,11,11,11,11,11,11,11
Междуреченский муниципальный округ,2,2,2,2,2,2,2,2,2,2,2,2,2,2,11,11,11,11,11,11,11,11,11,11
Межевской муниципальный округ,2,2,2,2,2,2,2,2,2,2,2,2,2,11,11,11,11,11,11,11,11,11,11,11
Мезенский муниципальный округ,1,1,1,1,1,1,1,1,1,1,1,1,1,1,1,11,11,11,11,11,11,11,11,11
Меленковский муниципальный район,2,2,2,2,2,2,2,2,6,6,6,6,6,6,11,11,11,11,11,11,11,11,11,11
Мелеузовский муниципальный район,0,0,0,8,8,8,8,8,8,8,8,8,8,8,8,8,8,8,8,8,8,10,10,10
Менделеевский муниципальный район,0,0,0,0,0,0,6,6,6,6,6,6,6,6,11,11,11,11,11,11,11,11,11,11
Мензелинский муниципальный район,0,0,6,6,6,6,6,6,6,6,6,6,6,6,6,11,11,11,11,11,11,11,11,11
Мечетлинский муниципальный район,6,6,6,6,6,6,6,6,6,6,6,6,6,6,6,6,11,11,11,11,11,11,11,11
Мещовский муниципальный район,2,2,2,2,2,2,2,2,2,2,2,2,2,11,11,11,11,11,11,11,11,11,11,11
Милославский муниципальный район,2,2,2,2,2,2,2,2,2,2,2,2,2,11,11,11,11,11,11,11,11,11,11,11
Мильковский муниципальный округ,1,1,1,1,1,1,1,1,1,1,1,1,1,1,1,1,1,1,1,1,1,1,1,1
Минераловодский муниципальный округ,0,0,0,0,0,0,0,0,8,8,8,8,8,8,8,8,8,8,8,8,8,8,8,8
Мирнинский муниципальный район,1,1,1,1,1,1,1,1,1,1,1,1,1,1,1,1,1,1,1,1,1,1,1,1
Мишкинский муниципальный округ,2,2,2,2,2,2,2,2,2,2,2,2,2,2,11,11,11,11,11,11,11,11,11,11
Мишкинский муниципальный район,6,6,6,6,6,6,6,6,6,6,6,6,6,6,6,11,11,11,11,11,11,11,11,11
Миякинский муниципальный район,6,6,6,6,6,6,6,6,6,6,6,6,6,6,6,11,11,11,11,11,11,11,11,11
Могойтуйский муниципальный район,6,6,0,0,0,1,1,1,1,1,1,1,1,1,1,1,1,1,1,1,1,1,1,1
Могочинский муниципальный округ,1,1,1,1,1,1,1,1,1,1,1,1,1,1,0,0,0,0,10,10,10,10,10,10
Моздокский муниципальный район,0,0,0,0,0,0,0,0,0,0,0,0,0,0,0,0,0,10,10,10,10,10,10,10
Мокроусовский муниципальный округ,2,2,2,2,2,2,2,2,2,2,2,2,2,11,11,11,11,11,11,11,11,11,11,11
Мокшанский муниципальный район,2,2,2,2,2,2,2,6,6,6,6,6,6,6,11,11,11,11,11,11,11,11,11,11
Молчановский муниципальный район,2,2,2,2,2,2,2,2,2,2,2,2,11,11,11,11,11,11,11,11,11,11,11,11
Монастырщинский муниципальный район,6,6,6,6,6,6,6,6,6,6,6,6,6,6,11,11,11,11,11,11,11,11,11,11
Моргаушский муниципальный округ,6,6,6,6,6,6,6,6,6,6,6,6,6,6,6,6,11,11,11,11,11,11,11,11
Мордовский муниципальный округ,2,2,2,2,2,2,2,2,2,2,2,2,2,11,11,11,11,11,11,11,11,11,11,11
Моркинский муниципальный район,6,6,6,6,6,6,6,6,6,6,6,6,6,6,11,11,11,11,11,11,11,11,11,11
Мосальский муниципальный район,2,2,2,2,2,2,2,2,2,2,2,2,2,11,11,11,11,11,11,11,11,11,11,11
Москаленский муниципальный район,2,2,2,2,2,2,6,6,6,6,6,6,6,6,6,6,6,11,11,11,11,11,11,11
Мотыгинский муниципальный район,1,1,1,1,1,1,1,1,1,1,1,1,0,0,0,0,0,0,0,0,11,11,11,11
Мошковский муниципальный район,0,0,0,2,2,0,0,0,0,0,0,0,0,0,0,0,10,10,10,10,10,10,10,10
Муезерский муниципальный район,2,2,2,0,0,0,0,0,0,0,0,0,11,11,11,11,0,0,0,0,11,11,11,11
Муромцевский муниципальный район,2,2,2,2,2,2,2,6,6,6,6,6,6,6,6,6,6,11,11,11,11,11,11,11
Муслюмовский муниципальный район,6,6,6,6,6,6,6,6,6,6,6,6,6,6,6,6,11,11,11,11,11,11,11,11
Мучкапский муниципальный округ,2,2,2,2,2,2,2,2,2,2,2,2,2,11,11,11,11,11,11,11,11,11,11,11
Мышкинский муниципальный район,0,0,2,2,2,2,2,2,2,2,2,2,11,11,11,11,11,11,11,11,11,11,11,11
Нагайбакский муниципальный район,2,2,2,2,2,2,2,6,6,6,6,6,6,6,6,11,11,11,11,11,11,11,11,11
Нагорский муниципальный район,1,1,1,1,1,1,1,1,1,1,6,6,6,6,6,6,11,11,11,11,11,11,11,11
Надеждинский муниципальный район,1,1,1,1,1,1,1,1,1,1,1,1,1,1,1,1,1,8,8,1,1,1,1,1
Называевский муниципальный район,2,2,2,2,2,2,2,2,2,2,2,2,2,11,11,11,11,11,11,11,11,11,11,11
Намский муниципальный район,1,1,1,1,1,1,1,1,1,1,1,1,1,1,1,1,1,1,1,1,1,1,1,1
Нанайский муниципальный район,1,1,1,1,1,1,1,1,1,1,1,1,1,1,1,1,1,10,10,10,10,10,11,11
Наримановский муниципальный район,0,0,0,0,0,0,0,0,8,8,8,8,8,8,8,8,8,8,8,8,10,10,10,10
Наровчатский муниципальный район,2,2,2,2,2,2,2,2,2,2,2,2,2,11,11,11,11,11,11,11,11,11,11,11
Неверкинский муниципальный район,2,2,2,2,2,2,2,2,2,2,2,2,2,2,2,11,11,11,11,11,11,11,11,11
Нейский муниципальный округ,2,2,2,2,2,2,2,2,2,2,2,2,2,11,11,11,11,11,11,11,11,11,11,11
Некоузский муниципальный район,2,2,2,2,2,2,2,2,2,2,2,6,6,11,11,11,11,11,11,11,11,11,11,11
Некрасовский муниципальный район,2,2,2,2,2,2,2,2,2,2,2,2,6,6,6,11,11,11,11,11,11,11,11,11
Немецкий национальный муниципальный район,2,2,2,2,2,2,2,2,2,2,2,2,11,11,11,11,11,11,11,11,11,11,11,11
Нерчинский муниципальный район,0,0,0,1,1,1,1,1,1,1,1,1,1,1,1,1,10,10,10,10,10,10,10,10
Нерюнгринский муниципальный район,1,1,1,1,1,1,1,1,1,1,1,1,1,1,1,1,1,1,1,1,1,1,1,1
Нефтегорский муниципальный район,2,2,2,2,2,2,2,2,2,0,0,11,11,11,11,11,11,11,11,11,11,11,11,11
Нефтекумский муниципальный округ,2,2,2,2,2,2,2,2,0,0,0,0,0,11,11,11,11,11,11,11,11,11,11,11
Нефтеюганский муниципальный район,0,0,0,0,1,1,1,1,1,0,0,0,1,1,1,1,1,1,1,10,10,10,10,10
Нехаевский муниципальный район,2,2,2,2,2,2,2,2,2,2,2,2,2,2,11,11,11,11,11,11,11,11,11,11
Нижневартовский муниципальный район,0,0,0,0,0,1,1,1,0,0,0,0,0,0,0,0,0,0,1,1,1,1,10,10
Нижнеилимский муниципальный район,0,0,0,0,0,0,0,0,0,0,0,0,0,0,11,11,0,0,0,0,11,11,11,11
Нижнеингашский муниципальный район,2,2,2,2,2,2,2,2,2,2,2,2,2,11,11,11,11,11,11,11,11,11,11,11
Нижнекамский муниципальный район,8,8,8,8,8,8,8,8,8,8,8,8,8,8,8,8,8,8,8,8,8,8,8,8
Нижнеколымский муниципальный район,1,1,1,1,1,1,1,1,1,1,1,1,1,1,1,1,1,1,1,1,1,1,1,1
Нижнеломовский муниципальный район,2,2,2,2,2,2,2,2,2,2,2,2,2,11,11,11,11,11,11,11,11,11,11,11
Нижнеомский муниципальный район,2,2,2,2,2,2,2,2,2,2,2,2,2,2,11,11,11,11,11,11,11,11,11,11
Нижнесергинский муниципальный район,0,0,0,0,0,0,2,2,2,6,6,6,6,11,11,11,11,11,11,11,11,11,11,11
Нижнетавдинский муниципальный район,0,0,0,2,2,2,2,2,6,6,6,6,11,11,11,11,11,11,11,11,11,11,11,11
Нижнеудинский муниципальный район,2,2,2,2,2,2,2,2,0,0,0,0,0,0,11,11,11,11,11,11,11,10,10,10
Никифоровский муниципальный округ,2,2,2,2,2,2,2,2,2,2,6,6,6,6,11,11,11,11,11,11,11,11,11,11
Никольский муниципальный округ,2,2,2,2,2,2,2,2,2,2,2,2,2,11,11,11,11,11,11,11,11,11,11,11
Никольский муниципальный район,2,2,2,2,2,2,2,2,2,2,6,6,6,6,11,11,11,11,11,11,11,11,11,11
Новгородский муниципальный район,8,8,8,8,8,8,8,8,8,8,8,8,8,8,8,8,8,8,8,8,8,8,8,8
Новичихинский муниципальный район,2,2,2,2,2,2,2,2,6,6,6,6,6,6,6,11,11,11,11,11,11,11,11,11
Новоалександровский муниципальный округ,2,2,2,2,2,2,2,2,2,2,2,2,11,11,11,11,11,11,11,11,11,11,11,11
Новоаннинский муниципальный район,2,2,2,2,2,2,2,2,2,2,2,2,11,11,11,11,11,11,11,11,11,11,11,11
Новобурасский муниципальный район,2,2,2,2,2,2,2,2,2,2,6,6,6,6,6,11,11,11,11,11,11,11,11,11
Нововаршавский муниципальный район,2,2,2,2,2,2,6,6,6,6,6,6,6,6,6,6,11,11,11,11,11,11,11,11
Новодеревеньковский муниципальный район,2,2,2,2,2,2,2,2,2,2,2,11,11,11,11,11,11,11,11,11,11,11,11,11
Новодугинский муниципальный район,2,2,2,2,2,2,2,2,2,2,2,2,2,11,11,11,11,11,11,11,11,11,11,11
Новониколаевский муниципальный район,2,2,2,2,2,2,2,2,2,2,2,2,2,11,11,11,11,11,11,11,11,11,11,11
Новоорский муниципальный район,2,2,2,2,2,2,2,2,2,2,2,2,6,6,11,11,11,11,11,11,11,11,11,11
Новоселицкий муниципальный округ,2,2,2,2,2,2,2,2,2,2,2,11,11,11,11,11,11,11,11,11,11,11,11,11
Новоселовский муниципальный район,2,2,2,2,2,2,2,2,2,2,2,2,2,2,11,11,11,11,11,11,11,11,11,11
Новосергиевский муниципальный район,2,2,2,2,6,6,6,6,6,6,6,6,6,6,6,11,11,11,11,11,11,11,11,11
Новосибирский муниципальный район,8,8,8,8,8,8,8,8,9,9,9,8,8,8,8,8,8,8,8,8,8,8,8,8
Новосильский муниципальный район,2,2,2,2,2,2,2,2,2,2,2,6,6,11,11,11,11,11,11,11,11,11,11,11
Новосокольнический муниципальный район,2,2,2,2,2,2,2,2,2,2,2,2,2,6,6,6,11,11,11,11,11,11,11,11
Новоспасский муниципальный район,2,2,2,2,2,2,2,2,2,2,6,6,6,11,11,11,11,11,11,11,11,11,11,11
Новоторъяльский муниципальный район,2,2,2,2,2,2,2,2,2,6,6,6,6,6,6,11,11,11,11,11,11,11,11,11
Новоузенский муниципальный район,6,6,6,7,7,7,7,7,7,7,7,7,7,7,7,11,11,7,7,7,7,7,7,7
Новошешминский муниципальный район,2,2,6,6,6,6,6,6,6,6,6,6,6,6,6,11,11,11,11,11,11,11,11,11
Нолинский муниципальный район,2,2,2,2,6,6,6,6,6,6,6,6,6,6,6,11,11,11,11,11,11,11,11,11
Нукутский муниципальный район,2,2,2,2,2,2,2,2,2,2,2,2,2,11,11,11,11,11,11,11,11,11,11,11
Нуримановский муниципальный район,2,2,2,2,2,2,2,6,6,6,6,6,6,6,6,11,11,11,11,11,11,11,11,11
Нурлатский муниципальный район,6,6,6,6,6,6,6,6,6,6,6,6,6,6,6,11,11,11,11,11,11,11,11,11
Нюксенский муниципальный округ,2,2,2,2,2,2,2,2,2,2,2,2,2,11,11,11,11,11,11,11,11,11,11,11
Нюрбинский муниципальный район,1,1,1,1,1,1,1,1,1,1,1,1,1,1,1,1,1,1,1,1,1,1,1,1
Нязепетровский муниципальный район,2,2,2,2,2,2,6,6,6,6,6,6,6,6,6,11,11,11,11,11,11,11,11,11
Няндомский муниципальный округ,0,0,0,0,0,0,0,0,0,0,0,0,0,11,11,0,0,0,11,11,11,11,11,11
Облученский муниципальный район,1,1,1,1,1,1,1,1,1,1,1,1,1,1,1,1,1,1,1,1,1,1,1,1
Одесский муниципальный район,2,2,2,2,2,2,6,6,6,6,6,6,6,6,6,11,11,11,11,11,11,11,11,11
Одоевский муниципальный район,2,2,2,2,2,2,2,2,2,2,2,11,11,11,11,11,11,11,11,11,11,11,11,11
Озинский муниципальный район,2,2,2,2,2,2,2,2,2,2,2,2,11,11,11,11,11,11,11,11,11,11,11,11
Оймяконский муниципальный район,1,1,1,1,1,1,1,1,1,1,1,1,1,1,1,1,1,1,1,1,1,1,1,1
Оконешниковский муниципальный район,2,2,2,2,2,2,2,2,2,6,6,6,6,6,6,11,11,11,11,11,11,11,11,11
Октябрьский муниципальный округ,1,1,1,1,1,1,1,1,1,1,1,1,1,1,1,1,1,1,1,11,11,10,10,10
Окуловский муниципальный район,2,2,2,2,2,2,2,2,2,2,2,2,11,11,11,11,11,11,11,11,11,11,11,11
Олекминский муниципальный район,1,1,1,1,1,1,1,1,1,1,1,1,1,1,1,1,1,1,1,1,1,1,1,1
Оленекский эвенкийский национальный муниципальный район,1,1,1,1,1,1,1,1,1,1,1,1,1,1,1,1,1,1,1,1,1,1,1,1
Оловяннинский муниципальный район,2,2,2,2,2,0,0,0,0,0,0,0,0,1,1,1,1,10,10,10,11,11,11,11
Олонецкий муниципальный район,0,0,0,0,0,0,0,0,0,0,0,0,0,11,11,11,11,11,11,11,11,11,11,11
Ольгинский муниципальный округ,1,1,1,1,1,1,1,1,1,1,1,1,1,1,1,1,10,10,10,10,10,10,10,10
Ольховский муниципальный район,2,2,2,2,2,2,2,2,2,2,2,11,11,11,11,11,11,11,11,11,11,11,11,11
Ольхонский муниципальный район,2,2,2,2,2,2,0,0,0,7,7,7,7,7,7,7,7,7,7,7,7,11,11,11
Олюторский муниципальный район,1,1,1,1,1,1,1,1,1,1,1,1,1,1,1,1,1,1,1,1,1,1,1,1
Омский муниципальный район,0,0,0,0,0,8,8,8,8,8,8,8,8,8,8,8,8,8,8,10,10,10,10,10
Омутинский муниципальный район,2,2,2,2,2,2,2,2,2,2,2,2,2,2,11,11,11,11,11,11,11,11,11,11
Омутнинский муниципальный район,0,0,0,0,0,0,0,0,6,6,6,6,0,0,0,11,11,11,11,11,11,11,11,11
Онгудайский муниципальный район,6,6,6,6,6,6,6,6,6,6,7,7,7,7,7,7,7,7,7,7,7,7,7,7
Онежский муниципальный район,0,0,0,0,0,0,0,0,0,0,0,0,0,11,11,11,11,11,11,11,11,11,11,11
Ононский муниципальный округ,2,2,2,1,1,1,1,1,1,1,6,6,6,1,1,1,10,10,10,10,10,10,10,10
Орджоникидзевский муниципальный район,2,2,2,2,2,2,2,2,2,2,2,2,2,11,11,11,11,11,11,11,11,11,11,11
Ордынский муниципальный район,2,2,2,2,2,2,2,0,0,0,0,6,6,6,11,11,11,11,11,11,11,11,11,11
Оричевский муниципальный район,2,2,2,2,2,2,6,6,6,6,6,6,6,6,6,11,11,11,11,11,11,11,11,11
Орловский муниципальный район,2,2,2,2,2,2,2,2,2,2,2,2,6,6,11,11,11,11,11,11,11,11,11,11
Оршанский муниципальный район,2,2,2,2,2,6,6,6,6,6,6,6,6,6,6,6,11,11,11,11,11,11,11,11
Осинский муниципальный район,0,0,0,6,6,6,6,6,6,6,6,6,6,6,6,6,6,11,11,11,11,11,11,11
Островский муниципальный округ,2,2,2,2,2,2,2,2,2,2,2,2,2,2,11,11,11,11,11,11,11,11,11,11
Островский муниципальный район,0,0,0,0,0,0,0,0,0,0,0,0,0,0,0,0,11,11,11,10,10,10,10,10
Охотский муниципальный округ,1,1,1,1,1,1,1,1,1,1,1,1,1,1,1,1,1,1,1,1,1,1,1,1
Павинский муниципальный округ,2,2,2,2,2,2,2,2,2,2,2,2,2,11,11,11,11,11,11,11,11,11,11,11
Павловский муниципальный округ,0,0,0,0,0,0,0,0,0,0,0,0,0,0,0,0,0,10,10,10,10,10,10,10
Павлоградский муниципальный район,2,2,2,2,2,2,2,6,6,6,6,6,6,6,6,11,11,11,11,11,11,11,11,11
Палехский муниципальный район,2,2,2,2,2,2,2,2,2,2,2,6,6,11,11,11,11,11,11,11,11,11,11,11
Палласовский муниципальный район,2,2,2,2,2,2,2,2,2,2,6,6,11,11,11,11,11,11,11,11,11,11,11,11
Панкрушихинский муниципальный район,2,2,2,2,2,2,2,6,6,6,2,2,6,6,11,11,11,11,11,11,11,11,11,11
Парабельский муниципальный район,0,0,2,2,2,2,2,2,2,0,0,11,11,11,11,11,11,11,11,11,11,11,11,11
Параньгинский муниципальный район,6,6,6,2,2,6,6,6,6,6,6,6,6,6,6,11,11,11,11,11,11,11,11,11
Партизанский муниципальный округ,1,1,1,1,1,1,1,1,1,1,1,1,1,1,1,1,10,10,10,10,10,10,10,10
Партизанский муниципальный район,2,2,2,2,2,2,2,2,2,2,2,2,2,11,11,11,11,11,11,11,11,11,11,11
Парфеньевский муниципальный округ,2,2,2,2,2,2,2,2,2,2,2,2,2,11,11,11,11,11,11,11,11,11,11,11
Парфинский муниципальный район,2,2,2,2,2,2,2,2,6,6,6,6,6,6,6,11,11,11,11,11,11,11,11,11
Пачелмский муниципальный район,2,2,2,2,2,2,2,2,2,2,2,2,2,11,11,11,11,11,11,11,11,11,11,11
Пензенский муниципальный район,0,0,8,8,8,8,8,8,8,8,8,8,8,8,8,8,8,8,8,8,8,8,8,8
Первомайский муниципальный округ,2,2,2,2,2,2,2,2,2,2,2,2,11,11,11,11,11,11,11,11,11,11,11,11
Переволоцкий муниципальный район,6,6,6,6,6,6,6,6,6,6,6,6,6,6,6,6,11,11,11,11,11,11,11,11
Перелюбский муниципальный район,2,2,2,2,2,2,2,2,2,2,2,2,2,2,11,11,11,11,11,11,11,11,11,11
Пестравский муниципальный район,2,2,2,2,2,2,2,2,2,2,2,2,11,11,11,11,11,11,11,11,11,11,11,11
Пестречинский муниципальный район,0,0,0,0,0,0,8,8,8,8,8,8,8,8,8,8,8,10,10,10,10,10,10,10
Пестяковский муниципальный район,2,2,2,2,2,2,2,2,2,2,2,2,2,2,2,11,11,11,11,11,11,11,11,11
Петровск-Забайкальский муниципальный район,6,6,6,6,6,6,6,6,6,0,0,2,2,11,11,11,11,11,11,11,11,10,10,10
Петровский муниципальный район,2,2,2,2,2,2,2,6,6,6,6,6,6,6,6,11,11,11,11,11,11,11,11,11
Петропавловский муниципальный район,2,2,2,2,2,2,2,2,2,2,2,2,2,2,2,2,11,11,11,11,11,11,11,11
Петуховский муниципальный округ,2,2,2,2,2,2,2,2,2,2,2,2,2,2,11,11,11,11,11,11,11,11,11,11
Петушинский муниципальный район,0,0,0,0,0,0,0,0,0,0,0,0,0,0,0,0,0,0,10,10,10,10,10,10
Печенгский муниципальный округ,1,1,1,1,1,1,1,1,1,1,1,1,1,1,1,1,1,1,1,1,1,1,1,1
Пий-Хемский муниципальный район,6,6,6,6,6,6,6,6,6,6,6,6,6,6,6,6,6,11,11,10,10,10,10,10
Пильнинский муниципальный округ,2,2,2,2,2,2,2,2,2,2,2,2,2,11,11,11,11,11,11,11,11,11,11,11
Пировский муниципальный округ,2,2,2,2,2,2,2,2,2,2,2,2,2,11,11,11,11,11,11,11,11,11,11,11
Пителинский муниципальный район,2,2,2,2,2,2,2,2,2,2,2,2,2,2,2,11,11,11,11,11,11,11,11,11
Питерский муниципальный район,2,2,2,2,2,2,2,2,2,2,2,2,2,11,11,11,11,11,11,11,11,11,11,11
Питкярантский муниципальный округ,0,0,0,0,0,0,0,0,0,0,0,0,0,11,11,0,0,0,11,11,11,11,11,11
Пичаевский муниципальный округ,2,2,2,2,2,2,2,2,2,2,2,2,2,2,2,11,11,11,11,11,11,11,11,11
Плавский муниципальный район,0,0,2,2,2,2,2,2,2,2,2,0,0,11,11,11,11,11,11,11,11,11,11,11
Пластовский муниципальный район,0,0,0,0,0,2,2,0,0,0,6,6,11,11,11,11,11,11,11,11,11,11,11,11
Плесецкий муниципальный округ,0,0,0,0,0,0,0,0,0,0,0,0,0,0,0,0,0,0,11,11,11,11,11,11
Плюсский муниципальный район,2,2,2,2,2,2,2,2,2,2,2,2,11,11,11,11,11,11,11,11,11,11,11,11
Пограничный муниципальный округ,1,1,1,0,0,1,1,1,1,1,1,1,1,1,8,8,10,10,10,10,10,10,10,10
Поддорский муниципальный район,2,2,2,2,2,2,2,2,2,2,2,2,2,2,11,11,11,11,11,11,11,11,11,11
Подосиновский муниципальный район,2,2,2,2,2,2,2,6,6,6,6,6,6,6,6,6,11,11,11,11,11,11,11,11
Подпорожский муниципальный район,0,0,0,0,0,0,0,0,0,0,0,0,0,0,0,0,0,0,0,10,10,10,10,10
Пожарский муниципальный округ,1,1,1,1,1,1,1,1,1,1,1,1,1,1,1,1,1,10,10,10,10,10,10,10
Покровский муниципальный район,2,2,2,2,2,2,2,2,2,2,6,6,6,6,6,11,11,11,11,11,11,11,11,11
Половинский муниципальный округ,2,2,2,2,2,2,2,2,2,2,2,2,2,2,11,11,11,11,11,11,11,11,11,11
Полтавский муниципальный район,6,6,6,6,6,6,6,6,6,6,6,6,6,6,6,6,11,11,11,11,11,11,11,11
Поназыревский муниципальный округ,2,2,2,2,2,2,6,6,6,6,6,6,6,6,6,11,11,11,11,11,11,11,11,11
Пономарёвский муниципальный район,2,2,2,2,2,2,2,2,2,2,2,2,11,11,11,11,11,11,11,11,11,11,11,11
Порецкий муниципальный округ,2,2,2,2,2,2,2,2,2,6,6,6,6,6,6,11,11,11,11,11,11,11,11,11
Порховский муниципальный район,2,2,2,2,2,2,2,2,6,6,6,6,6,6,11,11,11,11,11,11,11,11,11,11
Поспелихинский муниципальный район,2,2,2,2,2,2,2,2,6,6,6,6,6,6,6,6,11,11,11,11,11,11,11,11
Похвистневский муниципальный район,2,2,2,2,2,2,2,2,2,2,2,2,11,11,11,11,11,11,11,11,11,11,11,11
Починковский муниципальный округ,2,2,2,2,2,2,2,2,2,6,6,6,6,6,11,11,11,11,11,11,11,11,11,11
Починковский муниципальный район,2,2,2,2,2,2,2,2,2,2,2,11,11,11,11,11,11,11,11,11,11,11,11,11
Пошехонский муниципальный район,2,2,2,2,2,2,2,2,2,2,2,2,6,6,6,11,11,11,11,11,11,11,11,11
Правобережный муниципальный район,7,7,7,7,7,7,7,7,7,7,7,7,7,7,7,7,7,7,7,7,7,7,7,7
Предгорный муниципальный округ,0,0,0,0,0,0,0,0,0,0,0,0,0,8,8,8,8,8,10,10,10,10,10,10
Приаргунский муниципальный округ,2,2,1,1,1,1,1,1,1,1,1,1,1,1,1,1,1,10,10,10,10,10,10,10
Прилузский муниципальный район,0,0,0,2,2,2,2,6,6,6,6,6,6,6,6,11,11,11,11,11,11,11,11,11
Приморский муниципальный округ,8,8,8,8,1,1,1,1,1,8,8,8,1,1,1,8,8,1,1,1,1,8,8,8
Приозерский муниципальный район,0,0,0,0,0,0,0,0,0,0,0,0,0,0,0,0,10,10,10,10,10,10,10,10
Прионежский муниципальный район,8,8,8,1,1,1,1,1,8,8,9,9,9,9,9,9,9,9,10,10,10,10,10,10
Притобольный муниципальный округ,2,2,2,2,2,2,2,2,2,2,2,2,6,6,11,11,11,11,11,11,11,11,11,11
Прокопьевский муниципальный округ,0,0,0,0,0,0,0,0,0,0,0,0,0,0,0,0,0,0,10,10,10,10,10,10
Промышленновский муниципальный округ,2,2,2,2,2,2,0,0,0,0,6,6,6,11,11,11,11,11,10,10,10,10,10,10
Пронский муниципальный район,2,2,2,2,2,2,2,2,2,2,2,11,11,11,11,11,11,11,11,11,11,11,11,11
Пряжинский муниципальный район,0,0,0,0,0,0,0,2,2,2,2,11,11,11,11,11,11,11,11,11,11,11,11,11
Псковский муниципальный район,9,9,8,8,9,9,9,9,9,9,9,9,9,8,8,8,8,8,9,9,9,9,9,9
Пугачевский муниципальный район,2,2,2,2,2,2,2,2,2,2,2,2,11,11,11,11,11,11,11,11,11,11,11,11
Пудожский муниципальный район,0,0,0,0,2,2,0,0,0,0,0,0,0,11,11,11,11,11,11,11,11,11,11,11
Пустошкинский муниципальный район,2,2,2,2,2,2,2,2,2,2,2,2,2,2,11,11,11,11,11,11,11,11,11,11
Путятинский муниципальный округ,2,2,2,2,2,2,2,2,2,2,2,2,2,11,11,11,11,11,11,11,11,11,11,11
Пучежский муниципальный район,2,2,2,2,2,2,2,2,2,2,2,2,2,11,11,11,11,11,11,11,11,11,11,11
Пушкиногорский муниципальный район,2,2,2,2,2,2,2,2,2,2,2,6,6,11,11,11,11,11,11,11,11,11,11,11
Пыщугский муниципальный округ,2,2,2,2,2,2,2,6,6,6,6,6,6,6,6,11,11,11,11,11,11,11,11,11
Радищевский муниципальный район,2,2,2,2,2,2,2,2,2,2,2,2,2,11,11,11,11,11,11,11,11,11,11,11
Ребрихинский муниципальный район,2,2,2,2,2,2,6,6,6,6,6,6,6,6,6,11,11,11,11,11,11,11,11,11
Ржаксинский муниципальный округ,2,2,2,2,2,2,2,2,2,2,6,6,6,6,11,11,11,11,11,11,11,11,11,11
Ровенский муниципальный район,2,2,2,2,2,2,2,2,2,2,2,6,6,6,6,11,11,11,11,11,11,11,11,11
Родинский муниципальный район,2,2,2,2,2,2,2,2,2,2,2,2,2,2,2,11,11,11,11,11,11,11,11,11
Родниковский муниципальный район,2,2,2,2,2,2,2,2,2,2,2,6,6,6,11,11,11,11,11,11,11,11,11,11
Ромненский муниципальный округ,1,1,1,1,1,1,1,1,1,1,1,1,1,1,1,1,11,11,11,11,11,11,11,11
Ромодановский муниципальный район,2,2,2,2,2,2,2,2,2,2,2,2,2,11,11,11,11,11,11,11,11,11,11,11
Рославльский муниципальный район,0,0,0,0,0,0,0,0,0,0,0,0,0,0,0,0,0,0,10,10,10,10,10,10
Ростовский муниципальный район,0,0,0,0,0,0,0,0,0,0,0,0,0,0,0,0,0,0,10,10,10,10,10,10
Ртищевский муниципальный район,2,2,2,2,2,2,2,2,2,2,6,6,6,6,6,6,11,11,11,11,11,11,11,11
Рузаевский муниципальный район,2,2,0,0,0,0,0,0,0,0,0,0,0,0,11,11,11,11,11,11,10,10,10,10
Русско-Полянский муниципальный район,2,2,2,2,2,2,2,2,2,2,2,2,11,11,11,11,11,11,11,11,11,11,11,11
Рыбновский муниципальный район,0,0,0,2,2,2,0,0,0,0,0,0,0,0,0,11,11,11,11,10,10,10,10,10
Ряжский муниципальный округ,2,2,2,2,2,2,2,2,2,2,2,2,11,11,11,11,11,11,11,11,11,11,11,11
Рязанский муниципальный район,0,0,0,0,0,0,0,0,0,0,0,0,8,8,8,8,10,10,10,10,10,10,10,10
Сабинский муниципальный район,6,6,6,6,6,6,6,6,6,6,6,6,6,6,6,6,11,11,11,11,11,11,11,11
Савинский муниципальный район,2,2,2,2,2,2,2,2,2,2,2,2,6,6,11,11,11,11,11,11,11,11,11,11
Сакмарский муниципальный район,2,2,2,2,6,6,6,6,6,6,6,6,6,6,11,11,11,11,11,11,11,11,11,11
Салаватский муниципальный район,6,6,6,6,6,6,6,6,6,6,6,6,6,6,6,6,11,11,11,11,11,11,11,11
Самойловский муниципальный район,2,2,2,2,2,2,2,2,2,2,2,2,2,11,11,11,11,11,11,11,11,11,11,11
Сампурский муниципальный округ,2,2,2,2,2,2,2,2,2,2,2,6,6,11,11,11,11,11,11,11,11,11,11,11
Сапожковский муниципальный район,2,2,2,2,2,2,2,2,2,2,2,2,2,11,11,11,11,11,11,11,11,11,11,11
Сараевский муниципальный район,2,2,2,2,2,2,2,2,2,2,2,2,2,11,11,11,11,11,11,11,11,11,11,11
Саракташский муниципальный район,6,6,6,6,6,6,6,6,6,6,6,6,6,6,6,6,11,11,11,11,11,11,11,11
Саргатский муниципальный район,2,2,2,2,2,2,6,6,6,6,6,6,6,6,6,6,11,11,11,11,11,11,11,11
Сармановский муниципальный район,6,6,6,6,6,6,6,6,6,6,6,6,6,6,6,11,11,11,11,11,11,11,11,11
Сарпинский муниципальный район,2,2,2,2,2,2,2,2,2,2,2,11,11,11,11,11,11,11,11,11,11,11,11,11
Саткинский муниципальный район,0,0,0,0,0,0,0,0,0,0,0,0,0,0,0,0,10,10,10,10,10,10,10,10
Сафакулевский муниципальный округ,6,6,2,2,2,2,2,6,6,6,6,6,6,6,6,6,11,11,11,11,11,11,11,11
Сафоновский муниципальный район,0,0,0,0,0,0,0,0,0,0,0,0,0,0,0,0,0,10,10,10,10,10,10,10
Саянский муниципальный район,2,2,2,2,2,2,2,2,2,2,2,2,11,11,11,11,11,11,11,11,11,11,11,11
Свердловский муниципальный район,2,2,2,2,2,2,2,2,2,2,6,6,6,11,11,11,11,11,11,11,11,11,11,11
Светлинский муниципальный район,2,2,2,2,2,2,2,2,2,2,2,2,11,11,11,11,11,11,11,11,11,11,11,11
Светлоярский муниципальный район,2,2,2,2,2,2,2,6,6,6,6,6,6,6,6,6,11,11,11,11,11,11,10,10
Свободненский муниципальный район,0,0,0,0,0,0,0,0,0,0,0,0,0,8,8,8,8,1,1,1,1,10,10,10
Себежский муниципальный район,2,2,2,2,2,2,2,2,2,2,2,11,11,11,11,11,11,11,11,11,11,11,11,11
Северо-Енисейский муниципальный район,1,1,1,1,1,1,1,1,1,1,1,1,1,1,1,1,1,1,1,1,1,1,1,1
Сегежский муниципальный округ,0,0,0,0,0,0,0,0,0,0,0,0,0,0,0,0,0,0,0,11,11,11,11,11
Седельниковский муниципальный район,2,2,2,2,2,2,2,2,2,2,2,2,2,2,11,11,11,11,11,11,11,11,11,11
Селемджинский муниципальный район,1,1,1,1,1,1,1,1,1,1,1,1,1,1,1,1,1,1,1,1,1,1,1,1
Селивановский муниципальный район,2,2,2,2,2,2,2,2,2,2,2,6,6,6,6,11,11,11,11,11,11,11,11,11
Сенгилеевский муниципальный район,2,2,2,2,2,2,2,2,2,2,2,2,2,2,11,11,11,11,11,11,11,11,11,11
Серафимовичский муниципальный район,2,2,2,2,2,2,2,2,2,2,2,2,2,11,11,11,11,11,11,11,11,11,11,11
Сергачский муниципальный округ,2,2,2,2,2,2,2,2,6,6,6,6,6,11,11,11,11,11,11,11,11,11,11,11
Сергиевский муниципальный район,0,0,0,0,0,0,0,0,0,6,6,6,6,6,6,11,11,11,11,11,11,11,11,11
Сердобский муниципальный район,2,2,2,2,2,2,2,2,6,6,6,6,6,6,6,11,11,11,11,11,11,11,11,11
Сернурский муниципальный район,6,6,6,6,6,6,6,6,6,6,6,6,6,6,11,11,11,11,11,11,11,11,11,11
Серышевский муниципальный округ,0,0,0,1,1,1,1,1,1,1,1,1,1,1,1,1,1,10,10,10,10,10,10,10
Сеченовский муниципальный округ,2,2,2,2,2,2,2,2,2,2,2,2,2,11,11,11,11,11,11,11,11,11,11,11
Сковородинский муниципальный округ,1,1,1,1,1,1,1,1,1,1,1,1,1,1,1,1,10,10,10,10,10,10,10,10
Сладковский муниципальный район,2,2,2,2,2,2,2,2,2,2,2,2,2,2,11,11,11,11,11,11,11,11,11,11
Сланцевский муниципальный район,0,0,0,0,0,0,0,0,0,0,0,0,0,1,1,1,10,10,10,10,10,10,10,10
Слободо-Туринский муниципальный район,0,0,0,2,2,2,2,6,6,6,6,6,6,11,11,11,11,11,11,11,11,11,11,11
Слободской муниципальный район,0,0,6,6,2,2,6,6,6,6,6,6,6,6,11,11,11,11,11,11,11,11,11,11
Слюдянский муниципальный район,0,0,0,0,0,0,0,0,0,0,0,0,0,0,0,0,0,10,10,10,10,10,10,10
Смидовичский муниципальный район,1,1,1,1,1,1,1,1,1,1,1,1,1,1,1,1,10,10,10,10,10,10,10,10
Собинский муниципальный район,0,0,2,2,2,2,2,2,0,0,0,0,0,11,11,11,11,11,11,11,11,11,11,11
Соболевский муниципальный район,1,1,1,1,1,1,1,1,1,1,1,1,1,1,1,1,1,1,1,1,1,1,1,1
Советский муниципальный округ,2,2,2,2,2,2,2,2,0,0,0,0,0,11,11,11,11,11,11,11,11,11,11,11
Советско-Гаванский муниципальный район,1,1,1,1,1,1,1,1,1,1,1,1,1,1,1,1,1,1,1,1,1,1,1,1
Сокольский муниципальный округ,0,0,0,0,0,0,0,0,0,0,0,0,0,11,11,11,11,11,11,10,10,10,10,10
Солигаличский муниципальный округ,2,2,2,2,2,2,2,2,2,2,2,2,11,11,11,11,11,11,11,11,11,11,11,11
Солнечный муниципальный район,1,1,1,1,1,1,1,1,1,1,1,1,1,1,1,1,1,1,1,1,1,1,1,1
Солонешенский муниципальный район,2,2,2,2,2,2,2,2,2,2,2,2,2,11,11,11,11,11,11,11,11,11,11,11
Солтонский муниципальный район,2,2,2,2,2,2,1,1,1,2,2,2,2,11,11,11,11,11,11,11,11,11,11,11
Сорокинский муниципальный район,2,2,2,2,2,2,2,2,0,0,2,2,2,11,11,11,11,11,11,11,11,11,11,11
Сортавальский муниципальный район,0,0,0,0,0,0,0,0,0,0,0,0,0,0,0,0,0,10,10,10,10,10,10,10
Сосновоборский муниципальный район,2,2,2,2,2,2,2,2,2,6,6,6,6,6,6,6,11,11,11,11,11,11,11,11
Сосновский муниципальный район,8,8,8,8,8,8,8,8,8,8,8,8,8,8,8,8,8,8,8,8,8,8,8,8
Спас-Деменский муниципальный район,2,2,2,2,2,2,2,2,2,2,11,11,11,11,11,11,11,11,11,11,11,11,11,11
Спасский муниципальный округ,2,2,2,2,2,2,2,2,2,2,2,2,2,2,11,11,11,11,11,11,11,11,11,11
Среднеахтубинский муниципальный район,0,0,0,0,0,0,0,0,0,0,0,0,0,0,0,0,0,0,10,10,10,10,10,10
Среднеколымский муниципальный район,1,1,1,1,1,1,1,1,1,1,1,1,1,1,1,1,1,1,1,1,1,1,1,1
Сретенский муниципальный район,2,2,2,2,2,1,1,1,1,1,1,1,1,11,11,11,10,10,10,10,10,10,10,10
Ставропольский муниципальный район,0,0,0,0,8,8,8,8,8,8,8,8,8,8,8,8,8,8,8,8,8,8,8,8
Становлянский муниципальный район,2,2,2,2,2,2,2,6,6,6,6,6,6,6,6,11,11,11,11,11,11,11,11,11
Старожиловский муниципальный район,2,2,2,2,2,2,2,2,2,2,2,2,2,11,11,11,11,11,11,11,11,11,11,11
Старокулаткинский муниципальный район,2,2,2,2,2,2,2,2,2,2,2,6,6,6,11,11,11,11,11,11,11,11,11,11
Старомайнский муниципальный район,2,2,2,2,2,2,2,2,2,2,2,2,2,11,11,11,11,11,11,11,11,11,11,11
Старополтавский муниципальный район,2,2,2,2,2,2,2,2,2,6,6,6,6,11,11,11,11,11,11,11,11,11,11,11
Старорусский муниципальный район,0,0,0,0,0,0,0,0,0,0,0,0,0,0,0,0,0,11,11,10,10,10,10,10
Старошайговский муниципальный район,2,2,2,2,2,2,2,2,2,2,2,2,2,2,2,11,11,11,11,11,11,11,11,11
Староюрьевский муниципальный округ,2,2,2,2,2,2,2,2,2,2,2,2,2,11,11,11,11,11,11,11,11,11,11,11
Степновский муниципальный округ,2,2,2,2,2,2,2,2,2,2,2,2,11,11,11,11,11,11,11,11,11,11,11,11
Стерлибашевский муниципальный район,6,6,6,6,2,2,6,6,6,6,6,6,6,6,6,11,11,11,11,11,11,11,11,11
Стерлитамакский муниципальный район,8,8,8,8,8,8,8,8,8,8,8,8,8,8,8,8,8,8,8,8,8,8,8,8
Суворовский муниципальный район,2,2,2,2,2,2,2,2,2,2,2,11,11,11,11,11,11,11,11,11,11,11,11,11
Судиславский муниципальный район,2,2,2,2,2,2,2,2,2,2,6,6,11,11,11,11,11,11,11,11,11,11,11,11
Судогодский муниципальный район,0,0,0,2,2,2,2,2,2,2,2,6,6,11,11,11,11,11,11,11,11,11,11,11
Суздальский муниципальный район,0,0,0,0,2,2,2,2,0,0,0,0,0,0,0,0,0,0,10,10,10,10,10,10
Сузунский муниципальный район,2,2,2,2,2,0,0,0,0,0,0,6,6,11,11,11,11,10,10,10,10,10,10,10
Сунский муниципальный район,2,2,2,2,2,2,6,6,6,6,6,6,6,6,11,11,11,11,11,11,11,11,11,11
Сунтарский муниципальный район,1,1,1,1,1,1,1,1,1,1,1,1,1,1,1,1,1,1,1,1,10,10,10,10
Суоярвский муниципальный округ,0,0,0,0,0,0,0,2,2,2,2,11,11,11,11,11,11,11,11,11,11,11,11,11
Сургутский муниципальный район,1,1,1,1,1,1,1,1,1,1,1,1,1,1,1,1,1,1,1,1,1,1,1,1
Суровикинский муниципальный район,2,2,2,2,2,2,2,2,2,2,2,2,11,11,11,11,11,11,11,11,11,11,11,11
Сурский муниципальный район,2,2,2,2,2,2,2,2,2,2,6,6,6,6,6,6,11,11,11,11,11,11,11,11
Сусанинский муниципальный район,2,2,2,2,2,2,2,2,2,2,2,6,6,6,11,11,11,11,11,11,11,11,11,11
Сухиничский муниципальный район,2,2,2,2,2,2,2,2,2,2,2,2,11,11,11,11,11,11,11,11,11,11,11,11
Сухобузимский муниципальный район,2,2,2,2,2,2,2,2,2,2,2,2,6,6,11,11,11,11,11,11,11,11,11,11
Сызранский муниципальный район,0,0,0,0,0,0,0,0,0,0,0,0,0,0,0,0,0,10,10,10,10,10,10,10
Сыктывдинский муниципальный район,0,0,0,0,0,0,8,8,8,0,0,0,0,8,8,0,0,10,10,10,10,10,10,10
Сысольский муниципальный район,0,0,0,0,6,6,6,6,6,6,6,6,6,6,11,11,11,11,11,11,11,11,11,11
Сычевский муниципальный район,2,2,2,2,2,2,2,2,2,2,2,2,11,11,11,11,11,11,11,11,11,11,11,11
Сямженский муниципальный округ,2,2,2,2,2,2,2,2,2,2,2,2,2,2,11,11,11,11,11,11,11,11,11,11
Таборинский муниципальный район,2,2,2,2,2,2,2,2,2,2,2,2,2,11,11,11,11,11,11,11,11,11,11,11
Табунский муниципальный район,2,2,2,2,2,2,2,2,2,2,2,2,11,11,11,11,11,11,11,11,11,11,11,11
Таврический муниципальный район,2,2,2,2,2,2,2,6,6,6,6,6,6,6,6,11,11,11,11,11,11,11,11,11
Таймырский Долгано-Ненецкий муниципальный район,1,1,1,1,1,1,1,1,1,1,1,1,1,1,1,1,1,1,1,1,1,1,1,1
Тайшетский муниципальный район,0,0,0,0,0,0,0,0,0,0,0,0,0,0,0,0,0,10,10,10,10,10,10,10
Тальменский муниципальный район,6,6,6,2,2,2,6,6,6,6,6,6,6,6,6,6,11,11,11,11,11,11,11,11
Тамалинский муниципальный район,2,2,2,2,2,2,2,2,2,2,2,2,2,2,11,11,11,11,11,11,11,11,11,11
Тандинский муниципальный район,6,6,6,6,6,6,6,6,6,6,6,7,7,7,7,7,7,7,7,7,7,7,1,1
Тарногский муниципальный округ,2,2,2,2,2,2,2,2,2,2,2,2,2,2,11,11,11,11,11,11,11,11,11,11
Тарский муниципальный район,0,0,0,0,0,0,0,0,0,0,0,0,0,11,11,11,11,11,11,11,11,10,10,10
Тарусский муниципальный район,0,0,0,2,2,2,2,2,2,2,2,2,11,11,11,11,11,11,11,11,11,11,11,11
Тасеевский муниципальный район,2,2,2,2,2,2,2,2,2,2,2,2,11,11,11,11,11,11,11,11,11,11,11,11
Татарский муниципальный район,2,2,2,2,2,2,2,0,0,0,6,6,6,6,11,11,11,11,11,11,11,11,11,11
Татищевский муниципальный район,2,2,2,2,2,2,6,6,6,6,6,6,6,6,6,6,6,11,11,11,11,11,11,11
Таттинский муниципальный район,1,1,1,1,1,1,1,1,1,1,1,1,1,1,1,1,1,1,1,1,1,1,1,1
Татышлинский муниципальный район,2,2,2,2,2,2,6,6,6,6,6,6,6,6,6,6,11,11,11,11,11,11,11,11
Тахтамукайский муниципальный район,8,8,8,8,9,9,9,9,9,9,9,9,8,8,8,8,8,8,9,9,9,9,9,9
Ташлинский муниципальный район,6,6,6,6,6,6,6,6,6,6,6,6,6,6,6,6,11,11,11,11,11,11,11,11
Таштагольский муниципальный район,0,0,0,0,0,0,0,0,0,0,0,0,0,0,0,0,0,10,10,10,10,10,10,10
Таштыпский муниципальный район,2,2,2,2,2,6,6,0,0,7,7,7,7,7,7,7,7,7,7,7,7,7,10,10
Тевризский муниципальный район,2,2,2,2,2,2,2,2,2,2,2,2,11,11,11,11,11,11,11,11,11,11,11,11
Тегульдетский муниципальный район,2,2,2,2,2,2,2,2,2,2,2,2,2,11,11,11,11,11,11,11,11,11,11,11
Тейковский муниципальный район,2,2,2,2,2,2,2,2,2,2,2,11,11,11,11,11,11,11,11,11,11,11,11,11
Темкинский муниципальный район,2,2,2,2,2,2,2,2,2,2,2,2,2,2,2,11,11,11,11,11,11,11,11,11
Темниковский муниципальный район,2,2,2,2,2,2,2,2,2,2,2,6,6,11,11,11,11,11,11,11,11,11,11,11
Теньгушевский муниципальный район,2,2,2,2,2,2,2,2,2,2,2,2,11,11,11,11,11,11,11,11,11,11,11,11
Тепло-Огаревский муниципальный район,2,2,2,2,2,2,2,2,2,2,2,11,11,11,11,11,11,11,11,11,11,11,11,11
Тербунский муниципальный район,2,2,2,2,2,2,2,2,2,2,11,11,11,11,11,11,11,11,11,11,11,11,11,11
Тереньгульский муниципальный район,2,2,2,2,2,2,2,2,2,2,2,2,2,11,11,11,11,11,11,11,11,11,11,11
Тернейский муниципальный округ,1,1,1,1,1,1,1,1,1,1,1,1,1,1,1,1,1,10,10,10,10,10,10,10
Тетюшский муниципальный район,2,2,2,2,2,2,6,6,6,6,6,6,6,6,6,6,11,11,11,11,11,11,11,11
Теучежский муниципальный район,0,0,0,0,0,0,0,0,0,0,8,8,8,8,8,8,8,8,8,8,10,10,10,10
Тигильский муниципальный район,1,1,1,1,1,1,1,1,1,1,1,1,1,1,1,1,1,1,1,1,1,1,1,1
Тисульский муниципальный округ,2,2,2,2,2,2,2,2,2,2,2,2,2,11,11,11,11,11,11,11,11,11,11,11
Тихвинский муниципальный район,0,0,8,8,8,8,0,0,0,0,0,0,0,8,8,8,8,8,8,8,8,8,10,10
Тогульский муниципальный район,2,2,2,2,2,2,6,6,6,6,6,6,6,6,6,11,11,11,11,11,11,11,11,11
Тогучинский муниципальный район,2,2,2,2,2,2,2,6,6,6,6,6,6,11,11,11,11,11,11,11,10,10,11,11
Тоджинский муниципальный район,6,6,6,6,6,6,6,6,7,7,7,7,7,7,7,7,7,7,7,7,7,10,10,10
Токарёвский муниципальный округ,2,2,2,2,2,2,2,2,2,2,2,2,2,11,11,11,11,11,11,11,11,11,11,11
Томпонский муниципальный район,1,1,1,1,1,1,1,1,1,1,1,1,1,1,1,1,1,1,1,1,1,1,1,1
Томский муниципальный район,8,8,8,8,8,8,8,8,8,8,8,8,8,8,8,8,8,8,8,8,8,8,8,8
Тонкинский муниципальный округ,2,2,2,2,2,2,2,2,2,2,2,2,11,11,11,11,11,11,11,11,11,11,11,11
Тоншаевский муниципальный округ,2,2,2,2,2,2,2,2,6,6,6,6,6,11,11,11,11,11,11,11,11,11,11,11
Топкинский муниципальный округ,0,0,0,0,0,0,0,0,0,0,0,0,0,0,0,0,0,10,10,10,10,10,10,10
Топчихинский муниципальный район,6,6,6,6,6,6,6,6,6,6,6,6,6,6,6,11,11,11,11,11,11,11,11,11
Торбеевский муниципальный район,2,2,2,2,2,2,2,2,2,2,2,2,11,11,11,11,11,11,11,11,11,11,11,11
Тосненский муниципальный район,8,8,8,8,9,9,9,9,9,9,9,9,9,9,9,9,9,9,9,9,9,9,9,9
Тотемский муниципальный округ,0,0,0,0,2,2,0,0,0,0,0,0,0,0,11,11,10,10,10,11,11,11,11,11
Тоцкий муниципальный район,0,0,0,0,0,0,0,0,0,0,0,0,0,0,0,0,0,0,0,0,8,8,10,10
Третьяковский муниципальный район,2,2,2,2,2,2,2,2,2,2,6,6,6,6,11,11,11,11,11,11,11,11,11,11
Троицкий муниципальный район,2,2,2,2,2,2,2,2,2,2,2,2,2,11,11,11,11,11,11,11,11,11,11,11
Троицко-Печорский муниципальный район,2,2,2,2,0,0,0,0,0,2,2,2,2,11,11,11,11,11,11,11,11,11,11,11
Троснянский муниципальный район,2,2,2,2,2,2,2,6,6,6,6,6,6,6,6,11,11,11,11,11,11,11,11,11
Труновский муниципальный округ,2,2,2,2,2,2,2,2,2,2,2,2,2,11,11,11,11,11,11,11,11,11,11,11
Тужинский муниципальный район,2,2,2,2,2,2,2,2,6,6,6,6,6,6,6,11,11,11,11,11,11,11,11,11
Туймазинский муниципальный район,0,0,0,0,0,0,8,8,8,8,8,8,8,8,8,8,8,8,8,8,10,10,10,10
Туркменский муниципальный округ,2,2,2,2,2,2,2,2,2,2,2,2,11,11,11,11,11,11,11,11,11,11,11,11
Турковский муниципальный район,2,2,2,2,2,2,2,2,2,2,2,2,2,2,11,11,11,11,11,11,11,11,11,11
Турочакский муниципальный район,2,2,2,2,2,2,2,0,0,0,0,6,6,11,11,11,11,11,11,11,11,11,11,11
Туруханский муниципальный район,1,1,1,1,1,1,1,1,1,1,1,1,1,1,1,1,1,1,1,1,1,1,1,1
Тутаевский муниципальный район,0,0,0,0,0,0,0,0,0,0,0,0,0,0,0,0,0,0,8,8,8,8,10,10
Тындинский муниципальный округ,1,1,1,1,1,1,1,1,1,1,1,1,1,1,1,1,1,1,1,1,1,1,1,1
Тюкалинский муниципальный район,2,2,2,2,2,2,6,6,6,6,6,6,6,6,6,6,11,11,11,11,11,11,11,11
Тюльганский муниципальный район,2,2,2,2,2,2,6,6,6,6,6,6,6,6,11,11,11,11,11,11,11,11,11,11
Тюлячинский муниципальный район,6,6,6,6,6,6,6,6,6,6,6,6,6,6,6,6,11,11,11,11,11,11,11,11
Тюменский муниципальный район,8,8,8,8,8,8,8,8,8,8,8,8,8,8,8,8,8,8,8,8,8,8,8,8
Тюменцевский муниципальный район,2,2,2,2,2,2,6,6,6,6,6,6,6,6,6,6,11,11,11,11,11,11,11,11
Тюхтетский муниципальный округ,2,2,2,2,2,2,2,2,2,2,2,2,11,11,11,11,11,11,11,11,11,11,11,11
Тяжинский муниципальный округ,2,2,2,2,2,2,2,2,2,2,2,2,2,2,11,11,11,11,11,11,11,11,11,11
Убинский муниципальный район,2,2,2,2,2,2,2,2,2,2,2,2,2,11,11,11,11,11,11,11,11,11,11,11
Уватский муниципальный район,0,0,0,0,0,0,0,0,0,0,0,0,0,0,11,11,11,11,11,11,11,11,11,11
Увельский муниципальный район,2,2,2,2,2,6,6,6,6,6,6,6,6,6,11,11,11,11,11,11,11,11,11,11
Угличский муниципальный район,0,0,0,0,0,0,0,0,0,0,0,0,0,0,0,0,10,10,10,10,10,10,10,10
Угловский муниципальный район,2,2,2,2,2,6,6,6,6,6,6,6,6,6,6,11,11,11,11,11,11,11,11,11
Угранский муниципальный район,2,2,2,2,2,2,2,2,2,2,2,2,2,11,11,11,11,11,11,11,11,11,11,11
Удорский муниципальный район,0,0,0,0,0,0,0,0,0,0,0,0,0,11,11,11,11,11,11,11,11,11,11,11
Ужурский муниципальный район,0,0,0,0,2,2,2,0,0,0,0,0,1,1,1,1,11,11,11,11,11,11,11,11
Узловский муниципальный район,0,0,0,0,0,0,0,0,0,0,0,0,0,0,0,0,0,10,10,10,10,10,10,10
Уйский муниципальный район,2,2,2,2,2,2,6,6,6,6,6,6,6,6,6,11,11,11,11,11,11,11,11,11
Улаганский муниципальный район,2,2,2,2,2,6,6,6,6,6,7,7,7,7,7,7,7,7,7,7,7,7,7,7
Улуг-Хемский муниципальный район,6,6,6,6,6,6,6,6,6,6,7,7,7,7,7,7,7,7,7,7,7,7,1,1
Ульчский муниципальный район,1,1,1,1,1,1,1,1,1,1,1,1,1,1,1,10,10,10,10,10,10,11,11,11
Улётовский муниципальный район,2,2,2,2,6,6,6,6,1,1,1,2,2,2,11,11,11,11,11,11,11,11,11,11
Умётский муниципальный округ,2,2,2,2,2,2,2,2,6,6,6,6,6,6,6,6,11,11,11,11,11,11,11,11
Упоровский муниципальный район,2,2,2,2,2,2,2,2,2,2,2,2,2,2,11,11,11,11,11,11,11,11,11,11
Уренский муниципальный округ,2,2,2,2,2,2,2,0,0,0,6,6,11,11,11,11,11,11,11,11,11,10,10,10
Уржумский муниципальный район,2,2,2,2,2,2,2,6,6,6,6,6,6,6,6,11,11,11,11,11,11,11,11,11
Урицкий муниципальный район,2,2,2,2,2,2,2,6,6,6,6,6,6,6,6,11,11,11,11,11,11,11,11,11
Урмарский муниципальный округ,6,6,6,6,6,6,6,6,6,6,6,6,6,6,6,11,11,11,11,11,11,11,11,11
Урупский муниципальный район,0,0,2,2,2,2,2,2,2,2,2,2,7,7,7,7,7,7,7,7,7,7,7,7
Усманский муниципальный район,0,0,0,2,2,2,2,0,0,0,6,6,6,6,11,11,11,11,11,11,11,11,11,11
Усольский муниципальный район,0,0,0,0,2,2,2,6,6,0,0,0,0,0,0,0,10,10,10,11,11,10,10,10
Усть-Абаканский муниципальный район,0,0,0,0,0,2,2,0,0,0,0,0,0,0,0,0,0,10,10,10,10,10,10,10
Усть-Алданский муниципальный район,1,1,1,1,1,1,1,1,1,1,1,1,1,1,1,1,1,1,1,1,1,1,1,1
Усть-Большерецкий муниципальный район,1,1,1,1,1,1,1,1,1,1,1,1,1,1,1,1,1,1,1,1,1,1,1,1
Усть-Вымский муниципальный район,0,0,0,0,0,0,0,0,0,0,0,0,11,11,11,11,11,11,11,11,11,11,11,11
Усть-Джегутинский муниципальный район,7,7,7,7,7,7,7,7,7,7,7,7,7,7,7,7,7,7,7,7,7,7,7,7
Усть-Илимский муниципальный район,2,2,2,2,2,2,2,2,6,6,6,6,6,11,11,11,11,11,11,11,11,11,11,11
Усть-Ишимский муниципальный район,1,1,1,1,1,1,1,1,1,2,2,2,2,2,11,11,11,11,11,11,11,11,11,11
Усть-Калманский муниципальный район,2,2,2,2,2,2,2,2,2,2,2,2,2,2,11,11,11,11,11,11,11,11,11,11
Усть-Камчатский муниципальный район,1,1,1,1,1,1,1,1,1,1,1,1,1,1,1,1,1,1,1,1,1,1,1,1
Усть-Канский муниципальный район,6,6,6,6,6,6,6,6,6,6,7,7,7,7,7,7,7,7,7,7,7,7,7,7
Усть-Коксинский муниципальный район,2,2,2,2,6,6,6,6,6,6,7,7,7,7,7,7,7,7,7,7,7,7,7,7
Усть-Кубинский муниципальный округ,2,2,2,2,2,2,2,2,2,2,2,2,11,11,11,11,11,11,11,11,11,11,11,11
Усть-Куломский муниципальный район,2,2,2,2,2,2,2,2,6,6,6,6,6,6,6,11,11,11,11,11,11,11,11,11
Усть-Кутский муниципальный район,1,1,1,1,1,1,1,1,1,1,1,1,1,1,1,1,1,1,1,1,1,1,1,1
Усть-Майский муниципальный район,1,1,1,1,1,1,1,1,1,1,1,1,1,1,1,1,1,1,1,1,1,1,1,1
Усть-Пристанский муниципальный район,2,2,2,2,2,2,2,2,2,2,6,6,11,11,11,11,11,11,11,11,11,11,11,11
Усть-Таркский муниципальный район,2,2,2,2,2,2,2,2,2,2,2,11,11,11,11,11,11,11,11,11,11,11,11,11
Усть-Удинский муниципальный район,2,2,2,2,2,2,2,2,2,2,2,2,2,2,11,11,11,11,11,11,11,11,11,11
Усть-Цилемский муниципальный район,1,1,1,1,2,2,0,0,0,0,1,1,1,1,1,11,11,11,10,10,11,11,11,11
Усть-Янский муниципальный район,1,1,1,1,1,1,1,1,1,1,1,1,1,1,1,1,1,1,1,1,1,1,1,1
Устьянский муниципальный округ,0,0,0,0,0,0,0,0,0,0,0,0,0,0,0,0,0,11,11,11,11,11,11,11
Устюженский муниципальный округ,0,0,2,2,2,2,2,2,2,6,6,6,6,11,11,11,11,10,10,11,11,11,11,11
Уфимский муниципальный район,8,8,8,8,8,8,8,8,8,8,8,8,8,8,8,8,8,8,8,8,8,8,8,8
Ухоловский муниципальный район,2,2,2,2,2,2,2,2,2,2,2,2,11,11,11,11,11,11,11,11,11,11,11,11
Учалинский муниципальный район,8,8,0,0,0,0,8,8,8,8,8,8,8,8,8,8,8,8,8,8,10,10,10,10
Уярский муниципальный район,2,2,2,2,2,2,2,2,2,2,2,2,11,11,11,11,11,11,11,11,11,11,11,11
Ферзиковский муниципальный район,0,0,2,2,2,2,2,2,0,0,0,0,0,0,0,0,0,10,10,10,10,10,10,10
Фурмановский муниципальный район,0,0,2,2,2,2,2,2,2,6,6,6,6,6,6,11,11,11,11,11,11,11,11,11
Хабаровский муниципальный район,1,1,1,1,1,1,1,1,1,1,1,1,1,1,1,1,1,1,8,8,8,1,1,1
Хабарский муниципальный район,2,2,2,6,6,6,6,6,6,6,6,6,6,6,6,6,11,11,11,11,11,11,11,11
Хабезский муниципальный район,6,6,6,7,7,7,7,7,7,7,7,7,7,7,7,7,7,7,7,7,7,7,7,7
Хайбуллинский муниципальный район,6,6,6,6,6,6,6,6,6,6,6,6,6,6,6,6,11,11,11,11,11,11,11,11
Хангаласский муниципальный район,1,1,1,1,1,1,1,1,1,1,1,1,1,1,1,1,1,1,1,1,1,1,1,1
Ханкайский муниципальный округ,1,1,1,1,1,1,1,1,1,1,1,1,1,1,1,1,1,10,10,10,10,10,10,10
Ханты-Мансийский муниципальный район,8,8,8,8,8,1,1,1,1,1,1,1,1,1,1,1,1,1,1,1,1,1,1,1
Харабалинский муниципальный район,2,2,2,2,2,2,2,2,2,6,6,6,6,6,6,11,11,11,11,11,11,11,11,11
Харовский муниципальный округ,2,2,2,2,2,2,2,2,2,2,2,11,11,11,11,11,11,11,11,11,11,11,11,11
Хасанский муниципальный округ,1,1,1,1,1,1,1,1,1,1,1,1,1,1,1,1,10,10,10,10,10,10,10,10
Хвалынский муниципальный район,2,2,2,2,2,2,2,2,2,2,2,6,6,11,11,11,11,11,11,11,11,11,11,11
Хвастовичский муниципальный район,2,2,2,2,2,2,2,2,2,2,2,2,2,2,11,11,11,11,11,11,11,11,11,11
Хворостянский муниципальный район,2,2,2,2,2,2,2,2,2,2,2,2,11,11,11,11,11,11,11,11,11,11,11,11
Хилокский муниципальный район,0,0,0,0,0,0,0,0,0,0,0,0,0,0,0,0,0,10,10,10,10,10,10,10
Хиславичский муниципальный район,2,2,2,2,2,2,2,2,2,2,2,2,11,11,11,11,11,11,11,11,11,11,11,11
Хлевенский муниципальный район,2,2,2,2,2,2,2,2,2,2,2,11,11,11,11,11,11,11,11,11,11,11,11,11
Холм-Жирковский муниципальный район,2,2,2,2,2,2,2,2,2,2,2,11,11,11,11,11,11,11,11,11,11,11,11,11
Холмогорский муниципальный округ,0,0,0,2,2,2,2,2,2,2,2,2,2,11,11,11,11,11,11,11,11,11,11,11
Холмский муниципальный район,2,2,2,2,2,2,2,2,2,2,2,11,11,11,11,11,11,11,11,11,11,11,11,11
Хорольский муниципальный округ,1,1,1,1,1,1,1,1,1,1,1,1,1,1,1,1,11,11,11,11,11,11,11,11
Хотынецкий муниципальный район,2,2,2,2,2,2,2,2,2,2,2,2,11,11,11,11,11,11,11,11,11,11,11,11
Целинный муниципальный округ,2,2,2,2,2,2,2,2,2,2,2,2,2,2,11,11,11,11,11,11,11,11,11,11
Цивильский муниципальный округ,6,6,6,6,6,6,6,6,6,6,6,6,6,6,11,11,11,11,11,11,11,11,11,11
Чагодощенский муниципальный округ,0,0,0,0,0,0,0,0,0,0,0,0,11,11,11,11,11,11,11,11,11,11,11,11
Чаинский муниципальный район,2,2,2,2,2,2,2,2,2,2,2,2,11,11,11,11,11,11,11,11,11,11,11,11
Чамзинский муниципальный район,2,2,2,2,2,2,2,6,6,6,6,6,6,6,6,11,11,11,11,11,11,11,11,11
Чановский муниципальный район,2,2,2,2,2,2,2,2,2,6,6,6,6,11,11,11,11,11,11,11,11,11,11,11
Чаплыгинский муниципальный район,2,2,2,2,2,2,2,2,2,2,2,2,11,11,11,11,11,11,11,11,11,11,11,11
Частоозерский муниципальный округ,2,2,2,2,2,2,2,2,2,2,2,6,6,11,11,11,11,11,11,11,11,11,11,11
Чебаркульский муниципальный район,2,2,2,2,2,2,6,6,6,6,6,6,6,6,11,11,11,11,11,11,11,11,11,11
Чебоксарский муниципальный округ,6,6,6,6,6,6,6,6,6,6,6,6,6,8,8,8,8,8,8,10,10,10,10,10
Чебулинский муниципальный округ,2,2,2,2,2,2,2,0,0,6,6,6,11,11,11,11,11,10,10,10,10,10,10,10
Чеди-Хольский муниципальный район,6,6,6,6,6,6,6,6,6,6,7,7,7,7,7,7,7,7,7,7,7,7,1,1
Чекмагушевский муниципальный район,6,6,6,6,6,6,6,6,6,6,6,6,6,6,6,11,11,11,11,11,11,11,11,11
Челно-Вершинский муниципальный район,2,2,2,2,2,2,2,2,2,2,2,2,2,11,11,11,11,11,11,11,11,11,11,11
Чемальский муниципальный район,2,2,2,2,2,2,0,0,0,0,0,0,11,11,11,11,11,11,11,0,0,10,10,10
Чердаклинский муниципальный район,6,6,6,6,6,6,6,6,6,6,6,6,6,6,6,11,11,11,11,11,11,11,11,11
Черемховский муниципальный район,2,2,2,2,2,2,2,2,2,2,2,6,6,6,11,11,11,11,11,11,11,11,11,11
Черемшанский муниципальный район,6,6,6,6,6,6,6,6,6,6,6,6,6,6,11,11,11,11,11,11,11,11,11,11
Черепановский муниципальный район,2,2,2,2,2,2,2,2,6,6,6,6,6,6,11,11,11,11,11,11,11,11,11,11
Череповецкий муниципальный район,0,0,0,0,8,8,8,8,8,8,8,8,8,8,8,8,8,8,8,10,10,10,10,10
Черлакский муниципальный район,2,2,2,2,2,2,6,6,6,2,2,2,6,6,6,11,11,11,11,11,11,11,11,11
Черниговский муниципальный округ,1,1,1,1,1,1,1,1,1,1,1,1,1,1,0,0,0,10,10,10,10,10,10,10
Черноярский муниципальный район,2,2,2,2,2,2,2,2,2,2,2,2,2,2,11,11,11,11,11,11,11,11,11,11
Чернский муниципальный район,2,2,2,2,2,2,2,2,2,2,2,2,11,11,11,11,11,11,11,11,11,11,11,11
Чернышевский муниципальный район,1,1,1,1,1,1,1,1,1,1,1,1,1,1,1,1,1,10,10,10,10,10,10,10
Чернышковский муниципальный район,2,2,2,2,2,2,2,2,2,2,2,2,11,11,11,11,11,11,11,11,11,11,11,11
Чесменский муниципальный район,2,2,2,2,2,6,6,6,6,6,6,6,6,6,6,11,11,11,11,11,11,11,11,11
Чистоозерный муниципальный район,2,2,2,2,2,2,2,6,6,6,6,6,6,6,6,11,11,11,11,11,11,11,11,11
Чистопольский муниципальный район,0,0,0,0,0,6,6,6,6,0,0,0,0,0,0,0,0,10,10,10,10,10,10,10
Читинский муниципальный район,0,0,0,0,0,0,6,6,6,6,6,8,8,8,8,8,8,8,10,10,10,10,10,10
Чишминский муниципальный район,0,0,0,0,0,0,6,6,6,8,8,8,8,8,8,8,8,8,8,10,10,10,10,10
Чойский муниципальный район,2,2,2,2,2,2,2,2,2,2,2,2,11,11,11,11,11,11,11,11,11,11,11,11
Чугуевский муниципальный округ,0,0,0,0,0,0,1,1,1,0,0,0,0,0,0,0,10,10,10,10,10,10,10,10
Чудовский муниципальный район,0,0,2,2,2,2,2,2,2,2,0,0,0,11,11,11,11,11,11,11,11,11,11,11
Чулымский муниципальный район,2,2,2,2,2,2,2,6,6,0,0,6,6,6,6,11,11,11,11,11,11,11,11,11
Чунский муниципальный район,2,2,2,2,2,2,0,0,0,0,6,6,6,6,11,11,11,11,11,11,11,11,11,11
Чурапчинский муниципальный район,1,1,1,1,1,1,1,1,1,1,1,1,1,1,1,1,1,1,1,1,1,1,1,1
Чухломский муниципальный район,2,2,2,2,2,2,2,2,2,2,2,2,2,11,11,11,11,11,11,11,11,11,11,11
Чучковский муниципальный район,2,2,2,2,2,2,2,2,2,2,2,2,11,11,11,11,11,11,11,11,11,11,11,11
Шабалинский муниципальный район,2,2,2,2,2,2,2,6,6,6,6,6,6,6,6,6,11,11,11,11,11,11,11,11
Шаблыкинский муниципальный район,2,2,2,2,2,2,2,2,2,2,2,2,2,11,11,11,11,11,11,11,11,11,11,11
Шарангский муниципальный округ,2,2,2,2,2,2,2,2,2,2,2,2,2,11,11,11,11,11,11,11,11,11,11,11
Шаранский муниципальный район,6,6,6,6,6,6,6,6,6,6,6,6,6,6,6,11,11,11,11,11,11,11,11,11
Шарлыкский муниципальный район,2,2,2,2,2,6,6,6,6,6,6,6,6,6,6,11,11,11,11,11,11,11,11,11
Шатковский муниципальный округ,2,2,2,2,2,2,2,2,6,6,6,6,6,6,6,11,11,11,11,11,11,11,11,11
Шатровский муниципальный округ,2,2,2,2,2,2,2,2,2,2,2,6,6,6,6,6,11,11,11,11,11,11,11,11
Шацкий муниципальный район,2,2,2,2,2,2,2,2,2,2,2,11,11,11,11,11,11,11,11,11,11,11,11,11
Шебалинский муниципальный район,2,2,6,6,6,6,6,0,0,7,7,7,7,7,7,7,7,7,7,7,7,7,11,11
Шегарский муниципальный район,0,0,2,2,2,2,2,6,6,6,6,6,6,6,6,11,11,11,11,11,11,11,11,11
Шекснинский муниципальный район,0,0,0,0,0,0,0,0,0,0,0,0,0,0,0,0,0,11,11,11,11,11,11,11
Шелаболихинский муниципальный район,2,2,2,2,2,2,2,2,2,2,2,6,6,6,11,11,11,11,11,11,11,11,11,11
Шелеховский муниципальный район,8,8,8,8,8,8,8,8,8,8,8,8,8,8,8,8,8,8,8,8,8,8,8,8
Шелопугинский муниципальный район,1,1,1,1,1,1,1,1,1,1,1,1,1,1,1,1,1,10,10,10,10,10,10,10
Шемуршинский муниципальный округ,6,6,6,6,6,6,6,6,6,6,6,6,6,6,6,6,11,11,11,11,11,11,11,11
Шенкурский муниципальный округ,2,2,2,2,2,2,2,2,2,2,2,11,11,11,11,11,11,11,11,11,11,11,11,11
Шенталинский муниципальный район,2,2,2,2,2,2,2,2,2,2,6,6,11,11,11,11,11,11,11,11,11,11,11,11
Шербакульский муниципальный район,2,2,2,2,2,2,2,2,6,6,6,6,6,6,6,11,11,11,11,11,11,11,11,11
Шигонский муниципальный район,2,2,2,2,2,2,2,2,2,2,2,11,11,11,11,11,11,11,11,11,11,11,11,11
Шилкинский муниципальный район,0,0,0,0,0,0,0,0,0,0,0,0,0,1,1,1,1,10,10,10,10,10,10,10
Шиловский муниципальный район,2,2,2,2,2,2,2,2,2,2,2,2,11,11,11,11,11,11,11,11,11,11,11,11
Шимановский муниципальный округ,1,1,1,1,1,1,1,1,1,1,1,1,1,1,1,1,10,10,10,10,10,10,10,10
Шимский муниципальный район,2,2,2,2,2,2,2,2,6,6,6,6,11,11,11,11,11,11,11,11,11,11,11,11
Шипуновский муниципальный район,2,2,2,2,2,2,2,6,6,6,6,6,6,6,6,11,11,11,11,11,11,11,11,11
Ширинский муниципальный район,2,2,2,2,2,2,2,2,0,0,0,6,6,6,11,11,11,11,11,11,11,11,11,11
Шкотовский муниципальный округ,1,1,1,1,1,1,1,1,1,1,1,1,1,1,0,0,10,10,10,10,10,10,10,10
Шовгеновский муниципальный район,6,6,6,6,6,6,6,6,6,6,6,6,6,6,6,6,11,11,11,11,11,11,11,11
Шпаковский муниципальный округ,0,0,0,8,8,8,8,0,0,8,8,8,8,8,8,8,8,8,8,8,8,8,8,8
Шуйский муниципальный район,0,0,0,0,0,0,0,0,0,0,0,0,0,0,0,0,0,10,10,10,10,10,10,10
Шумячский муниципальный район,6,6,6,6,6,6,6,6,6,6,6,6,6,6,11,11,11,11,11,11,11,11,11,11
Шушенский муниципальный район,0,0,0,0,0,0,0,0,0,0,0,0,1,1,1,1,11,11,10,10,10,10,10,10
Щекинский муниципальный район,0,0,0,0,0,0,0,0,0,0,0,0,0,0,0,0,0,10,10,10,10,10,10,10
Щучанский муниципальный округ,2,2,2,2,2,2,2,6,6,2,2,2,6,6,6,6,11,11,11,11,11,11,11,11
Эвенкийский муниципальный район,1,1,1,1,1,1,1,1,1,1,1,1,1,1,1,1,1,1,1,1,1,1,1,1
Энгельсский муниципальный район,8,8,8,8,8,8,8,8,8,8,8,8,8,8,8,8,8,8,8,8,8,8,8,8
Эхирит-Булагатский муниципальный район,0,0,0,0,6,6,6,6,6,6,6,6,6,6,6,6,11,11,11,11,11,11,11,11
Южский муниципальный район,2,2,2,2,2,2,2,2,2,2,6,6,6,11,11,11,11,11,11,11,11,11,11,11
Юргамышский муниципальный округ,2,2,2,2,2,2,2,6,6,6,6,6,6,6,6,6,11,11,11,11,11,11,11,11
Юргинский муниципальный район,2,2,2,2,2,2,2,2,2,2,2,2,2,2,11,11,11,11,11,11,11,11,11,11
Юринский муниципальный район,2,2,2,2,2,2,2,2,2,2,2,2,2,11,11,11,11,11,11,11,11,11,11,11
Юрьев-Польский муниципальный район,2,2,2,2,2,2,2,2,2,0,0,0,0,11,11,11,11,11,11,11,11,11,11,11
Юрьевецкий муниципальный район,2,2,2,2,2,2,2,2,2,2,2,2,2,11,11,11,11,11,11,11,11,11,11,11
Юрьянский муниципальный район,2,2,2,2,2,2,2,6,6,6,6,6,6,6,6,11,11,11,11,11,11,11,11,11
Юстинский муниципальный район,2,2,2,2,2,2,2,2,2,2,2,2,2,7,7,7,11,11,11,11,11,11,11,11
Ютазинский муниципальный район,2,2,6,6,6,6,6,6,6,6,6,6,6,6,6,6,11,11,11,11,11,11,11,11
Юхновский муниципальный район,2,2,2,2,2,2,2,2,2,2,2,11,11,11,11,11,11,11,11,11,11,11,11,11
Ядринский муниципальный округ,6,6,6,6,6,6,6,6,6,6,6,6,6,6,6,6,11,11,11,11,11,11,11,11
Яйский муниципальный округ,2,2,2,2,2,2,2,2,2,6,6,6,6,6,11,11,11,11,10,10,10,10,10,10
Яковлевский муниципальный округ,2,2,2,2,1,1,1,1,1,1,11,11,11,11,11,11,11,11,11,11,11,11,11,11
Яльчикский муниципальный округ,6,6,6,6,6,6,6,6,6,6,6,6,6,6,11,11,11,11,11,11,11,11,11,11
Янаульский муниципальный район,6,6,6,6,6,6,6,6,6,6,6,6,6,6,8,8,11,11,11,11,11,11,11,11
Янтиковский муниципальный округ,6,6,6,6,6,6,6,6,6,6,6,6,6,6,6,11,11,11,11,11,11,11,11,11
Яранский муниципальный район,6,6,6,6,6,6,6,6,6,6,6,6,6,6,6,11,11,11,11,11,11,11,11,11
Ярковский муниципальный район,0,0,0,0,0,6,6,6,6,6,6,6,6,6,6,6,6,11,11,11,11,11,11,11
Ярославский муниципальный район,8,8,8,8,8,8,8,8,8,8,8,8,8,8,8,8,8,8,8,8,8,8,8,8
Ярцевский муниципальный район,0,0,0,0,0,0,0,0,0,0,0,0,0,0,0,0,0,10,10,10,10,10,10,10
Ясногорский муниципальный район,0,0,2,2,2,2,2,2,2,2,0,0,0,0,11,11,11,11,11,11,11,11,11,11
Яшкинский муниципальный округ,2,2,2,2,2,2,2,2,2,2,2,2,2,11,11,11,11,11,11,11,11,11,11,11
внутригородская территория города федерального значения  Александровский муниципальный округ,3,3,3,3,3,9,9,9,9,9,9,9,9,9,9,9,9,9,9,9,9,9,9,9
внутригородская территория города федерального значения город Зеленогорск,9,9,9,9,9,9,9,9,9,9,9,9,9,9,9,9,9,9,9,9,9,9,9,9
внутригородская территория города федерального значения город Колпино,9,9,9,9,9,9,9,9,9,9,9,9,9,9,8,8,9,9,9,9,9,8,8,8
внутригородская территория города федерального значения город Красное Село,9,9,9,9,9,9,9,9,9,9,9,9,9,9,9,9,9,9,9,9,9,9,9,9
внутригородская территория города федерального значения город Кронштадт,9,9,9,9,9,9,9,9,9,9,9,9,9,9,9,9,9,9,9,9,9,9,9,9
внутригородская территория города федерального значения город Ломоносов,9,9,9,9,9,9,9,9,9,9,9,9,9,9,9,9,9,9,9,9,9,9,9,9
внутригородская территория города федерального значения город Павловск,9,9,9,9,9,9,9,9,9,9,9,9,9,9,9,9,9,9,9,9,9,9,9,9
внутригородская территория города федерального значения город Петергоф,9,9,9,9,9,9,9,9,9,9,9,9,9,9,9,9,9,9,9,9,9,9,9,9
внутригородская территория города федерального значения город Пушкин,9,9,9,9,9,9,9,9,9,9,9,9,9,9,9,9,9,9,9,9,9,9,9,9
внутригородская территория города федерального значения город Сестрорецк,9,9,9,9,9,9,9,9,9,9,9,9,9,9,9,9,9,9,9,9,9,9,9,9
внутригородская территория города федерального значения городской округ Троицк,9,9,9,9,9,9,9,9,9,9,9,9,9,9,9,9,9,9,9,9,9,9,9,9
внутригородская территория города федерального значения городской округ Щербинка,9,9,9,9,9,9,9,9,9,9,9,9,9,9,9,9,9,9,9,9,9,9,9,9
внутригородская территория города федерального значения муниципальное образование Савелки,9,9,9,9,9,9,9,9,9,3,3,3,3,3,3,3,3,9,9,9,9,9,9,9
внутригородская территория города федерального значения муниципальный округ Автово,9,9,9,9,9,9,9,9,9,9,9,9,9,9,9,9,9,9,9,9,9,9,9,9
внутригородская территория города федерального значения муниципальный округ Адмиралтейский округ,3,3,3,3,3,3,3,3,3,3,3,3,3,3,3,3,3,3,3,3,3,3,3,3
внутригородская территория города федерального значения муниципальный округ Академический,3,3,3,3,3,3,3,3,3,3,3,3,3,3,3,3,3,3,3,3,3,3,3,3
внутригородская территория города федерального значения муниципальный округ Академическое,3,3,3,3,3,3,3,3,3,3,3,3,9,9,9,9,9,9,9,9,9,9,9,9
внутригородская территория города федерального значения муниципальный округ Алексеевский,3,3,3,3,3,3,3,3,3,3,3,3,3,3,3,3,3,3,3,3,3,3,3,3
внутригородская территория города федерального значения муниципальный округ Алтуфьевский,9,9,9,9,9,9,9,9,9,9,9,9,9,9,9,9,9,9,9,9,9,9,9,9
внутригородская территория города федерального значения муниципальный округ Аптекарский остров,3,3,3,3,3,3,3,3,3,3,3,3,3,3,3,3,3,3,3,3,3,3,3,3
внутригородская территория города федерального значения муниципальный округ Арбат,3,3,3,3,3,3,3,3,3,3,3,3,3,3,3,3,3,3,3,3,3,3,3,3
внутригородская территория города федерального значения муниципальный округ Аэропорт,3,3,3,3,3,3,3,3,3,3,3,3,3,3,3,3,3,3,3,3,3,3,3,3
внутригородская территория города федерального значения муниципальный округ Бабушкинский,9,9,9,9,9,9,9,9,9,9,9,9,9,9,9,9,9,9,9,9,9,9,9,9
внутригородская территория города федерального значения муниципальный округ Балканский,9,9,9,9,9,9,9,9,9,9,9,9,9,9,9,9,9,9,9,9,9,9,9,9
внутригородская территория города федерального значения муниципальный округ Басманный,3,3,3,3,3,3,3,3,3,3,3,3,3,3,3,3,3,3,3,3,3,3,3,3
внутригородская территория города федерального значения муниципальный округ Беговой,3,3,3,3,3,3,3,3,3,3,3,3,3,3,3,3,3,3,3,3,3,3,3,3
внутригородская территория города федерального значения муниципальный округ Бескудниковский,9,9,9,9,9,9,9,9,9,9,9,9,9,9,9,9,9,9,9,9,9,9,9,9
внутригородская территория города федерального значения муниципальный округ Бибирево,9,9,9,9,9,9,9,9,9,9,9,9,9,9,9,9,9,9,9,9,9,9,9,9
внутригородская территория города федерального значения муниципальный округ Бирюлево Восточное,9,9,9,9,9,9,9,9,9,9,9,9,9,9,9,9,9,9,9,9,9,9,9,9
внутригородская территория города федерального значения муниципальный округ Бирюлево Западное,9,9,9,9,9,9,9,9,9,9,9,9,9,9,9,9,9,9,9,9,9,9,9,9
внутригородская территория города федерального значения муниципальный округ Богородское,9,9,9,9,9,9,9,9,9,9,9,9,9,9,9,9,9,9,9,9,9,9,9,9
внутригородская территория города федерального значения муниципальный округ Большая Охта,3,3,3,3,3,3,3,3,3,3,3,3,9,9,9,9,9,9,9,9,9,9,9,9
внутригородская территория города федерального значения муниципальный округ Братеево,9,9,9,9,9,9,9,9,9,9,9,9,9,9,9,9,9,9,9,9,9,9,9,9
внутригородская территория города федерального значения муниципальный округ Бутырский,3,3,3,3,3,3,3,3,3,3,3,3,3,3,3,3,3,3,3,3,3,3,3,3
внутригородская территория города федерального значения муниципальный округ Васильевский,3,3,3,3,3,3,3,3,3,3,3,3,3,3,3,3,3,3,3,3,3,3,3,3
внутригородская территория города федерального значения муниципальный округ Введенский,3,3,3,3,3,3,3,3,3,3,3,3,3,3,3,3,3,3,3,3,3,3,3,3
внутригородская территория города федерального значения муниципальный округ Вешняки,9,9,9,9,9,9,9,9,9,9,9,9,9,9,9,9,9,9,9,9,9,9,9,9
внутригородская территория города федерального значения муниципальный округ Владимирский округ,3,3,3,3,3,3,3,3,3,3,3,3,3,3,3,3,3,3,3,3,3,3,3,3
внутригородская территория города федерального значения муниципальный округ Внуково,9,9,9,9,9,9,9,9,9,9,9,9,9,9,9,9,9,9,9,9,9,9,9,9
внутригородская территория города федерального значения муниципальный округ Войковский,3,3,3,3,3,3,3,3,3,3,3,3,3,3,3,3,3,3,3,3,3,3,3,3
внутригородская территория города федерального значения муниципальный округ Волковское,9,9,9,9,9,9,9,9,9,9,9,9,9,9,9,9,9,9,9,9,9,9,9,9
внутригородская территория города федерального значения муниципальный округ Восточное Дегунино,9,9,9,9,9,9,9,9,9,9,9,9,9,9,9,9,9,9,9,9,9,9,9,9
внутригородская территория города федерального значения муниципальный округ Восточное Измайлово,9,9,9,9,9,9,9,9,9,9,9,9,9,9,9,9,9,9,9,9,9,9,9,9
внутригородская территория города федерального значения муниципальный округ Восточный,9,9,9,9,9,9,9,9,9,9,9,9,9,9,9,9,9,9,9,9,9,9,9,9
внутригородская территория города федерального значения муниципальный округ Выхино-Жулебино,9,9,9,9,9,9,9,9,9,9,9,9,9,9,9,9,9,9,9,9,9,9,9,9
внутригородская территория города федерального значения муниципальный округ Гавань,3,3,3,3,3,3,3,3,3,3,3,3,3,3,3,3,3,3,3,3,3,3,3,3
внутригородская территория города федерального значения муниципальный округ Гагаринский,3,3,3,3,3,3,3,3,3,3,3,3,3,3,3,3,3,3,3,3,3,3,3,3
внутригородская территория города федерального значения муниципальный округ Гагаринское,3,3,3,3,3,3,3,3,3,3,3,9,9,9,9,9,9,3,3,9,9,9,9,9
внутригородская территория города федерального значения муниципальный округ Георгиевский,9,9,9,9,9,9,9,9,9,9,9,9,9,9,9,9,9,9,9,9,9,9,9,9
внутригородская территория города федерального значения муниципальный округ Головинский,9,9,9,9,9,9,9,9,9,9,9,9,9,9,9,9,9,9,9,9,9,9,9,9
внутригородская территория города федерального значения муниципальный округ Гольяново,9,9,9,9,9,9,9,9,9,9,9,9,9,9,9,9,9,9,9,9,9,9,9,9
внутригородская территория города федерального значения муниципальный округ Горелово,9,9,9,9,9,9,9,9,9,9,9,9,9,9,9,9,9,9,9,9,9,9,9,9
внутригородская территория города федерального значения муниципальный округ Гражданка,3,3,3,3,3,3,3,3,3,3,3,3,9,9,9,9,9,9,9,9,9,9,9,9
внутригородская территория города федерального значения муниципальный округ Даниловский,3,3,3,3,3,3,3,3,3,3,3,3,3,3,3,3,3,3,3,3,3,3,3,3
внутригородская территория города федерального значения муниципальный округ Дачное,9,9,9,9,9,9,9,9,9,9,9,9,9,9,9,9,9,9,9,9,9,9,9,9
внутригородская территория города федерального значения муниципальный округ Дворцовый округ,3,3,3,3,3,3,3,3,3,3,3,3,3,3,3,3,3,3,3,3,3,3,3,3
внутригородская территория города федерального значения муниципальный округ Дмитровский,9,9,9,9,9,9,9,9,9,9,9,9,9,9,9,9,9,9,9,9,9,9,9,9
внутригородская территория города федерального значения муниципальный округ Донской,3,3,3,3,3,3,3,3,3,3,3,3,3,3,3,3,3,3,3,3,3,3,3,3
внутригородская территория города федерального значения муниципальный округ Дорогомилово,3,3,3,3,3,3,3,3,3,3,3,3,3,3,3,3,3,3,3,3,3,3,3,3
внутригородская территория города федерального значения муниципальный округ Екатерингофский,9,9,9,9,9,9,9,9,9,9,9,9,9,9,9,9,9,9,9,9,9,9,9,9
внутригородская территория города федерального значения муниципальный округ Замоскворечье,3,3,3,3,3,3,3,3,3,3,3,3,3,3,3,3,3,3,3,3,3,3,3,3
внутригородская территория города федерального значения муниципальный округ Западное Дегунино,9,9,9,9,9,9,9,9,9,9,9,9,9,9,9,9,9,9,9,9,9,9,9,9
внутригородская территория города федерального значения муниципальный округ Звездное,3,3,3,3,3,3,3,3,3,3,3,3,3,3,3,3,3,3,3,3,3,3,3,3
внутригородская территория города федерального значения муниципальный округ Зюзино,3,3,3,3,3,3,3,3,3,3,3,3,3,3,3,3,3,3,3,3,3,3,3,3
внутригородская территория города федерального значения муниципальный округ Зябликово,9,9,9,9,9,9,9,9,9,9,9,9,9,9,9,9,9,9,9,9,9,9,9,9
внутригородская территория города федерального значения муниципальный округ Ивановский,9,9,9,9,9,9,9,9,9,9,9,9,9,9,9,9,9,9,9,9,9,9,9,9
внутригородская территория города федерального значения муниципальный округ Ивановское,9,9,9,9,9,9,9,9,9,9,9,9,9,9,9,9,9,9,9,9,9,9,9,9
внутригородская территория города федерального значения муниципальный округ Измайлово,3,3,3,3,3,3,3,3,3,3,3,3,3,3,3,3,3,3,3,3,3,3,3,3
внутригородская территория города федерального значения муниципальный округ Измайловское,3,3,3,3,3,3,3,3,3,3,3,3,3,3,3,3,3,3,3,3,3,3,3,3
внутригородская территория города федерального значения муниципальный округ Капотня,9,9,9,9,9,9,9,9,9,9,9,9,9,9,9,9,9,9,9,9,9,9,9,9
внутригородская территория города федерального значения муниципальный округ Княжево,9,9,9,9,9,9,9,9,9,9,9,9,9,9,9,9,9,9,9,9,9,9,9,9
внутригородская территория города федерального значения муниципальный округ Коломна,3,3,3,3,3,3,3,3,3,3,3,3,3,3,3,3,3,3,3,3,3,3,3,3
внутригородская территория города федерального значения муниципальный округ Коломяги,3,3,3,3,3,3,3,3,3,3,3,3,3,3,3,3,3,3,3,3,3,3,3,3
внутригородская территория города федерального значения муниципальный округ Комендантский аэродром,3,3,3,3,3,3,3,3,3,3,3,3,3,3,3,3,3,3,3,3,3,9,9,9
внутригородская территория города федерального значения муниципальный округ Константиновское,9,9,9,9,9,9,9,9,9,9,9,9,9,9,9,9,9,9,9,9,9,9,9,9
внутригородская территория города федерального значения муниципальный округ Коньково,3,3,3,3,3,3,3,3,3,3,3,3,3,3,3,3,3,3,3,3,3,3,3,3
внутригородская территория города федерального значения муниципальный округ Коптево,9,9,9,9,9,9,3,3,9,9,9,9,9,9,9,9,9,9,9,9,9,9,9,9
внутригородская территория города федерального значения муниципальный округ Косино-Ухтомский,9,9,9,9,9,9,9,9,9,9,9,9,9,9,9,9,9,9,9,9,9,9,9,9
внутригородская территория города федерального значения муниципальный округ Котловка,9,9,9,9,9,9,9,9,9,9,9,9,9,9,9,9,9,9,9,9,9,9,9,9
внутригородская территория города федерального значения муниципальный округ Красненькая речка,9,9,9,9,9,9,9,9,9,9,9,9,9,9,9,9,9,9,9,9,9,9,9,9
внутригородская территория города федерального значения муниципальный округ Красносельский,3,3,3,3,3,3,3,3,3,3,3,3,3,3,3,3,3,3,3,3,3,3,3,3
внутригородская территория города федерального значения муниципальный округ Кронверкское,3,3,3,3,3,3,3,3,3,3,3,3,3,3,3,3,3,3,3,3,3,3,3,3
внутригородская территория города федерального значения муниципальный округ Крылатское,3,3,3,3,3,3,3,3,3,3,3,3,3,3,3,3,3,3,3,3,3,3,3,3
внутригородская территория города федерального значения муниципальный округ Крюково,9,9,9,9,9,9,9,9,9,9,9,9,9,9,9,9,9,9,9,9,9,9,9,9
внутригородская территория города федерального значения муниципальный округ Кузьминки,9,9,9,9,9,9,9,9,9,9,9,9,9,9,9,9,9,9,9,9,9,9,9,9
внутригородская территория города федерального значения муниципальный округ Кунцево,3,3,3,3,3,3,3,3,3,3,3,3,3,3,3,3,3,3,3,3,3,3,3,3
внутригородская территория города федерального значения муниципальный округ Купчино,9,9,9,9,9,9,9,9,9,9,9,9,9,9,9,9,9,9,9,9,9,9,9,9
внутригородская территория города федерального значения муниципальный округ Куркино,3,3,3,3,3,3,3,3,3,3,3,3,3,3,3,3,3,3,3,3,3,3,3,3
внутригородская территория города федерального значения муниципальный округ Ланское,3,3,3,3,3,3,3,3,3,3,3,3,3,3,3,3,3,3,3,3,3,3,3,3
внутригородская территория города федерального значения муниципальный округ Лахта-Ольгино,9,9,9,9,9,9,9,9,9,9,9,9,9,9,9,9,9,9,9,9,9,9,9,9
внутригородская территория города федерального значения муниципальный округ Левобережный,3,3,3,3,3,3,3,3,3,3,3,3,3,3,3,3,3,3,3,3,3,3,3,3
внутригородская территория города федерального значения муниципальный округ Лефортово,3,3,3,3,3,3,3,3,3,3,3,3,3,3,3,3,3,3,3,3,3,3,3,3
внутригородская территория города федерального значения муниципальный округ Лианозово,9,9,9,9,9,9,9,9,9,9,9,9,9,9,9,9,9,9,9,9,9,9,9,9
внутригородская территория города федерального значения муниципальный округ Лиговка-Ямская,3,3,3,3,3,3,3,3,3,3,3,3,3,3,3,3,3,3,3,3,3,3,3,3
внутригородская территория города федерального значения муниципальный округ Литейный округ,3,3,3,3,3,3,3,3,3,3,3,3,3,3,3,3,3,3,3,3,3,3,3,3
внутригородская территория города федерального значения муниципальный округ Ломоносовский,3,3,3,3,3,3,3,3,3,3,3,3,3,3,3,3,3,3,3,3,3,3,3,3
внутригородская территория города федерального значения муниципальный округ Лосиноостровский,9,9,9,9,9,9,9,9,9,9,9,9,9,9,9,9,9,9,9,9,9,9,9,9
внутригородская территория города федерального значения муниципальный округ Люблино,9,9,9,9,9,9,9,9,9,9,9,9,9,9,9,9,9,9,9,9,9,9,9,9
внутригородская территория города федерального значения муниципальный округ Малая Охта,3,3,3,3,3,3,3,3,3,3,3,3,9,9,9,9,9,9,9,9,9,9,9,9
внутригородская территория города федерального значения муниципальный округ Марфино,3,3,3,3,3,3,3,3,3,3,3,3,3,3,3,3,3,3,3,3,3,3,3,3
внутригородская территория города федерального значения муниципальный округ Марьина роща,3,3,3,3,3,3,3,3,3,3,3,3,3,3,3,3,3,3,3,3,3,3,3,3
внутригородская территория города федерального значения муниципальный округ Марьино,9,9,9,9,9,9,9,9,9,9,9,9,9,9,9,9,9,9,9,9,9,9,9,9
внутригородская территория города федерального значения муниципальный округ Матушкино,9,9,9,9,9,9,9,9,9,9,9,9,9,9,9,9,9,9,9,9,9,9,9,9
внутригородская территория города федерального значения муниципальный округ Метрогородок,9,9,9,9,9,9,9,9,9,9,9,9,9,9,9,9,9,9,9,9,9,9,9,9
внутригородская территория города федерального значения муниципальный округ Мещанский,3,3,3,3,3,3,3,3,3,3,3,3,3,3,3,3,3,3,3,3,3,3,3,3
внутригородская территория города федерального значения муниципальный округ Митино,3,3,3,3,3,3,3,3,3,3,3,3,3,3,3,3,3,3,3,3,3,3,3,3
внутригородская территория города федерального значения муниципальный округ Можайский,3,3,3,3,3,3,3,3,3,3,3,3,3,3,3,3,3,3,3,3,3,3,3,3
внутригородская территория города федерального значения муниципальный округ Молжаниновский,9,9,9,9,9,9,9,9,9,9,9,9,9,9,9,9,9,9,9,9,9,9,9,9
внутригородская территория города федерального значения муниципальный округ Морские ворота,9,9,9,8,8,8,8,8,8,9,9,9,8,8,8,8,8,9,9,9,9,8,8,8
внутригородская территория города федерального значения муниципальный округ Морской,3,3,3,3,3,3,3,3,3,3,3,3,3,3,3,3,3,3,3,3,3,3,3,3
внутригородская территория города федерального значения муниципальный округ Москворечье-Сабурово,9,9,9,9,9,9,9,9,9,9,9,9,9,9,9,9,9,9,9,9,9,9,9,9
внутригородская территория города федерального значения муниципальный округ Московская застава,3,3,3,3,3,3,3,3,3,3,3,3,3,3,3,3,3,3,3,3,3,3,3,3
внутригородская территория города федерального значения муниципальный округ Нагатино-Садовники,3,3,3,3,3,3,3,3,3,3,3,3,3,3,3,3,3,3,3,3,3,3,3,3
внутригородская территория города федерального значения муниципальный округ Нагатинский затон,9,9,3,3,3,3,3,3,3,3,3,3,3,3,3,3,3,3,3,3,3,3,3,3
внутригородская территория города федерального значения муниципальный округ Нагорный,3,3,3,3,3,3,3,3,3,3,3,3,3,3,3,3,3,3,3,3,3,3,3,3
внутригородская территория города федерального значения муниципальный округ Нарвский округ,9,9,9,9,9,9,9,9,9,9,9,9,9,9,9,9,9,9,9,9,9,9,9,9
внутригородская территория города федерального значения муниципальный округ Народный,9,9,9,9,9,9,9,9,9,9,9,9,9,9,9,9,9,9,9,9,9,9,9,9
внутригородская территория города федерального значения муниципальный округ Невская застава,9,9,9,9,9,9,9,9,9,9,9,9,9,9,9,9,9,9,9,9,9,9,9,9
внутригородская территория города федерального значения муниципальный округ Невский округ,3,3,3,3,3,3,3,3,3,3,3,9,9,9,9,9,9,9,9,9,9,9,9,9
внутригородская территория города федерального значения муниципальный округ Некрасовка,9,9,9,9,9,9,9,9,9,9,9,9,9,9,9,9,9,9,9,9,9,9,9,9
внутригородская территория города федерального значения муниципальный округ Нижегородский,9,9,9,9,9,9,9,9,9,9,9,9,9,9,9,9,9,9,9,9,9,9,9,9
внутригородская территория города федерального значения муниципальный округ Ново-Переделкино,9,9,9,9,9,9,9,9,9,9,9,9,9,9,9,9,9,9,9,9,9,9,9,9
внутригородская территория города федерального значения муниципальный округ Новогиреево,9,9,9,9,9,9,9,9,9,9,9,9,9,9,9,9,9,9,9,9,9,9,9,9
внутригородская территория города федерального значения муниципальный округ Новоизмайловское,3,3,9,9,3,3,3,3,3,3,3,9,9,9,9,9,9,9,9,9,9,9,9,9
внутригородская территория города федерального значения муниципальный округ Новокосино,9,9,9,9,9,9,9,9,9,9,9,9,9,9,9,9,9,9,9,9,9,9,9,9
внутригородская территория города федерального значения муниципальный округ Обручевский,3,3,3,3,3,3,3,3,3,3,3,3,3,3,3,3,3,3,3,3,3,3,3,3
внутригородская территория города федерального значения муниципальный округ Обуховский,9,9,9,9,9,9,9,9,9,9,9,9,9,9,9,9,9,9,9,9,9,9,9,9
внутригородская территория города федерального значения муниципальный округ Озеро Долгое,3,3,3,3,3,3,3,3,3,3,3,3,3,3,3,3,3,3,3,9,9,9,9,9
внутригородская территория города федерального значения муниципальный округ Оккервиль,9,9,9,9,9,9,9,9,9,9,9,9,9,9,9,9,9,9,9,9,9,9,9,9
внутригородская территория города федерального значения муниципальный округ Орехово-Борисово Северное,9,9,9,9,9,9,9,9,9,9,9,9,9,9,9,9,9,9,9,9,9,9,9,9
внутригородская территория города федерального значения муниципальный округ Орехово-Борисово Южное,9,9,9,9,9,9,9,9,9,9,9,9,9,9,9,9,9,9,9,9,9,9,9,9
внутригородская территория города федерального значения муниципальный округ Останкинский,3,3,3,3,3,3,3,3,3,3,3,3,3,3,3,3,3,3,3,3,3,3,3,3
внутригородская территория города федерального значения муниципальный округ Остров Декабристов,3,3,3,3,3,3,3,3,3,3,3,3,3,3,3,3,3,3,3,3,3,3,3,3
внутригородская территория города федерального значения муниципальный округ Отрадное,9,9,9,9,9,9,9,9,9,9,9,9,9,9,9,9,9,9,9,9,9,9,9,9
внутригородская территория города федерального значения муниципальный округ Очаково-Матвеевское,3,3,3,3,3,3,3,3,3,3,3,3,3,3,3,3,3,3,3,3,3,3,3,3
внутригородская территория города федерального значения муниципальный округ Перово,9,9,9,9,9,9,9,9,9,9,9,9,9,9,9,9,9,9,9,9,9,9,9,9
внутригородская территория города федерального значения муниципальный округ Печатники,9,9,9,9,9,9,9,9,9,9,9,9,9,9,9,9,9,9,9,9,9,9,9,9
внутригородская территория города федерального значения муниципальный округ Пискаревка,3,3,3,3,3,3,3,3,3,3,3,3,3,3,3,3,3,3,3,3,3,3,3,3
внутригородская территория города федерального значения муниципальный округ Покровское-Стрешнево,9,9,9,9,9,3,3,3,3,3,3,3,3,3,3,3,3,3,3,3,3,3,3,3
внутригородская территория города федерального значения муниципальный округ Полюстрово,9,9,9,9,9,9,9,9,9,9,9,9,9,9,9,9,9,9,9,9,9,9,9,9
внутригородская территория города федерального значения муниципальный округ Пороховые,9,9,9,9,9,9,9,9,9,9,9,9,9,9,9,9,9,9,9,9,9,9,9,9
внутригородская территория города федерального значения муниципальный округ Посадский,3,3,3,3,3,3,3,3,3,3,3,3,3,3,3,3,3,3,3,3,3,3,3,3
внутригородская территория города федерального значения муниципальный округ Правобережный,3,3,3,3,3,3,3,3,3,3,3,3,3,3,3,9,9,9,9,9,9,9,9,9
внутригородская территория города федерального значения муниципальный округ Преображенское,3,3,3,3,3,3,3,3,3,3,3,3,3,3,3,3,3,3,3,3,3,3,3,3
внутригородская территория города федерального значения муниципальный округ Пресненский,3,3,3,3,3,3,3,3,3,3,3,3,3,3,3,3,3,3,3,3,3,3,3,3
внутригородская территория города федерального значения муниципальный округ Прометей,9,9,9,9,9,9,9,9,9,9,9,9,9,9,9,9,9,9,9,9,9,9,9,9
внутригородская территория города федерального значения муниципальный округ Проспект Вернадского,3,3,3,3,3,3,3,3,3,3,3,3,3,3,3,3,3,3,3,3,3,3,3,3
внутригородская территория города федерального значения муниципальный округ Пулковский меридиан,3,3,3,3,3,3,3,3,3,3,3,3,3,3,3,9,9,9,9,9,9,9,9,9
внутригородская территория города федерального значения муниципальный округ Раменки,3,3,3,3,3,3,3,3,3,3,3,3,3,3,3,3,3,3,3,3,3,3,3,3
внутригородская территория города федерального значения муниципальный округ Ржевка,9,9,9,9,9,9,9,9,9,9,9,9,9,9,9,9,9,9,9,9,9,9,9,9
внутригородская территория города федерального значения муниципальный округ Ростокино,3,3,3,3,3,3,3,3,3,3,3,3,3,3,3,3,3,3,3,3,3,3,3,3
внутригородская территория города федерального значения муниципальный округ Рыбацкое,9,9,9,9,9,9,9,9,9,9,9,9,9,9,9,9,9,9,9,9,9,9,9,9
внутригородская территория города федерального значения муниципальный округ Рязанский,9,9,9,9,9,9,9,9,9,9,9,9,9,9,9,9,9,9,9,9,9,9,9,9
внутригородская территория города федерального значения муниципальный округ Савеловский,3,3,3,3,3,3,3,3,3,3,3,3,3,3,3,3,3,3,3,3,3,3,3,3
внутригородская территория города федерального значения муниципальный округ Сампсониевское,3,3,3,3,3,3,3,3,3,3,3,3,3,3,3,3,3,3,3,3,3,3,3,3
внутригородская территория города федерального значения муниципальный округ Светлановское,3,3,3,3,3,3,3,3,3,3,3,3,3,3,3,3,3,3,3,3,3,3,3,3
внутригородская территория города федерального значения муниципальный округ Свиблово,3,3,3,3,3,3,3,3,3,3,3,3,3,3,3,3,3,3,3,3,3,3,3,3
внутригородская территория города федерального значения муниципальный округ Северное Бутово,3,3,3,3,3,3,3,3,3,3,3,3,3,3,3,3,3,3,3,3,3,3,3,3
внутригородская территория города федерального значения муниципальный округ Северное Измайлово,9,9,9,9,9,9,9,9,9,9,9,9,9,9,9,9,9,9,9,9,9,9,9,9
внутригородская территория города федерального значения муниципальный округ Северное Медведково,9,9,9,9,9,9,9,9,9,9,9,9,9,9,9,9,9,9,9,9,9,9,9,9
внутригородская территория города федерального значения муниципальный округ Северное Тушино,9,9,9,9,9,9,9,9,9,9,9,9,9,9,9,9,9,9,9,9,9,9,9,9
внутригородская территория города федерального значения муниципальный округ Семеновский,3,3,3,3,3,3,3,3,3,3,3,3,3,3,3,3,3,3,3,3,3,3,3,3
внутригородская территория города федерального значения муниципальный округ Сенной округ,3,3,3,3,3,3,3,3,3,3,3,3,3,3,3,3,3,3,3,3,3,3,3,3
внутригородская территория города федерального значения муниципальный округ Сергиевское,9,9,9,9,9,9,9,9,9,9,9,9,9,9,9,9,9,9,9,9,9,9,9,9
внутригородская территория города федерального значения муниципальный округ Силино,9,9,9,9,9,9,9,9,9,9,9,9,9,9,9,9,9,9,9,9,9,9,9,9
внутригородская территория города федерального значения муниципальный округ Смольнинское,3,3,3,3,3,3,3,3,3,3,3,3,3,3,3,3,3,3,3,3,3,3,3,3
внутригородская территория города федерального значения муниципальный округ Сокол,3,3,3,3,3,3,3,3,3,3,3,3,3,3,3,3,3,3,3,3,3,3,3,3
внутригородская территория города федерального значения муниципальный округ Соколиная гора,9,9,9,9,9,9,9,9,9,3,3,9,9,9,9,9,9,9,9,9,9,9,9,9
внутригородская территория города федерального значения муниципальный округ Сокольники,3,3,3,3,3,3,3,3,3,3,3,3,3,3,3,3,3,3,3,3,3,3,3,3
внутригородская территория города федерального значения муниципальный округ Солнцево,3,3,3,3,3,3,3,3,3,3,3,3,3,3,3,3,3,9,9,3,3,3,3,3
внутригородская территория города федерального значения муниципальный округ Сосновая поляна,9,9,9,9,9,9,9,9,9,9,9,9,9,9,9,9,9,9,9,9,9,9,9,9
внутригородская территория города федерального значения муниципальный округ Сосновское,3,3,3,3,3,3,3,3,3,3,3,3,9,9,9,9,9,9,9,9,9,9,9,9
внутригородская территория города федерального значения муниципальный округ Старое Крюково,9,9,9,9,9,9,9,9,9,9,9,9,9,9,9,9,9,9,9,9,9,9,9,9
внутригородская территория города федерального значения муниципальный округ Строгино,3,3,3,3,3,3,3,3,3,3,3,3,3,3,3,3,3,3,3,3,3,3,3,3
внутригородская территория города федерального значения муниципальный округ Таганский,3,3,3,3,3,3,3,3,3,3,3,3,3,3,3,3,3,3,3,3,3,3,3,3
внутригородская территория города федерального значения муниципальный округ Тверской,3,3,3,3,3,3,3,3,3,3,3,3,3,3,3,3,3,3,3,3,3,3,3,3
внутригородская территория города федерального значения муниципальный округ Текстильщики,9,9,9,9,9,9,9,9,9,9,9,9,9,9,9,9,9,9,9,9,9,9,9,9
внутригородская территория города федерального значения муниципальный округ Теплый Стан,3,3,3,3,3,3,3,3,3,3,3,3,3,3,3,3,3,3,3,3,3,3,3,3
внутригородская территория города федерального значения муниципальный округ Тимирязевский,3,3,3,3,3,3,3,3,3,3,3,3,3,3,3,3,3,3,3,3,3,3,3,3
внутригородская территория города федерального значения муниципальный округ Тропарево-Никулино,3,3,3,3,3,3,3,3,3,3,3,3,3,3,3,3,3,3,3,3,3,3,3,3
внутригородская территория города федерального значения муниципальный округ Ульянка,9,9,9,9,9,9,9,9,9,9,9,9,9,9,9,9,9,9,9,9,9,9,9,9
внутригородская территория города федерального значения муниципальный округ Урицк,9,9,9,9,9,9,9,9,9,9,9,9,9,9,9,9,9,9,9,9,9,9,9,9
внутригородская территория города федерального значения муниципальный округ Филевский парк,3,3,3,3,3,3,3,3,3,3,3,3,3,3,3,3,3,3,3,3,3,3,3,3
внутригородская территория города федерального значения муниципальный округ Фили-Давыдково,3,3,3,3,3,3,3,3,3,3,3,3,3,3,3,3,3,3,3,3,3,3,3,3
внутригородская территория города федерального значения муниципальный округ Финляндский округ,9,9,9,9,9,9,9,9,9,9,9,9,9,9,9,9,9,9,9,9,9,9,9,9
внутригородская территория города федерального значения муниципальный округ Хамовники,3,3,3,3,3,3,3,3,3,3,3,3,3,3,3,3,3,3,3,3,3,3,3,3
внутригородская территория города федерального значения муниципальный округ Ховрино,3,3,3,3,3,3,3,3,3,3,3,3,3,3,3,3,3,3,3,3,3,3,3,3
внутригородская территория города федерального значения муниципальный округ Хорошево-Мневники,3,3,3,3,3,3,3,3,3,3,3,3,3,3,3,3,3,3,3,3,3,3,3,3
внутригородская территория города федерального значения муниципальный округ Хорошевский,3,3,3,3,3,3,3,3,3,3,3,3,3,3,3,3,3,3,3,3,3,3,3,3
внутригородская территория города федерального значения муниципальный округ Царицыно,9,9,9,9,9,9,9,9,9,9,9,9,9,9,9,9,9,9,9,9,9,9,9,9
внутригородская территория города федерального значения муниципальный округ Черемушки,3,3,3,3,3,3,3,3,3,3,3,3,3,3,3,3,3,3,3,3,3,3,3,3
внутригородская территория города федерального значения муниципальный округ Чертаново Северное,3,3,3,3,3,3,3,3,3,3,3,3,3,3,3,3,3,3,3,3,3,3,3,3
внутригородская территория города федерального значения муниципальный округ Чертаново Центральное,9,9,9,9,9,9,9,9,9,9,9,9,9,9,9,9,9,9,9,9,9,9,9,9
внутригородская территория города федерального значения муниципальный округ Чертаново Южное,9,9,9,9,9,9,9,9,9,9,9,9,9,9,9,9,9,9,9,9,9,9,9,9
внутригородская территория города федерального значения муниципальный округ Чкаловское,3,3,3,3,3,3,3,3,3,3,3,3,3,3,3,3,3,3,3,3,3,3,3,3
внутригородская территория города федерального значения муниципальный округ Шувалово-Озерки,3,3,3,3,3,3,3,3,3,3,3,9,9,9,9,9,9,9,9,9,9,9,9,9
внутригородская территория города федерального значения муниципальный округ Щукино,3,3,3,3,3,3,3,3,3,3,3,3,3,3,3,3,3,3,3,3,3,3,3,3
внутригородская территория города федерального значения муниципальный округ Юго-Запад,3,3,9,9,9,9,9,9,9,9,9,9,9,9,9,9,9,9,9,9,9,9,9,9
внутригородская территория города федерального значения муниципальный округ Южно-Приморский,3,3,3,3,3,3,3,3,3,3,3,3,3,3,3,3,3,3,3,3,3,3,3,3
внутригородская территория города федерального значения муниципальный округ Южное Бутово,9,9,9,9,3,3,9,9,9,9,9,9,9,9,9,9,9,9,9,9,9,9,9,9
внутригородская территория города федерального значения муниципальный округ Южное Медведково,9,9,9,9,9,9,9,9,9,9,9,9,9,9,9,9,9,9,9,9,9,9,9,9
внутригородская территория города федерального значения муниципальный округ Южное Тушино,9,9,9,9,9,9,9,9,9,9,9,9,9,9,9,9,9,9,9,9,9,9,9,9
внутригородская территория города федерального значения муниципальный округ Южнопортовый,3,3,3,3,3,3,3,3,3,3,3,3,3,3,3,3,3,3,3,3,3,3,3,3
внутригородская территория города федерального значения муниципальный округ Юнтолово,3,3,3,3,3,3,3,3,3,3,3,3,3,3,3,3,3,3,3,3,3,3,3,3
внутригородская территория города федерального значения муниципальный округ Якиманка,3,3,3,3,3,3,3,3,3,3,3,3,3,3,3,3,3,3,3,3,3,3,3,3
внутригородская территория города федерального значения муниципальный округ Ярославский,9,9,9,9,9,9,9,9,9,9,9,9,9,9,9,9,9,9,9,9,9,9,9,9
внутригородская территория города федерального значения муниципальный округ Ясенево,9,9,9,9,9,9,9,9,9,9,9,9,9,9,9,9,9,9,9,9,9,9,9,9
внутригородская территория города федерального значения муниципальный округ округ Петровский,3,3,3,3,3,3,3,3,3,3,3,3,3,3,3,3,3,3,3,3,3,3,3,3
внутригородская территория города федерального значения муниципальный округ № 15,9,9,9,9,9,9,9,9,9,9,9,9,9,9,9,9,9,9,9,9,9,9,9,9
внутригородская территория города федерального значения муниципальный округ № 21,9,9,9,9,9,9,9,9,9,9,9,9,9,9,9,9,9,9,9,9,9,9,9,9
внутригородская территория города федерального значения муниципальный округ № 54,9,9,9,9,9,9,9,9,9,9,9,9,9,9,9,9,9,9,9,9,9,9,9,9
внутригородская территория города федерального значения муниципальный округ № 65,3,3,3,3,3,3,3,3,3,3,3,3,3,3,3,3,3,3,3,3,3,3,3,3
внутригородская территория города федерального значения муниципальный округ № 7,3,3,3,3,3,3,3,3,3,3,3,3,3,3,3,3,3,3,3,3,3,3,3,3
внутригородская территория города федерального значения муниципальный округ № 72,9,9,9,9,9,9,9,9,9,9,9,9,9,9,9,9,9,9,9,9,9,9,9,9
внутригородская территория города федерального значения муниципальный округ № 78,3,3,3,3,3,3,3,3,3,3,3,3,3,3,3,3,3,3,3,3,3,3,3,3
внутригородская территория города федерального значения поселение Внуковское,3,3,3,3,3,3,3,3,3,3,3,3,3,3,3,3,3,3,3,3,3,3,3,3
внутригородская территория города федерального значения поселение Вороновское,9,9,9,9,9,9,0,0,0,0,0,9,9,9,9,9,10,10,10,10,10,10,10,10
внутригородская территория города федерального значения поселение Воскресенское,9,9,9,9,9,9,9,9,9,9,9,9,9,9,9,9,9,9,9,9,9,9,9,9
внутригородская территория города федерального значения поселение Десеновское,9,9,9,9,9,9,9,9,9,9,9,9,9,9,9,9,9,9,9,9,9,9,9,9
внутригородская территория города федерального значения поселение Киевский,0,0,0,0,0,0,0,0,0,2,2,2,0,0,11,11,0,0,0,10,10,10,10,10
внутригородская территория города федерального значения поселение Кокошкино,9,9,9,0,0,0,0,0,0,0,0,0,0,0,0,8,8,8,8,9,9,9,9,9
внутригородская территория города федерального значения поселение Краснопахорское,9,9,9,9,9,9,9,9,9,9,9,9,9,9,9,9,9,10,10,10,10,10,10,10
внутригородская территория города федерального значения поселение Марушкинское,9,9,9,9,9,9,9,9,9,9,9,9,9,9,9,9,9,9,9,9,9,9,9,9
внутригородская территория города федерального значения поселение Михайлово-Ярцевское,9,9,9,0,0,0,0,0,0,0,0,0,0,0,0,0,10,10,10,10,10,10,10,10
внутригородская территория города федерального значения поселение Московский,3,3,3,3,3,3,3,3,3,3,3,3,3,3,3,3,3,3,3,3,3,3,3,3
"внутригородская территория города федерального значения поселение Мосрентген""""",9,9,9,9,9,4,4,4,4,4,4,4,4,4,4,4,4,4,4,4,4,4,4,4
внутригородская территория города федерального значения поселение Новофедоровское,9,9,9,9,9,9,0,0,0,0,0,0,0,0,0,0,10,10,10,10,10,10,10,10
внутригородская территория города федерального значения поселение Первомайское,9,9,9,9,9,9,9,9,9,9,9,9,9,9,9,9,9,9,9,9,9,9,9,9
внутригородская территория города федерального значения поселение Рязановское,9,9,9,9,9,9,9,9,9,9,9,9,9,9,9,9,9,9,9,9,9,9,9,9
внутригородская территория города федерального значения поселение Сосенское,3,3,3,3,3,3,3,3,3,3,3,3,3,3,3,3,3,3,3,3,3,3,3,3
внутригородская территория города федерального значения поселение Филимонковское,9,9,9,9,9,9,9,9,9,9,9,9,9,9,9,9,9,9,9,9,9,9,9,9
внутригородская территория города федерального значения поселение Щаповское,9,9,9,0,0,0,0,0,0,0,0,0,0,0,0,0,10,10,10,10,10,10,10,10
внутригородская территория города федерального значения поселок Левашово,9,9,9,9,9,9,9,9,9,9,9,9,9,9,9,9,9,9,9,9,9,9,9,9
внутригородская территория города федерального значения поселок Лисий Нос,9,9,9,9,9,9,9,9,9,9,9,9,9,9,9,9,9,9,9,9,9,9,9,9
внутригородская территория города федерального значения поселок Металлострой,8,8,8,8,9,9,9,9,9,9,9,9,9,9,8,8,9,9,9,9,9,9,9,9
внутригородская территория города федерального значения поселок Парголово,9,9,9,9,3,3,3,3,3,9,9,9,9,9,9,9,9,9,9,9,9,9,9,9
внутригородская территория города федерального значения поселок Песочный,9,9,9,9,9,9,9,9,9,9,9,9,9,9,9,9,9,9,9,9,9,9,9,9
внутригородская территория города федерального значения поселок Понтонный,8,8,8,8,8,8,8,9,9,8,8,8,8,8,8,8,8,8,8,9,9,9,9,9
внутригородская территория города федерального значения поселок Стрельна,9,9,9,9,9,9,9,9,9,9,9,9,9,9,9,9,9,9,9,9,9,9,9,9
внутригородская территория города федерального значения поселок Шушары,9,9,9,9,9,9,9,9,9,9,9,9,9,9,9,9,9,9,9,9,9,9,9,9
городской округ Абдулинский,2,2,2,2,2,2,2,2,6,6,6,6,6,6,6,6,11,11,11,11,11,11,11,11
городской округ Алапаевское,0,0,2,2,2,2,2,2,0,0,0,6,6,11,11,11,11,11,11,11,11,11,11,11
городской округ Александровск-Сахалинский район,1,1,1,1,1,1,1,1,1,1,1,1,1,1,10,10,10,10,10,10,10,10,10,10
городской округ Анадырь,1,1,1,1,1,1,1,1,1,1,1,1,1,1,1,1,1,1,1,1,1,1,1,1
городской округ Ангарский,8,8,8,8,8,8,8,8,8,8,8,8,8,8,8,8,8,8,8,8,8,8,8,8
городской округ Анжеро-Судженский,0,0,0,0,0,0,0,0,0,0,0,0,0,8,8,0,0,10,10,10,10,10,10,10
городской округ Анивский,1,1,1,1,1,1,1,1,1,1,1,1,1,1,1,1,1,1,1,1,1,1,1,1
городской округ Арамильский,8,8,8,8,8,8,8,8,8,8,8,8,8,8,8,8,8,8,8,8,8,8,8,8
городской округ Арсеньевский,1,1,1,1,1,1,1,1,1,1,1,1,1,1,1,1,1,1,1,1,1,1,1,1
городской округ Артинский,2,2,2,6,6,6,6,6,6,6,6,6,6,6,6,11,11,11,11,11,11,11,11,11
городской округ Асбестовский,8,8,8,8,8,8,8,8,8,8,8,8,8,8,8,8,8,8,8,8,8,8,8,8
городской округ Ачитский,2,2,2,2,2,2,2,6,6,6,6,6,6,6,6,11,11,11,11,11,11,11,11,11
городской округ Баксан,7,7,7,7,7,7,7,7,7,7,7,7,7,7,7,7,7,7,7,7,7,7,7,7
городской округ Балашиха,9,9,9,9,9,9,9,9,9,9,9,9,9,9,9,9,9,9,9,9,9,9,9,9
городской округ Балтийский,0,0,0,0,0,0,0,0,0,0,1,1,1,0,0,0,0,1,1,1,1,1,1,1
городской округ Беловский,0,0,0,0,0,0,0,0,0,0,0,0,0,8,8,8,8,8,8,8,8,8,8,8
городской округ Белоярский,0,0,0,0,0,0,0,0,0,0,0,0,0,0,0,0,0,0,10,10,10,10,10,10
городской округ Бисертский,0,0,0,0,0,0,0,0,0,11,11,11,11,11,11,11,11,11,11,11,11,11,11,11
городской округ Богданович,0,0,0,0,0,0,0,0,0,0,0,0,0,0,0,0,0,0,10,10,10,10,10,10
городской округ Богородский,9,9,9,9,9,9,9,9,9,9,9,9,9,9,9,9,9,9,9,9,9,9,9,9
городской округ Большой Камень,1,1,1,1,1,1,1,1,1,1,1,1,1,1,1,1,1,1,1,1,1,1,1,1
городской округ Бронницы,9,9,9,9,9,9,9,9,9,9,9,9,9,9,9,9,9,9,9,9,9,9,9,9
городской округ Великий Новгород,8,8,8,8,8,8,8,8,8,8,8,8,8,8,8,8,8,8,8,8,8,8,8,8
городской округ Верещагинский,0,0,0,0,0,6,6,6,6,6,6,6,6,6,6,6,6,11,11,11,11,10,10,10
городской округ Верхнесалдинский,8,8,8,8,8,8,8,8,0,0,0,0,8,8,8,8,8,8,8,8,8,8,10,10
городской округ Верхнеуфалейский,2,2,2,2,2,2,2,2,0,0,6,6,6,6,11,11,11,11,11,11,11,11,10,10
городской округ Верхний Тагил,0,0,0,0,0,0,2,2,0,0,0,0,0,0,0,11,11,11,11,11,10,10,11,11
городской округ Верхняя Пышма,8,8,8,8,8,8,8,8,8,8,8,8,8,8,8,8,8,8,8,8,8,8,8,8
городской округ Верхняя Тура,0,0,0,0,2,2,2,2,0,0,0,0,0,0,11,11,11,11,11,10,10,10,10,10
городской округ Верхотурский,0,0,0,0,0,0,0,0,0,0,0,0,11,11,11,11,11,11,11,11,11,11,11,11
городской округ Вичуга,2,2,2,2,2,2,2,2,2,2,6,6,6,6,6,11,11,11,11,11,11,11,11,11
городской округ Владивостокский,1,1,1,1,1,1,1,1,1,1,1,1,1,1,1,1,1,1,1,1,1,1,1,1
городской округ Волоколамский,0,0,0,0,0,0,0,0,0,0,0,0,0,0,0,10,10,10,10,10,10,10,10,10
городской округ Волчанский,0,0,2,2,2,2,2,2,2,0,0,11,11,11,11,11,11,11,11,11,11,11,11,11
городской округ Воркута,1,1,1,1,1,1,1,1,1,1,1,1,1,1,1,1,1,1,1,1,1,1,1,1
городской округ Воротынский,2,2,2,2,2,2,2,6,6,6,6,6,6,6,6,6,11,11,11,11,11,11,11,11
городской округ Воскресенск,9,9,9,9,9,9,9,9,9,9,9,9,9,9,9,9,9,9,9,9,9,9,9,9
городской округ Вышневолоцкий,0,0,0,0,0,0,0,0,0,0,0,0,0,0,0,0,0,10,10,10,10,10,10,10
городской округ Гайский,2,2,2,2,2,2,2,0,0,0,0,0,0,11,11,11,11,11,11,10,10,11,11,11
городской округ Гаринский,2,2,2,2,2,2,2,2,2,2,2,2,2,11,11,11,11,11,11,11,11,11,11,11
городской округ Голышмановский,2,2,2,2,2,2,2,2,2,2,2,2,2,2,11,11,11,11,11,11,11,11,11,11
городской округ Горнозаводский,0,0,0,0,0,0,2,2,0,0,0,0,0,11,11,11,11,11,11,11,11,11,11,11
городской округ Гусевский,0,0,0,0,0,0,0,6,6,6,6,6,8,8,8,8,8,8,10,10,10,10,10,10
городской округ Дальнегорский,1,1,1,1,1,1,1,1,1,1,1,1,1,1,1,1,1,10,10,10,10,10,10,10
городской округ Дальнереченский,1,1,1,1,0,0,0,1,1,1,1,1,1,1,1,1,1,10,10,10,10,10,10,10
городской округ Дегтярск,0,0,0,0,2,2,2,2,2,2,0,0,0,11,11,11,11,11,11,11,11,11,11,11
городской округ Дзержинский,9,9,9,9,9,9,9,9,9,9,9,9,9,9,9,9,9,9,9,9,9,9,9,9
городской округ Дмитровский,9,9,9,9,9,9,9,9,9,9,9,9,9,9,9,9,9,9,9,9,9,9,9,9
городской округ Добрянский,0,0,0,0,0,0,0,0,0,0,0,0,0,0,0,0,0,0,0,8,8,8,10,10
городской округ Долгопрудный,9,9,9,9,9,9,9,9,9,9,9,9,9,9,9,9,9,9,9,9,9,9,9,9
городской округ Долинский,1,1,1,1,1,1,1,1,1,1,1,1,1,1,1,1,10,10,10,10,10,10,10,10
городской округ Домодедово,9,9,9,9,9,9,9,9,9,9,9,9,9,9,9,9,9,9,9,9,9,9,9,9
городской округ Дубна,9,9,9,9,9,9,9,9,9,9,9,9,9,9,9,9,9,9,9,9,9,9,9,9
городской округ Егорьевск,8,8,8,8,8,8,8,8,8,8,8,8,8,8,8,8,8,8,8,8,9,9,9,9
городской округ Жигулевск,0,0,0,0,0,0,0,0,0,0,0,0,0,0,8,8,8,8,8,8,8,8,8,8
городской округ Жуковский,9,9,9,9,9,9,9,9,9,9,9,9,9,9,9,9,9,9,9,9,9,9,9,9
городской округ Заводоуковский,0,0,0,0,0,0,0,0,0,0,0,0,0,0,0,0,0,10,10,10,10,10,10,10
городской округ Зарайск,0,0,0,0,0,0,0,0,0,0,0,0,0,0,0,0,0,0,10,10,10,10,10,10
городской округ Заречный,8,8,8,8,8,8,8,0,0,0,0,0,0,8,8,8,8,8,8,8,8,10,10,10
городской округ Зима,0,0,0,0,2,2,2,0,0,0,0,6,6,1,1,1,11,11,11,11,11,11,11,11
городской округ Златоустовский,0,0,0,8,8,8,8,8,8,8,8,8,8,8,8,8,8,8,8,8,8,8,8,8
городской округ Иваново,8,8,8,8,8,8,8,8,8,8,8,8,8,8,8,8,8,8,8,8,8,8,8,8
городской округ Ивдельский,0,0,0,0,0,0,0,0,0,0,0,0,0,0,0,0,0,0,10,10,10,10,10,10
городской округ Ильинский,2,2,2,2,2,2,2,6,6,6,6,6,6,6,6,6,11,11,11,11,11,11,11,11
городской округ Инта,0,0,0,0,0,1,1,1,1,1,1,1,0,0,0,1,1,1,1,1,1,1,1,1
городской округ Ирбитское,0,0,0,0,2,2,2,6,6,6,6,6,6,6,6,6,6,11,11,11,11,11,11,11
городской округ Истра,9,9,9,9,9,9,9,9,9,9,9,9,9,9,9,9,9,9,9,9,9,9,9,9
городской округ Калтанский,0,0,0,0,0,0,0,0,0,0,0,0,0,0,0,0,0,10,10,10,10,10,10,10
городской округ Каменский,0,0,0,0,0,0,0,0,0,0,0,0,0,8,8,8,0,0,10,10,10,10,10,10
городской округ Камышловский,0,0,0,0,0,0,0,0,0,0,0,0,0,0,0,0,0,10,10,10,10,10,10,10
городской округ Карабашский,0,0,0,0,2,2,2,2,0,0,0,0,0,11,11,11,11,11,11,11,10,10,10,10
городской округ Карачаевский,6,6,7,7,7,7,7,7,7,7,7,7,7,7,7,7,7,7,7,7,7,7,7,7
городской округ Карпинск,0,0,0,0,0,0,0,0,0,0,0,0,0,11,11,11,11,11,11,11,11,11,11,11
городской округ Качканарский,8,8,8,8,8,8,0,0,0,0,0,0,8,8,8,8,8,8,8,8,8,10,10,10
городской округ Кашинский,2,2,2,2,2,2,2,2,2,2,2,2,11,11,11,11,11,11,11,11,11,11,11,11
городской округ Кашира,0,0,0,0,0,0,0,0,0,0,0,0,9,9,9,9,9,9,9,9,9,9,9,9
городской округ Кемеровский,8,8,8,8,8,8,8,8,8,8,8,8,8,8,8,8,8,8,8,8,8,8,8,8
городской округ Кинель,0,0,0,0,0,0,0,0,0,0,0,0,0,8,8,8,8,10,10,10,10,10,10,10
городской округ Кинешма,0,0,0,0,0,0,0,0,0,0,0,0,0,0,0,0,0,10,10,10,10,10,10,10
городской округ Кировградский,0,0,0,0,0,0,0,0,0,0,0,0,0,0,0,0,0,10,10,10,10,10,10,10
городской округ Киселевский,0,0,8,8,8,8,8,8,8,8,8,8,8,8,8,8,8,8,8,8,8,8,8,8
городской округ Клин,9,9,9,9,9,9,9,9,9,9,9,9,9,9,9,9,9,9,9,9,9,9,9,9
городской округ Коломна,9,9,9,9,9,9,9,9,9,9,9,9,9,9,9,9,9,9,9,9,9,9,9,9
городской округ Копейский,8,8,8,8,8,8,8,8,8,8,8,8,8,8,8,8,8,8,8,8,8,8,8,8
городской округ Королёв,9,9,9,9,9,9,9,9,9,9,9,9,9,9,9,9,9,9,9,9,9,9,9,9
городской округ Корсаковский,1,1,1,1,1,1,1,1,1,1,1,1,1,1,1,1,1,1,1,1,1,1,1,1
городской округ Костомукшский,1,1,1,1,1,1,1,1,1,1,1,1,1,1,1,1,1,1,1,1,1,1,1,1
городской округ Котельники,9,9,9,9,9,9,9,9,9,9,9,9,9,9,9,9,9,9,9,9,9,9,9,9
городской округ Котлас,8,8,8,8,8,8,8,8,8,8,8,8,8,8,8,8,8,8,8,8,8,8,8,8
городской округ Кохма,0,0,0,0,0,0,0,0,0,0,0,0,0,0,0,0,0,0,0,0,8,8,10,10
городской округ Красновишерский,2,2,2,2,2,2,2,6,6,6,6,6,6,6,11,11,11,11,11,11,11,11,11,11
городской округ Красногорск,9,9,9,9,9,3,3,9,9,9,9,9,9,9,9,9,9,9,9,9,9,9,9,9
городской округ Краснокамский,0,0,0,8,8,8,8,8,8,8,8,8,8,8,8,8,8,8,8,8,8,8,8,8
городской округ Краснотурьинск,8,8,8,8,8,8,8,8,8,8,8,8,8,8,8,8,8,8,8,8,8,8,8,8
городской округ Красноуральск,0,0,0,2,2,2,2,2,0,0,0,0,11,11,11,11,11,11,11,10,10,10,10,10
городской округ Красноуфимск,0,0,0,0,0,8,8,0,0,0,0,0,0,0,0,0,0,10,10,10,10,10,10,10
городской округ Красноуфимский округ,6,6,6,6,6,6,6,6,0,0,0,0,6,6,6,10,10,10,10,10,10,10,10,10
городской округ Кувандыкский,2,2,2,2,2,2,2,6,6,6,6,6,6,6,6,11,11,11,11,11,11,11,11,11
городской округ Курильский,1,1,1,1,1,1,1,1,1,1,1,1,1,1,1,1,1,1,1,1,1,1,1,1
городской округ Кушвинский,0,0,0,0,0,0,0,0,0,0,0,0,0,0,0,0,11,11,11,11,11,10,10,10
городской округ Кыштымский,0,0,0,0,0,0,0,0,0,0,0,0,0,0,0,0,0,10,10,10,10,10,10,10
городской округ Ленинск-Кузнецкий,0,0,0,8,8,8,8,8,8,8,8,8,8,8,8,8,8,8,8,8,8,8,8,8
городской округ Ленинский,9,9,9,9,9,9,9,9,9,9,9,9,9,9,9,9,9,9,9,9,9,9,9,9
городской округ Лесозаводский,1,1,1,1,0,0,1,1,1,1,1,1,1,1,0,0,0,10,10,10,10,10,10,10
городской округ Лобня,9,9,9,9,9,9,9,9,9,9,9,9,9,9,9,9,9,9,9,9,9,9,9,9
городской округ Лосино-Петровский,9,9,9,9,9,9,9,9,9,9,9,9,9,9,9,9,9,9,9,9,9,9,9,9
городской округ Лотошино,0,0,0,2,2,2,2,2,2,2,2,0,0,11,11,11,11,11,11,11,11,11,11,11
городской округ Луховицы,0,0,0,0,0,0,0,0,0,0,0,0,9,9,9,9,9,10,10,10,10,10,10,10
городской округ Лысьвенский,0,0,0,0,0,0,0,0,6,6,6,8,8,8,8,8,8,8,10,10,10,10,10,10
городской округ Лыткарино,9,9,9,9,9,9,9,9,9,9,9,9,9,9,9,9,9,9,9,9,9,9,9,9
городской округ Люберцы,9,9,9,9,9,9,9,9,9,9,9,9,9,9,9,9,9,9,9,9,9,9,9,9
городской округ Магнитогорский,8,8,8,8,8,8,8,8,8,8,8,8,8,8,8,8,8,8,8,8,8,8,8,8
городской округ Макаровский,1,1,1,1,1,1,1,1,1,1,1,1,1,1,1,1,10,10,10,10,10,10,10,10
городской округ Малышевский,0,0,0,0,0,0,2,2,2,2,11,11,11,11,11,11,11,11,11,11,11,11,11,11
городской округ Мамоновский,0,0,0,0,0,0,6,6,6,6,6,6,6,6,6,11,11,11,11,11,11,11,11,11
городской округ Междуреченский,8,8,8,8,8,8,8,8,8,8,8,8,8,8,8,8,8,8,8,8,8,8,8,8
городской округ Миасский,8,8,8,8,8,8,8,8,8,8,8,8,8,8,8,8,8,8,8,8,8,8,8,8
городской округ Можайский,0,0,0,0,0,0,0,0,0,0,0,9,9,9,9,9,9,10,10,10,10,10,10,10
городской округ Мысковский,0,0,0,0,0,0,0,0,0,0,0,0,0,0,0,0,10,10,10,10,10,10,10,10
городской округ Мытищи,9,9,9,9,9,9,9,9,9,9,9,9,9,9,9,9,9,9,9,9,9,9,9,9
городской округ Навашинский,2,2,2,2,2,2,2,2,2,2,2,11,11,11,11,11,11,11,11,11,11,11,11,11
городской округ Нальчик,7,7,7,7,7,7,7,7,7,7,7,7,7,7,7,7,7,7,7,7,7,7,7,7
городской округ Наро-Фоминский,9,9,9,9,9,9,9,9,9,9,9,9,9,9,9,9,9,9,9,9,9,9,9,9
городской округ Находкинский,1,1,1,1,1,1,1,1,1,1,1,1,1,1,1,1,1,1,1,1,1,1,1,1
городской округ Невельский,1,1,1,1,1,1,1,1,1,1,1,1,1,1,1,10,10,10,10,10,10,10,10,10
городской округ Невьянский,8,8,8,8,0,0,0,0,0,0,0,0,0,0,0,0,0,0,0,0,8,8,8,8
городской округ Нелидовский,2,2,2,2,2,2,2,2,2,2,2,2,11,11,11,11,11,11,11,11,11,11,11,11
городской округ Нижнетуринский,0,0,0,0,0,0,0,0,0,0,0,0,0,0,0,0,0,0,10,10,10,10,10,10
городской округ Нижняя Салда,0,0,0,0,0,0,2,2,0,0,0,0,0,0,11,11,11,11,11,10,10,10,10,10
городской округ Новокузнецкий,8,8,8,8,8,8,8,8,8,8,8,8,8,8,8,8,8,8,8,8,8,8,8,8
городской округ Новокуйбышевск,8,8,8,8,8,8,8,8,8,8,8,8,8,8,8,8,8,8,8,8,8,8,8,8
городской округ Новолялинский,2,2,2,2,2,2,2,2,2,6,6,6,11,11,11,11,11,11,11,11,11,11,11,11
городской округ Ногликский,1,1,1,1,1,1,1,1,1,1,1,1,1,1,1,1,1,1,1,1,1,1,1,1
городской округ Нытвенский,0,0,0,2,2,2,2,2,2,6,6,6,6,6,11,11,11,11,11,11,11,11,11,11
городской округ Одинцовский,9,9,9,9,9,9,9,9,9,9,9,9,9,9,9,9,9,9,9,9,9,9,9,9
городской округ Октябрьск,2,2,2,2,2,2,2,2,2,2,2,6,6,11,11,11,11,11,11,11,11,11,11,11
городской округ Октябрьский,2,2,2,2,2,6,6,6,6,6,6,6,6,6,6,6,11,11,11,11,11,11,11,11
городской округ Орехово-Зуевский,9,9,9,9,9,9,9,9,9,9,9,9,9,9,9,9,9,9,9,9,9,9,9,9
городской округ Осинниковский,0,0,8,8,8,8,8,8,8,8,8,0,0,0,0,0,0,8,8,8,8,10,10,10
городской округ Осинский,0,0,0,0,0,0,0,0,0,6,6,0,0,0,0,8,8,10,10,10,10,10,10,10
городской округ Осташковский,0,0,0,2,2,2,2,2,2,2,0,0,0,0,11,11,11,11,11,11,11,11,11,11
городской округ Отрадный,0,0,0,0,0,0,0,0,0,0,0,0,0,0,0,0,0,10,10,10,10,10,10,10
городской округ Оханский,2,2,2,2,2,2,2,6,6,6,6,6,6,6,6,11,11,11,11,11,11,11,11,11
городской округ Охинский,1,1,1,1,1,1,1,1,1,1,1,1,1,1,1,1,1,1,1,1,1,1,1,1
городской округ Очерский,0,0,0,0,0,0,0,0,6,6,6,6,6,6,6,6,11,11,11,11,10,10,10,10
городской округ Партизанский,1,1,1,1,1,1,1,1,1,1,1,1,1,1,1,1,1,10,10,10,10,10,10,10
городской округ Пелым,0,0,2,2,2,2,2,2,2,2,2,2,11,11,11,11,11,11,11,11,11,11,11,11
городской округ Первоуральск,8,8,8,8,8,8,8,8,8,8,8,8,8,8,8,8,8,8,8,8,8,8,8,8
городской округ Перевозский,2,2,2,2,2,2,2,2,2,2,6,6,6,11,11,11,11,11,11,11,11,11,11,11
городской округ Пермский,8,8,8,8,8,8,8,8,8,8,8,8,8,8,8,8,8,8,8,8,8,8,8,8
городской округ Петрозаводский,8,8,8,8,1,1,1,8,8,1,1,1,1,1,1,8,8,8,9,9,9,9,9,9
городской округ Петропавловск-Камчатский,1,1,1,1,1,1,1,1,1,1,1,1,1,1,1,1,1,1,1,1,1,1,1,1
городской округ Пионерский,0,0,0,0,0,0,0,0,0,0,0,0,0,0,0,0,0,1,1,1,8,8,10,10
городской округ Подольск,9,9,9,9,9,9,9,9,9,9,9,9,9,9,9,9,9,9,9,9,9,9,9,9
городской округ Полевской,8,8,8,8,8,8,8,8,8,8,8,8,8,8,8,8,8,8,8,8,8,8,8,8
городской округ Полысаевский,0,0,0,0,0,0,0,0,0,0,0,0,0,0,0,0,0,10,10,10,10,10,10,10
городской округ Поронайский,1,1,1,1,1,1,1,1,1,1,1,1,1,1,1,1,1,1,1,1,1,1,1,1
городской округ Похвистнево,2,2,2,2,2,2,2,0,0,0,0,0,11,11,11,11,11,11,11,11,11,11,11,11
городской округ Прокопьевский,8,8,8,8,8,8,8,8,8,8,8,8,8,8,8,8,8,8,8,8,8,8,8,8
городской округ Протвино,0,0,0,0,0,0,0,0,0,0,0,0,0,0,8,8,0,0,10,10,8,8,10,10
городской округ Прохладный,0,0,7,7,7,7,7,7,7,7,7,7,7,7,7,7,7,7,7,7,7,7,7,7
городской округ Пушкинский,9,9,9,9,9,9,9,9,9,9,9,9,9,9,9,9,9,9,9,9,9,9,9,9
городской округ Пущино,0,0,0,0,0,0,0,0,0,0,0,0,0,0,0,0,0,0,0,10,10,10,10,10
городской округ Пышминский,0,0,0,0,0,2,2,0,0,0,0,0,0,0,11,11,11,11,11,11,11,11,11,11
городской округ Раменский,9,9,9,9,9,9,9,9,9,9,9,9,9,9,9,9,9,9,9,9,9,9,9,9
городской округ Ревда,8,8,8,8,8,8,8,8,8,8,8,8,8,8,8,8,8,8,8,8,8,8,8,8
городской округ Режевской,0,0,0,0,0,0,0,0,0,0,0,0,0,0,0,0,0,10,10,10,10,10,10,10
городской округ Реутов,3,3,3,3,3,3,3,3,3,3,3,3,3,3,3,9,9,9,9,9,9,9,9,9
городской округ Рефтинский,0,0,0,0,2,2,2,2,0,0,0,0,0,11,11,11,11,11,11,11,11,11,11,11
городской округ Рузский,0,0,0,0,0,0,0,0,0,0,0,0,0,9,9,9,10,10,10,10,10,10,10,10
городской округ Самара,8,8,8,8,8,8,8,8,8,8,8,8,8,8,8,8,8,8,8,8,8,8,8,8
городской округ Светловский,8,8,8,0,0,0,0,0,0,0,0,0,0,11,11,11,11,11,11,11,11,11,11,11
городской округ Светлогорский,8,8,8,8,8,8,8,8,8,8,8,8,8,8,8,8,8,8,8,8,8,8,8,8
городской округ Северодвинск,1,1,1,1,1,1,1,1,1,1,1,1,1,1,1,1,1,1,1,1,1,1,1,1
городской округ Североуральский,0,0,0,0,0,0,0,0,0,0,0,0,0,0,11,11,11,11,11,11,11,11,11,11
городской округ Семеновский,0,0,2,2,2,2,2,2,2,2,6,6,11,11,11,11,11,11,11,11,11,11,11,11
городской округ Сергиево-Посадский,9,9,9,9,9,9,9,9,9,9,9,9,9,9,9,9,9,9,9,9,9,9,9,9
городской округ Серебряные Пруды,0,0,0,0,0,0,0,0,0,0,0,0,0,0,0,0,0,0,10,10,10,10,10,10
городской округ Серовский,0,0,0,0,0,0,0,0,0,0,0,8,8,8,8,8,8,8,8,8,8,8,8,8
городской округ Серпухов,9,9,9,9,9,9,9,9,9,9,9,9,9,9,9,9,9,9,9,9,9,9,9,9
городской округ Смирныховский,1,1,1,1,1,1,1,1,1,1,1,1,1,1,1,10,10,10,10,10,10,10,10,10
городской округ Советский,0,0,0,0,0,0,0,6,6,6,6,6,8,8,8,8,8,10,10,10,10,10,10,10
городской округ Сокольский,2,2,2,2,2,2,2,2,6,6,6,6,6,6,11,11,11,11,11,11,11,11,11,11
городской округ Соликамский,8,8,8,8,8,8,8,8,8,8,8,8,8,8,8,8,8,8,8,8,8,8,8,8
городской округ Солнечногорск,9,9,9,9,9,9,9,9,9,9,9,9,9,9,9,9,9,9,9,9,9,9,9,9
городской округ Соль-Илецкий,6,6,6,6,6,6,6,6,6,6,6,6,6,6,6,6,11,11,11,11,11,11,11,11
городской округ Сорочинский,2,2,0,0,0,0,0,0,0,0,0,0,0,0,0,0,0,11,11,11,11,10,10,10
городской округ Сосновоборский,9,9,9,9,9,9,9,9,9,9,9,9,9,9,9,9,9,9,9,9,9,9,9,9
городской округ Сосьвинский,2,2,2,2,2,2,2,2,2,2,2,2,11,11,11,11,11,11,11,11,11,11,11,11
городской округ Спасск-Дальний,1,1,1,1,1,1,1,1,1,1,1,1,1,1,1,1,1,1,10,10,10,10,10,10
городской округ Среднеуральск,8,8,8,0,0,0,0,0,0,0,0,0,0,0,0,0,0,10,10,8,8,10,10,10
городской округ Ступино,9,9,9,9,9,9,9,9,9,9,9,9,9,9,9,9,9,9,9,9,9,9,9,9
городской округ Суксунский,2,2,2,2,2,2,2,2,2,2,2,2,11,11,11,11,11,11,11,11,11,11,11,11
городской округ Сухой Лог,0,0,0,0,0,0,0,0,0,0,0,0,0,0,0,0,0,0,10,10,10,10,10,10
городской округ Сызрань,0,0,8,8,8,8,8,8,8,8,8,8,8,8,8,8,8,8,8,8,8,8,8,8
городской округ Сыктывкар,8,8,8,8,8,1,1,1,8,8,8,8,8,8,8,8,8,8,8,8,8,8,8,8
городской округ Сысертский,8,8,8,8,8,8,8,8,8,8,8,8,8,8,8,8,8,8,8,8,8,8,8,8
городской округ Тавдинский,0,0,0,0,0,0,0,0,0,0,0,0,0,0,0,11,11,11,11,11,11,11,10,10
городской округ Тайгинский,0,0,0,0,0,0,0,0,0,0,0,0,0,0,0,0,0,10,10,10,10,10,10,10
городской округ Талдомский,0,0,0,0,0,0,0,0,0,0,0,0,0,0,0,0,0,0,10,10,10,10,10,10
городской округ Талицкий,0,0,0,0,0,0,0,0,0,0,0,0,0,0,0,11,11,11,11,11,11,10,10,10
городской округ Тейково,0,0,0,0,0,0,0,0,0,0,0,0,0,0,0,11,11,11,11,10,10,10,10,10
городской округ Томаринский,1,1,1,1,1,1,1,1,1,1,1,1,1,1,1,1,1,10,10,10,10,10,10,10
городской округ Троицкий,0,0,0,0,0,0,6,6,6,6,0,0,0,0,0,0,8,8,8,10,10,10,10,10
городской округ Тугулымский,2,2,2,2,2,2,2,6,6,6,6,6,11,11,11,11,11,11,11,11,11,11,11,11
городской округ Туринский,0,0,0,0,2,2,2,2,6,6,6,6,6,11,11,11,11,11,11,11,11,11,11,11
городской округ Тымовский,1,1,1,1,1,1,1,1,1,1,1,1,1,1,1,10,10,10,10,10,10,10,10,10
городской округ Углегорский,1,1,1,1,1,1,1,1,1,1,1,1,1,1,1,1,1,1,1,1,1,1,1,1
городской округ Удомельский,0,0,0,0,0,0,0,0,0,0,0,0,0,0,0,0,0,0,10,10,10,10,10,10
городской округ Уссурийский,1,1,1,1,1,1,1,1,1,1,1,1,1,1,1,1,1,1,1,1,1,1,1,1
городской округ Усть-Катавский,0,0,0,0,0,0,0,0,0,0,0,0,0,0,0,0,0,11,11,10,10,10,10,10
городской округ Ухта,8,8,1,1,1,1,1,1,1,1,1,1,1,1,1,1,1,1,1,1,1,1,1,1
городской округ Фрязино,9,9,9,9,9,9,9,9,9,9,9,9,9,9,9,9,9,9,9,9,9,9,9,9
городской округ Холмский,1,1,1,1,1,1,1,1,1,1,1,1,1,1,1,1,1,1,10,10,10,1,1,1
городской округ Чайковский,0,0,8,8,8,8,8,8,8,8,8,8,8,8,8,8,8,8,8,8,8,10,10,10
городской округ Чапаевск,0,0,0,0,0,0,0,0,0,0,0,0,0,0,0,0,0,0,10,10,10,10,10,10
городской округ Чебаркульский,0,0,0,0,0,0,0,0,0,0,0,8,8,8,8,8,8,8,8,8,8,8,8,8
городской округ Челябинский,8,8,8,8,8,8,8,8,8,8,8,8,8,8,8,8,8,8,8,8,8,8,8,8
городской округ Чердынский,2,2,2,2,2,2,2,2,2,2,2,2,2,11,11,11,11,11,11,11,11,11,11,11
городской округ Черкесский,7,7,7,7,7,7,7,7,7,7,7,7,7,7,7,7,7,7,7,7,7,7,7,7
городской округ Черноголовка,0,0,0,0,0,0,0,0,0,0,0,0,0,0,0,0,0,0,0,0,0,0,0,0
городской округ Чернушинский,0,0,0,0,0,0,0,0,0,0,0,0,0,0,0,0,0,0,10,10,10,10,10,10
городской округ Чехов,9,9,9,9,9,9,9,9,9,9,9,9,9,9,9,9,9,9,9,9,9,9,9,9
городской округ Чусовской,0,0,0,0,0,0,0,0,0,0,0,0,0,0,0,0,0,10,10,10,10,10,10,10
городской округ Шалинский,2,2,2,2,2,2,2,2,2,2,2,2,11,11,11,11,11,11,11,11,11,11,11,11
городской округ Шатура,0,0,0,0,0,0,0,0,0,0,0,0,0,0,0,0,0,10,10,10,10,10,10,10
городской округ Шаховская,0,0,0,0,0,0,0,0,0,0,0,0,0,0,0,0,0,10,10,10,10,10,10,10
городской округ Шуя,0,0,0,0,0,0,0,0,0,0,0,0,0,0,0,0,0,0,10,10,10,10,10,10
городской округ Щёлково,9,9,9,9,9,9,9,9,9,9,9,9,9,9,9,9,9,9,9,9,9,9,9,9
городской округ Эгвекинот,1,1,1,1,1,1,1,1,1,1,1,1,1,1,1,1,1,1,1,1,1,1,1,1
городской округ Электросталь,9,9,9,9,9,9,9,9,9,9,9,9,9,9,9,9,9,9,9,9,9,9,9,9
городской округ Южно-Курильский,1,1,1,1,1,1,1,1,1,1,1,1,1,1,1,1,1,1,1,1,1,1,1,1
городской округ Южноуральский,0,0,0,0,0,0,0,0,0,0,0,0,0,0,0,0,0,0,10,10,10,10,10,10
городской округ Юргинский,0,0,8,8,8,8,8,8,8,8,8,8,8,8,8,8,8,8,8,8,8,8,8,8
городской округ Ясненский,2,2,2,2,2,2,2,0,0,0,0,0,0,11,11,11,11,11,11,10,10,11,11,11
городской округ город Абаза,2,2,2,2,2,2,2,2,2,2,2,11,11,11,11,11,11,11,11,11,11,11,11,11
городской округ город Абакан,8,8,8,8,8,8,8,8,8,8,8,8,8,8,8,8,8,8,8,8,8,8,8,8
городской округ город Агидель,0,0,6,6,6,6,6,6,6,6,6,6,6,11,11,11,11,11,11,11,11,11,11,11
городской округ город Адыгейск,7,7,7,7,7,7,7,7,7,7,7,7,7,7,7,7,7,7,7,7,7,7,7,7
городской округ город Алапаевск,0,0,0,0,0,0,0,0,0,0,0,0,0,0,0,0,0,0,10,10,10,10,10,10
городской округ город Алатырь,2,2,2,2,2,2,2,2,2,6,6,6,6,6,6,6,6,11,11,11,11,11,11,11
городской округ город Алейск,0,0,0,0,0,0,0,0,0,0,0,0,0,0,0,0,0,0,10,10,10,10,10,10
городской округ город Алексин,0,0,0,0,0,0,0,0,0,0,0,0,0,0,0,0,0,0,10,10,10,10,10,10
городской округ город Арзамас,0,0,0,0,0,0,0,0,0,0,0,0,0,0,0,0,0,10,10,10,10,10,10,10
городской округ город Архангельск,8,8,8,8,1,1,1,8,8,8,1,1,1,1,1,8,8,8,1,1,8,8,1,1
городской округ город Астрахань,0,0,8,8,8,8,8,8,8,8,8,8,8,8,8,8,8,8,8,8,8,8,8,8
городской округ город Ачинск,8,8,8,8,8,8,8,8,8,8,8,8,8,8,8,8,8,8,8,8,8,8,8,8
городской округ город Барнаул,8,8,8,8,8,8,8,8,8,8,8,8,8,8,8,8,8,8,8,8,8,8,8,8
городской округ город Белокуриха,0,0,0,0,0,0,0,0,0,0,0,0,0,0,0,0,0,0,10,10,10,10,10,10
городской округ город Бердск,8,8,8,8,8,8,8,8,8,8,8,8,8,8,8,8,8,8,8,8,8,8,8,8
городской округ город Березники,8,8,8,8,8,8,8,8,8,8,8,8,8,8,8,8,8,8,8,8,8,8,8,8
городской округ город Бийск,0,0,0,0,8,8,8,8,8,8,8,8,8,8,8,8,8,8,8,8,8,8,8,8
городской округ город Биробиджан,1,1,1,1,1,1,1,1,1,1,1,1,1,1,1,1,1,1,1,1,1,1,1,1
городской округ город Боготол,2,2,2,2,2,2,2,2,2,2,2,11,11,11,11,11,11,11,11,11,11,11,11,11
городской округ город Бор,0,0,0,8,8,8,8,0,0,0,0,0,8,8,8,8,8,8,8,8,8,8,8,8
городской округ город Бородино,0,0,0,0,2,2,2,2,2,0,0,0,0,0,11,11,11,11,11,11,11,11,11,11
городской округ город Братск,8,8,8,8,8,1,1,1,8,8,8,8,8,8,8,8,8,8,8,8,8,8,8,8
городской округ город Бугуруслан,0,0,0,0,0,0,0,0,0,0,0,0,0,0,0,0,0,10,10,10,10,10,10,10
городской округ город Бузулук,0,0,0,0,8,8,0,0,0,0,8,8,8,8,8,8,8,8,8,8,8,8,8,8
городской округ город Буй,2,2,2,2,2,2,2,2,2,2,2,0,0,0,11,11,11,11,11,11,11,11,11,11
городской округ город Великие Луки,0,0,0,0,0,0,0,0,0,0,0,0,0,0,0,0,10,10,10,10,10,10,10,10
городской округ город Владикавказ,7,7,7,7,7,7,7,8,8,8,8,8,8,8,8,7,7,7,7,7,7,7,7,7
городской округ город Владимир,8,8,8,8,8,8,8,8,8,8,8,8,8,8,8,8,8,8,8,8,8,8,8,8
городской округ город Волгореченск,0,0,0,2,2,2,2,2,0,0,0,0,11,11,11,11,11,11,11,11,11,11,11,11
городской округ город Волжск,0,0,0,0,0,0,0,0,0,0,0,0,0,0,0,0,0,0,10,10,10,10,10,10
городской округ город Волжский,0,0,0,8,8,8,8,8,8,8,8,8,8,8,8,8,8,8,8,8,8,8,8,8
городской округ город Воткинск,8,8,8,8,8,8,8,8,8,8,8,8,8,8,8,8,8,8,8,8,8,8,8,8
городской округ город Выкса,0,0,0,0,0,0,0,0,0,0,0,0,0,0,0,0,0,0,0,10,10,10,10,10
городской округ город Вятские Поляны,0,0,0,0,0,6,6,6,6,6,6,6,6,6,11,11,11,11,11,11,11,11,10,10
городской округ город Галич,2,2,2,2,2,2,2,2,2,2,11,11,11,11,11,11,11,11,11,11,11,11,11,11
городской округ город Глазов,8,8,8,8,8,8,8,8,8,8,8,8,8,8,8,8,8,8,8,8,8,8,8,8
городской округ город Горно-Алтайск,0,0,8,8,8,8,8,8,8,8,8,8,8,8,8,8,8,8,8,8,8,8,8,8
городской округ город Губкинский,1,1,1,1,1,1,1,1,1,1,1,1,1,1,1,1,1,1,1,1,1,1,1,1
городской округ город Гусь-Хрустальный,0,0,0,0,0,0,0,0,0,0,0,0,0,0,0,0,0,10,10,10,10,10,10,10
городской округ город Десногорск,0,0,0,0,0,0,0,0,0,0,0,0,0,0,0,0,0,10,10,10,10,10,10,10
городской округ город Дзержинск,8,8,8,8,8,8,8,8,8,8,8,8,8,8,8,8,8,8,8,8,8,8,8,8
городской округ город Дивногорск,8,8,0,0,0,0,0,0,0,0,0,0,0,0,0,0,0,10,10,10,8,8,8,8
городской округ город Димитровград,0,0,0,8,8,8,8,8,0,0,0,0,0,0,0,8,8,8,8,8,10,10,10,10
городской округ город Донской,0,0,0,0,0,0,0,0,0,0,0,0,0,0,0,0,0,10,10,10,10,10,10,10
городской округ город Екатеринбург,8,8,8,8,8,8,8,8,8,8,8,8,8,8,8,8,8,8,8,8,8,8,8,8
городской округ город Елец,0,0,0,0,0,0,0,0,0,0,0,0,8,8,8,8,8,8,8,10,10,10,10,10
городской округ город Енисейск,0,0,0,0,0,0,0,0,0,0,0,0,1,1,1,1,0,0,0,0,10,10,10,10
городской округ город Ефремов,0,0,0,0,0,0,0,0,0,0,0,0,0,0,0,0,0,0,10,10,10,10,10,10
городской округ город Заринск,0,0,0,0,0,0,0,6,6,6,6,6,8,8,8,8,8,10,10,10,10,10,10,10
городской округ город Ижевск,8,8,8,8,8,8,8,8,8,8,8,8,8,8,8,8,8,8,8,8,8,8,8,8
городской округ город Ирбит,0,0,0,0,0,0,0,0,0,0,0,0,0,0,0,0,0,10,10,10,10,10,10,10
городской округ город Иркутск,8,8,8,8,8,8,8,8,8,8,8,8,8,8,8,8,8,8,8,8,8,8,8,8
городской округ город Искитим,0,0,0,0,0,0,0,0,8,8,8,8,8,8,8,8,8,8,8,8,8,8,8,8
городской округ город Ишим,0,0,0,0,0,0,0,0,0,0,0,0,8,8,8,8,8,8,10,10,10,10,10,10
городской округ город Йошкар-Ола,8,8,8,8,8,8,8,8,8,8,8,8,8,8,8,8,8,8,8,8,8,8,8,8
городской округ город Казань,8,8,8,8,8,8,8,8,8,8,8,8,8,8,8,8,8,8,8,8,8,8,8,8
городской округ город Калининград,8,8,1,1,1,1,1,1,1,1,1,1,1,1,1,1,1,1,1,1,1,8,8,8
городской округ город Калуга,8,8,8,8,8,8,8,8,8,8,8,8,8,8,8,8,8,8,8,8,8,8,8,8
городской округ город Каменск-Уральский,8,8,8,8,8,8,8,8,8,8,8,8,8,8,8,8,8,8,8,8,8,8,8,8
городской округ город Камышин,0,0,0,0,0,0,0,0,0,0,0,0,0,0,0,0,10,10,10,10,10,10,10,10
городской округ город Канаш,6,6,6,6,6,6,6,6,6,6,6,6,6,6,6,11,11,11,11,11,11,11,11,11
городской округ город Канск,0,0,0,0,0,0,0,0,0,0,0,8,8,8,8,8,8,8,10,10,10,8,8,8
городской округ город Касимов,0,0,0,2,2,2,2,0,0,0,0,0,0,11,11,11,11,11,11,11,11,11,11,11
городской округ город Кедровый,2,2,2,2,2,2,2,5,5,5,5,5,5,5,5,5,5,5,5,5,5,5,5,5
городской округ город Кизел,0,0,2,2,2,2,2,2,0,0,0,0,0,0,11,11,11,11,11,11,11,11,11,11
городской округ город Киров,8,8,8,8,8,8,8,8,8,8,8,8,8,8,8,8,8,8,8,8,8,8,8,8
городской округ город Кирово-Чепецк,8,8,8,8,8,8,8,8,8,8,0,0,8,8,8,8,8,8,8,8,8,8,8,8
городской округ город Кирсанов,2,2,2,2,2,2,2,2,2,2,2,2,11,11,11,11,11,11,11,11,11,11,11,11
городской округ город Ковров,8,8,8,8,8,8,8,8,8,8,8,8,8,8,8,8,8,8,8,8,8,8,8,8
городской округ город Когалым,1,1,1,1,1,1,1,1,1,1,1,1,1,1,1,1,1,1,1,1,1,1,1,1
городской округ город Козьмодемьянск,2,2,2,2,2,2,2,2,2,6,6,6,6,11,11,11,11,11,11,11,11,11,11,11
городской округ город Комсомольск-на-Амуре,1,1,1,1,1,1,1,1,1,1,1,1,1,1,1,1,1,1,1,1,1,1,1,1
городской округ город Коряжма,0,0,1,1,8,8,0,0,0,0,0,0,0,1,1,0,0,1,1,10,10,10,10,10
городской округ город Кострома,8,8,8,8,8,8,8,8,8,8,8,8,8,8,8,8,8,8,8,8,8,8,8,8
городской округ город Котельнич,2,2,2,2,2,6,6,6,6,6,6,6,6,6,11,11,11,11,11,11,11,11,11,11
городской округ город Котовск,2,2,2,2,2,2,2,2,2,2,6,6,6,6,6,6,11,11,11,11,11,11,11,11
городской округ город Красноярск,8,8,8,8,8,8,8,8,8,8,8,8,8,8,8,8,8,8,8,8,8,8,8,8
городской округ город Кулебаки,2,2,2,2,2,2,2,2,2,0,0,0,0,11,11,11,11,11,11,11,11,11,11,11
городской округ город Кумертау,0,0,0,0,0,0,0,8,8,8,8,8,8,8,8,8,8,8,10,10,10,10,10,10
городской округ город Курган,0,0,0,0,8,8,8,8,8,8,8,8,8,8,8,8,8,8,8,8,8,8,8,8
городской округ город Лабытнанги,1,1,1,1,1,1,1,1,1,1,1,1,1,1,1,1,1,1,1,1,1,1,1,1
городской округ город Лангепас,1,1,1,1,1,1,1,1,1,1,1,1,1,1,1,1,1,1,1,1,1,1,1,1
городской округ город Лермонтов,0,0,0,0,0,0,0,0,0,0,0,0,8,8,8,8,8,8,8,8,8,10,10,10
городской округ город Лесосибирск,0,0,0,0,0,0,0,0,0,0,0,0,0,0,0,0,0,0,8,8,8,8,8,8
городской округ город Ливны,0,0,0,0,0,0,0,0,0,0,0,0,0,11,11,11,11,10,10,10,11,11,10,10
городской округ город Липецк,8,8,8,8,8,8,8,8,8,8,8,8,8,8,8,8,8,8,8,8,8,8,8,8
городской округ город Магадан,1,1,1,1,1,1,1,1,1,1,1,1,1,1,1,1,1,1,1,1,1,1,1,1
городской округ город Майкоп,0,0,0,0,0,0,0,0,0,8,8,8,8,8,8,8,8,8,10,10,10,10,10,10
городской округ город Мегион,1,1,1,1,1,1,1,1,1,1,1,1,1,1,1,1,1,1,1,1,1,1,1,1
городской округ город Медногорск,2,2,2,2,2,2,2,6,6,6,6,6,6,11,11,11,11,11,11,11,11,11,11,11
городской округ город Минусинск,0,0,0,0,8,8,0,0,8,8,8,8,8,8,8,8,8,8,8,8,8,8,8,8
городской округ город Михайловка,0,0,0,0,0,0,0,0,0,0,0,0,0,0,0,0,0,0,10,10,10,10,10,10
городской округ город Мичуринск,0,0,0,0,0,0,0,0,0,0,0,0,0,0,0,0,0,10,10,10,10,10,10,10
городской округ город Можга,6,6,6,0,0,6,6,6,6,6,6,6,6,6,8,8,8,8,10,10,10,10,10,10
городской округ город Моршанск,2,2,2,2,2,2,2,2,2,2,2,11,11,11,11,11,11,11,11,11,11,11,11,11
городской округ город Муравленко,1,1,1,1,1,1,1,1,1,1,1,1,1,1,1,1,1,1,1,1,1,1,1,1
городской округ город Мурманск,1,1,1,1,1,1,1,1,1,1,1,1,1,1,1,1,1,1,1,1,1,1,9,9
городской округ город Мценск,0,0,0,0,0,0,0,0,0,0,0,0,0,0,0,0,0,10,10,10,10,10,10,10
городской округ город Набережные Челны,8,8,8,8,8,8,8,8,8,8,8,8,8,8,8,8,8,8,8,8,8,8,8,8
городской округ город Назарово,0,0,0,0,0,0,0,0,0,0,0,0,0,0,0,0,0,0,10,10,10,10,10,10
городской округ город Нарьян-Мар,1,1,1,1,1,1,1,1,1,1,1,1,1,1,1,1,1,1,1,1,1,1,1,1
городской округ город Невинномысск,0,0,0,0,8,8,8,0,0,8,8,8,8,8,8,8,8,8,8,8,8,8,8,8
городской округ город Нефтекамск,8,8,8,8,8,8,8,8,8,8,8,8,8,8,8,8,8,8,8,8,8,8,8,8
городской округ город Нефтеюганск,1,1,1,1,1,1,1,1,1,1,1,1,1,1,1,1,1,1,1,1,1,1,1,1
городской округ город Нижневартовск,1,1,1,1,1,1,1,1,1,1,1,1,1,1,1,1,1,1,1,1,1,1,1,1
городской округ город Нижний Новгород,8,8,8,8,8,8,8,8,8,8,8,8,8,8,8,8,8,8,8,8,8,8,8,8
городской округ город Нижний Тагил,8,8,8,8,8,8,8,8,8,8,8,8,8,8,8,8,8,8,8,8,8,8,8,8
городской округ город Новоалтайск,0,0,0,8,8,8,8,8,8,8,8,8,8,8,8,8,8,8,8,8,8,8,8,8
городской округ город Новодвинск,0,0,0,0,2,2,2,0,0,0,0,0,0,11,11,11,11,11,11,11,10,10,10,10
городской округ город Новомосковск,0,0,0,8,8,8,0,0,0,0,0,0,0,8,8,8,8,8,8,8,8,8,10,10
городской округ город Новосибирск,8,8,8,8,8,8,8,8,8,8,8,8,8,8,8,8,8,8,8,8,8,8,8,8
городской округ город Новотроицк,0,0,0,0,0,0,0,0,0,0,0,0,0,0,0,0,0,1,1,1,8,8,10,10
городской округ город Новоульяновск,2,2,2,2,2,2,2,2,2,2,6,6,6,6,11,11,11,11,11,11,11,11,11,11
городской округ город Новочебоксарск,8,8,8,8,8,8,8,8,8,8,8,8,8,8,8,8,8,8,8,8,8,8,8,8
городской округ город Новый Уренгой,1,1,1,1,1,1,1,1,1,1,1,1,1,1,1,1,1,1,1,1,1,1,1,1
городской округ город Норильск,1,1,1,1,1,1,1,1,1,1,1,1,1,1,1,1,1,1,1,1,1,1,1,1
городской округ город Ноябрьск,1,1,1,1,1,1,1,1,1,1,1,1,1,1,1,1,1,1,1,1,1,1,1,1
городской округ город Нягань,1,1,1,1,1,1,1,1,1,1,1,1,1,1,1,1,1,1,1,1,1,1,1,1
городской округ город Обнинск,9,9,9,9,9,9,9,9,9,9,9,9,9,9,9,9,9,9,9,9,9,9,9,9
городской округ город Обь,8,8,8,8,8,8,8,8,8,8,8,8,8,8,8,8,8,8,8,8,8,8,8,8
городской округ город Октябрьский,8,8,8,8,8,8,8,8,8,8,8,8,8,8,8,8,8,8,8,8,8,8,8,8
городской округ город Омск,8,8,8,8,8,8,8,8,8,8,8,8,8,8,8,8,8,8,8,8,8,8,8,8
городской округ город Оренбург,8,8,8,8,8,8,8,8,8,8,8,8,8,8,8,8,8,8,8,8,8,8,8,8
городской округ город Орск,0,0,0,0,0,0,0,0,0,0,0,0,0,0,0,0,0,0,0,0,8,8,10,10
городской округ город Орёл,8,8,8,8,8,8,8,8,8,8,8,8,8,8,8,8,8,8,8,8,8,8,8,8
городской округ город Первомайск,2,2,2,2,2,2,2,2,2,2,2,2,2,11,11,11,11,11,11,11,11,11,11,11
городской округ город Переславль-Залесский,0,0,0,0,0,0,0,0,0,0,0,0,0,0,0,0,0,0,10,10,10,10,10,10
городской округ город Петровск-Забайкальский,2,2,0,0,0,0,0,0,0,0,0,0,0,0,0,0,0,0,10,10,10,10,10,10
городской округ город Покачи,0,0,0,0,1,1,1,1,1,0,0,1,1,1,1,1,1,1,1,1,10,10,10,10
городской округ город Псков,8,8,8,8,8,8,8,8,8,8,8,8,8,8,8,8,8,8,8,8,8,8,8,8
городской округ город Пыть-Ях,8,8,1,1,1,1,1,1,8,8,1,1,1,1,1,1,1,1,1,1,9,9,1,1
городской округ город Радужный,0,0,0,1,1,1,1,1,1,0,0,0,0,0,0,0,0,1,1,1,1,1,10,10
городской округ город Рассказово,2,2,2,2,2,2,2,2,2,2,2,11,11,11,11,11,11,11,11,11,11,11,11,11
городской округ город Рубцовск,0,0,0,0,0,8,8,8,8,8,8,8,8,8,8,8,8,8,8,8,10,10,10,10
городской округ город Рыбинск,8,8,8,8,8,8,8,8,8,8,8,8,8,8,8,8,8,8,8,8,8,8,8,8
городской округ город Рязань,8,8,8,8,8,8,8,8,8,8,8,8,8,8,8,8,8,8,8,8,8,8,8,8
городской округ город Салават,8,8,8,8,8,8,8,8,8,8,8,8,8,8,8,8,8,8,8,8,8,8,8,8
городской округ город Салехард,1,1,1,1,1,1,1,1,1,1,1,1,1,1,1,1,1,1,1,1,1,1,1,1
городской округ город Сарапул,0,0,0,8,8,8,8,8,8,8,8,8,8,8,8,8,8,8,8,8,8,8,8,8
городской округ город Саратов,8,8,8,8,8,8,8,8,8,8,8,8,8,8,8,8,8,8,8,8,8,8,8,8
городской округ город Саяногорск,0,0,0,0,0,0,0,0,0,0,0,0,0,0,0,0,10,10,10,10,10,10,10,10
городской округ город Саянск,0,0,0,0,0,0,0,0,0,0,0,0,0,0,0,0,0,10,10,10,10,10,10,10
городской округ город Свирск,0,0,0,0,0,0,0,0,0,0,0,0,0,11,11,11,11,11,11,11,11,11,11,11
городской округ город Сибай,8,8,8,8,8,8,8,8,8,8,8,8,8,8,8,8,8,8,8,8,8,8,8,8
городской округ город Скопин,2,2,2,2,2,2,2,2,2,2,2,2,2,11,11,11,11,11,11,11,11,11,11,11
городской округ город Слободской,0,0,0,6,6,0,0,6,6,6,6,6,6,6,6,11,11,11,11,11,11,11,11,11
городской округ город Смоленск,8,8,8,8,8,8,8,8,8,8,8,8,8,8,8,8,8,8,8,8,8,8,8,8
городской округ город Сорск,0,0,2,2,2,2,2,2,2,2,2,0,0,0,11,11,11,11,11,11,11,11,11,11
городской округ город Сосновоборск,0,0,8,8,8,8,8,8,8,8,8,8,8,8,8,8,8,8,8,8,8,8,8,8
городской округ город Ставрополь,8,8,8,8,8,8,8,8,8,8,8,8,8,8,8,8,8,8,8,8,8,8,8,8
городской округ город Стерлитамак,8,8,8,8,8,8,8,8,8,8,8,8,8,8,8,8,8,8,8,8,8,8,8,8
городской округ город Стрежевой,1,1,1,1,1,1,1,1,1,1,1,1,1,1,1,1,1,1,1,1,1,1,1,1
городской округ город Сургут,1,1,1,1,1,1,1,1,1,1,1,1,1,1,1,1,1,1,1,1,1,1,1,1
городской округ город Тамбов,0,0,0,8,8,8,8,8,0,0,8,8,8,8,8,8,8,8,8,8,8,8,8,8
городской округ город Тверь,8,8,8,8,8,8,8,8,8,8,8,8,8,8,8,8,8,8,8,8,8,8,8,8
городской округ город Тобольск,8,8,8,8,8,1,1,8,8,8,8,8,8,8,8,8,8,8,8,8,8,8,8,8
городской округ город Томск,8,8,8,8,8,8,8,8,8,8,8,8,8,8,8,8,8,8,8,8,8,8,8,8
городской округ город Торжок,0,0,0,0,0,0,0,0,0,0,0,0,0,0,0,0,0,0,10,10,10,10,10,10
городской округ город Тула,8,8,8,8,8,8,8,8,8,8,8,8,8,8,8,8,8,8,8,8,8,8,8,8
городской округ город Тулун,0,0,0,2,2,2,2,0,0,0,0,0,0,1,1,1,1,10,10,10,10,10,10,10
городской округ город Тюмень,9,9,9,9,9,9,9,9,9,9,9,8,8,8,8,8,8,8,8,8,8,8,8,8
городской округ город Уварово,2,2,2,2,2,2,2,2,2,2,2,2,2,2,11,11,11,11,11,11,11,11,11,11
городской округ город Ульяновск,8,8,8,8,8,8,8,8,8,8,8,8,8,8,8,8,8,8,8,8,8,8,8,8
городской округ город Урай,1,1,1,1,1,1,1,1,9,9,1,1,1,1,1,1,1,1,1,1,1,1,1,1
городской округ город Урюпинск,2,2,2,2,2,2,2,2,0,0,0,0,0,11,11,11,11,11,11,11,11,11,11,11
городской округ город Усолье-Сибирское,8,8,8,8,8,8,8,8,8,8,8,8,8,8,8,8,8,8,8,8,8,8,8,8
городской округ город Усть-Илимск,8,8,1,1,1,1,1,1,1,8,8,8,8,8,8,8,8,8,8,8,8,8,8,8
городской округ город Уфа,8,8,8,8,8,8,8,8,8,8,8,8,8,8,8,8,8,8,8,8,8,8,8,8
городской округ город Фролово,2,2,2,2,2,2,2,2,2,6,6,6,6,11,11,11,11,11,11,11,11,11,11,11
городской округ город Хабаровск,1,1,1,1,1,1,1,1,1,1,1,1,1,1,1,1,1,1,1,1,1,1,1,1
городской округ город Ханты-Мансийск,1,1,1,1,1,1,1,1,1,1,1,1,1,1,1,1,1,1,1,1,1,1,1,1
городской округ город Чебоксары,8,8,8,8,8,8,8,8,8,8,8,8,8,8,8,8,8,8,8,8,8,8,8,8
городской округ город Черемхово,0,0,0,0,0,0,0,0,0,0,0,0,0,0,0,0,10,10,10,10,10,10,10,10
городской округ город Черногорск,0,0,0,0,0,0,0,0,0,0,0,0,8,8,8,0,0,10,10,10,10,10,10,10
городской округ город Чкаловск,2,2,2,2,2,2,2,2,2,2,2,11,11,11,11,11,11,11,11,11,11,11,11,11
городской округ город Шадринск,0,0,0,0,0,0,0,6,6,6,6,0,0,0,0,8,8,10,10,10,10,10,10,10
городской округ город Шарыпово,0,0,0,0,0,0,0,0,0,0,0,0,0,0,0,0,10,10,10,10,10,10,10,10
городской округ город Шарья,2,2,2,2,2,2,2,2,2,2,2,11,11,11,11,11,11,11,11,11,11,11,11,11
городской округ город Шахунья,2,2,2,2,2,2,2,2,6,6,6,6,6,6,11,11,11,11,11,11,11,11,11,11
городской округ город Шиханы,2,2,2,2,2,2,2,0,0,0,0,0,0,11,11,11,11,11,11,11,11,11,11,11
городской округ город Шумерля,2,2,2,2,2,2,6,6,6,6,6,6,6,6,6,11,11,11,11,11,11,11,11,11
городской округ город Югорск,8,8,8,8,1,1,1,8,8,8,8,8,8,8,8,8,8,8,1,1,9,9,8,8
городской округ город Якутск,1,1,1,1,1,1,1,1,1,1,1,1,1,1,1,1,1,1,1,1,1,1,1,1
городской округ город Ялуторовск,0,0,0,0,0,0,0,0,0,0,0,0,0,0,0,0,0,10,10,10,10,10,10,10
городской округ город Яровое,2,2,2,2,2,2,2,2,0,0,0,0,11,11,11,11,11,11,11,11,11,11,10,10
городской округ город Ярославль,8,8,8,8,8,8,8,8,8,8,8,8,8,8,8,8,8,8,8,8,8,8,8,8
городской округ город-герой Волгоград,8,8,8,8,8,8,8,8,8,8,8,8,8,8,8,8,8,8,8,8,8,8,8,8
городской округ город-курорт Ессентуки,8,8,8,8,8,8,8,8,8,8,8,8,8,8,8,8,8,8,8,8,8,8,8,8
городской округ город-курорт Железноводск,0,0,0,0,0,0,0,0,0,0,0,8,8,8,8,8,8,8,8,8,8,8,8,8
городской округ город-курорт Кисловодск,8,8,8,8,8,8,8,8,8,8,8,8,8,8,8,8,8,8,8,8,8,8,8,8
городской округ город-курорт Пятигорск,8,8,8,8,8,8,8,8,8,8,8,8,8,8,8,8,8,8,8,8,8,8,8,8
городской округ округ Муром,0,0,0,0,0,0,0,0,0,0,0,0,0,8,8,8,10,10,10,8,8,8,8,8
городской округ поселок Агинское,6,6,0,0,0,0,1,1,1,1,7,7,7,7,1,1,1,1,1,1,1,1,1,1
городской округ рабочий поселок Кольцово,9,9,9,9,9,9,9,9,4,4,4,4,4,4,4,4,4,4,4,4,4,4,4,4
муниципальный округ Александровский,2,2,2,2,2,2,2,2,2,2,2,11,11,11,11,11,11,11,11,11,11,11,11,11
муниципальный округ Алнашский район,6,6,6,6,6,6,6,6,6,6,6,6,6,6,6,6,11,11,11,11,11,11,11,11
муниципальный округ Андреапольский,2,2,2,2,2,2,2,2,2,2,2,11,11,11,11,11,11,11,11,11,11,11,11,11
муниципальный округ Арбажский,1,1,1,1,1,1,1,1,2,2,2,1,1,1,1,1,1,1,1,1,1,10,10,10
муниципальный округ Афанасьевский,6,6,6,6,6,6,6,6,6,6,6,6,6,6,11,11,11,11,11,11,11,11,11,11
муниципальный округ Балезинский район,6,6,6,6,6,6,6,6,6,6,6,6,6,6,6,6,11,11,11,11,11,11,11,11
муниципальный округ Бардымский,6,6,6,6,6,6,6,6,6,6,6,6,6,6,6,6,11,11,11,11,11,11,11,11
муниципальный округ Бежецкий,2,2,2,2,2,2,2,2,2,2,2,11,11,11,11,11,11,11,11,11,11,11,11,11
муниципальный округ Бельский,2,2,2,2,2,2,2,2,2,2,2,2,11,11,11,11,11,11,11,11,11,11,11,11
муниципальный округ Березовский,2,2,2,2,2,2,2,2,6,6,6,6,6,6,6,11,11,11,11,11,11,11,11,11
муниципальный округ Богородский,1,1,1,1,1,1,1,1,1,1,1,1,1,1,1,1,1,11,11,11,11,11,11,11
муниципальный округ Бологовский,0,0,0,2,2,2,2,2,2,2,2,11,11,11,11,11,11,11,11,11,11,11,11,11
муниципальный округ Большесосновский,6,6,6,6,6,6,6,6,6,6,6,6,11,11,11,11,11,11,11,11,11,11,11,11
муниципальный округ Вавожский район,6,6,6,6,6,6,6,6,6,6,6,6,6,6,6,11,11,11,11,11,11,11,11,11
муниципальный округ Верхнекамский,0,0,0,2,2,6,6,6,6,6,6,6,6,6,6,11,11,11,11,11,11,11,11,11
муниципальный округ Весьегонский,2,2,2,2,2,2,2,2,2,2,2,2,11,11,11,11,11,11,11,11,11,11,11,11
муниципальный округ Вилегодский,0,0,0,0,0,2,2,0,0,0,0,0,0,11,11,11,11,11,11,11,11,11,11,11
муниципальный округ Волотовский,2,2,2,2,2,2,2,2,2,2,2,2,11,11,11,11,11,11,11,11,11,11,11,11
муниципальный округ Вуктыл,0,0,0,0,1,1,1,1,1,0,0,0,0,0,0,0,0,0,0,1,1,10,10,10
муниципальный округ Гайнский,2,2,2,2,2,2,2,2,2,6,6,11,11,11,11,11,11,11,11,11,11,11,11,11
муниципальный округ Гвардейский,0,0,0,6,6,6,6,6,6,6,6,6,6,6,6,11,11,11,11,11,11,11,10,10
муниципальный округ Граховский район,6,6,2,2,2,2,2,2,2,6,6,6,6,6,6,11,11,11,11,11,11,11,11,11
муниципальный округ Губахинский,0,0,0,0,0,0,0,0,0,0,0,0,0,0,0,0,0,10,10,10,10,10,10,10
муниципальный округ Гурьевский,8,8,1,1,1,1,1,1,1,1,1,8,8,8,8,8,8,8,8,8,8,8,8,8
муниципальный округ Дебёсский район,6,6,6,6,6,6,6,6,6,6,6,6,6,6,6,11,11,11,11,11,11,11,11,11
муниципальный округ Демянский,2,2,2,2,2,2,2,2,2,2,2,11,11,11,11,11,11,11,11,11,11,11,11,11
муниципальный округ Еловский,2,2,2,2,2,2,2,2,6,6,6,6,6,6,6,11,11,11,11,11,11,11,11,11
муниципальный округ Жарковский,2,2,2,2,2,2,2,2,2,2,2,2,2,2,2,11,11,11,11,11,11,11,11,11
муниципальный округ Завьяловский район,8,8,8,8,8,8,8,8,8,8,8,8,8,8,8,8,8,8,8,8,8,8,8,8
муниципальный округ Западнодвинский,2,2,2,2,2,2,2,2,2,2,2,11,11,11,11,11,11,11,11,11,11,11,11,11
муниципальный округ Зеленоградский,8,8,8,8,8,8,8,8,8,8,8,8,8,8,8,8,8,8,8,8,8,9,9,9
муниципальный округ Зубцовский,2,2,2,2,2,2,2,2,2,2,2,11,11,11,11,11,11,11,11,11,11,11,11,11
муниципальный округ Игринский район,6,6,6,6,6,6,6,6,6,6,6,6,6,6,6,11,11,11,11,11,11,11,11,11
муниципальный округ Калининский,8,8,8,8,8,8,8,8,8,8,8,8,8,8,8,8,8,8,8,8,9,9,9,9
муниципальный округ Калязинский,0,0,0,2,2,2,2,2,2,2,0,0,0,11,11,11,11,11,11,11,11,11,11,11
муниципальный округ Камбарский район,2,2,2,2,2,2,2,6,6,6,6,6,6,6,6,6,11,11,11,11,11,11,11,11
муниципальный округ Карагайский,6,6,6,6,6,6,6,6,6,6,6,6,6,6,6,6,11,11,11,11,11,11,11,11
муниципальный округ Каракулинский район,2,2,2,2,2,6,6,6,6,6,6,6,6,6,11,11,11,11,11,11,11,11,11,11
муниципальный округ Каргопольский,0,0,0,0,0,0,0,0,0,2,2,11,11,11,11,11,11,11,11,11,11,11,11,11
муниципальный округ Кезский район,6,6,6,6,6,6,6,6,6,6,6,6,6,6,6,6,11,11,11,11,11,11,11,11
муниципальный округ Кесовогорский,2,2,2,2,2,2,2,2,2,2,2,2,2,11,11,11,11,11,11,11,11,11,11,11
муниципальный округ Кизнерский район,6,6,6,6,6,6,6,6,6,6,6,6,6,6,6,11,11,11,11,11,11,11,11,11
муниципальный округ Кикнурский,2,2,2,2,2,2,2,2,2,2,6,6,6,6,11,11,11,11,11,11,11,11,11,11
муниципальный округ Кимрский,0,0,0,0,0,0,0,0,0,0,0,0,0,0,0,0,0,10,10,10,10,10,10,10
муниципальный округ Кишертский,2,2,2,2,2,2,2,2,6,6,6,6,6,6,6,11,11,11,11,11,11,11,11,11
муниципальный округ Киясовский район,6,6,6,6,6,6,6,6,6,6,6,6,6,6,6,11,11,11,11,11,11,11,11,11
муниципальный округ Конаковский,0,0,0,0,0,0,0,0,0,0,0,0,0,0,0,0,0,10,10,10,10,10,10,10
муниципальный округ Косинский,2,2,6,6,2,2,2,2,6,6,6,6,6,6,6,6,11,11,11,11,11,11,11,11
муниципальный округ Кочевский,6,6,6,6,2,2,2,6,6,6,6,6,6,6,6,6,6,11,11,11,11,11,11,11
муниципальный округ Красногородский,2,2,2,2,2,2,2,2,6,6,6,6,6,6,11,11,11,11,11,11,11,11,11,11
муниципальный округ Красногорский район,6,6,6,6,6,6,6,6,6,6,6,6,6,6,6,11,11,11,11,11,11,11,11,11
муниципальный округ Краснознаменский,2,2,2,2,2,6,6,6,6,6,6,6,6,6,6,6,11,11,11,11,11,11,11,11
муниципальный округ Красноселькупский район,1,1,1,1,1,1,1,1,1,1,1,1,1,1,1,1,1,1,1,1,1,1,1,1
муниципальный округ Краснохолмский,2,2,2,2,2,2,2,2,2,2,2,2,11,11,11,11,11,11,11,11,11,11,11,11
муниципальный округ Крестецкий,2,2,2,2,2,2,2,2,2,2,2,11,11,11,11,11,11,11,11,11,11,11,11,11
муниципальный округ Кувшиновский,0,0,0,2,2,2,2,2,2,2,2,11,11,11,11,11,11,11,11,11,11,11,11,11
муниципальный округ Кудымкарский,0,0,0,0,0,0,6,6,6,6,6,6,8,8,8,8,8,8,8,10,10,10,10,10
муниципальный округ Куединский,2,2,2,2,2,2,2,6,6,6,6,6,6,6,6,11,11,11,11,11,11,11,11,11
муниципальный округ Кунгурский,0,0,0,0,8,8,8,8,8,8,8,8,8,8,8,8,8,8,8,8,10,10,10,10
муниципальный округ Лебяжский,2,2,2,2,2,2,2,6,6,6,6,6,6,6,6,6,11,11,11,11,11,11,11,11
муниципальный округ Лесной,2,2,2,2,2,2,2,2,2,2,2,2,11,11,11,11,11,11,11,11,11,11,11,11
муниципальный округ Лихославльский,2,2,2,2,2,2,2,2,2,2,2,2,11,11,11,11,11,11,11,11,11,11,11,11
муниципальный округ Локнянский,2,2,2,2,2,2,2,2,2,2,2,2,2,11,11,11,11,11,11,11,11,11,11,11
муниципальный округ Лузский,2,2,2,2,2,2,2,6,6,6,6,6,6,11,11,11,11,11,11,11,11,11,11,11
муниципальный округ Максатихинский,2,2,2,2,2,2,2,2,2,2,6,6,11,11,11,11,11,11,11,11,11,11,11,11
муниципальный округ Макушинский,2,2,2,2,2,2,2,2,2,2,2,2,2,2,11,11,11,11,11,11,11,11,11,11
муниципальный округ Малопургинский район,6,6,6,6,6,6,6,6,6,6,6,6,6,6,6,6,6,11,11,11,11,11,11,11
муниципальный округ Марёвский,2,2,2,2,2,2,2,2,2,2,2,2,11,11,11,11,11,11,11,11,11,11,11,11
муниципальный округ Молоковский,2,2,2,2,2,2,2,2,2,2,2,2,2,2,2,7,7,7,7,7,7,7,7,7
муниципальный округ Мошенской,2,2,2,2,2,2,2,2,2,2,11,11,11,11,11,11,11,11,11,11,11,11,11,11
муниципальный округ Мурашинский,2,2,2,2,2,2,2,2,6,6,6,6,6,6,6,11,11,11,11,11,11,11,11,11
муниципальный округ Надымский район,1,1,1,1,1,1,1,1,1,1,1,1,1,1,1,1,1,1,1,1,1,1,1,1
муниципальный округ Невельский,2,2,2,2,2,2,2,2,2,2,2,2,2,11,11,11,11,11,11,11,11,11,11,11
муниципальный округ Неманский,0,0,0,0,0,0,6,6,6,6,6,6,6,6,8,8,8,8,8,10,10,10,10,10
муниципальный округ Нестеровский,6,6,6,6,6,6,6,6,6,6,6,6,6,6,6,6,11,11,11,11,11,10,10,10
муниципальный округ Новоржевский,2,2,2,2,2,2,2,2,2,6,6,11,11,11,11,11,11,11,11,11,11,11,11,11
муниципальный округ Озерский,6,6,6,6,6,6,6,6,6,6,6,6,6,6,6,6,6,11,11,11,11,11,11,11
муниципальный округ Оленинский,2,2,2,2,2,2,2,2,2,2,2,2,11,11,11,11,11,11,11,11,11,11,11,11
муниципальный округ Ольский,1,1,1,1,1,1,1,1,1,1,1,1,1,1,1,1,1,1,1,1,1,1,1,1
муниципальный округ Опаринский,2,2,2,2,2,2,2,2,2,2,2,2,2,11,11,11,11,11,11,11,11,11,11,11
муниципальный округ Опочецкий,2,2,2,2,2,2,2,2,6,6,6,11,11,11,11,11,11,11,11,11,11,11,11,11
муниципальный округ Ординский,2,2,2,2,2,2,2,2,2,2,2,6,6,6,6,6,11,11,11,11,11,11,11,11
муниципальный округ Орловский,8,8,8,8,8,8,8,8,8,8,8,8,8,8,8,8,8,8,8,8,8,8,8,8
муниципальный округ Пеновский,2,2,2,2,2,2,2,2,2,2,2,2,11,11,11,11,11,11,11,11,11,11,11,11
муниципальный округ Пермский,0,0,8,8,8,8,8,8,8,8,8,8,8,8,8,8,8,8,8,8,8,8,8,8
муниципальный округ Пестовский,0,0,2,2,2,2,2,2,2,2,2,0,0,11,11,11,11,11,11,11,11,11,11,11
муниципальный округ Печорский,0,0,0,2,2,2,2,2,2,2,6,6,6,6,11,11,11,11,11,11,11,11,11,11
муниципальный округ Пижанский,2,2,6,6,6,6,6,6,6,6,6,6,6,6,11,11,11,11,11,11,11,11,11,11
муниципальный округ Полесский,0,0,0,0,0,0,6,6,6,6,6,6,6,6,6,6,11,11,11,11,11,11,11,11
муниципальный округ Правдинский,2,2,2,2,2,2,6,6,6,6,6,6,6,6,6,6,11,11,11,11,11,11,11,11
муниципальный округ Приуральский район,1,1,1,1,1,1,1,1,1,1,1,1,1,1,1,1,1,1,1,1,1,1,1,1
муниципальный округ Пуровский район,1,1,1,1,1,1,1,1,1,1,1,1,1,1,1,1,1,1,1,1,1,1,1,1
муниципальный округ Пыталовский,0,0,0,0,0,0,0,0,0,0,0,0,0,0,11,11,11,10,10,10,10,10,10,10
муниципальный округ Рамешковский,2,2,2,2,2,2,2,2,2,2,2,2,11,11,11,11,11,11,11,11,11,11,11,11
муниципальный округ Ржевский,0,0,0,0,0,0,0,0,0,0,0,0,0,0,0,0,0,0,10,10,10,10,10,10
муниципальный округ Сандовский,2,2,2,2,2,2,2,2,2,2,2,2,2,7,7,7,7,7,7,7,7,7,7,7
муниципальный округ Санчурский,2,2,2,2,2,2,6,6,2,2,2,6,6,6,6,6,11,11,11,11,11,11,11,11
муниципальный округ Сарапульский район,6,6,6,6,6,6,6,6,6,6,6,6,6,6,8,8,8,8,8,10,10,10,10,10
муниципальный округ Свечинский,2,2,2,2,2,2,2,6,6,6,6,6,6,6,6,11,11,11,11,11,11,11,11,11
муниципальный округ Селижаровский,2,2,2,2,2,2,2,2,2,2,2,11,11,11,11,11,11,11,11,11,11,11,11,11
муниципальный округ Селтинский район,6,6,6,6,6,6,6,6,6,6,6,6,6,6,6,11,11,11,11,11,11,11,11,11
муниципальный округ Сивинский,2,2,6,6,6,6,6,6,6,6,6,2,2,11,11,11,11,11,11,11,11,11,11,11
муниципальный округ Славский,6,6,6,6,6,6,6,6,6,6,6,6,6,6,6,6,11,11,11,11,11,11,11,11
муниципальный округ Солецкий,2,2,2,2,2,2,2,2,2,2,2,11,11,11,11,11,11,11,11,11,11,11,11,11
муниципальный округ Сонковский,2,2,2,2,2,2,2,2,2,2,2,2,11,11,11,11,11,11,11,11,11,11,11,11
муниципальный округ Спировский,2,2,2,2,2,2,2,2,2,2,6,6,11,11,11,11,11,11,11,11,11,11,11,11
муниципальный округ Старицкий,2,2,2,2,2,2,2,2,2,2,2,2,11,11,11,11,11,11,11,11,11,11,11,11
муниципальный округ Струго-Красненский,2,2,2,2,2,2,0,0,0,0,0,0,0,0,11,11,11,11,10,10,10,10,10,10
муниципальный округ Суетский район,2,2,2,2,2,2,2,2,2,2,2,2,2,2,11,11,11,11,11,11,11,11,11,11
муниципальный округ Сюмсинский район,2,2,2,2,2,2,2,6,6,6,6,6,6,6,6,11,11,11,11,11,11,11,11,11
муниципальный округ Тазовский район,1,1,1,1,1,1,1,1,1,1,1,1,1,1,1,1,1,1,1,1,1,1,1,1
муниципальный округ Торопецкий,2,2,2,2,2,2,2,2,2,2,2,11,11,11,11,11,11,11,11,11,11,11,11,11
муниципальный округ Увинский район,6,6,6,6,6,6,6,6,6,6,6,6,6,6,6,11,11,11,11,11,11,11,11,11
муниципальный округ Уинский,2,2,2,2,2,2,2,6,6,6,6,6,6,6,6,6,11,11,11,11,11,11,11,11
муниципальный округ Унинский,1,1,1,1,1,1,1,1,1,1,2,2,2,2,2,11,11,11,11,11,11,11,11,11
муниципальный округ Усинск,1,1,1,1,1,1,1,1,1,1,1,1,1,1,1,1,1,1,1,1,1,1,1,1
муниципальный округ Фаленский,2,2,2,2,2,2,2,2,2,6,6,6,6,6,11,11,11,11,11,11,11,11,11,11
муниципальный округ Фировский,2,2,2,2,2,2,2,2,2,2,2,2,11,11,11,11,11,11,11,11,11,11,11,11
муниципальный округ Хвойнинский,2,2,2,2,2,2,2,2,2,2,2,2,2,11,11,11,11,11,11,11,11,11,11,11
муниципальный округ Чарышский район,2,2,2,2,2,2,2,2,2,2,6,6,11,11,11,11,11,11,11,11,11,11,11,11
муниципальный округ Частинский,2,2,2,2,2,2,6,6,6,6,6,6,11,11,11,11,11,11,11,11,11,11,11,11
муниципальный округ Черняховский,0,0,0,0,0,0,0,0,6,6,8,8,8,8,8,8,8,8,10,10,10,10,10,10
муниципальный округ Шарканский район,6,6,6,6,6,6,6,6,6,6,6,6,6,6,6,6,11,11,11,11,11,11,11,11
муниципальный округ Шумихинский,2,2,2,2,2,2,6,6,6,6,6,6,6,6,6,11,11,11,11,11,11,11,11,11
муниципальный округ Шурышкарский район,1,1,1,1,1,1,1,1,1,1,1,1,1,1,1,1,1,1,1,1,1,1,1,1
муниципальный округ Юкаменский район,6,6,6,6,6,6,6,6,6,6,6,6,6,6,11,11,11,11,11,11,11,11,11,11
муниципальный округ Юрлинский,2,2,2,2,2,2,2,6,6,6,6,6,6,6,6,6,6,11,11,11,11,11,11,11
муниципальный округ Юсьвинский,6,6,6,6,2,2,6,6,6,6,6,6,6,6,6,6,11,11,11,11,11,11,11,11
муниципальный округ Ягоднинский,1,1,1,1,1,1,1,1,1,1,1,1,1,1,1,1,1,1,1,1,1,1,1,1
муниципальный округ Якшур-Бодьинский район,6,6,6,6,6,6,6,6,6,6,6,6,6,6,6,11,11,11,11,11,11,11,11,11
муниципальный округ Ямальский район,1,1,1,1,1,1,1,1,1,1,1,1,1,1,1,1,1,1,1,1,1,1,1,1
муниципальный округ Ярский район,6,6,6,6,6,6,6,6,6,6,6,6,6,6,11,11,11,11,11,11,11,11,11,11
муниципальный округ город Апатиты,1,1,1,1,1,1,1,1,1,1,1,1,1,1,1,1,1,1,1,1,1,1,1,1
муниципальный округ город Кировск,1,1,1,1,1,1,1,1,1,1,1,1,1,1,1,1,1,1,1,1,1,1,1,1
муниципальный округ город Мончегорск,1,1,1,1,1,1,1,1,1,1,1,1,1,1,1,1,1,1,1,1,1,1,1,1
муниципальный округ город Оленегорск,1,1,1,1,1,1,1,1,1,1,1,1,1,1,1,1,1,1,1,1,1,1,1,1
муниципальный округ город Полярные Зори,1,1,1,1,1,1,1,1,1,1,1,1,1,1,1,1,1,1,1,1,1,1,1,1
муниципальный округ город Славгород,2,2,0,0,0,0,0,0,0,0,0,0,0,0,0,0,0,0,10,10,10,10,10,10
муниципальный район Город Краснокаменск и Краснокаменский район,0,0,0,0,0,1,1,1,1,1,0,0,0,8,8,8,8,8,8,10,10,10,10,10
муниципальный район Заполярный район,1,1,1,1,1,1,1,1,1,1,1,1,1,1,1,1,1,1,1,1,1,1,1,1
муниципальный район Печора,1,1,1,1,1,1,1,1,1,1,1,1,1,1,1,1,1,1,1,1,1,1,1,1
муниципальный район Сосногорск,0,0,0,0,0,1,1,1,1,0,0,0,0,0,0,0,0,0,1,1,10,10,10,10
муниципальный район город Нерехта и Нерехтский район,0,0,2,2,2,2,2,2,2,0,0,0,0,11,11,11,11,11,11,11,11,11,11,11
муниципальный район имени Лазо,1,1,1,1,1,1,1,1,1,1,1,1,1,1,1,1,1,11,11,11,11,11,11,11
муниципальный район имени Полины Осипенко,1,1,1,1,1,1,1,1,1,1,1,1,1,1,1,1,1,10,10,10,1,1,1,1
