scenario,seed,omega,ari,nmi,node_state_accuracy,switch_precision,switch_recall,switch_f1,false_switches,missed_switches,false_switch_rate,false_persistence,false_instability,absolute_change_point_delay,signed_change_point_delay
stable,0,0.0,0.3982848396841216,0.543126132907259,1.0,0.0,0.0,0.0,0,0,0.0,0.0,0.0,,
stable,0,0.25,0.29342905477157316,0.6432009547599912,1.0,0.0,0.0,0.0,0,0,0.0,0.0,0.0,,
stable,0,0.5,0.38742596699000603,0.692589017298773,1.0,0.0,0.0,0.0,0,0,0.0,0.0,0.0,,
stable,0,1.0,0.4897003413183534,0.7407515658807944,1.0,0.0,0.0,0.0,0,0,0.0,0.0,0.0,,
stable,0,2.0,0.9153695827879224,0.942292324475869,1.0,0.0,0.0,0.0,0,0,0.0,0.0,0.0,,
stable,0,4.0,1.0,1.0,1.0,0.0,0.0,0.0,0,0,0.0,0.0,0.0,,
stable,1,0.0,0.6842112378649992,0.7182266521820488,0.9993055555555556,0.0,0.0,0.0,2,0,0.0015151515151515152,0.0,0.0015151515151515152,,
stable,1,0.25,0.2798215465775803,0.6339289999237661,0.9993055555555556,0.0,0.0,0.0,2,0,0.0015151515151515152,0.0,0.0015151515151515152,,
stable,1,0.5,0.3590368250673571,0.6777026061888429,0.9993055555555556,0.0,0.0,0.0,2,0,0.0015151515151515152,0.0,0.0015151515151515152,,
stable,1,1.0,0.43435768637170485,0.718162014917582,1.0,0.0,0.0,0.0,0,0,0.0,0.0,0.0,,
stable,1,2.0,0.92100032034479,0.9448408939706024,1.0,0.0,0.0,0.0,0,0,0.0,0.0,0.0,,
stable,1,4.0,1.0,1.0,1.0,0.0,0.0,0.0,0,0,0.0,0.0,0.0,,
stable,2,0.0,0.52050031533352,0.6338343473665191,1.0,0.0,0.0,0.0,0,0,0.0,0.0,0.0,,
stable,2,0.25,0.2717179950695755,0.6299035740043498,1.0,0.0,0.0,0.0,0,0,0.0,0.0,0.0,,
stable,2,0.5,0.35128649768885534,0.6723065464764776,1.0,0.0,0.0,0.0,0,0,0.0,0.0,0.0,,
stable,2,1.0,0.44173598224726424,0.720063117905681,1.0,0.0,0.0,0.0,0,0,0.0,0.0,0.0,,
stable,2,2.0,0.8184109210889506,0.8891321546775701,1.0,0.0,0.0,0.0,0,0,0.0,0.0,0.0,,
stable,2,4.0,1.0,1.0,1.0,0.0,0.0,0.0,0,0,0.0,0.0,0.0,,
stable,3,0.0,0.44964780134590554,0.5359743169689242,0.9958333333333333,0.0,0.0,0.0,11,0,0.008333333333333333,0.0,0.008333333333333333,,
stable,3,0.25,0.2765769416941603,0.6249942484694495,0.9951388888888889,0.0,0.0,0.0,11,0,0.008333333333333333,0.0,0.008333333333333333,,
stable,3,0.5,0.32598395482717746,0.6499342844093609,0.9951388888888889,0.0,0.0,0.0,11,0,0.008333333333333333,0.0,0.008333333333333333,,
stable,3,1.0,0.4360176111647244,0.7064092032548004,0.9951388888888889,0.0,0.0,0.0,11,0,0.008333333333333333,0.0,0.008333333333333333,,
stable,3,2.0,1.0,1.0,1.0,0.0,0.0,0.0,0,0,0.0,0.0,0.0,,
stable,3,4.0,1.0,1.0,1.0,0.0,0.0,0.0,0,0,0.0,0.0,0.0,,
stable,4,0.0,0.686933738690506,0.7497093891079447,1.0,0.0,0.0,0.0,0,0,0.0,0.0,0.0,,
stable,4,0.25,0.26750532876416944,0.6283784738390038,1.0,0.0,0.0,0.0,0,0,0.0,0.0,0.0,,
stable,4,0.5,0.36772314202950557,0.6819445780743264,1.0,0.0,0.0,0.0,0,0,0.0,0.0,0.0,,
stable,4,1.0,0.4342345658821569,0.7181261085821721,1.0,0.0,0.0,0.0,0,0,0.0,0.0,0.0,,
stable,4,2.0,0.8204092435214946,0.8898529014090935,1.0,0.0,0.0,0.0,0,0,0.0,0.0,0.0,,
stable,4,4.0,1.0,1.0,1.0,0.0,0.0,0.0,0,0,0.0,0.0,0.0,,
stable,5,0.0,0.5491004572033245,0.6293579399512189,0.9958333333333333,0.0,0.0,0.0,10,0,0.007575757575757576,0.0,0.007575757575757576,,
stable,5,0.25,0.25151672968411815,0.6116280138943017,0.9958333333333333,0.0,0.0,0.0,10,0,0.007575757575757576,0.0,0.007575757575757576,,
stable,5,0.5,0.35927110534591705,0.6695945473480632,0.9958333333333333,0.0,0.0,0.0,10,0,0.007575757575757576,0.0,0.007575757575757576,,
stable,5,1.0,0.4347074735494486,0.7112969269752583,0.9972222222222222,0.0,0.0,0.0,8,0,0.006060606060606061,0.0,0.006060606060606061,,
stable,5,2.0,0.8207062265661311,0.8899593395670043,1.0,0.0,0.0,0.0,0,0,0.0,0.0,0.0,,
stable,5,4.0,1.0,1.0,1.0,0.0,0.0,0.0,0,0,0.0,0.0,0.0,,
stable,6,0.0,0.603065412017554,0.653126455062512,0.9993055555555556,0.0,0.0,0.0,2,0,0.0015151515151515152,0.0,0.0015151515151515152,,
stable,6,0.25,0.2797599368963281,0.6339798483186198,0.9993055555555556,0.0,0.0,0.0,2,0,0.0015151515151515152,0.0,0.0015151515151515152,,
stable,6,0.5,0.3669220172576007,0.6799577158362008,0.9993055555555556,0.0,0.0,0.0,2,0,0.0015151515151515152,0.0,0.0015151515151515152,,
stable,6,1.0,0.4377264366587523,0.7171849135294138,0.9993055555555556,0.0,0.0,0.0,2,0,0.0015151515151515152,0.0,0.0015151515151515152,,
stable,6,2.0,0.9133960870802894,0.9414183662390867,1.0,0.0,0.0,0.0,0,0,0.0,0.0,0.0,,
stable,6,4.0,1.0,1.0,1.0,0.0,0.0,0.0,0,0,0.0,0.0,0.0,,
stable,7,0.0,0.6941848499985405,0.7478766558107302,1.0,0.0,0.0,0.0,0,0,0.0,0.0,0.0,,
stable,7,0.25,0.26750532876416944,0.6283790233355647,1.0,0.0,0.0,0.0,0,0,0.0,0.0,0.0,,
stable,7,0.5,0.347448128342246,0.6712369042847022,1.0,0.0,0.0,0.0,0,0,0.0,0.0,0.0,,
stable,7,1.0,0.41110484710648837,0.7050025766233485,1.0,0.0,0.0,0.0,0,0,0.0,0.0,0.0,,
stable,7,2.0,1.0,1.0,1.0,0.0,0.0,0.0,0,0,0.0,0.0,0.0,,
stable,7,4.0,1.0,1.0,1.0,0.0,0.0,0.0,0,0,0.0,0.0,0.0,,
stable,8,0.0,0.4558370351735735,0.5759902378042524,0.9923611111111111,0.0,0.0,0.0,16,0,0.012121212121212121,0.0,0.012121212121212121,,
stable,8,0.25,0.24537505192325415,0.5979584432477951,0.9756944444444444,0.0,0.0,0.0,40,0,0.030303030303030304,0.0,0.030303030303030304,,
stable,8,0.5,0.3570067717790025,0.6628211118081812,0.9923611111111111,0.0,0.0,0.0,16,0,0.012121212121212121,0.0,0.012121212121212121,,
stable,8,1.0,0.47188193390787264,0.7175008213453867,0.9923611111111111,0.0,0.0,0.0,16,0,0.012121212121212121,0.0,0.012121212121212121,,
stable,8,2.0,0.8205194734962447,0.8898940552191549,1.0,0.0,0.0,0.0,0,0,0.0,0.0,0.0,,
stable,8,4.0,1.0,1.0,1.0,0.0,0.0,0.0,0,0,0.0,0.0,0.0,,
stable,9,0.0,0.5161971837423615,0.6169908739717754,0.9618055555555556,0.0,0.0,0.0,91,0,0.06893939393939394,0.0,0.06893939393939394,,
stable,9,0.25,0.18902659294899132,0.47200622174064144,0.7291666666666666,0.0,0.0,0.0,303,0,0.22954545454545455,0.0,0.22954545454545455,,
stable,9,0.5,0.2529458156699078,0.5250924490607537,0.7506944444444444,0.0,0.0,0.0,301,0,0.22803030303030303,0.0,0.22803030303030303,,
stable,9,1.0,0.3574423558848366,0.5767194770975514,0.75,0.0,0.0,0.0,71,0,0.05378787878787879,0.0,0.05378787878787879,,
stable,9,2.0,0.7179210167298351,0.8338950071394957,0.9958333333333333,0.0,0.0,0.0,4,0,0.0030303030303030303,0.0,0.0030303030303030303,,
stable,9,4.0,1.0,1.0,1.0,0.0,0.0,0.0,0,0,0.0,0.0,0.0,,
stable,10,0.0,0.7427861536913294,0.7920437131204274,1.0,0.0,0.0,0.0,0,0,0.0,0.0,0.0,,
stable,10,0.25,0.26736564553295883,0.6283402964181211,1.0,0.0,0.0,0.0,0,0,0.0,0.0,0.0,,
stable,10,0.5,0.34758880818193305,0.6712704692376273,1.0,0.0,0.0,0.0,0,0,0.0,0.0,0.0,,
stable,10,1.0,0.479794275410034,0.7376335496268992,1.0,0.0,0.0,0.0,0,0,0.0,0.0,0.0,,
stable,10,2.0,0.9130256397435,0.941255389507403,1.0,0.0,0.0,0.0,0,0,0.0,0.0,0.0,,
stable,10,4.0,1.0,1.0,1.0,0.0,0.0,0.0,0,0,0.0,0.0,0.0,,
stable,11,0.0,0.4407360535887607,0.5919328082664173,0.9979166666666667,0.0,0.0,0.0,6,0,0.004545454545454545,0.0,0.004545454545454545,,
stable,11,0.25,0.2662565706899433,0.6239927971575461,0.9979166666666667,0.0,0.0,0.0,6,0,0.004545454545454545,0.0,0.004545454545454545,,
stable,11,0.5,0.32633491439444556,0.6590260260536972,0.9993055555555556,0.0,0.0,0.0,2,0,0.0015151515151515152,0.0,0.0015151515151515152,,
stable,11,1.0,0.4381727926822466,0.719142558852991,1.0,0.0,0.0,0.0,0,0,0.0,0.0,0.0,,
stable,11,2.0,0.8187759194190604,0.8892631938740638,1.0,0.0,0.0,0.0,0,0,0.0,0.0,0.0,,
stable,11,4.0,1.0,1.0,1.0,0.0,0.0,0.0,0,0,0.0,0.0,0.0,,
stable,12,0.0,0.5318986162172992,0.6224811544298396,1.0,0.0,0.0,0.0,0,0,0.0,0.0,0.0,,
stable,12,0.25,0.28045273454131564,0.6356815370338161,1.0,0.0,0.0,0.0,0,0,0.0,0.0,0.0,,
stable,12,0.5,0.3717302564928597,0.6831314388732198,1.0,0.0,0.0,0.0,0,0,0.0,0.0,0.0,,
stable,12,1.0,0.43900636152025524,0.7193411350664675,1.0,0.0,0.0,0.0,0,0,0.0,0.0,0.0,,
stable,12,2.0,0.8230303005013246,0.890806584601036,1.0,0.0,0.0,0.0,0,0,0.0,0.0,0.0,,
stable,12,4.0,1.0,1.0,1.0,0.0,0.0,0.0,0,0,0.0,0.0,0.0,,
stable,13,0.0,0.6107144956479612,0.6607913533417278,0.9965277777777778,0.0,0.0,0.0,10,0,0.007575757575757576,0.0,0.007575757575757576,,
stable,13,0.25,0.2654622735456102,0.6227238502677432,0.9972222222222222,0.0,0.0,0.0,8,0,0.006060606060606061,0.0,0.006060606060606061,,
stable,13,0.5,0.36476028942009936,0.6750442425852433,0.9972222222222222,0.0,0.0,0.0,8,0,0.006060606060606061,0.0,0.006060606060606061,,
stable,13,1.0,0.43935119062393074,0.7129209469315851,0.9972222222222222,0.0,0.0,0.0,8,0,0.006060606060606061,0.0,0.006060606060606061,,
stable,13,2.0,1.0,1.0,1.0,0.0,0.0,0.0,0,0,0.0,0.0,0.0,,
stable,13,4.0,1.0,1.0,1.0,0.0,0.0,0.0,0,0,0.0,0.0,0.0,,
stable,14,0.0,0.47225229078608005,0.5814175773901146,0.9993055555555556,0.0,0.0,0.0,2,0,0.0015151515151515152,0.0,0.0015151515151515152,,
stable,14,0.25,0.253872853886358,0.6196172102284561,0.9993055555555556,0.0,0.0,0.0,2,0,0.0015151515151515152,0.0,0.0015151515151515152,,
stable,14,0.5,0.36296189776912124,0.6788522380803823,0.9993055555555556,0.0,0.0,0.0,2,0,0.0015151515151515152,0.0,0.0015151515151515152,,
stable,14,1.0,0.44930269152101476,0.7218338058519396,1.0,0.0,0.0,0.0,0,0,0.0,0.0,0.0,,
stable,14,2.0,0.9133203244821114,0.9413850074190675,1.0,0.0,0.0,0.0,0,0,0.0,0.0,0.0,,
stable,14,4.0,1.0,1.0,1.0,0.0,0.0,0.0,0,0,0.0,0.0,0.0,,
stable,15,0.0,0.5199104712038841,0.6336548460163235,1.0,0.0,0.0,0.0,0,0,0.0,0.0,0.0,,
stable,15,0.25,0.2721452663954985,0.6300236901904608,1.0,0.0,0.0,0.0,0,0,0.0,0.0,0.0,,
stable,15,0.5,0.36356031468292765,0.6807257013286716,1.0,0.0,0.0,0.0,0,0,0.0,0.0,0.0,,
stable,15,1.0,0.4112302009847209,0.705029077711632,1.0,0.0,0.0,0.0,0,0,0.0,0.0,0.0,,
stable,15,2.0,0.7196154056129689,0.843909777867913,1.0,0.0,0.0,0.0,0,0,0.0,0.0,0.0,,
stable,15,4.0,1.0,1.0,1.0,0.0,0.0,0.0,0,0,0.0,0.0,0.0,,
stable,16,0.0,0.5566567418387287,0.6374566257379216,0.9847222222222223,0.0,0.0,0.0,34,0,0.025757575757575757,0.0,0.025757575757575757,,
stable,16,0.25,0.23643619424877246,0.5766624064570555,0.9131944444444444,0.0,0.0,0.0,39,0,0.029545454545454545,0.0,0.029545454545454545,,
stable,16,0.5,0.3124808702289461,0.6267041081034707,0.9326388888888889,0.0,0.0,0.0,41,0,0.03106060606060606,0.0,0.03106060606060606,,
stable,16,1.0,0.42599628741913925,0.6905392716308811,0.9861111111111112,0.0,0.0,0.0,30,0,0.022727272727272728,0.0,0.022727272727272728,,
stable,16,2.0,0.9142038785921824,0.9417749228554925,1.0,0.0,0.0,0.0,0,0,0.0,0.0,0.0,,
stable,16,4.0,1.0,1.0,1.0,0.0,0.0,0.0,0,0,0.0,0.0,0.0,,
stable,17,0.0,0.502601362393122,0.5986273962505662,0.9986111111111111,0.0,0.0,0.0,2,0,0.0015151515151515152,0.0,0.0015151515151515152,,
stable,17,0.25,0.26625620810876666,0.6253503955075522,0.9986111111111111,0.0,0.0,0.0,2,0,0.0015151515151515152,0.0,0.0015151515151515152,,
stable,17,0.5,0.34216405687055956,0.6667698712667266,0.9986111111111111,0.0,0.0,0.0,2,0,0.0015151515151515152,0.0,0.0015151515151515152,,
stable,17,1.0,0.4438136589437899,0.7176063456779165,0.9986111111111111,0.0,0.0,0.0,2,0,0.0015151515151515152,0.0,0.0015151515151515152,,
stable,17,2.0,0.8178555208539132,0.8889328763899044,1.0,0.0,0.0,0.0,0,0,0.0,0.0,0.0,,
stable,17,4.0,1.0,1.0,1.0,0.0,0.0,0.0,0,0,0.0,0.0,0.0,,
stable,18,0.0,0.47339884678141664,0.5989276722073523,0.9986111111111111,0.0,0.0,0.0,4,0,0.0030303030303030303,0.0,0.0030303030303030303,,
stable,18,0.25,0.2661736630711606,0.6249639258629803,0.9986111111111111,0.0,0.0,0.0,4,0,0.0030303030303030303,0.0,0.0030303030303030303,,
stable,18,0.5,0.3214002991537986,0.6560730025603383,0.9986111111111111,0.0,0.0,0.0,4,0,0.0030303030303030303,0.0,0.0030303030303030303,,
stable,18,1.0,0.4461350205986942,0.7210422499708883,1.0,0.0,0.0,0.0,0,0,0.0,0.0,0.0,,
stable,18,2.0,1.0,1.0,1.0,0.0,0.0,0.0,0,0,0.0,0.0,0.0,,
stable,18,4.0,1.0,1.0,1.0,0.0,0.0,0.0,0,0,0.0,0.0,0.0,,
stable,19,0.0,0.5730256866400651,0.6827605879533766,0.9993055555555556,0.0,0.0,0.0,2,0,0.0015151515151515152,0.0,0.0015151515151515152,,
stable,19,0.25,0.26702046664064855,0.6266874294467369,0.9993055555555556,0.0,0.0,0.0,2,0,0.0015151515151515152,0.0,0.0015151515151515152,,
stable,19,0.5,0.3426764196507564,0.6681777439843961,0.9993055555555556,0.0,0.0,0.0,2,0,0.0015151515151515152,0.0,0.0015151515151515152,,
stable,19,1.0,0.44150631754789543,0.7180920378648697,0.9993055555555556,0.0,0.0,0.0,2,0,0.0015151515151515152,0.0,0.0015151515151515152,,
stable,19,2.0,0.9239292748243189,0.9462004542271361,1.0,0.0,0.0,0.0,0,0,0.0,0.0,0.0,,
stable,19,4.0,1.0,1.0,1.0,0.0,0.0,0.0,0,0,0.0,0.0,0.0,,
abrupt,0,0.0,0.3142017761772743,0.36196761817430095,1.0,1.0,1.0,1.0,0,0,0.0,0.0,0.0,0.0,0.0
abrupt,0,0.25,0.2796689635004424,0.6351188795203865,1.0,1.0,1.0,1.0,0,0,0.0,0.0,0.0,0.0,0.0
abrupt,0,0.5,0.36636291354388123,0.681147323778727,1.0,1.0,1.0,1.0,0,0,0.0,0.0,0.0,0.0,0.0
abrupt,0,1.0,0.48997159045200606,0.7406496677097142,1.0,1.0,1.0,1.0,0,0,0.0,0.0,0.0,0.0,0.0
abrupt,0,2.0,0.6940850359667851,0.8173115503297987,0.99375,0.625,0.625,0.625,9,9,0.006944444444444444,0.375,0.006944444444444444,0.375,-0.041666666666666664
abrupt,0,4.0,0.9757242211653673,0.9625265353754344,0.9909722222222223,0.5833333333333334,0.5833333333333334,0.5833333333333334,10,10,0.007716049382716049,0.4166666666666667,0.007716049382716049,0.5416666666666666,-0.2916666666666667
abrupt,1,0.0,0.45904221080794655,0.5128224588827439,0.9993055555555556,0.9230769230769231,1.0,0.9600000000000001,2,0,0.0015432098765432098,0.0,0.0015432098765432098,0.0,0.0
abrupt,1,0.25,0.2768691290712326,0.633060192072266,0.9993055555555556,0.9230769230769231,1.0,0.9600000000000001,2,0,0.0015432098765432098,0.0,0.0015432098765432098,0.0,0.0
abrupt,1,0.5,0.338671284847671,0.6670247548950832,0.9993055555555556,0.9230769230769231,1.0,0.9600000000000001,2,0,0.0015432098765432098,0.0,0.0015432098765432098,0.0,0.0
abrupt,1,1.0,0.5252908052302734,0.7584625357254997,1.0,1.0,1.0,1.0,0,0,0.0,0.0,0.0,0.0,0.0
abrupt,1,2.0,0.7032091643045285,0.8129309008423533,0.9923611111111111,0.5833333333333334,0.5833333333333334,0.5833333333333334,10,10,0.007716049382716049,0.4166666666666667,0.007716049382716049,0.4583333333333333,-0.375
abrupt,1,4.0,0.959865349456346,0.9395898994349126,0.9847222222222223,0.2916666666666667,0.2916666666666667,0.2916666666666667,17,17,0.013117283950617283,0.7083333333333334,0.013117283950617283,0.9166666666666666,-0.16666666666666666
abrupt,2,0.0,0.23480889853170903,0.3414330299634168,1.0,1.0,1.0,1.0,0,0,0.0,0.0,0.0,0.0,0.0
abrupt,2,0.25,0.25582718257706416,0.6215190467617628,1.0,1.0,1.0,1.0,0,0,0.0,0.0,0.0,0.0,0.0
abrupt,2,0.5,0.38512996659133253,0.6867892780594229,1.0,1.0,1.0,1.0,0,0,0.0,0.0,0.0,0.0,0.0
abrupt,2,1.0,0.44480517617016113,0.7206668169331295,1.0,1.0,1.0,1.0,0,0,0.0,0.0,0.0,0.0,0.0
abrupt,2,2.0,0.5828914395101065,0.7662559573615437,0.9909722222222223,0.4642857142857143,0.5416666666666666,0.5,15,11,0.011574074074074073,0.4583333333333333,0.011574074074074073,0.4583333333333333,0.125
abrupt,2,4.0,0.9595089346380662,0.9408460878523384,0.9847222222222223,0.2916666666666667,0.2916666666666667,0.2916666666666667,17,17,0.013117283950617283,0.7083333333333334,0.013117283950617283,0.9166666666666666,-0.08333333333333333
abrupt,3,0.0,0.36405016885586056,0.4735540260938626,0.9958333333333333,0.6666666666666666,1.0,0.8,12,0,0.009259259259259259,0.0,0.009259259259259259,0.0,0.0
abrupt,3,0.25,0.25085496958257225,0.6109492399443638,0.9951388888888889,0.6666666666666666,1.0,0.8,12,0,0.009259259259259259,0.0,0.009259259259259259,0.0,0.0
abrupt,3,0.5,0.3421364883933034,0.6589471694527075,0.9951388888888889,0.6666666666666666,1.0,0.8,12,0,0.009259259259259259,0.0,0.009259259259259259,0.0,0.0
abrupt,3,1.0,0.4325749004355436,0.7061546815612233,0.9951388888888889,0.6666666666666666,1.0,0.8,12,0,0.009259259259259259,0.0,0.009259259259259259,0.0,0.0
abrupt,3,2.0,0.5849671362922081,0.7632767458296827,0.9868055555555556,0.25,0.25,0.25,18,18,0.013888888888888888,0.75,0.013888888888888888,0.7916666666666666,0.375
abrupt,3,4.0,0.9686379996091488,0.951209244567961,0.9881944444444445,0.3333333333333333,0.3333333333333333,0.3333333333333333,16,16,0.012345679012345678,0.6666666666666666,0.012345679012345678,0.7083333333333334,-0.20833333333333334
abrupt,4,0.0,0.6711942017322915,0.7198113187563895,1.0,1.0,1.0,1.0,0,0,0.0,0.0,0.0,0.0,0.0
abrupt,4,0.25,0.29749806263739054,0.6441274413451351,1.0,1.0,1.0,1.0,0,0,0.0,0.0,0.0,0.0,0.0
abrupt,4,0.5,0.3490915770698059,0.6713360997878511,1.0,1.0,1.0,1.0,0,0,0.0,0.0,0.0,0.0,0.0
abrupt,4,1.0,0.4815347562192056,0.7377610761446706,1.0,1.0,1.0,1.0,0,0,0.0,0.0,0.0,0.0,0.0
abrupt,4,2.0,0.5877672711961783,0.7700691161951464,0.9916666666666667,0.5,0.5416666666666666,0.52,13,11,0.010030864197530864,0.4583333333333333,0.010030864197530864,0.4583333333333333,-0.2916666666666667
abrupt,4,4.0,0.9672818288746498,0.9494302570250805,0.9875,0.3333333333333333,0.3333333333333333,0.3333333333333333,16,16,0.012345679012345678,0.6666666666666666,0.012345679012345678,0.75,0.08333333333333333
abrupt,5,0.0,0.4378202453897147,0.4881205905098064,0.9965277777777778,0.7272727272727273,1.0,0.8421052631578948,9,0,0.006944444444444444,0.0,0.006944444444444444,0.0,0.0
abrupt,5,0.25,0.2500951412653709,0.5999055405247309,0.9618055555555556,0.18604651162790697,1.0,0.3137254901960785,105,0,0.08101851851851852,0.0,0.08101851851851852,0.0,0.0
abrupt,5,0.5,0.33499644826909697,0.6468446938236488,0.9618055555555556,0.18604651162790697,1.0,0.3137254901960785,105,0,0.08101851851851852,0.0,0.08101851851851852,0.0,0.0
abrupt,5,1.0,0.4831944729064963,0.7307746349427493,0.9972222222222222,0.75,1.0,0.8571428571428571,8,0,0.006172839506172839,0.0,0.006172839506172839,0.0,0.0
abrupt,5,2.0,0.5920994036937582,0.7748261888414187,0.9923611111111111,0.5357142857142857,0.625,0.576923076923077,13,9,0.010030864197530864,0.375,0.010030864197530864,0.375,0.20833333333333334
abrupt,5,4.0,0.9578831308397628,0.9394082733579343,0.9840277777777777,0.2916666666666667,0.2916666666666667,0.2916666666666667,17,17,0.013117283950617283,0.7083333333333334,0.013117283950617283,0.9583333333333334,0.125
abrupt,6,0.0,0.6078610474461356,0.6529487950766332,0.9993055555555556,0.9230769230769231,1.0,0.9600000000000001,2,0,0.0015432098765432098,0.0,0.0015432098765432098,0.0,0.0
abrupt,6,0.25,0.2645673595961642,0.6229125917422826,0.9986111111111111,0.8846153846153846,0.9583333333333334,0.9199999999999999,3,1,0.0023148148148148147,0.041666666666666664,0.0023148148148148147,0.041666666666666664,0.041666666666666664
abrupt,6,0.5,0.3731511978558072,0.6779071928110247,0.9979166666666667,0.8461538461538461,0.9166666666666666,0.8799999999999999,4,2,0.0030864197530864196,0.08333333333333333,0.0030864197530864196,0.08333333333333333,0.0
abrupt,6,1.0,0.4509438764871082,0.716488084001843,0.9986111111111111,0.8846153846153846,0.9583333333333334,0.9199999999999999,3,1,0.0023148148148148147,0.041666666666666664,0.0023148148148148147,0.041666666666666664,0.041666666666666664
abrupt,6,2.0,0.7986872970971334,0.8473851159519395,0.9902777777777778,0.4230769230769231,0.4583333333333333,0.43999999999999995,15,13,0.011574074074074073,0.5416666666666666,0.011574074074074073,0.5416666666666666,0.125
abrupt,6,4.0,0.9632724944529111,0.9429715897025005,0.9861111111111112,0.25,0.25,0.25,18,18,0.013888888888888888,0.75,0.013888888888888888,0.8333333333333334,-0.25
abrupt,7,0.0,0.3806501741152143,0.492796105481068,1.0,1.0,1.0,1.0,0,0,0.0,0.0,0.0,0.0,0.0
abrupt,7,0.25,0.2716231709028561,0.6298071071842143,1.0,1.0,1.0,1.0,0,0,0.0,0.0,0.0,0.0,0.0
abrupt,7,0.5,0.3532692797238619,0.6727910395147922,1.0,1.0,1.0,1.0,0,0,0.0,0.0,0.0,0.0,0.0
abrupt,7,1.0,0.49013072444891015,0.7384315751276813,0.9993055555555556,0.9583333333333334,0.9583333333333334,0.9583333333333334,1,1,0.0007716049382716049,0.041666666666666664,0.0007716049382716049,0.041666666666666664,0.041666666666666664
abrupt,7,2.0,0.6925056903732506,0.8138063126637649,0.9916666666666667,0.5833333333333334,0.5833333333333334,0.5833333333333334,10,10,0.007716049382716049,0.4166666666666667,0.007716049382716049,0.5,0.16666666666666666
abrupt,7,4.0,0.9723508148417344,0.9574061447719793,0.9895833333333334,0.5,0.5,0.5,12,12,0.009259259259259259,0.5,0.009259259259259259,0.625,0.041666666666666664
abrupt,8,0.0,0.49525804068133483,0.5133281812532461,0.9930555555555556,0.6486486486486487,1.0,0.7868852459016393,13,0,0.010030864197530864,0.0,0.010030864197530864,0.0,0.0
abrupt,8,0.25,0.2663246081811538,0.619966878817592,0.9965277777777778,0.75,1.0,0.8571428571428571,8,0,0.006172839506172839,0.0,0.006172839506172839,0.0,0.0
abrupt,8,0.5,0.34853848000407656,0.6630013780917333,0.9965277777777778,0.75,1.0,0.8571428571428571,8,0,0.006172839506172839,0.0,0.006172839506172839,0.0,0.0
abrupt,8,1.0,0.4361361669784257,0.7092064118827758,0.9965277777777778,0.75,1.0,0.8571428571428571,8,0,0.006172839506172839,0.0,0.006172839506172839,0.0,0.0
abrupt,8,2.0,0.6825487122208801,0.8063595121363623,0.9895833333333334,0.375,0.375,0.375,15,15,0.011574074074074073,0.625,0.011574074074074073,0.625,0.20833333333333334
abrupt,8,4.0,0.9675652861509088,0.9531336961972023,0.9875,0.4166666666666667,0.4166666666666667,0.4166666666666667,14,14,0.010802469135802469,0.5833333333333334,0.010802469135802469,0.75,-0.25
abrupt,9,0.0,0.3801068381783671,0.4289304227363108,0.9631944444444445,0.20388349514563106,0.875,0.33070866141732286,82,3,0.06327160493827161,0.125,0.06327160493827161,0.16666666666666666,0.0
abrupt,9,0.25,0.18637497525752628,0.4700330748789759,0.7347222222222223,0.1188118811881188,1.0,0.21238938053097342,178,0,0.13734567901234568,0.0,0.13734567901234568,0.0,0.0
abrupt,9,0.5,0.24999462474589246,0.523296394034028,0.7576388888888889,0.0781758957654723,1.0,0.14501510574018125,283,0,0.2183641975308642,0.0,0.2183641975308642,0.0,0.0
abrupt,9,1.0,0.3612972215263776,0.57745026236005,0.7875,0.10952380952380952,0.9583333333333334,0.19658119658119658,187,1,0.14429012345679013,0.041666666666666664,0.14429012345679013,0.041666666666666664,0.041666666666666664
abrupt,9,2.0,0.5820531370944192,0.7557205690451069,0.9847222222222223,0.4,0.5,0.4444444444444445,18,12,0.013888888888888888,0.5,0.013888888888888888,0.5833333333333334,0.25
abrupt,9,4.0,0.9526927711245018,0.930424740898891,0.9819444444444444,0.21739130434782608,0.20833333333333334,0.2127659574468085,18,19,0.013888888888888888,0.7916666666666666,0.013888888888888888,0.8695652173913043,-0.43478260869565216
abrupt,10,0.0,0.39640481414761436,0.47674447943637116,1.0,1.0,1.0,1.0,0,0,0.0,0.0,0.0,0.0,0.0
abrupt,10,0.25,0.2685744813975315,0.6286577186616679,1.0,1.0,1.0,1.0,0,0,0.0,0.0,0.0,0.0,0.0
abrupt,10,0.5,0.3514685512115614,0.6724150037503025,1.0,1.0,1.0,1.0,0,0,0.0,0.0,0.0,0.0,0.0
abrupt,10,1.0,0.5990004847621928,0.8000305367901224,1.0,1.0,1.0,1.0,0,0,0.0,0.0,0.0,0.0,0.0
abrupt,10,2.0,0.8036500868052814,0.8561023718758146,0.9902777777777778,0.5,0.5,0.5,12,12,0.009259259259259259,0.5,0.009259259259259259,0.5833333333333334,0.3333333333333333
abrupt,10,4.0,0.952431275675204,0.9292837488766581,0.9819444444444444,0.25,0.25,0.25,18,18,0.013888888888888888,0.75,0.013888888888888888,1.0833333333333333,0.0
abrupt,11,0.0,0.3539960100500782,0.5058689222124901,0.9965277777777778,0.7272727272727273,1.0,0.8421052631578948,9,0,0.006944444444444444,0.0,0.006944444444444444,0.0,0.0
abrupt,11,0.25,0.2883511150613314,0.6348557346882101,0.9965277777777778,0.7272727272727273,1.0,0.8421052631578948,9,0,0.006944444444444444,0.0,0.006944444444444444,0.0,0.0
abrupt,11,0.5,0.34283842952139715,0.6620864786814062,0.9965277777777778,0.7272727272727273,1.0,0.8421052631578948,9,0,0.006944444444444444,0.0,0.006944444444444444,0.0,0.0
abrupt,11,1.0,0.47447814323618637,0.7341376217610477,0.9993055555555556,0.96,1.0,0.9795918367346939,1,0,0.0007716049382716049,0.0,0.0007716049382716049,0.0,0.0
abrupt,11,2.0,0.587516330323056,0.7733639439044964,0.99375,0.6,0.75,0.6666666666666665,12,6,0.009259259259259259,0.25,0.009259259259259259,0.25,0.0
abrupt,11,4.0,0.9616428140625155,0.9457724542780926,0.9854166666666667,0.375,0.375,0.375,15,15,0.011574074074074073,0.625,0.011574074074074073,0.875,0.4583333333333333
abrupt,12,0.0,0.540443354169518,0.6355756445122691,1.0,1.0,1.0,1.0,0,0,0.0,0.0,0.0,0.0,0.0
abrupt,12,0.25,0.26701886566532407,0.6281418932049153,1.0,1.0,1.0,1.0,0,0,0.0,0.0,0.0,0.0,0.0
abrupt,12,0.5,0.3699176702271563,0.6826478379913935,1.0,1.0,1.0,1.0,0,0,0.0,0.0,0.0,0.0,0.0
abrupt,12,1.0,0.4862120847098077,0.7388844386043342,1.0,1.0,1.0,1.0,0,0,0.0,0.0,0.0,0.0,0.0
abrupt,12,2.0,0.6884335561577598,0.807638453109812,0.9916666666666667,0.5416666666666666,0.5416666666666666,0.5416666666666666,11,11,0.008487654320987654,0.4583333333333333,0.008487654320987654,0.5,-0.16666666666666666
abrupt,12,4.0,0.968661025187525,0.9543857087399488,0.9881944444444445,0.4583333333333333,0.4583333333333333,0.4583333333333333,13,13,0.010030864197530864,0.5416666666666666,0.010030864197530864,0.7083333333333334,0.041666666666666664
abrupt,13,0.0,0.21388291129105028,0.32844090538215015,0.9972222222222222,0.75,1.0,0.8571428571428571,8,0,0.006172839506172839,0.0,0.006172839506172839,0.0,0.0
abrupt,13,0.25,0.2517103040763684,0.6163732384258045,0.9979166666666667,0.8,1.0,0.888888888888889,6,0,0.004629629629629629,0.0,0.004629629629629629,0.0,0.0
abrupt,13,0.5,0.3669640029637903,0.6770444248958044,0.9979166666666667,0.8,1.0,0.888888888888889,6,0,0.004629629629629629,0.0,0.004629629629629629,0.0,0.0
abrupt,13,1.0,0.5218141326477935,0.7517301773551085,0.9979166666666667,0.8,1.0,0.888888888888889,6,0,0.004629629629629629,0.0,0.004629629629629629,0.0,0.0
abrupt,13,2.0,0.6838037980122105,0.804898115344653,0.9916666666666667,0.5,0.5416666666666666,0.52,13,11,0.010030864197530864,0.4583333333333333,0.010030864197530864,0.4583333333333333,-0.041666666666666664
abrupt,13,4.0,0.9415881382606397,0.9156109777872437,0.9777777777777777,0.21739130434782608,0.20833333333333334,0.2127659574468085,18,19,0.013888888888888888,0.7916666666666666,0.013888888888888888,1.1304347826086956,0.0
abrupt,14,0.0,0.42357229326185486,0.5396601896176094,1.0,1.0,1.0,1.0,0,0,0.0,0.0,0.0,0.0,0.0
abrupt,14,0.25,0.24611449595134288,0.6151687242109098,1.0,1.0,1.0,1.0,0,0,0.0,0.0,0.0,0.0,0.0
abrupt,14,0.5,0.3437303368268879,0.6699256622939549,1.0,1.0,1.0,1.0,0,0,0.0,0.0,0.0,0.0,0.0
abrupt,14,1.0,0.4574175938033221,0.7235859720330555,1.0,1.0,1.0,1.0,0,0,0.0,0.0,0.0,0.0,0.0
abrupt,14,2.0,0.7937376155350137,0.8557940038619901,0.9902777777777778,0.4166666666666667,0.4166666666666667,0.4166666666666667,14,14,0.010802469135802469,0.5833333333333334,0.010802469135802469,0.5833333333333334,-0.5
abrupt,14,4.0,0.9741189236791137,0.9607699166687133,0.9902777777777778,0.4583333333333333,0.4583333333333333,0.4583333333333333,13,13,0.010030864197530864,0.5416666666666666,0.010030864197530864,0.5833333333333334,0.25
abrupt,15,0.0,0.33123194119796334,0.41030212059612453,1.0,1.0,1.0,1.0,0,0,0.0,0.0,0.0,0.0,0.0
abrupt,15,0.25,0.2843779276377267,0.6365726860887357,1.0,1.0,1.0,1.0,0,0,0.0,0.0,0.0,0.0,0.0
abrupt,15,0.5,0.3428317349314865,0.6699176589773391,1.0,1.0,1.0,1.0,0,0,0.0,0.0,0.0,0.0,0.0
abrupt,15,1.0,0.4870300559757029,0.739357505711844,1.0,1.0,1.0,1.0,0,0,0.0,0.0,0.0,0.0,0.0
abrupt,15,2.0,0.6794216610469924,0.805771165079514,0.9909722222222223,0.5,0.5833333333333334,0.5384615384615384,14,10,0.010802469135802469,0.4166666666666667,0.010802469135802469,0.4583333333333333,-0.041666666666666664
abrupt,15,4.0,0.9487887847825661,0.9240190940243251,0.9805555555555555,0.125,0.125,0.125,21,21,0.016203703703703703,0.875,0.016203703703703703,1.1666666666666667,0.0
abrupt,16,0.0,0.5758366923681033,0.6613448510015427,0.9902777777777778,0.48,1.0,0.6486486486486487,26,0,0.020061728395061727,0.0,0.020061728395061727,0.0,0.0
abrupt,16,0.25,0.22770639617804772,0.5729988567955473,0.9368055555555556,0.19834710743801653,1.0,0.3310344827586207,97,0,0.07484567901234568,0.0,0.07484567901234568,0.0,0.0
abrupt,16,0.5,0.31197504369447243,0.6292167504704581,0.9743055555555555,0.2553191489361702,1.0,0.4067796610169491,70,0,0.05401234567901234,0.0,0.05401234567901234,0.0,0.0
abrupt,16,1.0,0.37625295719734864,0.657463176244947,0.9180555555555555,0.38095238095238093,1.0,0.5517241379310345,39,0,0.03009259259259259,0.0,0.03009259259259259,0.0,0.0
abrupt,16,2.0,0.8070100337867026,0.8547677676886959,0.9888888888888889,0.38461538461538464,0.4166666666666667,0.4,16,14,0.012345679012345678,0.5833333333333334,0.012345679012345678,0.625,0.5416666666666666
abrupt,16,4.0,0.8641108528673067,0.881876223278142,0.9847222222222223,0.25,0.25,0.25,18,18,0.013888888888888888,0.75,0.013888888888888888,0.9166666666666666,-0.08333333333333333
abrupt,17,0.0,0.6565661867539156,0.6789047632198293,0.9979166666666667,0.8571428571428571,1.0,0.923076923076923,4,0,0.0030864197530864196,0.0,0.0030864197530864196,0.0,0.0
abrupt,17,0.25,0.26188268962289457,0.6195201479949147,0.9979166666666667,0.8571428571428571,1.0,0.923076923076923,4,0,0.0030864197530864196,0.0,0.0030864197530864196,0.0,0.0
abrupt,17,0.5,0.34626436874272015,0.666371786364716,0.9979166666666667,0.8571428571428571,1.0,0.923076923076923,4,0,0.0030864197530864196,0.0,0.0030864197530864196,0.0,0.0
abrupt,17,1.0,0.45785554985146343,0.7204597883341222,0.9986111111111111,0.9230769230769231,1.0,0.9600000000000001,2,0,0.0015432098765432098,0.0,0.0015432098765432098,0.0,0.0
abrupt,17,2.0,0.6990972016378633,0.8129443473064663,0.9909722222222223,0.46153846153846156,0.5,0.48000000000000004,14,12,0.010802469135802469,0.5,0.010802469135802469,0.5,0.0
abrupt,17,4.0,0.9710897261798022,0.9553315056978608,0.9888888888888889,0.4583333333333333,0.4583333333333333,0.4583333333333333,13,13,0.010030864197530864,0.5416666666666666,0.010030864197530864,0.6666666666666666,-0.16666666666666666
abrupt,18,0.0,0.2684889226143154,0.3902690765842416,0.9993055555555556,0.9230769230769231,1.0,0.9600000000000001,2,0,0.0015432098765432098,0.0,0.0015432098765432098,0.0,0.0
abrupt,18,0.25,0.2764812156280204,0.6294640538290808,0.9993055555555556,0.9230769230769231,1.0,0.9600000000000001,2,0,0.0015432098765432098,0.0,0.0015432098765432098,0.0,0.0
abrupt,18,0.5,0.3388908934652279,0.6669981151764244,0.9993055555555556,0.9230769230769231,1.0,0.9600000000000001,2,0,0.0015432098765432098,0.0,0.0015432098765432098,0.0,0.0
abrupt,18,1.0,0.5213647661608667,0.7574678359111329,1.0,1.0,1.0,1.0,0,0,0.0,0.0,0.0,0.0,0.0
abrupt,18,2.0,0.6860161106731149,0.8040454595392547,0.9902777777777778,0.43333333333333335,0.5416666666666666,0.4814814814814815,17,11,0.013117283950617283,0.4583333333333333,0.013117283950617283,0.4583333333333333,-0.20833333333333334
abrupt,18,4.0,0.9649204882176833,0.9490884451239903,0.9868055555555556,0.3333333333333333,0.3333333333333333,0.3333333333333333,16,16,0.012345679012345678,0.6666666666666666,0.012345679012345678,0.7916666666666666,0.041666666666666664
abrupt,19,0.0,0.3205701021077248,0.42023353739646097,0.9993055555555556,0.9230769230769231,1.0,0.9600000000000001,2,0,0.0015432098765432098,0.0,0.0015432098765432098,0.0,0.0
abrupt,19,0.25,0.28962806843919126,0.6404043699643701,0.9993055555555556,0.9230769230769231,1.0,0.9600000000000001,2,0,0.0015432098765432098,0.0,0.0015432098765432098,0.0,0.0
abrupt,19,0.5,0.34425791481945206,0.6683926725972296,0.9993055555555556,0.9230769230769231,1.0,0.9600000000000001,2,0,0.0015432098765432098,0.0,0.0015432098765432098,0.0,0.0
abrupt,19,1.0,0.44736213691463655,0.7192228244492668,0.9993055555555556,0.9230769230769231,1.0,0.9600000000000001,2,0,0.0015432098765432098,0.0,0.0015432098765432098,0.0,0.0
abrupt,19,2.0,0.8086488565921023,0.8619371230615779,0.9930555555555556,0.625,0.625,0.625,9,9,0.006944444444444444,0.375,0.006944444444444444,0.4166666666666667,0.16666666666666666
abrupt,19,4.0,0.9650998501815283,0.9487892272305499,0.9868055555555556,0.375,0.375,0.375,15,15,0.011574074074074073,0.625,0.011574074074074073,0.7916666666666666,0.375
gradual,0,0.0,0.32392507741600046,0.38271222531049753,0.9916666666666667,0.5,0.5,0.5,12,12,0.009259259259259259,0.5,0.009259259259259259,0.5,0.5
gradual,0,0.25,0.274762506819041,0.6212649125431853,0.9916666666666667,0.5,0.5,0.5,12,12,0.009259259259259259,0.5,0.009259259259259259,0.5,0.5
gradual,0,0.5,0.33473397935170657,0.6530056930569825,0.9916666666666667,0.5,0.5,0.5,12,12,0.009259259259259259,0.5,0.009259259259259259,0.5,0.5
gradual,0,1.0,0.43082780193952847,0.7007592900698734,0.9916666666666667,0.5,0.5,0.5,12,12,0.009259259259259259,0.5,0.009259259259259259,0.5,0.5
gradual,0,2.0,0.5965034536667738,0.7701104954121788,0.9916666666666667,0.5416666666666666,0.5416666666666666,0.5416666666666666,11,11,0.008487654320987654,0.4583333333333333,0.008487654320987654,0.5,0.0
gradual,0,4.0,0.8897891721587665,0.906076791257586,0.9909722222222223,0.5416666666666666,0.5416666666666666,0.5416666666666666,11,11,0.008487654320987654,0.4583333333333333,0.008487654320987654,0.5416666666666666,-0.041666666666666664
gradual,1,0.0,0.49048577920160474,0.5735513522908386,0.9895833333333334,0.38461538461538464,0.4166666666666667,0.4,16,14,0.012345679012345678,0.5833333333333334,0.012345679012345678,0.5833333333333334,0.5
gradual,1,0.25,0.25669964233417397,0.6044781690780946,0.9847222222222223,0.30303030303030304,0.4166666666666667,0.3508771929824562,23,14,0.017746913580246913,0.5833333333333334,0.017746913580246913,0.5833333333333334,0.5833333333333334
gradual,1,0.5,0.31458492718166053,0.6348344634611863,0.9847222222222223,0.30303030303030304,0.4166666666666667,0.3508771929824562,23,14,0.017746913580246913,0.5833333333333334,0.017746913580246913,0.5833333333333334,0.5833333333333334
gradual,1,1.0,0.4376038157757147,0.6940646180814161,0.9854166666666667,0.3225806451612903,0.4166666666666667,0.3636363636363636,21,14,0.016203703703703703,0.5833333333333334,0.016203703703703703,0.5833333333333334,0.5833333333333334
gradual,1,2.0,0.802021222790889,0.8435579798726124,0.9868055555555556,0.375,0.375,0.375,15,15,0.011574074074074073,0.625,0.011574074074074073,0.7916666666666666,0.7083333333333334
gradual,1,4.0,0.9615621749643519,0.9410404220703034,0.9854166666666667,0.2916666666666667,0.2916666666666667,0.2916666666666667,17,17,0.013117283950617283,0.7083333333333334,0.013117283950617283,0.875,0.2916666666666667
gradual,2,0.0,0.36510534990420657,0.40756747469745597,0.9944444444444445,0.6538461538461539,0.7083333333333334,0.68,9,7,0.006944444444444444,0.2916666666666667,0.006944444444444444,0.2916666666666667,0.2916666666666667
gradual,2,0.25,0.2718009676285461,0.6173019186457048,0.9895833333333334,0.5,0.7083333333333334,0.5862068965517241,17,7,0.013117283950617283,0.2916666666666667,0.013117283950617283,0.2916666666666667,0.2916666666666667
gradual,2,0.5,0.34181135629622833,0.6532423759126563,0.9902777777777778,0.4230769230769231,0.4583333333333333,0.43999999999999995,15,13,0.011574074074074073,0.5416666666666666,0.011574074074074073,0.5416666666666666,0.5416666666666666
gradual,2,1.0,0.5202344683291903,0.7471314866135456,0.9951388888888889,0.7083333333333334,0.7083333333333334,0.7083333333333334,7,7,0.005401234567901234,0.2916666666666667,0.005401234567901234,0.2916666666666667,0.2916666666666667
gradual,2,2.0,0.5857726422107075,0.7660245421573183,0.9916666666666667,0.5,0.5,0.5,12,12,0.009259259259259259,0.5,0.009259259259259259,0.5,0.4166666666666667
gradual,2,4.0,0.9398991229219756,0.9158037611862163,0.9770833333333333,0.041666666666666664,0.041666666666666664,0.041666666666666664,23,23,0.017746913580246913,0.9583333333333334,0.017746913580246913,1.375,0.375
gradual,3,0.0,0.41202633386012133,0.5033877889151749,0.9833333333333333,0.40384615384615385,0.875,0.5526315789473685,31,3,0.023919753086419752,0.125,0.023919753086419752,0.125,0.041666666666666664
gradual,3,0.25,0.24233907800663032,0.589548658902001,0.9819444444444444,0.39622641509433965,0.875,0.5454545454545454,32,3,0.024691358024691357,0.125,0.024691358024691357,0.125,0.041666666666666664
gradual,3,0.5,0.3284585587312981,0.6346267147780427,0.9819444444444444,0.39622641509433965,0.875,0.5454545454545454,32,3,0.024691358024691357,0.125,0.024691358024691357,0.125,0.041666666666666664
gradual,3,1.0,0.45523805999696,0.6943901341338491,0.9819444444444444,0.39622641509433965,0.875,0.5454545454545454,32,3,0.024691358024691357,0.125,0.024691358024691357,0.125,0.041666666666666664
gradual,3,2.0,0.5791842390528631,0.753111908963441,0.9861111111111112,0.4230769230769231,0.4583333333333333,0.43999999999999995,15,13,0.011574074074074073,0.5416666666666666,0.011574074074074073,0.7916666666666666,0.7916666666666666
gradual,3,4.0,0.9596037838431336,0.941106796624142,0.9847222222222223,0.25,0.25,0.25,18,18,0.013888888888888888,0.75,0.013888888888888888,0.9166666666666666,0.5
gradual,4,0.0,0.6111246715910887,0.6698008369788245,0.9902777777777778,0.5882352941176471,0.8333333333333334,0.6896551724137931,14,4,0.010802469135802469,0.16666666666666666,0.010802469135802469,0.16666666666666666,0.16666666666666666
gradual,4,0.25,0.2613250595045601,0.6101886447070978,0.9875,0.4375,0.5833333333333334,0.5,18,10,0.013888888888888888,0.4166666666666667,0.013888888888888888,0.4166666666666667,0.4166666666666667
gradual,4,0.5,0.32427210791681893,0.6426900366807327,0.9875,0.4375,0.5833333333333334,0.5,18,10,0.013888888888888888,0.4166666666666667,0.013888888888888888,0.4166666666666667,0.4166666666666667
gradual,4,1.0,0.4326152485992755,0.6957432701190316,0.9875,0.3793103448275862,0.4583333333333333,0.4150943396226415,18,13,0.013888888888888888,0.5416666666666666,0.013888888888888888,0.5416666666666666,0.5416666666666666
gradual,4,2.0,0.5816783750960028,0.7621141564538512,0.9930555555555556,0.6538461538461539,0.7083333333333334,0.68,9,7,0.006944444444444444,0.2916666666666667,0.006944444444444444,0.375,-0.2916666666666667
gradual,4,4.0,0.9633324866527313,0.9472098681342359,0.9861111111111112,0.375,0.375,0.375,15,15,0.011574074074074073,0.625,0.011574074074074073,0.8333333333333334,0.5
gradual,5,0.0,0.6013171400490682,0.6446348072873491,0.9902777777777778,0.45714285714285713,0.6666666666666666,0.5423728813559322,19,8,0.014660493827160493,0.3333333333333333,0.014660493827160493,0.3333333333333333,0.3333333333333333
gradual,5,0.25,0.24632452057299478,0.589754755922523,0.9590277777777778,0.20253164556962025,0.6666666666666666,0.3106796116504854,63,8,0.04861111111111111,0.3333333333333333,0.04861111111111111,0.3333333333333333,0.3333333333333333
gradual,5,0.5,0.3289090262264475,0.6256853761294632,0.9548611111111112,0.15151515151515152,0.8333333333333334,0.25641025641025644,112,4,0.08641975308641975,0.16666666666666666,0.08641975308641975,0.16666666666666666,0.16666666666666666
gradual,5,1.0,0.4311963221100678,0.6967405676412722,0.9909722222222223,0.47058823529411764,0.6666666666666666,0.5517241379310345,18,8,0.013888888888888888,0.3333333333333333,0.013888888888888888,0.3333333333333333,0.3333333333333333
gradual,5,2.0,0.5951635395775169,0.7617821020364526,0.9826388888888888,0.25,0.25,0.25,18,18,0.013888888888888888,0.75,0.013888888888888888,1.0416666666666667,1.0416666666666667
gradual,5,4.0,0.9490447408160056,0.9260950751326777,0.9805555555555555,0.20833333333333334,0.20833333333333334,0.20833333333333334,19,19,0.014660493827160493,0.7916666666666666,0.014660493827160493,1.1666666666666667,0.6666666666666666
gradual,6,0.0,0.5109885853540653,0.6074737466107174,0.9902777777777778,0.5833333333333334,0.875,0.7000000000000001,15,3,0.011574074074074073,0.125,0.011574074074074073,0.125,0.041666666666666664
gradual,6,0.25,0.2659953427049671,0.6107837332888818,0.9881944444444445,0.45454545454545453,0.625,0.5263157894736842,18,9,0.013888888888888888,0.375,0.013888888888888888,0.375,0.375
gradual,6,0.5,0.35647514185063506,0.660833755725865,0.9902777777777778,0.5833333333333334,0.875,0.7000000000000001,15,3,0.011574074074074073,0.125,0.011574074074074073,0.125,0.041666666666666664
gradual,6,1.0,0.4730699061309291,0.7120719556978918,0.9881944444444445,0.45454545454545453,0.625,0.5263157894736842,18,9,0.013888888888888888,0.375,0.013888888888888888,0.375,0.375
gradual,6,2.0,0.6885445689050322,0.7916639404354149,0.9854166666666667,0.15384615384615385,0.16666666666666666,0.16,22,20,0.016975308641975308,0.8333333333333334,0.016975308641975308,0.8333333333333334,0.5
gradual,6,4.0,0.9523863407455356,0.9314891449571655,0.9819444444444444,0.20833333333333334,0.20833333333333334,0.20833333333333334,19,19,0.014660493827160493,0.7916666666666666,0.014660493827160493,1.0833333333333333,0.3333333333333333
gradual,7,0.0,0.3784651675392643,0.4941592759657263,0.9888888888888889,0.5428571428571428,0.7916666666666666,0.6440677966101694,16,5,0.012345679012345678,0.20833333333333334,0.012345679012345678,0.20833333333333334,0.20833333333333334
gradual,7,0.25,0.2608794203628278,0.6099223201049495,0.9888888888888889,0.5428571428571428,0.7916666666666666,0.6440677966101694,16,5,0.012345679012345678,0.20833333333333334,0.012345679012345678,0.20833333333333334,0.20833333333333334
gradual,7,0.5,0.3203839831693061,0.6358433884147732,0.9833333333333333,0.3870967741935484,0.5,0.43636363636363634,19,12,0.014660493827160493,0.5,0.014660493827160493,0.5,0.5
gradual,7,1.0,0.4650467052778299,0.7021054399289506,0.9833333333333333,0.3870967741935484,0.5,0.43636363636363634,19,12,0.014660493827160493,0.5,0.014660493827160493,0.5,0.5
gradual,7,2.0,0.7837258590674692,0.8437787948733425,0.9847222222222223,0.375,0.375,0.375,15,15,0.011574074074074073,0.625,0.011574074074074073,0.9166666666666666,0.8333333333333334
gradual,7,4.0,0.9579686620959516,0.9424343135702469,0.9840277777777777,0.3333333333333333,0.3333333333333333,0.3333333333333333,16,16,0.012345679012345678,0.6666666666666666,0.012345679012345678,0.9583333333333334,0.875
gradual,8,0.0,0.45647784236588623,0.5087909841757232,0.9826388888888888,0.375,0.75,0.5,30,6,0.023148148148148147,0.25,0.023148148148148147,0.25,0.25
gradual,8,0.25,0.23265247376484635,0.5609151750297019,0.9347222222222222,0.11347517730496454,0.6666666666666666,0.19393939393939394,125,8,0.09645061728395062,0.3333333333333333,0.09645061728395062,0.3333333333333333,0.3333333333333333
gradual,8,0.5,0.3321393511009214,0.6269901373536212,0.9659722222222222,0.1782178217821782,0.75,0.28800000000000003,83,6,0.06404320987654322,0.25,0.06404320987654322,0.25,0.25
gradual,8,1.0,0.39855687181649674,0.6603761213254434,0.9347222222222222,0.11347517730496454,0.6666666666666666,0.19393939393939394,125,8,0.09645061728395062,0.3333333333333333,0.09645061728395062,0.3333333333333333,0.3333333333333333
gradual,8,2.0,0.7883643747740001,0.8272434117738438,0.9770833333333333,0.08333333333333333,0.08333333333333333,0.08333333333333333,22,22,0.016975308641975308,0.9166666666666666,0.016975308641975308,1.375,1.125
gradual,8,4.0,0.9599678096182213,0.9392430207345298,0.9847222222222223,0.3333333333333333,0.3333333333333333,0.3333333333333333,16,16,0.012345679012345678,0.6666666666666666,0.012345679012345678,0.9166666666666666,0.4166666666666667
gradual,9,0.0,0.2525223735778484,0.3292501173126713,0.9493055555555555,0.14285714285714285,0.7083333333333334,0.23776223776223773,102,7,0.0787037037037037,0.2916666666666667,0.0787037037037037,0.3333333333333333,0.16666666666666666
gradual,9,0.25,0.1847558102257649,0.4571729800442895,0.7256944444444444,0.08173076923076923,0.7083333333333334,0.14655172413793102,191,7,0.14737654320987653,0.2916666666666667,0.14737654320987653,0.2916666666666667,0.2916666666666667
gradual,9,0.5,0.24186029732624742,0.5115980181927434,0.7493055555555556,0.07425742574257425,0.625,0.13274336283185842,187,9,0.14429012345679013,0.375,0.14429012345679013,0.375,0.375
gradual,9,1.0,0.3074464210861427,0.5358173427749513,0.7493055555555556,0.09174311926605505,0.8333333333333334,0.1652892561983471,198,4,0.1527777777777778,0.16666666666666666,0.1527777777777778,0.16666666666666666,0.16666666666666666
gradual,9,2.0,0.4934033800306182,0.6831461798128377,0.8576388888888888,0.04424778761061947,0.20833333333333334,0.072992700729927,108,19,0.08333333333333333,0.7916666666666666,0.08333333333333333,0.9583333333333334,0.625
gradual,9,4.0,0.9521767312725421,0.9295448282177731,0.9819444444444444,0.12,0.125,0.12244897959183673,22,21,0.016975308641975308,0.875,0.016975308641975308,1.0,-0.08333333333333333
gradual,10,0.0,0.4480630341515889,0.4746921897530993,0.9902777777777778,0.5454545454545454,0.75,0.631578947368421,15,6,0.011574074074074073,0.25,0.011574074074074073,0.25,0.25
gradual,10,0.25,0.2578430047950548,0.6065258574644717,0.9861111111111112,0.475,0.7916666666666666,0.5937499999999999,21,5,0.016203703703703703,0.20833333333333334,0.016203703703703703,0.20833333333333334,0.20833333333333334
gradual,10,0.5,0.3324513944140911,0.6462380399581654,0.9861111111111112,0.475,0.7916666666666666,0.5937499999999999,21,5,0.016203703703703703,0.20833333333333334,0.016203703703703703,0.20833333333333334,0.20833333333333334
gradual,10,1.0,0.47144881060511784,0.7161270869502948,0.9902777777777778,0.5588235294117647,0.7916666666666666,0.6551724137931034,15,5,0.011574074074074073,0.20833333333333334,0.011574074074074073,0.20833333333333334,0.20833333333333334
gradual,10,2.0,0.7994059419572964,0.8585559047040889,0.9923611111111111,0.5294117647058824,0.75,0.6206896551724139,16,6,0.012345679012345678,0.25,0.012345679012345678,0.25,-0.08333333333333333
gradual,10,4.0,0.7666631993431815,0.8231522689376759,0.9854166666666667,0.34210526315789475,0.5416666666666666,0.4193548387096774,25,11,0.019290123456790122,0.4583333333333333,0.019290123456790122,0.5833333333333334,-0.4166666666666667
gradual,11,0.0,0.3679773731022967,0.5132452253750206,0.9833333333333333,0.29411764705882354,0.625,0.4,36,9,0.027777777777777776,0.375,0.027777777777777776,0.375,0.375
gradual,11,0.25,0.26855510907300306,0.6022620678619,0.9743055555555555,0.2,0.625,0.30303030303030304,60,9,0.046296296296296294,0.375,0.046296296296296294,0.4166666666666667,0.4166666666666667
gradual,11,0.5,0.3256344553653707,0.6310508082701171,0.9743055555555555,0.2,0.625,0.30303030303030304,60,9,0.046296296296296294,0.375,0.046296296296296294,0.4166666666666667,0.4166666666666667
gradual,11,1.0,0.45997845872117027,0.7142247050066906,0.9916666666666667,0.5769230769230769,0.625,0.6,11,9,0.008487654320987654,0.375,0.008487654320987654,0.4166666666666667,0.4166666666666667
gradual,11,2.0,0.6853580373921483,0.7885198281101325,0.9868055555555556,0.38235294117647056,0.5416666666666666,0.44827586206896547,21,11,0.016203703703703703,0.4583333333333333,0.016203703703703703,0.5416666666666666,0.2916666666666667
gradual,11,4.0,0.9458841371683107,0.9315981849907053,0.9791666666666666,0.20833333333333334,0.20833333333333334,0.20833333333333334,19,19,0.014660493827160493,0.7916666666666666,0.014660493827160493,1.25,1.0
gradual,12,0.0,0.5615918688064657,0.6011756209694643,0.9875,0.3793103448275862,0.4583333333333333,0.4150943396226415,18,13,0.013888888888888888,0.5416666666666666,0.013888888888888888,0.5416666666666666,0.5416666666666666
gradual,12,0.25,0.2698262857584269,0.614346801925944,0.9875,0.3793103448275862,0.4583333333333333,0.4150943396226415,18,13,0.013888888888888888,0.5416666666666666,0.013888888888888888,0.5416666666666666,0.5416666666666666
gradual,12,0.5,0.3588465274472796,0.6663199964998267,0.9916666666666667,0.5714285714285714,0.6666666666666666,0.6153846153846153,12,8,0.009259259259259259,0.3333333333333333,0.009259259259259259,0.3333333333333333,0.3333333333333333
gradual,12,1.0,0.42765512139781825,0.7014909144642365,0.9916666666666667,0.5,0.5,0.5,12,12,0.009259259259259259,0.5,0.009259259259259259,0.5,0.5
gradual,12,2.0,0.5935110371429442,0.7752703086554541,0.9951388888888889,0.75,0.75,0.75,6,6,0.004629629629629629,0.25,0.004629629629629629,0.2916666666666667,0.041666666666666664
gradual,12,4.0,0.9556996716592188,0.9413117849844685,0.9833333333333333,0.2916666666666667,0.2916666666666667,0.2916666666666667,17,17,0.013117283950617283,0.7083333333333334,0.013117283950617283,1.0,0.25
gradual,13,0.0,0.26945280853589876,0.3969295289266104,0.9847222222222223,0.1875,0.25,0.21428571428571427,26,18,0.020061728395061727,0.75,0.020061728395061727,0.75,0.6666666666666666
gradual,13,0.25,0.2567752498674005,0.6000597846779466,0.9729166666666667,0.1794871794871795,0.5833333333333334,0.2745098039215686,64,10,0.04938271604938271,0.4166666666666667,0.04938271604938271,0.4166666666666667,0.3333333333333333
gradual,13,0.5,0.3062557758995805,0.6235567665107838,0.9729166666666667,0.1794871794871795,0.5833333333333334,0.2745098039215686,64,10,0.04938271604938271,0.4166666666666667,0.04938271604938271,0.4166666666666667,0.3333333333333333
gradual,13,1.0,0.4689220872601531,0.7070376202777602,0.9854166666666667,0.2,0.25,0.22222222222222224,24,18,0.018518518518518517,0.75,0.018518518518518517,0.75,0.75
gradual,13,2.0,0.6932346644259895,0.8042549931107316,0.9888888888888889,0.375,0.375,0.375,15,15,0.011574074074074073,0.625,0.011574074074074073,0.6666666666666666,0.5
gradual,13,4.0,0.9345470081432686,0.9166300297663709,0.975,0.08333333333333333,0.08333333333333333,0.08333333333333333,22,22,0.016975308641975308,0.9166666666666666,0.016975308641975308,1.5,1.5
gradual,14,0.0,0.4705549637646656,0.5584418902614606,0.9881944444444445,0.55,0.9166666666666666,0.6874999999999999,18,2,0.013888888888888888,0.08333333333333333,0.013888888888888888,0.08333333333333333,0.08333333333333333
gradual,14,0.25,0.23454154446351466,0.5845308177640586,0.9659722222222222,0.1511627906976744,0.5416666666666666,0.2363636363636364,73,11,0.05632716049382716,0.4583333333333333,0.05632716049382716,0.4583333333333333,0.041666666666666664
gradual,14,0.5,0.32824587314970843,0.6359995693830196,0.9798611111111111,0.4423076923076923,0.9583333333333334,0.6052631578947368,29,1,0.022376543209876542,0.041666666666666664,0.022376543209876542,0.041666666666666664,0.041666666666666664
gradual,14,1.0,0.41533253977209195,0.6844081940682675,0.9833333333333333,0.3333333333333333,0.4166666666666667,0.3703703703703704,20,14,0.015432098765432098,0.5833333333333334,0.015432098765432098,0.7916666666666666,0.7916666666666666
gradual,14,2.0,0.6839584554805641,0.8052830291791355,0.9881944444444445,0.4827586206896552,0.5833333333333334,0.5283018867924529,15,10,0.011574074074074073,0.4166666666666667,0.011574074074074073,0.5416666666666666,0.4583333333333333
gradual,14,4.0,0.9549662686716537,0.9380067176972027,0.9826388888888888,0.375,0.375,0.375,15,15,0.011574074074074073,0.625,0.011574074074074073,1.0416666666666667,0.041666666666666664
gradual,15,0.0,0.3386108364980549,0.4498792620141336,0.9930555555555556,0.6857142857142857,1.0,0.8135593220338984,11,0,0.008487654320987654,0.0,0.008487654320987654,0.0,0.0
gradual,15,0.25,0.2728870277449191,0.6199053340742467,0.9888888888888889,0.5675675675675675,0.875,0.6885245901639344,16,3,0.012345679012345678,0.125,0.012345679012345678,0.125,0.125
gradual,15,0.5,0.33226939163882757,0.6458980859547143,0.9930555555555556,0.6857142857142857,1.0,0.8135593220338984,11,0,0.008487654320987654,0.0,0.008487654320987654,0.0,0.0
gradual,15,1.0,0.5222498403880269,0.7377597120942732,0.9909722222222223,0.5517241379310345,0.6666666666666666,0.6037735849056604,13,8,0.010030864197530864,0.3333333333333333,0.010030864197530864,0.3333333333333333,0.3333333333333333
gradual,15,2.0,0.6616768207056024,0.7803028223573976,0.9916666666666667,0.5833333333333334,0.5833333333333334,0.5833333333333334,10,10,0.007716049382716049,0.4166666666666667,0.007716049382716049,0.5,0.16666666666666666
gradual,15,4.0,0.8744072864259052,0.8792397038908744,0.9854166666666667,0.375,0.375,0.375,15,15,0.011574074074074073,0.625,0.011574074074074073,0.875,0.5416666666666666
gradual,16,0.0,0.44389797240527357,0.5485112850157774,0.9819444444444444,0.3684210526315789,0.875,0.5185185185185185,36,3,0.027777777777777776,0.125,0.027777777777777776,0.16666666666666666,0.16666666666666666
gradual,16,0.25,0.2002768241050737,0.5131505180286184,0.8520833333333333,0.0673076923076923,0.875,0.125,291,3,0.22453703703703703,0.125,0.22453703703703703,0.125,0.125
gradual,16,0.5,0.30698940398981395,0.608355247819588,0.9465277777777777,0.20408163265306123,0.8333333333333334,0.3278688524590165,78,4,0.06018518518518518,0.16666666666666666,0.06018518518518518,0.2916666666666667,0.20833333333333334
gradual,16,1.0,0.4500692695714686,0.6901821447904615,0.98125,0.34545454545454546,0.7916666666666666,0.4810126582278481,36,5,0.027777777777777776,0.20833333333333334,0.027777777777777776,0.25,0.08333333333333333
gradual,16,2.0,0.6836248262683724,0.789084140547898,0.9798611111111111,0.20833333333333334,0.20833333333333334,0.20833333333333334,19,19,0.014660493827160493,0.7916666666666666,0.014660493827160493,1.2083333333333333,1.0416666666666667
gradual,16,4.0,0.9542410816092769,0.9336894679086546,0.9826388888888888,0.20833333333333334,0.20833333333333334,0.20833333333333334,19,19,0.014660493827160493,0.7916666666666666,0.014660493827160493,1.0416666666666667,0.125
gradual,17,0.0,0.5948306934740033,0.6309580908930827,0.9902777777777778,0.5454545454545454,0.75,0.631578947368421,15,6,0.011574074074074073,0.25,0.011574074074074073,0.25,0.25
gradual,17,0.25,0.25017127871133676,0.5896911078180912,0.9694444444444444,0.19540229885057472,0.7083333333333334,0.3063063063063063,70,7,0.05401234567901234,0.2916666666666667,0.05401234567901234,0.2916666666666667,0.2916666666666667
gradual,17,0.5,0.3470482817603228,0.6460611874745424,0.9881944444444445,0.4166666666666667,0.625,0.5,21,9,0.016203703703703703,0.375,0.016203703703703703,0.375,0.375
gradual,17,1.0,0.42856516985568044,0.684678966114508,0.9840277777777777,0.23529411764705882,0.3333333333333333,0.27586206896551724,26,16,0.020061728395061727,0.6666666666666666,0.020061728395061727,0.6666666666666666,0.5833333333333334
gradual,17,2.0,0.8918289961796979,0.8937717474872652,0.9854166666666667,0.3333333333333333,0.3333333333333333,0.3333333333333333,16,16,0.012345679012345678,0.6666666666666666,0.012345679012345678,0.875,0.2916666666666667
gradual,17,4.0,0.9581293500084599,0.9369212668173247,0.9840277777777777,0.2916666666666667,0.2916666666666667,0.2916666666666667,17,17,0.013117283950617283,0.7083333333333334,0.013117283950617283,0.9583333333333334,-0.125
gradual,18,0.0,0.2533450467898213,0.36767135137395285,0.9840277777777777,0.46938775510204084,0.9583333333333334,0.6301369863013699,26,1,0.020061728395061727,0.041666666666666664,0.020061728395061727,0.041666666666666664,0.041666666666666664
gradual,18,0.25,0.2671073160271981,0.6046526997289828,0.9805555555555555,0.38461538461538464,0.8333333333333334,0.5263157894736842,32,4,0.024691358024691357,0.16666666666666666,0.024691358024691357,0.16666666666666666,0.16666666666666666
gradual,18,0.5,0.30596294629633747,0.630635170969275,0.9819444444444444,0.275,0.4583333333333333,0.34374999999999994,29,13,0.022376543209876542,0.5416666666666666,0.022376543209876542,0.5416666666666666,0.20833333333333334
gradual,18,1.0,0.46783557213793064,0.7062280138371912,0.9833333333333333,0.32432432432432434,0.5,0.39344262295081966,25,12,0.019290123456790122,0.5,0.019290123456790122,0.5,0.4166666666666667
gradual,18,2.0,0.5790697141039038,0.7483842083957397,0.9840277777777777,0.4074074074074074,0.4583333333333333,0.4313725490196078,16,13,0.012345679012345678,0.5416666666666666,0.012345679012345678,0.8333333333333334,0.8333333333333334
gradual,18,4.0,0.9485865272590754,0.9290901896937793,0.9805555555555555,0.125,0.125,0.125,21,21,0.016203703703703703,0.875,0.016203703703703703,1.1666666666666667,0.0
gradual,19,0.0,0.3865208305378558,0.49086485861128587,0.9861111111111112,0.47619047619047616,0.8333333333333334,0.6060606060606061,22,4,0.016975308641975308,0.16666666666666666,0.016975308641975308,0.3333333333333333,0.3333333333333333
gradual,19,0.25,0.24178805366143213,0.5943543127120656,0.98125,0.4166666666666667,0.8333333333333334,0.5555555555555556,28,4,0.021604938271604937,0.16666666666666666,0.021604938271604937,0.3333333333333333,0.3333333333333333
gradual,19,0.5,0.3326331657860651,0.6477582612967853,0.9854166666666667,0.47619047619047616,0.8333333333333334,0.6060606060606061,22,4,0.016975308641975308,0.16666666666666666,0.016975308641975308,0.3333333333333333,0.3333333333333333
gradual,19,1.0,0.3973863402836875,0.6792941113643444,0.9854166666666667,0.47619047619047616,0.8333333333333334,0.6060606060606061,22,4,0.016975308641975308,0.16666666666666666,0.016975308641975308,0.3333333333333333,0.3333333333333333
gradual,19,2.0,0.5851518625989638,0.7661196114835285,0.9909722222222223,0.4666666666666667,0.5833333333333334,0.5185185185185186,16,10,0.012345679012345678,0.4166666666666667,0.012345679012345678,0.4166666666666667,0.4166666666666667
gradual,19,4.0,0.9292206499652585,0.9111277573134416,0.9729166666666667,0.041666666666666664,0.041666666666666664,0.041666666666666664,23,23,0.017746913580246913,0.9583333333333334,0.017746913580246913,1.625,0.7916666666666666
boundary,0,0.0,0.4058492009102165,0.4819543981128542,0.9215277777777777,0.0,0.0,0.0,149,0,0.11287878787878788,0.0,0.11287878787878788,,
boundary,0,0.25,0.18685076610757978,0.4657856226984281,0.8736111111111111,0.0,0.0,0.0,169,0,0.12803030303030302,0.0,0.12803030303030302,,
boundary,0,0.5,0.25445993271747114,0.5188011262744968,0.9041666666666667,0.0,0.0,0.0,121,0,0.09166666666666666,0.0,0.09166666666666666,,
boundary,0,1.0,0.3224576335026434,0.5606280100599544,0.9027777777777778,0.0,0.0,0.0,88,0,0.06666666666666667,0.0,0.06666666666666667,,
boundary,0,2.0,0.5726799743292326,0.7216569790318124,0.9423611111111111,0.0,0.0,0.0,10,0,0.007575757575757576,0.0,0.007575757575757576,,
boundary,0,4.0,0.7463960735508275,0.8059677262710757,0.94375,0.0,0.0,0.0,12,0,0.00909090909090909,0.0,0.00909090909090909,,
boundary,1,0.0,0.3383885420111874,0.4394020446541878,0.9159722222222222,0.0,0.0,0.0,87,0,0.0659090909090909,0.0,0.0659090909090909,,
boundary,1,0.25,0.17269636188049267,0.4599951255245484,0.8840277777777777,0.0,0.0,0.0,131,0,0.09924242424242424,0.0,0.09924242424242424,,
boundary,1,0.5,0.23500246264703278,0.5188154824903249,0.8909722222222223,0.0,0.0,0.0,95,0,0.07196969696969698,0.0,0.07196969696969698,,
boundary,1,1.0,0.3326887770604397,0.5669813334139826,0.8861111111111111,0.0,0.0,0.0,92,0,0.0696969696969697,0.0,0.0696969696969697,,
boundary,1,2.0,0.7601853288863412,0.8076618534859308,0.9388888888888889,0.0,0.0,0.0,5,0,0.003787878787878788,0.0,0.003787878787878788,,
boundary,1,4.0,0.7964949640733118,0.8488730980425049,0.9583333333333334,0.0,0.0,0.0,0,0,0.0,0.0,0.0,,
boundary,2,0.0,0.29103827011206446,0.4264823090610364,0.9381944444444444,0.0,0.0,0.0,122,0,0.09242424242424242,0.0,0.09242424242424242,,
boundary,2,0.25,0.19476137175830557,0.48225562043036074,0.8430555555555556,0.0,0.0,0.0,265,0,0.20075757575757575,0.0,0.20075757575757575,,
boundary,2,0.5,0.254225337100426,0.5394131116659846,0.8902777777777777,0.0,0.0,0.0,109,0,0.08257575757575758,0.0,0.08257575757575758,,
boundary,2,1.0,0.427336977679586,0.6625168168918184,0.9597222222222223,0.0,0.0,0.0,50,0,0.03787878787878788,0.0,0.03787878787878788,,
boundary,2,2.0,0.7406485387896351,0.8374274707993349,0.9986111111111111,0.0,0.0,0.0,2,0,0.0015151515151515152,0.0,0.0015151515151515152,,
boundary,2,4.0,0.8430721021274323,0.8883772972617905,1.0,0.0,0.0,0.0,0,0,0.0,0.0,0.0,,
boundary,3,0.0,0.20859951730918447,0.2672678788800827,0.8694444444444445,0.0,0.0,0.0,136,0,0.10303030303030303,0.0,0.10303030303030303,,
boundary,3,0.25,0.10756343175895172,0.29346178747548524,0.6145833333333334,0.0,0.0,0.0,472,0,0.3575757575757576,0.0,0.3575757575757576,,
boundary,3,0.5,0.1943402907118796,0.42222857296444966,0.7993055555555556,0.0,0.0,0.0,299,0,0.2265151515151515,0.0,0.2265151515151515,,
boundary,3,1.0,0.29235178305312887,0.49824473374760836,0.8638888888888889,0.0,0.0,0.0,113,0,0.0856060606060606,0.0,0.0856060606060606,,
boundary,3,2.0,0.6702401927881552,0.7131736810938076,0.8583333333333333,0.0,0.0,0.0,25,0,0.01893939393939394,0.0,0.01893939393939394,,
boundary,3,4.0,0.5677179745868817,0.6499852943091147,0.8,0.0,0.0,0.0,100,0,0.07575757575757576,0.0,0.07575757575757576,,
boundary,4,0.0,0.342063426433244,0.41052355070251045,0.8979166666666667,0.0,0.0,0.0,48,0,0.03636363636363636,0.0,0.03636363636363636,,
boundary,4,0.25,0.16934492483928731,0.47864304084518916,0.8868055555555555,0.0,0.0,0.0,104,0,0.07878787878787878,0.0,0.07878787878787878,,
boundary,4,0.5,0.25955877645628156,0.5290702679221166,0.9,0.0,0.0,0.0,26,0,0.019696969696969695,0.0,0.019696969696969695,,
boundary,4,1.0,0.30704600349812255,0.56940215079206,0.9041666666666667,0.0,0.0,0.0,36,0,0.02727272727272727,0.0,0.02727272727272727,,
boundary,4,2.0,0.6758076564743214,0.7512176885719434,0.9159722222222222,0.0,0.0,0.0,7,0,0.005303030303030303,0.0,0.005303030303030303,,
boundary,4,4.0,0.6984644629834426,0.7512977415852827,0.8847222222222222,0.0,0.0,0.0,1,0,0.0007575757575757576,0.0,0.0007575757575757576,,
boundary,5,0.0,0.33597219354438995,0.40119457256195024,0.9131944444444444,0.0,0.0,0.0,114,0,0.08636363636363636,0.0,0.08636363636363636,,
boundary,5,0.25,0.13580661656554374,0.40009077528490605,0.7451388888888889,0.0,0.0,0.0,348,0,0.2636363636363636,0.0,0.2636363636363636,,
boundary,5,0.5,0.20325256342395265,0.47443821704674305,0.8388888888888889,0.0,0.0,0.0,173,0,0.13106060606060607,0.0,0.13106060606060607,,
boundary,5,1.0,0.32816551489206164,0.5735428441329117,0.9145833333333333,0.0,0.0,0.0,83,0,0.06287878787878788,0.0,0.06287878787878788,,
boundary,5,2.0,0.6658515085291908,0.7502584475051748,0.9402777777777778,0.0,0.0,0.0,12,0,0.00909090909090909,0.0,0.00909090909090909,,
boundary,5,4.0,0.7889934062821077,0.8204003072643865,0.9347222222222222,0.0,0.0,0.0,3,0,0.0022727272727272726,0.0,0.0022727272727272726,,
boundary,6,0.0,0.1995174498146367,0.263061981290403,0.9,0.0,0.0,0.0,107,0,0.08106060606060606,0.0,0.08106060606060606,,
boundary,6,0.25,0.1380063775795647,0.38277827656696384,0.7027777777777777,0.0,0.0,0.0,231,0,0.175,0.0,0.175,,
boundary,6,0.5,0.19054151158623886,0.44895988743005183,0.7770833333333333,0.0,0.0,0.0,175,0,0.13257575757575757,0.0,0.13257575757575757,,
boundary,6,1.0,0.30574455351580343,0.5420551074263086,0.8569444444444444,0.0,0.0,0.0,103,0,0.07803030303030303,0.0,0.07803030303030303,,
boundary,6,2.0,0.6921450753464655,0.7670628029612401,0.9104166666666667,0.0,0.0,0.0,6,0,0.004545454545454545,0.0,0.004545454545454545,,
boundary,6,4.0,0.7892827460624957,0.8127532834917527,0.9118055555555555,0.0,0.0,0.0,4,0,0.0030303030303030303,0.0,0.0030303030303030303,,
boundary,7,0.0,0.43315662650866277,0.4807393930166227,0.8833333333333333,0.0,0.0,0.0,84,0,0.06363636363636363,0.0,0.06363636363636363,,
boundary,7,0.25,0.18295128477015066,0.4613826894957213,0.8736111111111111,0.0,0.0,0.0,106,0,0.0803030303030303,0.0,0.0803030303030303,,
boundary,7,0.5,0.25546914511934304,0.5062590090731819,0.8826388888888889,0.0,0.0,0.0,67,0,0.05075757575757576,0.0,0.05075757575757576,,
boundary,7,1.0,0.29772464822455647,0.534790004927097,0.88125,0.0,0.0,0.0,59,0,0.0446969696969697,0.0,0.0446969696969697,,
boundary,7,2.0,0.6779039994853591,0.7332157404241456,0.8868055555555555,0.0,0.0,0.0,7,0,0.005303030303030303,0.0,0.005303030303030303,,
boundary,7,4.0,0.7212204629956062,0.7848626006819013,0.9083333333333333,0.0,0.0,0.0,0,0,0.0,0.0,0.0,,
boundary,8,0.0,0.37951390918143074,0.44853232764204354,0.8951388888888889,0.0,0.0,0.0,147,0,0.11136363636363636,0.0,0.11136363636363636,,
boundary,8,0.25,0.13198499905424768,0.3552714409761226,0.6569444444444444,0.0,0.0,0.0,446,0,0.3378787878787879,0.0,0.3378787878787879,,
boundary,8,0.5,0.18122579790405935,0.40724303764151437,0.6402777777777777,0.0,0.0,0.0,450,0,0.3409090909090909,0.0,0.3409090909090909,,
boundary,8,1.0,0.23122345978610617,0.4538391502771923,0.6659722222222222,0.0,0.0,0.0,310,0,0.23484848484848486,0.0,0.23484848484848486,,
boundary,8,2.0,0.5769432895633938,0.6899024768353074,0.8368055555555556,0.0,0.0,0.0,103,0,0.07803030303030303,0.0,0.07803030303030303,,
boundary,8,4.0,0.6540036777530654,0.7088101940903115,0.8548611111111111,0.0,0.0,0.0,59,0,0.0446969696969697,0.0,0.0446969696969697,,
boundary,9,0.0,0.2908541165055309,0.3845813594037327,0.8770833333333333,0.0,0.0,0.0,155,0,0.11742424242424243,0.0,0.11742424242424243,,
boundary,9,0.25,0.1292905750080396,0.38084797070593746,0.6576388888888889,0.0,0.0,0.0,247,0,0.18712121212121213,0.0,0.18712121212121213,,
boundary,9,0.5,0.18798576575239412,0.42730931851417475,0.6708333333333333,0.0,0.0,0.0,146,0,0.11060606060606061,0.0,0.11060606060606061,,
boundary,9,1.0,0.24812012493416333,0.48290533608151953,0.7111111111111111,0.0,0.0,0.0,34,0,0.025757575757575757,0.0,0.025757575757575757,,
boundary,9,2.0,0.5655360587835168,0.6527417164844708,0.74375,0.0,0.0,0.0,124,0,0.09393939393939393,0.0,0.09393939393939393,,
boundary,9,4.0,0.7864843143673828,0.8068266231904708,0.9222222222222223,0.0,0.0,0.0,8,0,0.006060606060606061,0.0,0.006060606060606061,,
boundary,10,0.0,0.4197653603244919,0.4815861274563483,0.8784722222222222,0.0,0.0,0.0,121,0,0.09166666666666666,0.0,0.09166666666666666,,
boundary,10,0.25,0.1689704296737462,0.46224795426049914,0.8659722222222223,0.0,0.0,0.0,91,0,0.06893939393939394,0.0,0.06893939393939394,,
boundary,10,0.5,0.22409127436666712,0.49422236768669403,0.8652777777777778,0.0,0.0,0.0,63,0,0.04772727272727273,0.0,0.04772727272727273,,
boundary,10,1.0,0.2915720752695918,0.5502560916654426,0.8645833333333334,0.0,0.0,0.0,21,0,0.015909090909090907,0.0,0.015909090909090907,,
boundary,10,2.0,0.5662868981578727,0.695780315670757,0.8763888888888889,0.0,0.0,0.0,13,0,0.009848484848484848,0.0,0.009848484848484848,,
boundary,10,4.0,0.7146275812641664,0.777556786022386,0.8986111111111111,0.0,0.0,0.0,1,0,0.0007575757575757576,0.0,0.0007575757575757576,,
boundary,11,0.0,0.17099165070698513,0.22347913529577193,0.8736111111111111,0.0,0.0,0.0,239,0,0.18106060606060606,0.0,0.18106060606060606,,
boundary,11,0.25,0.12399877895583519,0.33880515950077944,0.6347222222222222,0.0,0.0,0.0,549,0,0.4159090909090909,0.0,0.4159090909090909,,
boundary,11,0.5,0.1925666511144188,0.4179442308333402,0.7861111111111111,0.0,0.0,0.0,316,0,0.23939393939393938,0.0,0.23939393939393938,,
boundary,11,1.0,0.31932761858890657,0.5280194119455666,0.8861111111111111,0.0,0.0,0.0,137,0,0.10378787878787879,0.0,0.10378787878787879,,
boundary,11,2.0,0.6950805057803904,0.7483567523511165,0.9333333333333333,0.0,0.0,0.0,22,0,0.016666666666666666,0.0,0.016666666666666666,,
boundary,11,4.0,0.7426365984227357,0.7713958777134832,0.8840277777777777,0.0,0.0,0.0,15,0,0.011363636363636364,0.0,0.011363636363636364,,
boundary,12,0.0,0.3022016768508425,0.40548408440407824,0.9375,0.0,0.0,0.0,120,0,0.09090909090909091,0.0,0.09090909090909091,,
boundary,12,0.25,0.17073305272609907,0.4545936143879725,0.8465277777777778,0.0,0.0,0.0,220,0,0.16666666666666666,0.0,0.16666666666666666,,
boundary,12,0.5,0.2514521299077098,0.5239216599188078,0.8944444444444445,0.0,0.0,0.0,104,0,0.07878787878787878,0.0,0.07878787878787878,,
boundary,12,1.0,0.3344281170885385,0.5760916994603433,0.90625,0.0,0.0,0.0,59,0,0.0446969696969697,0.0,0.0446969696969697,,
boundary,12,2.0,0.7132214421453527,0.7896021766668533,0.9180555555555555,0.0,0.0,0.0,2,0,0.0015151515151515152,0.0,0.0015151515151515152,,
boundary,12,4.0,0.8327353776595418,0.8672382029049328,0.9666666666666667,0.0,0.0,0.0,0,0,0.0,0.0,0.0,,
boundary,13,0.0,0.32339553191168485,0.4361379244924769,0.9201388888888888,0.0,0.0,0.0,99,0,0.075,0.0,0.075,,
boundary,13,0.25,0.15921306872335056,0.4363747562411305,0.7298611111111111,0.0,0.0,0.0,306,0,0.2318181818181818,0.0,0.2318181818181818,,
boundary,13,0.5,0.21869439726268539,0.4630056951356877,0.7097222222222223,0.0,0.0,0.0,280,0,0.21212121212121213,0.0,0.21212121212121213,,
boundary,13,1.0,0.33608178378359505,0.5855981515398981,0.8493055555555555,0.0,0.0,0.0,222,0,0.16818181818181818,0.0,0.16818181818181818,,
boundary,13,2.0,0.7815228261613111,0.8180119341642427,0.9430555555555555,0.0,0.0,0.0,16,0,0.012121212121212121,0.0,0.012121212121212121,,
boundary,13,4.0,0.7603450131836016,0.8106317203526796,0.9333333333333333,0.0,0.0,0.0,8,0,0.006060606060606061,0.0,0.006060606060606061,,
boundary,14,0.0,0.3200735985971727,0.39731876496046925,0.8930555555555556,0.0,0.0,0.0,126,0,0.09545454545454546,0.0,0.09545454545454546,,
boundary,14,0.25,0.17244779744493785,0.4585971361114626,0.8743055555555556,0.0,0.0,0.0,147,0,0.11136363636363636,0.0,0.11136363636363636,,
boundary,14,0.5,0.2636051449315854,0.5185458302203827,0.8854166666666666,0.0,0.0,0.0,131,0,0.09924242424242424,0.0,0.09924242424242424,,
boundary,14,1.0,0.34188871757034983,0.563246633448153,0.8868055555555555,0.0,0.0,0.0,80,0,0.06060606060606061,0.0,0.06060606060606061,,
boundary,14,2.0,0.7271322881406524,0.7670340172737731,0.8958333333333334,0.0,0.0,0.0,9,0,0.006818181818181818,0.0,0.006818181818181818,,
boundary,14,4.0,0.6948373956346363,0.7335099516295045,0.8833333333333333,0.0,0.0,0.0,6,0,0.004545454545454545,0.0,0.004545454545454545,,
boundary,15,0.0,0.430976214123897,0.509468787889056,0.8993055555555556,0.0,0.0,0.0,90,0,0.06818181818181818,0.0,0.06818181818181818,,
boundary,15,0.25,0.16914896083729988,0.46157936016971396,0.8736111111111111,0.0,0.0,0.0,122,0,0.09242424242424242,0.0,0.09242424242424242,,
boundary,15,0.5,0.24507029906688557,0.5205697427830348,0.8847222222222222,0.0,0.0,0.0,83,0,0.06287878787878788,0.0,0.06287878787878788,,
boundary,15,1.0,0.3287412014803193,0.5913363811254064,0.90625,0.0,0.0,0.0,40,0,0.030303030303030304,0.0,0.030303030303030304,,
boundary,15,2.0,0.6577276290288409,0.7653277909404477,0.925,0.0,0.0,0.0,0,0,0.0,0.0,0.0,,
boundary,15,4.0,0.7421708600873373,0.8025851858962187,0.925,0.0,0.0,0.0,0,0,0.0,0.0,0.0,,
boundary,16,0.0,0.24285830098569078,0.3181423610439869,0.8895833333333333,0.0,0.0,0.0,131,0,0.09924242424242424,0.0,0.09924242424242424,,
boundary,16,0.25,0.10997148369476788,0.3040456653325441,0.5763888888888888,0.0,0.0,0.0,509,0,0.3856060606060606,0.0,0.3856060606060606,,
boundary,16,0.5,0.21406798495522303,0.44714488037955996,0.7291666666666666,0.0,0.0,0.0,331,0,0.25075757575757573,0.0,0.25075757575757573,,
boundary,16,1.0,0.2522074675723033,0.4853054463842982,0.7354166666666667,0.0,0.0,0.0,148,0,0.11212121212121212,0.0,0.11212121212121212,,
boundary,16,2.0,0.6182477942611602,0.6958366517806982,0.9055555555555556,0.0,0.0,0.0,40,0,0.030303030303030304,0.0,0.030303030303030304,,
boundary,16,4.0,0.7891826946898282,0.8255552138605673,0.925,0.0,0.0,0.0,0,0,0.0,0.0,0.0,,
boundary,17,0.0,0.3496572986802722,0.44025804389335266,0.9236111111111112,0.0,0.0,0.0,80,0,0.06060606060606061,0.0,0.06060606060606061,,
boundary,17,0.25,0.1832895623165873,0.4653638297828214,0.8451388888888889,0.0,0.0,0.0,232,0,0.17575757575757575,0.0,0.17575757575757575,,
boundary,17,0.5,0.2746979126160663,0.5406045363623035,0.8972222222222223,0.0,0.0,0.0,128,0,0.09696969696969697,0.0,0.09696969696969697,,
boundary,17,1.0,0.33757384413856506,0.5831434271186331,0.925,0.0,0.0,0.0,88,0,0.06666666666666667,0.0,0.06666666666666667,,
boundary,17,2.0,0.7668670044941573,0.8119042643645034,0.925,0.0,0.0,0.0,3,0,0.0022727272727272726,0.0,0.0022727272727272726,,
boundary,17,4.0,0.7408147275657258,0.8025273559621535,0.9263888888888889,0.0,0.0,0.0,1,0,0.0007575757575757576,0.0,0.0007575757575757576,,
boundary,18,0.0,0.37770264513129087,0.44711148132166795,0.8784722222222222,0.0,0.0,0.0,101,0,0.07651515151515151,0.0,0.07651515151515151,,
boundary,18,0.25,0.17648024718043057,0.465642914560579,0.8645833333333334,0.0,0.0,0.0,113,0,0.0856060606060606,0.0,0.0856060606060606,,
boundary,18,0.5,0.23952133105074058,0.5096706981053029,0.86875,0.0,0.0,0.0,66,0,0.05,0.0,0.05,,
boundary,18,1.0,0.33084135296380474,0.5680783914066689,0.875,0.0,0.0,0.0,24,0,0.01818181818181818,0.0,0.01818181818181818,,
boundary,18,2.0,0.6974997586107011,0.7509475629092709,0.875,0.0,0.0,0.0,0,0,0.0,0.0,0.0,,
boundary,18,4.0,0.6974997586107011,0.7509475629092709,0.875,0.0,0.0,0.0,0,0,0.0,0.0,0.0,,
boundary,19,0.0,0.38211834829504515,0.4773471423402052,0.9027777777777778,0.0,0.0,0.0,179,0,0.13560606060606062,0.0,0.13560606060606062,,
boundary,19,0.25,0.18250748036984552,0.4662347285846289,0.8666666666666667,0.0,0.0,0.0,152,0,0.11515151515151516,0.0,0.11515151515151516,,
boundary,19,0.5,0.24959046769146903,0.5190139711247318,0.8791666666666667,0.0,0.0,0.0,108,0,0.08181818181818182,0.0,0.08181818181818182,,
boundary,19,1.0,0.32398871505427296,0.5670641065537186,0.8777777777777778,0.0,0.0,0.0,108,0,0.08181818181818182,0.0,0.08181818181818182,,
boundary,19,2.0,0.6315925390079217,0.7057229413878549,0.8680555555555556,0.0,0.0,0.0,16,0,0.012121212121212121,0.0,0.012121212121212121,,
boundary,19,4.0,0.7940414797454144,0.846231270268365,0.95,0.0,0.0,0.0,0,0,0.0,0.0,0.0,,
shock,0,0.0,0.3777385536564379,0.4835916712634807,0.9888888888888889,0.0,0.0,0.0,30,0,0.022727272727272728,0.0,0.022727272727272728,,
shock,0,0.25,0.2458729631157305,0.5918786032618094,0.9826388888888888,0.0,0.0,0.0,30,0,0.022727272727272728,0.0,0.022727272727272728,,
shock,0,0.5,0.3432270460902543,0.6451770566841195,0.9826388888888888,0.0,0.0,0.0,31,0,0.023484848484848483,0.0,0.023484848484848483,,
shock,0,1.0,0.4291354465697312,0.6894374746712315,0.9868055555555556,0.0,0.0,0.0,20,0,0.015151515151515152,0.0,0.015151515151515152,,
shock,0,2.0,0.9135644286749591,0.9414925387907936,1.0,0.0,0.0,0.0,0,0,0.0,0.0,0.0,,
shock,0,4.0,1.0,1.0,1.0,0.0,0.0,0.0,0,0,0.0,0.0,0.0,,
shock,1,0.0,0.34289050193203535,0.4646346422219818,0.9895833333333334,0.0,0.0,0.0,27,0,0.020454545454545454,0.0,0.020454545454545454,,
shock,1,0.25,0.259938378238134,0.6024142238470465,0.9861111111111112,0.0,0.0,0.0,25,0,0.01893939393939394,0.0,0.01893939393939394,,
shock,1,0.5,0.3292758712762252,0.6396927009725202,0.9847222222222223,0.0,0.0,0.0,25,0,0.01893939393939394,0.0,0.01893939393939394,,
shock,1,1.0,0.4973750433697745,0.7175049566918351,0.9861111111111112,0.0,0.0,0.0,20,0,0.015151515151515152,0.0,0.015151515151515152,,
shock,1,2.0,0.8211775588971757,0.8901324684887584,1.0,0.0,0.0,0.0,0,0,0.0,0.0,0.0,,
shock,1,4.0,1.0,1.0,1.0,0.0,0.0,0.0,0,0,0.0,0.0,0.0,,
shock,2,0.0,0.39502554057145367,0.5102038601240387,0.9930555555555556,0.0,0.0,0.0,18,0,0.013636363636363636,0.0,0.013636363636363636,,
shock,2,0.25,0.2600411545217061,0.6067003402911084,0.9875,0.0,0.0,0.0,18,0,0.013636363636363636,0.0,0.013636363636363636,,
shock,2,0.5,0.3523991074516025,0.6555753533711968,0.9875,0.0,0.0,0.0,18,0,0.013636363636363636,0.0,0.013636363636363636,,
shock,2,1.0,0.472877075351734,0.7201810484677624,0.99375,0.0,0.0,0.0,10,0,0.007575757575757576,0.0,0.007575757575757576,,
shock,2,2.0,1.0,1.0,1.0,0.0,0.0,0.0,0,0,0.0,0.0,0.0,,
shock,2,4.0,1.0,1.0,1.0,0.0,0.0,0.0,0,0,0.0,0.0,0.0,,
shock,3,0.0,0.2687521198197538,0.38876824854507047,0.9833333333333333,0.0,0.0,0.0,45,0,0.03409090909090909,0.0,0.03409090909090909,,
shock,3,0.25,0.25160632558097284,0.5820509351067157,0.9777777777777777,0.0,0.0,0.0,54,0,0.04090909090909091,0.0,0.04090909090909091,,
shock,3,0.5,0.32790748103005896,0.6238589429975597,0.9784722222222222,0.0,0.0,0.0,44,0,0.03333333333333333,0.0,0.03333333333333333,,
shock,3,1.0,0.4074888587597363,0.674886939779856,0.9833333333333333,0.0,0.0,0.0,34,0,0.025757575757575757,0.0,0.025757575757575757,,
shock,3,2.0,0.8306574269950212,0.8894840130693069,0.9986111111111111,0.0,0.0,0.0,2,0,0.0015151515151515152,0.0,0.0015151515151515152,,
shock,3,4.0,1.0,1.0,1.0,0.0,0.0,0.0,0,0,0.0,0.0,0.0,,
shock,4,0.0,0.45758157817737427,0.5439119274020564,0.9909722222222223,0.0,0.0,0.0,24,0,0.01818181818181818,0.0,0.01818181818181818,,
shock,4,0.25,0.23800809120561534,0.5885019259042794,0.9847222222222223,0.0,0.0,0.0,31,0,0.023484848484848483,0.0,0.023484848484848483,,
shock,4,0.5,0.33438788410456277,0.6385716806340733,0.9833333333333333,0.0,0.0,0.0,24,0,0.01818181818181818,0.0,0.01818181818181818,,
shock,4,1.0,0.4239045092455469,0.6948648191370693,0.9902777777777778,0.0,0.0,0.0,14,0,0.010606060606060607,0.0,0.010606060606060607,,
shock,4,2.0,0.7316636018293236,0.847548284925942,1.0,0.0,0.0,0.0,0,0,0.0,0.0,0.0,,
shock,4,4.0,1.0,1.0,1.0,0.0,0.0,0.0,0,0,0.0,0.0,0.0,,
shock,5,0.0,0.33118980277880683,0.47257171256167274,0.9902777777777778,0.0,0.0,0.0,24,0,0.01818181818181818,0.0,0.01818181818181818,,
shock,5,0.25,0.22876647837855496,0.5743227527994189,0.95625,0.0,0.0,0.0,69,0,0.05227272727272727,0.0,0.05227272727272727,,
shock,5,0.5,0.3308189287777363,0.6391067879593418,0.9854166666666667,0.0,0.0,0.0,25,0,0.01893939393939394,0.0,0.01893939393939394,,
shock,5,1.0,0.39911843523091683,0.6795817033094933,0.9895833333333334,0.0,0.0,0.0,20,0,0.015151515151515152,0.0,0.015151515151515152,,
shock,5,2.0,0.6004897442620966,0.8003986130971096,1.0,0.0,0.0,0.0,0,0,0.0,0.0,0.0,,
shock,5,4.0,1.0,1.0,1.0,0.0,0.0,0.0,0,0,0.0,0.0,0.0,,
shock,6,0.0,0.33267146744902415,0.4524375490785275,0.9930555555555556,0.0,0.0,0.0,20,0,0.015151515151515152,0.0,0.015151515151515152,,
shock,6,0.25,0.28661293095449636,0.6223878649434603,0.9902777777777778,0.0,0.0,0.0,20,0,0.015151515151515152,0.0,0.015151515151515152,,
shock,6,0.5,0.3342892339522729,0.6469897358835622,0.9902777777777778,0.0,0.0,0.0,20,0,0.015151515151515152,0.0,0.015151515151515152,,
shock,6,1.0,0.4734622855950454,0.7177999120974957,0.9923611111111111,0.0,0.0,0.0,16,0,0.012121212121212121,0.0,0.012121212121212121,,
shock,6,2.0,0.8224864234124053,0.8906085783962412,1.0,0.0,0.0,0.0,0,0,0.0,0.0,0.0,,
shock,6,4.0,1.0,1.0,1.0,0.0,0.0,0.0,0,0,0.0,0.0,0.0,,
shock,7,0.0,0.5923688767515632,0.6452844393607794,0.99375,0.0,0.0,0.0,18,0,0.013636363636363636,0.0,0.013636363636363636,,
shock,7,0.25,0.26165022504725,0.6117889226037712,0.9902777777777778,0.0,0.0,0.0,18,0,0.013636363636363636,0.0,0.013636363636363636,,
shock,7,0.5,0.3291879325407415,0.6469904951737642,0.9930555555555556,0.0,0.0,0.0,14,0,0.010606060606060607,0.0,0.010606060606060607,,
shock,7,1.0,0.4378651667596906,0.7066008990645903,0.9951388888888889,0.0,0.0,0.0,10,0,0.007575757575757576,0.0,0.007575757575757576,,
shock,7,2.0,0.8233937519270815,0.8909463091789646,1.0,0.0,0.0,0.0,0,0,0.0,0.0,0.0,,
shock,7,4.0,1.0,1.0,1.0,0.0,0.0,0.0,0,0,0.0,0.0,0.0,,
shock,8,0.0,0.5489851661816836,0.5826900287092733,0.9895833333333334,0.0,0.0,0.0,28,0,0.021212121212121213,0.0,0.021212121212121213,,
shock,8,0.25,0.26001509657154714,0.6001762439913251,0.9861111111111112,0.0,0.0,0.0,32,0,0.024242424242424242,0.0,0.024242424242424242,,
shock,8,0.5,0.3762816688520117,0.6597583819177607,0.9861111111111112,0.0,0.0,0.0,29,0,0.02196969696969697,0.0,0.02196969696969697,,
shock,8,1.0,0.46531188085268793,0.7123212197473593,0.9909722222222223,0.0,0.0,0.0,17,0,0.012878787878787878,0.0,0.012878787878787878,,
shock,8,2.0,0.8274202166853347,0.8924352191005048,1.0,0.0,0.0,0.0,0,0,0.0,0.0,0.0,,
shock,8,4.0,1.0,1.0,1.0,0.0,0.0,0.0,0,0,0.0,0.0,0.0,,
shock,9,0.0,0.45045350771356074,0.5488377649122467,0.96875,0.0,0.0,0.0,75,0,0.056818181818181816,0.0,0.056818181818181816,,
shock,9,0.25,0.17961115179510936,0.45195266359324954,0.7270833333333333,0.0,0.0,0.0,427,0,0.3234848484848485,0.0,0.3234848484848485,,
shock,9,0.5,0.2711886688092106,0.5192028534473763,0.7486111111111111,0.0,0.0,0.0,370,0,0.2803030303030303,0.0,0.2803030303030303,,
shock,9,1.0,0.33452760811569565,0.5814689233846323,0.8270833333333333,0.0,0.0,0.0,236,0,0.1787878787878788,0.0,0.1787878787878788,,
shock,9,2.0,0.8078812200788701,0.8714588903551888,0.9944444444444445,0.0,0.0,0.0,5,0,0.003787878787878788,0.0,0.003787878787878788,,
shock,9,4.0,0.8328600139616201,0.8603621499029122,0.9270833333333334,0.0,0.0,0.0,38,0,0.02878787878787879,0.0,0.02878787878787879,,
shock,10,0.0,0.5550001827773784,0.5911196321132951,0.9923611111111111,0.0,0.0,0.0,21,0,0.015909090909090907,0.0,0.015909090909090907,,
shock,10,0.25,0.27193051482130687,0.6115538919662358,0.9868055555555556,0.0,0.0,0.0,27,0,0.020454545454545454,0.0,0.020454545454545454,,
shock,10,0.5,0.33730074955876277,0.644896184456226,0.9881944444444445,0.0,0.0,0.0,21,0,0.015909090909090907,0.0,0.015909090909090907,,
shock,10,1.0,0.4314758433159465,0.695692718440123,0.9881944444444445,0.0,0.0,0.0,25,0,0.01893939393939394,0.0,0.01893939393939394,,
shock,10,2.0,0.8180089746550689,0.8889878877923586,1.0,0.0,0.0,0.0,0,0,0.0,0.0,0.0,,
shock,10,4.0,1.0,1.0,1.0,0.0,0.0,0.0,0,0,0.0,0.0,0.0,,
shock,11,0.0,0.33662131884713553,0.47246757128313244,0.9881944444444445,0.0,0.0,0.0,30,0,0.022727272727272728,0.0,0.022727272727272728,,
shock,11,0.25,0.2684797206540446,0.6052179165931804,0.9819444444444444,0.0,0.0,0.0,44,0,0.03333333333333333,0.0,0.03333333333333333,,
shock,11,0.5,0.32257364851201065,0.6357907836030535,0.9854166666666667,0.0,0.0,0.0,31,0,0.023484848484848483,0.0,0.023484848484848483,,
shock,11,1.0,0.4637883740330989,0.7069326693249837,0.9875,0.0,0.0,0.0,22,0,0.016666666666666666,0.0,0.016666666666666666,,
shock,11,2.0,0.8191683860894506,0.889404442749669,1.0,0.0,0.0,0.0,0,0,0.0,0.0,0.0,,
shock,11,4.0,1.0,1.0,1.0,0.0,0.0,0.0,0,0,0.0,0.0,0.0,,
shock,12,0.0,0.41332453270577063,0.5351610543679006,0.9944444444444445,0.0,0.0,0.0,14,0,0.010606060606060607,0.0,0.010606060606060607,,
shock,12,0.25,0.2644566335860326,0.613788550760658,0.9923611111111111,0.0,0.0,0.0,12,0,0.00909090909090909,0.0,0.00909090909090909,,
shock,12,0.5,0.35749421583807983,0.6641359789512901,0.9923611111111111,0.0,0.0,0.0,12,0,0.00909090909090909,0.0,0.00909090909090909,,
shock,12,1.0,0.42315041576783397,0.701080526964992,0.99375,0.0,0.0,0.0,10,0,0.007575757575757576,0.0,0.007575757575757576,,
shock,12,2.0,0.9147420581935364,0.9420133726908673,1.0,0.0,0.0,0.0,0,0,0.0,0.0,0.0,,
shock,12,4.0,1.0,1.0,1.0,0.0,0.0,0.0,0,0,0.0,0.0,0.0,,
shock,13,0.0,0.47268914855139194,0.5599466892987048,0.9909722222222223,0.0,0.0,0.0,25,0,0.01893939393939394,0.0,0.01893939393939394,,
shock,13,0.25,0.26086276332513203,0.6050552937722203,0.9881944444444445,0.0,0.0,0.0,23,0,0.017424242424242425,0.0,0.017424242424242425,,
shock,13,0.5,0.3492289714826639,0.6525007301947376,0.9881944444444445,0.0,0.0,0.0,23,0,0.017424242424242425,0.0,0.017424242424242425,,
shock,13,1.0,0.4212401712957694,0.6934165916723605,0.9909722222222223,0.0,0.0,0.0,18,0,0.013636363636363636,0.0,0.013636363636363636,,
shock,13,2.0,0.8242362470386904,0.8912553463702674,1.0,0.0,0.0,0.0,0,0,0.0,0.0,0.0,,
shock,13,4.0,1.0,1.0,1.0,0.0,0.0,0.0,0,0,0.0,0.0,0.0,,
shock,14,0.0,0.3226315234073779,0.4533243996487216,0.9916666666666667,0.0,0.0,0.0,23,0,0.017424242424242425,0.0,0.017424242424242425,,
shock,14,0.25,0.22983155201551217,0.586561668935239,0.9875,0.0,0.0,0.0,22,0,0.016666666666666666,0.0,0.016666666666666666,,
shock,14,0.5,0.36075343733989346,0.6573422897246248,0.9888888888888889,0.0,0.0,0.0,18,0,0.013636363636363636,0.0,0.013636363636363636,,
shock,14,1.0,0.42930336905473326,0.6941508932896107,0.9909722222222223,0.0,0.0,0.0,16,0,0.012121212121212121,0.0,0.012121212121212121,,
shock,14,2.0,0.8228347805325125,0.8907341148732595,1.0,0.0,0.0,0.0,0,0,0.0,0.0,0.0,,
shock,14,4.0,1.0,1.0,1.0,0.0,0.0,0.0,0,0,0.0,0.0,0.0,,
shock,15,0.0,0.4422201984841628,0.5433379840475834,0.99375,0.0,0.0,0.0,16,0,0.012121212121212121,0.0,0.012121212121212121,,
shock,15,0.25,0.2651998046514039,0.6105979784761312,0.9902777777777778,0.0,0.0,0.0,16,0,0.012121212121212121,0.0,0.012121212121212121,,
shock,15,0.5,0.33391678808451164,0.650036367068839,0.9902777777777778,0.0,0.0,0.0,16,0,0.012121212121212121,0.0,0.012121212121212121,,
shock,15,1.0,0.43274594413726386,0.7003364886436495,0.9923611111111111,0.0,0.0,0.0,12,0,0.00909090909090909,0.0,0.00909090909090909,,
shock,15,2.0,0.7163387298511239,0.8429342028427976,1.0,0.0,0.0,0.0,0,0,0.0,0.0,0.0,,
shock,15,4.0,1.0,1.0,1.0,0.0,0.0,0.0,0,0,0.0,0.0,0.0,,
shock,16,0.0,0.5052459542788649,0.5703398582298441,0.9854166666666667,0.0,0.0,0.0,35,0,0.026515151515151516,0.0,0.026515151515151516,,
shock,16,0.25,0.23301750123072903,0.5723480133804014,0.94375,0.0,0.0,0.0,140,0,0.10606060606060606,0.0,0.10606060606060606,,
shock,16,0.5,0.36379863984384164,0.656837469227598,0.9840277777777777,0.0,0.0,0.0,29,0,0.02196969696969697,0.0,0.02196969696969697,,
shock,16,1.0,0.4204108397468287,0.6860618851825632,0.9868055555555556,0.0,0.0,0.0,25,0,0.01893939393939394,0.0,0.01893939393939394,,
shock,16,2.0,0.8197752043091494,0.8896231199722571,1.0,0.0,0.0,0.0,0,0,0.0,0.0,0.0,,
shock,16,4.0,1.0,1.0,1.0,0.0,0.0,0.0,0,0,0.0,0.0,0.0,,
shock,17,0.0,0.5875710683936316,0.6269677661109365,0.9888888888888889,0.0,0.0,0.0,25,0,0.01893939393939394,0.0,0.01893939393939394,,
shock,17,0.25,0.24907767070894463,0.5948383895194601,0.9847222222222223,0.0,0.0,0.0,24,0,0.01818181818181818,0.0,0.01818181818181818,,
shock,17,0.5,0.33147756214105534,0.63961180331287,0.9868055555555556,0.0,0.0,0.0,24,0,0.01818181818181818,0.0,0.01818181818181818,,
shock,17,1.0,0.4603931096663909,0.7049411052420252,0.9881944444444445,0.0,0.0,0.0,21,0,0.015909090909090907,0.0,0.015909090909090907,,
shock,17,2.0,0.822303032693833,0.8905422063737288,1.0,0.0,0.0,0.0,0,0,0.0,0.0,0.0,,
shock,17,4.0,1.0,1.0,1.0,0.0,0.0,0.0,0,0,0.0,0.0,0.0,,
shock,18,0.0,0.37079681833298955,0.47544791406097076,0.9881944444444445,0.0,0.0,0.0,31,0,0.023484848484848483,0.0,0.023484848484848483,,
shock,18,0.25,0.27265987960430016,0.6081741731148695,0.9840277777777777,0.0,0.0,0.0,28,0,0.021212121212121213,0.0,0.021212121212121213,,
shock,18,0.5,0.33448835115680836,0.6378415893298968,0.9840277777777777,0.0,0.0,0.0,31,0,0.023484848484848483,0.0,0.023484848484848483,,
shock,18,1.0,0.4223880831930629,0.6814196403107214,0.9840277777777777,0.0,0.0,0.0,26,0,0.019696969696969695,0.0,0.019696969696969695,,
shock,18,2.0,0.6076150533399016,0.8021272893368206,1.0,0.0,0.0,0.0,0,0,0.0,0.0,0.0,,
shock,18,4.0,1.0,1.0,1.0,0.0,0.0,0.0,0,0,0.0,0.0,0.0,,
shock,19,0.0,0.31389927032031534,0.446761823085158,0.9944444444444445,0.0,0.0,0.0,16,0,0.012121212121212121,0.0,0.012121212121212121,,
shock,19,0.25,0.2525405319147817,0.6071911122423757,0.9930555555555556,0.0,0.0,0.0,15,0,0.011363636363636364,0.0,0.011363636363636364,,
shock,19,0.5,0.3601464727732717,0.6642602182778243,0.9930555555555556,0.0,0.0,0.0,15,0,0.011363636363636364,0.0,0.011363636363636364,,
shock,19,1.0,0.42111551237802286,0.6956938220642905,0.9916666666666667,0.0,0.0,0.0,14,0,0.010606060606060607,0.0,0.010606060606060607,,
shock,19,2.0,0.9128487888658277,0.9411777031947985,1.0,0.0,0.0,0.0,0,0,0.0,0.0,0.0,,
shock,19,4.0,1.0,1.0,1.0,0.0,0.0,0.0,0,0,0.0,0.0,0.0,,
mixed,0,0.0,0.34122938485156656,0.419484419466533,0.9402777777777778,0.03636363636363636,0.3333333333333333,0.06557377049180327,106,8,0.08103975535168195,0.6666666666666666,0.08103975535168195,0.6666666666666666,0.6666666666666666
mixed,0,0.25,0.20575708828898817,0.48935777311023443,0.8826388888888889,0.022598870056497175,0.3333333333333333,0.042328042328042326,173,8,0.13226299694189603,0.6666666666666666,0.13226299694189603,0.9166666666666666,0.25
mixed,0,0.5,0.2916441253529108,0.5492444825524379,0.9194444444444444,0.042682926829268296,0.5833333333333334,0.07954545454545454,157,5,0.12003058103975535,0.4166666666666667,0.12003058103975535,0.5833333333333334,0.4166666666666667
mixed,0,1.0,0.3694275952241728,0.601698577285939,0.9402777777777778,0.04225352112676056,0.25,0.07228915662650602,68,9,0.05198776758409786,0.75,0.05198776758409786,0.75,0.5833333333333334
mixed,0,2.0,0.5221215677591672,0.6829657559218445,0.9423611111111111,0.14285714285714285,0.3333333333333333,0.2,24,8,0.01834862385321101,0.6666666666666666,0.01834862385321101,0.8333333333333334,0.5
mixed,0,4.0,0.8865434307359109,0.8742358372536269,0.9597222222222223,0.1875,0.25,0.21428571428571427,13,9,0.009938837920489297,0.75,0.009938837920489297,1.0,0.6666666666666666
mixed,1,0.0,0.3453675285833218,0.40697474885752144,0.9423611111111111,0.04597701149425287,0.3333333333333333,0.0808080808080808,83,8,0.06345565749235474,0.6666666666666666,0.06345565749235474,0.6666666666666666,0.6666666666666666
mixed,1,0.25,0.21117146186609997,0.5163236285705378,0.9333333333333333,0.06593406593406594,0.5,0.11650485436893204,85,6,0.06498470948012232,0.5,0.06498470948012232,0.5,0.5
mixed,1,0.5,0.2951998691117869,0.5621606448598518,0.9354166666666667,0.04054054054054054,0.25,0.06976744186046512,71,9,0.054281345565749234,0.75,0.054281345565749234,0.75,0.75
mixed,1,1.0,0.3683507204705954,0.6088763253837699,0.9444444444444444,0.04918032786885246,0.25,0.0821917808219178,58,9,0.04434250764525994,0.75,0.04434250764525994,0.75,0.75
mixed,1,2.0,0.5052305395501271,0.698740850685348,0.9541666666666667,0.2727272727272727,0.5,0.3529411764705882,16,6,0.012232415902140673,0.5,0.012232415902140673,0.6666666666666666,0.3333333333333333
mixed,1,4.0,0.7951812158498734,0.8098958634511285,0.9180555555555555,0.18181818181818182,0.16666666666666666,0.17391304347826086,9,10,0.006880733944954129,0.8333333333333334,0.006880733944954129,1.4545454545454546,0.7272727272727273
mixed,2,0.0,0.36232076437965294,0.44208700979585563,0.9583333333333334,0.13414634146341464,0.9166666666666666,0.23404255319148937,71,1,0.054281345565749234,0.08333333333333333,0.054281345565749234,0.08333333333333333,0.08333333333333333
mixed,2,0.25,0.2194835524468692,0.5087252983575589,0.9138888888888889,0.06666666666666667,0.9166666666666666,0.12429378531073447,154,1,0.11773700305810397,0.08333333333333333,0.11773700305810397,0.08333333333333333,0.08333333333333333
mixed,2,0.5,0.28201339470720166,0.5525112284613816,0.9368055555555556,0.09482758620689655,0.9166666666666666,0.17187500000000003,105,1,0.08027522935779817,0.08333333333333333,0.08027522935779817,0.08333333333333333,0.08333333333333333
mixed,2,1.0,0.4127894254263724,0.6298943409033423,0.9479166666666666,0.23529411764705882,1.0,0.38095238095238093,39,0,0.02981651376146789,0.0,0.02981651376146789,0.0,0.0
mixed,2,2.0,0.6805279241484131,0.7576420358372521,0.9631944444444445,0.3157894736842105,0.5,0.3870967741935484,13,6,0.009938837920489297,0.5,0.009938837920489297,0.75,0.4166666666666667
mixed,2,4.0,0.8755975690406039,0.8729031287013476,0.9798611111111111,0.25,0.3333333333333333,0.28571428571428575,12,8,0.009174311926605505,0.6666666666666666,0.009174311926605505,1.25,1.25
mixed,3,0.0,0.19631306963178521,0.2654962169853446,0.9159722222222222,0.06976744186046512,0.75,0.1276595744680851,120,3,0.09174311926605505,0.25,0.09174311926605505,0.3333333333333333,0.3333333333333333
mixed,3,0.25,0.15917698218235968,0.404891048074204,0.7909722222222222,0.029556650246305417,1.0,0.05741626794258373,394,0,0.3012232415902141,0.0,0.3012232415902141,0.0,0.0
mixed,3,0.5,0.24414469391242596,0.4821713597258378,0.8993055555555556,0.056962025316455694,0.75,0.10588235294117647,149,3,0.11391437308868502,0.25,0.11391437308868502,0.3333333333333333,0.3333333333333333
mixed,3,1.0,0.4217338592144934,0.5913462475755609,0.9229166666666667,0.10752688172043011,0.8333333333333334,0.19047619047619047,83,2,0.06345565749235474,0.16666666666666666,0.06345565749235474,0.25,0.25
mixed,3,2.0,0.5900578263840539,0.670526432899126,0.91875,0.13157894736842105,0.4166666666666667,0.19999999999999998,33,7,0.02522935779816514,0.5833333333333334,0.02522935779816514,0.6666666666666666,0.16666666666666666
mixed,3,4.0,0.7890138099792334,0.7811083330405227,0.9145833333333333,0.3125,0.4166666666666667,0.35714285714285715,11,7,0.008409785932721712,0.5833333333333334,0.008409785932721712,0.5833333333333334,-0.08333333333333333
mixed,4,0.0,0.38769437656260697,0.4421509754072781,0.9479166666666666,0.10666666666666667,0.6666666666666666,0.1839080459770115,67,4,0.05122324159021407,0.3333333333333333,0.05122324159021407,0.3333333333333333,0.3333333333333333
mixed,4,0.25,0.20298608096712742,0.5206375530587468,0.9444444444444444,0.11267605633802817,0.6666666666666666,0.1927710843373494,63,4,0.0481651376146789,0.3333333333333333,0.0481651376146789,0.3333333333333333,0.3333333333333333
mixed,4,0.5,0.2892139167286339,0.5626024686936889,0.9409722222222222,0.04285714285714286,0.25,0.07317073170731707,67,9,0.05122324159021407,0.75,0.05122324159021407,0.75,0.08333333333333333
mixed,4,1.0,0.36221276502300664,0.6015161180482539,0.9472222222222222,0.11428571428571428,0.6666666666666666,0.19512195121951217,62,4,0.047400611620795105,0.3333333333333333,0.047400611620795105,0.3333333333333333,0.3333333333333333
mixed,4,2.0,0.5162639300360848,0.7076337704215866,0.9652777777777778,0.15789473684210525,0.25,0.1935483870967742,16,9,0.012232415902140673,0.75,0.012232415902140673,0.9166666666666666,0.25
mixed,4,4.0,0.7235825806608845,0.7740026298097342,0.9479166666666666,0.5,0.5,0.5,6,6,0.0045871559633027525,0.5,0.0045871559633027525,0.8333333333333334,0.0
mixed,5,0.0,0.2625625521956619,0.3353418871279474,0.9305555555555556,0.044642857142857144,0.4166666666666667,0.08064516129032258,107,7,0.08180428134556575,0.5833333333333334,0.08180428134556575,0.5833333333333334,0.25
mixed,5,0.25,0.18027007807585563,0.4634811167826469,0.8604166666666667,0.023923444976076555,0.4166666666666667,0.04524886877828054,204,7,0.1559633027522936,0.5833333333333334,0.1559633027522936,0.5833333333333334,0.25
mixed,5,0.5,0.24903472023840278,0.5214517762043646,0.9145833333333333,0.03571428571428571,0.4166666666666667,0.06578947368421052,135,7,0.10321100917431193,0.5833333333333334,0.10321100917431193,0.5833333333333334,0.25
mixed,5,1.0,0.351034786250223,0.5854051923924344,0.93125,0.05154639175257732,0.4166666666666667,0.09174311926605505,92,7,0.07033639143730887,0.5833333333333334,0.07033639143730887,0.5833333333333334,0.25
mixed,5,2.0,0.7072209831308959,0.7596325585539888,0.9506944444444444,0.2,0.3333333333333333,0.25,16,8,0.012232415902140673,0.6666666666666666,0.012232415902140673,0.8333333333333334,0.3333333333333333
mixed,5,4.0,0.8372659093120176,0.8332128894393733,0.9465277777777777,0.0967741935483871,0.25,0.13953488372093023,28,9,0.021406727828746176,0.75,0.021406727828746176,1.0,1.0
mixed,6,0.0,0.18504046186089468,0.2891640831568942,0.9270833333333334,0.058333333333333334,0.5833333333333334,0.10606060606060606,113,5,0.0863914373088685,0.4166666666666667,0.0863914373088685,0.4166666666666667,0.25
mixed,6,0.25,0.21512104309103197,0.5007226091791831,0.9090277777777778,0.0782608695652174,0.75,0.14173228346456695,106,3,0.08103975535168195,0.25,0.08103975535168195,0.3333333333333333,0.16666666666666666
mixed,6,0.5,0.2945858647022795,0.5522120869336272,0.9236111111111112,0.1267605633802817,0.75,0.21686746987951805,62,3,0.047400611620795105,0.25,0.047400611620795105,0.3333333333333333,0.16666666666666666
mixed,6,1.0,0.39183939172080756,0.6118538567770347,0.9305555555555556,0.16,0.6666666666666666,0.25806451612903225,42,4,0.03211009174311927,0.3333333333333333,0.03211009174311927,0.4166666666666667,0.08333333333333333
mixed,6,2.0,0.47122778495639356,0.65596664689468,0.9208333333333333,0.27586206896551724,0.6666666666666666,0.3902439024390244,21,4,0.016055045871559634,0.3333333333333333,0.016055045871559634,0.3333333333333333,0.0
mixed,6,4.0,0.8111030278024078,0.8230403148733296,0.9423611111111111,0.3125,0.4166666666666667,0.35714285714285715,11,7,0.008409785932721712,0.5833333333333334,0.008409785932721712,0.75,0.08333333333333333
mixed,7,0.0,0.19876395899456673,0.26096373368033704,0.9236111111111112,0.11650485436893204,1.0,0.20869565217391306,91,0,0.06957186544342507,0.0,0.06957186544342507,0.0,0.0
mixed,7,0.25,0.20383918343643098,0.4780076718489044,0.8743055555555556,0.06629834254143646,1.0,0.1243523316062176,169,0,0.12920489296636087,0.0,0.12920489296636087,0.0,0.0
mixed,7,0.5,0.28754245727507416,0.5296502906256441,0.8972222222222223,0.07947019867549669,1.0,0.147239263803681,139,0,0.10626911314984709,0.0,0.10626911314984709,0.0,0.0
mixed,7,1.0,0.34761958468816045,0.5743201071503935,0.9201388888888888,0.06944444444444445,0.4166666666666667,0.11904761904761905,67,7,0.05122324159021407,0.5833333333333334,0.05122324159021407,0.8333333333333334,0.16666666666666666
mixed,7,2.0,0.7216531848216241,0.7627192877976837,0.9201388888888888,0.16279069767441862,0.5833333333333334,0.2545454545454546,36,5,0.027522935779816515,0.4166666666666667,0.027522935779816515,0.4166666666666667,0.08333333333333333
mixed,7,4.0,0.8165829953592049,0.816436882150082,0.9291666666666667,0.2777777777777778,0.4166666666666667,0.33333333333333337,13,7,0.009938837920489297,0.5833333333333334,0.009938837920489297,0.75,-0.25
mixed,8,0.0,0.24906702702167763,0.3177798991763348,0.9201388888888888,0.041666666666666664,0.5,0.07692307692307693,138,6,0.10550458715596331,0.5,0.10550458715596331,0.5833333333333334,-0.08333333333333333
mixed,8,0.25,0.175759907097906,0.42463138016958646,0.8173611111111111,0.019390581717451522,0.5833333333333334,0.03753351206434316,354,5,0.2706422018348624,0.4166666666666667,0.2706422018348624,0.5833333333333334,0.08333333333333333
mixed,8,0.5,0.22312221007995212,0.4689465701874586,0.8638888888888889,0.02608695652173913,0.5,0.049586776859504134,224,6,0.1712538226299694,0.5,0.1712538226299694,0.5833333333333334,0.08333333333333333
mixed,8,1.0,0.34389584039225574,0.5493734299149179,0.9166666666666666,0.031496062992125984,0.3333333333333333,0.05755395683453238,123,8,0.09403669724770643,0.6666666666666666,0.09403669724770643,0.8333333333333334,0.6666666666666666
mixed,8,2.0,0.7859482577325217,0.8131799778625665,0.9486111111111111,0.2222222222222222,0.6666666666666666,0.3333333333333333,28,4,0.021406727828746176,0.3333333333333333,0.021406727828746176,0.3333333333333333,0.16666666666666666
mixed,8,4.0,0.8409713790060601,0.82456303386592,0.9347222222222222,0.21739130434782608,0.4166666666666667,0.2857142857142857,18,7,0.013761467889908258,0.5833333333333334,0.013761467889908258,0.9166666666666666,0.25
mixed,9,0.0,0.27582896942377566,0.37624754984554415,0.9104166666666667,0.028368794326241134,0.3333333333333333,0.05228758169934641,137,8,0.10474006116207951,0.6666666666666666,0.10474006116207951,0.9166666666666666,0.4166666666666667
mixed,9,0.25,0.1528443455570007,0.40237800313540323,0.6986111111111111,0.026058631921824105,0.6666666666666666,0.05015673981191223,299,4,0.22859327217125383,0.3333333333333333,0.22859327217125383,0.3333333333333333,0.3333333333333333
mixed,9,0.5,0.2016937309980948,0.4553408697606801,0.7493055555555556,0.06666666666666667,0.25,0.10526315789473685,42,9,0.03211009174311927,0.75,0.03211009174311927,1.0,0.6
mixed,9,1.0,0.2757857851924449,0.5047364857237092,0.7527777777777778,0.07692307692307693,0.25,0.11764705882352941,36,9,0.027522935779816515,0.75,0.027522935779816515,1.0,0.6
mixed,9,2.0,0.5951693578908848,0.7089184534238933,0.9416666666666667,0.06666666666666667,0.16666666666666666,0.09523809523809522,28,10,0.021406727828746176,0.8333333333333334,0.021406727828746176,1.0833333333333333,0.5833333333333334
mixed,9,4.0,0.5552064277830956,0.6056208441489234,0.7388888888888889,0.01,0.08333333333333333,0.017857142857142856,99,11,0.07568807339449542,0.9166666666666666,0.07568807339449542,1.2727272727272727,-0.5454545454545454
mixed,10,0.0,0.45535745167055186,0.5195545048610865,0.9527777777777777,0.08,0.3333333333333333,0.12903225806451613,46,8,0.035168195718654434,0.6666666666666666,0.035168195718654434,1.0,1.0
mixed,10,0.25,0.19248995432122834,0.5153414558190574,0.9319444444444445,0.07142857142857142,0.5833333333333334,0.12727272727272726,91,5,0.06957186544342507,0.4166666666666667,0.06957186544342507,0.8333333333333334,0.8333333333333334
mixed,10,0.5,0.31749010327732663,0.5841136175311246,0.9402777777777778,0.01098901098901099,0.08333333333333333,0.01941747572815534,90,11,0.06880733944954129,0.9166666666666666,0.06880733944954129,1.3333333333333333,1.3333333333333333
mixed,10,1.0,0.4153674357845767,0.6409152320966264,0.9569444444444445,0.09302325581395349,0.3333333333333333,0.14545454545454545,39,8,0.02981651376146789,0.6666666666666666,0.02981651376146789,1.0,1.0
mixed,10,2.0,0.6230765679918976,0.7321293849043,0.9548611111111112,0.13636363636363635,0.25,0.1764705882352941,19,9,0.01452599388379205,0.75,0.01452599388379205,0.9166666666666666,0.9166666666666666
mixed,10,4.0,0.7904734490654259,0.7857530247842786,0.9201388888888888,0.21428571428571427,0.5,0.3,22,6,0.016819571865443424,0.5,0.016819571865443424,0.5,0.16666666666666666
mixed,11,0.0,0.18899403785665717,0.2735772943149396,0.9326388888888889,0.038461538461538464,0.3333333333333333,0.06896551724137931,100,8,0.0764525993883792,0.6666666666666666,0.0764525993883792,0.6666666666666666,0.3333333333333333
mixed,11,0.25,0.17423109594715078,0.4419524068253397,0.8263888888888888,0.012605042016806723,0.25,0.024,235,9,0.17966360856269112,0.75,0.17966360856269112,0.75,-0.08333333333333333
mixed,11,0.5,0.2816596203549972,0.541319401612926,0.9319444444444445,0.04081632653061224,0.3333333333333333,0.07272727272727272,94,8,0.07186544342507645,0.6666666666666666,0.07186544342507645,0.6666666666666666,0.5
mixed,11,1.0,0.356913257905425,0.5804481011716421,0.9375,0.04878048780487805,0.3333333333333333,0.0851063829787234,78,8,0.05963302752293578,0.6666666666666666,0.05963302752293578,0.6666666666666666,0.5
mixed,11,2.0,0.6239722458730986,0.7057237450733658,0.9208333333333333,0.1724137931034483,0.4166666666666667,0.2439024390243903,24,7,0.01834862385321101,0.5833333333333334,0.01834862385321101,0.75,0.75
mixed,11,4.0,0.8594695064113149,0.8534599128329268,0.94375,0.07692307692307693,0.08333333333333333,0.08,12,11,0.009174311926605505,0.9166666666666666,0.009174311926605505,1.1666666666666667,0.6666666666666666
mixed,12,0.0,0.2580299648588367,0.37656676564587904,0.9430555555555555,0.07228915662650602,0.5,0.12631578947368421,77,6,0.058868501529051986,0.5,0.058868501529051986,0.5833333333333334,0.5833333333333334
mixed,12,0.25,0.24664440798719423,0.5300805338852483,0.9298611111111111,0.0761904761904762,0.6666666666666666,0.13675213675213674,97,4,0.07415902140672782,0.3333333333333333,0.07415902140672782,0.3333333333333333,0.3333333333333333
mixed,12,0.5,0.27814467875646604,0.5543192523807869,0.9340277777777778,0.06422018348623854,0.5833333333333334,0.11570247933884299,102,5,0.0779816513761468,0.4166666666666667,0.0779816513761468,0.4166666666666667,0.25
mixed,12,1.0,0.35465315741884423,0.6030075465218099,0.9361111111111111,0.06557377049180328,0.3333333333333333,0.1095890410958904,57,8,0.04357798165137615,0.6666666666666666,0.04357798165137615,1.0,0.8333333333333334
mixed,12,2.0,0.6693484958787705,0.7539761956030534,0.9333333333333333,0.08823529411764706,0.5,0.15,62,6,0.047400611620795105,0.5,0.047400611620795105,0.5,0.0
mixed,12,4.0,0.7557755334278096,0.7744127315262259,0.9375,0.1,0.25,0.14285714285714288,27,9,0.020642201834862386,0.75,0.020642201834862386,1.0833333333333333,0.9166666666666666
mixed,13,0.0,0.15999518178371197,0.28833953740455226,0.9402777777777778,0.04950495049504951,0.4166666666666667,0.08849557522123895,96,7,0.07339449541284404,0.5833333333333334,0.07339449541284404,0.5833333333333334,0.5833333333333334
mixed,13,0.25,0.20472335047686235,0.5109824540920871,0.8972222222222223,0.037209302325581395,0.6666666666666666,0.07048458149779736,207,4,0.15825688073394495,0.3333333333333333,0.15825688073394495,0.3333333333333333,0.3333333333333333
mixed,13,0.5,0.26852638080244323,0.5428596510609943,0.8708333333333333,0.03436426116838488,0.8333333333333334,0.06600660066006601,281,2,0.21483180428134557,0.16666666666666666,0.21483180428134557,0.16666666666666666,0.16666666666666666
mixed,13,1.0,0.36160625685118747,0.6181617050674436,0.9402777777777778,0.04054054054054054,0.25,0.06976744186046512,71,9,0.054281345565749234,0.75,0.054281345565749234,0.75,0.75
mixed,13,2.0,0.6849591123948394,0.7499208792643177,0.9458333333333333,0.225,0.75,0.3461538461538462,31,3,0.023700305810397553,0.25,0.023700305810397553,0.3333333333333333,0.3333333333333333
mixed,13,4.0,0.8726158438933921,0.8615632261138546,0.9520833333333333,0.18518518518518517,0.4166666666666667,0.2564102564102564,22,7,0.016819571865443424,0.5833333333333334,0.016819571865443424,0.9166666666666666,0.9166666666666666
mixed,14,0.0,0.40527777308328927,0.437440624897514,0.9277777777777778,0.07936507936507936,0.8333333333333334,0.14492753623188404,116,2,0.08868501529051988,0.16666666666666666,0.08868501529051988,0.25,0.25
mixed,14,0.25,0.20857885516545474,0.49524235684174367,0.9222222222222223,0.05511811023622047,0.5833333333333334,0.10071942446043165,120,5,0.09174311926605505,0.4166666666666667,0.09174311926605505,0.4166666666666667,-0.08333333333333333
mixed,14,0.5,0.2747311735537317,0.5256133830341406,0.91875,0.07291666666666667,0.5833333333333334,0.12962962962962965,89,5,0.06804281345565749,0.4166666666666667,0.06804281345565749,0.4166666666666667,-0.08333333333333333
mixed,14,1.0,0.3519468129436282,0.5761035701866386,0.925,0.07368421052631578,0.5833333333333334,0.1308411214953271,88,5,0.0672782874617737,0.4166666666666667,0.0672782874617737,0.5,0.0
mixed,14,2.0,0.6084128331434719,0.7240750387985432,0.9326388888888889,0.15,0.5,0.23076923076923075,34,6,0.02599388379204893,0.5,0.02599388379204893,0.5833333333333334,0.5833333333333334
mixed,14,4.0,0.7082343092873756,0.7638127864245284,0.9069444444444444,0.05357142857142857,0.25,0.08823529411764706,53,9,0.040519877675840976,0.75,0.040519877675840976,1.0,-0.5
mixed,15,0.0,0.38716139137890965,0.465479753568206,0.9458333333333333,0.06818181818181818,0.5,0.12000000000000001,82,6,0.06269113149847094,0.5,0.06269113149847094,0.5,0.5
mixed,15,0.25,0.19699891943733328,0.49746123224124894,0.9243055555555556,0.10344827586206896,0.75,0.18181818181818182,78,3,0.05963302752293578,0.25,0.05963302752293578,0.25,0.25
mixed,15,0.5,0.298913791843031,0.562902059008934,0.925,0.08333333333333333,0.5,0.14285714285714285,66,6,0.05045871559633028,0.5,0.05045871559633028,0.5,0.0
mixed,15,1.0,0.38698861606373797,0.6150128923885397,0.9423611111111111,0.10526315789473684,0.5,0.17391304347826086,51,6,0.0389908256880734,0.5,0.0389908256880734,0.5833333333333334,0.5833333333333334
mixed,15,2.0,0.7676441532844723,0.8020218771761936,0.9618055555555556,0.19230769230769232,0.4166666666666667,0.2631578947368421,21,7,0.016055045871559634,0.5833333333333334,0.016055045871559634,0.6666666666666666,0.3333333333333333
mixed,15,4.0,0.8425088781532295,0.843794362351664,0.95625,0.08333333333333333,0.08333333333333333,0.08333333333333333,11,11,0.008409785932721712,0.9166666666666666,0.008409785932721712,1.25,0.5833333333333334
mixed,16,0.0,0.32512136551940707,0.39643195750141913,0.9270833333333334,0.04310344827586207,0.4166666666666667,0.07812500000000001,111,7,0.08486238532110092,0.5833333333333334,0.08486238532110092,0.5833333333333334,0.25
mixed,16,0.25,0.17832367207350117,0.4345825210725511,0.7722222222222223,0.03361344537815126,1.0,0.06504065040650406,345,0,0.26376146788990823,0.0,0.26376146788990823,0.0,0.0
mixed,16,0.5,0.21990742930644255,0.472814610078499,0.7958333333333333,0.03488372093023256,1.0,0.06741573033707865,332,0,0.25382262996941896,0.0,0.25382262996941896,0.0,0.0
mixed,16,1.0,0.34201917707744806,0.5622168977506,0.8805555555555555,0.06091370558375635,1.0,0.11483253588516747,185,0,0.14143730886850153,0.0,0.14143730886850153,0.0,0.0
mixed,16,2.0,0.6640991424049846,0.7215677834157405,0.9368055555555556,0.12121212121212122,0.3333333333333333,0.17777777777777776,29,8,0.02217125382262997,0.6666666666666666,0.02217125382262997,0.75,0.5833333333333334
mixed,16,4.0,0.7939021509928282,0.7982199448812376,0.9243055555555556,0.2857142857142857,0.3333333333333333,0.30769230769230765,10,8,0.00764525993883792,0.6666666666666666,0.00764525993883792,0.9166666666666666,0.08333333333333333
mixed,17,0.0,0.4886147957358857,0.519445793349862,0.9486111111111111,0.03225806451612903,0.16666666666666666,0.05405405405405405,60,10,0.045871559633027525,0.8333333333333334,0.045871559633027525,1.1666666666666667,1.1666666666666667
mixed,17,0.25,0.21593550470171796,0.5305657267806521,0.9458333333333333,0.028985507246376812,0.16666666666666666,0.04938271604938272,67,10,0.05122324159021407,0.8333333333333334,0.05122324159021407,0.8333333333333334,0.8333333333333334
mixed,17,0.5,0.28790515071048767,0.5777067564533894,0.9472222222222222,0.03571428571428571,0.16666666666666666,0.058823529411764705,54,10,0.04128440366972477,0.8333333333333334,0.04128440366972477,1.25,1.25
mixed,17,1.0,0.3922903604556027,0.6271213182979378,0.9506944444444444,0.06818181818181818,0.25,0.10714285714285714,41,9,0.03134556574923547,0.75,0.03134556574923547,1.0833333333333333,1.0833333333333333
mixed,17,2.0,0.6894835222294068,0.7530897989032972,0.9465277777777777,0.1875,0.25,0.21428571428571427,13,9,0.009938837920489297,0.75,0.009938837920489297,1.5,1.1666666666666667
mixed,17,4.0,0.8541238376312518,0.8539393286332787,0.9472222222222222,0.25,0.4166666666666667,0.3125,15,7,0.011467889908256881,0.5833333333333334,0.011467889908256881,0.5833333333333334,-0.25
mixed,18,0.0,0.23569883687903176,0.3485994755140824,0.9298611111111111,0.08653846153846154,0.75,0.15517241379310343,95,3,0.07262996941896024,0.25,0.07262996941896024,0.25,0.08333333333333333
mixed,18,0.25,0.23472984161848937,0.5180026572587804,0.9270833333333334,0.10588235294117647,0.75,0.18556701030927836,76,3,0.0581039755351682,0.25,0.0581039755351682,0.25,0.08333333333333333
mixed,18,0.5,0.2681760915769071,0.5352054786878798,0.925,0.15254237288135594,0.75,0.2535211267605634,50,3,0.0382262996941896,0.25,0.0382262996941896,0.3333333333333333,0.16666666666666666
mixed,18,1.0,0.35809992086442083,0.5970112644274115,0.9256944444444445,0.14285714285714285,0.75,0.24,54,3,0.04128440366972477,0.25,0.04128440366972477,0.3333333333333333,0.16666666666666666
mixed,18,2.0,0.661977811789892,0.7510884031945231,0.9326388888888889,0.17647058823529413,0.75,0.2857142857142857,42,3,0.03211009174311927,0.25,0.03211009174311927,0.25,0.08333333333333333
mixed,18,4.0,0.8305348377041158,0.8282333291498108,0.93125,0.13636363636363635,0.75,0.23076923076923075,57,3,0.04357798165137615,0.25,0.04357798165137615,0.3333333333333333,0.3333333333333333
mixed,19,0.0,0.20827122293871514,0.28715081308600926,0.9381944444444444,0.07079646017699115,0.6666666666666666,0.128,105,4,0.08027522935779817,0.3333333333333333,0.08027522935779817,0.3333333333333333,0.3333333333333333
mixed,19,0.25,0.2206535094414782,0.5189738878739333,0.9291666666666667,0.08888888888888889,0.6666666666666666,0.1568627450980392,82,4,0.06269113149847094,0.3333333333333333,0.06269113149847094,0.6666666666666666,0.6666666666666666
mixed,19,0.5,0.27986104946596296,0.5436248931141285,0.9326388888888889,0.08333333333333333,0.6666666666666666,0.14814814814814814,88,4,0.0672782874617737,0.3333333333333333,0.0672782874617737,0.6666666666666666,0.6666666666666666
mixed,19,1.0,0.3613368363114301,0.5957469753730945,0.9375,0.04411764705882353,0.25,0.075,65,9,0.04969418960244648,0.75,0.04969418960244648,1.3333333333333333,1.3333333333333333
mixed,19,2.0,0.7139113600537024,0.7815854441108171,0.9548611111111112,0.11764705882352941,0.3333333333333333,0.1739130434782609,30,8,0.022935779816513763,0.6666666666666666,0.022935779816513763,0.8333333333333334,0.16666666666666666
mixed,19,4.0,0.8151408445450643,0.8157515553792416,0.9319444444444445,0.1111111111111111,0.08333333333333333,0.09523809523809525,8,11,0.0061162079510703364,0.9166666666666666,0.0061162079510703364,1.125,0.375
