,2023-01-01,2023-02-01,2023-03-01,2023-04-01,2023-05-01,2023-06-01,2023-07-01,2023-08-01,2023-09-01,2023-10-01,2023-11-01,2023-12-01,2024-01-01,2024-02-01,2024-03-01,2024-04-01,2024-05-01,2024-06-01,2024-07-01,2024-08-01,2024-09-01,2024-10-01,2024-11-01,2024-12-01
Абазинский муниципальный район,0,0,0,0,0,0,0,0,5,5,5,5,5,5,5,5,5,5,5,5,5,5,5,5
Абанский муниципальный район,2,2,2,2,2,4,4,2,2,2,2,2,9,9,9,9,9,8,8,8,8,8,8,8
Абатский муниципальный район,2,2,2,2,2,9,9,9,9,9,9,9,9,9,9,9,9,8,8,8,8,8,8,8
Абзелиловский муниципальный район,4,4,4,4,4,4,4,4,4,4,4,4,4,4,8,8,8,8,8,8,8,5,5,5
Агинский муниципальный район,1,1,1,0,0,0,0,5,5,5,5,5,5,5,5,5,1,1,1,1,1,1,1,1
Агрызский муниципальный район,4,4,4,4,4,4,4,4,4,4,4,4,4,4,4,4,4,4,8,8,8,8,8,8
Адамовский муниципальный район,2,2,2,2,2,2,2,2,2,2,2,2,2,2,8,8,8,8,8,8,8,8,8,8
Азнакаевский муниципальный район,0,0,0,0,0,4,4,4,4,4,4,4,4,4,4,4,8,8,8,8,8,8,8,8
Азовский немецкий национальный муниципальный район,0,0,4,4,4,4,4,4,4,4,4,4,4,4,4,8,8,8,8,8,8,8,8,8
Акбулакский муниципальный район,0,0,0,4,4,4,4,4,4,4,4,4,4,4,4,4,4,4,8,8,8,8,8,8
Аксубаевский муниципальный район,2,2,4,4,4,4,4,4,4,4,4,4,4,4,8,8,8,8,8,8,8,8,8,8
Актанышский муниципальный район,4,4,4,4,4,4,4,4,4,4,4,4,4,4,4,4,8,8,8,8,8,8,8,8
Алагирский муниципальный район,0,0,0,0,0,0,0,0,0,5,5,5,5,5,5,5,5,5,5,5,5,5,5,5
Аларский муниципальный район,0,0,0,0,0,9,9,9,9,9,9,9,9,9,9,9,9,9,8,8,8,8,8,8
Алданский муниципальный район,1,1,1,1,1,1,1,1,1,1,1,1,1,1,1,1,1,1,1,1,1,1,1,1
Александро-Невский муниципальный район,2,2,2,2,2,2,2,2,2,2,2,2,2,2,8,8,8,8,8,8,8,8,8,8
Александрово-Гайский муниципальный район,2,2,2,2,2,2,2,2,2,2,2,2,2,2,8,8,8,8,8,8,8,8,8,8
Александровский муниципальный округ,2,2,2,2,2,2,2,2,2,2,2,9,9,9,9,9,8,8,8,8,8,8,8,8
Аликовский муниципальный округ,4,4,4,4,4,4,4,4,4,4,4,4,4,4,4,4,4,8,8,8,8,8,8,8
Алькеевский муниципальный район,4,4,4,4,4,4,4,4,4,4,4,4,4,4,8,8,8,8,8,8,8,8,8,8
Альменевский муниципальный округ,2,2,2,2,2,2,2,2,2,2,2,2,2,2,2,8,8,8,8,8,8,8,8,8
Альметьевский муниципальный район,6,6,6,6,6,6,6,6,6,6,6,6,6,6,6,6,6,6,6,6,6,6,6,6
Альшеевский муниципальный район,4,4,4,4,4,4,4,4,4,4,4,4,4,4,8,8,8,8,8,8,8,8,8,8
Амгинский муниципальный район,1,1,1,1,1,1,1,1,1,1,1,1,1,1,1,1,1,1,1,1,1,1,1,1
Амурский муниципальный район,1,1,1,1,1,1,1,1,1,6,6,6,6,6,6,6,6,6,6,1,1,1,1,1
Анадырский муниципальный район,1,1,1,1,1,1,1,1,1,1,1,1,1,1,1,1,1,1,1,1,1,1,1,1
Андроповский муниципальный округ,2,2,2,2,2,2,2,2,2,2,9,9,9,9,9,9,9,9,8,8,8,8,8,8
Антроповский муниципальный район,2,2,2,2,2,2,2,2,2,2,2,2,2,2,8,8,8,8,8,8,8,8,8,8
Анучинский муниципальный округ,1,1,1,1,1,1,1,1,1,1,1,1,9,9,9,9,9,8,8,8,8,8,8,8
Апанасенковский муниципальный округ,2,2,2,2,2,2,2,2,2,2,2,2,2,8,8,8,8,8,8,8,8,8,8,8
Апастовский муниципальный район,4,4,4,4,4,4,4,4,4,4,4,4,4,4,4,4,4,4,8,8,8,8,8,8
Аргаяшский муниципальный район,4,4,4,4,4,4,4,4,4,4,4,4,4,9,9,8,8,8,8,8,8,8,8,8
Ардатовский муниципальный округ,2,2,2,2,2,2,2,2,2,2,2,2,2,2,9,9,8,8,8,8,8,8,8,8
Ардатовский муниципальный район,2,2,2,2,2,2,2,2,2,2,2,2,8,8,8,8,8,8,8,8,8,8,8,8
Ардонский муниципальный район,0,0,0,0,0,0,0,0,5,5,5,5,5,5,5,5,5,5,5,5,5,5,5,5
Арзгирский муниципальный округ,2,2,2,2,2,2,2,2,2,2,2,2,2,2,2,8,8,8,8,8,8,8,8,8
Аркадакский муниципальный район,2,2,2,2,2,2,2,2,2,2,2,2,2,2,2,8,8,8,8,8,8,8,8,8
Армизонский муниципальный район,2,2,2,2,2,2,2,2,2,2,9,9,9,9,9,9,9,8,8,8,8,8,8,8
Аромашевский муниципальный район,2,2,2,2,2,2,2,2,2,2,2,2,2,2,9,9,9,9,8,8,8,8,8,8
Арсеньевский муниципальный район,2,2,2,2,2,9,9,9,9,9,9,9,9,9,9,9,9,9,8,8,8,8,8,8
Арский муниципальный район,4,4,4,4,4,4,4,4,4,4,4,4,4,4,4,8,8,8,8,8,8,8,8,8
Архангельский муниципальный район,4,4,4,4,4,4,4,4,4,4,4,4,9,9,9,8,8,8,8,8,8,8,8,8
Архаринский муниципальный округ,1,1,1,1,1,1,1,1,1,1,1,1,1,9,9,9,9,1,1,1,1,1,8,8
Асекеевский муниципальный район,2,2,2,2,2,2,2,2,2,2,2,2,2,8,8,8,8,8,8,8,8,8,8,8
Асиновский муниципальный район,0,0,0,0,0,1,1,1,9,9,9,9,9,9,9,9,9,8,8,8,8,8,8,8
Аскинский муниципальный район,4,4,4,4,4,4,4,4,4,4,4,4,4,4,4,8,8,8,8,8,8,8,8,8
Аткарский муниципальный район,2,2,2,0,0,0,0,0,2,2,2,2,2,9,9,9,8,8,8,8,8,8,8,8
Атнинский муниципальный район,4,4,4,4,4,4,4,4,4,4,4,4,4,4,4,4,4,4,8,8,8,8,8,8
Атюрьевский муниципальный район,2,2,2,2,2,2,2,2,2,2,2,2,8,8,8,8,8,8,8,8,8,8,8,8
Атяшевский муниципальный район,2,2,2,2,2,2,2,2,2,2,2,2,2,2,8,8,8,8,8,8,8,8,8,8
Аургазинский муниципальный район,4,4,4,4,4,4,4,4,4,4,4,4,4,4,4,4,4,8,8,8,8,8,8,8
Ахтубинский муниципальный район,0,0,0,9,9,9,9,9,9,9,9,9,9,9,9,9,9,8,8,8,8,8,8,8
Ашинский муниципальный район,0,0,0,0,0,0,9,9,9,9,9,9,9,9,9,9,9,8,8,8,8,8,8,8
Бабаевский муниципальный округ,0,0,0,0,0,9,9,9,9,9,9,9,9,9,9,9,9,9,8,8,8,8,8,8
Бабушкинский муниципальный округ,2,2,2,2,2,4,4,4,4,4,4,9,9,9,9,9,8,8,8,8,8,8,8,8
Бабынинский муниципальный район,0,0,0,0,9,9,9,9,9,9,9,9,9,9,9,9,9,9,8,8,8,8,8,8
Бавлинский муниципальный район,0,0,4,4,4,4,4,4,4,4,4,4,9,9,9,9,8,8,8,8,8,8,8,8
Баганский муниципальный район,2,2,2,2,2,2,2,4,4,2,2,2,2,2,2,8,8,8,8,8,8,8,8,8
Баевский муниципальный район,2,2,2,2,2,2,2,2,2,2,2,2,2,2,8,8,8,8,8,8,8,8,8,8
Базарно-Карабулакский муниципальный район,2,2,2,2,2,2,2,2,2,2,2,2,2,2,2,8,8,8,8,8,8,8,8,8
Базарносызганский муниципальный район,2,2,2,2,2,2,2,2,2,2,2,2,2,2,8,8,8,8,8,8,8,8,8,8
Бай-Тайгинский муниципальный район,0,0,0,0,5,5,5,5,5,5,5,5,5,5,5,5,5,8,8,8,5,5,5,5
Байкаловский муниципальный район,0,0,0,9,9,9,9,9,9,9,9,9,9,9,9,9,9,8,8,8,8,8,8,8
Баймакский муниципальный район,4,4,4,4,4,4,4,4,4,4,4,5,5,5,5,5,8,8,8,8,8,8,8,8
Бакалинский муниципальный район,4,4,4,4,4,4,4,4,4,4,4,4,4,4,8,8,8,8,8,8,8,8,8,8
Бакчарский муниципальный район,2,2,2,2,2,9,9,9,9,2,2,2,9,9,9,9,8,8,8,8,8,8,8,8
Балаганский муниципальный район,2,2,2,2,2,2,2,2,2,9,9,9,9,9,9,9,9,8,8,8,8,8,8,8
Балаковский муниципальный район,0,0,0,0,0,6,6,6,6,6,6,6,6,6,6,6,6,6,6,6,6,6,6,6
Балахнинский муниципальный округ,0,0,0,0,6,6,6,6,6,6,6,6,6,6,6,6,6,6,6,6,6,6,6,6
Балахтинский муниципальный район,2,2,2,2,9,9,9,9,4,4,9,9,9,6,6,6,6,6,6,8,8,8,8,8
Балашовский муниципальный район,0,0,0,0,0,0,9,9,9,9,9,9,9,9,9,9,9,8,8,8,8,8,8,8
Балейский муниципальный район,6,6,6,0,0,6,6,6,6,6,6,6,6,6,6,6,6,6,1,1,1,8,8,8
Балтайский муниципальный район,2,2,2,2,2,2,2,2,2,2,2,2,2,2,8,8,8,8,8,8,8,8,8,8
Балтасинский муниципальный район,4,4,4,4,4,4,4,4,4,4,4,4,4,4,8,8,8,8,8,8,8,8,8,8
Балтачевский муниципальный район,4,4,4,4,4,4,4,4,4,4,4,4,4,4,8,8,8,8,8,8,8,8,8,8
Барабинский муниципальный район,0,0,0,0,0,0,9,9,9,9,9,9,9,9,9,9,9,8,8,8,8,8,8,8
Барун-Хемчикский муниципальный район,0,0,0,0,5,5,5,5,5,5,5,5,5,5,5,5,5,5,5,5,5,5,5,5
Барышский муниципальный район,2,2,2,2,2,2,2,2,2,2,2,2,2,2,2,8,8,8,8,8,8,8,8,8
Барятинский муниципальный район,2,2,2,2,2,2,2,2,2,9,9,9,9,9,9,9,8,8,8,8,8,8,8,8
Батыревский муниципальный округ,4,4,4,4,4,4,4,4,4,4,4,4,4,4,4,4,4,8,8,8,8,8,8,8
Башмаковский муниципальный район,2,2,2,2,2,2,2,2,2,2,2,2,2,2,2,8,8,8,8,8,8,8,8,8
Баяндаевский муниципальный район,0,0,0,0,0,0,5,5,5,5,5,5,5,5,5,5,5,5,5,5,5,5,5,5
Бежаницкий муниципальный район,0,0,0,9,9,9,9,9,9,9,9,9,9,9,9,9,9,8,8,8,8,8,8,8
Безенчукский муниципальный район,0,0,0,0,0,9,9,9,9,9,9,9,9,9,9,9,8,8,8,8,8,8,8,8
Бейский муниципальный район,0,0,0,0,0,0,9,9,9,9,9,9,9,9,9,9,9,9,9,9,8,8,8,8
Бековский муниципальный район,2,2,2,2,2,2,2,2,2,2,2,2,9,9,9,9,9,8,8,8,8,8,8,8
Белебеевский муниципальный район,0,0,0,0,0,0,6,6,6,6,6,6,6,6,6,6,6,6,6,6,6,6,6,6
Белевский муниципальный район,2,2,2,2,2,2,2,2,9,9,9,9,9,9,9,9,9,9,8,8,8,8,8,8
Белинский муниципальный район,2,2,2,2,2,2,2,2,2,2,2,2,2,2,8,8,8,8,8,8,8,8,8,8
Беловский муниципальный округ,0,0,0,0,0,9,9,9,9,9,9,9,9,9,9,9,9,9,8,8,8,8,8,8
Белогорский муниципальный округ,1,1,1,1,1,1,1,1,1,1,1,1,1,1,1,1,1,1,1,1,1,1,1,1
Белокатайский муниципальный район,4,4,4,4,4,4,4,4,4,4,4,4,4,4,4,4,8,8,8,8,8,8,8,8
Беломорский муниципальный округ,1,1,1,1,6,6,6,6,6,6,6,6,6,6,6,6,6,6,6,6,8,8,8,8
Белорецкий муниципальный район,0,0,0,0,0,0,0,6,6,6,6,6,6,6,6,6,6,6,6,6,6,6,6,6
Белохолуницкий муниципальный район,2,2,2,2,4,4,2,2,2,2,2,2,2,2,2,8,8,8,8,8,8,8,8,8
Белоярский муниципальный район,1,1,1,1,1,1,1,1,1,1,1,1,1,1,1,1,1,1,1,1,1,1,1,1
Беляевский муниципальный район,2,2,4,4,4,4,4,4,4,4,4,4,4,4,4,8,8,8,8,8,8,8,8,8
Бердюжский муниципальный район,2,2,2,2,2,2,2,2,2,9,9,9,9,9,9,9,9,8,8,8,8,8,8,8
Бессоновский муниципальный район,0,0,0,0,4,4,9,9,9,9,9,9,9,9,9,9,8,8,8,8,8,8,8,8
Бижбулякский муниципальный район,4,4,4,4,4,4,4,4,4,4,4,4,4,4,4,8,8,8,8,8,8,8,8,8
Бийский муниципальный район,4,4,4,4,4,4,4,9,9,9,9,9,9,9,9,9,9,8,8,8,8,8,8,8
Бикинский муниципальный район,1,1,6,6,6,6,6,1,1,1,1,6,6,1,1,1,1,1,1,1,1,1,1,1
Билибинский муниципальный район,1,1,1,1,1,1,1,1,1,1,1,1,1,1,1,1,1,1,1,1,1,1,1,1
Бирилюсский муниципальный район,2,2,2,2,2,2,2,2,2,2,2,2,2,2,8,8,8,8,8,8,8,8,8,8
Биробиджанский муниципальный район,1,1,1,1,1,1,1,1,1,1,1,1,1,6,6,6,6,6,1,1,1,1,1,1
Бирский муниципальный район,0,0,0,0,0,0,0,6,6,6,6,6,6,6,6,6,6,6,6,6,6,6,6,6
Благоварский муниципальный район,4,4,4,4,4,4,4,4,4,4,4,4,4,4,4,8,8,8,8,8,8,8,8,8
Благовещенский муниципальный округ,1,1,1,1,1,1,1,1,1,1,1,1,1,1,1,1,1,1,1,1,1,1,1,1
Благодарненский муниципальный округ,2,2,2,2,2,2,2,2,9,9,9,9,9,9,9,9,9,9,8,8,8,8,8,8
Богатовский муниципальный район,2,2,2,2,2,2,2,2,2,2,2,2,9,9,9,9,9,8,8,8,8,8,8,8
Богородицкий муниципальный район,0,0,0,0,9,9,9,9,9,9,9,9,9,9,9,9,9,8,8,8,8,8,8,8
Богородский муниципальный округ,0,0,0,0,6,6,6,6,6,6,6,6,6,6,6,6,6,6,6,6,6,6,6,6
Боградский муниципальный район,2,2,2,2,2,2,2,2,2,2,2,2,2,8,8,8,8,8,8,8,8,8,8,8
Богучанский муниципальный район,1,1,1,6,6,6,6,6,6,6,6,6,6,6,6,6,6,6,6,6,8,8,8,8
Бокситогорский муниципальный район,1,1,0,0,6,6,6,6,6,6,6,6,6,6,6,6,6,6,6,6,6,8,8,8
Болотнинский муниципальный район,0,0,0,0,0,9,9,9,9,9,9,9,9,9,9,9,9,9,8,8,8,8,8,8
Болховский муниципальный район,0,0,0,0,0,0,2,2,2,2,2,9,9,9,9,8,8,8,8,8,8,8,8,8
Большеберезниковский муниципальный район,2,2,2,2,2,2,2,2,2,2,2,2,2,2,8,8,8,8,8,8,8,8,8,8
Большеболдинский муниципальный округ,2,2,2,2,2,2,2,2,2,2,2,2,2,8,8,8,8,8,8,8,8,8,8,8
Большеглушицкий муниципальный район,2,2,2,2,2,2,2,2,2,2,2,2,9,9,8,8,8,8,8,8,8,8,8,8
Большемурашкинский муниципальный округ,2,2,2,2,2,2,2,2,2,2,2,2,2,2,2,8,8,8,8,8,8,8,8,8
Большемуртинский муниципальный район,2,2,2,2,2,2,2,2,2,2,2,2,2,9,9,9,9,8,8,8,8,8,8,8
Большереченский муниципальный район,4,4,4,4,4,4,4,4,4,4,4,4,4,4,4,4,4,8,8,8,8,8,8,8
Большесельский муниципальный район,2,2,2,2,2,2,2,2,2,2,2,2,2,2,2,8,8,8,8,8,8,8,8,8
Большеуковский муниципальный район,2,2,2,2,2,4,4,4,2,2,2,2,2,8,8,8,8,8,8,8,8,8,8,8
Большеулуйский муниципальный район,2,2,2,2,2,2,2,2,2,2,2,2,2,2,9,9,9,9,8,8,8,8,8,8
Большечерниговский муниципальный район,2,2,2,2,2,2,2,2,2,2,2,2,9,9,9,9,9,9,8,8,8,8,8,8
Бондарский муниципальный округ,2,2,2,2,2,2,2,2,2,2,2,2,2,2,2,8,8,8,8,8,8,8,8,8
Борзинский муниципальный район,0,0,0,0,0,0,1,1,1,1,1,1,6,6,6,6,6,6,1,1,1,1,6,6
Борисоглебский муниципальный район,2,2,2,2,2,9,9,9,9,9,9,9,9,9,9,9,9,8,8,8,8,8,8,8
Боровичский муниципальный район,0,0,0,0,0,6,6,6,6,6,6,6,6,6,6,6,6,6,6,6,6,6,6,6
Боровский муниципальный район,1,1,0,0,0,6,6,6,6,6,6,6,6,6,6,6,6,6,6,6,6,6,6,6
Борский муниципальный район,2,2,2,2,2,2,2,2,2,2,9,9,9,9,9,8,8,8,8,8,8,8,8,8
Боханский муниципальный район,4,4,4,4,4,4,5,5,5,5,5,5,5,5,5,9,9,8,8,8,8,8,8,8
Братский муниципальный район,0,0,0,0,9,9,9,9,9,9,9,9,9,9,9,9,9,9,8,8,8,8,8,8
Брединский муниципальный район,2,2,2,2,2,2,2,2,2,2,2,2,2,2,2,8,8,8,8,8,8,8,8,8
Брейтовский муниципальный район,2,2,2,2,2,2,2,2,2,2,2,2,2,2,8,8,8,8,8,8,8,8,8,8
Бугульминский муниципальный район,0,0,0,0,0,0,6,6,6,6,6,6,6,6,6,6,6,6,6,6,6,6,6,6
Бугурусланский муниципальный район,0,0,0,0,0,4,4,9,9,9,9,9,9,9,9,9,9,8,8,8,8,8,8,8
Будённовский муниципальный округ,0,0,0,0,0,0,0,9,9,9,9,9,9,9,9,9,8,8,8,8,8,8,8,8
Буздякский муниципальный район,4,4,4,4,4,4,4,4,4,4,4,4,4,4,4,8,8,8,8,8,8,8,8,8
Буинский муниципальный район,4,4,4,4,4,4,4,4,4,4,4,4,4,4,8,8,8,8,8,8,8,8,8,8
Буйский муниципальный район,2,2,2,2,9,9,9,9,9,9,9,9,9,9,9,9,9,9,8,8,8,8,8,8
Булунский муниципальный район,1,1,1,1,1,1,1,1,1,1,1,1,1,1,1,1,1,1,1,1,1,1,1,1
Бураевский муниципальный район,4,4,4,4,4,4,4,4,4,4,4,4,4,4,4,8,8,8,8,8,8,8,8,8
Бурейский муниципальный округ,1,1,1,1,1,1,1,1,1,1,1,1,1,1,1,1,1,1,1,1,1,1,8,8
Бурзянский муниципальный район,4,4,4,4,4,4,4,4,4,4,4,4,5,5,5,8,8,8,8,8,8,8,8,8
Бурлинский муниципальный район,2,2,2,2,4,4,4,4,4,4,4,4,4,8,8,8,8,8,8,8,8,8,8,8
Бутурлинский муниципальный округ,2,2,2,2,2,2,2,2,2,2,2,9,9,9,9,9,9,8,8,8,8,8,8,8
Быковский муниципальный район,2,2,2,2,2,2,2,2,2,2,2,2,2,2,8,8,8,8,8,8,8,8,8,8
Быстроистокский муниципальный район,2,2,2,4,4,2,2,2,2,2,2,2,2,2,2,8,8,8,8,8,8,8,8,8
Вагайский муниципальный район,0,0,0,0,0,9,9,9,9,9,9,9,9,9,9,9,9,9,8,8,8,8,8,8
Вадинский муниципальный район,2,2,2,2,2,2,2,2,2,2,2,2,2,8,8,8,8,8,8,8,8,8,8,8
Вадский муниципальный округ,2,2,2,2,9,9,9,9,9,9,9,9,9,9,9,9,9,9,8,8,8,8,8,8
Валдайский муниципальный район,0,0,0,0,6,6,6,6,6,9,9,9,9,9,9,9,9,8,8,8,8,8,8,8
Ванинский муниципальный район,1,1,1,1,1,1,1,1,1,1,1,1,1,1,1,1,1,1,1,1,1,1,1,1
Варгашинский муниципальный округ,2,2,2,2,2,2,2,2,2,2,2,2,2,2,2,8,8,8,8,8,8,8,8,8
Варнавинский муниципальный округ,2,2,2,2,2,2,2,2,2,2,2,2,2,2,2,8,8,8,8,8,8,8,8,8
Варненский муниципальный район,0,0,0,0,4,4,4,4,4,4,4,9,9,9,9,9,9,8,8,8,8,8,8,8
Вачский муниципальный округ,2,2,2,2,2,2,2,2,2,2,2,2,2,2,8,8,8,8,8,8,8,8,8,8
Велижский муниципальный район,2,2,2,2,2,2,2,2,2,2,2,2,2,2,8,8,8,8,8,8,8,8,8,8
Великоустюгский муниципальный округ,0,0,0,0,0,6,6,6,6,6,9,9,6,6,6,8,8,8,8,8,8,8,6,6
Вельский муниципальный район,0,0,0,0,0,6,6,6,6,6,6,6,6,6,6,6,6,6,6,6,6,6,6,6
Венгеровский муниципальный район,2,2,2,2,2,2,2,2,2,2,2,2,2,9,9,9,8,8,8,8,8,8,8,8
Веневский муниципальный район,0,0,0,0,9,9,9,9,9,9,9,9,9,9,9,9,9,9,8,8,8,8,8,8
Верхнебуреинский муниципальный район,1,1,1,1,1,1,1,1,1,1,1,1,1,1,1,1,1,1,1,1,1,1,1,1
Верхневилюйский муниципальный район,1,1,1,1,1,1,1,1,1,1,1,1,1,1,1,1,1,1,1,1,1,1,1,1
Верхнекетский муниципальный район,0,0,0,0,0,0,6,6,9,9,9,9,9,9,9,9,8,8,8,8,8,8,8,8
Верхнеколымский муниципальный район,1,1,1,1,1,1,1,1,1,1,1,1,1,1,1,1,1,1,1,1,1,1,1,1
Верхнетоемский муниципальный округ,0,0,2,2,9,9,9,9,9,9,9,9,9,9,9,9,9,8,8,8,8,8,8,8
Верхнеуральский муниципальный район,0,0,0,4,4,4,4,4,4,4,4,9,9,9,9,9,9,8,8,8,8,8,8,8
Верхнеуслонский муниципальный район,6,6,6,4,4,4,6,6,6,6,6,6,6,6,6,6,6,8,8,8,8,8,8,8
Верховажский муниципальный округ,2,2,2,2,2,9,9,9,9,9,9,9,9,9,9,9,9,8,8,8,8,8,8,8
Верховский муниципальный район,2,2,2,2,2,2,2,2,2,2,2,2,2,9,9,9,8,8,8,8,8,8,8,8
Верхошижемский муниципальный район,2,2,2,2,2,2,2,2,2,2,2,2,2,2,2,8,8,8,8,8,8,8,8,8
Верхоянский муниципальный район,1,1,1,1,1,1,1,1,1,1,1,1,1,1,1,1,1,1,1,1,1,1,1,1
Ветлужский муниципальный округ,2,2,2,2,2,2,2,2,2,2,9,9,9,9,9,9,9,8,8,8,8,8,8,8
Вешкаймский муниципальный район,2,2,2,2,2,2,2,2,2,2,2,2,2,2,2,8,8,8,8,8,8,8,8,8
Викуловский муниципальный район,0,0,0,0,9,9,9,9,9,9,9,9,9,9,9,9,8,8,8,8,8,8,8,8
Вилюйский муниципальный район,1,1,1,1,1,1,1,1,1,1,1,1,1,1,1,1,1,1,1,1,1,1,1,1
Виноградовский муниципальный округ,2,2,2,2,2,9,9,9,9,9,9,9,9,9,9,9,9,8,8,8,8,8,8,8
Вичугский муниципальный район,2,2,2,2,2,2,2,2,2,2,2,2,2,2,2,8,8,8,8,8,8,8,8,8
Вожегодский муниципальный округ,0,0,0,9,9,9,9,9,9,9,9,9,9,9,9,9,9,9,8,8,8,8,8,8
Вознесенский муниципальный округ,2,2,2,2,2,2,2,2,2,2,2,2,8,8,8,8,8,8,8,8,8,8,8,8
Вологодский муниципальный округ,0,0,0,6,6,6,6,6,6,6,6,6,6,6,6,6,6,6,6,6,6,6,6,6
Володарский муниципальный округ,0,0,0,0,0,0,9,9,9,9,9,9,9,9,9,8,8,8,8,8,8,8,8,8
Волосовский муниципальный район,1,1,6,6,6,6,6,6,6,6,6,6,6,6,6,6,6,6,6,6,6,6,6,6
Волховский муниципальный район,1,1,1,1,1,6,6,6,6,6,6,6,6,6,6,6,6,6,6,6,6,6,6,6
Волчихинский муниципальный район,2,2,2,2,4,4,4,4,4,2,2,2,2,2,2,8,8,8,8,8,8,8,8,8
Вольский муниципальный район,0,0,0,0,0,0,9,9,9,9,9,9,9,9,9,9,9,8,8,8,8,8,8,8
Воскресенский муниципальный округ,2,2,2,2,2,2,2,2,2,2,2,2,2,2,8,8,8,8,8,8,8,8,8,8
Воскресенский муниципальный район,2,2,2,2,2,2,2,2,2,2,2,2,2,2,2,2,8,8,8,8,8,8,8,8
Вохомский муниципальный район,2,2,2,2,2,2,2,2,2,2,2,2,2,2,8,8,8,8,8,8,8,8,8,8
Всеволожский муниципальный район,7,7,7,7,7,7,7,7,7,7,7,7,7,7,7,7,7,7,7,7,7,7,7,7
Вурнарский муниципальный округ,4,4,4,4,4,4,4,4,4,4,4,4,4,4,4,4,8,8,8,8,8,8,8,8
Выборгский муниципальный район,7,7,7,7,7,7,7,7,7,7,7,7,7,7,7,7,7,7,7,7,7,7,7,7
Высокогорский муниципальный район,0,0,0,0,4,4,6,6,6,6,6,6,6,6,6,6,6,6,6,6,8,8,8,8
Вытегорский муниципальный район,0,0,0,0,0,0,9,9,9,9,9,9,9,9,9,9,9,9,9,9,8,8,8,8
Вязниковский муниципальный район,0,0,0,0,9,9,9,9,9,9,9,9,9,9,9,9,9,9,8,8,8,8,8,8
Вятскополянский муниципальный район,0,0,0,0,0,0,4,4,4,4,4,2,2,2,9,9,9,9,8,8,8,8,8,8
Гаврилов-Ямский муниципальный район,0,0,0,0,0,0,0,0,9,9,9,9,9,9,9,9,9,8,8,8,8,8,8,8
Гаврилово-Посадский муниципальный район,2,2,2,2,2,2,2,2,2,2,2,2,2,2,2,8,8,8,8,8,8,8,8,8
Гавриловский муниципальный округ,2,2,2,2,2,2,2,2,2,2,2,2,2,2,8,8,8,8,8,8,8,8,8,8
Гагаринский муниципальный район,0,0,0,0,6,6,6,6,6,6,6,6,6,6,6,6,6,6,6,6,6,6,6,6
Гагинский муниципальный округ,2,2,2,2,2,2,2,2,2,2,2,2,2,2,8,8,8,8,8,8,8,8,8,8
Газимуро-Заводский муниципальный округ,1,1,1,1,1,1,1,1,1,1,1,1,1,1,1,1,1,1,1,1,1,1,1,1
Галичский муниципальный район,2,2,2,2,2,2,2,2,2,2,2,2,2,9,9,8,8,8,8,8,8,8,8,8
Гатчинский муниципальный район,7,7,7,7,7,7,7,7,7,7,7,7,7,7,7,7,7,7,7,7,7,7,7,7
Гафурийский муниципальный район,4,4,4,4,4,4,4,4,4,4,4,4,4,4,4,4,8,8,8,8,8,8,8,8
Гдовский муниципальный район,0,0,0,0,0,0,0,0,9,9,4,4,4,4,4,4,4,4,8,8,8,8,8,8
Георгиевский муниципальный округ,0,0,0,0,0,0,0,6,6,6,6,6,9,9,9,6,6,6,6,8,8,8,8,8
Гиагинский муниципальный район,2,2,2,2,0,0,2,2,2,2,2,2,2,2,9,9,8,8,8,8,8,8,8,8
Глазуновский муниципальный район,2,2,2,2,2,2,2,2,2,2,2,2,2,2,2,8,8,8,8,8,8,8,8,8
Глинковский муниципальный район,2,2,2,2,2,2,2,2,2,2,2,2,2,2,2,8,8,8,8,8,8,8,8,8
Горномарийский муниципальный район,4,4,4,4,4,4,4,4,4,4,4,4,4,4,4,4,4,8,8,8,8,8,8,8
Горный муниципальный район,1,1,1,1,1,0,0,1,1,1,5,5,5,1,1,1,1,1,1,1,1,1,1,1
Городецкий муниципальный округ,0,0,0,0,0,6,6,6,6,6,6,6,6,6,6,6,6,6,6,6,6,6,6,6
Городовиковский муниципальный район,2,2,2,2,2,2,2,2,2,2,2,2,2,2,8,8,8,8,8,8,8,8,8,8
Гороховецкий муниципальный район,2,2,2,2,2,2,9,9,9,9,9,9,9,9,9,9,9,8,8,8,8,8,8,8
Горьковский муниципальный район,2,2,4,4,4,4,4,4,4,4,4,4,4,8,8,8,8,8,8,8,8,8,8,8
Грачёвский муниципальный округ,2,2,2,2,2,2,2,2,2,2,2,2,2,2,2,8,8,8,8,8,8,8,8,8
Грачёвский муниципальный район,2,2,2,2,2,2,2,2,2,2,2,2,4,4,8,8,8,8,8,8,8,8,8,8
Грязинский муниципальный район,0,0,0,0,0,0,9,9,9,9,9,9,9,9,9,9,9,8,8,8,8,8,8,8
Грязовецкий муниципальный округ,0,0,0,0,9,9,9,9,9,9,9,9,9,9,9,9,8,8,8,8,8,8,8,8
Гурьевский муниципальный округ,0,0,0,0,0,6,6,9,9,9,9,9,9,9,9,9,9,6,6,6,6,6,6,6
Гусь-Хрустальный муниципальный район,2,2,2,2,2,2,2,2,2,9,9,9,9,9,9,8,8,8,8,8,8,8,8,8
Давлекановский муниципальный район,0,0,0,0,4,4,4,4,4,4,4,4,4,4,4,4,8,8,8,8,8,8,8,8
Далматовский муниципальный округ,2,2,0,0,4,4,4,4,2,2,2,2,2,2,8,8,8,8,8,8,8,8,8,8
Дальнеконстантиновский муниципальный округ,0,0,2,2,2,2,9,9,9,9,9,9,9,9,9,9,9,8,8,8,8,8,8,8
Дальнереченский муниципальный район,0,0,2,2,4,4,4,4,5,5,5,5,5,5,5,5,5,5,5,8,8,8,8,8
Данковский муниципальный район,0,0,0,0,0,9,9,9,9,9,9,9,9,9,9,9,9,8,8,8,8,8,8,8
Даровской муниципальный район,2,2,2,2,2,2,2,2,2,2,2,2,2,2,8,8,8,8,8,8,8,8,8,8
Дедовичский муниципальный район,2,2,2,2,2,2,9,9,9,9,9,9,9,9,9,9,8,8,8,8,8,8,8,8
Демидовский муниципальный район,2,2,2,2,2,2,2,2,2,2,2,2,2,2,8,8,8,8,8,8,8,8,8,8
Дергачевский муниципальный район,2,2,2,2,2,2,2,2,2,2,2,2,2,4,4,8,8,8,8,8,8,8,8,8
Дзун-Хемчикский муниципальный район,0,0,0,0,0,5,5,5,5,5,5,5,5,5,5,5,5,5,5,5,5,5,5,5
Дивеевский муниципальный округ,2,2,2,2,2,2,2,2,9,9,9,9,9,9,9,9,9,8,8,8,8,8,8,8
Дигорский муниципальный район,0,0,0,0,0,0,0,0,5,5,5,5,5,5,5,5,5,5,5,5,5,5,5,5
Дновский муниципальный район,0,0,0,0,0,9,9,9,9,9,9,9,9,9,9,9,9,8,8,8,8,8,8,8
Добринский муниципальный район,2,2,2,2,2,2,2,2,2,9,9,9,9,9,9,9,9,8,8,8,8,8,8,8
Добровский муниципальный район,0,0,2,2,2,2,2,2,2,2,2,2,2,2,8,8,8,8,8,8,8,8,8,8
Доволенский муниципальный район,2,2,4,4,4,4,4,4,4,4,4,4,2,2,8,8,8,8,8,8,8,8,8,8
Долгоруковский муниципальный район,2,2,2,2,2,2,2,2,2,2,2,2,2,9,9,9,8,8,8,8,8,8,8,8
Должанский муниципальный район,2,2,2,2,2,2,2,2,2,2,2,2,2,2,2,8,8,8,8,8,8,8,8,8
Домбаровский муниципальный район,2,2,2,2,2,2,2,2,2,2,2,2,2,2,8,8,8,8,8,8,8,8,8,8
Дорогобужский муниципальный район,0,0,0,0,0,0,9,9,9,9,9,9,9,9,9,9,9,8,8,8,8,8,8,8
Дрожжановский муниципальный район,4,4,4,4,4,4,4,4,4,4,4,4,4,4,4,4,4,8,8,8,8,8,8,8
Дубовский муниципальный район,2,2,2,2,2,2,2,2,2,2,2,2,2,9,9,9,9,8,8,8,8,8,8,8
Дуванский муниципальный район,4,4,4,4,4,4,4,4,4,4,4,4,4,4,4,8,8,8,8,8,8,8,8,8
Дульдургинский муниципальный район,0,0,0,0,4,4,5,5,5,5,5,5,1,1,1,1,1,1,1,1,1,1,8,8
Думиничский муниципальный район,2,2,2,2,2,2,2,2,2,2,2,9,9,9,9,8,8,8,8,8,8,8,8,8
Духовницкий муниципальный район,2,2,2,2,2,2,2,2,2,2,2,2,2,2,2,8,8,8,8,8,8,8,8,8
Духовщинский муниципальный район,2,2,2,2,2,2,2,2,2,2,2,2,2,2,2,8,8,8,8,8,8,8,8,8
Дюртюлинский муниципальный район,0,0,0,0,0,0,0,4,4,6,6,6,6,6,6,6,6,6,6,6,6,8,8,8
Егорьевский муниципальный район,2,2,2,2,2,4,4,4,4,4,4,4,4,4,8,8,8,8,8,8,8,8,8,8
Екатериновский муниципальный район,2,2,2,2,2,2,2,2,2,2,2,2,2,2,8,8,8,8,8,8,8,8,8,8
Елабужский муниципальный район,6,6,6,6,6,6,6,6,6,6,6,6,6,6,6,6,6,6,6,6,6,6,6,6
Еланский муниципальный район,2,2,2,2,2,2,2,2,2,2,2,9,9,9,9,9,9,8,8,8,8,8,8,8
Елизовский муниципальный район,1,1,1,1,1,1,1,1,1,1,1,1,1,1,1,1,1,1,1,1,1,1,1,1
Елховский муниципальный район,2,2,2,2,2,2,2,2,2,2,2,2,2,8,8,8,8,8,8,8,8,8,8,8
Ельниковский муниципальный район,2,2,2,2,2,2,2,2,2,2,2,2,2,2,2,8,8,8,8,8,8,8,8,8
Ельнинский муниципальный район,2,2,2,2,2,9,9,9,2,2,9,9,9,9,9,9,9,9,9,8,8,8,8,8
Ельцовский муниципальный район,2,2,2,2,2,2,2,2,2,2,2,2,2,4,4,4,4,4,4,8,8,8,8,8
Еманжелинский муниципальный район,0,0,0,0,9,9,9,9,9,9,9,9,9,9,9,9,9,8,8,8,8,8,8,8
Емельяновский муниципальный район,6,6,6,6,6,6,6,6,6,6,6,6,6,6,6,6,6,6,6,6,6,6,6,6
Енисейский муниципальный район,0,0,0,2,2,2,6,6,6,9,9,9,9,9,9,9,8,8,8,8,8,8,8,8
Енотаевский муниципальный район,2,2,2,2,2,2,2,2,2,2,2,2,2,2,2,8,8,8,8,8,8,8,8,8
Ермаковский муниципальный район,2,2,2,2,2,9,9,9,9,9,9,9,9,9,9,9,9,8,8,8,8,8,8,8
Ермекеевский муниципальный район,4,4,4,4,4,4,4,4,4,4,4,4,4,4,4,4,8,8,8,8,8,8,8,8
Ермишинский муниципальный район,2,2,2,2,2,2,2,2,2,4,4,4,4,4,4,4,4,4,8,8,8,8,8,8
Ершичский муниципальный район,2,2,2,2,2,2,2,2,2,2,2,2,2,2,8,8,8,8,8,8,8,8,8,8
Ершовский муниципальный район,2,2,2,2,2,2,2,2,2,2,2,2,9,9,8,8,8,8,8,8,8,8,8,8
Еткульский муниципальный район,0,0,0,0,0,9,9,9,9,9,9,9,9,9,9,9,8,8,8,8,8,8,8,8
Жердевский муниципальный округ,2,2,2,2,2,2,2,2,2,2,2,9,9,9,9,9,9,8,8,8,8,8,8,8
Жигаловский муниципальный район,0,0,0,0,0,6,6,6,6,6,6,6,6,6,6,6,6,6,6,6,6,6,6,6
Жиздринский муниципальный район,2,2,2,2,2,2,2,2,2,2,9,9,9,9,9,9,9,9,8,8,8,8,8,8
Жирновский муниципальный район,2,2,2,2,2,9,9,2,2,9,9,9,9,9,9,9,8,8,8,8,8,8,8,8
Жуковский муниципальный район,0,0,0,0,0,0,9,9,9,9,9,9,9,9,9,9,9,8,8,8,8,8,8,8
Забайкальский муниципальный район,1,1,1,6,6,6,6,6,6,6,6,6,6,6,6,6,6,6,6,6,6,6,6,6
Завитинский муниципальный округ,1,1,1,1,1,1,1,1,1,1,1,1,9,9,9,9,8,8,8,8,8,8,8,8
Заволжский муниципальный район,2,2,2,2,2,2,2,2,2,2,9,9,9,9,9,9,9,8,8,8,8,8,8,8
Завьяловский муниципальный район,2,2,2,4,4,4,4,4,4,4,4,4,2,2,8,8,8,8,8,8,8,8,8,8
Задонский муниципальный район,2,2,2,2,2,2,2,2,2,2,9,9,9,9,9,9,9,8,8,8,8,8,8,8
Заинский муниципальный район,0,0,0,0,4,4,4,4,4,9,9,9,9,9,9,9,9,8,8,8,8,8,8,8
Заларинский муниципальный район,2,2,2,2,2,9,9,9,9,9,9,9,9,9,9,9,9,8,8,8,8,8,8,8
Залегощенский муниципальный район,2,2,2,2,2,2,2,2,2,2,2,2,2,2,8,8,8,8,8,8,8,8,8,8
Залесовский муниципальный округ,2,2,2,2,2,2,2,2,2,2,2,2,2,2,8,8,8,8,8,8,8,8,8,8
Заокский муниципальный район,0,0,0,6,6,6,6,6,6,6,6,6,6,6,6,6,6,6,6,6,6,6,6,6
Захаровский муниципальный район,2,2,2,2,2,2,2,2,2,2,2,2,2,2,8,8,8,8,8,8,8,8,8,8
Звениговский муниципальный район,0,0,0,0,4,4,9,9,9,9,9,9,9,9,9,9,9,8,8,8,8,8,8,8
Звериноголовский муниципальный округ,2,2,2,2,2,2,2,2,2,2,2,2,2,2,2,4,4,4,8,8,8,8,8,8
Здвинский муниципальный район,2,2,2,2,2,2,2,2,2,2,2,2,2,2,2,8,8,8,8,8,8,8,8,8
Зейский муниципальный округ,1,1,1,1,1,1,1,1,1,1,1,1,1,1,1,1,1,1,1,1,1,1,1,1
Зеленодольский муниципальный район,6,6,6,6,6,6,6,6,6,6,6,6,6,6,6,6,6,6,6,6,6,6,6,6
Зеленчукский муниципальный район,0,0,0,0,0,0,0,2,2,2,2,2,5,5,5,5,5,5,5,5,5,5,5,5
Земетчинский муниципальный район,2,2,2,2,2,2,2,2,2,2,2,2,2,2,2,8,8,8,8,8,8,8,8,8
Зианчуринский муниципальный район,4,4,4,4,4,4,4,4,4,4,4,4,4,4,8,8,8,8,8,8,8,8,8,8
Зилаирский муниципальный район,2,2,2,4,4,4,4,4,4,4,4,5,5,5,5,8,8,8,8,8,8,8,8,8
Зиминский муниципальный район,0,0,0,0,0,9,9,9,9,9,9,9,9,9,9,9,9,9,8,8,8,8,8,8
Змеиногорский муниципальный район,0,0,0,0,0,0,4,4,4,4,4,4,4,4,4,4,8,8,8,8,8,8,8,8
Знаменский муниципальный округ,2,2,2,2,2,2,2,2,2,2,2,2,2,2,2,2,8,8,8,8,8,8,8,8
Зональный муниципальный район,4,4,4,4,4,4,4,4,4,4,4,4,4,4,8,8,8,8,8,8,8,8,8,8
Зубово-Полянский муниципальный район,2,2,2,2,2,2,2,2,2,2,2,2,9,9,9,9,9,8,8,8,8,8,8,8
Зуевский муниципальный район,2,2,2,2,2,2,2,2,2,2,2,2,2,2,2,8,8,8,8,8,8,8,8,8
Зырянский муниципальный район,2,2,2,2,2,2,2,2,2,2,2,2,2,8,8,8,8,8,8,8,8,8,8,8
Ибресинский муниципальный округ,4,4,4,4,4,4,4,4,4,4,4,4,4,4,4,4,8,8,8,8,8,8,8,8
Ивановский муниципальный округ,1,1,1,1,1,1,1,1,1,1,1,1,1,1,1,1,1,1,1,1,1,1,1,1
Ивановский муниципальный район,6,6,6,6,6,6,6,6,6,6,6,6,6,6,6,6,6,6,6,6,6,6,6,6
Ивантеевский муниципальный район,2,2,2,2,2,2,2,2,2,2,2,2,2,8,8,8,8,8,8,8,8,8,8,8
Иглинский муниципальный район,0,0,0,0,0,0,6,6,6,6,6,6,6,6,6,6,8,8,8,8,8,8,6,6
Идринский муниципальный район,2,2,2,2,2,2,2,2,2,2,2,2,2,2,8,8,8,8,8,8,8,8,8,8
Ижемский муниципальный район,0,0,0,0,0,0,0,9,9,9,9,9,9,9,9,9,9,8,8,8,8,8,8,8
Ижморский муниципальный округ,2,2,2,2,2,2,2,2,2,2,2,2,9,9,9,9,9,8,8,8,8,8,8,8
Измалковский муниципальный район,2,2,2,2,2,2,2,2,2,2,2,2,2,2,2,8,8,8,8,8,8,8,8,8
Износковский муниципальный район,2,2,2,2,2,2,2,2,2,2,2,2,2,2,8,8,8,8,8,8,8,8,8,8
Изобильненский муниципальный округ,0,0,0,0,0,9,9,9,9,9,9,9,9,9,9,9,9,8,8,8,8,8,8,8
Икрянинский муниципальный район,2,2,2,2,2,2,2,2,2,2,2,2,2,2,8,8,8,8,8,8,8,8,8,8
Иланский муниципальный район,0,0,0,0,0,9,9,9,9,9,9,9,9,9,9,9,9,9,8,8,8,8,8,8
Илекский муниципальный район,2,2,2,4,4,4,4,4,4,4,4,4,4,4,8,8,8,8,8,8,8,8,8,8
Илишевский муниципальный район,4,4,4,4,4,4,4,4,4,4,4,4,4,4,4,4,8,8,8,8,8,8,8,8
Иловлинский муниципальный район,0,0,0,0,0,0,0,9,9,9,9,9,4,4,4,4,4,4,8,8,8,8,8,8
Ильинский муниципальный район,2,2,2,2,2,2,2,2,2,2,2,2,2,2,2,8,8,8,8,8,8,8,8,8
Инжавинский муниципальный округ,2,2,2,2,2,2,2,2,2,2,2,2,2,2,8,8,8,8,8,8,8,8,8,8
Инзенский муниципальный район,2,2,2,2,2,2,2,2,2,2,2,2,9,9,9,9,8,8,8,8,8,8,8,8
Инсарский муниципальный район,2,2,2,2,2,2,2,2,2,2,2,2,2,2,2,8,8,8,8,8,8,8,8,8
Ипатовский муниципальный округ,2,2,0,0,4,4,9,9,9,9,9,9,9,9,9,9,9,9,8,8,8,8,8,8
Ирафский муниципальный район,2,2,2,2,2,2,2,2,2,2,2,2,2,5,5,5,5,5,5,5,5,5,5,5
Ирбейский муниципальный район,2,2,2,2,2,2,2,2,2,2,2,2,2,9,9,9,8,8,8,8,8,8,8,8
Иркутский муниципальный район,6,6,6,6,6,6,6,6,6,6,6,6,6,6,6,6,6,6,6,6,6,6,6,6
Исаклинский муниципальный район,2,2,2,2,2,2,2,2,2,2,2,2,2,8,8,8,8,8,8,8,8,8,8,8
Исетский муниципальный район,0,0,0,0,0,9,9,9,9,9,9,9,9,9,9,9,9,8,8,8,8,8,8,8
Исилькульский муниципальный район,2,2,0,0,4,4,4,4,4,4,4,9,9,9,9,8,8,8,8,8,8,8,8,8
Искитимский муниципальный район,0,0,0,0,0,0,9,9,9,9,9,9,9,9,9,9,9,8,8,8,8,8,8,8
Иссинский муниципальный район,2,2,2,2,2,2,2,2,2,2,2,2,2,2,8,8,8,8,8,8,8,8,8,8
Ичалковский муниципальный район,2,2,2,2,2,2,2,2,2,2,2,2,2,8,8,8,8,8,8,8,8,8,8,8
Ишимбайский муниципальный район,6,6,6,6,6,6,6,6,6,6,6,6,6,6,6,6,6,6,6,6,6,6,6,6
Ишимский муниципальный район,0,0,0,0,9,9,9,9,9,9,9,9,9,9,9,8,8,8,8,8,8,8,8,8
Каа-Хемский муниципальный район,0,0,0,0,0,0,5,5,5,5,5,5,5,5,5,4,4,4,8,8,5,5,8,8
Кавалеровский муниципальный округ,1,1,1,1,1,1,1,1,1,1,1,1,1,1,1,1,1,1,1,1,1,1,1,1
Кадомский муниципальный район,2,2,2,2,2,2,2,2,2,2,2,2,2,8,8,8,8,8,8,8,8,8,8,8
Кадошкинский муниципальный район,2,2,2,2,2,2,2,2,2,2,2,2,2,2,8,8,8,8,8,8,8,8,8,8
Кадуйский муниципальный округ,0,0,0,0,9,9,9,9,9,9,9,9,9,9,9,9,9,9,9,8,8,8,8,8
Кадыйский муниципальный район,2,2,2,2,2,2,2,2,2,2,2,2,2,2,2,8,8,8,8,8,8,8,8,8
Казанский муниципальный район,2,2,2,2,2,2,9,9,9,9,9,9,9,9,9,9,8,8,8,8,8,8,8,8
Казачинский муниципальный район,2,2,2,2,2,2,2,2,2,2,2,2,2,2,2,9,9,8,8,8,8,8,8,8
Казачинско-Ленский муниципальный район,1,1,1,1,6,6,6,6,6,6,6,6,6,6,6,6,6,6,6,6,8,8,8,8
Кайбицкий муниципальный район,4,4,4,4,4,4,4,4,4,4,4,4,4,4,4,4,4,8,8,8,8,8,8,8
Каларский муниципальный округ,1,1,1,1,1,1,1,1,1,1,1,6,6,1,1,1,1,1,1,1,1,1,1,1
Калачевский муниципальный район,0,0,0,0,0,9,9,9,9,9,9,9,9,9,9,9,9,9,8,8,8,8,8,8
Калачинский муниципальный район,0,0,0,0,4,4,4,4,4,4,4,4,9,9,9,9,8,8,8,8,8,8,8,8
Калганский муниципальный округ,1,1,1,1,1,1,1,1,1,1,1,1,1,1,1,1,1,1,1,1,1,1,8,8
Калевальский муниципальный район,6,6,6,6,6,6,6,6,6,6,6,6,6,6,6,6,6,6,6,6,8,8,8,8
Калининский муниципальный район,2,2,2,2,2,2,2,2,2,2,2,2,2,2,8,8,8,8,8,8,8,8,8,8
Калманский муниципальный район,4,4,4,4,4,4,4,4,4,4,4,4,4,4,8,8,8,8,8,8,8,8,8,8
Калтасинский муниципальный район,4,4,4,4,4,4,4,4,4,4,4,4,4,4,4,4,8,8,8,8,8,8,8,8
Камешкирский муниципальный район,2,2,2,2,2,2,2,2,2,2,2,2,2,2,2,8,8,8,8,8,8,8,8,8
Камешковский муниципальный район,0,0,0,0,0,9,9,9,9,9,9,9,9,9,9,9,9,8,8,8,8,8,8,8
Камско-Устьинский муниципальный район,2,2,2,2,2,2,2,2,2,2,2,2,2,8,8,8,8,8,8,8,8,8,8,8
Камызякский муниципальный район,2,2,2,2,2,2,2,2,2,2,2,2,2,2,2,8,8,8,8,8,8,8,8,8
Камышлинский муниципальный район,4,4,0,0,0,2,2,2,2,2,2,2,2,9,9,4,4,8,8,8,8,8,8,8
Камышловский муниципальный район,1,1,6,6,6,6,6,6,6,6,6,6,6,6,6,6,6,6,6,6,6,6,6,6
Кандалакшский муниципальный район,1,1,1,1,1,1,1,1,1,1,1,1,1,1,1,1,1,1,1,1,1,1,1,1
Карагинский муниципальный район,1,1,1,1,1,1,1,1,1,1,1,1,1,1,1,1,1,1,1,1,1,1,1,1
Караидельский муниципальный район,4,4,4,4,4,4,4,4,4,4,4,4,4,4,8,8,8,8,8,8,8,8,8,8
Карасукский муниципальный район,0,0,0,0,9,9,9,9,9,9,9,9,9,9,9,9,9,8,8,8,8,8,8,8
Каратузский муниципальный район,2,2,2,2,2,2,2,2,2,9,9,9,9,9,9,9,9,8,8,8,8,8,8,8
Каргапольский муниципальный округ,2,2,2,2,4,4,2,2,2,2,2,2,2,2,2,8,8,8,8,8,8,8,8,8
Каргасокский муниципальный район,0,0,0,0,0,0,0,0,0,9,9,9,9,9,9,9,9,9,9,9,9,9,9,9
Каргатский муниципальный район,2,2,2,2,2,2,2,2,9,9,9,9,9,9,9,9,9,8,8,8,8,8,8,8
Кардымовский муниципальный район,0,0,2,2,2,2,2,2,2,2,2,2,2,2,2,8,8,8,8,8,8,8,8,8
Кармаскалинский муниципальный район,4,4,4,4,4,4,4,4,4,4,4,4,4,4,4,8,8,8,8,8,8,8,8,8
Карсунский муниципальный район,2,2,2,2,2,2,2,2,2,2,2,2,2,8,8,8,8,8,8,8,8,8,8,8
Карталинский муниципальный район,0,0,0,4,4,4,4,4,4,4,4,4,4,9,9,9,8,8,8,8,8,8,8,8
Карымский муниципальный район,0,0,0,0,0,0,0,4,4,4,6,6,6,6,6,6,6,1,1,1,1,8,8,8
Касимовский муниципальный район,2,2,2,2,2,2,2,2,2,2,2,2,9,9,9,8,8,8,8,8,8,8,8,8
Каслинский муниципальный район,0,0,0,0,0,9,9,9,9,9,9,9,9,9,9,9,9,8,8,8,8,8,8,8
Катав-Ивановский муниципальный район,0,0,0,0,9,9,9,9,9,9,9,9,9,9,9,9,9,9,8,8,8,8,8,8
Катайский муниципальный округ,0,0,0,0,4,4,4,4,4,4,4,4,9,9,9,9,8,8,8,8,8,8,8,8
Катангский муниципальный район,1,1,1,1,1,1,1,1,1,1,1,1,1,1,1,1,1,1,1,1,1,1,1,1
Качугский муниципальный район,0,0,0,0,0,0,0,0,0,9,9,9,9,9,9,9,9,9,8,8,8,8,8,8
Кваркенский муниципальный район,2,2,2,2,2,2,2,2,2,2,2,2,2,2,8,8,8,8,8,8,8,8,8,8
Кежемский муниципальный район,1,1,1,6,6,6,6,6,6,6,6,6,6,6,6,6,6,6,6,6,6,8,8,8
Кемеровский муниципальный округ,6,6,6,6,6,6,6,6,6,6,6,6,6,6,6,6,6,6,6,6,6,6,6,6
Кемский муниципальный район,1,1,1,1,6,6,6,6,6,6,9,9,9,6,6,9,9,8,8,8,8,8,8,8
Кигинский муниципальный район,4,4,4,4,4,4,4,4,4,4,4,4,4,4,8,8,8,8,8,8,8,8,8,8
Кизильский муниципальный район,2,2,2,4,4,4,4,4,4,4,4,4,4,4,8,8,8,8,8,8,8,8,8,8
Киквидзенский муниципальный район,2,2,2,2,2,2,2,2,2,2,2,2,2,2,2,8,8,8,8,8,8,8,8,8
Килемарский муниципальный район,2,2,2,4,4,4,4,4,4,4,4,4,4,4,4,8,8,8,8,8,8,8,8,8
Кильмезский муниципальный район,2,2,2,2,2,2,2,2,2,2,2,2,2,8,8,8,8,8,8,8,8,8,8,8
Кимовский муниципальный район,2,2,2,2,2,9,9,9,9,9,9,9,9,9,9,9,8,8,8,8,8,8,8,8
Кингисеппский муниципальный район,1,1,1,1,7,7,7,7,7,7,1,1,1,1,1,1,1,7,7,7,1,1,1,1
Кинель-Черкасский муниципальный район,0,0,0,0,0,9,9,9,9,9,9,9,9,9,9,9,9,9,8,8,8,8,8,8
Кинельский муниципальный район,0,0,2,2,2,2,2,2,2,2,2,2,2,9,9,9,8,8,8,8,8,8,8,8
Кинешемский муниципальный район,2,2,2,2,2,2,2,9,9,4,4,9,9,9,9,9,8,8,8,8,8,8,8,8
Киреевский муниципальный район,0,0,0,0,2,2,9,9,9,9,9,9,9,9,9,9,9,9,8,8,8,8,8,8
Киренский муниципальный район,1,1,1,1,0,0,0,6,6,6,6,6,6,6,6,9,9,6,6,6,8,8,8,8
Киржачский муниципальный район,0,0,0,0,6,6,6,6,6,6,6,6,6,6,6,6,6,6,6,6,6,6,6,6
Кирилловский муниципальный округ,0,0,0,0,0,9,9,4,4,4,4,4,4,9,9,9,9,8,8,8,8,8,8,8
Киришский муниципальный район,1,1,1,1,1,1,1,1,1,1,1,1,1,1,1,1,1,1,1,1,1,1,1,1
Кирово-Чепецкий муниципальный район,0,0,0,0,4,4,4,9,9,9,9,9,9,9,9,9,9,8,8,8,8,8,8,8
Кировский муниципальный округ,0,0,0,0,0,0,2,2,9,9,4,4,4,4,4,4,4,4,4,8,8,8,8,8
Кичменгско-Городецкий муниципальный округ,2,2,2,2,2,2,9,9,4,4,9,9,9,9,9,8,8,8,8,8,8,8,8,8
Клепиковский муниципальный район,2,2,2,2,2,2,2,2,2,2,2,9,9,9,9,9,9,8,8,8,8,8,8,8
Клетский муниципальный район,2,2,2,2,2,2,2,2,2,2,2,2,2,2,8,8,8,8,8,8,8,8,8,8
Ключевский муниципальный район,2,2,4,4,4,4,4,4,4,4,4,4,4,4,4,4,8,8,8,8,8,8,8,8
Клявлинский муниципальный район,2,2,2,2,2,2,2,2,2,2,2,2,2,9,9,9,9,8,8,8,8,8,8,8
Княгининский муниципальный округ,2,2,2,2,2,2,2,2,9,9,9,9,9,9,9,9,8,8,8,8,8,8,8,8
Княжпогостский муниципальный район,0,0,0,0,0,0,6,6,6,6,6,6,6,9,9,9,9,8,8,8,8,8,8,8
Кобяйский муниципальный район,1,1,1,1,1,1,1,1,1,1,1,1,1,1,1,1,1,1,1,1,1,1,1,1
Ковдорский муниципальный округ,1,1,1,1,1,1,1,1,1,1,1,1,1,1,1,1,1,1,1,1,1,1,1,1
Ковернинский муниципальный округ,0,0,0,4,4,4,4,4,4,4,4,9,9,9,9,9,9,9,8,8,8,8,8,8
Ковылкинский муниципальный район,0,0,0,0,0,0,0,0,9,9,4,4,4,9,9,9,9,9,8,8,8,8,8,8
Кожевниковский муниципальный район,2,2,2,4,4,4,4,4,4,4,4,2,2,9,9,9,8,8,8,8,8,8,8,8
Козельский муниципальный район,0,0,0,0,0,9,9,9,9,9,9,9,9,9,9,9,9,8,8,8,8,8,8,8
Козловский муниципальный округ,2,2,2,4,4,4,4,4,4,4,4,4,4,8,8,8,8,8,8,8,8,8,8,8
Козульский муниципальный район,2,2,2,2,2,9,9,2,2,2,2,2,2,9,9,9,9,8,8,8,8,8,8,8
Койгородский муниципальный район,0,0,0,2,2,9,9,9,9,4,4,9,9,9,9,9,9,9,8,8,8,8,8,8
Кологривский муниципальный округ,2,2,2,2,2,2,2,2,2,2,2,2,2,2,2,8,8,8,8,8,8,8,8,8
Колосовский муниципальный район,2,2,2,2,2,2,2,2,2,2,2,2,2,8,8,8,8,8,8,8,8,8,8,8
Колпашевский муниципальный район,0,0,0,0,0,0,9,9,9,9,9,9,9,9,9,9,9,9,8,8,8,8,8,8
Колпнянский муниципальный район,2,2,2,2,2,2,2,2,2,2,2,2,2,9,9,8,8,8,8,8,8,8,8,8
Колыванский муниципальный район,0,0,0,9,9,9,9,9,9,9,9,9,9,9,9,9,9,9,8,8,8,8,8,8
Колышлейский муниципальный район,2,2,2,2,2,2,2,2,2,2,2,2,2,2,2,8,8,8,8,8,8,8,8,8
Кольский муниципальный район,1,1,1,1,1,1,1,1,6,6,6,6,6,6,6,6,6,6,1,1,6,6,6,6
Кольчугинский муниципальный район,0,0,0,0,0,6,6,6,6,6,6,6,6,6,6,6,6,6,6,6,6,6,6,6
Комсомольский муниципальный округ,4,4,4,4,4,4,4,4,4,4,4,4,4,4,4,4,4,8,8,8,8,8,8,8
Кондинский муниципальный район,1,1,1,6,6,6,6,6,6,6,6,6,6,6,6,6,6,6,6,6,6,6,6,6
Кондопожский муниципальный район,1,1,1,6,6,6,6,6,6,6,6,6,6,6,6,6,6,6,6,6,8,8,8,8
Коношский муниципальный район,0,0,0,0,0,0,6,6,9,9,9,9,9,9,9,9,9,9,9,8,8,8,8,8
Константиновский муниципальный район,1,1,1,1,1,1,1,1,1,1,1,1,9,9,9,9,9,8,8,8,8,8,8,8
Кораблинский муниципальный район,2,2,2,2,2,2,2,2,2,2,2,2,2,2,2,8,8,8,8,8,8,8,8,8
Коркинский муниципальный округ,0,0,0,0,0,9,9,9,9,9,9,9,9,9,9,9,9,8,8,8,8,8,8,8
Кормиловский муниципальный район,0,0,0,0,4,4,4,4,4,4,4,4,4,8,8,8,8,8,8,8,8,8,8,8
Корткеросский муниципальный район,0,0,0,0,2,2,4,4,4,4,4,4,4,4,8,8,8,8,8,8,8,8,8,8
Косихинский муниципальный район,2,2,2,4,4,4,4,4,4,4,4,4,4,4,8,8,8,8,8,8,8,8,8,8
Костромской муниципальный район,0,0,0,0,6,6,6,6,6,6,6,6,6,6,6,6,6,6,6,6,6,6,6,6
Котельниковский муниципальный район,2,2,2,2,2,2,9,9,9,9,9,9,9,9,9,9,8,8,8,8,8,8,8,8
Котельничский муниципальный район,2,2,2,2,2,4,4,4,4,4,4,4,4,8,8,8,8,8,8,8,8,8,8,8
Котласский муниципальный округ,0,0,0,0,9,9,9,9,9,9,9,9,9,9,9,9,9,8,8,8,8,8,8,8
Котовский муниципальный район,0,0,0,0,0,9,9,9,9,9,9,9,9,9,9,9,8,8,8,8,8,8,8,8
Коченевский муниципальный район,0,0,0,0,9,9,9,9,9,9,9,9,9,9,9,9,9,9,8,8,8,8,8,8
Кочковский муниципальный район,2,2,2,2,2,2,2,2,2,2,2,2,2,8,8,8,8,8,8,8,8,8,8,8
Кочубеевский муниципальный округ,0,0,0,0,4,4,9,9,9,9,9,9,9,9,9,9,9,9,8,8,8,8,8,8
Кош-Агачский муниципальный район,0,0,0,0,0,0,0,5,5,5,5,5,5,5,5,5,5,5,5,5,5,5,5,5
Кошехабльский муниципальный район,2,2,4,4,4,4,4,4,4,4,9,9,9,9,9,9,8,8,8,8,8,8,8,8
Кошкинский муниципальный район,2,2,2,4,4,4,9,9,9,9,9,9,9,9,9,9,9,8,8,8,8,8,8,8
Крапивинский муниципальный округ,0,0,0,9,9,9,9,9,9,9,9,9,9,9,9,9,9,8,8,8,8,8,8,8
Краснобаковский муниципальный округ,0,0,0,0,9,9,9,9,9,9,9,9,9,9,9,9,8,8,8,8,8,8,8,8
Красноборский муниципальный округ,0,0,0,0,9,9,9,9,9,9,4,4,4,9,9,9,9,8,8,8,8,8,8,8
Красногвардейский муниципальный округ,2,2,2,2,4,4,9,9,9,9,9,9,9,9,9,9,9,8,8,8,8,8,8,8
Красногорский муниципальный район,2,2,2,4,4,4,4,4,4,4,4,4,4,8,8,8,8,8,8,8,8,8,8,8
Краснозерский муниципальный район,2,2,2,2,2,2,2,2,2,2,2,2,9,9,9,8,8,8,8,8,8,8,8,8
Краснозоренский муниципальный район,2,2,2,2,2,2,2,2,2,2,2,2,2,2,2,8,8,8,8,8,8,8,8,8
Краснокамский муниципальный район,4,4,4,4,4,4,4,4,4,4,4,4,4,4,8,8,8,8,8,8,8,8,8,8
Краснокутский муниципальный район,2,2,2,2,2,0,0,0,2,2,2,9,9,9,9,9,9,9,8,8,8,8,8,8
Краснооктябрьский муниципальный округ,2,2,2,2,2,2,2,2,2,2,2,2,2,2,8,8,8,8,8,8,8,8,8,8
Краснопартизанский муниципальный район,2,2,2,2,2,0,0,2,2,2,4,4,4,4,4,8,8,8,8,8,8,8,8,8
Красносельский муниципальный район,0,0,0,0,0,9,9,9,9,9,9,9,9,9,9,9,9,9,8,8,8,8,8,8
Краснослободский муниципальный район,2,2,2,2,2,2,2,2,2,2,2,2,2,2,8,8,8,8,8,8,8,8,8,8
Краснотуранский муниципальный район,2,2,2,2,2,4,4,4,4,9,9,9,9,9,9,9,9,8,8,8,8,8,8,8
Красночетайский муниципальный округ,4,4,4,4,4,4,4,4,4,4,4,4,4,4,4,4,4,4,4,8,8,8,8,8
Красночикойский муниципальный район,0,0,0,0,0,0,0,6,6,6,6,5,5,5,5,5,5,1,1,8,8,8,8,8
Краснощёковский муниципальный район,2,2,4,4,4,4,4,4,4,4,4,2,2,8,8,8,8,8,8,8,8,8,8,8
Кривошеинский муниципальный район,2,2,2,2,2,2,2,2,2,2,2,2,2,9,9,9,9,8,8,8,8,8,8,8
Кромской муниципальный район,0,0,0,0,0,0,0,9,9,9,9,9,9,9,9,9,8,8,8,8,8,8,8,8
Крутинский муниципальный район,2,2,2,2,2,2,2,2,2,2,2,2,2,2,2,8,8,8,8,8,8,8,8,8
Крутихинский муниципальный район,2,2,2,2,2,2,2,2,2,2,2,2,2,2,2,8,8,8,8,8,8,8,8,8
Кстовский муниципальный округ,6,6,6,6,6,6,6,6,6,6,6,6,6,6,6,6,6,6,6,6,6,6,6,6
Кугарчинский муниципальный район,2,2,2,4,4,4,4,4,4,4,4,4,4,8,8,8,8,8,8,8,8,8,8,8
Куженерский муниципальный район,2,2,4,4,4,4,4,4,4,4,4,4,4,4,8,8,8,8,8,8,8,8,8,8
Кузоватовский муниципальный район,2,2,2,2,2,2,2,2,2,2,2,2,2,2,2,8,8,8,8,8,8,8,8,8
Куйтунский муниципальный район,2,2,2,2,2,2,9,9,9,9,9,9,9,9,9,9,8,8,8,8,8,8,8,8
Кукморский муниципальный район,4,4,4,4,4,4,4,4,4,4,4,4,4,4,4,8,8,8,8,8,8,8,8,8
Кулундинский муниципальный район,2,2,0,0,9,9,9,9,9,9,9,9,9,9,9,9,9,9,8,8,8,8,8,8
Куменский муниципальный район,2,2,2,2,2,2,2,2,2,2,2,2,2,2,2,8,8,8,8,8,8,8,8,8
Кумылженский муниципальный район,2,2,2,2,2,2,2,2,2,2,2,2,2,2,2,8,8,8,8,8,8,8,8,8
Кунашакский муниципальный район,2,2,2,2,2,2,2,4,4,4,4,4,4,4,8,8,8,8,8,8,8,8,8,8
Купинский муниципальный район,2,2,2,2,2,9,9,9,9,9,9,9,9,9,9,9,9,9,8,8,8,8,8,8
Курагинский муниципальный район,2,2,2,2,2,2,9,9,9,9,9,9,9,9,9,9,9,9,8,8,8,8,8,8
Куркинский муниципальный район,2,2,2,2,2,2,2,2,2,2,2,2,2,2,8,8,8,8,8,8,8,8,8,8
Курманаевский муниципальный район,2,2,2,2,2,2,2,2,2,2,2,2,2,2,2,8,8,8,8,8,8,8,8,8
Курский муниципальный округ,2,2,2,2,2,2,2,2,2,2,2,2,2,5,5,5,5,5,5,5,5,5,5,5
Куртамышский муниципальный округ,2,2,2,2,2,2,2,2,2,2,2,2,2,2,8,8,8,8,8,8,8,8,8,8
Курьинский муниципальный район,4,4,4,4,4,4,4,4,4,4,4,4,2,2,8,8,8,8,8,8,8,8,8,8
Кусинский муниципальный район,2,2,2,2,4,4,4,4,4,4,4,4,4,4,4,9,9,8,8,8,8,8,8,8
Кушнаренковский муниципальный район,4,4,4,4,4,4,4,4,4,4,4,4,4,4,4,8,8,8,8,8,8,8,8,8
Кызылский муниципальный район,0,0,0,0,0,0,0,0,5,5,5,5,5,5,5,5,5,1,1,1,1,5,5,5
Кыринский муниципальный район,2,2,2,1,1,1,1,1,1,1,1,1,1,1,1,1,1,1,1,1,1,1,1,1
Кытмановский муниципальный район,2,2,2,2,2,2,2,2,2,2,2,2,2,2,2,8,8,8,8,8,8,8,8,8
Кыштовский муниципальный район,2,2,2,2,2,2,2,2,2,2,2,2,2,8,8,8,8,8,8,8,8,8,8,8
Лаганский муниципальный район,2,2,2,2,2,2,2,2,2,2,2,2,2,2,8,8,8,8,8,8,8,8,8,8
Лазовский муниципальный округ,1,1,1,1,1,1,1,1,1,1,1,1,9,9,9,9,1,1,1,1,1,8,8,8
Лаишевский муниципальный район,6,6,6,6,6,6,6,6,6,6,6,6,6,6,6,6,6,6,6,6,6,6,6,6
Лахденпохский муниципальный район,1,1,1,6,6,6,6,6,6,6,6,6,6,6,6,6,6,6,6,6,6,8,8,8
Лебедянский муниципальный район,0,0,0,0,9,9,9,9,9,9,9,9,9,9,9,9,9,8,8,8,8,8,8,8
Лебяжьевский муниципальный округ,2,2,2,2,2,2,2,2,2,2,2,2,2,8,8,8,8,8,8,8,8,8,8,8
Лев-Толстовский муниципальный район,2,2,2,2,2,2,9,9,9,9,9,9,9,9,9,9,9,8,8,8,8,8,8,8
Левокумский муниципальный округ,2,2,2,2,2,2,2,2,2,2,2,2,2,2,2,8,8,8,8,8,8,8,8,8
Лежневский муниципальный район,2,2,2,2,2,2,2,2,2,2,2,2,2,8,8,8,8,8,8,8,8,8,8,8
Лениногорский муниципальный район,0,0,0,0,0,0,6,6,6,6,6,6,6,6,6,6,6,6,6,6,6,6,6,6
Лиманский муниципальный район,2,2,2,2,2,2,2,2,2,2,2,2,2,2,2,8,8,8,8,8,8,8,8,8
Ловозерский муниципальный район,1,1,1,1,1,1,1,1,1,1,6,6,6,6,6,6,6,6,6,6,8,8,8,8
Лодейнопольский муниципальный район,1,1,1,1,1,6,6,6,6,6,6,6,6,6,6,6,6,6,6,6,6,6,6,6
Локтевский муниципальный район,2,2,2,2,4,4,4,4,4,4,4,2,2,2,8,8,8,8,8,8,8,8,8,8
Ломоносовский муниципальный район,7,7,7,7,7,7,7,7,7,7,7,7,7,7,7,7,7,7,7,7,7,7,7,7
Лопатинский муниципальный район,2,2,2,2,2,2,2,2,2,2,2,2,2,2,2,8,8,8,8,8,8,8,8,8
Лоухский муниципальный район,1,1,1,6,6,6,6,6,6,6,6,6,6,6,6,6,6,6,6,6,8,8,8,8
Лужский муниципальный район,1,1,6,6,6,6,6,6,6,6,6,6,6,6,6,6,6,6,6,7,7,7,7,7
Лукояновский муниципальный округ,2,2,2,2,2,2,2,2,2,2,2,2,2,8,8,8,8,8,8,8,8,8,8,8
Лунинский муниципальный район,2,2,2,2,2,2,2,2,2,2,2,2,2,2,8,8,8,8,8,8,8,8,8,8
Лухский муниципальный район,2,2,2,2,2,2,2,2,2,2,2,2,2,2,8,8,8,8,8,8,8,8,8,8
Лысковский муниципальный округ,0,0,0,0,9,9,9,9,9,9,9,9,9,9,9,9,8,8,8,8,8,8,8,8
Лысогорский муниципальный район,2,2,2,2,2,2,2,2,2,2,2,2,2,2,2,8,8,8,8,8,8,8,8,8
Любимский муниципальный район,2,2,2,2,2,2,2,2,2,2,2,2,2,2,8,8,8,8,8,8,8,8,8,8
Любинский муниципальный район,4,4,0,0,4,4,4,4,4,4,4,4,4,4,4,4,4,4,8,8,8,8,8,8
Любытинский муниципальный район,2,2,2,2,2,2,9,9,9,9,9,9,9,9,9,9,9,9,8,8,8,8,8,8
Людиновский муниципальный район,0,0,0,0,0,9,9,9,9,9,9,9,9,9,9,9,8,8,8,8,8,8,8,8
Лямбирский муниципальный район,0,0,0,0,4,4,4,4,9,9,9,9,9,9,9,9,9,8,8,8,8,8,8,8
Магдагачинский муниципальный район,1,1,1,1,1,1,1,1,1,1,1,1,1,1,1,1,1,1,1,1,1,1,1,1
Мазановский муниципальный район,1,1,1,1,1,1,1,1,1,1,1,1,1,1,9,9,9,9,1,1,1,1,1,1
Майкопский муниципальный район,0,0,0,0,5,5,5,5,5,9,9,9,9,9,9,8,8,8,8,8,8,8,8,8
Майминский муниципальный район,0,0,0,0,6,6,6,6,6,6,6,6,6,6,6,6,6,6,6,6,6,6,6,6
Майнский муниципальный район,2,2,2,2,2,2,2,2,2,2,2,2,2,2,2,8,8,8,8,8,8,8,8,8
Майский муниципальный район,2,2,2,2,2,2,2,2,2,2,2,2,2,2,8,8,8,8,5,5,8,8,8,8
Макарьевский муниципальный район,2,2,2,2,2,2,2,2,2,2,2,2,2,2,2,8,8,8,8,8,8,8,8,8
Малмыжский муниципальный район,2,2,2,2,4,4,4,4,2,2,2,2,2,8,8,8,8,8,8,8,8,8,8,8
Малоархангельский муниципальный район,2,2,2,2,2,2,2,2,2,2,2,2,9,9,8,8,8,8,8,8,8,8,8,8
Маловишерский муниципальный район,0,0,0,0,0,9,9,9,9,9,9,9,9,9,9,9,9,9,8,8,8,8,8,8
Малодербетовский муниципальный район,0,0,0,2,2,2,2,2,2,2,2,2,2,2,2,8,8,5,5,5,5,8,8,8
Малосердобинский муниципальный район,2,2,2,2,2,2,2,2,2,2,2,2,2,2,2,8,8,8,8,8,8,8,8,8
Малоярославецкий муниципальный район,0,0,0,0,6,6,6,6,6,6,6,6,6,6,6,6,6,6,6,6,6,6,6,6
Мамадышский муниципальный район,4,4,4,4,4,4,4,4,4,4,4,4,4,4,4,4,8,8,8,8,8,8,8,8
Мамонтовский муниципальный район,2,2,2,4,4,4,4,4,4,4,4,4,4,8,8,8,8,8,8,8,8,8,8,8
Манский муниципальный район,2,2,2,2,2,2,2,2,2,2,2,2,2,2,8,8,8,8,8,8,8,8,8,8
Мантуровский муниципальный округ,2,2,2,2,2,9,9,2,2,2,9,9,9,9,9,9,9,9,8,8,8,8,8,8
Мари-Турекский муниципальный район,4,4,4,4,4,4,4,4,4,4,4,4,4,4,4,8,8,8,8,8,8,8,8,8
Мариинский муниципальный округ,0,0,0,0,9,9,9,9,9,9,9,9,9,9,9,9,9,8,8,8,8,8,8,8
Мариинско-Посадский муниципальный округ,4,4,4,4,4,4,4,4,4,4,4,4,4,4,4,8,8,8,8,8,8,8,8,8
Марксовский муниципальный район,0,0,0,0,0,0,0,9,9,9,9,4,4,4,4,4,8,8,8,8,8,8,8,8
Марьяновский муниципальный район,2,2,2,4,4,4,4,4,4,4,4,4,4,4,9,9,8,8,8,8,8,8,8,8
Маслянинский муниципальный район,2,2,2,2,2,9,9,9,9,9,9,9,9,9,9,9,9,9,8,8,8,8,8,8
Матвеевский муниципальный район,2,2,2,2,4,4,4,2,2,2,2,2,2,8,8,8,8,8,8,8,8,8,8,8
Мегино-Кангаласский муниципальный район,1,1,1,1,1,1,1,1,1,1,1,1,1,1,1,1,1,1,1,1,1,1,1,1
Медведевский муниципальный район,6,6,6,0,0,6,6,6,6,6,6,6,6,6,6,6,6,6,6,6,6,6,6,6
Медвежьегорский муниципальный район,1,1,0,0,0,0,6,6,6,6,6,6,9,9,9,9,9,9,8,8,8,8,8,8
Медынский муниципальный район,2,2,2,2,2,2,2,2,2,9,9,9,9,9,9,9,9,8,8,8,8,8,8,8
Междуреченский муниципальный округ,2,2,2,2,2,2,2,2,2,2,2,2,2,2,2,8,8,8,8,8,8,8,8,8
Межевской муниципальный округ,2,2,2,2,2,2,2,2,2,2,2,2,2,8,8,8,8,8,8,8,8,8,8,8
Мезенский муниципальный округ,1,1,1,1,1,1,1,1,1,1,1,1,1,9,9,9,9,8,8,8,8,8,8,8
Меленковский муниципальный район,0,0,2,2,4,4,2,2,4,4,4,4,9,9,9,9,9,8,8,8,8,8,8,8
Мелеузовский муниципальный район,0,0,0,0,0,6,6,6,6,6,6,6,6,6,6,6,6,6,6,6,6,6,6,6
Менделеевский муниципальный район,0,0,0,4,4,4,4,4,4,4,4,4,4,4,4,4,4,8,8,8,8,8,8,8
Мензелинский муниципальный район,0,0,4,4,4,4,4,4,4,4,4,4,4,4,8,8,8,8,8,8,8,8,8,8
Мечетлинский муниципальный район,4,4,4,4,4,4,4,4,4,4,4,4,4,4,4,8,8,8,8,8,8,8,8,8
Мещовский муниципальный район,2,2,2,2,2,2,2,2,2,2,2,2,2,2,2,8,8,8,8,8,8,8,8,8
Милославский муниципальный район,2,2,2,2,2,2,2,2,2,2,2,2,2,8,8,8,8,8,8,8,8,8,8,8
Мильковский муниципальный округ,1,1,1,1,1,1,1,1,1,1,1,1,1,1,1,1,1,1,1,1,1,1,1,1
Минераловодский муниципальный округ,6,6,6,6,6,6,6,6,6,6,6,6,6,6,6,6,6,6,6,6,6,6,6,6
Мирнинский муниципальный район,1,1,1,1,1,1,1,1,1,1,1,1,1,1,1,1,1,1,1,1,1,1,1,1
Мишкинский муниципальный округ,2,2,2,2,2,2,2,2,2,2,2,2,2,8,8,8,8,8,8,8,8,8,8,8
Мишкинский муниципальный район,4,4,4,4,4,4,4,4,4,4,4,4,4,4,4,8,8,8,8,8,8,8,8,8
Миякинский муниципальный район,4,4,4,4,4,4,4,4,4,4,4,4,4,4,4,8,8,8,8,8,8,8,8,8
Могойтуйский муниципальный район,0,0,0,0,0,0,0,5,5,5,5,5,5,5,5,5,5,1,1,1,1,1,1,1
Могочинский муниципальный округ,1,1,1,1,1,1,1,1,1,1,1,1,6,6,6,6,6,1,1,1,1,1,6,6
Моздокский муниципальный район,0,0,0,0,0,0,0,9,9,9,9,9,9,9,9,8,8,8,8,8,8,8,8,8
Мокроусовский муниципальный округ,2,2,2,2,2,2,2,2,2,2,2,2,2,2,2,8,8,8,8,8,8,8,8,8
Мокшанский муниципальный район,2,2,2,4,4,0,0,4,4,4,4,4,4,4,4,4,4,4,8,8,8,8,8,8
Молчановский муниципальный район,0,0,0,0,2,2,9,9,9,9,9,9,9,9,9,9,8,8,8,8,8,8,8,8
Монастырщинский муниципальный район,4,4,4,4,4,4,4,4,4,4,4,4,4,8,8,8,8,8,8,8,8,8,8,8
Моргаушский муниципальный округ,4,4,4,4,4,4,4,4,4,4,4,4,4,4,4,4,4,4,8,8,8,8,8,8
Мордовский муниципальный округ,2,2,2,2,2,2,2,2,2,2,2,2,2,2,8,8,8,8,8,8,8,8,8,8
Моркинский муниципальный район,4,4,4,4,4,4,4,4,4,4,4,4,4,4,8,8,8,8,8,8,8,8,8,8
Мосальский муниципальный район,2,2,2,2,2,2,2,2,2,2,2,9,9,9,9,9,8,8,8,8,8,8,8,8
Москаленский муниципальный район,2,2,2,4,4,4,4,4,4,4,4,4,4,4,9,9,9,8,8,8,8,8,8,8
Мотыгинский муниципальный район,1,1,1,1,1,1,1,1,1,1,1,1,1,6,6,6,6,6,6,6,6,8,8,8
Мошковский муниципальный район,0,0,0,0,0,9,9,9,9,9,9,9,9,9,9,9,9,8,8,8,8,8,8,8
Муезерский муниципальный район,2,2,2,6,6,6,6,6,6,6,6,9,9,6,6,6,6,6,6,8,8,8,8,8
Муромцевский муниципальный район,2,2,2,2,4,4,4,4,4,4,4,4,4,4,4,8,8,8,8,8,8,8,8,8
Муслюмовский муниципальный район,4,4,4,4,4,4,4,4,4,4,4,4,4,4,4,4,4,4,8,8,8,8,8,8
Мучкапский муниципальный округ,2,2,2,2,2,2,2,2,2,2,2,2,2,2,8,8,8,8,8,8,8,8,8,8
Мышкинский муниципальный район,0,0,0,0,0,9,9,9,9,9,9,9,9,9,9,9,9,8,8,8,8,8,8,8
Нагайбакский муниципальный район,2,2,4,4,4,4,4,4,4,4,4,4,4,8,8,8,8,8,8,8,8,8,8,8
Нагорский муниципальный район,1,1,1,1,1,1,1,1,1,1,4,4,2,2,8,8,8,8,8,8,8,8,8,8
Надеждинский муниципальный район,1,1,1,1,1,1,1,1,1,1,1,1,1,1,1,1,1,6,6,1,1,1,1,1
Называевский муниципальный район,2,2,2,2,2,2,2,2,2,2,2,2,2,8,8,8,8,8,8,8,8,8,8,8
Намский муниципальный район,1,1,1,1,1,1,1,1,1,1,1,1,1,1,1,1,1,1,1,1,1,1,1,1
Нанайский муниципальный район,1,1,1,1,1,1,1,1,1,1,1,1,1,9,9,9,9,8,8,1,1,1,8,8
Наримановский муниципальный район,0,0,0,0,0,0,6,6,6,6,6,6,6,6,6,6,6,6,6,6,6,8,8,8
Наровчатский муниципальный район,2,2,2,2,2,2,2,2,2,2,2,2,2,2,2,8,8,8,8,8,8,8,8,8
Неверкинский муниципальный район,2,2,4,4,4,4,2,2,2,2,2,2,2,2,2,2,8,8,8,8,8,8,8,8
Нейский муниципальный округ,2,2,2,2,2,2,2,2,2,2,2,2,2,2,9,9,8,8,8,8,8,8,8,8
Некоузский муниципальный район,2,2,2,2,2,2,2,2,2,2,2,2,2,2,2,2,8,8,8,8,8,8,8,8
Некрасовский муниципальный район,0,0,0,0,0,2,2,2,2,2,9,9,2,2,2,9,9,8,8,8,8,8,8,8
Немецкий национальный муниципальный район,2,2,2,2,2,2,2,2,2,2,2,2,2,2,9,9,8,8,8,8,8,8,8,8
Нерчинский муниципальный район,0,0,0,0,1,1,1,1,1,1,1,1,9,9,9,9,9,9,1,1,1,1,8,8
Нерюнгринский муниципальный район,1,1,1,1,1,1,1,1,1,1,1,1,1,1,1,1,1,1,1,1,1,1,1,1
Нефтегорский муниципальный район,2,2,0,0,9,9,9,9,9,9,9,9,9,9,9,9,9,8,8,8,8,8,8,8
Нефтекумский муниципальный округ,2,2,2,2,2,2,9,9,9,9,9,9,9,9,9,9,9,9,8,8,8,8,8,8
Нефтеюганский муниципальный район,1,1,1,1,1,1,1,1,1,6,6,6,6,6,6,1,1,1,1,6,6,6,6,6
Нехаевский муниципальный район,2,2,2,2,2,2,2,2,2,2,2,2,2,2,8,8,8,8,8,8,8,8,8,8
Нижневартовский муниципальный район,1,1,1,1,1,1,1,1,6,6,6,6,6,6,6,6,6,6,6,6,6,6,6,6
Нижнеилимский муниципальный район,0,0,0,6,6,6,6,6,6,6,6,9,9,6,6,6,6,6,6,6,8,8,8,8
Нижнеингашский муниципальный район,2,2,2,2,2,2,9,9,9,9,9,9,9,9,9,9,8,8,8,8,8,8,8,8
Нижнекамский муниципальный район,6,6,6,6,6,6,6,6,6,6,6,6,6,6,6,6,6,6,6,6,6,6,6,6
Нижнеколымский муниципальный район,1,1,1,1,1,1,1,1,1,1,1,1,1,1,1,1,1,1,1,1,1,1,1,1
Нижнеломовский муниципальный район,2,2,2,2,2,2,2,2,2,2,2,2,9,9,9,9,9,8,8,8,8,8,8,8
Нижнеомский муниципальный район,2,2,2,2,2,2,2,2,2,2,2,2,2,2,8,8,8,8,8,8,8,8,8,8
Нижнесергинский муниципальный район,0,0,0,0,9,9,9,9,9,9,9,9,9,9,9,9,9,8,8,8,8,8,8,8
Нижнетавдинский муниципальный район,0,0,0,9,9,9,9,9,9,9,9,9,9,9,9,9,9,8,8,8,8,8,8,8
Нижнеудинский муниципальный район,2,2,0,0,9,9,9,9,9,9,9,9,9,9,9,9,9,8,8,8,8,8,8,8
Никифоровский муниципальный округ,2,2,2,2,2,2,2,2,2,2,2,2,2,2,8,8,8,8,8,8,8,8,8,8
Никольский муниципальный округ,2,2,2,2,2,9,9,9,9,9,9,9,9,9,9,9,9,8,8,8,8,8,8,8
Никольский муниципальный район,2,2,2,2,2,2,2,2,2,2,2,2,2,2,8,8,8,8,8,8,8,8,8,8
Новгородский муниципальный район,6,6,6,6,6,6,6,6,6,6,6,6,6,6,6,6,6,6,6,6,6,6,6,6
Новичихинский муниципальный район,2,2,2,2,2,2,2,2,2,2,2,2,2,2,2,8,8,8,8,8,8,8,8,8
Новоалександровский муниципальный округ,2,2,2,2,2,2,2,2,9,9,9,9,9,9,9,9,9,9,8,8,8,8,8,8
Новоаннинский муниципальный район,2,2,2,2,2,2,2,2,2,9,9,9,9,9,9,9,9,8,8,8,8,8,8,8
Новобурасский муниципальный район,2,2,2,2,2,2,2,2,2,2,2,2,2,8,8,8,8,8,8,8,8,8,8,8
Нововаршавский муниципальный район,2,2,2,4,4,4,4,4,4,4,4,4,4,8,8,8,8,8,8,8,8,8,8,8
Новодеревеньковский муниципальный район,2,2,2,2,2,2,2,2,2,2,2,9,9,9,9,8,8,8,8,8,8,8,8,8
Новодугинский муниципальный район,2,2,2,2,2,2,2,2,2,2,2,2,2,9,9,9,9,8,8,8,8,8,8,8
Новониколаевский муниципальный район,2,2,2,2,2,2,2,2,2,2,9,9,9,9,9,9,8,8,8,8,8,8,8,8
Новоорский муниципальный район,2,2,2,2,2,2,2,2,2,2,2,2,2,2,2,8,8,8,8,8,8,8,8,8
Новоселицкий муниципальный округ,2,2,2,2,2,2,2,2,2,2,2,2,2,2,8,8,8,8,8,8,8,8,8,8
Новоселовский муниципальный район,2,2,2,2,2,9,9,9,9,9,9,9,9,9,9,9,8,8,8,8,8,8,8,8
Новосергиевский муниципальный район,2,2,2,4,4,4,4,4,4,4,4,4,4,9,9,9,8,8,8,8,8,8,8,8
Новосибирский муниципальный район,6,6,6,6,6,6,6,7,7,7,7,6,6,6,6,6,6,6,6,6,6,6,6,6
Новосильский муниципальный район,2,2,2,2,2,2,2,2,2,2,2,2,2,2,8,8,8,8,8,8,8,8,8,8
Новосокольнический муниципальный район,2,2,2,2,2,2,2,2,2,2,2,2,2,2,2,2,8,8,8,8,8,8,8,8
Новоспасский муниципальный район,2,2,2,2,2,2,2,2,2,2,2,2,2,2,2,8,8,8,8,8,8,8,8,8
Новоторъяльский муниципальный район,2,2,2,2,2,4,4,4,4,4,4,4,4,8,8,8,8,8,8,8,8,8,8,8
Новоузенский муниципальный район,0,0,0,0,0,0,0,0,5,5,5,5,5,5,5,5,5,5,5,5,5,5,5,5
Новошешминский муниципальный район,2,2,4,4,4,4,4,4,4,4,4,4,4,4,4,8,8,8,8,8,8,8,8,8
Нолинский муниципальный район,2,2,2,4,4,4,4,4,4,4,4,4,4,4,4,8,8,8,8,8,8,8,8,8
Нукутский муниципальный район,0,0,0,0,0,9,9,9,9,9,9,9,9,9,9,9,9,8,8,8,8,8,8,8
Нуримановский муниципальный район,0,0,0,0,4,4,4,4,4,4,4,4,4,4,4,4,4,8,8,8,8,8,8,8
Нурлатский муниципальный район,0,0,4,4,4,4,4,4,4,4,4,4,4,4,8,8,8,8,8,8,8,8,8,8
Нюксенский муниципальный округ,2,2,2,2,2,2,9,9,9,9,9,9,9,9,9,9,9,8,8,8,8,8,8,8
Нюрбинский муниципальный район,1,1,1,1,1,1,1,1,1,1,1,1,1,1,1,1,1,1,1,1,1,1,1,1
Нязепетровский муниципальный район,2,2,2,2,2,2,2,2,2,2,2,2,2,2,2,8,8,8,8,8,8,8,8,8
Няндомский муниципальный округ,0,0,0,0,0,0,6,6,6,6,6,6,6,6,9,9,9,8,8,8,8,8,8,8
Облученский муниципальный район,1,1,1,1,1,1,1,1,1,1,1,1,1,1,1,1,1,1,1,1,1,1,1,1
Одесский муниципальный район,2,2,2,2,2,2,4,4,4,4,4,4,4,8,8,8,8,8,8,8,8,8,8,8
Одоевский муниципальный район,2,2,2,2,2,2,2,2,9,9,9,9,9,9,9,9,9,8,8,8,8,8,8,8
Озинский муниципальный район,2,2,2,2,2,2,2,2,2,2,2,2,2,9,9,8,8,8,8,8,8,8,8,8
Оймяконский муниципальный район,1,1,1,1,1,1,1,1,1,1,1,1,1,1,1,1,1,1,1,1,1,1,1,1
Оконешниковский муниципальный район,2,2,2,2,2,2,2,2,2,2,2,4,4,8,8,8,8,8,8,8,8,8,8,8
Октябрьский муниципальный округ,1,1,1,1,1,1,1,1,1,1,1,1,9,9,9,9,8,8,8,8,8,8,8,8
Окуловский муниципальный район,2,2,2,2,2,2,9,9,9,9,9,9,9,9,9,9,9,8,8,8,8,8,8,8
Олекминский муниципальный район,1,1,1,1,1,1,1,1,1,1,1,1,1,1,1,1,1,1,1,1,1,1,1,1
Оленекский эвенкийский национальный муниципальный район,1,1,1,1,1,1,1,1,1,1,1,1,1,1,1,1,1,1,1,1,1,1,1,1
Оловяннинский муниципальный район,0,0,0,0,0,1,1,9,9,9,9,9,9,9,9,9,9,9,9,9,8,8,8,8
Олонецкий муниципальный район,0,0,0,0,0,0,6,6,6,6,9,9,9,9,9,9,9,9,8,8,8,8,8,8
Ольгинский муниципальный округ,1,1,1,1,1,1,1,1,1,1,1,1,1,9,9,9,9,9,1,1,1,1,8,8
Ольховский муниципальный район,2,2,2,2,2,2,2,2,2,2,2,2,2,9,9,9,9,8,8,8,8,8,8,8
Ольхонский муниципальный район,0,0,0,0,9,9,5,5,5,5,5,5,5,5,5,5,5,5,5,5,5,8,8,8
Олюторский муниципальный район,1,1,1,1,1,1,1,1,1,1,1,1,1,1,1,1,1,1,1,1,1,1,1,1
Омский муниципальный район,0,0,0,0,0,0,0,6,6,6,6,6,6,6,6,6,6,6,6,6,8,8,8,8
Омутинский муниципальный район,2,2,2,2,2,9,9,9,9,9,9,9,9,9,9,9,9,9,9,8,8,8,8,8
Омутнинский муниципальный район,0,0,0,0,9,9,9,9,4,4,4,4,9,9,9,9,9,9,8,8,8,8,8,8
Онгудайский муниципальный район,4,4,4,4,4,5,5,5,5,5,5,5,5,5,5,5,5,5,5,5,5,5,5,5
Онежский муниципальный район,0,0,0,0,0,0,6,6,6,9,9,9,9,9,9,9,9,9,8,8,8,8,8,8
Ононский муниципальный округ,2,2,2,1,1,1,1,1,5,5,5,5,1,1,1,1,1,1,1,1,1,1,8,8
Орджоникидзевский муниципальный район,2,2,2,2,2,2,2,2,2,2,2,2,2,2,2,8,8,8,8,8,8,8,8,8
Ордынский муниципальный район,0,0,2,2,9,9,9,9,9,9,9,9,9,9,9,9,9,9,8,8,8,8,8,8
Оричевский муниципальный район,0,0,0,0,0,4,4,4,4,4,4,2,2,9,9,8,8,8,8,8,8,8,8,8
Орловский муниципальный район,2,2,2,2,2,2,2,2,2,2,2,2,2,2,8,8,8,8,8,8,8,8,8,8
Оршанский муниципальный район,2,2,2,4,4,4,4,4,4,4,4,4,4,8,8,8,8,8,8,8,8,8,8,8
Осинский муниципальный район,4,4,4,4,4,4,4,4,4,4,4,4,4,4,8,8,8,8,8,8,8,8,8,8
Островский муниципальный округ,2,2,2,2,2,2,2,2,2,2,2,2,2,2,8,8,8,8,8,8,8,8,8,8
Островский муниципальный район,0,0,0,0,0,9,9,9,9,9,9,9,9,9,9,8,8,8,8,8,8,8,8,8
Охотский муниципальный округ,1,1,1,1,1,1,1,1,1,1,1,1,1,1,1,1,1,1,1,1,1,1,1,1
Павинский муниципальный округ,2,2,2,2,2,2,2,2,2,2,2,2,2,8,8,8,8,8,8,8,8,8,8,8
Павловский муниципальный округ,0,0,0,0,6,6,6,6,6,6,6,6,6,6,6,6,6,6,6,6,6,6,6,6
Павлоградский муниципальный район,2,2,4,4,4,4,4,4,4,4,4,4,4,8,8,8,8,8,8,8,8,8,8,8
Палехский муниципальный район,2,2,2,2,2,2,2,2,2,2,2,2,2,2,8,8,8,8,8,8,8,8,8,8
Палласовский муниципальный район,2,2,2,2,2,2,2,2,2,2,2,2,2,2,2,8,8,8,8,8,8,8,8,8
Панкрушихинский муниципальный район,2,2,2,2,2,4,4,4,4,4,2,2,2,2,2,8,8,8,8,8,8,8,8,8
Парабельский муниципальный район,0,0,0,0,0,0,6,6,9,9,9,9,9,9,9,9,9,9,8,8,8,8,8,8
Параньгинский муниципальный район,2,2,4,4,4,4,4,4,4,4,4,4,8,8,8,8,8,8,8,8,8,8,8,8
Партизанский муниципальный округ,1,1,1,1,1,1,1,1,1,1,1,1,1,1,9,9,9,9,9,1,1,1,1,1
Партизанский муниципальный район,2,2,2,2,2,2,2,2,2,2,2,2,2,2,2,8,8,8,8,8,8,8,8,8
Парфеньевский муниципальный округ,2,2,2,2,2,2,2,2,2,2,2,2,2,2,2,8,8,8,8,8,8,8,8,8
Парфинский муниципальный район,0,0,2,2,2,2,2,2,2,2,4,4,9,9,9,9,9,9,8,8,8,8,8,8
Пачелмский муниципальный район,2,2,2,2,2,2,2,2,2,2,2,2,2,2,2,8,8,8,8,8,8,8,8,8
Пензенский муниципальный район,6,6,6,6,6,6,6,6,6,6,6,6,6,6,6,6,6,6,6,6,6,6,6,6
Первомайский муниципальный округ,2,2,2,2,2,2,2,2,2,2,2,2,2,2,8,8,8,8,8,8,8,8,8,8
Переволоцкий муниципальный район,4,4,4,4,4,4,4,4,4,4,4,4,4,4,4,8,8,8,8,8,8,8,8,8
Перелюбский муниципальный район,2,2,2,2,2,2,2,2,2,2,2,2,2,2,2,8,8,8,8,8,8,8,8,8
Пестравский муниципальный район,2,2,2,2,2,2,2,2,2,2,9,9,9,9,9,9,9,9,8,8,8,8,8,8
Пестречинский муниципальный район,6,6,6,6,6,6,6,6,6,6,6,6,6,6,6,6,6,6,6,6,8,8,8,8
Пестяковский муниципальный район,2,2,2,2,2,2,2,2,2,2,2,2,2,8,8,8,8,8,8,8,8,8,8,8
Петровск-Забайкальский муниципальный район,4,4,4,4,4,4,4,4,4,9,9,9,9,9,9,9,9,8,8,8,8,8,8,8
Петровский муниципальный район,2,2,2,0,0,0,0,4,4,4,4,4,4,4,4,4,4,8,8,8,8,8,8,8
Петропавловский муниципальный район,2,2,2,2,2,2,2,2,2,2,2,2,2,2,2,8,8,8,8,8,8,8,8,8
Петуховский муниципальный округ,2,2,2,2,2,2,2,2,2,2,2,2,2,2,8,8,8,8,8,8,8,8,8,8
Петушинский муниципальный район,1,1,0,0,0,6,6,6,6,6,6,6,6,6,6,6,6,6,6,6,6,6,6,6
Печенгский муниципальный округ,1,1,1,1,1,1,1,1,1,1,1,1,1,1,1,1,1,1,1,1,1,1,1,1
Пий-Хемский муниципальный район,0,0,0,0,0,0,9,9,2,2,9,9,4,4,4,4,4,8,8,8,8,8,8,8
Пильнинский муниципальный округ,2,2,2,2,2,2,2,2,2,2,2,9,9,9,9,8,8,8,8,8,8,8,8,8
Пировский муниципальный округ,2,2,2,2,2,2,2,2,2,2,2,2,2,2,2,8,8,8,8,8,8,8,8,8
Пителинский муниципальный район,2,2,2,2,2,2,2,2,2,2,2,2,2,2,2,8,8,8,8,8,8,8,8,8
Питерский муниципальный район,2,2,2,2,2,2,2,2,2,2,2,2,2,2,2,8,8,8,8,8,8,8,8,8
Питкярантский муниципальный округ,1,1,6,6,6,6,6,6,6,6,6,6,6,6,6,6,6,6,6,6,8,8,8,8
Пичаевский муниципальный округ,2,2,2,2,2,2,2,2,2,2,2,2,2,2,2,8,8,8,8,8,8,8,8,8
Плавский муниципальный район,0,0,0,0,0,0,9,9,9,9,9,9,9,9,9,9,8,8,8,8,8,8,8,8
Пластовский муниципальный район,0,0,0,0,0,9,9,9,9,9,9,9,9,9,9,9,8,8,8,8,8,8,8,8
Плесецкий муниципальный округ,0,0,0,0,0,6,6,6,6,6,6,6,6,6,6,6,6,6,6,8,8,8,8,8
Плюсский муниципальный район,2,2,2,2,2,2,2,2,2,2,2,2,2,2,2,2,8,8,8,8,8,8,8,8
Пограничный муниципальный округ,1,1,1,1,1,1,1,1,1,1,1,1,1,1,6,6,1,1,1,1,1,1,8,8
Поддорский муниципальный район,2,2,2,2,2,2,2,9,9,2,2,2,2,2,8,8,8,8,8,8,8,8,8,8
Подосиновский муниципальный район,2,2,2,4,4,4,4,4,4,4,4,4,4,8,8,8,8,8,8,8,8,8,8,8
Подпорожский муниципальный район,0,0,0,0,6,6,6,6,6,6,6,6,6,6,6,6,6,6,6,6,6,6,6,6
Пожарский муниципальный округ,1,1,1,1,1,1,1,1,1,1,1,1,1,1,1,1,1,1,1,1,1,1,1,1
Покровский муниципальный район,2,2,2,2,2,2,2,2,2,2,2,2,2,9,9,8,8,8,8,8,8,8,8,8
Половинский муниципальный округ,2,2,2,2,2,2,2,2,2,2,2,2,2,2,8,8,8,8,8,8,8,8,8,8
Полтавский муниципальный район,4,4,4,4,4,4,4,4,4,4,4,4,4,4,8,8,8,8,8,8,8,8,8,8
Поназыревский муниципальный округ,2,2,2,2,4,4,4,4,4,4,4,4,4,4,4,9,9,8,8,8,8,8,8,8
Пономарёвский муниципальный район,2,2,2,2,2,2,2,2,2,2,2,2,2,2,2,8,8,8,8,8,8,8,8,8
Порецкий муниципальный округ,2,2,2,2,2,2,2,2,2,2,2,2,2,2,2,8,8,8,8,8,8,8,8,8
Порховский муниципальный район,2,2,2,9,9,9,9,9,9,9,9,9,9,9,9,9,9,9,8,8,8,8,8,8
Поспелихинский муниципальный район,2,2,2,4,4,4,4,4,4,4,4,2,2,2,2,8,8,8,8,8,8,8,8,8
Похвистневский муниципальный район,2,2,2,2,2,2,2,2,2,2,2,2,2,2,9,9,8,8,8,8,8,8,8,8
Починковский муниципальный округ,0,0,0,9,9,9,9,9,9,9,9,9,9,9,9,9,9,8,8,8,8,8,8,8
Починковский муниципальный район,2,2,2,2,2,9,9,9,9,9,9,9,9,9,9,9,8,8,8,8,8,8,8,8
Пошехонский муниципальный район,2,2,2,2,2,2,2,2,2,2,2,2,2,2,8,8,8,8,8,8,8,8,8,8
Правобережный муниципальный район,0,0,0,0,0,0,0,0,0,5,5,5,5,5,5,5,5,5,5,5,5,5,5,5
Предгорный муниципальный округ,0,0,0,0,0,0,0,6,6,6,6,6,6,6,6,6,6,6,6,6,8,8,8,8
Приаргунский муниципальный округ,0,0,1,1,1,1,1,1,1,1,1,1,9,9,9,9,9,9,9,1,1,8,8,8
Прилузский муниципальный район,0,0,0,9,9,9,4,4,4,4,4,4,4,9,9,9,9,8,8,8,8,8,8,8
Приморский муниципальный округ,1,1,1,1,1,1,1,1,1,1,1,6,6,6,6,6,1,1,1,1,1,6,6,6
Приозерский муниципальный район,1,1,1,6,6,6,6,6,6,6,6,6,6,6,6,6,6,6,6,6,6,6,6,6
Прионежский муниципальный район,1,1,7,7,7,7,7,7,6,6,6,6,6,6,7,7,7,7,6,6,6,6,6,6
Притобольный муниципальный округ,2,2,2,2,2,2,2,2,2,2,2,2,2,2,2,2,8,8,8,8,8,8,8,8
Прокопьевский муниципальный округ,0,0,0,0,0,0,9,9,9,9,9,9,9,9,9,8,8,8,8,8,8,8,6,6
Промышленновский муниципальный округ,0,0,0,0,0,9,9,9,9,9,9,9,9,9,9,9,9,9,8,8,8,8,8,8
Пронский муниципальный район,2,2,2,0,0,0,2,2,2,9,9,9,9,9,9,9,8,8,8,8,8,8,8,8
Пряжинский муниципальный район,0,0,0,0,0,6,6,9,9,9,9,9,9,9,9,9,9,9,8,8,8,8,8,8
Псковский муниципальный район,7,7,7,6,6,7,7,7,7,7,7,7,7,6,6,6,6,7,7,7,7,7,7,7
Пугачевский муниципальный район,2,2,2,2,2,2,2,2,2,2,2,9,9,9,9,9,9,9,8,8,8,8,8,8
Пудожский муниципальный район,0,0,0,0,0,0,9,9,9,9,9,9,9,9,9,9,9,9,8,8,8,8,8,8
Пустошкинский муниципальный район,2,2,2,2,2,2,2,2,2,2,2,2,9,9,9,9,8,8,8,8,8,8,8,8
Путятинский муниципальный округ,2,2,2,2,2,2,2,2,2,2,2,2,2,9,9,9,9,8,8,8,8,8,8,8
Пучежский муниципальный район,2,2,2,2,2,2,2,2,2,2,2,2,2,2,8,8,8,8,8,8,8,8,8,8
Пушкиногорский муниципальный район,2,2,2,2,2,9,9,9,9,9,9,9,9,9,9,9,9,8,8,8,8,8,8,8
Пыщугский муниципальный округ,2,2,4,4,4,4,4,4,4,2,2,2,8,8,8,8,8,8,8,8,8,8,8,8
Радищевский муниципальный район,2,2,2,2,2,2,2,2,2,2,2,2,2,2,2,8,8,8,8,8,8,8,8,8
Ребрихинский муниципальный район,2,2,4,4,4,4,4,4,4,4,4,4,4,4,4,8,8,8,8,8,8,8,8,8
Ржаксинский муниципальный округ,2,2,2,2,2,2,2,2,2,2,2,2,9,9,8,8,8,8,8,8,8,8,8,8
Ровенский муниципальный район,2,2,2,2,2,2,2,2,2,2,2,2,2,4,4,8,8,8,8,8,8,8,8,8
Родинский муниципальный район,2,2,2,2,2,2,2,2,2,2,2,2,2,2,2,8,8,8,8,8,8,8,8,8
Родниковский муниципальный район,2,2,2,2,2,2,2,2,2,2,2,2,2,2,9,9,9,8,8,8,8,8,8,8
Ромненский муниципальный округ,1,1,1,1,1,1,1,1,1,1,1,1,1,1,9,9,9,9,8,8,8,8,8,8
Ромодановский муниципальный район,2,2,2,2,2,2,2,2,2,2,2,2,2,2,2,8,8,8,8,8,8,8,8,8
Рославльский муниципальный район,0,0,0,0,0,6,6,6,9,9,9,9,9,9,9,9,9,8,8,8,8,8,8,8
Ростовский муниципальный район,0,0,0,0,0,6,6,6,6,6,6,6,6,6,6,6,8,8,8,8,8,8,8,8
Ртищевский муниципальный район,2,2,2,4,4,2,2,2,2,2,2,2,9,9,9,9,8,8,8,8,8,8,8,8
Рузаевский муниципальный район,0,0,0,0,0,9,9,9,9,9,9,9,9,9,9,9,8,8,8,8,8,8,8,8
Русско-Полянский муниципальный район,2,2,2,2,2,2,2,2,2,2,2,2,2,2,8,8,8,8,8,8,8,8,8,8
Рыбновский муниципальный район,0,0,0,0,0,0,9,9,9,9,9,9,9,9,9,9,8,8,8,8,8,8,8,8
Ряжский муниципальный округ,2,2,2,2,2,2,2,2,2,9,9,9,9,9,9,9,9,8,8,8,8,8,8,8
Рязанский муниципальный район,0,0,0,0,0,0,6,6,6,6,6,6,6,6,6,6,6,6,6,6,6,6,6,6
Сабинский муниципальный район,4,4,4,4,4,4,4,4,4,4,4,4,4,4,4,8,8,8,8,8,8,8,8,8
Савинский муниципальный район,2,2,2,2,2,2,2,2,2,2,2,2,2,2,2,8,8,8,8,8,8,8,8,8
Сакмарский муниципальный район,2,2,4,4,4,4,4,4,4,4,4,4,4,4,8,8,8,8,8,8,8,8,8,8
Салаватский муниципальный район,4,4,4,4,4,4,4,4,4,4,4,4,4,4,8,8,8,8,8,8,8,8,8,8
Самойловский муниципальный район,2,2,2,2,2,2,2,2,2,2,2,2,2,2,8,8,8,8,8,8,8,8,8,8
Сампурский муниципальный округ,2,2,2,2,2,2,2,2,2,2,2,2,2,2,2,8,8,8,8,8,8,8,8,8
Сапожковский муниципальный район,2,2,2,2,2,2,2,2,2,2,2,2,2,8,8,8,8,8,8,8,8,8,8,8
Сараевский муниципальный район,2,2,2,2,2,2,2,2,2,2,2,2,2,8,8,8,8,8,8,8,8,8,8,8
Саракташский муниципальный район,4,4,4,4,4,4,4,4,4,4,4,4,4,4,4,4,4,8,8,8,8,8,8,8
Саргатский муниципальный район,0,0,0,4,4,4,4,4,4,4,4,4,4,4,4,4,4,8,8,8,8,8,8,8
Сармановский муниципальный район,4,4,4,4,4,4,4,4,4,4,4,4,4,4,4,4,4,4,8,8,8,8,8,8
Сарпинский муниципальный район,2,2,2,2,2,2,2,2,2,2,2,2,9,9,9,9,8,8,8,8,8,8,8,8
Саткинский муниципальный район,0,0,0,0,0,6,6,6,6,6,6,6,6,6,6,6,6,6,6,6,6,6,6,6
Сафакулевский муниципальный округ,4,4,4,4,4,4,4,4,4,4,4,4,4,4,8,8,8,8,8,8,8,8,8,8
Сафоновский муниципальный район,0,0,0,0,0,6,6,9,9,9,9,9,9,9,9,9,9,8,8,8,8,8,8,8
Саянский муниципальный район,2,2,2,2,2,2,2,2,2,2,2,2,2,2,2,9,9,9,8,8,8,8,8,8
Свердловский муниципальный район,2,2,2,2,2,2,2,2,2,2,2,2,2,2,2,8,8,8,8,8,8,8,8,8
Светлинский муниципальный район,2,2,2,2,2,2,2,2,2,2,2,2,2,2,2,9,9,8,8,8,8,8,8,8
Светлоярский муниципальный район,0,0,0,0,0,0,0,9,9,9,9,9,9,9,9,9,8,8,8,8,8,8,8,8
Свободненский муниципальный район,0,0,0,0,0,0,0,0,0,0,0,0,0,6,6,6,6,6,6,6,6,6,6,6
Себежский муниципальный район,2,2,2,2,2,2,2,2,9,9,9,9,9,9,9,9,9,9,8,8,8,8,8,8
Северо-Енисейский муниципальный район,1,1,1,1,6,6,6,6,1,1,1,1,1,1,1,1,1,1,1,1,1,1,1,1
Сегежский муниципальный округ,1,1,1,1,6,6,6,6,6,6,6,6,6,6,6,6,6,6,6,8,8,8,8,8
Седельниковский муниципальный район,2,2,2,2,2,2,2,2,2,2,2,2,2,2,8,8,8,8,8,8,8,8,8,8
Селемджинский муниципальный район,1,1,1,1,1,1,1,1,1,1,1,1,1,1,1,1,1,1,1,1,1,1,1,1
Селивановский муниципальный район,2,2,2,2,2,2,2,2,2,2,2,2,2,2,2,8,8,8,8,8,8,8,8,8
Сенгилеевский муниципальный район,2,2,2,2,2,2,2,2,2,2,2,2,2,2,2,8,8,8,8,8,8,8,8,8
Серафимовичский муниципальный район,2,2,2,2,2,2,2,2,2,2,2,2,2,9,9,9,9,8,8,8,8,8,8,8
Сергачский муниципальный округ,2,2,2,2,2,9,9,9,9,9,9,9,9,9,9,9,9,9,8,8,8,8,8,8
Сергиевский муниципальный район,0,0,0,0,0,0,0,9,9,9,9,9,9,9,9,9,8,8,8,8,8,8,8,8
Сердобский муниципальный район,2,2,2,2,2,2,2,2,2,2,9,9,9,9,9,8,8,8,8,8,8,8,8,8
Сернурский муниципальный район,4,4,4,4,4,4,4,4,4,4,4,4,4,4,4,4,8,8,8,8,8,8,8,8
Серышевский муниципальный округ,1,1,1,1,1,1,1,1,1,1,1,1,9,9,9,9,9,9,9,1,1,1,8,8
Сеченовский муниципальный округ,2,2,2,2,2,2,2,2,2,2,2,2,2,2,2,8,8,8,8,8,8,8,8,8
Сковородинский муниципальный округ,1,1,1,1,1,1,1,1,1,1,1,1,1,1,1,1,1,1,1,1,1,1,8,8
Сладковский муниципальный район,2,2,2,2,2,2,2,2,2,2,2,2,2,2,9,9,8,8,8,8,8,8,8,8
Сланцевский муниципальный район,1,1,1,1,1,1,6,6,6,6,6,6,6,6,6,6,6,6,6,6,6,6,6,6
Слободо-Туринский муниципальный район,0,0,0,9,9,9,9,9,9,9,9,9,9,9,9,9,9,9,8,8,8,8,8,8
Слободской муниципальный район,0,0,0,0,0,0,4,4,4,4,4,4,4,4,4,4,4,8,8,8,8,8,8,8
Слюдянский муниципальный район,0,0,0,0,0,6,6,9,9,9,9,9,9,9,9,9,9,8,8,8,8,8,8,8
Смидовичский муниципальный район,1,1,1,1,1,1,1,1,1,1,1,1,1,1,1,1,1,1,1,1,1,6,6,6
Собинский муниципальный район,0,0,0,0,0,9,9,9,9,9,9,9,9,9,9,9,9,8,8,8,8,8,8,8
Соболевский муниципальный район,1,1,1,1,1,1,1,1,1,1,1,1,1,1,1,1,1,1,1,1,1,1,1,1
Советский муниципальный округ,2,2,2,2,2,2,9,9,9,9,9,9,9,9,9,9,9,9,8,8,8,8,8,8
Советско-Гаванский муниципальный район,1,1,1,1,1,1,1,1,1,1,1,1,1,1,1,1,1,1,1,1,1,1,1,1
Сокольский муниципальный округ,0,0,0,0,0,9,9,9,9,9,9,9,9,9,9,9,9,8,8,8,8,8,8,8
Солигаличский муниципальный округ,2,2,2,2,2,2,2,2,2,2,2,2,2,2,8,8,8,8,8,8,8,8,8,8
Солнечный муниципальный район,1,1,1,1,1,1,1,1,1,1,1,1,1,1,1,1,1,1,1,1,1,1,1,1
Солонешенский муниципальный район,2,2,2,2,2,2,2,2,2,2,2,2,2,2,2,8,8,8,8,8,8,8,8,8
Солтонский муниципальный район,2,2,2,2,2,2,2,2,2,2,2,2,2,8,8,8,8,8,8,8,8,8,8,8
Сорокинский муниципальный район,2,2,2,2,2,9,9,9,9,9,9,9,9,9,9,9,8,8,8,8,8,8,8,8
Сортавальский муниципальный район,1,1,1,1,6,6,6,6,6,6,6,6,6,6,6,6,6,6,6,6,6,6,6,6
Сосновоборский муниципальный район,2,2,2,2,4,4,4,4,4,4,4,9,9,9,9,9,8,8,5,5,5,5,8,8
Сосновский муниципальный район,6,6,6,6,6,6,6,6,6,6,6,6,6,6,6,6,6,6,6,6,6,6,6,6
Спас-Деменский муниципальный район,2,2,2,2,9,9,2,2,2,2,9,9,9,9,9,9,9,8,8,8,8,8,8,8
Спасский муниципальный округ,2,2,2,2,2,2,2,2,2,2,2,2,2,2,8,8,8,8,8,8,8,8,8,8
Среднеахтубинский муниципальный район,0,0,0,0,0,0,0,9,9,6,6,6,9,9,9,9,8,8,8,8,8,8,6,6
Среднеколымский муниципальный район,1,1,1,1,1,1,1,1,1,1,1,1,1,1,1,1,1,1,1,1,1,1,1,1
Сретенский муниципальный район,2,2,2,1,1,1,1,1,1,1,1,1,1,9,9,9,9,9,9,1,1,8,8,8
Ставропольский муниципальный район,0,0,0,0,6,6,6,6,6,6,6,6,6,6,6,6,6,6,6,6,6,6,6,6
Становлянский муниципальный район,0,0,0,0,0,0,0,4,4,4,4,4,4,4,4,8,8,8,8,8,8,8,8,8
Старожиловский муниципальный район,2,2,2,2,2,2,2,2,2,2,2,2,2,2,2,2,8,8,8,8,8,8,8,8
Старокулаткинский муниципальный район,2,2,2,2,2,2,2,2,2,2,2,2,2,2,2,8,8,8,8,8,8,8,8,8
Старомайнский муниципальный район,2,2,2,2,2,2,2,2,2,2,2,2,2,2,8,8,8,8,8,8,8,8,8,8
Старополтавский муниципальный район,2,2,2,2,2,2,2,2,2,2,2,2,2,2,2,8,8,8,8,8,8,8,8,8
Старорусский муниципальный район,0,0,0,0,0,9,9,9,9,9,9,9,9,9,9,9,8,8,8,8,8,8,8,8
Старошайговский муниципальный район,2,2,2,2,2,2,2,2,2,2,2,2,2,2,2,8,8,8,8,8,8,8,8,8
Староюрьевский муниципальный округ,2,2,2,2,2,2,2,2,2,2,2,2,2,2,8,8,8,8,8,8,8,8,8,8
Степновский муниципальный округ,2,2,2,2,2,2,2,2,2,2,2,2,2,2,2,8,8,8,8,8,8,8,8,8
Стерлибашевский муниципальный район,4,4,4,4,4,4,4,4,4,4,4,4,4,8,8,8,8,8,8,8,8,8,8,8
Стерлитамакский муниципальный район,6,6,6,6,6,6,6,6,6,6,6,6,6,6,6,6,6,6,6,6,6,6,6,6
Суворовский муниципальный район,2,2,2,2,2,2,2,2,9,9,9,9,9,9,9,9,9,8,8,8,8,8,8,8
Судиславский муниципальный район,2,2,2,2,2,2,2,2,2,2,2,2,2,2,9,9,8,8,8,8,8,8,8,8
Судогодский муниципальный район,0,0,0,9,9,9,9,9,9,9,9,9,9,9,9,9,9,8,8,8,8,8,8,8
Суздальский муниципальный район,0,0,0,0,0,0,0,6,6,6,6,6,6,6,6,6,6,6,6,6,6,6,6,6
Сузунский муниципальный район,0,0,0,0,9,9,9,9,9,9,9,9,9,9,9,8,8,8,8,8,8,8,8,8
Сунский муниципальный район,2,2,2,2,4,4,4,4,4,4,4,4,4,4,8,8,8,8,8,8,8,8,8,8
Сунтарский муниципальный район,1,1,1,1,1,1,1,1,1,1,1,1,1,1,1,9,9,1,1,1,1,1,1,1
Суоярвский муниципальный округ,0,0,0,6,6,6,6,6,6,9,9,9,9,9,9,9,9,8,8,8,8,8,8,8
Сургутский муниципальный район,1,1,1,1,1,1,1,1,1,6,6,6,1,1,1,1,1,1,1,1,1,1,1,1
Суровикинский муниципальный район,2,2,2,2,2,2,2,2,2,2,2,2,9,9,9,9,9,9,8,8,8,8,8,8
Сурский муниципальный район,2,2,2,2,2,2,2,2,2,2,2,2,2,8,8,8,8,8,8,8,8,8,8,8
Сусанинский муниципальный район,2,2,2,2,2,2,2,2,2,2,2,2,2,2,2,8,8,8,8,8,8,8,8,8
Сухиничский муниципальный район,2,2,2,2,2,2,9,9,9,9,9,9,9,9,9,9,8,8,8,8,8,8,8,8
Сухобузимский муниципальный район,2,2,2,2,2,4,4,4,4,4,9,9,9,9,9,9,8,8,8,8,8,8,8,8
Сызранский муниципальный район,0,0,0,0,0,0,0,6,6,9,9,9,9,9,9,8,8,8,8,8,8,8,8,8
Сыктывдинский муниципальный район,0,0,0,0,0,6,6,6,6,6,6,6,6,6,6,6,6,6,6,6,6,6,6,6
Сысольский муниципальный район,0,0,0,0,9,9,9,9,9,4,4,4,9,9,9,9,9,9,8,8,8,8,8,8
Сычевский муниципальный район,2,2,2,2,2,2,9,9,9,9,9,9,9,9,9,9,9,8,8,8,8,8,8,8
Сямженский муниципальный округ,2,2,2,2,2,2,2,2,2,2,2,2,2,9,9,8,8,8,8,8,8,8,8,8
Таборинский муниципальный район,2,2,2,2,2,2,9,9,9,9,9,9,2,2,9,9,8,8,8,8,8,8,8,8
Табунский муниципальный район,2,2,2,2,2,2,2,2,2,2,2,9,9,8,8,8,8,8,8,8,8,8,8,8
Таврический муниципальный район,0,0,0,0,4,4,4,4,4,4,4,4,4,4,4,4,4,8,8,8,8,8,8,8
Таймырский Долгано-Ненецкий муниципальный район,1,1,1,1,1,1,1,1,1,1,1,1,1,1,1,1,1,1,1,1,1,1,1,1
Тайшетский муниципальный район,0,0,0,0,0,6,6,6,6,6,6,6,9,9,9,9,8,8,8,8,8,8,8,8
Тальменский муниципальный район,0,0,4,4,4,4,4,4,4,4,4,4,4,4,4,4,4,8,8,8,8,8,8,8
Тамалинский муниципальный район,2,2,2,2,2,2,2,2,2,2,2,2,2,2,2,8,8,8,8,8,8,8,8,8
Тандинский муниципальный район,0,0,0,0,0,0,0,5,5,5,5,5,5,5,5,5,5,5,5,5,5,5,5,5
Тарногский муниципальный округ,2,2,2,2,9,9,9,9,9,9,9,9,9,9,9,9,9,8,8,8,8,8,8,8
Тарский муниципальный район,0,0,0,0,0,9,9,9,9,9,9,9,9,9,9,9,9,9,8,8,8,8,8,8
Тарусский муниципальный район,0,0,0,2,2,2,9,9,9,9,9,9,9,9,9,9,9,9,9,8,8,8,8,8
Тасеевский муниципальный район,2,2,2,2,2,9,9,2,2,2,2,2,9,9,9,9,8,8,8,8,8,8,8,8
Татарский муниципальный район,0,0,0,9,9,9,9,9,9,9,9,9,9,9,9,9,9,9,8,8,8,8,8,8
Татищевский муниципальный район,0,0,0,0,4,4,4,4,4,4,4,4,9,9,8,8,8,8,8,8,8,8,8,8
Таттинский муниципальный район,1,1,1,1,1,1,1,1,1,1,1,1,1,1,1,1,1,1,1,1,1,1,1,1
Татышлинский муниципальный район,2,2,2,2,4,4,4,4,4,4,4,4,4,4,8,8,8,8,8,8,8,8,8,8
Тахтамукайский муниципальный район,6,6,6,6,6,6,6,6,7,7,7,7,6,6,6,6,6,6,7,7,7,7,7,7
Ташлинский муниципальный район,4,4,4,4,4,4,4,4,4,4,4,4,4,4,4,4,8,8,8,8,8,8,8,8
Таштагольский муниципальный район,1,1,1,1,6,6,6,6,6,6,6,6,6,6,6,6,6,6,6,6,6,6,6,6
Таштыпский муниципальный район,0,0,0,0,5,5,5,9,9,5,5,5,5,5,8,8,8,5,5,5,5,5,8,8
Тевризский муниципальный район,2,2,2,2,2,2,2,2,2,2,2,2,9,9,9,9,9,8,8,8,8,8,8,8
Тегульдетский муниципальный район,2,2,2,2,2,2,2,2,2,2,2,2,2,2,9,9,8,8,8,8,8,8,8,8
Тейковский муниципальный район,2,2,2,2,2,2,2,2,2,2,9,9,9,9,9,9,9,8,8,8,8,8,8,8
Темкинский муниципальный район,2,2,2,2,2,2,2,2,2,2,2,2,2,2,8,8,8,8,8,8,8,8,8,8
Темниковский муниципальный район,2,2,2,2,2,2,2,2,2,2,2,2,2,2,2,8,8,8,8,8,8,8,8,8
Теньгушевский муниципальный район,2,2,2,2,2,2,2,2,2,2,2,2,2,2,2,8,8,8,8,8,8,8,8,8
Тепло-Огаревский муниципальный район,2,2,2,2,2,2,2,2,2,2,9,9,9,9,9,9,9,9,8,8,8,8,8,8
Тербунский муниципальный район,2,2,2,2,2,2,2,2,2,9,9,9,9,9,9,9,9,9,8,8,8,8,8,8
Тереньгульский муниципальный район,2,2,2,2,2,2,2,2,2,2,2,2,2,2,2,8,8,8,8,8,8,8,8,8
Тернейский муниципальный округ,1,1,1,1,1,1,1,1,1,1,1,1,1,1,1,1,1,1,1,1,1,8,8,8
Тетюшский муниципальный район,2,2,2,4,4,4,4,4,4,4,4,4,4,4,4,4,4,8,8,8,8,8,8,8
Теучежский муниципальный район,6,6,6,6,6,6,6,6,6,6,6,6,6,6,6,6,6,6,6,6,8,8,6,6
Тигильский муниципальный район,1,1,1,1,1,1,1,1,1,1,1,1,1,1,1,1,1,1,1,1,1,1,1,1
Тисульский муниципальный округ,2,2,9,9,9,9,9,9,9,9,9,9,9,9,9,9,9,9,9,8,8,8,8,8
Тихвинский муниципальный район,1,1,6,6,6,6,6,6,6,6,6,6,6,6,6,6,6,6,6,6,6,6,6,6
Тогульский муниципальный район,2,2,2,2,4,4,4,4,4,4,4,4,2,2,2,8,8,8,8,8,8,8,8,8
Тогучинский муниципальный район,0,0,0,4,4,4,4,4,4,4,4,9,9,9,9,9,9,8,8,8,8,8,8,8
Тоджинский муниципальный район,0,0,0,0,0,0,0,0,0,0,5,5,5,5,5,5,5,5,5,5,5,5,5,5
Токарёвский муниципальный округ,2,2,2,2,2,2,2,2,2,2,2,2,2,2,2,8,8,8,8,8,8,8,8,8
Томпонский муниципальный район,1,1,1,1,1,1,1,1,1,1,1,1,1,1,1,1,1,1,1,1,1,1,1,1
Томский муниципальный район,6,6,6,6,6,6,6,6,6,6,6,6,6,6,6,6,6,6,6,6,6,6,6,6
Тонкинский муниципальный округ,2,2,2,2,9,9,9,9,9,9,9,9,9,9,9,9,9,9,8,8,8,8,8,8
Тоншаевский муниципальный округ,2,2,2,2,2,9,9,9,9,9,9,9,9,9,9,9,9,8,8,8,8,8,8,8
Топкинский муниципальный округ,0,0,0,0,0,6,6,6,9,9,9,9,9,9,9,9,6,6,6,6,6,6,6,6
Топчихинский муниципальный район,4,4,4,4,4,4,4,4,4,4,4,4,4,4,4,4,4,8,8,8,8,8,8,8
Торбеевский муниципальный район,2,2,2,2,2,2,2,2,2,9,9,9,9,9,9,9,9,9,8,8,8,8,8,8
Тосненский муниципальный район,7,7,7,7,7,7,7,7,7,7,7,7,7,7,7,7,7,7,7,7,7,7,7,7
Тотемский муниципальный округ,0,0,0,0,9,9,9,9,9,9,9,9,9,9,9,9,8,8,8,8,8,8,8,8
Тоцкий муниципальный район,0,0,0,0,0,0,0,6,6,6,6,6,6,6,6,6,6,6,6,6,6,6,6,6
Третьяковский муниципальный район,2,2,2,2,2,2,2,2,2,2,2,2,2,8,8,8,8,8,8,8,8,8,8,8
Троицкий муниципальный район,2,2,2,2,2,2,2,2,2,2,2,2,2,8,8,8,8,8,8,8,8,8,8,8
Троицко-Печорский муниципальный район,2,2,2,2,2,6,6,6,6,9,9,9,9,9,9,9,9,8,8,8,8,8,8,8
Троснянский муниципальный район,2,2,2,2,4,4,4,4,4,4,2,2,2,2,2,8,8,8,8,8,8,8,8,8
Труновский муниципальный округ,2,2,2,2,2,2,2,2,2,2,2,2,2,2,2,8,8,8,8,8,8,8,8,8
Тужинский муниципальный район,2,2,2,2,2,2,2,2,4,4,4,2,2,8,8,8,8,8,8,8,8,8,8,8
Туймазинский муниципальный район,0,0,0,0,0,0,0,6,6,6,6,6,6,6,6,6,6,6,6,6,6,6,6,6
Туркменский муниципальный округ,2,2,2,2,2,2,2,2,2,2,2,2,2,2,2,8,8,8,8,8,8,8,8,8
Турковский муниципальный район,2,2,2,2,2,2,2,2,2,2,2,2,2,2,2,8,8,8,8,8,8,8,8,8
Турочакский муниципальный район,0,0,0,0,2,2,9,9,9,9,9,9,9,9,9,9,9,8,8,8,8,8,8,8
Туруханский муниципальный район,1,1,1,1,1,1,1,1,1,1,1,1,1,1,1,1,1,1,1,1,1,1,1,1
Тутаевский муниципальный район,0,0,0,0,0,0,0,6,6,6,6,6,6,6,6,6,6,6,6,6,6,6,6,6
Тындинский муниципальный округ,1,1,1,1,1,1,1,1,1,1,1,1,1,1,1,1,1,1,1,1,1,1,1,1
Тюкалинский муниципальный район,2,2,2,4,4,4,4,4,4,4,4,4,4,8,8,8,8,8,8,8,8,8,8,8
Тюльганский муниципальный район,2,2,4,4,4,4,4,4,4,4,4,4,4,4,8,8,8,8,8,8,8,8,8,8
Тюлячинский муниципальный район,4,4,4,4,4,4,4,4,4,4,4,4,4,4,4,4,8,8,8,8,8,8,8,8
Тюменский муниципальный район,6,6,6,6,6,6,6,6,6,6,6,6,6,6,6,6,6,6,6,6,6,6,6,6
Тюменцевский муниципальный район,2,2,2,2,2,2,4,4,4,4,4,4,2,2,8,8,8,8,8,8,8,8,8,8
Тюхтетский муниципальный округ,2,2,2,2,2,9,9,2,2,2,2,2,2,9,9,9,9,8,8,8,8,8,8,8
Тяжинский муниципальный округ,2,2,2,2,9,9,2,2,2,2,2,2,2,9,9,9,9,8,8,8,8,8,8,8
Убинский муниципальный район,2,2,2,2,2,2,2,2,2,2,2,2,2,9,9,9,9,8,8,8,8,8,8,8
Уватский муниципальный район,1,1,1,1,6,6,6,6,6,6,6,6,6,6,6,6,9,9,8,8,8,8,8,8
Увельский муниципальный район,0,0,0,0,0,4,4,4,4,4,4,4,4,4,4,4,4,8,8,8,8,8,8,8
Угличский муниципальный район,0,0,0,0,0,6,6,6,6,6,6,6,6,6,6,6,6,6,6,6,6,6,6,6
Угловский муниципальный район,2,2,2,4,4,4,4,4,4,4,4,4,8,8,8,8,8,8,8,8,8,8,8,8
Угранский муниципальный район,2,2,2,2,2,2,2,2,2,2,2,2,2,9,9,9,9,9,8,8,8,8,8,8
Удорский муниципальный район,0,0,0,0,0,0,6,6,9,9,9,9,9,9,9,9,9,9,8,8,8,8,8,8
Ужурский муниципальный район,0,0,0,0,0,0,0,9,9,9,9,9,9,9,9,9,9,9,8,8,8,8,8,8
Узловский муниципальный район,0,0,0,0,0,6,6,6,6,6,6,6,6,6,6,6,6,6,6,6,6,6,6,6
Уйский муниципальный район,2,2,2,4,4,4,4,4,2,2,2,2,2,8,8,8,8,8,8,8,8,8,8,8
Улаганский муниципальный район,0,0,5,5,5,5,5,5,5,5,5,5,5,5,5,5,5,5,5,5,5,5,5,5
Улуг-Хемский муниципальный район,0,0,0,0,0,4,4,5,5,5,5,5,5,5,5,5,5,5,5,5,5,5,5,5
Ульчский муниципальный район,1,1,1,1,1,1,1,1,1,1,1,1,1,9,9,9,9,8,8,1,1,8,8,8
Улётовский муниципальный район,0,0,2,2,4,4,4,4,4,4,9,9,9,9,9,9,9,9,8,8,8,8,8,8
Умётский муниципальный округ,2,2,2,2,2,2,2,2,2,2,2,4,4,4,4,4,8,8,8,8,8,8,8,8
Упоровский муниципальный район,0,0,0,9,9,9,9,9,9,9,9,9,9,9,9,9,9,9,8,8,8,8,8,8
Уренский муниципальный округ,0,0,0,0,0,9,9,9,9,9,9,9,9,9,9,9,9,8,8,8,8,8,8,8
Уржумский муниципальный район,2,2,2,4,4,4,4,4,4,4,4,2,2,8,8,8,8,8,8,8,8,8,8,8
Урицкий муниципальный район,0,0,0,0,0,0,0,2,2,4,4,4,4,4,4,8,8,8,8,8,8,8,8,8
Урмарский муниципальный округ,4,4,4,4,4,4,4,4,4,4,4,4,4,4,4,4,4,8,8,8,8,8,8,8
Урупский муниципальный район,0,0,0,0,0,0,2,2,2,2,2,2,2,2,2,2,2,2,2,8,8,8,8,8
Усманский муниципальный район,0,0,0,0,0,0,9,9,9,9,9,9,9,9,9,9,8,8,8,8,8,8,8,8
Усольский муниципальный район,0,0,0,0,0,9,9,9,9,9,9,9,9,9,9,9,8,8,8,8,8,8,8,8
Усть-Абаканский муниципальный район,0,0,0,0,0,9,9,6,6,6,6,6,6,6,6,6,6,8,8,8,8,8,6,6
Усть-Алданский муниципальный район,1,1,1,1,1,1,1,1,1,1,1,1,1,1,1,1,1,1,1,1,1,1,1,1
Усть-Большерецкий муниципальный район,1,1,1,1,1,1,1,1,1,1,1,1,1,1,1,1,1,1,1,1,1,1,1,1
Усть-Вымский муниципальный район,0,0,0,0,0,0,6,6,6,9,9,9,9,9,9,9,9,8,8,8,8,8,8,8
Усть-Джегутинский муниципальный район,4,4,4,0,0,0,0,0,0,5,5,5,5,5,5,5,5,5,5,5,5,5,5,5
Усть-Илимский муниципальный район,0,0,0,2,2,2,4,4,4,4,4,9,9,9,9,9,8,8,8,8,8,8,8,8
Усть-Ишимский муниципальный район,1,1,1,1,1,1,1,1,1,2,2,2,2,2,8,8,8,8,8,8,8,8,8,8
Усть-Калманский муниципальный район,2,2,2,2,2,2,2,2,2,2,2,2,2,2,2,8,8,8,8,8,8,8,8,8
Усть-Камчатский муниципальный район,1,1,1,1,1,1,1,1,1,1,1,1,1,1,1,1,1,1,1,1,1,1,1,1
Усть-Канский муниципальный район,4,4,4,4,4,4,5,5,5,5,5,5,5,5,5,5,5,5,5,5,5,5,5,5
Усть-Коксинский муниципальный район,0,0,0,0,5,5,5,5,5,5,5,5,9,9,5,5,5,5,5,5,5,5,5,5
Усть-Кубинский муниципальный округ,2,2,2,2,2,2,2,2,2,2,9,9,9,9,9,9,9,8,8,8,8,8,8,8
Усть-Куломский муниципальный район,0,0,0,2,2,2,4,4,4,4,4,4,4,9,9,9,9,9,9,8,8,8,8,8
Усть-Кутский муниципальный район,1,1,1,1,1,1,1,1,1,1,1,1,1,1,1,1,1,1,1,1,1,1,1,1
Усть-Майский муниципальный район,1,1,1,1,1,1,1,1,1,1,1,1,1,1,1,1,1,1,1,1,1,1,1,1
Усть-Пристанский муниципальный район,2,2,2,2,2,2,2,2,2,2,2,2,8,8,8,8,8,8,8,8,8,8,8,8
Усть-Таркский муниципальный район,2,2,2,2,2,2,9,9,9,9,9,9,9,9,9,9,9,9,8,8,8,8,8,8
Усть-Удинский муниципальный район,2,2,2,2,2,9,9,2,2,9,9,9,9,9,9,9,8,8,8,8,8,8,8,8
Усть-Цилемский муниципальный район,0,0,0,1,1,0,0,0,9,9,1,1,1,9,9,9,9,9,9,8,8,8,8,8
Усть-Янский муниципальный район,1,1,1,1,1,1,1,1,1,1,1,1,1,1,1,1,1,1,1,1,1,1,1,1
Устьянский муниципальный округ,0,0,0,0,0,6,6,6,6,6,6,6,6,6,6,6,6,8,8,8,8,8,8,8
Устюженский муниципальный округ,0,0,0,0,9,9,9,9,9,9,9,9,9,9,9,9,8,8,8,8,8,8,8,8
Уфимский муниципальный район,6,6,6,6,6,6,6,6,6,6,6,6,6,6,6,6,6,6,6,6,6,6,6,6
Ухоловский муниципальный район,2,2,2,2,2,2,2,2,2,2,2,2,2,2,8,8,8,8,8,8,8,8,8,8
Учалинский муниципальный район,0,0,0,0,0,0,6,6,6,6,6,6,6,6,6,6,6,6,6,6,6,6,6,6
Уярский муниципальный район,2,2,2,2,2,2,9,9,9,9,9,9,9,9,9,9,8,8,8,8,8,8,8,8
Ферзиковский муниципальный район,0,0,0,0,9,9,6,6,9,9,9,6,6,6,6,6,6,6,6,6,6,6,6,6
Фурмановский муниципальный район,0,0,0,0,0,0,0,0,0,9,9,9,4,4,4,4,8,8,8,8,8,8,8,8
Хабаровский муниципальный район,1,1,1,1,1,1,1,1,1,1,1,1,1,1,1,1,1,1,1,1,1,1,1,1
Хабарский муниципальный район,2,2,2,4,4,4,4,4,4,4,4,4,4,4,4,4,8,8,8,8,8,8,8,8
Хабезский муниципальный район,4,4,4,0,0,0,0,0,5,5,5,5,5,5,5,5,5,5,5,5,5,5,5,5
Хайбуллинский муниципальный район,4,4,4,4,4,4,4,4,4,4,4,4,4,4,4,4,4,8,8,8,8,8,8,8
Хангаласский муниципальный район,1,1,1,1,1,1,1,1,1,1,1,1,1,1,1,1,1,1,1,1,1,1,1,1
Ханкайский муниципальный округ,1,1,1,1,1,1,1,1,1,1,1,1,1,1,9,9,9,9,9,1,1,8,8,8
Ханты-Мансийский муниципальный район,1,1,1,1,1,1,1,1,1,1,1,1,1,1,1,1,1,1,1,1,1,6,6,6
Харабалинский муниципальный район,2,2,2,2,2,2,2,2,2,2,2,2,2,8,8,8,8,8,8,8,8,8,8,8
Харовский муниципальный округ,0,0,0,0,0,2,2,2,2,2,2,9,9,9,9,9,9,8,8,8,8,8,8,8
Хасанский муниципальный округ,1,1,1,1,1,1,1,1,1,1,1,1,1,1,1,1,1,1,1,1,1,1,1,1
Хвалынский муниципальный район,2,2,2,2,2,2,2,2,2,2,2,2,2,9,9,9,8,8,8,8,8,8,8,8
Хвастовичский муниципальный район,2,2,2,2,2,2,2,2,2,2,2,2,2,2,8,8,8,8,8,8,8,8,8,8
Хворостянский муниципальный район,2,2,2,2,2,2,2,2,2,2,2,9,9,9,9,9,9,8,8,8,8,8,8,8
Хилокский муниципальный район,0,0,0,0,0,0,9,9,9,9,9,9,9,9,9,9,8,8,8,8,8,8,8,8
Хиславичский муниципальный район,2,2,2,2,2,2,2,2,2,2,2,2,2,2,8,8,8,8,8,8,8,8,8,8
Хлевенский муниципальный район,2,2,2,2,2,2,2,2,2,2,2,2,9,9,9,9,8,8,8,8,8,8,8,8
Холм-Жирковский муниципальный район,2,2,2,2,2,2,2,2,2,2,9,9,9,9,9,9,9,9,8,8,8,8,8,8
Холмогорский муниципальный округ,0,0,0,2,2,2,2,2,2,9,9,9,9,9,9,9,9,9,8,8,8,8,8,8
Холмский муниципальный район,2,2,2,2,2,2,2,2,2,2,2,9,9,9,9,9,8,8,8,8,8,8,8,8
Хорольский муниципальный округ,1,1,1,1,1,1,1,1,1,1,1,1,9,9,9,9,9,8,8,8,8,8,8,8
Хотынецкий муниципальный район,2,2,2,2,2,2,2,2,2,2,2,2,2,2,8,8,8,8,8,8,8,8,8,8
Целинный муниципальный округ,2,2,2,2,2,2,2,2,2,2,2,2,2,2,2,8,8,8,8,8,8,8,8,8
Цивильский муниципальный округ,4,4,4,4,4,4,4,4,4,4,4,4,4,4,4,4,4,8,8,8,8,8,8,8
Чагодощенский муниципальный округ,0,0,0,0,0,0,0,9,9,9,9,9,9,9,9,9,9,8,8,8,8,8,8,8
Чаинский муниципальный район,2,2,2,2,2,2,9,9,2,2,2,2,2,9,9,9,8,8,8,8,8,8,8,8
Чамзинский муниципальный район,0,0,0,0,0,9,9,9,9,9,4,4,4,9,9,9,8,8,8,8,8,8,8,8
Чановский муниципальный район,2,2,2,2,2,9,9,9,9,9,9,9,9,9,9,9,9,9,8,8,8,8,8,8
Чаплыгинский муниципальный район,2,2,2,2,2,2,2,2,2,9,9,9,9,9,9,9,9,9,8,8,8,8,8,8
Частоозерский муниципальный округ,2,2,2,2,4,4,2,2,2,2,2,2,2,2,2,8,8,8,8,8,8,8,8,8
Чебаркульский муниципальный район,0,0,0,0,4,4,4,4,4,4,4,9,9,9,9,9,9,8,8,8,8,8,8,8
Чебоксарский муниципальный округ,4,4,4,4,4,4,4,4,4,4,4,4,4,4,4,4,6,6,6,6,8,8,8,8
Чебулинский муниципальный округ,0,0,0,0,0,9,9,9,9,9,9,9,9,9,9,9,9,8,8,8,8,8,8,8
Чеди-Хольский муниципальный район,0,0,0,0,5,5,5,5,5,5,5,5,5,5,5,5,5,5,5,5,5,5,5,5
Чекмагушевский муниципальный район,4,4,4,4,4,4,4,4,4,4,4,4,4,4,4,8,8,8,8,8,8,8,8,8
Челно-Вершинский муниципальный район,2,2,2,2,2,2,2,2,2,2,2,2,2,8,8,8,8,8,8,8,8,8,8,8
Чемальский муниципальный район,0,0,0,0,0,0,6,6,9,9,9,9,9,9,9,9,9,9,9,8,8,8,8,8
Чердаклинский муниципальный район,4,4,4,4,4,4,4,4,4,4,4,4,4,4,4,4,4,8,8,8,8,8,8,8
Черемховский муниципальный район,0,0,0,0,0,9,9,9,9,9,9,9,9,9,9,9,9,8,8,8,8,8,8,8
Черемшанский муниципальный район,4,4,4,4,4,4,4,4,4,4,4,4,4,4,4,4,4,4,8,8,8,8,8,8
Черепановский муниципальный район,0,0,0,0,9,9,9,9,9,9,9,9,9,9,9,9,9,9,8,8,8,8,8,8
Череповецкий муниципальный район,1,1,1,1,6,6,6,6,6,6,6,6,6,6,6,6,6,6,6,6,6,6,6,6
Черлакский муниципальный район,2,2,2,2,4,4,4,4,4,2,2,4,4,9,9,8,8,8,8,8,8,8,8,8
Черниговский муниципальный округ,1,1,1,1,1,1,1,1,1,1,1,1,1,1,1,1,1,1,1,1,1,1,1,1
Черноярский муниципальный район,2,2,2,2,2,2,2,2,2,2,2,2,2,2,8,8,8,8,8,8,8,8,8,8
Чернский муниципальный район,2,2,2,2,2,2,9,9,9,9,9,9,9,9,9,9,9,8,8,8,8,8,8,8
Чернышевский муниципальный район,1,1,1,1,1,1,1,1,1,1,1,1,9,9,9,9,9,9,9,1,1,8,8,8
Чернышковский муниципальный район,2,2,2,2,2,2,2,2,2,2,2,2,2,2,2,8,8,8,8,8,8,8,8,8
Чесменский муниципальный район,2,2,2,4,4,4,4,4,4,4,4,4,4,9,9,8,8,8,8,8,8,8,8,8
Чистоозерный муниципальный район,2,2,2,2,2,4,4,4,4,4,4,9,9,9,9,9,9,9,8,8,8,8,8,8
Чистопольский муниципальный район,0,0,0,0,0,4,4,4,9,9,9,9,9,9,9,9,8,8,8,8,8,8,8,8
Читинский муниципальный район,0,0,0,0,0,0,0,0,4,4,6,6,6,6,6,6,6,6,6,6,6,8,8,8
Чишминский муниципальный район,0,0,0,0,0,0,0,4,4,6,6,6,6,6,6,6,6,6,6,6,8,8,6,6
Чойский муниципальный район,2,2,2,2,2,2,2,2,2,2,2,2,2,9,9,9,8,8,8,8,8,8,8,8
Чугуевский муниципальный округ,0,0,0,0,0,6,6,1,1,1,1,9,9,9,1,1,1,1,1,1,1,1,8,8
Чудовский муниципальный район,0,0,0,0,0,0,0,9,9,9,9,9,9,9,9,9,9,9,8,8,8,8,8,8
Чулымский муниципальный район,0,0,0,0,0,4,4,4,4,9,9,4,4,4,4,4,4,8,8,8,8,8,8,8
Чунский муниципальный район,0,0,0,0,0,9,9,9,9,9,9,9,9,9,9,9,9,9,8,8,8,8,8,8
Чурапчинский муниципальный район,1,1,1,1,1,1,1,1,1,1,1,1,1,1,1,1,1,1,1,1,1,1,1,1
Чухломский муниципальный район,2,2,2,2,2,2,2,2,2,2,2,2,2,2,8,8,8,8,8,8,8,8,8,8
Чучковский муниципальный район,2,2,2,2,2,2,2,2,2,2,2,2,2,2,8,8,8,8,8,8,8,8,8,8
Шабалинский муниципальный район,2,2,2,2,2,4,4,4,4,4,4,4,4,4,4,8,8,8,8,8,8,8,8,8
Шаблыкинский муниципальный район,2,2,2,2,2,2,2,2,2,2,2,2,2,2,2,8,8,8,8,8,8,8,8,8
Шарангский муниципальный округ,2,2,2,2,2,9,9,2,2,2,2,9,9,9,9,9,9,8,8,8,8,8,8,8
Шаранский муниципальный район,4,4,4,4,4,4,4,4,4,4,4,4,4,4,4,8,8,8,8,8,8,8,8,8
Шарлыкский муниципальный район,2,2,4,4,4,4,4,4,4,4,4,4,4,4,4,4,4,8,8,8,8,8,8,8
Шатковский муниципальный округ,2,2,2,2,2,2,2,2,2,2,2,2,2,2,2,8,8,8,8,8,8,8,8,8
Шатровский муниципальный округ,2,2,2,2,2,2,2,2,2,2,2,2,2,2,8,8,8,8,8,8,8,8,8,8
Шацкий муниципальный район,2,2,2,2,2,2,2,2,2,2,2,2,9,9,9,9,8,8,8,8,8,8,8,8
Шебалинский муниципальный район,2,2,2,4,4,5,5,5,5,5,5,5,5,5,5,5,5,5,5,5,5,5,8,8
Шегарский муниципальный район,0,0,0,0,0,9,9,9,9,4,4,9,9,9,9,8,8,8,8,8,8,8,8,8
Шекснинский муниципальный район,0,0,0,0,0,9,9,6,6,6,9,9,9,9,9,8,8,8,8,8,8,8,8,8
Шелаболихинский муниципальный район,2,2,2,2,2,2,2,2,2,2,2,2,2,8,8,8,8,8,8,8,8,8,8,8
Шелеховский муниципальный район,6,6,6,6,6,6,6,6,6,6,6,6,6,6,6,6,6,6,6,6,6,6,6,6
Шелопугинский муниципальный район,1,1,1,1,1,1,1,1,1,1,1,1,1,1,1,1,1,1,1,1,1,1,1,1
Шемуршинский муниципальный округ,4,4,4,4,4,4,4,4,4,4,4,4,4,4,4,4,8,8,8,8,8,8,8,8
Шенкурский муниципальный округ,2,2,2,2,2,2,9,9,9,9,9,9,9,9,9,9,8,8,8,8,8,8,8,8
Шенталинский муниципальный район,2,2,2,2,4,4,4,2,2,2,2,2,2,2,8,8,8,8,8,8,8,8,8,8
Шербакульский муниципальный район,2,2,2,2,2,2,2,2,4,4,2,2,2,2,8,8,8,8,8,8,8,8,8,8
Шигонский муниципальный район,2,2,2,2,2,2,2,2,2,2,2,9,9,9,9,8,8,8,8,8,8,8,8,8
Шилкинский муниципальный район,0,0,0,0,0,0,9,9,9,9,9,1,1,9,9,9,9,9,9,1,1,1,8,8
Шиловский муниципальный район,2,2,2,2,2,2,2,2,2,2,2,9,9,9,9,9,8,8,8,8,8,8,8,8
Шимановский муниципальный округ,1,1,1,1,1,1,1,1,1,1,1,1,1,1,1,1,1,1,1,1,1,1,1,1
Шимский муниципальный район,0,0,0,0,9,9,9,9,9,9,9,9,9,9,9,9,9,9,8,8,8,8,8,8
Шипуновский муниципальный район,2,2,2,2,2,2,2,2,4,4,4,4,4,4,4,4,8,8,8,8,8,8,8,8
Ширинский муниципальный район,2,2,2,2,2,9,9,9,9,9,9,9,9,9,9,9,9,9,8,8,8,8,8,8
Шкотовский муниципальный округ,1,1,1,1,1,1,1,1,1,1,1,1,1,1,1,1,1,1,1,1,1,1,6,6
Шовгеновский муниципальный район,4,4,4,4,4,4,4,4,4,4,4,2,2,5,5,5,5,5,5,5,5,5,5,5
Шпаковский муниципальный округ,6,6,6,6,6,6,6,6,6,6,6,6,6,6,6,6,6,6,6,6,6,6,6,6
Шуйский муниципальный район,0,0,0,0,0,0,9,9,9,9,9,9,9,9,9,9,9,8,8,8,8,8,8,8
Шумячский муниципальный район,4,4,4,4,4,4,4,4,4,4,4,4,4,4,4,4,8,8,8,8,8,8,8,8
Шушенский муниципальный район,0,0,0,0,0,9,9,9,9,9,9,9,9,9,9,9,8,8,8,8,8,8,8,8
Щекинский муниципальный район,0,0,0,0,0,6,6,6,6,6,6,6,6,6,6,6,6,6,6,6,6,6,6,6
Щучанский муниципальный округ,2,2,2,2,2,4,4,4,4,2,2,2,9,9,9,9,8,8,8,8,8,8,8,8
Эвенкийский муниципальный район,1,1,1,1,1,1,1,1,1,1,1,1,1,1,1,1,1,1,1,1,1,1,1,1
Энгельсский муниципальный район,6,6,6,6,6,6,6,6,6,6,6,6,6,6,6,6,6,6,6,6,6,6,6,6
Эхирит-Булагатский муниципальный район,0,0,0,4,4,4,4,4,4,4,4,4,4,4,4,4,8,8,8,8,8,8,8,8
Южский муниципальный район,2,2,2,2,2,2,2,2,2,2,2,2,2,2,9,9,9,8,8,8,8,8,8,8
Юргамышский муниципальный округ,2,2,2,2,2,2,2,2,4,4,4,4,2,2,8,8,8,8,8,8,8,8,8,8
Юргинский муниципальный район,2,2,2,2,2,2,2,2,9,9,9,9,9,9,9,8,8,8,8,8,8,8,8,8
Юринский муниципальный район,2,2,2,2,2,2,2,2,2,2,2,2,2,2,8,8,8,8,8,8,8,8,8,8
Юрьев-Польский муниципальный район,0,0,0,0,2,2,9,9,9,9,9,9,9,9,9,9,9,8,8,8,8,8,8,8
Юрьевецкий муниципальный район,2,2,2,2,2,2,2,2,2,2,2,2,2,2,2,8,8,8,8,8,8,8,8,8
Юрьянский муниципальный район,0,0,0,0,2,2,2,2,2,4,4,4,2,2,8,8,8,8,8,8,8,8,8,8
Юстинский муниципальный район,0,0,2,2,2,2,2,2,2,2,2,2,2,2,2,5,5,5,5,5,5,8,8,8
Ютазинский муниципальный район,0,0,4,4,4,4,4,4,4,4,4,4,4,4,8,8,8,8,8,8,8,8,8,8
Юхновский муниципальный район,2,2,2,2,2,2,2,2,2,2,9,9,9,9,9,9,9,9,8,8,8,8,8,8
Ядринский муниципальный округ,4,4,4,4,4,4,4,4,4,4,4,4,4,4,4,4,8,8,8,8,8,8,8,8
Яйский муниципальный округ,2,2,2,9,9,9,9,9,9,9,9,9,9,9,9,9,8,8,8,8,8,8,8,8
Яковлевский муниципальный округ,0,0,2,2,1,1,9,9,1,1,1,1,1,9,9,9,9,9,8,8,8,8,8,8
Яльчикский муниципальный округ,4,4,4,4,4,4,4,4,4,4,4,4,4,4,4,4,8,8,8,8,8,8,8,8
Янаульский муниципальный район,4,4,4,4,4,4,4,4,4,4,4,4,4,4,4,4,8,8,8,8,8,8,8,8
Янтиковский муниципальный округ,4,4,4,4,4,4,4,4,4,4,4,4,4,4,4,4,4,8,8,8,8,8,8,8
Яранский муниципальный район,4,4,4,4,4,4,4,4,4,4,4,4,4,4,4,8,8,8,8,8,8,8,8,8
Ярковский муниципальный район,0,0,0,0,4,4,4,4,4,4,4,9,9,9,9,9,9,9,8,8,8,8,8,8
Ярославский муниципальный район,6,6,6,6,6,6,6,6,6,6,6,6,6,6,6,6,6,6,6,6,6,6,6,6
Ярцевский муниципальный район,0,0,0,0,0,9,9,9,9,9,9,9,9,9,9,9,8,8,8,8,8,8,8,8
Ясногорский муниципальный район,0,0,0,0,0,0,9,9,9,9,9,9,9,9,9,9,9,9,8,8,8,8,8,8
Яшкинский муниципальный округ,2,2,9,9,9,9,9,9,9,9,9,9,9,9,9,9,9,8,8,8,8,8,8,8
внутригородская территория города федерального значения  Александровский муниципальный округ,3,3,3,3,3,7,7,7,7,7,7,7,7,7,7,7,7,7,7,7,7,7,7,7
внутригородская территория города федерального значения город Зеленогорск,7,7,7,7,7,7,7,7,7,7,7,7,7,7,7,7,7,7,7,7,7,7,7,7
внутригородская территория города федерального значения город Колпино,7,7,7,7,7,7,7,7,7,7,7,7,7,7,7,7,7,7,7,7,7,7,7,7
внутригородская территория города федерального значения город Красное Село,7,7,7,7,7,7,7,7,7,7,7,7,7,7,7,7,7,7,7,7,7,7,7,7
внутригородская территория города федерального значения город Кронштадт,7,7,7,7,7,7,7,7,7,7,7,7,7,7,7,7,7,7,7,7,7,7,7,7
внутригородская территория города федерального значения город Ломоносов,7,7,7,7,7,7,7,7,7,7,7,7,7,7,7,7,7,7,7,7,7,7,7,7
внутригородская территория города федерального значения город Павловск,7,7,7,3,3,3,3,7,7,7,7,7,7,7,7,7,3,3,7,7,7,7,7,7
внутригородская территория города федерального значения город Петергоф,7,7,7,7,7,7,7,7,7,7,7,7,7,7,7,7,7,7,7,7,7,7,7,7
внутригородская территория города федерального значения город Пушкин,3,3,3,3,3,3,3,3,3,3,3,3,3,3,3,3,3,3,3,3,3,3,3,3
внутригородская территория города федерального значения город Сестрорецк,7,7,7,3,3,3,3,3,3,3,3,3,3,3,3,3,3,3,3,3,3,3,3,3
внутригородская территория города федерального значения городской округ Троицк,3,3,3,3,3,3,3,3,3,3,3,3,3,3,3,3,3,3,3,3,7,7,7,7
внутригородская территория города федерального значения городской округ Щербинка,7,7,7,7,7,7,7,7,7,7,7,7,7,7,7,7,7,7,7,7,7,7,7,7
внутригородская территория города федерального значения муниципальное образование Савелки,3,3,3,3,3,3,3,3,3,3,3,3,3,3,3,3,3,3,3,3,3,3,3,3
внутригородская территория города федерального значения муниципальный округ Автово,7,7,7,7,7,7,7,7,7,7,7,7,7,7,7,7,7,7,7,7,7,7,7,7
внутригородская территория города федерального значения муниципальный округ Адмиралтейский округ,3,3,3,3,3,3,3,3,3,3,3,3,3,3,3,3,3,3,3,3,3,3,3,3
внутригородская территория города федерального значения муниципальный округ Академический,3,3,3,3,3,3,3,3,3,3,3,3,3,3,3,3,3,3,3,3,3,3,3,3
внутригородская территория города федерального значения муниципальный округ Академическое,3,3,3,3,3,3,3,3,7,7,7,7,7,7,7,7,7,7,7,7,7,7,7,7
внутригородская территория города федерального значения муниципальный округ Алексеевский,3,3,3,3,3,3,3,3,3,3,3,3,3,3,3,3,3,3,3,3,3,3,3,3
внутригородская территория города федерального значения муниципальный округ Алтуфьевский,7,7,7,7,7,7,7,7,7,7,7,7,7,7,7,7,7,7,7,7,7,7,7,7
внутригородская территория города федерального значения муниципальный округ Аптекарский остров,3,3,3,3,3,3,3,3,3,3,3,3,3,3,3,3,3,3,3,3,3,3,3,3
внутригородская территория города федерального значения муниципальный округ Арбат,3,3,3,3,3,3,3,3,3,3,3,3,3,3,3,3,3,3,3,3,3,3,3,3
внутригородская территория города федерального значения муниципальный округ Аэропорт,3,3,3,3,3,3,3,3,3,3,3,3,3,3,3,3,3,3,3,3,3,3,3,3
внутригородская территория города федерального значения муниципальный округ Бабушкинский,3,3,3,3,3,3,3,3,3,3,3,3,3,3,3,3,3,3,3,3,3,3,3,3
внутригородская территория города федерального значения муниципальный округ Балканский,7,7,7,7,7,7,7,7,7,7,7,7,7,7,7,7,7,7,7,7,7,7,7,7
внутригородская территория города федерального значения муниципальный округ Басманный,3,3,3,3,3,3,3,3,3,3,3,3,3,3,3,3,3,3,3,3,3,3,3,3
внутригородская территория города федерального значения муниципальный округ Беговой,3,3,3,3,3,3,3,3,3,3,3,3,3,3,3,3,3,3,3,3,3,3,3,3
внутригородская территория города федерального значения муниципальный округ Бескудниковский,3,3,3,3,3,3,3,3,3,3,3,3,3,3,3,3,3,3,3,3,3,3,3,3
внутригородская территория города федерального значения муниципальный округ Бибирево,7,7,7,7,7,7,7,7,7,7,7,7,7,7,7,7,7,7,7,7,7,7,7,7
внутригородская территория города федерального значения муниципальный округ Бирюлево Восточное,7,7,7,7,7,7,7,7,7,7,7,7,7,7,7,7,7,7,7,7,7,7,7,7
внутригородская территория города федерального значения муниципальный округ Бирюлево Западное,7,7,7,7,7,7,7,7,7,7,7,7,7,7,7,7,7,7,7,7,7,7,7,7
внутригородская территория города федерального значения муниципальный округ Богородское,3,3,3,3,3,3,3,3,3,3,3,3,3,3,3,3,3,3,3,3,3,3,3,3
внутригородская территория города федерального значения муниципальный округ Большая Охта,3,3,3,3,3,3,3,3,3,7,7,7,7,7,7,7,7,7,7,7,7,7,7,7
внутригородская территория города федерального значения муниципальный округ Братеево,7,7,7,7,7,7,7,7,7,7,7,7,7,7,7,7,7,7,7,7,7,7,7,7
внутригородская территория города федерального значения муниципальный округ Бутырский,3,3,3,3,3,3,3,3,3,3,3,3,3,3,3,3,3,3,3,3,3,3,3,3
внутригородская территория города федерального значения муниципальный округ Васильевский,3,3,3,3,3,3,3,3,3,3,3,3,3,3,3,3,3,3,3,3,3,3,3,3
внутригородская территория города федерального значения муниципальный округ Введенский,3,3,3,3,3,3,3,3,3,3,3,3,3,3,3,3,3,3,3,3,3,3,3,3
внутригородская территория города федерального значения муниципальный округ Вешняки,7,7,7,7,7,7,7,7,7,7,7,7,7,7,7,7,7,7,7,7,7,7,7,7
внутригородская территория города федерального значения муниципальный округ Владимирский округ,3,3,3,3,3,3,3,3,3,3,3,3,3,3,3,3,3,3,3,3,3,3,3,3
внутригородская территория города федерального значения муниципальный округ Внуково,3,3,3,7,7,7,7,7,7,7,7,7,7,7,7,7,7,7,7,7,7,7,7,7
внутригородская территория города федерального значения муниципальный округ Войковский,3,3,3,3,3,3,3,3,3,3,3,3,3,3,3,3,3,3,3,3,3,3,3,3
внутригородская территория города федерального значения муниципальный округ Волковское,7,7,7,7,7,7,7,7,7,7,7,7,7,7,7,7,7,7,7,7,7,7,7,7
внутригородская территория города федерального значения муниципальный округ Восточное Дегунино,7,7,7,7,7,7,7,7,7,7,7,7,7,7,7,7,7,7,7,3,3,3,3,3
внутригородская территория города федерального значения муниципальный округ Восточное Измайлово,3,3,3,3,3,3,3,3,3,3,3,3,3,3,3,3,3,3,3,3,3,3,3,3
внутригородская территория города федерального значения муниципальный округ Восточный,7,7,7,7,7,7,7,7,7,7,7,7,7,7,7,7,7,7,7,7,7,7,7,7
внутригородская территория города федерального значения муниципальный округ Выхино-Жулебино,3,3,3,3,3,3,3,3,3,3,3,3,3,3,3,7,7,7,7,7,7,7,7,7
внутригородская территория города федерального значения муниципальный округ Гавань,3,3,3,3,3,3,3,3,3,3,3,3,3,3,3,3,3,3,3,3,3,3,3,3
внутригородская территория города федерального значения муниципальный округ Гагаринский,3,3,3,3,3,3,3,3,3,3,3,3,3,3,3,3,3,3,3,3,3,3,3,3
внутригородская территория города федерального значения муниципальный округ Гагаринское,3,3,3,3,3,3,3,3,3,7,7,7,7,7,7,7,7,7,7,7,7,7,7,7
внутригородская территория города федерального значения муниципальный округ Георгиевский,7,7,7,7,7,7,7,7,7,7,7,7,7,7,7,7,7,7,7,7,7,7,7,7
внутригородская территория города федерального значения муниципальный округ Головинский,3,3,3,3,3,3,3,3,3,3,3,3,3,3,3,3,3,3,3,3,3,3,3,3
внутригородская территория города федерального значения муниципальный округ Гольяново,7,7,7,7,7,7,7,7,7,7,7,7,7,7,7,7,7,7,7,7,7,7,7,7
внутригородская территория города федерального значения муниципальный округ Горелово,7,7,7,7,7,7,7,7,7,7,7,7,7,7,7,7,7,7,7,7,7,7,7,7
внутригородская территория города федерального значения муниципальный округ Гражданка,3,3,3,3,3,3,3,3,3,7,7,7,7,7,7,7,7,7,7,7,7,7,7,7
внутригородская территория города федерального значения муниципальный округ Даниловский,3,3,3,3,3,3,3,3,3,3,3,3,3,3,3,3,3,3,3,3,3,3,3,3
внутригородская территория города федерального значения муниципальный округ Дачное,7,7,7,7,7,7,7,7,7,7,7,7,7,7,7,7,7,7,7,7,7,7,7,7
внутригородская территория города федерального значения муниципальный округ Дворцовый округ,3,3,3,3,3,3,3,3,3,3,3,3,3,3,3,3,3,3,3,3,3,3,3,3
внутригородская территория города федерального значения муниципальный округ Дмитровский,7,7,7,7,7,7,7,3,3,3,3,3,3,3,3,3,3,3,3,3,3,3,3,3
внутригородская территория города федерального значения муниципальный округ Донской,3,3,3,3,3,3,3,3,3,3,3,3,3,3,3,3,3,3,3,3,3,3,3,3
внутригородская территория города федерального значения муниципальный округ Дорогомилово,3,3,3,3,3,3,3,3,3,3,3,3,3,3,3,3,3,3,3,3,3,3,3,3
внутригородская территория города федерального значения муниципальный округ Екатерингофский,7,7,7,7,7,7,7,7,7,7,7,7,7,7,7,7,7,7,7,7,7,7,7,7
внутригородская территория города федерального значения муниципальный округ Замоскворечье,3,3,3,3,3,3,3,3,3,3,3,3,3,3,3,3,3,3,3,3,3,3,3,3
внутригородская территория города федерального значения муниципальный округ Западное Дегунино,3,3,3,3,3,3,3,3,3,3,3,3,3,3,3,3,3,3,3,3,3,3,3,3
внутригородская территория города федерального значения муниципальный округ Звездное,3,3,3,3,3,3,3,3,3,3,3,3,3,3,3,3,3,3,3,3,3,3,3,3
внутригородская территория города федерального значения муниципальный округ Зюзино,3,3,3,3,3,3,3,3,3,3,3,3,3,3,3,3,3,3,3,3,3,3,3,3
внутригородская территория города федерального значения муниципальный округ Зябликово,7,7,7,7,7,7,7,7,7,7,7,7,7,7,7,7,7,7,7,7,7,7,7,7
внутригородская территория города федерального значения муниципальный округ Ивановский,7,7,7,7,7,7,7,7,7,7,7,7,7,7,7,7,7,7,7,7,7,7,7,7
внутригородская территория города федерального значения муниципальный округ Ивановское,7,7,7,7,7,7,7,7,7,7,7,7,7,7,7,7,7,7,7,7,7,7,7,7
внутригородская территория города федерального значения муниципальный округ Измайлово,3,3,3,3,3,3,3,3,3,3,3,3,3,3,7,7,3,3,3,3,3,3,3,3
внутригородская территория города федерального значения муниципальный округ Измайловское,3,3,3,3,3,3,3,3,3,3,3,3,3,3,3,3,3,3,3,3,3,3,3,3
внутригородская территория города федерального значения муниципальный округ Капотня,7,7,7,7,7,7,7,7,7,7,7,7,7,7,7,7,7,7,7,7,7,7,7,7
внутригородская территория города федерального значения муниципальный округ Княжево,7,7,7,7,7,7,7,7,7,7,7,7,7,7,7,7,7,7,7,7,7,7,7,7
внутригородская территория города федерального значения муниципальный округ Коломна,3,3,3,3,3,3,3,3,3,3,3,3,7,7,7,7,7,7,7,3,3,3,3,3
внутригородская территория города федерального значения муниципальный округ Коломяги,3,3,3,3,3,3,3,3,3,3,3,3,3,3,3,3,3,3,3,3,3,3,3,3
внутригородская территория города федерального значения муниципальный округ Комендантский аэродром,3,3,3,3,3,3,3,3,3,3,7,7,7,7,7,7,7,7,7,3,3,3,3,3
внутригородская территория города федерального значения муниципальный округ Константиновское,7,7,7,7,7,7,7,7,7,7,7,7,7,7,7,7,7,7,7,7,7,7,7,7
внутригородская территория города федерального значения муниципальный округ Коньково,3,3,3,3,3,3,3,3,3,3,3,3,3,3,3,3,3,3,3,3,3,3,3,3
внутригородская территория города федерального значения муниципальный округ Коптево,3,3,3,3,3,3,3,3,3,3,3,3,3,3,3,3,3,3,3,3,3,3,3,3
внутригородская территория города федерального значения муниципальный округ Косино-Ухтомский,3,3,3,3,3,3,3,3,3,3,3,3,3,3,3,3,3,3,3,3,3,3,3,3
внутригородская территория города федерального значения муниципальный округ Котловка,3,3,3,3,3,3,3,3,3,3,3,3,3,3,3,3,3,3,3,3,3,3,3,3
внутригородская территория города федерального значения муниципальный округ Красненькая речка,7,7,7,7,7,7,7,7,7,7,7,7,7,7,7,7,7,7,7,7,7,7,7,7
внутригородская территория города федерального значения муниципальный округ Красносельский,3,3,3,3,3,3,3,3,3,3,3,3,3,3,3,3,3,3,3,3,3,3,3,3
внутригородская территория города федерального значения муниципальный округ Кронверкское,3,3,3,3,3,3,3,3,3,3,3,3,3,3,3,3,3,3,3,3,3,3,3,3
внутригородская территория города федерального значения муниципальный округ Крылатское,3,3,3,3,3,3,3,3,3,3,3,3,3,3,3,3,3,3,3,3,3,3,3,3
внутригородская территория города федерального значения муниципальный округ Крюково,3,3,3,3,3,3,3,3,3,3,3,3,3,3,3,3,3,3,3,3,3,3,3,3
внутригородская территория города федерального значения муниципальный округ Кузьминки,7,7,7,7,7,7,7,7,7,7,7,7,7,7,7,7,7,7,7,7,7,7,7,7
внутригородская территория города федерального значения муниципальный округ Кунцево,3,3,3,3,3,3,3,3,3,3,3,3,3,3,3,3,3,3,3,3,3,3,3,3
внутригородская территория города федерального значения муниципальный округ Купчино,7,7,7,7,7,7,7,7,7,7,7,7,7,7,7,7,7,7,7,7,7,7,7,7
внутригородская территория города федерального значения муниципальный округ Куркино,3,3,3,3,3,3,3,3,3,3,3,3,3,3,3,3,3,3,3,3,3,3,3,3
внутригородская территория города федерального значения муниципальный округ Ланское,3,3,3,3,3,3,3,3,3,3,3,3,3,3,3,3,3,3,3,3,3,3,3,3
внутригородская территория города федерального значения муниципальный округ Лахта-Ольгино,7,7,7,7,7,7,7,7,7,7,7,7,7,7,7,7,7,7,3,3,3,7,7,7
внутригородская территория города федерального значения муниципальный округ Левобережный,3,3,3,3,3,3,3,3,3,3,3,3,3,3,3,3,3,3,3,3,3,3,3,3
внутригородская территория города федерального значения муниципальный округ Лефортово,3,3,3,3,3,3,3,3,3,3,3,3,3,3,3,3,3,3,3,3,3,3,3,3
внутригородская территория города федерального значения муниципальный округ Лианозово,3,3,3,3,3,3,3,3,3,3,3,3,3,3,3,3,3,3,3,3,3,3,3,3
внутригородская территория города федерального значения муниципальный округ Лиговка-Ямская,3,3,3,3,3,3,3,3,3,3,3,3,3,3,3,3,3,3,3,3,3,3,3,3
внутригородская территория города федерального значения муниципальный округ Литейный округ,3,3,3,3,3,3,3,3,3,3,3,3,3,3,3,3,3,3,3,3,3,3,3,3
внутригородская территория города федерального значения муниципальный округ Ломоносовский,3,3,3,3,3,3,3,3,3,3,3,3,3,3,3,3,3,3,3,3,3,3,3,3
внутригородская территория города федерального значения муниципальный округ Лосиноостровский,3,3,3,3,3,3,3,3,3,3,3,3,3,3,3,3,3,3,3,3,3,3,3,3
внутригородская территория города федерального значения муниципальный округ Люблино,7,7,7,7,7,7,7,7,7,7,7,7,7,7,7,7,7,7,7,7,7,7,7,7
внутригородская территория города федерального значения муниципальный округ Малая Охта,3,3,3,3,3,3,3,3,3,7,7,7,7,7,7,7,7,7,7,7,7,7,7,7
внутригородская территория города федерального значения муниципальный округ Марфино,3,3,3,3,3,3,3,3,3,3,3,3,3,3,3,3,3,3,3,3,3,3,3,3
внутригородская территория города федерального значения муниципальный округ Марьина роща,3,3,3,3,3,3,3,3,3,3,3,3,3,3,3,3,3,3,3,3,3,3,3,3
внутригородская территория города федерального значения муниципальный округ Марьино,3,3,3,3,3,3,3,3,3,3,3,3,3,3,3,3,3,3,3,3,3,3,3,3
внутригородская территория города федерального значения муниципальный округ Матушкино,3,3,3,3,3,3,3,3,7,7,7,7,7,7,7,7,3,3,3,3,3,3,7,7
внутригородская территория города федерального значения муниципальный округ Метрогородок,7,7,7,7,7,7,7,7,7,7,7,7,7,7,7,7,7,7,7,7,7,7,7,7
внутригородская территория города федерального значения муниципальный округ Мещанский,3,3,3,3,3,3,3,3,3,3,3,3,3,3,3,3,3,3,3,3,3,3,3,3
внутригородская территория города федерального значения муниципальный округ Митино,3,3,3,3,3,3,3,3,3,3,3,3,3,3,3,3,3,3,3,3,3,3,3,3
внутригородская территория города федерального значения муниципальный округ Можайский,3,3,3,3,3,3,3,3,3,3,3,3,3,3,3,3,3,3,3,3,3,3,3,3
внутригородская территория города федерального значения муниципальный округ Молжаниновский,7,7,7,7,7,7,7,7,7,7,7,7,7,7,7,7,7,7,7,7,7,7,7,7
внутригородская территория города федерального значения муниципальный округ Морские ворота,7,7,7,6,6,6,6,6,6,7,7,7,6,6,6,6,6,7,7,7,7,7,7,7
внутригородская территория города федерального значения муниципальный округ Морской,3,3,3,3,3,3,3,3,3,3,3,3,3,3,3,3,3,3,3,3,3,3,3,3
внутригородская территория города федерального значения муниципальный округ Москворечье-Сабурово,3,3,3,3,3,3,3,3,3,3,3,3,3,3,3,3,3,3,3,3,3,3,3,3
внутригородская территория города федерального значения муниципальный округ Московская застава,3,3,3,3,3,3,3,3,3,3,3,3,3,3,3,3,3,3,3,3,3,3,3,3
внутригородская территория города федерального значения муниципальный округ Нагатино-Садовники,3,3,3,3,3,3,3,3,3,3,3,3,3,3,3,3,3,3,3,3,3,3,3,3
внутригородская территория города федерального значения муниципальный округ Нагатинский затон,3,3,3,3,3,3,3,3,3,3,3,3,3,3,3,3,3,3,3,3,3,3,3,3
внутригородская территория города федерального значения муниципальный округ Нагорный,3,3,3,3,3,3,3,3,3,3,3,3,3,3,3,3,3,3,3,3,3,3,3,3
внутригородская территория города федерального значения муниципальный округ Нарвский округ,7,7,7,7,7,7,7,7,7,7,7,7,7,7,7,7,7,7,7,7,7,7,7,7
внутригородская территория города федерального значения муниципальный округ Народный,7,7,7,7,7,7,7,7,7,7,7,7,7,7,7,7,7,7,7,7,7,7,7,7
внутригородская территория города федерального значения муниципальный округ Невская застава,7,7,7,7,7,7,7,7,7,7,7,7,7,7,7,7,7,7,7,7,7,7,7,7
внутригородская территория города федерального значения муниципальный округ Невский округ,3,3,3,3,3,3,3,3,7,7,7,7,7,7,7,7,7,7,7,7,7,7,7,7
внутригородская территория города федерального значения муниципальный округ Некрасовка,7,7,7,7,7,7,7,7,7,7,7,7,7,7,7,7,7,7,7,7,7,7,7,7
внутригородская территория города федерального значения муниципальный округ Нижегородский,7,7,7,7,7,7,7,7,7,7,7,7,7,7,7,7,7,7,7,7,7,7,7,7
внутригородская территория города федерального значения муниципальный округ Ново-Переделкино,3,3,3,3,3,3,3,3,3,3,3,3,3,3,3,3,3,3,3,3,3,3,3,3
внутригородская территория города федерального значения муниципальный округ Новогиреево,3,3,3,3,3,3,3,3,3,3,3,3,3,3,3,3,3,3,3,3,3,3,3,3
внутригородская территория города федерального значения муниципальный округ Новоизмайловское,3,3,3,3,3,3,3,3,3,7,7,7,7,7,7,7,7,7,7,7,7,7,7,7
внутригородская территория города федерального значения муниципальный округ Новокосино,3,3,3,3,3,3,3,3,3,3,3,3,3,3,3,3,3,3,3,3,3,3,3,3
внутригородская территория города федерального значения муниципальный округ Обручевский,3,3,3,3,3,3,3,3,3,3,3,3,3,3,3,3,3,3,3,3,3,3,3,3
внутригородская территория города федерального значения муниципальный округ Обуховский,7,7,7,7,7,7,7,7,7,7,7,7,7,7,7,7,7,7,7,7,7,7,7,7
внутригородская территория города федерального значения муниципальный округ Озеро Долгое,3,3,3,3,3,3,3,3,3,3,3,3,3,3,7,7,7,7,7,7,7,7,7,7
внутригородская территория города федерального значения муниципальный округ Оккервиль,7,7,7,7,7,7,7,7,7,7,7,7,7,7,7,7,7,7,7,7,7,7,7,7
внутригородская территория города федерального значения муниципальный округ Орехово-Борисово Северное,3,3,3,3,3,3,3,3,3,3,3,3,3,3,3,3,3,3,3,3,3,3,3,3
внутригородская территория города федерального значения муниципальный округ Орехово-Борисово Южное,3,3,3,3,3,3,3,3,3,3,3,3,3,3,3,3,3,3,3,3,3,3,3,3
внутригородская территория города федерального значения муниципальный округ Останкинский,3,3,3,3,3,3,3,3,3,3,3,3,3,3,3,3,3,3,3,3,3,3,3,3
внутригородская территория города федерального значения муниципальный округ Остров Декабристов,3,3,3,3,3,3,3,3,3,3,3,3,3,3,3,3,3,3,3,3,3,3,3,3
внутригородская территория города федерального значения муниципальный округ Отрадное,3,3,3,3,3,3,3,3,3,3,3,3,3,3,3,3,3,3,3,3,3,3,3,3
внутригородская территория города федерального значения муниципальный округ Очаково-Матвеевское,3,3,3,3,3,3,3,3,3,3,3,3,3,3,3,3,3,3,3,3,3,3,3,3
внутригородская территория города федерального значения муниципальный округ Перово,7,7,7,7,7,7,7,7,7,7,7,7,7,7,7,7,7,7,7,7,7,7,7,7
внутригородская территория города федерального значения муниципальный округ Печатники,7,7,7,7,7,7,7,7,7,7,7,7,7,7,7,7,7,7,7,7,7,7,7,7
внутригородская территория города федерального значения муниципальный округ Пискаревка,3,3,3,3,3,3,3,3,7,7,7,7,7,7,7,7,3,3,3,3,3,3,3,3
внутригородская территория города федерального значения муниципальный округ Покровское-Стрешнево,3,3,3,3,3,3,3,3,3,3,3,3,3,3,3,3,3,3,3,3,3,3,3,3
внутригородская территория города федерального значения муниципальный округ Полюстрово,7,7,7,7,7,7,7,7,7,7,7,7,7,7,7,7,7,7,7,7,7,7,7,7
внутригородская территория города федерального значения муниципальный округ Пороховые,7,7,7,7,7,7,7,7,7,7,7,7,7,7,7,7,7,7,7,7,7,7,7,7
внутригородская территория города федерального значения муниципальный округ Посадский,3,3,3,3,3,3,3,3,3,3,3,3,3,3,3,3,3,3,3,3,3,3,3,3
внутригородская территория города федерального значения муниципальный округ Правобережный,3,3,3,3,3,3,3,3,3,7,7,7,7,7,7,7,7,7,7,7,7,7,7,7
внутригородская территория города федерального значения муниципальный округ Преображенское,3,3,3,3,3,3,3,3,3,3,3,3,3,3,3,3,3,3,3,3,3,3,3,3
внутригородская территория города федерального значения муниципальный округ Пресненский,3,3,3,3,3,3,3,3,3,3,3,3,3,3,3,3,3,3,3,3,3,3,3,3
внутригородская территория города федерального значения муниципальный округ Прометей,7,7,7,7,7,7,7,7,7,7,7,7,7,7,7,7,7,7,7,7,7,7,7,7
внутригородская территория города федерального значения муниципальный округ Проспект Вернадского,3,3,3,3,3,3,3,3,3,3,3,3,3,3,3,3,3,3,3,3,3,3,3,3
внутригородская территория города федерального значения муниципальный округ Пулковский меридиан,3,3,3,3,3,3,3,3,3,3,7,7,7,7,7,7,7,7,7,7,7,7,7,7
внутригородская территория города федерального значения муниципальный округ Раменки,3,3,3,3,3,3,3,3,3,3,3,3,3,3,3,3,3,3,3,3,3,3,3,3
внутригородская территория города федерального значения муниципальный округ Ржевка,7,7,7,7,7,7,7,7,7,7,7,7,7,7,7,7,7,7,7,7,7,7,7,7
внутригородская территория города федерального значения муниципальный округ Ростокино,3,3,3,3,3,3,3,3,3,3,3,3,3,3,3,3,3,3,3,3,3,3,3,3
внутригородская территория города федерального значения муниципальный округ Рыбацкое,7,7,7,7,7,7,7,7,7,7,7,7,7,7,7,7,7,7,7,7,7,7,7,7
внутригородская территория города федерального значения муниципальный округ Рязанский,3,3,3,3,3,3,3,3,3,3,3,3,3,3,3,3,3,3,3,3,3,3,3,3
внутригородская территория города федерального значения муниципальный округ Савеловский,3,3,3,3,3,3,3,3,3,3,3,3,3,3,3,3,3,3,3,3,3,3,3,3
внутригородская территория города федерального значения муниципальный округ Сампсониевское,3,3,3,3,3,3,3,3,3,3,3,3,3,3,7,7,3,3,3,3,3,3,3,3
внутригородская территория города федерального значения муниципальный округ Светлановское,3,3,3,3,3,3,3,3,3,3,3,3,3,3,3,3,3,3,3,3,3,3,3,3
внутригородская территория города федерального значения муниципальный округ Свиблово,3,3,3,3,3,3,3,3,3,3,3,3,3,3,3,3,3,3,3,3,3,3,3,3
внутригородская территория города федерального значения муниципальный округ Северное Бутово,3,3,3,3,3,3,3,3,3,3,3,3,3,3,3,3,3,3,3,3,3,3,3,3
внутригородская территория города федерального значения муниципальный округ Северное Измайлово,7,7,7,7,7,7,7,7,7,7,7,7,7,7,7,7,7,7,7,7,7,7,7,7
внутригородская территория города федерального значения муниципальный округ Северное Медведково,3,3,3,3,3,3,3,3,3,3,3,3,3,3,3,3,3,3,3,3,3,3,3,3
внутригородская территория города федерального значения муниципальный округ Северное Тушино,3,3,3,3,3,3,3,3,3,3,3,3,3,3,3,3,3,3,3,3,3,3,3,3
внутригородская территория города федерального значения муниципальный округ Семеновский,3,3,3,3,3,3,3,3,3,3,3,3,7,7,7,7,7,7,7,3,3,3,7,7
внутригородская территория города федерального значения муниципальный округ Сенной округ,3,3,3,3,3,3,3,3,3,3,3,3,3,3,3,3,3,3,3,3,3,3,3,3
внутригородская территория города федерального значения муниципальный округ Сергиевское,7,7,7,7,7,7,7,7,7,7,7,7,7,7,7,7,7,7,7,7,7,7,7,7
внутригородская территория города федерального значения муниципальный округ Силино,3,3,3,3,3,3,3,7,7,7,7,7,7,7,7,3,3,3,3,3,3,7,7,7
внутригородская территория города федерального значения муниципальный округ Смольнинское,3,3,3,3,3,3,3,3,3,3,3,3,3,3,3,3,3,3,3,3,3,3,3,3
внутригородская территория города федерального значения муниципальный округ Сокол,3,3,3,3,3,3,3,3,3,3,3,3,3,3,3,3,3,3,3,3,3,3,3,3
внутригородская территория города федерального значения муниципальный округ Соколиная гора,3,3,3,3,3,3,3,3,3,3,3,3,3,3,3,3,3,3,3,7,7,7,7,7
внутригородская территория города федерального значения муниципальный округ Сокольники,3,3,3,3,3,3,3,3,3,3,3,3,3,3,3,3,3,3,3,3,3,3,3,3
внутригородская территория города федерального значения муниципальный округ Солнцево,3,3,3,3,3,3,3,3,3,3,3,3,3,3,3,3,3,3,3,3,3,3,3,3
внутригородская территория города федерального значения муниципальный округ Сосновая поляна,7,7,7,7,7,7,7,7,7,7,7,7,7,7,7,7,7,7,7,7,7,7,7,7
внутригородская территория города федерального значения муниципальный округ Сосновское,3,3,3,3,3,3,3,3,7,7,7,7,7,7,7,7,7,7,7,7,7,7,7,7
внутригородская территория города федерального значения муниципальный округ Старое Крюково,3,3,3,3,3,3,3,7,7,7,7,7,7,7,7,7,7,3,3,7,7,7,7,7
внутригородская территория города федерального значения муниципальный округ Строгино,3,3,3,3,3,3,3,3,3,3,3,3,3,3,3,3,3,3,3,3,3,3,3,3
внутригородская территория города федерального значения муниципальный округ Таганский,3,3,3,3,3,3,3,3,3,3,3,3,3,3,3,3,3,3,3,3,3,3,3,3
внутригородская территория города федерального значения муниципальный округ Тверской,3,3,3,3,3,3,3,3,3,3,3,3,3,3,3,3,3,3,3,3,3,3,3,3
внутригородская территория города федерального значения муниципальный округ Текстильщики,7,7,7,7,7,7,7,7,7,7,7,7,7,7,7,7,7,7,7,7,7,7,7,7
внутригородская территория города федерального значения муниципальный округ Теплый Стан,3,3,3,3,3,3,3,3,3,3,3,3,3,3,3,3,3,3,3,3,3,3,3,3
внутригородская территория города федерального значения муниципальный округ Тимирязевский,3,3,3,3,3,3,3,3,3,3,3,3,3,3,3,3,3,3,3,3,3,3,3,3
внутригородская территория города федерального значения муниципальный округ Тропарево-Никулино,3,3,3,3,3,3,3,3,3,3,3,3,3,3,3,3,3,3,3,3,3,3,3,3
внутригородская территория города федерального значения муниципальный округ Ульянка,7,7,7,7,7,7,7,7,7,7,7,7,7,7,7,7,7,7,7,7,7,7,7,7
внутригородская территория города федерального значения муниципальный округ Урицк,7,7,7,7,7,7,7,7,7,7,7,7,7,7,7,7,7,7,7,7,7,7,7,7
внутригородская территория города федерального значения муниципальный округ Филевский парк,3,3,3,3,3,3,3,3,3,3,3,3,3,3,3,3,3,3,3,3,3,3,3,3
внутригородская территория города федерального значения муниципальный округ Фили-Давыдково,3,3,3,3,3,3,3,3,3,3,3,3,3,3,3,3,3,3,3,3,3,3,3,3
внутригородская территория города федерального значения муниципальный округ Финляндский округ,7,7,7,7,7,7,7,7,7,7,7,7,7,7,7,7,7,7,7,7,7,7,7,7
внутригородская территория города федерального значения муниципальный округ Хамовники,3,3,3,3,3,3,3,3,3,3,3,3,3,3,3,3,3,3,3,3,3,3,3,3
внутригородская территория города федерального значения муниципальный округ Ховрино,3,3,3,3,3,3,3,3,3,3,3,3,3,3,3,3,3,3,3,3,3,3,3,3
внутригородская территория города федерального значения муниципальный округ Хорошево-Мневники,3,3,3,3,3,3,3,3,3,3,3,3,3,3,3,3,3,3,3,3,3,3,3,3
внутригородская территория города федерального значения муниципальный округ Хорошевский,3,3,3,3,3,3,3,3,3,3,3,3,3,3,3,3,3,3,3,3,3,3,3,3
внутригородская территория города федерального значения муниципальный округ Царицыно,7,7,7,7,7,7,7,7,7,7,7,7,7,7,7,7,7,7,7,7,7,7,7,7
внутригородская территория города федерального значения муниципальный округ Черемушки,3,3,3,3,3,3,3,3,3,3,3,3,3,3,3,3,3,3,3,3,3,3,3,3
внутригородская территория города федерального значения муниципальный округ Чертаново Северное,3,3,3,3,3,3,3,3,3,3,3,3,3,3,3,3,3,3,3,3,3,3,3,3
внутригородская территория города федерального значения муниципальный округ Чертаново Центральное,3,3,3,3,3,3,3,3,3,3,3,3,3,3,3,3,3,3,3,3,3,7,7,7
внутригородская территория города федерального значения муниципальный округ Чертаново Южное,3,3,3,3,3,3,3,3,3,3,3,3,3,3,3,3,3,3,3,3,3,3,3,3
внутригородская территория города федерального значения муниципальный округ Чкаловское,3,3,3,3,3,3,3,3,3,3,3,3,3,3,3,3,3,3,3,3,3,3,3,3
внутригородская территория города федерального значения муниципальный округ Шувалово-Озерки,3,3,3,3,3,3,3,3,3,7,7,7,7,7,7,7,7,7,7,7,7,7,7,7
внутригородская территория города федерального значения муниципальный округ Щукино,3,3,3,3,3,3,3,3,3,3,3,3,3,3,3,3,3,3,3,3,3,3,3,3
внутригородская территория города федерального значения муниципальный округ Юго-Запад,3,3,3,3,7,7,7,7,7,7,7,7,7,7,7,7,7,7,7,7,7,7,7,7
внутригородская территория города федерального значения муниципальный округ Южно-Приморский,3,3,3,3,3,3,3,3,3,3,3,3,3,7,7,3,3,3,3,3,3,3,3,3
внутригородская территория города федерального значения муниципальный округ Южное Бутово,3,3,3,3,3,3,3,3,3,3,3,3,3,3,3,3,3,3,3,3,3,3,3,3
внутригородская территория города федерального значения муниципальный округ Южное Медведково,3,3,3,3,3,3,3,3,3,3,3,3,3,3,3,3,3,3,3,3,3,3,3,3
внутригородская территория города федерального значения муниципальный округ Южное Тушино,3,3,3,3,3,3,3,3,3,3,3,3,3,3,3,3,3,3,3,3,3,3,3,3
внутригородская территория города федерального значения муниципальный округ Южнопортовый,3,3,3,3,3,3,3,3,3,3,3,3,3,3,3,3,3,3,3,3,3,3,3,3
внутригородская территория города федерального значения муниципальный округ Юнтолово,3,3,3,3,3,3,3,3,3,7,7,7,7,7,7,7,3,3,3,3,3,3,3,3
внутригородская территория города федерального значения муниципальный округ Якиманка,3,3,3,3,3,3,3,3,3,3,3,3,3,3,3,3,3,3,3,3,3,3,3,3
внутригородская территория города федерального значения муниципальный округ Ярославский,7,7,7,7,7,7,7,7,7,7,7,7,7,7,7,7,7,7,7,7,7,7,7,7
внутригородская территория города федерального значения муниципальный округ Ясенево,3,3,3,3,3,3,3,3,3,3,3,3,3,3,3,3,3,3,3,3,3,3,3,3
внутригородская территория города федерального значения муниципальный округ округ Петровский,3,3,3,3,3,3,3,3,3,3,3,3,3,3,3,3,3,3,3,3,3,3,3,3
внутригородская территория города федерального значения муниципальный округ № 15,7,7,7,7,7,7,7,7,7,7,7,7,7,7,7,7,7,7,7,7,7,7,7,7
внутригородская территория города федерального значения муниципальный округ № 21,7,7,7,7,7,7,7,7,7,7,7,7,7,7,7,7,7,7,7,7,7,7,7,7
внутригородская территория города федерального значения муниципальный округ № 54,7,7,7,7,7,7,7,7,7,7,7,7,7,7,7,7,7,7,7,7,7,7,7,7
внутригородская территория города федерального значения муниципальный округ № 65,3,3,3,3,3,3,3,3,3,3,3,3,3,3,3,3,3,3,3,3,3,3,3,3
внутригородская территория города федерального значения муниципальный округ № 7,3,3,3,3,3,3,3,3,3,3,3,3,3,3,3,3,3,3,3,3,3,3,3,3
внутригородская территория города федерального значения муниципальный округ № 72,7,7,7,7,7,7,7,7,7,7,7,7,7,7,7,7,7,7,7,7,7,7,7,7
внутригородская территория города федерального значения муниципальный округ № 78,3,3,3,3,3,3,3,3,3,3,3,3,3,3,3,3,3,3,3,3,3,3,3,3
внутригородская территория города федерального значения поселение Внуковское,3,3,3,3,3,3,3,3,3,3,3,3,3,3,3,3,3,3,3,3,3,3,3,3
внутригородская территория города федерального значения поселение Вороновское,7,7,7,7,6,6,7,7,7,7,7,7,7,7,7,7,7,7,7,7,6,6,6,6
внутригородская территория города федерального значения поселение Воскресенское,3,3,3,3,3,3,3,3,3,3,3,3,3,3,3,3,3,3,3,3,3,3,3,3
внутригородская территория города федерального значения поселение Десеновское,3,3,3,3,3,3,3,3,3,3,3,3,3,3,3,3,3,3,3,3,3,3,3,3
внутригородская территория города федерального значения поселение Киевский,1,1,1,1,1,9,9,9,9,9,9,9,9,9,6,6,6,6,6,6,6,6,6,6
внутригородская территория города федерального значения поселение Кокошкино,7,7,7,7,7,6,6,6,6,6,6,6,6,6,6,6,6,6,6,7,7,7,7,7
внутригородская территория города федерального значения поселение Краснопахорское,7,7,7,7,7,7,7,7,7,7,7,7,7,7,7,7,7,7,7,6,6,6,6,6
внутригородская территория города федерального значения поселение Марушкинское,7,7,7,7,7,7,7,7,7,7,7,7,7,7,7,7,7,7,7,7,7,7,7,7
внутригородская территория города федерального значения поселение Михайлово-Ярцевское,7,7,7,6,6,6,6,6,6,6,6,6,6,6,6,6,6,6,6,6,6,6,6,6
внутригородская территория города федерального значения поселение Московский,3,3,3,3,3,3,3,3,3,3,3,3,3,3,3,3,3,3,3,3,3,3,3,3
"внутригородская территория города федерального значения поселение Мосрентген""""",7,7,7,7,7,7,7,7,7,7,7,7,7,7,7,7,7,7,7,7,7,7,7,7
внутригородская территория города федерального значения поселение Новофедоровское,7,7,7,7,6,6,6,6,6,6,6,6,6,6,6,6,6,6,6,6,6,6,6,6
внутригородская территория города федерального значения поселение Первомайское,3,3,3,3,3,3,3,3,3,3,3,3,3,3,3,3,3,3,3,3,3,3,3,3
внутригородская территория города федерального значения поселение Рязановское,7,7,7,7,7,7,7,7,7,7,7,7,7,7,7,7,7,7,7,7,7,7,7,7
внутригородская территория города федерального значения поселение Сосенское,3,3,3,3,3,3,3,3,3,3,3,3,3,3,3,3,3,3,3,3,3,3,3,3
внутригородская территория города федерального значения поселение Филимонковское,7,7,7,7,7,7,7,7,7,7,7,7,7,7,7,7,7,7,7,7,7,7,7,7
внутригородская территория города федерального значения поселение Щаповское,7,7,1,1,6,6,6,6,6,6,6,6,6,6,6,6,6,6,6,6,6,6,6,6
внутригородская территория города федерального значения поселок Левашово,7,7,7,7,7,3,3,7,7,7,7,7,7,7,7,7,7,7,7,7,7,7,7,7
внутригородская территория города федерального значения поселок Лисий Нос,3,3,3,3,3,3,3,3,3,3,3,3,3,3,3,3,3,3,3,3,3,3,3,3
внутригородская территория города федерального значения поселок Металлострой,7,7,7,7,7,7,7,7,7,7,7,7,7,7,7,7,7,7,7,7,7,7,7,7
внутригородская территория города федерального значения поселок Парголово,7,7,3,3,3,3,3,7,7,7,7,7,7,7,7,7,7,7,7,7,7,7,7,7
внутригородская территория города федерального значения поселок Песочный,7,7,7,7,7,3,3,7,7,7,7,7,7,7,7,7,7,7,3,3,7,7,7,7
внутригородская территория города федерального значения поселок Понтонный,6,6,6,7,7,6,6,6,6,6,6,6,6,6,6,6,6,6,6,6,6,7,7,7
внутригородская территория города федерального значения поселок Стрельна,7,7,7,7,7,7,7,7,7,7,7,7,7,7,7,7,7,7,7,7,7,7,7,7
внутригородская территория города федерального значения поселок Шушары,7,7,7,7,7,7,7,7,7,7,7,7,7,7,7,7,7,7,7,7,7,7,7,7
городской округ Абдулинский,2,2,2,2,4,4,4,4,4,4,4,4,9,9,9,8,8,8,8,8,8,8,8,8
городской округ Алапаевское,0,0,0,0,9,9,9,9,9,9,9,9,9,9,9,9,9,8,8,8,8,8,8,8
городской округ Александровск-Сахалинский район,1,1,1,1,1,1,1,1,1,1,1,1,1,1,1,1,1,1,1,1,1,1,1,1
городской округ Анадырь,1,1,1,1,1,1,1,1,1,1,1,1,1,1,1,1,1,1,1,1,1,1,1,1
городской округ Ангарский,6,6,6,6,6,6,6,6,6,6,6,6,6,6,6,6,6,6,6,6,6,6,6,6
городской округ Анжеро-Судженский,0,0,0,0,0,6,6,6,6,6,6,6,6,6,6,6,6,6,6,6,6,6,6,6
городской округ Анивский,1,1,1,1,1,1,1,1,1,1,1,1,1,1,1,1,1,1,1,1,1,1,1,1
городской округ Арамильский,6,6,6,6,6,6,6,6,6,6,6,6,6,6,6,6,6,6,6,6,6,6,6,6
городской округ Арсеньевский,1,1,1,1,1,1,1,1,1,1,1,1,1,1,1,1,1,1,1,1,1,1,1,1
городской округ Артинский,0,0,0,4,4,4,4,4,4,4,4,4,9,9,9,9,9,9,8,8,8,8,8,8
городской округ Асбестовский,6,6,6,6,6,6,6,6,6,6,6,6,6,6,6,6,6,6,6,6,6,6,6,6
городской округ Ачитский,0,0,0,9,9,9,9,4,4,4,4,4,4,8,8,8,8,8,8,8,8,8,8,8
городской округ Баксан,4,4,4,0,0,0,0,0,5,5,5,5,5,5,5,5,5,5,5,5,5,5,5,5
городской округ Балашиха,7,7,7,7,7,7,7,7,7,7,7,7,7,7,7,7,7,7,7,7,7,7,7,7
городской округ Балтийский,0,0,0,0,0,0,0,0,0,0,1,1,6,6,6,6,6,6,6,6,6,6,1,1
городской округ Беловский,0,0,0,0,0,6,6,6,6,6,6,6,6,6,6,6,6,6,6,6,6,6,6,6
городской округ Белоярский,0,0,0,0,0,6,6,6,6,6,6,6,6,6,6,6,8,8,8,8,8,6,6,6
городской округ Бисертский,0,0,0,0,0,9,9,9,9,9,9,9,9,9,9,9,9,9,9,8,8,8,8,8
городской округ Богданович,0,0,0,0,0,6,6,6,6,6,6,6,6,6,6,6,6,6,6,6,6,6,6,6
городской округ Богородский,7,7,7,7,7,7,7,7,7,7,7,7,7,7,7,7,7,7,7,7,7,7,7,7
городской округ Большой Камень,1,1,1,1,1,1,1,1,1,1,1,1,1,1,1,1,1,1,1,1,1,1,1,1
городской округ Бронницы,7,7,7,7,7,7,7,7,7,7,7,7,7,7,7,7,7,7,7,7,7,7,7,7
городской округ Великий Новгород,6,6,6,6,6,6,6,6,6,6,6,6,6,6,6,6,6,6,6,6,6,6,6,6
городской округ Верещагинский,0,0,0,0,4,4,4,4,4,4,4,4,4,4,4,9,9,8,8,8,8,8,8,8
городской округ Верхнесалдинский,1,1,6,6,6,6,6,6,6,6,6,6,6,6,6,6,6,6,6,6,6,6,6,6
городской округ Верхнеуфалейский,0,0,0,0,9,9,9,9,9,9,9,9,9,9,9,9,8,8,8,8,8,8,8,8
городской округ Верхний Тагил,0,0,0,0,0,0,9,9,9,9,9,9,9,9,9,6,6,6,8,8,8,8,8,8
городской округ Верхняя Пышма,6,6,6,6,6,6,6,6,6,6,6,6,6,6,6,6,6,6,6,6,6,6,6,6
городской округ Верхняя Тура,0,0,0,0,0,0,9,9,9,9,9,9,9,9,9,9,9,9,8,8,8,8,8,8
городской округ Верхотурский,0,0,0,0,0,0,9,9,9,9,9,9,9,9,9,9,9,8,8,8,8,8,8,8
городской округ Вичуга,2,2,2,2,2,2,2,2,2,2,2,2,9,9,9,9,8,8,8,8,8,8,8,8
городской округ Владивостокский,1,1,1,1,1,1,1,1,1,1,1,1,1,1,1,1,1,1,1,1,1,1,1,1
городской округ Волоколамский,1,1,1,1,6,6,6,6,6,6,6,6,6,6,6,6,6,6,6,6,6,6,6,6
городской округ Волчанский,0,0,0,0,0,0,9,9,9,9,9,9,9,9,9,9,9,8,8,8,8,8,8,8
городской округ Воркута,1,1,1,1,1,1,1,1,1,1,1,1,1,1,1,1,1,1,1,1,1,1,1,1
городской округ Воротынский,0,0,0,4,4,4,4,4,4,2,2,2,4,4,4,8,8,8,8,8,8,8,8,8
городской округ Воскресенск,7,7,7,7,7,7,7,7,7,7,7,7,7,7,7,7,7,7,7,7,7,7,7,7
городской округ Вышневолоцкий,0,0,0,0,0,6,6,6,6,6,6,6,6,6,6,6,6,6,6,6,6,6,6,6
городской округ Гайский,0,0,0,0,0,0,0,9,9,9,9,9,9,9,9,9,8,8,8,8,8,8,8,8
городской округ Гаринский,2,2,2,2,2,2,2,2,2,2,2,2,2,2,2,2,8,8,8,8,8,8,8,8
городской округ Голышмановский,2,2,2,2,2,9,9,9,9,9,9,9,9,9,9,9,9,9,8,8,8,8,8,8
городской округ Горнозаводский,0,0,0,0,9,9,9,9,9,9,9,9,9,9,9,9,9,9,8,8,8,8,8,8
городской округ Гусевский,0,0,0,0,0,0,4,4,4,6,6,6,6,6,6,6,6,6,6,6,8,8,8,8
городской округ Дальнегорский,1,1,1,1,1,1,1,1,1,1,1,1,1,1,1,1,1,1,1,1,1,1,1,1
городской округ Дальнереченский,1,1,1,1,1,1,1,1,1,1,1,1,1,1,1,1,1,1,1,1,1,1,1,1
городской округ Дегтярск,0,0,0,0,0,9,9,9,9,9,9,9,9,9,9,9,9,9,8,8,8,8,8,8
городской округ Дзержинский,7,7,7,7,7,7,7,7,7,7,7,7,7,7,7,7,7,7,7,7,7,7,7,7
городской округ Дмитровский,7,7,7,7,7,7,7,7,7,7,7,7,7,7,7,7,7,7,7,7,7,7,7,7
городской округ Добрянский,0,0,0,0,0,0,0,6,6,6,6,6,6,9,9,9,6,6,6,6,6,6,6,6
городской округ Долгопрудный,3,3,3,3,3,3,3,3,3,3,3,3,3,3,3,3,3,3,3,3,3,3,3,3
городской округ Долинский,1,1,1,1,1,1,1,1,1,1,1,1,1,1,1,1,1,1,1,1,1,1,1,1
городской округ Домодедово,7,7,7,7,7,7,7,7,7,7,7,7,7,7,7,7,7,7,7,7,7,7,7,7
городской округ Дубна,7,7,7,7,7,7,7,7,7,7,7,7,7,7,7,7,7,7,7,7,7,7,7,7
городской округ Егорьевск,6,6,6,6,6,6,6,6,6,6,6,6,6,6,6,6,6,6,6,6,7,7,7,7
городской округ Жигулевск,0,0,0,0,6,6,6,6,6,6,6,6,6,6,6,6,6,6,6,6,6,6,6,6
городской округ Жуковский,7,7,7,7,7,7,7,7,7,7,7,7,7,7,7,7,7,7,7,7,7,7,7,7
городской округ Заводоуковский,0,0,0,0,0,0,9,9,9,9,9,9,9,9,9,9,8,8,8,8,8,8,8,8
городской округ Зарайск,0,0,0,0,0,6,6,6,6,6,6,6,6,6,6,6,6,6,6,6,6,6,6,6
городской округ Заречный,6,6,6,6,6,6,6,6,6,6,6,6,6,6,6,6,6,6,6,6,6,6,6,6
городской округ Зима,0,0,0,0,0,0,9,9,9,9,9,9,9,9,9,9,9,9,8,8,8,8,8,8
городской округ Златоустовский,0,0,0,0,0,0,6,6,6,6,6,6,6,6,6,6,6,6,6,6,6,6,6,6
городской округ Иваново,6,6,6,6,6,6,6,6,6,6,6,6,6,6,6,6,6,6,6,6,6,6,6,6
городской округ Ивдельский,1,1,0,0,6,6,6,6,6,6,6,6,6,6,6,6,6,6,6,6,6,6,6,6
городской округ Ильинский,2,2,4,4,4,4,4,4,4,4,4,4,4,4,8,8,8,8,8,8,8,8,8,8
городской округ Инта,1,1,1,1,1,1,1,1,1,1,1,1,1,1,1,1,1,1,1,1,1,1,1,1
городской округ Ирбитское,0,0,0,0,9,9,9,9,9,4,4,9,9,9,9,9,8,8,8,8,8,8,8,8
городской округ Истра,7,7,7,7,7,7,7,7,7,7,7,7,7,7,7,7,7,7,7,7,7,7,7,7
городской округ Калтанский,0,0,0,0,0,6,6,6,6,9,9,9,9,9,9,9,8,8,6,6,6,6,6,6
городской округ Каменский,0,0,0,0,0,0,6,6,6,6,6,6,6,6,6,6,6,6,6,6,6,6,6,6
городской округ Камышловский,0,0,0,0,0,6,6,6,6,9,9,9,9,9,8,8,8,8,8,8,8,8,8,8
городской округ Карабашский,0,0,0,0,0,9,9,9,9,9,9,9,9,9,9,9,9,9,8,8,8,8,8,8
городской округ Карачаевский,0,0,0,0,0,0,0,0,5,5,5,5,5,5,5,5,5,5,5,5,5,5,5,5
городской округ Карпинск,0,0,0,0,6,6,6,6,6,6,9,9,9,9,9,9,9,8,8,8,8,8,8,8
городской округ Качканарский,1,1,1,6,6,6,6,6,6,6,6,6,6,6,6,6,6,6,6,6,6,6,6,6
городской округ Кашинский,2,2,2,2,2,2,2,9,9,9,9,9,9,9,9,9,8,8,8,8,8,8,8,8
городской округ Кашира,1,1,1,1,6,6,6,6,6,6,6,6,6,6,6,6,7,7,7,7,7,7,7,7
городской округ Кемеровский,6,6,6,6,6,6,6,6,6,6,6,6,6,6,6,6,6,6,6,6,6,6,6,6
городской округ Кинель,0,0,0,0,0,6,6,6,6,6,6,6,6,6,6,6,6,6,6,6,6,6,6,6
городской округ Кинешма,0,0,0,0,0,9,9,9,9,9,9,9,9,9,9,9,9,8,8,8,8,8,8,8
городской округ Кировградский,0,0,0,0,0,0,9,9,9,9,9,6,6,6,6,6,6,6,6,6,8,8,8,8
городской округ Киселевский,0,0,0,6,6,6,6,6,6,6,6,6,6,6,6,6,6,6,6,6,6,6,6,6
городской округ Клин,7,7,7,7,7,7,7,7,7,7,7,7,7,7,7,7,7,7,7,7,7,7,7,7
городской округ Коломна,7,7,7,7,7,7,7,7,7,7,7,7,7,7,7,7,7,7,7,7,7,7,7,7
городской округ Копейский,6,6,6,6,6,6,6,6,6,6,6,6,6,6,6,6,6,6,6,6,6,6,6,6
городской округ Королёв,3,3,3,3,3,3,3,3,3,3,3,3,3,3,3,3,3,3,3,3,3,3,3,3
городской округ Корсаковский,1,1,1,1,1,1,1,1,1,1,1,1,1,1,1,1,1,1,1,1,1,1,1,1
городской округ Костомукшский,1,1,1,1,1,1,1,7,7,7,1,1,1,1,1,1,1,1,1,1,1,1,1,1
городской округ Котельники,3,3,3,3,3,3,3,3,3,3,3,3,3,3,3,3,3,3,3,3,3,3,3,3
городской округ Котлас,1,1,1,6,6,6,6,6,6,6,6,6,6,6,6,6,6,6,6,6,6,6,6,6
городской округ Кохма,0,0,0,0,0,0,6,6,6,6,6,6,6,6,6,6,6,6,6,6,6,6,6,6
городской округ Красновишерский,0,0,0,9,9,9,9,9,9,9,9,9,9,9,9,9,9,8,8,8,8,8,8,8
городской округ Красногорск,3,3,3,3,3,3,3,3,3,3,3,3,3,3,3,3,3,3,3,3,3,3,3,3
городской округ Краснокамский,0,0,0,0,0,6,6,6,6,6,6,6,6,6,6,6,6,6,6,6,6,6,6,6
городской округ Краснотурьинск,1,1,1,6,6,6,6,6,6,6,6,6,6,6,6,6,6,6,6,6,6,6,6,6
городской округ Красноуральск,0,0,0,0,0,0,9,9,9,9,9,9,9,9,9,9,9,8,8,8,8,8,8,8
городской округ Красноуфимск,0,0,0,0,0,6,6,6,6,6,6,6,6,6,6,6,6,6,6,6,6,6,6,6
городской округ Красноуфимский округ,4,4,4,4,4,4,4,4,9,9,9,9,4,4,4,8,8,8,8,8,8,8,8,8
городской округ Кувандыкский,0,0,0,0,0,4,4,4,4,4,4,4,4,4,4,4,4,4,8,8,8,8,8,8
городской округ Курильский,1,1,1,1,1,1,1,1,1,1,1,1,1,1,1,1,1,1,1,1,1,1,1,1
городской округ Кушвинский,0,0,0,0,0,0,0,9,9,9,9,9,9,9,9,9,8,8,8,8,8,8,8,8
городской округ Кыштымский,0,0,0,0,6,6,6,6,6,6,6,6,6,6,6,6,6,6,6,6,6,6,6,6
городской округ Ленинск-Кузнецкий,0,0,0,6,6,6,6,6,6,6,6,6,6,6,6,6,6,6,6,6,6,6,6,6
городской округ Ленинский,3,3,3,3,3,3,3,3,3,3,3,3,3,3,3,3,3,3,3,3,3,3,3,3
городской округ Лесозаводский,1,1,1,1,0,0,6,6,1,1,1,1,1,1,1,1,1,1,1,1,1,1,1,1
городской округ Лобня,7,7,7,7,7,7,7,7,7,7,7,7,7,7,7,7,7,7,7,7,7,7,7,7
городской округ Лосино-Петровский,7,7,7,7,7,7,7,7,7,7,7,7,7,7,7,7,7,7,7,7,7,7,7,7
городской округ Лотошино,0,0,0,0,0,9,9,9,9,9,9,9,9,9,9,9,9,8,8,8,8,8,8,8
городской округ Луховицы,1,1,1,1,6,6,6,6,6,6,6,6,6,6,6,6,6,6,6,6,6,6,6,6
городской округ Лысьвенский,0,0,0,0,0,0,0,0,6,6,6,6,6,6,6,6,6,6,6,6,6,6,6,6
городской округ Лыткарино,7,7,7,7,7,7,7,7,7,7,7,7,7,7,7,7,7,7,7,7,7,7,7,7
городской округ Люберцы,7,7,7,7,7,7,7,7,7,7,7,7,7,7,7,7,7,7,7,7,7,7,7,7
городской округ Магнитогорский,6,6,6,6,6,6,6,6,6,6,6,6,6,6,6,6,6,6,6,6,6,6,6,6
городской округ Макаровский,1,1,1,1,1,1,1,1,1,1,1,1,1,1,1,1,9,9,9,1,1,1,1,1
городской округ Малышевский,0,0,0,0,0,0,6,6,9,9,9,9,9,9,9,9,9,8,8,8,8,8,8,8
городской округ Мамоновский,0,0,0,0,0,0,4,4,4,4,4,4,4,4,4,4,4,4,8,8,8,8,8,8
городской округ Междуреченский,1,1,6,6,6,6,6,6,6,6,6,6,6,6,6,6,6,6,6,6,6,6,6,6
городской округ Миасский,6,6,6,6,6,6,6,6,6,6,6,6,6,6,6,6,6,6,6,6,6,6,6,6
городской округ Можайский,1,1,1,1,6,6,6,6,6,6,6,6,6,6,6,6,6,6,6,6,6,6,6,6
городской округ Мысковский,0,0,0,0,0,6,6,6,6,6,6,6,6,6,6,6,6,6,6,6,6,6,6,6
городской округ Мытищи,3,3,3,3,3,3,3,3,3,3,3,3,3,3,3,3,3,3,3,3,3,3,3,3
городской округ Навашинский,0,0,0,2,2,9,9,9,9,9,9,9,9,9,9,9,8,8,8,8,8,8,8,8
городской округ Нальчик,0,0,0,0,0,0,0,0,0,5,5,5,5,5,5,5,5,5,5,5,5,5,5,5
городской округ Наро-Фоминский,7,7,7,7,7,7,7,7,7,7,7,7,7,7,7,7,7,7,7,7,7,7,7,7
городской округ Находкинский,1,1,1,1,1,1,1,1,1,1,1,1,1,1,1,1,1,1,1,1,1,1,1,1
городской округ Невельский,1,1,1,1,1,1,1,1,1,1,1,1,1,1,1,1,1,1,1,1,1,1,1,1
городской округ Невьянский,6,6,0,0,0,6,6,6,6,6,6,6,6,6,6,6,6,6,6,6,6,6,6,6
городской округ Нелидовский,2,2,2,0,0,9,9,9,9,9,9,9,9,9,9,9,9,9,8,8,8,8,8,8
городской округ Нижнетуринский,0,0,0,0,0,6,6,6,6,6,6,6,6,6,6,6,6,6,8,8,8,8,8,8
городской округ Нижняя Салда,0,0,0,0,0,0,9,9,9,9,6,6,6,6,6,6,6,6,6,8,8,8,8,8
городской округ Новокузнецкий,6,6,6,6,6,6,6,6,6,6,6,6,6,6,6,6,6,6,6,6,6,6,6,6
городской округ Новокуйбышевск,6,6,6,6,6,6,6,6,6,6,6,6,6,6,6,6,6,6,6,6,6,6,6,6
городской округ Новолялинский,0,0,0,0,9,9,9,9,9,9,9,9,9,9,9,9,9,8,8,8,8,8,8,8
городской округ Ногликский,1,1,1,1,1,1,1,1,1,1,1,1,1,1,1,1,1,1,1,1,1,1,1,1
городской округ Нытвенский,0,0,0,0,0,9,9,9,9,9,9,9,9,9,9,9,8,8,8,8,8,8,8,8
городской округ Одинцовский,3,3,3,3,3,3,3,3,3,3,3,3,3,3,3,3,3,3,3,3,3,3,3,3
городской округ Октябрьск,2,2,2,0,0,2,2,2,2,2,2,2,2,9,9,9,9,9,8,8,8,8,8,8
городской округ Октябрьский,2,2,2,4,4,4,4,4,4,4,4,4,4,4,8,8,8,8,8,8,8,8,8,8
городской округ Орехово-Зуевский,7,7,7,7,7,7,7,7,7,7,7,7,7,7,7,7,7,7,7,7,7,7,7,7
городской округ Осинниковский,0,0,6,6,6,6,6,6,6,6,6,6,6,6,6,6,6,6,6,6,6,6,6,6
городской округ Осинский,0,0,0,0,0,0,6,6,4,4,9,9,6,6,6,6,6,8,8,8,8,8,8,8
городской округ Осташковский,0,0,0,0,0,0,9,9,9,9,9,9,9,9,9,9,9,9,8,8,8,8,8,8
городской округ Отрадный,0,0,0,0,6,6,6,6,6,6,6,6,6,6,6,6,6,6,6,6,6,6,6,6
городской округ Оханский,0,0,0,0,4,4,4,9,9,9,9,4,4,9,9,9,8,8,8,8,8,8,8,8
городской округ Охинский,1,1,1,1,1,1,1,1,1,1,1,1,1,1,1,1,1,1,1,1,1,1,1,1
городской округ Очерский,0,0,0,0,0,0,9,9,9,9,9,9,9,9,9,9,9,9,8,8,8,8,8,8
городской округ Партизанский,1,1,1,1,1,1,1,1,1,1,1,1,1,1,1,1,1,1,1,1,1,1,1,1
городской округ Пелым,0,0,0,0,2,2,9,9,9,9,9,9,9,9,9,9,8,8,8,8,8,8,8,8
городской округ Первоуральск,6,6,6,6,6,6,6,6,6,6,6,6,6,6,6,6,6,6,6,6,6,6,6,6
городской округ Перевозский,0,0,2,2,2,2,2,2,2,9,9,9,9,9,9,9,9,9,9,8,8,8,8,8
городской округ Пермский,6,6,6,6,6,6,6,6,6,6,6,6,6,6,6,6,6,6,6,6,6,6,6,6
городской округ Петрозаводский,1,1,1,1,1,1,1,6,6,1,1,1,1,1,1,1,1,1,1,1,7,7,7,7
городской округ Петропавловск-Камчатский,1,1,1,1,1,1,1,1,1,1,1,1,1,1,1,1,1,1,1,1,1,1,1,1
городской округ Пионерский,6,6,0,0,0,0,0,6,6,6,6,6,6,9,9,9,8,8,8,8,6,6,6,6
городской округ Подольск,7,7,7,7,7,7,7,7,7,7,7,7,7,7,7,7,7,7,7,7,7,7,7,7
городской округ Полевской,1,1,6,6,6,6,6,6,6,6,6,6,6,6,6,6,6,6,6,6,6,6,6,6
городской округ Полысаевский,0,0,0,0,0,0,6,6,6,6,9,9,9,9,9,6,6,6,6,6,6,6,6,6
городской округ Поронайский,1,1,1,1,1,1,1,1,1,1,1,1,1,1,1,1,1,1,1,1,1,1,1,1
городской округ Похвистнево,0,0,0,0,0,9,9,9,9,9,9,9,9,9,9,9,9,8,8,8,8,8,8,8
городской округ Прокопьевский,6,6,6,6,6,6,6,6,6,6,6,6,6,6,6,6,6,6,6,6,6,6,6,6
городской округ Протвино,1,1,1,1,1,6,6,6,6,6,6,6,6,6,6,6,6,6,6,6,6,6,6,6
городской округ Прохладный,0,0,0,0,0,0,0,0,0,5,5,5,5,5,5,5,5,5,5,5,5,5,5,5
городской округ Пушкинский,7,7,7,7,7,7,7,7,7,7,7,7,7,7,7,7,7,7,7,7,7,7,7,7
городской округ Пущино,1,1,1,1,6,6,6,6,6,6,6,6,6,6,6,6,6,6,6,6,6,6,6,6
городской округ Пышминский,0,0,0,0,0,9,9,9,9,9,9,9,9,9,9,9,9,9,8,8,8,8,8,8
городской округ Раменский,7,7,7,7,7,7,7,7,7,7,7,7,7,7,7,7,7,7,7,7,7,7,7,7
городской округ Ревда,6,6,6,6,6,6,6,6,6,6,6,6,6,6,6,6,6,6,6,6,6,6,6,6
городской округ Режевской,0,0,0,0,0,0,6,6,6,6,6,6,6,6,6,6,6,6,6,6,6,6,6,6
городской округ Реутов,3,3,3,3,3,3,3,3,3,3,3,3,3,3,3,3,3,3,3,3,3,3,3,3
городской округ Рефтинский,1,1,1,0,0,0,6,6,9,9,9,9,9,9,9,9,9,9,8,8,8,8,8,8
городской округ Рузский,1,1,1,6,6,6,6,6,6,6,6,6,6,6,6,6,6,6,6,6,6,6,6,6
городской округ Самара,6,6,6,6,6,6,6,6,6,6,6,6,6,6,6,6,6,6,6,6,6,6,6,6
городской округ Светловский,0,0,0,0,0,0,0,4,4,4,4,4,4,4,4,4,8,8,8,8,8,8,8,8
городской округ Светлогорский,6,6,6,6,6,6,6,6,6,6,6,6,6,6,6,6,6,6,6,6,6,6,6,6
городской округ Северодвинск,1,1,1,1,1,1,1,1,1,1,1,1,1,1,1,1,1,1,1,1,1,1,1,1
городской округ Североуральский,1,1,1,0,0,6,6,6,6,6,6,6,9,9,9,9,9,9,9,8,8,8,8,8
городской округ Семеновский,0,0,0,0,9,9,9,9,9,9,9,9,9,9,9,9,8,8,8,8,8,8,8,8
городской округ Сергиево-Посадский,7,7,7,7,7,7,7,7,7,7,7,7,7,7,7,7,7,7,7,7,7,7,7,7
городской округ Серебряные Пруды,1,1,6,6,6,6,6,6,6,6,6,6,6,6,6,6,6,6,6,6,6,6,6,6
городской округ Серовский,0,0,0,0,0,6,6,6,6,6,6,6,6,6,6,6,6,6,6,6,6,6,6,6
городской округ Серпухов,7,7,7,7,7,7,7,7,7,7,7,7,7,7,7,7,7,7,7,7,7,7,7,7
городской округ Смирныховский,1,1,1,1,1,1,1,1,1,1,1,1,1,1,1,1,9,9,1,1,1,1,1,1
городской округ Советский,0,0,0,0,0,0,0,0,4,4,6,6,6,6,6,6,6,6,6,6,8,8,6,6
городской округ Сокольский,0,0,2,2,9,9,9,9,9,9,9,9,9,9,9,9,9,9,8,8,8,8,8,8
городской округ Соликамский,1,1,1,6,6,6,6,6,6,6,6,6,6,6,6,6,6,6,6,6,6,6,6,6
городской округ Солнечногорск,7,7,7,7,7,7,7,7,7,7,7,7,7,7,7,7,7,7,7,7,7,7,7,7
городской округ Соль-Илецкий,4,4,4,4,4,4,4,4,4,4,6,6,4,4,4,4,8,8,8,8,8,8,8,8
городской округ Сорочинский,0,0,0,0,0,4,4,4,4,4,9,9,9,9,9,9,8,8,8,8,8,8,8,8
городской округ Сосновоборский,7,7,7,7,7,7,7,7,7,7,7,7,7,7,7,7,7,7,7,7,7,7,7,7
городской округ Сосьвинский,2,2,2,2,2,2,9,9,9,9,9,9,9,9,9,9,9,8,8,8,8,8,8,8
городской округ Спасск-Дальний,1,1,1,1,1,1,1,1,1,1,1,1,1,1,1,1,1,1,1,1,1,1,1,1
городской округ Среднеуральск,6,6,6,0,0,6,6,6,6,6,6,6,6,6,6,6,6,6,6,6,6,6,6,6
городской округ Ступино,7,7,7,7,7,7,7,7,7,7,7,7,7,7,7,7,7,7,7,7,7,7,7,7
городской округ Суксунский,2,2,2,2,2,2,2,2,2,2,2,2,9,9,9,9,9,9,8,8,8,8,8,8
городской округ Сухой Лог,0,0,0,0,0,6,6,6,6,6,6,6,6,6,6,6,6,6,6,6,6,6,6,6
городской округ Сызрань,6,6,6,6,6,6,6,6,6,6,6,6,6,6,6,6,6,6,6,6,6,6,6,6
городской округ Сыктывкар,6,6,6,6,6,6,6,6,6,6,6,6,6,6,6,6,6,6,6,6,6,6,6,6
городской округ Сысертский,6,6,6,6,6,6,6,6,6,6,6,6,6,6,6,6,6,6,6,6,6,6,6,6
городской округ Тавдинский,0,0,0,0,0,0,0,9,9,9,9,9,9,9,9,9,9,8,8,8,8,8,8,8
городской округ Тайгинский,0,0,0,0,0,0,6,6,9,9,9,9,9,9,9,9,9,6,6,6,6,8,8,8
городской округ Талдомский,1,1,1,6,6,6,6,6,6,6,6,6,6,6,6,6,6,6,6,6,6,6,6,6
городской округ Талицкий,0,0,0,0,0,0,9,9,9,9,9,9,9,9,9,9,9,9,8,8,8,8,8,8
городской округ Тейково,0,0,0,0,0,0,9,9,9,9,9,9,9,9,9,8,8,8,8,8,8,8,8,8
городской округ Томаринский,1,1,1,1,1,1,1,1,1,1,1,1,1,1,1,1,1,1,1,1,1,1,1,1
городской округ Троицкий,0,0,0,0,0,0,4,4,4,4,9,9,9,9,6,6,6,6,6,8,8,8,6,6
городской округ Тугулымский,0,0,0,0,9,9,9,9,9,9,9,9,9,9,9,9,9,8,8,8,8,8,8,8
городской округ Туринский,0,0,0,0,9,9,9,9,9,9,9,9,9,9,9,9,9,8,8,8,8,8,8,8
городской округ Тымовский,1,1,1,1,1,1,1,1,1,1,1,1,1,1,1,1,1,1,1,1,1,1,1,1
городской округ Углегорский,1,1,1,1,1,1,1,1,1,1,1,1,1,1,1,1,1,1,1,1,1,1,1,1
городской округ Удомельский,1,1,1,1,1,6,6,6,6,6,6,6,6,6,6,6,6,6,6,6,6,6,6,6
городской округ Уссурийский,1,1,1,1,1,1,1,1,1,1,1,1,1,1,1,1,1,1,1,1,1,1,1,1
городской округ Усть-Катавский,0,0,0,0,0,0,9,9,9,9,9,9,9,9,9,8,8,8,8,8,8,8,8,8
городской округ Ухта,6,6,1,1,1,1,1,1,1,1,1,1,1,1,1,1,1,1,1,1,1,1,1,1
городской округ Фрязино,7,7,7,7,7,7,7,7,7,7,7,7,7,7,7,7,7,7,7,7,7,7,7,7
городской округ Холмский,1,1,1,1,1,1,1,1,1,1,1,1,1,1,1,1,1,1,1,1,1,1,1,1
городской округ Чайковский,0,0,0,0,0,6,6,6,6,6,6,6,6,6,6,6,6,6,6,6,6,6,6,6
городской округ Чапаевск,0,0,0,0,0,6,6,6,6,6,6,6,6,6,6,6,6,6,6,6,6,6,6,6
городской округ Чебаркульский,0,0,0,0,0,6,6,6,6,6,6,6,6,6,6,6,6,6,6,6,6,6,6,6
городской округ Челябинский,6,6,6,6,6,6,6,6,6,6,6,6,6,6,6,6,6,6,6,6,6,6,6,6
городской округ Чердынский,2,2,2,2,2,2,2,2,2,2,2,2,2,9,9,8,8,8,8,8,8,8,8,8
городской округ Черкесский,0,0,0,0,0,0,0,0,0,5,5,5,5,5,5,5,5,5,5,5,5,5,5,5
городской округ Черноголовка,7,7,7,7,6,6,6,6,6,6,6,6,6,6,6,6,1,1,1,1,1,1,1,1
городской округ Чернушинский,0,0,0,0,0,6,6,6,6,6,6,6,6,6,6,6,8,8,8,8,8,8,6,6
городской округ Чехов,7,7,7,7,7,7,7,7,7,7,7,7,7,7,7,7,7,7,7,7,7,7,7,7
городской округ Чусовской,0,0,0,0,0,6,6,6,6,6,6,6,6,6,6,6,6,6,6,6,6,6,6,6
городской округ Шалинский,2,2,2,2,2,2,2,2,2,2,2,2,9,9,9,9,8,8,8,8,8,8,8,8
городской округ Шатура,1,1,1,1,6,6,6,6,6,6,6,6,6,6,6,6,6,6,6,6,6,6,6,6
городской округ Шаховская,1,1,6,6,6,6,6,6,6,6,6,6,6,6,6,6,6,6,6,6,6,6,6,6
городской округ Шуя,0,0,0,0,0,0,9,9,9,9,9,9,9,9,9,9,9,8,8,8,8,8,8,8
городской округ Щёлково,7,7,7,7,7,7,7,7,7,7,7,7,7,7,7,7,7,7,7,7,7,7,7,7
городской округ Эгвекинот,1,1,1,1,1,1,1,1,1,1,1,1,1,1,1,1,1,1,1,1,1,1,1,1
городской округ Электросталь,7,7,7,7,7,7,7,7,7,7,7,7,7,7,7,7,7,7,7,7,7,7,7,7
городской округ Южно-Курильский,1,1,1,1,1,1,1,1,1,1,1,1,1,1,1,1,1,1,1,1,1,1,1,1
городской округ Южноуральский,0,0,0,0,0,6,6,6,6,6,6,6,6,6,6,6,6,6,6,6,6,6,6,6
городской округ Юргинский,0,0,0,0,0,6,6,6,6,6,6,6,6,6,6,6,6,6,6,6,6,6,6,6
городской округ Ясненский,0,0,0,0,0,0,0,9,9,9,9,9,9,9,9,9,8,8,8,8,8,8,8,8
городской округ город Абаза,2,2,2,2,2,2,9,9,9,9,9,9,9,9,9,9,9,8,8,8,8,8,8,8
городской округ город Абакан,6,6,6,6,6,6,6,6,6,6,6,6,6,6,6,6,6,6,6,6,6,6,6,6
городской округ город Агидель,0,0,0,0,4,4,4,4,4,4,4,4,4,4,4,4,8,8,8,8,8,8,8,8
городской округ город Адыгейск,0,0,0,0,0,0,0,0,5,5,5,5,5,5,5,5,5,5,5,5,5,5,5,5
городской округ город Алапаевск,0,0,0,0,0,0,6,6,6,6,6,6,6,6,6,6,1,1,6,6,6,6,6,6
городской округ город Алатырь,2,2,2,2,2,2,2,2,2,2,2,2,9,9,9,9,8,8,8,8,8,8,8,8
городской округ город Алейск,0,0,0,0,0,9,9,9,9,9,9,9,9,9,9,9,9,8,8,8,8,8,6,6
городской округ город Алексин,0,0,0,0,0,6,6,6,6,6,6,6,6,6,6,6,6,6,6,6,6,6,6,6
городской округ город Арзамас,0,0,0,0,0,0,6,6,6,6,6,6,6,6,6,6,6,6,6,6,6,6,6,6
городской округ город Архангельск,1,1,1,1,1,1,1,6,6,6,1,1,1,1,1,1,1,1,1,1,1,1,1,1
городской округ город Астрахань,6,6,6,6,6,6,6,6,6,6,6,6,6,6,6,6,6,6,6,6,6,6,6,6
городской округ город Ачинск,6,6,6,6,6,6,6,6,6,6,6,6,6,6,6,6,6,6,6,6,6,6,6,6
городской округ город Барнаул,6,6,6,6,6,6,6,6,6,6,6,6,6,6,6,6,6,6,6,6,6,6,6,6
городской округ город Белокуриха,0,0,0,0,0,0,6,6,6,6,6,6,6,6,6,6,6,6,6,6,6,6,6,6
городской округ город Бердск,6,6,6,6,6,6,6,6,6,6,6,6,6,6,6,6,6,6,6,6,6,6,6,6
городской округ город Березники,6,6,6,6,6,6,6,6,6,6,6,6,6,6,6,6,6,6,6,6,6,6,6,6
городской округ город Бийск,0,0,0,0,0,6,6,6,6,6,6,6,6,6,6,6,6,6,6,6,6,6,6,6
городской округ город Биробиджан,1,1,1,1,1,1,1,1,1,1,1,1,1,1,1,1,1,1,1,1,1,1,1,1
городской округ город Боготол,2,2,0,0,9,9,9,9,9,9,9,9,9,9,9,9,9,9,8,8,8,8,8,8
городской округ город Бор,0,0,0,6,6,6,6,6,6,6,6,6,6,6,6,6,6,6,6,6,6,6,6,6
городской округ город Бородино,0,0,0,0,0,0,9,9,9,9,9,9,9,9,9,9,9,8,8,8,8,8,8,8
городской округ город Братск,6,6,6,6,6,6,6,6,6,6,6,6,6,6,6,6,6,6,6,6,6,6,6,6
городской округ город Бугуруслан,0,0,0,0,6,6,6,6,6,6,6,6,6,6,6,6,6,6,6,6,6,6,6,6
городской округ город Бузулук,0,0,0,0,0,6,6,6,6,6,6,6,6,6,6,6,6,6,6,6,6,6,6,6
городской округ город Буй,0,0,0,0,0,9,9,9,9,9,9,9,9,9,9,9,9,8,8,8,8,8,8,8
городской округ город Великие Луки,0,0,0,0,0,0,6,6,6,6,6,6,6,6,6,6,6,6,6,6,6,6,6,6
городской округ город Владикавказ,0,0,0,0,0,6,6,6,6,6,6,6,6,5,5,5,5,5,5,5,5,5,5,5
городской округ город Владимир,6,6,6,6,6,6,6,6,6,6,6,6,6,6,6,6,6,6,6,6,6,6,6,6
городской округ город Волгореченск,0,0,0,0,0,9,9,9,9,9,9,9,9,9,9,9,9,8,8,8,8,8,8,8
городской округ город Волжск,0,0,0,0,0,0,0,4,4,9,9,9,9,9,9,8,8,8,8,8,8,8,8,8
городской округ город Волжский,6,6,6,6,6,6,6,6,6,6,6,6,6,6,6,6,6,6,6,6,6,6,6,6
городской округ город Воткинск,6,6,6,6,6,6,6,6,6,6,6,6,6,6,6,6,6,6,6,6,6,6,6,6
городской округ город Выкса,0,0,0,0,6,6,6,6,6,6,6,6,6,6,6,6,6,6,6,6,6,6,6,6
городской округ город Вятские Поляны,0,0,0,0,0,0,4,4,4,4,4,4,4,4,4,4,8,8,8,8,8,8,8,8
городской округ город Галич,2,2,2,2,2,9,9,9,9,9,9,9,9,9,9,9,8,8,8,8,8,8,8,8
городской округ город Глазов,0,0,0,0,0,0,0,0,6,6,6,6,6,6,6,6,6,6,6,6,6,6,6,6
городской округ город Горно-Алтайск,6,6,6,6,6,6,6,6,6,6,6,6,6,6,6,6,6,6,6,6,6,6,6,6
городской округ город Губкинский,1,1,1,1,1,1,1,1,1,1,1,1,1,1,1,1,1,1,1,1,1,1,1,1
городской округ город Гусь-Хрустальный,0,0,0,0,0,6,6,6,6,6,6,6,6,6,6,6,6,6,6,6,6,6,6,6
городской округ город Десногорск,0,0,0,0,0,6,6,6,6,6,6,6,6,6,6,6,6,6,6,6,6,6,6,6
городской округ город Дзержинск,6,6,6,6,6,6,6,6,6,6,6,6,6,6,6,6,6,6,6,6,6,6,6,6
городской округ город Дивногорск,6,6,6,0,0,0,6,6,6,6,6,6,6,6,6,6,6,6,6,6,6,6,6,6
городской округ город Димитровград,0,0,0,0,0,0,6,6,6,6,6,6,6,6,6,6,6,6,6,6,6,6,6,6
городской округ город Донской,0,0,0,0,0,6,6,6,6,6,6,6,6,6,6,6,6,6,6,6,6,6,6,6
городской округ город Екатеринбург,6,6,6,6,6,6,6,6,6,6,6,6,6,6,6,6,6,6,6,6,6,6,6,6
городской округ город Елец,0,0,0,0,6,6,6,6,6,6,6,6,6,6,6,6,6,6,6,6,6,6,6,6
городской округ город Енисейск,1,1,1,1,6,6,6,6,1,1,1,1,1,6,6,6,6,6,6,6,6,8,8,8
городской округ город Ефремов,0,0,0,0,6,6,6,6,6,6,6,6,6,6,6,6,6,6,6,6,6,6,6,6
городской округ город Заринск,0,0,0,0,0,0,0,4,4,6,6,6,6,6,6,6,6,6,6,6,6,6,6,6
городской округ город Ижевск,6,6,6,6,6,6,6,6,6,6,6,6,6,6,6,6,6,6,6,6,6,6,6,6
городской округ город Ирбит,0,0,0,0,6,6,6,6,6,6,6,6,6,6,6,6,6,6,6,6,6,6,6,6
городской округ город Иркутск,6,6,6,6,6,6,6,6,6,6,6,6,6,6,6,6,6,6,6,6,6,6,6,6
городской округ город Искитим,0,0,0,0,0,0,6,6,6,6,6,6,6,6,6,6,6,6,6,6,6,6,6,6
городской округ город Ишим,0,0,0,0,0,0,6,6,6,6,6,6,6,6,6,6,6,6,6,6,6,6,6,6
городской округ город Йошкар-Ола,6,6,6,0,0,6,6,6,6,6,6,6,6,6,6,6,6,6,6,6,6,6,6,6
городской округ город Казань,6,6,6,6,6,6,6,6,6,6,6,6,6,6,6,6,6,6,6,6,6,6,6,6
городской округ город Калининград,6,6,1,1,1,1,1,1,6,6,6,6,6,6,6,6,6,6,6,6,6,6,6,6
городской округ город Калуга,6,6,6,6,6,6,6,6,6,6,6,6,6,6,6,6,6,6,6,6,6,6,6,6
городской округ город Каменск-Уральский,6,6,6,6,6,6,6,6,6,6,6,6,6,6,6,6,6,6,6,6,6,6,6,6
городской округ город Камышин,0,0,0,0,0,6,6,6,6,6,6,6,6,6,6,6,6,6,6,6,6,6,6,6
городской округ город Канаш,4,4,4,4,4,4,4,4,4,4,4,4,4,4,8,8,8,8,8,8,8,8,8,8
городской округ город Канск,0,0,0,0,0,6,6,6,6,6,6,6,6,6,6,6,6,6,6,6,6,6,6,6
городской округ город Касимов,0,0,0,0,0,9,9,9,9,9,9,9,9,9,9,9,9,8,8,8,8,8,8,8
городской округ город Кедровый,2,2,2,2,2,6,6,6,6,6,9,9,9,9,9,9,9,9,9,9,9,9,9,9
городской округ город Кизел,0,0,0,0,9,9,9,9,9,9,9,9,9,9,9,9,9,8,8,8,8,8,8,8
городской округ город Киров,6,6,6,6,6,6,6,6,6,6,6,6,6,6,6,6,6,6,6,6,6,6,6,6
городской округ город Кирово-Чепецк,6,6,6,6,6,6,6,6,6,6,6,6,6,6,6,6,6,6,6,6,6,6,6,6
городской округ город Кирсанов,2,2,2,2,2,2,2,2,2,2,2,2,9,9,9,9,9,8,8,8,8,8,8,8
городской округ город Ковров,6,6,6,6,6,6,6,6,6,6,6,6,6,6,6,6,6,6,6,6,6,6,6,6
городской округ город Когалым,1,1,1,1,1,1,1,1,1,1,1,1,1,1,1,1,1,1,1,1,1,1,1,1
городской округ город Козьмодемьянск,0,0,0,0,9,9,9,9,9,9,9,9,9,9,9,9,9,8,8,8,8,8,8,8
городской округ город Комсомольск-на-Амуре,1,1,1,1,1,1,1,1,1,1,1,1,1,1,1,1,1,1,1,1,1,1,1,1
городской округ город Коряжма,1,1,1,1,1,6,6,6,6,6,6,6,6,6,6,6,6,8,8,8,8,8,6,6
городской округ город Кострома,6,6,6,6,6,6,6,6,6,6,6,6,6,6,6,6,6,6,6,6,6,6,6,6
городской округ город Котельнич,0,0,0,4,4,4,4,4,4,4,4,4,9,9,9,9,9,8,8,8,8,8,8,8
городской округ город Котовск,2,2,2,2,2,2,2,2,2,2,2,2,2,2,2,8,8,8,8,8,8,8,8,8
городской округ город Красноярск,6,6,6,6,6,6,6,6,6,6,6,6,6,6,6,6,6,6,6,6,6,6,6,6
городской округ город Кулебаки,0,0,0,0,9,9,9,9,9,9,9,9,9,9,9,9,9,8,8,8,8,8,8,8
городской округ город Кумертау,0,0,0,0,0,0,0,0,6,6,6,6,6,6,6,6,6,6,6,6,6,6,6,6
городской округ город Курган,0,0,0,0,0,0,0,6,6,6,6,6,6,6,6,6,6,6,6,6,6,6,6,6
городской округ город Лабытнанги,1,1,1,1,1,1,1,1,1,1,1,1,1,1,1,1,1,1,1,1,1,1,1,1
городской округ город Лангепас,1,1,1,1,1,1,1,1,1,1,1,1,1,1,1,1,1,1,1,1,1,1,1,1
городской округ город Лермонтов,0,0,0,0,6,6,6,6,6,6,6,6,6,6,6,6,6,6,6,6,6,6,6,6
городской округ город Лесосибирск,1,1,1,6,6,6,6,6,6,6,6,6,6,6,6,6,6,6,6,6,6,6,6,6
городской округ город Ливны,0,0,0,0,0,0,9,9,9,9,9,9,9,9,9,9,8,8,8,8,8,8,8,8
городской округ город Липецк,6,6,6,6,6,6,6,6,6,6,6,6,6,6,6,6,6,6,6,6,6,6,6,6
городской округ город Магадан,1,1,1,1,1,1,1,1,1,1,1,1,1,1,1,1,1,1,1,1,1,1,1,1
городской округ город Майкоп,6,6,6,6,6,6,6,6,6,6,6,6,6,6,6,6,6,6,6,6,8,8,8,8
городской округ город Мегион,1,1,1,1,1,1,1,1,1,1,1,1,1,1,1,1,1,1,1,1,1,1,1,1
городской округ город Медногорск,0,0,0,0,0,0,0,9,9,9,9,4,4,4,4,4,4,4,8,8,8,8,8,8
городской округ город Минусинск,0,0,0,0,6,6,6,6,6,6,6,6,6,6,6,6,6,6,6,6,6,6,6,6
городской округ город Михайловка,0,0,0,0,0,0,9,9,9,9,9,9,9,9,9,9,8,8,8,8,8,8,8,8
городской округ город Мичуринск,0,0,0,0,0,0,9,9,9,9,9,9,9,9,9,9,8,8,8,8,8,8,8,8
городской округ город Можга,0,0,0,4,4,4,4,4,4,4,4,4,4,4,4,4,4,6,6,8,8,8,8,8
городской округ город Моршанск,2,2,2,2,2,2,2,2,2,2,2,9,9,9,9,9,9,9,8,8,8,8,8,8
городской округ город Муравленко,1,1,1,1,1,1,1,1,1,1,1,1,1,1,1,1,1,1,1,1,1,1,1,1
городской округ город Мурманск,1,1,1,1,1,1,1,1,1,1,1,1,1,1,1,1,1,1,1,1,7,7,7,7
городской округ город Мценск,0,0,0,0,6,6,6,6,6,6,6,6,6,9,9,6,6,8,8,8,8,8,8,8
городской округ город Набережные Челны,6,6,6,6,6,6,6,6,6,6,6,6,6,6,6,6,6,6,6,6,6,6,6,6
городской округ город Назарово,0,0,0,0,0,0,9,9,9,9,9,9,9,9,9,8,8,8,8,8,8,8,6,6
городской округ город Нарьян-Мар,1,1,1,1,1,1,1,1,1,1,1,1,1,1,1,1,1,1,1,1,1,1,1,1
городской округ город Невинномысск,6,6,0,0,6,6,6,6,6,6,6,6,6,6,6,6,6,6,6,6,6,6,6,6
городской округ город Нефтекамск,6,6,6,6,6,6,6,6,6,6,6,6,6,6,6,6,6,6,6,6,6,6,6,6
городской округ город Нефтеюганск,1,1,1,1,1,1,1,1,1,1,1,1,1,1,1,1,1,1,1,1,1,1,1,1
городской округ город Нижневартовск,1,1,1,1,1,1,1,1,1,1,1,1,1,1,1,1,1,1,1,1,1,1,1,1
городской округ город Нижний Новгород,6,6,6,6,6,6,6,6,6,6,6,6,6,6,6,6,6,6,6,6,6,6,6,6
городской округ город Нижний Тагил,6,6,6,6,6,6,6,6,6,6,6,6,6,6,6,6,6,6,6,6,6,6,6,6
городской округ город Новоалтайск,0,0,0,0,0,0,6,6,6,6,6,6,6,6,6,6,6,6,6,6,6,6,6,6
городской округ город Новодвинск,1,1,1,1,6,6,6,6,6,9,9,9,9,9,9,9,9,9,8,8,8,8,8,8
городской округ город Новомосковск,0,0,0,6,6,6,6,6,6,6,6,6,6,6,6,6,6,6,6,6,6,6,6,6
городской округ город Новосибирск,6,6,6,6,6,6,6,6,6,6,6,6,6,6,6,6,6,6,6,6,6,6,6,6
городской округ город Новотроицк,0,0,0,0,0,0,0,6,6,6,6,6,6,6,6,6,6,6,6,6,6,6,6,6
городской округ город Новоульяновск,0,0,0,0,0,0,0,2,2,2,4,4,4,4,9,9,9,8,8,8,8,8,8,8
городской округ город Новочебоксарск,6,6,6,6,6,6,6,6,6,6,6,6,6,6,6,6,6,6,6,6,6,6,6,6
городской округ город Новый Уренгой,1,1,1,1,1,1,1,1,1,1,1,1,1,1,1,1,1,1,1,1,1,1,1,1
городской округ город Норильск,1,1,1,1,1,1,1,1,1,1,1,1,1,1,1,1,1,1,1,1,1,1,1,1
городской округ город Ноябрьск,1,1,1,1,1,1,1,1,1,1,1,1,1,1,1,1,1,1,1,1,1,1,1,1
городской округ город Нягань,1,1,1,1,1,1,1,1,1,1,1,1,1,1,1,1,1,1,1,1,1,1,1,1
городской округ город Обнинск,7,7,7,7,7,7,7,7,7,7,7,7,7,7,7,7,7,7,7,7,7,7,7,7
городской округ город Обь,6,6,6,6,6,6,6,6,6,6,6,6,6,6,6,6,6,6,6,6,6,6,6,6
городской округ город Октябрьский,6,6,6,6,6,6,6,6,6,6,6,6,6,6,6,6,6,6,6,6,6,6,6,6
городской округ город Омск,6,6,6,6,6,6,6,6,6,6,6,6,6,6,6,6,6,6,6,6,6,6,6,6
городской округ город Оренбург,6,6,6,6,6,6,6,6,6,6,6,6,6,6,6,6,6,6,6,6,6,6,6,6
городской округ город Орск,0,0,0,0,0,0,0,6,6,6,6,6,6,6,6,6,6,6,6,6,6,6,6,6
городской округ город Орёл,6,6,6,6,6,6,6,6,6,6,6,6,6,6,6,6,6,6,6,6,6,6,6,6
городской округ город Первомайск,2,2,2,2,2,2,2,2,2,2,2,9,9,9,9,9,8,8,8,8,8,8,8,8
городской округ город Переславль-Залесский,0,0,0,0,6,6,6,6,6,6,6,6,6,6,6,6,6,6,6,6,6,6,6,6
городской округ город Петровск-Забайкальский,2,2,0,0,0,0,9,9,9,9,9,9,9,9,9,9,6,6,8,8,8,8,8,8
городской округ город Покачи,1,1,1,1,1,1,1,1,1,6,6,6,1,1,1,1,1,1,1,1,6,6,6,6
городской округ город Псков,6,6,6,6,6,6,6,6,6,6,6,6,6,6,6,6,6,6,6,6,6,6,6,6
городской округ город Пыть-Ях,1,1,1,1,1,1,1,1,1,6,6,6,6,6,6,1,1,7,7,7,7,7,7,7
городской округ город Радужный,1,1,1,1,1,1,1,1,6,6,6,6,6,6,6,6,6,6,6,6,6,6,6,6
городской округ город Рассказово,2,2,2,2,2,2,2,2,2,2,2,9,9,9,9,9,9,9,8,8,8,8,8,8
городской округ город Рубцовск,0,0,0,0,0,0,6,6,6,6,6,6,6,6,6,6,6,6,6,6,6,6,6,6
городской округ город Рыбинск,6,6,6,6,6,6,6,6,6,6,6,6,6,6,6,6,6,6,6,6,6,6,6,6
городской округ город Рязань,6,6,6,6,6,6,6,6,6,6,6,6,6,6,6,6,6,6,6,6,6,6,6,6
городской округ город Салават,6,6,6,6,6,6,6,6,6,6,6,6,6,6,6,6,6,6,6,6,6,6,6,6
городской округ город Салехард,1,1,1,1,1,1,1,1,1,1,1,1,1,1,1,1,1,1,1,1,1,1,1,1
городской округ город Сарапул,0,0,0,0,0,6,6,6,6,6,6,6,6,6,6,6,6,6,6,6,6,6,6,6
городской округ город Саратов,6,6,6,6,6,6,6,6,6,6,6,6,6,6,6,6,6,6,6,6,6,6,6,6
городской округ город Саяногорск,1,1,1,0,0,6,6,6,6,6,6,6,6,6,6,6,6,6,6,6,6,6,6,6
городской округ город Саянск,0,0,0,0,0,6,6,6,6,6,6,6,6,6,6,6,6,6,6,6,6,6,6,6
городской округ город Свирск,0,0,0,0,0,9,9,6,6,9,9,9,9,9,9,9,9,9,8,8,8,8,8,8
городской округ город Сибай,6,6,6,0,0,6,6,6,6,6,6,6,6,6,6,6,6,6,6,6,6,6,6,6
городской округ город Скопин,2,2,2,2,2,2,2,2,2,2,9,9,9,9,9,9,9,9,8,8,8,8,8,8
городской округ город Слободской,0,0,0,0,0,4,4,4,4,4,4,4,4,4,4,8,8,8,8,8,8,8,8,8
городской округ город Смоленск,6,6,6,6,6,6,6,6,6,6,6,6,6,6,6,6,6,6,6,6,6,6,6,6
городской округ город Сорск,0,0,0,0,0,0,9,9,9,9,9,9,9,9,9,9,9,8,8,8,8,8,8,8
городской округ город Сосновоборск,6,6,6,6,6,6,6,6,6,6,6,6,6,6,6,6,6,6,6,6,6,6,6,6
городской округ город Ставрополь,6,6,6,6,6,6,6,6,6,6,6,6,6,6,6,6,6,6,6,6,6,6,6,6
городской округ город Стерлитамак,6,6,6,6,6,6,6,6,6,6,6,6,6,6,6,6,6,6,6,6,6,6,6,6
городской округ город Стрежевой,1,1,1,1,1,1,1,1,1,1,1,1,1,1,1,1,1,1,1,1,1,1,6,6
городской округ город Сургут,1,1,1,1,1,1,1,1,1,1,1,1,1,1,1,1,1,1,1,1,1,1,1,1
городской округ город Тамбов,6,6,6,6,6,6,6,6,6,6,6,6,6,6,6,6,6,6,6,6,6,6,6,6
городской округ город Тверь,6,6,6,6,6,6,6,6,6,6,6,6,6,6,6,6,6,6,6,6,6,6,6,6
городской округ город Тобольск,6,6,6,6,6,6,6,6,6,6,6,6,6,6,6,6,6,6,6,6,6,6,6,6
городской округ город Томск,6,6,6,6,6,6,6,6,6,6,6,6,6,6,6,6,6,6,6,6,6,6,6,6
городской округ город Торжок,0,0,0,0,0,6,6,6,6,6,6,6,6,6,6,6,6,6,6,6,6,6,6,6
городской округ город Тула,6,6,6,6,6,6,6,6,7,7,6,6,6,6,6,6,6,6,6,6,6,7,7,7
городской округ город Тулун,0,0,0,0,0,0,0,9,9,9,9,9,9,9,9,9,9,9,9,9,8,8,8,8
городской округ город Тюмень,7,7,7,7,7,7,7,7,7,7,7,6,6,6,6,7,7,7,7,7,7,7,7,7
городской округ город Уварово,2,2,2,2,2,2,2,2,2,2,2,9,9,9,9,9,9,9,8,8,8,8,8,8
городской округ город Ульяновск,6,6,6,6,6,6,6,6,6,6,6,6,6,6,6,6,6,6,6,6,6,6,6,6
городской округ город Урай,7,7,1,1,7,7,7,7,7,7,7,7,7,1,1,1,1,1,7,7,7,7,7,7
городской округ город Урюпинск,0,0,0,0,9,9,9,9,9,9,9,9,9,9,9,9,9,9,8,8,8,8,8,8
городской округ город Усолье-Сибирское,6,6,6,6,6,6,6,6,6,6,6,6,6,6,6,6,6,6,6,6,6,6,6,6
городской округ город Усть-Илимск,1,1,1,1,1,1,1,1,1,6,6,6,6,6,6,6,6,6,6,6,6,6,6,6
городской округ город Уфа,6,6,6,6,6,6,6,6,6,6,6,6,6,6,6,6,6,6,6,6,6,6,6,6
городской округ город Фролово,0,0,2,2,9,9,9,9,9,9,9,9,9,9,9,9,9,9,8,8,8,8,8,8
городской округ город Хабаровск,1,1,1,1,1,1,1,1,1,1,1,1,1,1,1,1,1,1,1,1,1,1,1,1
городской округ город Ханты-Мансийск,1,1,1,1,1,1,1,1,1,1,1,1,1,1,1,1,1,1,1,1,1,1,1,1
городской округ город Чебоксары,6,6,6,6,6,6,6,6,6,6,6,6,6,6,6,6,6,6,6,6,6,6,6,6
городской округ город Черемхово,0,0,0,0,0,0,6,6,9,9,6,6,6,6,6,6,6,6,6,6,8,8,6,6
городской округ город Черногорск,0,0,0,0,0,0,6,6,6,6,6,6,6,6,6,6,6,6,6,6,6,6,6,6
городской округ город Чкаловск,2,2,2,2,2,2,9,9,9,9,9,9,9,9,9,9,8,8,8,8,8,8,8,8
городской округ город Шадринск,0,0,0,0,0,0,0,4,4,6,6,9,9,9,6,6,6,6,6,8,8,6,6,6
городской округ город Шарыпово,0,0,0,0,0,6,6,6,6,6,6,6,6,6,6,6,6,6,6,6,6,6,6,6
городской округ город Шарья,0,0,0,0,9,9,9,9,9,9,9,9,9,9,9,9,9,8,8,8,8,8,8,8
городской округ город Шахунья,0,0,0,0,9,9,9,9,9,9,9,9,9,9,9,9,8,8,8,8,8,8,8,8
городской округ город Шиханы,2,2,2,0,0,9,9,9,9,9,9,9,9,9,9,9,8,8,8,8,8,8,8,8
городской округ город Шумерля,0,0,0,0,0,0,4,4,4,4,4,4,4,4,4,4,4,8,8,8,8,8,8,8
городской округ город Югорск,6,6,6,7,7,7,7,7,7,6,6,6,6,6,6,6,7,7,7,7,7,6,6,6
городской округ город Якутск,1,1,1,1,1,1,1,1,1,1,1,1,1,1,1,1,1,1,1,1,1,1,1,1
городской округ город Ялуторовск,0,0,0,0,0,0,9,9,9,9,9,6,6,6,6,6,8,8,8,8,8,8,6,6
городской округ город Яровое,2,2,9,9,9,9,9,9,9,9,9,9,9,9,9,9,9,8,8,8,8,8,8,8
городской округ город Ярославль,6,6,6,6,6,6,6,6,6,6,6,6,6,6,6,6,6,6,6,6,6,6,6,6
городской округ город-герой Волгоград,6,6,6,6,6,6,6,6,6,6,6,6,6,6,6,6,6,6,6,6,6,6,6,6
городской округ город-курорт Ессентуки,6,6,6,6,6,6,6,6,6,6,6,6,6,6,6,6,6,6,6,6,6,6,6,6
городской округ город-курорт Железноводск,0,0,0,6,6,6,6,6,6,6,6,6,6,6,6,6,6,6,6,6,6,6,6,6
городской округ город-курорт Кисловодск,6,6,6,6,6,6,6,6,6,6,6,6,6,6,6,6,6,6,6,6,6,6,6,6
городской округ город-курорт Пятигорск,6,6,6,6,6,6,6,6,6,6,6,6,6,6,6,6,6,6,6,6,6,6,6,6
городской округ округ Муром,0,0,0,0,0,0,6,6,6,6,6,6,6,6,6,6,6,6,6,6,6,6,6,6
городской округ поселок Агинское,0,0,0,0,0,0,0,0,5,5,5,5,5,5,5,5,5,1,1,1,1,1,1,1
городской округ рабочий поселок Кольцово,7,7,7,7,7,7,7,7,7,7,7,7,7,7,7,7,7,7,7,7,7,7,7,7
муниципальный округ Александровский,0,0,0,0,9,9,9,9,9,9,9,9,9,9,9,9,8,8,8,8,8,8,8,8
муниципальный округ Алнашский район,4,4,4,4,4,4,4,4,4,4,4,4,4,4,4,4,8,8,8,8,8,8,8,8
муниципальный округ Андреапольский,2,2,2,2,2,9,9,9,9,9,9,9,9,9,9,9,9,9,8,8,8,8,8,8
муниципальный округ Арбажский,1,1,1,1,1,1,1,1,1,1,1,1,1,1,1,1,1,1,1,1,1,1,1,1
муниципальный округ Афанасьевский,4,4,4,4,4,4,4,4,4,4,4,4,4,4,4,4,4,8,8,8,8,8,8,8
муниципальный округ Балезинский район,4,4,4,4,4,4,4,4,4,4,4,4,4,4,4,4,8,8,8,8,8,8,8,8
муниципальный округ Бардымский,4,4,4,4,4,4,4,4,4,4,4,4,9,9,9,9,8,8,8,8,8,8,8,8
муниципальный округ Бежецкий,2,2,2,2,2,9,9,9,9,9,9,9,9,9,9,9,9,9,8,8,8,8,8,8
муниципальный округ Бельский,2,2,2,2,2,2,2,2,2,2,2,9,9,9,9,9,9,8,8,8,8,8,8,8
муниципальный округ Березовский,2,2,2,4,4,4,4,4,4,4,4,4,4,8,8,8,8,8,8,8,8,8,8,8
муниципальный округ Богородский,1,1,1,1,1,1,1,1,1,1,1,1,1,8,8,8,8,8,8,8,8,8,8,8
муниципальный округ Бологовский,0,0,0,0,9,9,9,9,9,9,9,9,9,9,9,9,9,8,8,8,8,8,8,8
муниципальный округ Большесосновский,0,0,0,4,4,4,4,4,4,4,4,4,9,9,9,9,9,8,8,8,8,8,8,8
муниципальный округ Вавожский район,4,4,4,4,4,4,4,4,4,4,4,4,4,4,4,8,8,8,8,8,8,8,8,8
муниципальный округ Верхнекамский,0,0,0,9,9,9,9,9,2,2,4,4,9,9,9,9,9,8,8,8,8,8,8,8
муниципальный округ Весьегонский,2,2,2,0,0,2,2,2,2,9,9,9,9,9,9,9,8,8,8,8,8,8,8,8
муниципальный округ Вилегодский,0,0,0,0,0,9,9,9,9,9,9,9,9,9,9,9,9,8,8,8,8,8,8,8
муниципальный округ Волотовский,2,2,2,2,2,2,2,2,2,2,2,2,2,2,2,8,8,8,8,8,8,8,8,8
муниципальный округ Вуктыл,1,1,1,1,1,1,1,1,1,6,6,6,6,6,6,6,6,6,6,6,6,6,6,6
муниципальный округ Гайнский,2,2,2,2,2,9,9,9,9,9,9,9,9,9,9,9,9,9,8,8,8,8,8,8
муниципальный округ Гвардейский,0,0,0,0,0,4,4,4,4,4,4,4,4,4,4,8,8,8,8,8,8,8,8,8
муниципальный округ Граховский район,2,2,2,2,2,2,2,2,2,2,2,2,4,4,9,9,8,8,8,8,8,8,8,8
муниципальный округ Губахинский,0,0,0,0,0,0,6,6,9,9,9,9,9,9,9,6,6,8,8,8,8,8,8,8
муниципальный округ Гурьевский,6,6,1,1,1,1,1,1,1,6,6,6,6,6,6,6,6,6,6,6,6,6,6,6
муниципальный округ Дебёсский район,2,2,2,4,4,4,4,4,4,4,4,4,4,4,4,8,8,8,8,8,8,8,8,8
муниципальный округ Демянский,2,2,2,2,2,2,2,2,2,2,9,9,9,9,9,9,9,9,8,8,8,8,8,8
муниципальный округ Еловский,2,2,2,4,4,4,4,4,4,4,4,4,4,9,9,8,8,8,8,8,8,8,8,8
муниципальный округ Жарковский,2,2,2,2,2,2,2,2,2,2,2,2,2,2,8,8,8,8,8,8,8,8,8,8
муниципальный округ Завьяловский район,6,6,6,6,6,6,6,6,6,6,6,6,6,6,6,6,6,6,6,6,6,6,6,6
муниципальный округ Западнодвинский,2,2,2,2,2,2,2,2,2,9,9,9,9,9,9,9,9,9,8,8,8,8,8,8
муниципальный округ Зеленоградский,6,6,6,6,6,6,6,6,6,6,6,6,6,6,6,6,6,6,7,7,7,7,7,7
муниципальный округ Зубцовский,2,2,2,2,2,2,2,2,9,9,9,9,9,9,9,9,9,8,8,8,8,8,8,8
муниципальный округ Игринский район,4,4,4,4,4,4,4,4,4,4,4,4,4,4,8,8,8,8,8,8,8,8,8,8
муниципальный округ Калининский,6,6,6,6,6,6,6,6,6,6,6,6,6,6,6,6,6,6,6,7,7,7,7,7
муниципальный округ Калязинский,0,0,0,0,0,0,9,9,9,9,9,9,9,9,9,9,8,8,8,8,8,8,8,8
муниципальный округ Камбарский район,0,0,0,0,0,0,0,4,4,4,4,4,4,4,4,4,8,8,8,8,8,8,8,8
муниципальный округ Карагайский,4,4,4,4,4,4,4,4,4,4,4,4,9,9,9,9,9,9,8,8,8,8,8,8
муниципальный округ Каракулинский район,2,2,2,2,2,4,4,4,4,4,2,2,2,2,8,8,8,8,8,8,8,8,8,8
муниципальный округ Каргопольский,0,0,0,0,0,0,6,6,9,9,9,9,9,9,9,9,9,9,8,8,8,8,8,8
муниципальный округ Кезский район,4,4,4,4,4,4,4,4,4,4,4,4,4,4,4,4,4,8,8,8,8,8,8,8
муниципальный округ Кесовогорский,2,2,2,2,2,2,2,2,9,9,9,9,9,9,9,9,9,9,8,8,8,8,8,8
муниципальный округ Кизнерский район,4,4,4,4,4,4,4,4,4,4,4,4,4,4,4,8,8,8,8,8,8,8,8,8
муниципальный округ Кикнурский,2,2,2,2,4,4,2,2,2,2,2,2,2,2,8,8,8,8,8,8,8,8,8,8
муниципальный округ Кимрский,0,0,0,0,6,6,6,6,6,6,6,6,6,6,6,6,6,6,6,6,6,6,6,6
муниципальный округ Кишертский,2,2,2,2,2,2,2,2,2,2,2,2,2,2,2,8,8,8,8,8,8,8,8,8
муниципальный округ Киясовский район,4,4,4,4,4,4,4,4,4,4,4,4,4,4,4,4,4,4,8,8,8,8,8,8
муниципальный округ Конаковский,1,1,1,0,0,6,6,6,6,6,6,6,6,6,6,6,6,6,6,6,6,6,6,6
муниципальный округ Косинский,2,2,4,4,4,4,4,4,4,4,4,4,4,4,8,8,8,8,8,8,8,8,8,8
муниципальный округ Кочевский,4,4,4,4,4,4,4,4,4,4,4,4,4,4,8,8,8,8,8,8,8,8,8,8
муниципальный округ Красногородский,2,2,2,2,2,2,2,2,2,2,2,9,9,9,9,9,8,8,8,8,8,8,8,8
муниципальный округ Красногорский район,4,4,4,4,4,4,4,4,4,4,4,2,2,2,2,8,8,8,8,8,8,8,8,8
муниципальный округ Краснознаменский,2,2,2,2,2,4,4,4,4,4,4,4,4,4,4,9,9,8,8,8,8,8,8,8
муниципальный округ Красноселькупский район,1,1,1,1,1,1,1,1,1,1,1,1,1,1,1,1,1,1,1,1,1,1,1,1
муниципальный округ Краснохолмский,2,2,2,2,2,2,2,2,2,2,2,2,9,9,9,9,8,8,8,8,8,8,8,8
муниципальный округ Крестецкий,2,2,2,2,2,2,9,9,9,9,9,9,9,9,9,9,9,8,8,8,8,8,8,8
муниципальный округ Кувшиновский,0,0,0,2,2,9,9,9,9,9,9,9,9,9,9,9,9,9,8,8,8,8,8,8
муниципальный округ Кудымкарский,0,0,0,0,0,0,0,4,4,4,6,6,4,4,4,6,6,6,6,8,8,8,8,8
муниципальный округ Куединский,2,2,2,2,2,4,4,4,4,4,4,9,9,9,9,9,9,8,8,8,8,8,8,8
муниципальный округ Кунгурский,0,0,0,0,0,0,6,6,6,6,6,6,6,6,6,6,6,6,6,6,6,6,6,6
муниципальный округ Лебяжский,2,2,2,4,4,4,4,2,2,2,2,2,2,2,8,8,8,8,8,8,8,8,8,8
муниципальный округ Лесной,2,2,2,2,2,2,2,2,2,2,2,2,2,2,2,8,8,8,8,8,8,8,8,8
муниципальный округ Лихославльский,2,2,2,2,2,2,9,9,9,9,9,9,9,9,9,9,9,8,8,8,8,8,8,8
муниципальный округ Локнянский,2,2,2,2,2,2,2,2,2,2,2,2,2,9,9,9,9,8,8,8,8,8,8,8
муниципальный округ Лузский,2,2,2,2,2,9,9,9,9,4,4,4,4,9,9,9,8,8,8,8,8,8,8,8
муниципальный округ Максатихинский,2,2,2,2,2,2,2,2,2,2,2,2,9,9,9,9,9,8,8,8,8,8,8,8
муниципальный округ Макушинский,2,2,2,2,2,2,2,2,2,2,2,2,2,2,8,8,8,8,8,8,8,8,8,8
муниципальный округ Малопургинский район,4,4,4,4,4,4,4,4,4,4,4,4,4,4,4,4,8,8,8,8,8,8,8,8
муниципальный округ Марёвский,2,2,2,2,2,2,2,2,2,2,2,2,2,2,2,2,8,8,8,8,8,8,8,8
муниципальный округ Молоковский,2,2,2,2,2,2,2,2,2,2,2,2,2,2,2,10,10,10,10,10,10,10,10,10
муниципальный округ Мошенской,2,2,2,2,2,2,9,9,9,9,9,9,9,9,9,9,9,8,8,8,8,8,8,8
муниципальный округ Мурашинский,2,2,2,2,2,2,2,2,2,4,4,4,2,2,8,8,8,8,8,8,8,8,8,8
муниципальный округ Надымский район,1,1,1,1,1,1,1,1,1,1,1,1,1,1,1,1,1,1,1,1,1,1,1,1
муниципальный округ Невельский,2,2,2,2,2,2,2,2,2,2,2,9,9,9,9,9,9,9,9,8,8,8,8,8
муниципальный округ Неманский,0,0,0,0,0,0,4,4,4,4,6,6,4,4,6,6,6,6,6,8,8,8,8,8
муниципальный округ Нестеровский,4,4,4,4,4,4,4,4,4,4,4,4,4,4,4,9,9,8,8,8,8,8,8,8
муниципальный округ Новоржевский,2,2,2,2,2,2,2,9,9,2,2,9,9,9,9,9,8,8,8,8,8,8,8,8
муниципальный округ Озерский,4,4,4,4,4,4,4,4,4,4,4,4,4,9,9,9,9,8,8,8,8,8,8,8
муниципальный округ Оленинский,2,2,2,2,2,2,2,2,2,2,2,9,9,9,9,9,8,8,8,8,8,8,8,8
муниципальный округ Ольский,1,1,1,1,1,1,1,1,1,1,1,1,1,1,1,1,1,1,1,1,1,1,1,1
муниципальный округ Опаринский,2,2,2,2,2,2,2,2,2,2,2,2,2,8,8,8,8,8,8,8,8,8,8,8
муниципальный округ Опочецкий,2,2,2,2,2,2,9,9,9,9,9,9,9,9,9,9,8,8,8,8,8,8,8,8
муниципальный округ Ординский,2,2,2,2,2,2,2,2,2,2,2,2,2,2,8,8,8,8,8,8,8,8,8,8
муниципальный округ Орловский,6,6,6,6,6,6,6,6,6,6,6,6,6,6,6,6,6,6,6,6,6,6,6,6
муниципальный округ Пеновский,2,2,2,2,2,2,2,2,2,9,9,9,9,9,9,9,9,9,8,8,8,8,8,8
муниципальный округ Пермский,0,0,6,6,6,6,6,6,6,6,6,6,6,6,6,6,6,6,6,6,6,6,6,6
муниципальный округ Пестовский,0,0,0,0,0,0,0,9,9,9,9,9,9,9,9,9,9,9,8,8,8,8,8,8
муниципальный округ Печорский,0,0,0,0,0,9,9,9,9,9,9,9,9,9,9,9,9,8,8,8,8,8,8,8
муниципальный округ Пижанский,2,2,4,4,4,4,4,4,4,4,4,4,4,4,4,8,8,8,8,8,8,8,8,8
муниципальный округ Полесский,0,0,0,0,0,0,0,0,0,4,4,4,4,4,4,4,8,8,8,8,8,8,8,8
муниципальный округ Правдинский,0,0,4,4,4,4,4,4,4,4,4,4,4,4,4,4,8,8,8,8,8,8,8,8
муниципальный округ Приуральский район,1,1,1,1,1,1,1,1,1,1,1,1,1,1,1,1,1,1,1,1,1,1,1,1
муниципальный округ Пуровский район,1,1,1,1,1,1,1,1,1,1,1,1,1,1,1,1,1,1,1,1,1,1,1,1
муниципальный округ Пыталовский,0,0,0,0,0,0,0,0,0,9,9,9,9,9,9,8,8,8,8,8,8,8,8,8
муниципальный округ Рамешковский,2,2,2,2,2,2,2,2,2,2,2,2,2,2,8,8,8,8,8,8,8,8,8,8
муниципальный округ Ржевский,0,0,0,0,0,6,6,6,6,6,6,6,6,6,6,6,6,6,6,6,6,6,6,6
муниципальный округ Сандовский,2,2,2,2,2,2,2,2,2,2,2,8,8,8,8,8,8,8,8,8,8,8,8,8
муниципальный округ Санчурский,2,2,2,4,4,4,4,4,2,2,2,2,2,2,8,8,8,8,8,8,8,8,8,8
муниципальный округ Сарапульский район,4,4,4,4,4,4,4,4,4,4,4,4,4,4,4,4,6,6,6,8,8,8,8,8
муниципальный округ Свечинский,2,2,2,2,4,4,4,4,4,2,2,2,2,8,8,8,8,8,8,8,8,8,8,8
муниципальный округ Селижаровский,2,2,2,2,2,2,2,2,2,9,9,9,9,9,9,9,9,8,8,8,8,8,8,8
муниципальный округ Селтинский район,2,2,2,2,4,4,4,4,4,4,4,2,2,8,8,8,8,8,8,8,8,8,8,8
муниципальный округ Сивинский,2,2,2,4,4,4,4,4,4,4,9,9,9,9,9,9,9,8,8,8,8,8,8,8
муниципальный округ Славский,0,0,4,4,4,4,4,4,4,4,9,9,9,9,9,9,9,8,8,8,8,8,8,8
муниципальный округ Солецкий,2,2,2,2,2,2,2,2,2,2,2,9,9,9,9,9,9,8,8,8,8,8,8,8
муниципальный округ Сонковский,2,2,2,2,2,2,2,2,2,2,2,2,2,2,8,8,8,8,8,8,8,8,8,8
муниципальный округ Спировский,2,2,2,2,2,2,2,2,2,2,2,2,9,9,9,9,9,9,8,8,8,8,8,8
муниципальный округ Старицкий,2,2,2,2,2,2,2,2,2,9,9,9,9,9,9,9,9,8,8,8,8,8,8,8
муниципальный округ Струго-Красненский,0,0,0,0,0,0,9,9,9,9,9,9,9,9,9,9,8,8,8,8,8,8,8,8
муниципальный округ Суетский район,2,2,2,2,2,2,2,2,2,2,2,2,2,2,2,8,8,8,8,8,8,8,8,8
муниципальный округ Сюмсинский район,2,2,2,2,2,4,4,4,4,4,4,2,2,8,8,8,8,8,8,8,8,8,8,8
муниципальный округ Тазовский район,1,1,1,1,1,1,1,1,1,1,1,1,1,1,1,1,1,1,1,1,1,1,1,1
муниципальный округ Торопецкий,2,2,2,2,2,2,2,9,9,9,9,9,9,9,9,9,9,9,8,8,8,8,8,8
муниципальный округ Увинский район,4,4,4,4,4,4,4,4,4,4,4,4,4,4,4,8,8,8,8,8,8,8,8,8
муниципальный округ Уинский,2,2,2,2,2,2,2,2,2,2,2,2,2,8,8,8,8,8,8,8,8,8,8,8
муниципальный округ Унинский,1,1,1,1,1,1,1,1,1,2,2,2,2,2,8,8,8,8,8,8,8,8,8,8
муниципальный округ Усинск,1,1,1,1,1,1,1,1,1,1,1,1,1,1,1,1,1,1,1,1,1,1,1,1
муниципальный округ Фаленский,2,2,2,2,2,2,2,2,2,2,2,2,2,2,8,8,8,8,8,8,8,8,8,8
муниципальный округ Фировский,2,2,2,2,2,2,2,2,2,2,9,9,9,9,9,9,9,8,8,8,8,8,8,8
муниципальный округ Хвойнинский,2,2,2,2,2,2,9,9,9,9,9,9,9,9,9,9,9,8,8,8,8,8,8,8
муниципальный округ Чарышский район,2,2,2,2,2,2,2,2,2,2,2,2,2,2,8,8,8,8,8,8,8,8,8,8
муниципальный округ Частинский,2,2,2,2,9,9,4,4,4,4,4,4,9,9,9,9,9,8,8,8,8,8,8,8
муниципальный округ Черняховский,0,0,0,0,0,0,0,0,4,4,6,6,6,6,6,6,6,6,6,6,6,6,6,6
муниципальный округ Шарканский район,4,4,4,4,4,4,4,4,4,4,4,4,4,4,4,4,8,8,8,8,8,8,8,8
муниципальный округ Шумихинский,2,2,2,4,4,4,4,4,4,4,4,4,4,9,9,9,8,8,8,8,8,8,8,8
муниципальный округ Шурышкарский район,1,1,1,1,1,1,1,1,1,1,1,1,1,1,1,1,1,1,1,1,1,1,1,1
муниципальный округ Юкаменский район,4,4,4,4,4,4,4,4,4,4,4,4,4,4,4,4,8,8,8,8,8,8,8,8
муниципальный округ Юрлинский,2,2,2,2,2,4,4,4,4,4,4,4,4,4,4,4,8,8,8,8,8,8,8,8
муниципальный округ Юсьвинский,4,4,4,4,4,4,4,4,4,4,4,4,4,4,8,8,8,8,8,8,8,8,8,8
муниципальный округ Ягоднинский,1,1,1,1,1,1,1,1,1,1,1,1,1,1,1,1,1,1,1,1,1,1,1,1
муниципальный округ Якшур-Бодьинский район,4,4,4,4,4,4,4,4,4,4,4,4,4,4,4,8,8,8,8,8,8,8,8,8
муниципальный округ Ямальский район,1,1,1,1,1,1,1,1,1,1,1,1,1,1,1,1,1,1,1,1,1,1,1,1
муниципальный округ Ярский район,4,4,4,4,4,4,4,4,4,4,4,4,4,4,4,4,8,8,8,8,8,8,8,8
муниципальный округ город Апатиты,1,1,1,1,1,1,1,1,1,1,1,1,1,1,1,1,1,1,1,1,1,1,1,1
муниципальный округ город Кировск,1,1,1,1,1,1,1,1,1,1,1,1,1,1,1,1,1,1,1,1,1,1,1,1
муниципальный округ город Мончегорск,1,1,1,1,1,1,1,1,1,1,1,1,1,1,1,1,1,1,1,1,1,1,1,1
муниципальный округ город Оленегорск,1,1,1,1,1,1,1,1,1,1,1,1,1,1,1,1,1,1,1,1,1,1,1,1
муниципальный округ город Полярные Зори,1,1,1,1,1,1,1,1,1,1,1,1,1,1,1,1,1,1,1,1,1,1,1,1
муниципальный округ город Славгород,0,0,0,0,0,9,9,9,9,9,9,9,9,9,9,9,8,8,8,8,8,8,8,8
муниципальный район Город Краснокаменск и Краснокаменский район,0,0,1,1,1,1,1,1,1,6,6,6,6,6,6,6,6,6,1,1,1,1,6,6
муниципальный район Заполярный район,1,1,1,1,1,1,1,1,1,1,1,1,1,1,1,1,1,1,1,1,1,1,1,1
муниципальный район Печора,1,1,1,1,1,1,1,1,1,1,1,1,1,1,1,1,1,1,1,1,1,1,6,6
муниципальный район Сосногорск,1,1,1,1,1,1,1,1,6,6,6,6,6,6,6,6,6,6,6,6,6,6,8,8
муниципальный район город Нерехта и Нерехтский район,0,0,0,0,0,0,0,0,0,9,9,9,9,9,9,9,9,9,8,8,8,8,8,8
муниципальный район имени Лазо,1,1,1,1,1,1,1,1,1,1,1,1,9,9,9,9,9,8,8,8,8,8,8,8
муниципальный район имени Полины Осипенко,1,1,1,1,1,1,1,1,1,1,1,1,1,1,1,1,1,1,1,1,1,1,1,1
