scenario,seed,omega,month,monthly_ari,monthly_nmi
abrupt,0,0.0,1,0.9001510320523578,0.9303418151731833
abrupt,0,0.0,2,1.0,1.0
abrupt,0,0.0,3,0.9368479690420234,0.9533015155088699
abrupt,0,0.0,4,0.9110090272955504,0.9413541300285139
abrupt,0,0.0,5,1.0,1.0
abrupt,0,0.0,6,0.9122544783613985,0.9418891053052244
abrupt,0,0.0,7,0.8742369277643216,0.9311467207432398
abrupt,0,0.0,8,0.8973316289041661,0.9395619948266241
abrupt,0,0.0,9,0.9035427113954695,0.9304272547930388
abrupt,0,0.0,10,0.925195548096161,0.9349149533545996
abrupt,0,0.0,11,1.0,1.0000000000000002
abrupt,0,0.0,12,1.0,1.0000000000000002
abrupt,0,0.25,1,1.0,1.0
abrupt,0,0.25,2,1.0,1.0
abrupt,0,0.25,3,1.0,1.0
abrupt,0,0.25,4,1.0,1.0
abrupt,0,0.25,5,1.0,1.0
abrupt,0,0.25,6,1.0,1.0
abrupt,0,0.25,7,1.0,1.0000000000000002
abrupt,0,0.25,8,1.0,1.0
abrupt,0,0.25,9,0.9909480109659227,0.9874617819497844
abrupt,0,0.25,10,0.9787494466001718,0.9782615336907172
abrupt,0,0.25,11,1.0,1.0
abrupt,0,0.25,12,1.0,1.0
abrupt,0,0.5,1,1.0,1.0
abrupt,0,0.5,2,1.0,1.0
abrupt,0,0.5,3,1.0,1.0
abrupt,0,0.5,4,1.0,1.0
abrupt,0,0.5,5,1.0,1.0
abrupt,0,0.5,6,1.0,1.0
abrupt,0,0.5,7,1.0,1.0000000000000002
abrupt,0,0.5,8,1.0,1.0000000000000002
abrupt,0,0.5,9,1.0,1.0000000000000002
abrupt,0,0.5,10,0.9787494466001718,0.9782615336907174
abrupt,0,0.5,11,1.0,1.0
abrupt,0,0.5,12,1.0,1.0
abrupt,0,1.0,1,1.0,1.0
abrupt,0,1.0,2,1.0,1.0
abrupt,0,1.0,3,1.0,1.0
abrupt,0,1.0,4,1.0,1.0
abrupt,0,1.0,5,1.0,1.0
abrupt,0,1.0,6,1.0,1.0
abrupt,0,1.0,7,0.9894313112945089,0.9870159739160603
abrupt,0,1.0,8,1.0,1.0000000000000002
abrupt,0,1.0,9,1.0,1.0000000000000002
abrupt,0,1.0,10,1.0,1.0000000000000002
abrupt,0,1.0,11,1.0,1.0000000000000002
abrupt,0,1.0,12,1.0,1.0000000000000002
abrupt,0,2.0,1,1.0,1.0
abrupt,0,2.0,2,1.0,1.0
abrupt,0,2.0,3,1.0,1.0
abrupt,0,2.0,4,1.0,1.0
abrupt,0,2.0,5,0.9209302325581395,0.9457217297142854
abrupt,0,2.0,6,0.745244104081455,0.7995904556602114
abrupt,0,2.0,7,0.8316600520946318,0.8579265085272032
abrupt,0,2.0,8,0.921956116383324,0.9454044065676177
abrupt,0,2.0,9,0.9787494466001718,0.9782615336907174
abrupt,0,2.0,10,1.0,1.0000000000000002
abrupt,0,2.0,11,1.0,1.0000000000000002
abrupt,0,2.0,12,1.0,1.0000000000000002
abrupt,0,4.0,1,1.0,1.0
abrupt,0,4.0,2,1.0,1.0
abrupt,0,4.0,3,1.0,1.0
abrupt,0,4.0,4,1.0,1.0
abrupt,0,4.0,5,0.9343072215148875,0.9291563442754129
abrupt,0,4.0,6,0.8532170620464129,0.8576221623521894
abrupt,0,4.0,7,0.9338951557727956,0.9285110503908358
abrupt,0,4.0,8,1.0,1.0000000000000002
abrupt,0,4.0,9,1.0,1.0000000000000002
abrupt,0,4.0,10,1.0,1.0000000000000002
abrupt,0,4.0,11,1.0,1.0000000000000002
abrupt,0,4.0,12,1.0,1.0000000000000002
abrupt,1,0.0,1,1.0,1.0
abrupt,1,0.0,2,0.988918893751746,0.9869937479859149
abrupt,1,0.0,3,0.9663811590666855,0.9608784723278957
abrupt,1,0.0,4,1.0,1.0
abrupt,1,0.0,5,0.9667677640167038,0.962066424281016
abrupt,1,0.0,6,1.0,1.0
abrupt,1,0.0,7,0.9878134380740453,0.9866838666740393
abrupt,1,0.0,8,1.0,1.0
abrupt,1,0.0,9,0.9878134380740453,0.9866838666740393
abrupt,1,0.0,10,1.0,1.0
abrupt,1,0.0,11,1.0,1.0
abrupt,1,0.0,12,1.0,1.0
abrupt,1,0.25,1,1.0,1.0
abrupt,1,0.25,2,0.988918893751746,0.9869937479859151
abrupt,1,0.25,3,0.9775873792141377,0.9735418554857959
abrupt,1,0.25,4,1.0,1.0
abrupt,1,0.25,5,0.9784882369651112,0.9783922478689324
abrupt,1,0.25,6,1.0,1.0
abrupt,1,0.25,7,1.0,1.0
abrupt,1,0.25,8,1.0,1.0
abrupt,1,0.25,9,0.9878134380740453,0.9866838666740392
abrupt,1,0.25,10,1.0,1.0
abrupt,1,0.25,11,1.0,1.0
abrupt,1,0.25,12,1.0,1.0
abrupt,1,0.5,1,1.0,1.0
abrupt,1,0.5,2,1.0,1.0
abrupt,1,0.5,3,0.9663811590666855,0.9608784723278957
abrupt,1,0.5,4,1.0,1.0
abrupt,1,0.5,5,1.0,1.0
abrupt,1,0.5,6,1.0,1.0
abrupt,1,0.5,7,1.0,1.0
abrupt,1,0.5,8,1.0,1.0
abrupt,1,0.5,9,1.0,1.0
abrupt,1,0.5,10,1.0,1.0
abrupt,1,0.5,11,1.0,1.0
abrupt,1,0.5,12,1.0,1.0
abrupt,1,1.0,1,1.0,1.0
abrupt,1,1.0,2,1.0,1.0
abrupt,1,1.0,3,1.0,1.0
abrupt,1,1.0,4,1.0,1.0
abrupt,1,1.0,5,1.0,1.0
abrupt,1,1.0,6,1.0,1.0
abrupt,1,1.0,7,1.0,1.0
abrupt,1,1.0,8,1.0,1.0
abrupt,1,1.0,9,1.0,1.0
abrupt,1,1.0,10,1.0,1.0
abrupt,1,1.0,11,1.0,1.0
abrupt,1,1.0,12,1.0,1.0
abrupt,1,2.0,1,1.0,1.0
abrupt,1,2.0,2,1.0,1.0
abrupt,1,2.0,3,1.0,1.0
abrupt,1,2.0,4,1.0,1.0
abrupt,1,2.0,5,0.913638936049802,0.9201993068611589
abrupt,1,2.0,6,0.6168086082921108,0.7369294698362826
abrupt,1,2.0,7,0.944183624177284,0.940208240587755
abrupt,1,2.0,8,1.0,1.0
abrupt,1,2.0,9,1.0,1.0
abrupt,1,2.0,10,1.0,1.0
abrupt,1,2.0,11,1.0,1.0
abrupt,1,2.0,12,1.0,1.0
abrupt,1,4.0,1,1.0,1.0
abrupt,1,4.0,2,1.0,1.0
abrupt,1,4.0,3,1.0,1.0
abrupt,1,4.0,4,1.0,1.0
abrupt,1,4.0,5,0.9335736272148769,0.9289379238753281
abrupt,1,4.0,6,0.7964827241371623,0.8144065336797714
abrupt,1,4.0,7,0.859072186333195,0.8571577610266194
abrupt,1,4.0,8,0.9591243042671614,0.9561641707637912
abrupt,1,4.0,9,1.0,1.0
abrupt,1,4.0,10,1.0,1.0
abrupt,1,4.0,11,1.0,1.0
abrupt,1,4.0,12,1.0,1.0
abrupt,2,0.0,1,1.0,1.0
abrupt,2,0.0,2,0.988918893751746,0.9869937479859149
abrupt,2,0.0,3,1.0,1.0
abrupt,2,0.0,4,0.988918893751746,0.9869937479859151
abrupt,2,0.0,5,1.0,1.0
abrupt,2,0.0,6,0.988918893751746,0.9869937479859149
abrupt,2,0.0,7,0.9785906312808097,0.9744632147822129
abrupt,2,0.0,8,1.0,1.0
abrupt,2,0.0,9,1.0,1.0
abrupt,2,0.0,10,0.9637949940899034,0.9612600524531019
abrupt,2,0.0,11,1.0,1.0
abrupt,2,0.0,12,1.0,1.0
abrupt,2,0.25,1,1.0,1.0
abrupt,2,0.25,2,1.0,1.0
abrupt,2,0.25,3,1.0,1.0
abrupt,2,0.25,4,0.988918893751746,0.9869937479859151
abrupt,2,0.25,5,1.0,1.0
abrupt,2,0.25,6,1.0,1.0
abrupt,2,0.25,7,1.0,1.0
abrupt,2,0.25,8,1.0,1.0
abrupt,2,0.25,9,1.0,1.0
abrupt,2,0.25,10,0.9754939816101895,0.9775974329533417
abrupt,2,0.25,11,1.0,1.0
abrupt,2,0.25,12,1.0,1.0
abrupt,2,0.5,1,1.0,1.0
abrupt,2,0.5,2,1.0,1.0
abrupt,2,0.5,3,1.0,1.0
abrupt,2,0.5,4,1.0,1.0
abrupt,2,0.5,5,1.0,1.0
abrupt,2,0.5,6,1.0,1.0
abrupt,2,0.5,7,1.0,1.0
abrupt,2,0.5,8,1.0,1.0
abrupt,2,0.5,9,1.0,1.0
abrupt,2,0.5,10,1.0,1.0
abrupt,2,0.5,11,1.0,1.0
abrupt,2,0.5,12,1.0,1.0
abrupt,2,1.0,1,1.0,1.0
abrupt,2,1.0,2,1.0,1.0
abrupt,2,1.0,3,0.988918893751746,0.9869937479859151
abrupt,2,1.0,4,0.988918893751746,0.9869937479859151
abrupt,2,1.0,5,1.0,1.0
abrupt,2,1.0,6,1.0,1.0
abrupt,2,1.0,7,0.9785906312808097,0.9783423232835368
abrupt,2,1.0,8,1.0,1.0
abrupt,2,1.0,9,1.0,1.0
abrupt,2,1.0,10,1.0,1.0
abrupt,2,1.0,11,1.0,1.0
abrupt,2,1.0,12,1.0,1.0
abrupt,2,2.0,1,1.0,1.0
abrupt,2,2.0,2,1.0,1.0
abrupt,2,2.0,3,1.0,1.0
abrupt,2,2.0,4,1.0,1.0
abrupt,2,2.0,5,1.0,1.0
abrupt,2,2.0,6,0.7703644537434969,0.807942512404178
abrupt,2,2.0,7,0.5816616253638863,0.7203550259855761
abrupt,2,2.0,8,0.9463852660364275,0.9423462146882193
abrupt,2,2.0,9,1.0,1.0
abrupt,2,2.0,10,1.0,1.0
abrupt,2,2.0,11,1.0,1.0
abrupt,2,2.0,12,1.0,1.0
abrupt,2,4.0,1,1.0,1.0
abrupt,2,4.0,2,1.0,1.0
abrupt,2,4.0,3,1.0,1.0
abrupt,2,4.0,4,1.0,1.0
abrupt,2,4.0,5,0.9559602353211419,0.9554111549419694
abrupt,2,4.0,6,0.7944093806762886,0.8204325554880618
abrupt,2,4.0,7,0.8523676669185763,0.8547069365088741
abrupt,2,4.0,8,0.933304961898049,0.9285826171578258
abrupt,2,4.0,9,1.0,1.0
abrupt,2,4.0,10,1.0,1.0
abrupt,2,4.0,11,1.0,1.0
abrupt,2,4.0,12,1.0,1.0
abrupt,3,0.0,1,0.988918893751746,0.9869937479859149
abrupt,3,0.0,2,1.0,1.0
abrupt,3,0.0,3,0.7763888547414414,0.8533126942902155
abrupt,3,0.0,4,0.9130973416706332,0.9088559088724306
abrupt,3,0.0,5,0.9108477702785944,0.9209352755224361
abrupt,3,0.0,6,0.7227017624470774,0.8372914298157575
abrupt,3,0.0,7,0.8968773217885256,0.9298040454166234
abrupt,3,0.0,8,0.9094244587344706,0.9414314283403352
abrupt,3,0.0,9,1.0,1.0
abrupt,3,0.0,10,1.0,1.0
abrupt,3,0.0,11,0.8985026235836675,0.920280310586214
abrupt,3,0.0,12,0.9168795033303635,0.9446338019439948
abrupt,3,0.25,1,1.0,1.0
abrupt,3,0.25,2,1.0,1.0
abrupt,3,0.25,3,0.9351424227646941,0.9404185439808235
abrupt,3,0.25,4,0.9247819308078041,0.9204962042677989
abrupt,3,0.25,5,0.966769698895533,0.9609768036015338
abrupt,3,0.25,6,0.9784882369651112,0.9783922478689326
abrupt,3,0.25,7,1.0,1.0
abrupt,3,0.25,8,1.0,1.0
abrupt,3,0.25,9,1.0,1.0
abrupt,3,0.25,10,1.0,1.0
abrupt,3,0.25,11,0.977596099681242,0.9735365513766039
abrupt,3,0.25,12,1.0,1.0
abrupt,3,0.5,1,1.0,1.0
abrupt,3,0.5,2,1.0,1.0
abrupt,3,0.5,3,0.9351424227646941,0.9404185439808235
abrupt,3,0.5,4,0.9247819308078041,0.9204962042677987
abrupt,3,0.5,5,0.966769698895533,0.9609768036015339
abrupt,3,0.5,6,1.0,1.0
abrupt,3,0.5,7,1.0,1.0
abrupt,3,0.5,8,1.0,1.0
abrupt,3,0.5,9,1.0,1.0
abrupt,3,0.5,10,1.0,1.0
abrupt,3,0.5,11,0.977596099681242,0.973536551376604
abrupt,3,0.5,12,1.0,1.0
abrupt,3,1.0,1,1.0,1.0
abrupt,3,1.0,2,1.0,1.0
abrupt,3,1.0,3,0.9559602353211419,0.9554111549419694
abrupt,3,1.0,4,0.9442232866333646,0.9348633953457535
abrupt,3,1.0,5,0.9559602353211419,0.9554111549419693
abrupt,3,1.0,6,1.0,1.0
abrupt,3,1.0,7,1.0,1.0
abrupt,3,1.0,8,1.0,1.0
abrupt,3,1.0,9,1.0,1.0
abrupt,3,1.0,10,1.0,1.0
abrupt,3,1.0,11,0.977596099681242,0.973536551376604
abrupt,3,1.0,12,1.0,1.0
abrupt,3,2.0,1,1.0,1.0
abrupt,3,2.0,2,1.0,1.0
abrupt,3,2.0,3,1.0,1.0
abrupt,3,2.0,4,1.0,1.0
abrupt,3,2.0,5,0.9105935386927122,0.9411764705882353
abrupt,3,2.0,6,0.7551986922133808,0.8103284568712904
abrupt,3,2.0,7,0.5786462185661833,0.6839894749805794
abrupt,3,2.0,8,0.9458275547062769,0.9407522363118925
abrupt,3,2.0,9,1.0,1.0
abrupt,3,2.0,10,1.0,1.0
abrupt,3,2.0,11,1.0,1.0
abrupt,3,2.0,12,1.0,1.0
abrupt,3,4.0,1,1.0,1.0
abrupt,3,4.0,2,1.0,1.0
abrupt,3,4.0,3,1.0,1.0
abrupt,3,4.0,4,1.0,1.0
abrupt,3,4.0,5,0.9775873792141377,0.973541855485796
abrupt,3,4.0,6,0.7925958908466383,0.8118158534095102
abrupt,3,4.0,7,0.8699558798790838,0.8696109378637821
abrupt,3,4.0,8,1.0,1.0
abrupt,3,4.0,9,1.0,1.0
abrupt,3,4.0,10,1.0,1.0
abrupt,3,4.0,11,1.0,1.0
abrupt,3,4.0,12,1.0,1.0
abrupt,4,0.0,1,1.0,1.0
abrupt,4,0.0,2,1.0,1.0
abrupt,4,0.0,3,1.0,1.0
abrupt,4,0.0,4,1.0,1.0
abrupt,4,0.0,5,0.988918893751746,0.9869937479859149
abrupt,4,0.0,6,0.988918893751746,0.9869937479859149
abrupt,4,0.0,7,1.0,1.0
abrupt,4,0.0,8,1.0,1.0
abrupt,4,0.0,9,1.0,1.0
abrupt,4,0.0,10,1.0,1.0
abrupt,4,0.0,11,1.0,1.0
abrupt,4,0.0,12,1.0,1.0
abrupt,4,0.25,1,1.0,1.0
abrupt,4,0.25,2,1.0,1.0
abrupt,4,0.25,3,1.0,1.0
abrupt,4,0.25,4,1.0,1.0
abrupt,4,0.25,5,1.0,1.0
abrupt,4,0.25,6,0.988918893751746,0.9869937479859151
abrupt,4,0.25,7,1.0,1.0
abrupt,4,0.25,8,1.0,1.0
abrupt,4,0.25,9,1.0,1.0
abrupt,4,0.25,10,1.0,1.0
abrupt,4,0.25,11,1.0,1.0
abrupt,4,0.25,12,1.0,1.0
abrupt,4,0.5,1,1.0,1.0
abrupt,4,0.5,2,1.0,1.0
abrupt,4,0.5,3,1.0,1.0
abrupt,4,0.5,4,1.0,1.0
abrupt,4,0.5,5,1.0,1.0
abrupt,4,0.5,6,0.988918893751746,0.9869937479859151
abrupt,4,0.5,7,1.0,1.0000000000000002
abrupt,4,0.5,8,1.0,1.0000000000000002
abrupt,4,0.5,9,1.0,1.0
abrupt,4,0.5,10,0.9632460183186512,0.9664596682647534
abrupt,4,0.5,11,1.0,1.0
abrupt,4,0.5,12,1.0,1.0
abrupt,4,1.0,1,1.0,1.0
abrupt,4,1.0,2,1.0,1.0
abrupt,4,1.0,3,1.0,1.0
abrupt,4,1.0,4,0.988918893751746,0.9869937479859151
abrupt,4,1.0,5,1.0,1.0
abrupt,4,1.0,6,0.988918893751746,0.9869937479859151
abrupt,4,1.0,7,1.0,1.0000000000000002
abrupt,4,1.0,8,1.0,1.0000000000000002
abrupt,4,1.0,9,1.0,1.0000000000000002
abrupt,4,1.0,10,1.0,1.0000000000000002
abrupt,4,1.0,11,1.0,1.0000000000000002
abrupt,4,1.0,12,1.0,1.0000000000000002
abrupt,4,2.0,1,1.0,1.0
abrupt,4,2.0,2,1.0,1.0
abrupt,4,2.0,3,1.0,1.0
abrupt,4,2.0,4,1.0,1.0
abrupt,4,2.0,5,0.931976857527086,0.9449133028184222
abrupt,4,2.0,6,0.5588130125978147,0.7060590674147051
abrupt,4,2.0,7,0.836478860209085,0.8495862442332572
abrupt,4,2.0,8,1.0,1.0000000000000002
abrupt,4,2.0,9,1.0,1.0000000000000002
abrupt,4,2.0,10,1.0,1.0000000000000002
abrupt,4,2.0,11,1.0,1.0000000000000002
abrupt,4,2.0,12,1.0,1.0000000000000002
abrupt,4,4.0,1,1.0,1.0
abrupt,4,4.0,2,1.0,1.0
abrupt,4,4.0,3,1.0,1.0
abrupt,4,4.0,4,1.0,1.0
abrupt,4,4.0,5,1.0,1.0
abrupt,4,4.0,6,0.8307890023826262,0.8419858152082202
abrupt,4,4.0,7,0.8432981298601144,0.8480151993281955
abrupt,4,4.0,8,0.9574690023765741,0.9474594939384607
abrupt,4,4.0,9,1.0,1.0
abrupt,4,4.0,10,1.0,1.0
abrupt,4,4.0,11,1.0,1.0
abrupt,4,4.0,12,1.0,1.0
abrupt,5,0.0,1,0.9775873792141377,0.9735418554857959
abrupt,5,0.0,2,0.9105639375308323,0.9260936594727309
abrupt,5,0.0,3,0.9663811590666855,0.9608784723278957
abrupt,5,0.0,4,0.9663811590666855,0.9608784723278956
abrupt,5,0.0,5,1.0,1.0
abrupt,5,0.0,6,0.9122544783613985,0.9418891053052244
abrupt,5,0.0,7,0.9469808022702213,0.9368954560634932
abrupt,5,0.0,8,1.0,1.0
abrupt,5,0.0,9,1.0,1.0
abrupt,5,0.0,10,1.0,1.0
abrupt,5,0.0,11,0.9902011995032403,0.9872216051620676
abrupt,5,0.0,12,0.9764730442354388,0.9776766338947889
abrupt,5,0.25,1,0.9775873792141377,0.9735418554857959
abrupt,5,0.25,2,0.9775873792141377,0.973541855485796
abrupt,5,0.25,3,0.9663811590666855,0.9608784723278958
abrupt,5,0.25,4,0.9663811590666855,0.9608784723278957
abrupt,5,0.25,5,1.0,1.0
abrupt,5,0.25,6,1.0,1.0
abrupt,5,0.25,7,0.7611569876199573,0.8548672452839963
abrupt,5,0.25,8,0.7754525333818382,0.8777122456282592
abrupt,5,0.25,9,1.0,1.0
abrupt,5,0.25,10,1.0,1.0
abrupt,5,0.25,11,1.0,1.0
abrupt,5,0.25,12,1.0,1.0
abrupt,5,0.5,1,0.9775873792141377,0.9735418554857956
abrupt,5,0.5,2,0.9775873792141377,0.973541855485796
abrupt,5,0.5,3,0.9663811590666855,0.9608784723278958
abrupt,5,0.5,4,0.9663811590666855,0.9608784723278957
abrupt,5,0.5,5,1.0,1.0
abrupt,5,0.5,6,1.0,1.0
abrupt,5,0.5,7,0.7611569876199573,0.8548672452839963
abrupt,5,0.5,8,0.7754525333818382,0.8777122456282592
abrupt,5,0.5,9,1.0,1.0
abrupt,5,0.5,10,1.0,1.0
abrupt,5,0.5,11,1.0,1.0
abrupt,5,0.5,12,1.0,1.0
abrupt,5,1.0,1,1.0,1.0
abrupt,5,1.0,2,0.9775873792141377,0.973541855485796
abrupt,5,1.0,3,0.9663811590666855,0.9608784723278958
abrupt,5,1.0,4,0.9663811590666855,0.9608784723278957
abrupt,5,1.0,5,1.0,1.0
abrupt,5,1.0,6,1.0,1.0
abrupt,5,1.0,7,0.9686776428285111,0.9611980521848777
abrupt,5,1.0,8,1.0,1.0
abrupt,5,1.0,9,1.0,1.0
abrupt,5,1.0,10,1.0,1.0
abrupt,5,1.0,11,1.0,1.0
abrupt,5,1.0,12,1.0,1.0
abrupt,5,2.0,1,1.0,1.0
abrupt,5,2.0,2,1.0,1.0
abrupt,5,2.0,3,1.0,1.0
abrupt,5,2.0,4,1.0,1.0
abrupt,5,2.0,5,0.9254452698469525,0.947794815900551
abrupt,5,2.0,6,0.8306955024131898,0.8719781041710053
abrupt,5,2.0,7,0.66725111021435,0.7525272832842997
abrupt,5,2.0,8,0.9648879437488694,0.9651168888681638
abrupt,5,2.0,9,1.0,1.0
abrupt,5,2.0,10,1.0,1.0
abrupt,5,2.0,11,1.0,1.0
abrupt,5,2.0,12,1.0,1.0
abrupt,5,4.0,1,1.0,1.0
abrupt,5,4.0,2,1.0,1.0
abrupt,5,4.0,3,1.0,1.0
abrupt,5,4.0,4,1.0,1.0
abrupt,5,4.0,5,0.9335218874995611,0.9208259979758612
abrupt,5,4.0,6,0.8508833741992877,0.8522412790843468
abrupt,5,4.0,7,0.7955776636686611,0.8366825585491261
abrupt,5,4.0,8,0.9341089996928778,0.9287583856053285
abrupt,5,4.0,9,1.0,1.0
abrupt,5,4.0,10,1.0,1.0
abrupt,5,4.0,11,1.0,1.0
abrupt,5,4.0,12,1.0,1.0
abrupt,6,0.0,1,0.988918893751746,0.9869937479859151
abrupt,6,0.0,2,1.0,1.0
abrupt,6,0.0,3,0.9777111818692639,0.9743214773092947
abrupt,6,0.0,4,1.0,1.0
abrupt,6,0.0,5,1.0,1.0
abrupt,6,0.0,6,0.9667677640167038,0.962066424281016
abrupt,6,0.0,7,0.9889493786974164,0.986975435023792
abrupt,6,0.0,8,1.0,1.0
abrupt,6,0.0,9,0.9772649380872893,0.9734064168518218
abrupt,6,0.0,10,0.9900983265403785,0.9872900135698918
abrupt,6,0.0,11,1.0,1.0
abrupt,6,0.0,12,0.9885660979359084,0.9868776930069685
abrupt,6,0.25,1,1.0,1.0
abrupt,6,0.25,2,1.0,1.0
abrupt,6,0.25,3,0.988918893751746,0.9869937479859151
abrupt,6,0.25,4,1.0,1.0
abrupt,6,0.25,5,1.0,1.0
abrupt,6,0.25,6,0.988918893751746,0.9869937479859151
abrupt,6,0.25,7,0.9787723941314037,0.9738239756613606
abrupt,6,0.25,8,1.0,1.0
abrupt,6,0.25,9,0.9772649380872893,0.9734064168518218
abrupt,6,0.25,10,0.9900983265403785,0.9872900135698917
abrupt,6,0.25,11,1.0,1.0
abrupt,6,0.25,12,1.0,1.0
abrupt,6,0.5,1,1.0,1.0
abrupt,6,0.5,2,1.0,1.0
abrupt,6,0.5,3,0.988918893751746,0.9869937479859151
abrupt,6,0.5,4,1.0,1.0
abrupt,6,0.5,5,1.0,1.0
abrupt,6,0.5,6,0.9775873792141377,0.9735418554857959
abrupt,6,0.5,7,0.9787723941314037,0.9738239756613606
abrupt,6,0.5,8,1.0,1.0
abrupt,6,0.5,9,0.9772649380872893,0.9734064168518218
abrupt,6,0.5,10,1.0,1.0
abrupt,6,0.5,11,1.0,1.0
abrupt,6,0.5,12,1.0,1.0
abrupt,6,1.0,1,1.0,1.0
abrupt,6,1.0,2,1.0,1.0
abrupt,6,1.0,3,1.0,1.0
abrupt,6,1.0,4,1.0,1.0
abrupt,6,1.0,5,1.0,1.0
abrupt,6,1.0,6,0.988918893751746,0.9869937479859151
abrupt,6,1.0,7,0.9679850742205436,0.961241453544416
abrupt,6,1.0,8,1.0,1.0
abrupt,6,1.0,9,0.9772649380872893,0.9734064168518218
abrupt,6,1.0,10,1.0,1.0
abrupt,6,1.0,11,1.0,1.0
abrupt,6,1.0,12,1.0,1.0
abrupt,6,2.0,1,1.0,1.0
abrupt,6,2.0,2,1.0,1.0
abrupt,6,2.0,3,1.0,1.0
abrupt,6,2.0,4,1.0,1.0
abrupt,6,2.0,5,0.9777111818692639,0.974321477309295
abrupt,6,2.0,6,0.7830809563472015,0.8229168683929142
abrupt,6,2.0,7,0.750739593243396,0.7927075499201461
abrupt,6,2.0,8,0.966861644939072,0.9657979497114412
abrupt,6,2.0,9,1.0,1.0
abrupt,6,2.0,10,1.0,1.0
abrupt,6,2.0,11,1.0,1.0
abrupt,6,2.0,12,1.0,1.0
abrupt,6,4.0,1,1.0,1.0
abrupt,6,4.0,2,1.0,1.0
abrupt,6,4.0,3,1.0,1.0
abrupt,6,4.0,4,1.0,1.0
abrupt,6,4.0,5,0.9775873792141377,0.9735418554857956
abrupt,6,4.0,6,0.7558834397258005,0.7736983804455626
abrupt,6,4.0,7,0.8721810757999825,0.8702269480862074
abrupt,6,4.0,8,0.9772649380872893,0.9734064168518218
abrupt,6,4.0,9,1.0,1.0
abrupt,6,4.0,10,1.0,1.0
abrupt,6,4.0,11,1.0,1.0
abrupt,6,4.0,12,1.0,1.0
abrupt,7,0.0,1,0.9368479690420234,0.95330151550887
abrupt,7,0.0,2,1.0,1.0
abrupt,7,0.0,3,1.0,1.0
abrupt,7,0.0,4,0.988918893751746,0.9869937479859151
abrupt,7,0.0,5,1.0,1.0
abrupt,7,0.0,6,1.0,1.0
abrupt,7,0.0,7,0.9777997928581078,0.9742744583352723
abrupt,7,0.0,8,0.9878134380740453,0.9866838666740392
abrupt,7,0.0,9,1.0,1.0
abrupt,7,0.0,10,0.9878134380740453,0.9866838666740392
abrupt,7,0.0,11,0.9653349444905974,0.9706135338046576
abrupt,7,0.0,12,1.0,1.0
abrupt,7,0.25,1,1.0,1.0
abrupt,7,0.25,2,1.0,1.0
abrupt,7,0.25,3,1.0,1.0
abrupt,7,0.25,4,1.0,1.0
abrupt,7,0.25,5,1.0,1.0
abrupt,7,0.25,6,1.0,1.0
abrupt,7,0.25,7,1.0,1.0
abrupt,7,0.25,8,1.0,0.9999999999999999
abrupt,7,0.25,9,1.0,1.0
abrupt,7,0.25,10,0.9878134380740453,0.9866838666740393
abrupt,7,0.25,11,1.0,1.0
abrupt,7,0.25,12,1.0,1.0
abrupt,7,0.5,1,1.0,1.0
abrupt,7,0.5,2,1.0,1.0
abrupt,7,0.5,3,1.0,1.0
abrupt,7,0.5,4,1.0,1.0
abrupt,7,0.5,5,1.0,1.0
abrupt,7,0.5,6,1.0,1.0
abrupt,7,0.5,7,1.0,0.9999999999999999
abrupt,7,0.5,8,0.9878134380740453,0.9866838666740392
abrupt,7,0.5,9,1.0,1.0
abrupt,7,0.5,10,1.0,1.0
abrupt,7,0.5,11,1.0,1.0
abrupt,7,0.5,12,1.0,1.0
abrupt,7,1.0,1,1.0,1.0
abrupt,7,1.0,2,1.0,1.0
abrupt,7,1.0,3,1.0,1.0
abrupt,7,1.0,4,1.0,1.0
abrupt,7,1.0,5,1.0,1.0
abrupt,7,1.0,6,1.0,1.0
abrupt,7,1.0,7,0.9781953195319532,0.9702931517063481
abrupt,7,1.0,8,0.9878134380740453,0.9866838666740392
abrupt,7,1.0,9,1.0,1.0
abrupt,7,1.0,10,1.0,0.9999999999999999
abrupt,7,1.0,11,1.0,0.9999999999999999
abrupt,7,1.0,12,1.0,0.9999999999999999
abrupt,7,2.0,1,1.0,1.0
abrupt,7,2.0,2,1.0,1.0
abrupt,7,2.0,3,1.0,1.0
abrupt,7,2.0,4,1.0,1.0
abrupt,7,2.0,5,0.9775873792141377,0.973541855485796
abrupt,7,2.0,6,0.8500115957421779,0.8654069996275566
abrupt,7,2.0,7,0.7316626719637521,0.792562069352989
abrupt,7,2.0,8,0.901460024619412,0.9191130130172748
abrupt,7,2.0,9,0.9793469620386064,0.9785521769365446
abrupt,7,2.0,10,1.0,1.0
abrupt,7,2.0,11,1.0,1.0
abrupt,7,2.0,12,1.0,1.0
abrupt,7,4.0,1,1.0,1.0
abrupt,7,4.0,2,1.0,1.0
abrupt,7,4.0,3,1.0,1.0
abrupt,7,4.0,4,1.0,1.0
abrupt,7,4.0,5,0.9775873792141377,0.9735418554857959
abrupt,7,4.0,6,0.8713186184084982,0.8827720803147809
abrupt,7,4.0,7,0.871571831822909,0.8699952417261025
abrupt,7,4.0,8,0.9560964749536178,0.955332708591354
abrupt,7,4.0,9,1.0,1.0
abrupt,7,4.0,10,1.0,1.0
abrupt,7,4.0,11,1.0,1.0
abrupt,7,4.0,12,1.0,1.0
abrupt,8,0.0,1,0.9775873792141377,0.9735418554857956
abrupt,8,0.0,2,0.9775873792141377,0.973541855485796
abrupt,8,0.0,3,1.0,1.0
abrupt,8,0.0,4,0.988918893751746,0.9869937479859151
abrupt,8,0.0,5,0.9775873792141377,0.973541855485796
abrupt,8,0.0,6,1.0,1.0
abrupt,8,0.0,7,1.0,1.0
abrupt,8,0.0,8,1.0,1.0
abrupt,8,0.0,9,0.986406657141878,0.9862822534869417
abrupt,8,0.0,10,0.9756644889679017,0.9728271447597692
abrupt,8,0.0,11,1.0,1.0
abrupt,8,0.0,12,0.8629336830651859,0.8861037708881885
abrupt,8,0.25,1,0.9775873792141377,0.9735418554857959
abrupt,8,0.25,2,0.9775873792141377,0.973541855485796
abrupt,8,0.25,3,1.0,1.0
abrupt,8,0.25,4,1.0,1.0
abrupt,8,0.25,5,0.9775873792141377,0.973541855485796
abrupt,8,0.25,6,1.0,1.0
abrupt,8,0.25,7,1.0,1.0
abrupt,8,0.25,8,1.0,1.0
abrupt,8,0.25,9,1.0,1.0
abrupt,8,0.25,10,0.9756644889679017,0.9728271447597691
abrupt,8,0.25,11,1.0,1.0
abrupt,8,0.25,12,0.9764221556886228,0.9730415371932486
abrupt,8,0.5,1,0.9775873792141377,0.9735418554857959
abrupt,8,0.5,2,0.9775873792141377,0.9735418554857959
abrupt,8,0.5,3,1.0,1.0
abrupt,8,0.5,4,0.988918893751746,0.9869937479859151
abrupt,8,0.5,5,0.9775873792141377,0.9735418554857959
abrupt,8,0.5,6,1.0,1.0
abrupt,8,0.5,7,1.0,1.0
abrupt,8,0.5,8,1.0,1.0
abrupt,8,0.5,9,1.0,1.0
abrupt,8,0.5,10,0.9756644889679017,0.9728271447597692
abrupt,8,0.5,11,1.0,1.0
abrupt,8,0.5,12,0.9764221556886228,0.9730415371932486
abrupt,8,1.0,1,0.9775873792141377,0.9735418554857959
abrupt,8,1.0,2,0.9775873792141377,0.9735418554857959
abrupt,8,1.0,3,1.0,1.0
abrupt,8,1.0,4,0.9784882369651112,0.9783922478689326
abrupt,8,1.0,5,0.9775873792141377,0.9735418554857959
abrupt,8,1.0,6,1.0,1.0
abrupt,8,1.0,7,1.0,1.0
abrupt,8,1.0,8,1.0,1.0
abrupt,8,1.0,9,1.0,1.0
abrupt,8,1.0,10,0.9653798331097984,0.9602832061023394
abrupt,8,1.0,11,1.0,1.0
abrupt,8,1.0,12,0.9764221556886228,0.9730415371932486
abrupt,8,2.0,1,1.0,1.0
abrupt,8,2.0,2,1.0,1.0
abrupt,8,2.0,3,1.0,1.0
abrupt,8,2.0,4,1.0,1.0
abrupt,8,2.0,5,1.0,1.0
abrupt,8,2.0,6,0.7564813521441542,0.8029108296172387
abrupt,8,2.0,7,0.6155462154506194,0.7387709344221322
abrupt,8,2.0,8,0.9381277402196985,0.9510189119937241
abrupt,8,2.0,9,1.0,1.0
abrupt,8,2.0,10,1.0,1.0
abrupt,8,2.0,11,1.0,1.0
abrupt,8,2.0,12,1.0,1.0
abrupt,8,4.0,1,1.0,1.0
abrupt,8,4.0,2,1.0,1.0
abrupt,8,4.0,3,1.0,1.0
abrupt,8,4.0,4,1.0,1.0
abrupt,8,4.0,5,0.9351424227646941,0.9404185439808234
abrupt,8,4.0,6,0.8119074694093462,0.8431624986985643
abrupt,8,4.0,7,0.8987303797765154,0.9016173452476591
abrupt,8,4.0,8,0.9793695563367141,0.9737909548255381
abrupt,8,4.0,9,1.0,1.0
abrupt,8,4.0,10,1.0,1.0
abrupt,8,4.0,11,1.0,1.0
abrupt,8,4.0,12,1.0,1.0
abrupt,9,0.0,1,0.9324182171368093,0.9227454982452798
abrupt,9,0.0,2,0.966769698895533,0.9609768036015338
abrupt,9,0.0,3,0.9249014136845174,0.9284719951982162
abrupt,9,0.0,4,0.8844054755301065,0.9040758186662937
abrupt,9,0.0,5,0.8681833997848439,0.8945718187749
abrupt,9,0.0,6,0.877753681086634,0.905785703783543
abrupt,9,0.0,7,0.9121252399940925,0.9137126597139623
abrupt,9,0.0,8,0.8901802516635176,0.8871369673511663
abrupt,9,0.0,9,0.8638976741899932,0.8928637571542527
abrupt,9,0.0,10,0.8991003339751749,0.9013764551958591
abrupt,9,0.0,11,0.8522913460106251,0.889771280334604
abrupt,9,0.0,12,0.832929976333418,0.8458427220911988
abrupt,9,0.25,1,0.681908478854891,0.8241212637552106
abrupt,9,0.25,2,0.7090464547677262,0.8571428571428571
abrupt,9,0.25,3,0.3277661486101793,0.5731849173551278
abrupt,9,0.25,4,0.7090464547677262,0.8571428571428571
abrupt,9,0.25,5,0.7065001193412364,0.847162856446784
abrupt,9,0.25,6,0.7090464547677262,0.8571428571428571
abrupt,9,0.25,7,0.6957489504509731,0.8524270758819307
abrupt,9,0.25,8,0.6829637235546673,0.8240830509009989
abrupt,9,0.25,9,0.6857390410186608,0.8398997378121666
abrupt,9,0.25,10,0.6579958749873207,0.8068794579350853
abrupt,9,0.25,11,0.6957489504509731,0.8524270758819307
abrupt,9,0.25,12,0.6829637235546673,0.8240830509009988
abrupt,9,0.5,1,0.681908478854891,0.8241212637552106
abrupt,9,0.5,2,0.7090464547677262,0.8571428571428571
abrupt,9,0.5,3,0.7065001193412364,0.8471628564467839
abrupt,9,0.5,4,0.6982210077771196,0.8444256678389163
abrupt,9,0.5,5,0.7065001193412364,0.847162856446784
abrupt,9,0.5,6,0.7090464547677262,0.8571428571428571
abrupt,9,0.5,7,0.6957489504509731,0.8524270758819309
abrupt,9,0.5,8,0.6829637235546673,0.8240830509009989
abrupt,9,0.5,9,0.6957489504509731,0.8524270758819307
abrupt,9,0.5,10,0.6579958749873207,0.8068794579350853
abrupt,9,0.5,11,0.6794966984447547,0.8212230679762115
abrupt,9,0.5,12,0.6829637235546673,0.8240830509009989
abrupt,9,1.0,1,0.681908478854891,0.8241212637552106
abrupt,9,1.0,2,0.7090464547677262,0.8571428571428571
abrupt,9,1.0,3,0.7090464547677262,0.8571428571428571
abrupt,9,1.0,4,0.8960203352132814,0.9160194627964734
abrupt,9,1.0,5,0.7090464547677262,0.8571428571428571
abrupt,9,1.0,6,0.7090464547677262,0.8571428571428571
abrupt,9,1.0,7,0.691084155378298,0.841730834976992
abrupt,9,1.0,8,0.6829637235546673,0.8240830509009989
abrupt,9,1.0,9,0.691084155378298,0.8417308349769919
abrupt,9,1.0,10,0.8693493722850733,0.8741476819799615
abrupt,9,1.0,11,0.6957489504509731,0.8524270758819307
abrupt,9,1.0,12,0.6829637235546673,0.8240830509009988
abrupt,9,2.0,1,1.0,1.0
abrupt,9,2.0,2,1.0,1.0
abrupt,9,2.0,3,0.9775873792141377,0.9735418554857959
abrupt,9,2.0,4,0.9663811590666855,0.9608784723278957
abrupt,9,2.0,5,0.8347867411191636,0.8670604065412217
abrupt,9,2.0,6,0.7134954940473902,0.766215539345266
abrupt,9,2.0,7,0.7059598721707904,0.7815382610098163
abrupt,9,2.0,8,0.9536170876208294,0.9488788116151674
abrupt,9,2.0,9,1.0,1.0
abrupt,9,2.0,10,1.0,1.0
abrupt,9,2.0,11,0.9761604490497569,0.9731065159528934
abrupt,9,2.0,12,0.9761604490497569,0.9731065159528934
abrupt,9,4.0,1,1.0,1.0
abrupt,9,4.0,2,1.0,1.0
abrupt,9,4.0,3,1.0,1.0
abrupt,9,4.0,4,1.0,1.0
abrupt,9,4.0,5,0.9555546333568494,0.9471839267308284
abrupt,9,4.0,6,0.742608314514669,0.7696363248398795
abrupt,9,4.0,7,0.8733195449844882,0.86712826122648
abrupt,9,4.0,8,0.9784391920370911,0.9736891118500192
abrupt,9,4.0,9,0.9784391920370911,0.9736891118500192
abrupt,9,4.0,10,0.9784391920370911,0.9736891118500192
abrupt,9,4.0,11,0.9784391920370911,0.9736891118500192
abrupt,9,4.0,12,0.9784391920370911,0.9736891118500192
abrupt,10,0.0,1,0.988918893751746,0.9869937479859151
abrupt,10,0.0,2,1.0,1.0
abrupt,10,0.0,3,1.0,1.0
abrupt,10,0.0,4,0.988918893751746,0.9869937479859149
abrupt,10,0.0,5,1.0,1.0
abrupt,10,0.0,6,1.0,1.0
abrupt,10,0.0,7,0.9893115281093124,0.9870896337813638
abrupt,10,0.0,8,1.0,1.0
abrupt,10,0.0,9,0.9885435872114342,0.9868909560213069
abrupt,10,0.0,10,1.0,1.0
abrupt,10,0.0,11,0.9792812246496465,0.9785858975199746
abrupt,10,0.0,12,1.0,1.0
abrupt,10,0.25,1,1.0,1.0
abrupt,10,0.25,2,1.0,1.0
abrupt,10,0.25,3,1.0,1.0
abrupt,10,0.25,4,1.0,1.0
abrupt,10,0.25,5,1.0,1.0
abrupt,10,0.25,6,1.0,1.0
abrupt,10,0.25,7,0.9893115281093124,0.9870896337813638
abrupt,10,0.25,8,1.0,0.9999999999999999
abrupt,10,0.25,9,1.0,1.0
abrupt,10,0.25,10,1.0,0.9999999999999999
abrupt,10,0.25,11,1.0,1.0
abrupt,10,0.25,12,1.0,1.0
abrupt,10,0.5,1,1.0,1.0
abrupt,10,0.5,2,1.0,1.0
abrupt,10,0.5,3,1.0,1.0
abrupt,10,0.5,4,1.0,1.0
abrupt,10,0.5,5,1.0,1.0
abrupt,10,0.5,6,1.0,1.0
abrupt,10,0.5,7,0.9893115281093124,0.9870896337813638
abrupt,10,0.5,8,1.0,0.9999999999999999
abrupt,10,0.5,9,1.0,1.0
abrupt,10,0.5,10,1.0,1.0
abrupt,10,0.5,11,1.0,1.0
abrupt,10,0.5,12,1.0,1.0
abrupt,10,1.0,1,1.0,1.0
abrupt,10,1.0,2,1.0,1.0
abrupt,10,1.0,3,1.0,1.0
abrupt,10,1.0,4,1.0,1.0
abrupt,10,1.0,5,1.0,1.0
abrupt,10,1.0,6,0.988918893751746,0.9869937479859151
abrupt,10,1.0,7,0.96836412915441,0.9662191199178288
abrupt,10,1.0,8,1.0,0.9999999999999999
abrupt,10,1.0,9,1.0,0.9999999999999999
abrupt,10,1.0,10,1.0,0.9999999999999999
abrupt,10,1.0,11,1.0,0.9999999999999999
abrupt,10,1.0,12,1.0,0.9999999999999999
abrupt,10,2.0,1,1.0,1.0
abrupt,10,2.0,2,1.0,1.0
abrupt,10,2.0,3,1.0,1.0
abrupt,10,2.0,4,1.0,1.0
abrupt,10,2.0,5,1.0,1.0
abrupt,10,2.0,6,0.8923912650315181,0.8903679558900119
abrupt,10,2.0,7,0.7857255603493634,0.7970643238776391
abrupt,10,2.0,8,0.8872548088581311,0.8999829887718913
abrupt,10,2.0,9,0.9893115281093124,0.9870896337813638
abrupt,10,2.0,10,1.0,1.0
abrupt,10,2.0,11,1.0,1.0
abrupt,10,2.0,12,1.0,1.0
abrupt,10,4.0,1,1.0,1.0
abrupt,10,4.0,2,1.0,1.0
abrupt,10,4.0,3,1.0,1.0
abrupt,10,4.0,4,1.0,1.0
abrupt,10,4.0,5,0.8917777926690343,0.8849658259501254
abrupt,10,4.0,6,0.8319117933086119,0.8377533392481962
abrupt,10,4.0,7,0.791257402829375,0.8018178500159693
abrupt,10,4.0,8,0.9328666184468751,0.9287190072714102
abrupt,10,4.0,9,1.0,1.0
abrupt,10,4.0,10,1.0,1.0
abrupt,10,4.0,11,1.0,1.0
abrupt,10,4.0,12,1.0,1.0
abrupt,11,0.0,1,0.8185158946475747,0.8909634294802855
abrupt,11,0.0,2,0.8360734038944767,0.8973957447304955
abrupt,11,0.0,3,0.8967868164673135,0.9227230711281142
abrupt,11,0.0,4,0.9481229944245412,0.9536665967418613
abrupt,11,0.0,5,0.9784882369651112,0.9783922478689324
abrupt,11,0.0,6,1.0,1.0
abrupt,11,0.0,7,1.0,1.0
abrupt,11,0.0,8,0.8098238395268098,0.8931081277848623
abrupt,11,0.0,9,0.7322211606771025,0.8191831203058794
abrupt,11,0.0,10,0.8351173988087065,0.8958549221091757
abrupt,11,0.0,11,0.8997891979062894,0.9371902888988268
abrupt,11,0.0,12,0.852885816940907,0.8995763467774728
abrupt,11,0.25,1,1.0,1.0
abrupt,11,0.25,2,1.0,1.0
abrupt,11,0.25,3,0.988918893751746,0.9869937479859151
abrupt,11,0.25,4,1.0,1.0
abrupt,11,0.25,5,1.0,1.0
abrupt,11,0.25,6,1.0,1.0
abrupt,11,0.25,7,1.0,1.0
abrupt,11,0.25,8,1.0,1.0
abrupt,11,0.25,9,0.908066575922724,0.9120053252490756
abrupt,11,0.25,10,1.0,1.0
abrupt,11,0.25,11,1.0,1.0
abrupt,11,0.25,12,0.9779108021347752,0.9733442523986937
abrupt,11,0.5,1,1.0,1.0
abrupt,11,0.5,2,1.0,1.0
abrupt,11,0.5,3,1.0,1.0
abrupt,11,0.5,4,1.0,1.0
abrupt,11,0.5,5,1.0,1.0
abrupt,11,0.5,6,1.0,1.0
abrupt,11,0.5,7,1.0,1.0
abrupt,11,0.5,8,1.0,1.0
abrupt,11,0.5,9,0.908066575922724,0.9120053252490756
abrupt,11,0.5,10,1.0,1.0
abrupt,11,0.5,11,1.0,1.0
abrupt,11,0.5,12,0.9779108021347752,0.9733442523986937
abrupt,11,1.0,1,1.0,1.0
abrupt,11,1.0,2,1.0,1.0
abrupt,11,1.0,3,1.0,1.0
abrupt,11,1.0,4,1.0,1.0
abrupt,11,1.0,5,1.0,1.0
abrupt,11,1.0,6,1.0,1.0
abrupt,11,1.0,7,1.0,0.9999999999999999
abrupt,11,1.0,8,1.0,0.9999999999999999
abrupt,11,1.0,9,1.0,0.9999999999999999
abrupt,11,1.0,10,1.0,0.9999999999999999
abrupt,11,1.0,11,1.0,0.9999999999999999
abrupt,11,1.0,12,0.9779108021347752,0.9733442523986937
abrupt,11,2.0,1,1.0,1.0
abrupt,11,2.0,2,1.0,1.0
abrupt,11,2.0,3,1.0,1.0
abrupt,11,2.0,4,1.0,1.0
abrupt,11,2.0,5,0.9572906130705733,0.9592419363885956
abrupt,11,2.0,6,0.6823943508330484,0.7805617589764661
abrupt,11,2.0,7,0.7640685955123625,0.8257244531037108
abrupt,11,2.0,8,0.9622548616502858,0.960051801322684
abrupt,11,2.0,9,1.0,1.0
abrupt,11,2.0,10,1.0,1.0
abrupt,11,2.0,11,1.0,1.0
abrupt,11,2.0,12,1.0,1.0
abrupt,11,4.0,1,1.0,1.0
abrupt,11,4.0,2,1.0,1.0
abrupt,11,4.0,3,1.0,1.0
abrupt,11,4.0,4,1.0,1.0
abrupt,11,4.0,5,0.9775873792141377,0.9735418554857956
abrupt,11,4.0,6,0.9122830530054279,0.9027932167746768
abrupt,11,4.0,7,0.779573109914223,0.8174083733544667
abrupt,11,4.0,8,0.8934064136988759,0.9008430511264681
abrupt,11,4.0,9,1.0,1.0
abrupt,11,4.0,10,1.0,1.0
abrupt,11,4.0,11,1.0,1.0
abrupt,11,4.0,12,1.0,1.0
abrupt,12,0.0,1,1.0,1.0
abrupt,12,0.0,2,0.988918893751746,0.9869937479859151
abrupt,12,0.0,3,1.0,1.0
abrupt,12,0.0,4,1.0,1.0
abrupt,12,0.0,5,1.0,1.0
abrupt,12,0.0,6,0.988918893751746,0.9869937479859149
abrupt,12,0.0,7,0.9793632870757527,0.9746641177164268
abrupt,12,0.0,8,0.9874400066014327,0.9865903828233925
abrupt,12,0.0,9,1.0,1.0
abrupt,12,0.0,10,1.0,1.0000000000000002
abrupt,12,0.0,11,0.9889709806718913,0.9869634323094958
abrupt,12,0.0,12,1.0,1.0
abrupt,12,0.25,1,1.0,1.0
abrupt,12,0.25,2,1.0,1.0
abrupt,12,0.25,3,1.0,1.0
abrupt,12,0.25,4,1.0,1.0
abrupt,12,0.25,5,1.0,1.0
abrupt,12,0.25,6,1.0,1.0
abrupt,12,0.25,7,1.0,1.0000000000000002
abrupt,12,0.25,8,0.9874400066014327,0.9865903828233925
abrupt,12,0.25,9,1.0,1.0000000000000002
abrupt,12,0.25,10,1.0,1.0
abrupt,12,0.25,11,1.0,1.0000000000000002
abrupt,12,0.25,12,1.0,1.0000000000000002
abrupt,12,0.5,1,1.0,1.0
abrupt,12,0.5,2,1.0,1.0
abrupt,12,0.5,3,1.0,1.0
abrupt,12,0.5,4,1.0,1.0
abrupt,12,0.5,5,1.0,1.0
abrupt,12,0.5,6,1.0,1.0
abrupt,12,0.5,7,1.0,1.0
abrupt,12,0.5,8,1.0,1.0
abrupt,12,0.5,9,1.0,1.0
abrupt,12,0.5,10,1.0,1.0000000000000002
abrupt,12,0.5,11,1.0,1.0
abrupt,12,0.5,12,1.0,1.0
abrupt,12,1.0,1,1.0,1.0
abrupt,12,1.0,2,1.0,1.0
abrupt,12,1.0,3,1.0,1.0
abrupt,12,1.0,4,1.0,1.0
abrupt,12,1.0,5,1.0,1.0
abrupt,12,1.0,6,1.0,1.0
abrupt,12,1.0,7,0.9801353416284654,0.9787547951586091
abrupt,12,1.0,8,1.0,1.0
abrupt,12,1.0,9,1.0,1.0000000000000002
abrupt,12,1.0,10,1.0,1.0000000000000002
abrupt,12,1.0,11,1.0,1.0000000000000002
abrupt,12,1.0,12,1.0,1.0000000000000002
abrupt,12,2.0,1,1.0,1.0
abrupt,12,2.0,2,1.0,1.0
abrupt,12,2.0,3,1.0,1.0
abrupt,12,2.0,4,1.0,1.0
abrupt,12,2.0,5,0.9572906130705733,0.9592419363885956
abrupt,12,2.0,6,0.6647464468926079,0.7474200866742717
abrupt,12,2.0,7,0.7903101777616856,0.835287925047121
abrupt,12,2.0,8,0.9314637912891367,0.9388591436459774
abrupt,12,2.0,9,0.9874400066014327,0.9865903828233925
abrupt,12,2.0,10,1.0,1.0000000000000002
abrupt,12,2.0,11,1.0,1.0000000000000002
abrupt,12,2.0,12,1.0,1.0000000000000002
abrupt,12,4.0,1,1.0,1.0
abrupt,12,4.0,2,1.0,1.0
abrupt,12,4.0,3,1.0,1.0
abrupt,12,4.0,4,1.0,1.0
abrupt,12,4.0,5,0.9775873792141377,0.9735418554857959
abrupt,12,4.0,6,0.8525158424958024,0.8574335608636017
abrupt,12,4.0,7,0.8705104366717192,0.888693257562936
abrupt,12,4.0,8,0.9329446843787188,0.9397898789394938
abrupt,12,4.0,9,1.0,1.0
abrupt,12,4.0,10,1.0,1.0
abrupt,12,4.0,11,1.0,1.0
abrupt,12,4.0,12,1.0,1.0
abrupt,13,0.0,1,1.0,1.0
abrupt,13,0.0,2,0.9231478206122601,0.9194550715968426
abrupt,13,0.0,3,0.9663811590666855,0.9608784723278958
abrupt,13,0.0,4,0.988918893751746,0.9869937479859151
abrupt,13,0.0,5,0.9780997859377573,0.9744198942410379
abrupt,13,0.0,6,1.0,1.0
abrupt,13,0.0,7,0.9796405056986623,0.9739682324781497
abrupt,13,0.0,8,0.9870921843271809,0.9864859110891874
abrupt,13,0.0,9,0.9759482481500009,0.9737799419950011
abrupt,13,0.0,10,0.9744013222826328,0.9734162934759056
abrupt,13,0.0,11,1.0,1.0
abrupt,13,0.0,12,1.0,1.0
abrupt,13,0.25,1,1.0,1.0
abrupt,13,0.25,2,0.9559602353211419,0.9554111549419694
abrupt,13,0.25,3,0.988918893751746,0.9869937479859149
abrupt,13,0.25,4,1.0,1.0
abrupt,13,0.25,5,1.0,1.0
abrupt,13,0.25,6,1.0,1.0
abrupt,13,0.25,7,0.9796405056986623,0.9739682324781497
abrupt,13,0.25,8,0.9870921843271809,0.9864859110891874
abrupt,13,0.25,9,0.9890009837814178,0.9869458259878658
abrupt,13,0.25,10,0.9747882785718666,0.9773953118168189
abrupt,13,0.25,11,1.0,0.9999999999999999
abrupt,13,0.25,12,1.0,0.9999999999999999
abrupt,13,0.5,1,1.0,1.0
abrupt,13,0.5,2,0.9559602353211419,0.9554111549419694
abrupt,13,0.5,3,1.0,1.0
abrupt,13,0.5,4,0.988918893751746,0.9869937479859151
abrupt,13,0.5,5,0.9784882369651112,0.9783922478689326
abrupt,13,0.5,6,1.0,1.0
abrupt,13,0.5,7,0.9796405056986623,0.9739682324781497
abrupt,13,0.5,8,1.0,1.0
abrupt,13,0.5,9,0.9890009837814178,0.9869458259878658
abrupt,13,0.5,10,0.9747882785718666,0.9773953118168189
abrupt,13,0.5,11,1.0,0.9999999999999999
abrupt,13,0.5,12,1.0,0.9999999999999999
abrupt,13,1.0,1,1.0,1.0
abrupt,13,1.0,2,0.9559602353211419,0.9554111549419694
abrupt,13,1.0,3,1.0,1.0
abrupt,13,1.0,4,1.0,1.0
abrupt,13,1.0,5,1.0,1.0
abrupt,13,1.0,6,1.0,1.0
abrupt,13,1.0,7,0.9796405056986623,0.9739682324781497
abrupt,13,1.0,8,0.9890009837814178,0.986945825987866
abrupt,13,1.0,9,0.9890009837814178,0.9869458259878658
abrupt,13,1.0,10,1.0,0.9999999999999999
abrupt,13,1.0,11,1.0,0.9999999999999999
abrupt,13,1.0,12,1.0,0.9999999999999999
abrupt,13,2.0,1,1.0,1.0
abrupt,13,2.0,2,1.0,1.0
abrupt,13,2.0,3,1.0,1.0
abrupt,13,2.0,4,1.0,1.0
abrupt,13,2.0,5,0.9671606902261254,0.9659384950895415
abrupt,13,2.0,6,0.7431929840672207,0.7919276159978231
abrupt,13,2.0,7,0.7633705412196795,0.807087328132971
abrupt,13,2.0,8,0.9890009837814178,0.9869458259878658
abrupt,13,2.0,9,1.0,0.9999999999999999
abrupt,13,2.0,10,1.0,0.9999999999999999
abrupt,13,2.0,11,1.0,0.9999999999999999
abrupt,13,2.0,12,1.0,0.9999999999999999
abrupt,13,4.0,1,0.9775873792141377,0.9735418554857959
abrupt,13,4.0,2,0.9775873792141377,0.9735418554857959
abrupt,13,4.0,3,0.9775873792141377,0.9735418554857959
abrupt,13,4.0,4,0.9775873792141377,0.9735418554857959
abrupt,13,4.0,5,0.8918619889231476,0.8878728293736672
abrupt,13,4.0,6,0.7919500772067738,0.7961937793755338
abrupt,13,4.0,7,0.817098827160043,0.8178170869985524
abrupt,13,4.0,8,0.9108509631729574,0.9021267160791254
abrupt,13,4.0,9,1.0,1.0
abrupt,13,4.0,10,1.0,1.0
abrupt,13,4.0,11,1.0,1.0
abrupt,13,4.0,12,1.0,1.0
abrupt,14,0.0,1,0.9001510320523578,0.9303418151731833
abrupt,14,0.0,2,0.9188712815311195,0.9385549737950729
abrupt,14,0.0,3,0.8988907434336243,0.929819873141691
abrupt,14,0.0,4,1.0,1.0
abrupt,14,0.0,5,1.0,1.0
abrupt,14,0.0,6,0.9076803723816912,0.9307737014755815
abrupt,14,0.0,7,0.8624559527375135,0.9282179420072625
abrupt,14,0.0,8,1.0,1.0
abrupt,14,0.0,9,0.9906297500867732,0.987304452064883
abrupt,14,0.0,10,0.9123895421089727,0.9406589333515232
abrupt,14,0.0,11,0.9025900378909664,0.9295918131094841
abrupt,14,0.0,12,0.9765997962552062,0.9738163247425825
abrupt,14,0.25,1,1.0,1.0
abrupt,14,0.25,2,1.0,1.0
abrupt,14,0.25,3,0.988918893751746,0.9869937479859149
abrupt,14,0.25,4,1.0,1.0
abrupt,14,0.25,5,1.0,1.0
abrupt,14,0.25,6,1.0,1.0
abrupt,14,0.25,7,1.0,1.0
abrupt,14,0.25,8,1.0,1.0
abrupt,14,0.25,9,1.0,1.0
abrupt,14,0.25,10,1.0,1.0
abrupt,14,0.25,11,1.0,1.0
abrupt,14,0.25,12,0.9861008253641155,0.9861651906198194
abrupt,14,0.5,1,1.0,1.0
abrupt,14,0.5,2,1.0,1.0
abrupt,14,0.5,3,1.0,1.0
abrupt,14,0.5,4,1.0,1.0
abrupt,14,0.5,5,1.0,1.0
abrupt,14,0.5,6,1.0,1.0
abrupt,14,0.5,7,1.0,1.0
abrupt,14,0.5,8,1.0,1.0
abrupt,14,0.5,9,1.0,1.0
abrupt,14,0.5,10,1.0,1.0
abrupt,14,0.5,11,1.0,1.0
abrupt,14,0.5,12,1.0,1.0
abrupt,14,1.0,1,1.0,1.0
abrupt,14,1.0,2,1.0,1.0
abrupt,14,1.0,3,1.0,1.0
abrupt,14,1.0,4,1.0,1.0
abrupt,14,1.0,5,1.0,1.0
abrupt,14,1.0,6,1.0,1.0
abrupt,14,1.0,7,1.0,1.0
abrupt,14,1.0,8,1.0,1.0
abrupt,14,1.0,9,1.0,1.0
abrupt,14,1.0,10,1.0,1.0
abrupt,14,1.0,11,1.0,1.0
abrupt,14,1.0,12,1.0,1.0
abrupt,14,2.0,1,1.0,1.0
abrupt,14,2.0,2,1.0,1.0
abrupt,14,2.0,3,1.0,1.0
abrupt,14,2.0,4,0.9687308399754752,0.9715225138701328
abrupt,14,2.0,5,0.9209302325581395,0.9457217297142854
abrupt,14,2.0,6,0.6311546213648143,0.7075988677514972
abrupt,14,2.0,7,0.9795005077108786,0.9737248895137265
abrupt,14,2.0,8,1.0,1.0
abrupt,14,2.0,9,1.0,1.0
abrupt,14,2.0,10,1.0,1.0
abrupt,14,2.0,11,1.0,1.0
abrupt,14,2.0,12,1.0,1.0
abrupt,14,4.0,1,1.0,1.0
abrupt,14,4.0,2,1.0,1.0
abrupt,14,4.0,3,1.0,1.0
abrupt,14,4.0,4,1.0,1.0
abrupt,14,4.0,5,1.0,1.0
abrupt,14,4.0,6,0.9138690227563315,0.9142687585256892
abrupt,14,4.0,7,0.8120795595741743,0.8340830736711781
abrupt,14,4.0,8,0.9764486573190109,0.9730240117132958
abrupt,14,4.0,9,1.0,1.0
abrupt,14,4.0,10,1.0,1.0
abrupt,14,4.0,11,1.0,1.0
abrupt,14,4.0,12,1.0,1.0
abrupt,15,0.0,1,0.988918893751746,0.9869937479859151
abrupt,15,0.0,2,0.9780997859377573,0.9744198942410379
abrupt,15,0.0,3,1.0,1.0
abrupt,15,0.0,4,0.988918893751746,0.9869937479859149
abrupt,15,0.0,5,0.9687308399754752,0.9715225138701331
abrupt,15,0.0,6,0.988918893751746,0.9869937479859149
abrupt,15,0.0,7,1.0,1.0
abrupt,15,0.0,8,0.9402502213528351,0.9468628071780614
abrupt,15,0.0,9,0.9604337641348336,0.9598899164411836
abrupt,15,0.0,10,1.0,1.0000000000000002
abrupt,15,0.0,11,1.0,1.0000000000000002
abrupt,15,0.0,12,1.0,1.0
abrupt,15,0.25,1,1.0,1.0
abrupt,15,0.25,2,0.9784882369651112,0.9783922478689324
abrupt,15,0.25,3,1.0,1.0
abrupt,15,0.25,4,0.988918893751746,0.9869937479859149
abrupt,15,0.25,5,1.0,1.0
abrupt,15,0.25,6,0.988918893751746,0.9869937479859151
abrupt,15,0.25,7,1.0,1.0
abrupt,15,0.25,8,1.0,1.0
abrupt,15,0.25,9,1.0,1.0000000000000002
abrupt,15,0.25,10,1.0,1.0
abrupt,15,0.25,11,1.0,1.0
abrupt,15,0.25,12,1.0,1.0
abrupt,15,0.5,1,1.0,1.0
abrupt,15,0.5,2,1.0,1.0
abrupt,15,0.5,3,1.0,1.0
abrupt,15,0.5,4,1.0,1.0
abrupt,15,0.5,5,1.0,1.0
abrupt,15,0.5,6,0.988918893751746,0.9869937479859151
abrupt,15,0.5,7,1.0,1.0000000000000002
abrupt,15,0.5,8,1.0,1.0000000000000002
abrupt,15,0.5,9,1.0,1.0
abrupt,15,0.5,10,1.0,1.0
abrupt,15,0.5,11,1.0,1.0
abrupt,15,0.5,12,1.0,1.0
abrupt,15,1.0,1,1.0,1.0
abrupt,15,1.0,2,1.0,1.0
abrupt,15,1.0,3,1.0,1.0
abrupt,15,1.0,4,0.988918893751746,0.9869937479859149
abrupt,15,1.0,5,1.0,1.0
abrupt,15,1.0,6,1.0,1.0
abrupt,15,1.0,7,1.0,1.0
abrupt,15,1.0,8,1.0,1.0
abrupt,15,1.0,9,0.9871122048312138,0.9864745923679795
abrupt,15,1.0,10,1.0,1.0000000000000002
abrupt,15,1.0,11,1.0,1.0000000000000002
abrupt,15,1.0,12,1.0,1.0000000000000002
abrupt,15,2.0,1,1.0,1.0
abrupt,15,2.0,2,1.0,1.0
abrupt,15,2.0,3,1.0,1.0
abrupt,15,2.0,4,1.0,1.0
abrupt,15,2.0,5,1.0,1.0
abrupt,15,2.0,6,0.7189611442226399,0.7939937434752732
abrupt,15,2.0,7,0.7277412848017267,0.7998089666335424
abrupt,15,2.0,8,0.9078927531957176,0.9153638924377477
abrupt,15,2.0,9,1.0,1.0
abrupt,15,2.0,10,1.0,1.0
abrupt,15,2.0,11,1.0,1.0
abrupt,15,2.0,12,1.0,1.0
abrupt,15,4.0,1,1.0,1.0
abrupt,15,4.0,2,1.0,1.0
abrupt,15,4.0,3,1.0,1.0
abrupt,15,4.0,4,1.0,1.0
abrupt,15,4.0,5,0.9555546333568494,0.9471839267308283
abrupt,15,4.0,6,0.7543166030065447,0.7673926927337493
abrupt,15,4.0,7,0.8125651984069228,0.8246341250374155
abrupt,15,4.0,8,0.891374662645619,0.8955095318137185
abrupt,15,4.0,9,1.0,1.0
abrupt,15,4.0,10,1.0,1.0
abrupt,15,4.0,11,1.0,1.0
abrupt,15,4.0,12,1.0,1.0
abrupt,16,0.0,1,0.9775873792141377,0.9735418554857959
abrupt,16,0.0,2,0.988918893751746,0.9869937479859151
abrupt,16,0.0,3,0.885489755823744,0.9093608017311192
abrupt,16,0.0,4,0.988918893751746,0.9869937479859149
abrupt,16,0.0,5,0.9454228231830325,0.9431764423381978
abrupt,16,0.0,6,0.988918893751746,0.9869937479859149
abrupt,16,0.0,7,0.9110536627952172,0.9441107024436427
abrupt,16,0.0,8,0.9897355785357626,0.987169523132434
abrupt,16,0.0,9,0.9657653787288887,0.9606245783355902
abrupt,16,0.0,10,0.8658912394145847,0.8977588187996662
abrupt,16,0.0,11,0.9680600608891036,0.9611974975399264
abrupt,16,0.0,12,0.9784391920370911,0.9736891118500195
abrupt,16,0.25,1,0.9775873792141377,0.9735418554857959
abrupt,16,0.25,2,1.0,1.0
abrupt,16,0.25,3,0.9663811590666855,0.9608784723278957
abrupt,16,0.25,4,0.988918893751746,0.9869937479859151
abrupt,16,0.25,5,0.9559602353211419,0.9554111549419693
abrupt,16,0.25,6,0.988918893751746,0.9869937479859151
abrupt,16,0.25,7,1.0,1.0000000000000002
abrupt,16,0.25,8,1.0,1.0000000000000002
abrupt,16,0.25,9,0.6861551354415716,0.8165945283596397
abrupt,16,0.25,10,0.726558909649549,0.8623244283035421
abrupt,16,0.25,11,0.9680600608891036,0.9611974975399264
abrupt,16,0.25,12,0.726558909649549,0.8623244283035421
abrupt,16,0.5,1,0.9775873792141377,0.9735418554857959
abrupt,16,0.5,2,1.0,1.0
abrupt,16,0.5,3,0.9775873792141377,0.973541855485796
abrupt,16,0.5,4,1.0,1.0
abrupt,16,0.5,5,0.9559602353211419,0.9554111549419694
abrupt,16,0.5,6,0.988918893751746,0.9869937479859151
abrupt,16,0.5,7,1.0,1.0000000000000002
abrupt,16,0.5,8,1.0,1.0000000000000002
abrupt,16,0.5,9,0.9211840344636272,0.9084482190406661
abrupt,16,0.5,10,0.726558909649549,0.8623244283035421
abrupt,16,0.5,11,0.9680600608891036,0.9611974975399264
abrupt,16,0.5,12,0.9784391920370911,0.9736891118500195
abrupt,16,1.0,1,0.9775873792141377,0.9735418554857959
abrupt,16,1.0,2,1.0,1.0
abrupt,16,1.0,3,0.9775873792141377,0.973541855485796
abrupt,16,1.0,4,1.0,1.0
abrupt,16,1.0,5,0.9559602353211419,0.9554111549419693
abrupt,16,1.0,6,1.0,1.0
abrupt,16,1.0,7,0.9897355785357626,0.987169523132434
abrupt,16,1.0,8,0.9897355785357626,0.987169523132434
abrupt,16,1.0,9,0.6861551354415716,0.8165945283596397
abrupt,16,1.0,10,0.726558909649549,0.8623244283035421
abrupt,16,1.0,11,0.726558909649549,0.8623244283035421
abrupt,16,1.0,12,0.726558909649549,0.8623244283035421
abrupt,16,2.0,1,1.0,1.0
abrupt,16,2.0,2,1.0,1.0
abrupt,16,2.0,3,1.0,1.0
abrupt,16,2.0,4,1.0,1.0
abrupt,16,2.0,5,1.0,1.0
abrupt,16,2.0,6,0.8735130215673423,0.9024409534668477
abrupt,16,2.0,7,0.6709665319338775,0.72588728909955
abrupt,16,2.0,8,0.9537674740582198,0.9438699044192208
abrupt,16,2.0,9,1.0,1.0000000000000002
abrupt,16,2.0,10,1.0,1.0000000000000002
abrupt,16,2.0,11,1.0,1.0000000000000002
abrupt,16,2.0,12,1.0,1.0000000000000002
abrupt,16,4.0,1,1.0,1.0
abrupt,16,4.0,2,1.0,1.0
abrupt,16,4.0,3,1.0,1.0
abrupt,16,4.0,4,1.0,1.0
abrupt,16,4.0,5,0.9335571011312108,0.926715404475408
abrupt,16,4.0,6,0.7691326488020703,0.7981625111357974
abrupt,16,4.0,7,0.7280524301401767,0.7813165166758738
abrupt,16,4.0,8,0.9769083606431176,0.9733162590914616
abrupt,16,4.0,9,1.0,1.0
abrupt,16,4.0,10,1.0,1.0
abrupt,16,4.0,11,1.0,1.0
abrupt,16,4.0,12,1.0,1.0
abrupt,17,0.0,1,0.8519363576879655,0.8815986089361609
abrupt,17,0.0,2,0.9777111818692639,0.974321477309295
abrupt,17,0.0,3,1.0,1.0
abrupt,17,0.0,4,1.0,1.0
abrupt,17,0.0,5,1.0,1.0
abrupt,17,0.0,6,0.988918893751746,0.9869937479859151
abrupt,17,0.0,7,0.9870871626098358,0.9864886847811741
abrupt,17,0.0,8,1.0,1.0
abrupt,17,0.0,9,0.9901406817014367,0.9872637270829238
abrupt,17,0.0,10,0.9792595155884783,0.9738668799306609
abrupt,17,0.0,11,1.0,1.0
abrupt,17,0.0,12,1.0,1.0
abrupt,17,0.25,1,0.9559602353211419,0.9554111549419696
abrupt,17,0.25,2,0.988918893751746,0.9869937479859151
abrupt,17,0.25,3,1.0,1.0
abrupt,17,0.25,4,1.0,1.0
abrupt,17,0.25,5,1.0,1.0
abrupt,17,0.25,6,0.988918893751746,0.9869937479859151
abrupt,17,0.25,7,1.0,0.9999999999999999
abrupt,17,0.25,8,1.0,0.9999999999999999
abrupt,17,0.25,9,0.9901406817014367,0.9872637270829238
abrupt,17,0.25,10,0.9792595155884783,0.9738668799306609
abrupt,17,0.25,11,1.0,0.9999999999999999
abrupt,17,0.25,12,1.0,0.9999999999999999
abrupt,17,0.5,1,0.9559602353211419,0.9554111549419696
abrupt,17,0.5,2,1.0,1.0
abrupt,17,0.5,3,1.0,1.0
abrupt,17,0.5,4,1.0,1.0
abrupt,17,0.5,5,1.0,1.0
abrupt,17,0.5,6,0.988918893751746,0.9869937479859151
abrupt,17,0.5,7,1.0,1.0
abrupt,17,0.5,8,1.0,1.0
abrupt,17,0.5,9,1.0,1.0
abrupt,17,0.5,10,0.9792595155884783,0.9738668799306609
abrupt,17,0.5,11,1.0,0.9999999999999999
abrupt,17,0.5,12,1.0,0.9999999999999999
abrupt,17,1.0,1,0.9559602353211419,0.9554111549419694
abrupt,17,1.0,2,1.0,1.0
abrupt,17,1.0,3,1.0,1.0
abrupt,17,1.0,4,1.0,1.0
abrupt,17,1.0,5,1.0,1.0
abrupt,17,1.0,6,1.0,1.0
abrupt,17,1.0,7,0.9747783228451747,0.9773999085592167
abrupt,17,1.0,8,1.0,0.9999999999999999
abrupt,17,1.0,9,1.0,0.9999999999999999
abrupt,17,1.0,10,1.0,1.0
abrupt,17,1.0,11,1.0,1.0
abrupt,17,1.0,12,1.0,1.0
abrupt,17,2.0,1,1.0,1.0
abrupt,17,2.0,2,1.0,1.0
abrupt,17,2.0,3,1.0,1.0
abrupt,17,2.0,4,1.0,1.0
abrupt,17,2.0,5,0.988918893751746,0.9869937479859151
abrupt,17,2.0,6,0.7476109906346067,0.7988619321634601
abrupt,17,2.0,7,0.7714629966946999,0.8036706417052187
abrupt,17,2.0,8,0.9337238482757717,0.9342141989404983
abrupt,17,2.0,9,0.9893781838352025,0.9870498470088115
abrupt,17,2.0,10,1.0,0.9999999999999999
abrupt,17,2.0,11,1.0,0.9999999999999999
abrupt,17,2.0,12,1.0,0.9999999999999999
abrupt,17,4.0,1,1.0,1.0
abrupt,17,4.0,2,1.0,1.0
abrupt,17,4.0,3,1.0,1.0
abrupt,17,4.0,4,1.0,1.0
abrupt,17,4.0,5,0.9555546333568494,0.9471839267308284
abrupt,17,4.0,6,0.8330825533651272,0.839915983811493
abrupt,17,4.0,7,0.9002594803308596,0.9025643767782704
abrupt,17,4.0,8,0.9792436243517795,0.9738704403922485
abrupt,17,4.0,9,1.0,1.0
abrupt,17,4.0,10,1.0,1.0
abrupt,17,4.0,11,1.0,1.0
abrupt,17,4.0,12,1.0,1.0
abrupt,18,0.0,1,0.8176076474839484,0.8842233579490624
abrupt,18,0.0,2,0.9784882369651112,0.9783922478689324
abrupt,18,0.0,3,1.0,1.0
abrupt,18,0.0,4,1.0,1.0
abrupt,18,0.0,5,0.9396786106923497,0.948943026578861
abrupt,18,0.0,6,1.0,1.0
abrupt,18,0.0,7,0.9233543733092876,0.9446403468722095
abrupt,18,0.0,8,1.0,1.0
abrupt,18,0.0,9,0.9094496577150745,0.9375807491765192
abrupt,18,0.0,10,0.9790839906403654,0.9704075801928416
abrupt,18,0.0,11,0.8034007411122527,0.8882261855150716
abrupt,18,0.0,12,1.0,1.0
abrupt,18,0.25,1,1.0,1.0
abrupt,18,0.25,2,1.0,1.0
abrupt,18,0.25,3,1.0,1.0
abrupt,18,0.25,4,1.0,1.0
abrupt,18,0.25,5,0.988918893751746,0.9869937479859151
abrupt,18,0.25,6,1.0,1.0
abrupt,18,0.25,7,1.0,1.0
abrupt,18,0.25,8,1.0,1.0000000000000002
abrupt,18,0.25,9,0.9897832445210145,0.9871407460165065
abrupt,18,0.25,10,0.9792990457634999,0.9738357765033018
abrupt,18,0.25,11,1.0,1.0000000000000002
abrupt,18,0.25,12,1.0,1.0000000000000002
abrupt,18,0.5,1,1.0,1.0
abrupt,18,0.5,2,1.0,1.0
abrupt,18,0.5,3,1.0,1.0
abrupt,18,0.5,4,1.0,1.0
abrupt,18,0.5,5,0.988918893751746,0.9869937479859149
abrupt,18,0.5,6,1.0,1.0
abrupt,18,0.5,7,1.0,1.0000000000000002
abrupt,18,0.5,8,1.0,1.0000000000000002
abrupt,18,0.5,9,1.0,1.0000000000000002
abrupt,18,0.5,10,0.9597129121809195,0.9530375453454846
abrupt,18,0.5,11,1.0,1.0000000000000002
abrupt,18,0.5,12,1.0,1.0000000000000002
abrupt,18,1.0,1,1.0,1.0
abrupt,18,1.0,2,1.0,1.0
abrupt,18,1.0,3,1.0,1.0
abrupt,18,1.0,4,1.0,1.0
abrupt,18,1.0,5,0.9513212795549374,0.9609596668889049
abrupt,18,1.0,6,1.0,1.0
abrupt,18,1.0,7,0.9506101104009297,0.9634658797328024
abrupt,18,1.0,8,1.0,1.0000000000000002
abrupt,18,1.0,9,1.0,1.0000000000000002
abrupt,18,1.0,10,1.0,1.0000000000000002
abrupt,18,1.0,11,1.0,1.0000000000000002
abrupt,18,1.0,12,1.0,1.0000000000000002
abrupt,18,2.0,1,1.0,1.0
abrupt,18,2.0,2,1.0,1.0
abrupt,18,2.0,3,1.0,1.0
abrupt,18,2.0,4,1.0,1.0
abrupt,18,2.0,5,0.9784882369651112,0.9783922478689324
abrupt,18,2.0,6,0.6294952972275158,0.7165165689095891
abrupt,18,2.0,7,0.8447638778120178,0.8758700327791684
abrupt,18,2.0,8,0.9867357448269405,0.9863899208912589
abrupt,18,2.0,9,1.0,1.0000000000000002
abrupt,18,2.0,10,1.0,1.0000000000000002
abrupt,18,2.0,11,1.0,1.0000000000000002
abrupt,18,2.0,12,1.0,1.0000000000000002
abrupt,18,4.0,1,1.0,1.0
abrupt,18,4.0,2,1.0,1.0
abrupt,18,4.0,3,1.0,1.0
abrupt,18,4.0,4,1.0,1.0
abrupt,18,4.0,5,1.0,1.0
abrupt,18,4.0,6,0.8155755051123833,0.8318415600472572
abrupt,18,4.0,7,0.8472749051706927,0.8769154822601033
abrupt,18,4.0,8,0.9302898788440311,0.9277833633052462
abrupt,18,4.0,9,1.0,1.0
abrupt,18,4.0,10,1.0,1.0
abrupt,18,4.0,11,1.0,1.0
abrupt,18,4.0,12,1.0,1.0
abrupt,19,0.0,1,0.988918893751746,0.9869937479859151
abrupt,19,0.0,2,0.988918893751746,0.9869937479859149
abrupt,19,0.0,3,0.9663811590666855,0.9608784723278956
abrupt,19,0.0,4,0.988918893751746,0.9869937479859149
abrupt,19,0.0,5,0.9777111818692639,0.9743214773092947
abrupt,19,0.0,6,1.0,1.0
abrupt,19,0.0,7,1.0,1.0
abrupt,19,0.0,8,0.9889709806718913,0.986963432309496
abrupt,19,0.0,9,0.9770435131527165,0.974099553303767
abrupt,19,0.0,10,0.9874400066014327,0.9865903828233926
abrupt,19,0.0,11,0.9874400066014327,0.9865903828233926
abrupt,19,0.0,12,0.9797493894635178,0.9747701530263381
abrupt,19,0.25,1,1.0,1.0
abrupt,19,0.25,2,1.0,1.0
abrupt,19,0.25,3,0.9663811590666855,0.9608784723278957
abrupt,19,0.25,4,1.0,1.0
abrupt,19,0.25,5,0.988918893751746,0.9869937479859151
abrupt,19,0.25,6,1.0,1.0
abrupt,19,0.25,7,1.0,1.0
abrupt,19,0.25,8,1.0,1.0
abrupt,19,0.25,9,1.0,1.0
abrupt,19,0.25,10,0.9874400066014327,0.9865903828233926
abrupt,19,0.25,11,1.0,1.0
abrupt,19,0.25,12,1.0,1.0
abrupt,19,0.5,1,1.0,1.0
abrupt,19,0.5,2,1.0,1.0
abrupt,19,0.5,3,0.9775873792141377,0.9735418554857959
abrupt,19,0.5,4,1.0,1.0
abrupt,19,0.5,5,1.0,1.0
abrupt,19,0.5,6,1.0,1.0
abrupt,19,0.5,7,1.0,1.0
abrupt,19,0.5,8,1.0,1.0
abrupt,19,0.5,9,1.0,1.0
abrupt,19,0.5,10,1.0,1.0
abrupt,19,0.5,11,1.0,1.0
abrupt,19,0.5,12,1.0,1.0
abrupt,19,1.0,1,1.0,1.0
abrupt,19,1.0,2,1.0,1.0
abrupt,19,1.0,3,0.9775873792141377,0.9735418554857959
abrupt,19,1.0,4,1.0,1.0
abrupt,19,1.0,5,1.0,1.0
abrupt,19,1.0,6,1.0,1.0
abrupt,19,1.0,7,1.0,1.0
abrupt,19,1.0,8,1.0,1.0
abrupt,19,1.0,9,0.9874400066014327,0.9865903828233926
abrupt,19,1.0,10,0.9754939816101895,0.9775974329533417
abrupt,19,1.0,11,1.0,1.0
abrupt,19,1.0,12,1.0,1.0
abrupt,19,2.0,1,1.0,1.0
abrupt,19,2.0,2,1.0,1.0
abrupt,19,2.0,3,1.0,1.0
abrupt,19,2.0,4,1.0,1.0
abrupt,19,2.0,5,0.988918893751746,0.9869937479859151
abrupt,19,2.0,6,0.8047702136238191,0.8491282899805014
abrupt,19,2.0,7,0.8187016200934512,0.8208885133913965
abrupt,19,2.0,8,0.9676735640383021,0.9610954022364552
abrupt,19,2.0,9,1.0,1.0
abrupt,19,2.0,10,1.0,1.0
abrupt,19,2.0,11,1.0,1.0
abrupt,19,2.0,12,1.0,1.0
abrupt,19,4.0,1,1.0,1.0
abrupt,19,4.0,2,1.0,1.0
abrupt,19,4.0,3,1.0,1.0
abrupt,19,4.0,4,1.0,1.0
abrupt,19,4.0,5,0.9775873792141377,0.9735418554857959
abrupt,19,4.0,6,0.9138690227563315,0.914268758525689
abrupt,19,4.0,7,0.776189794262256,0.7954920520857633
abrupt,19,4.0,8,0.9329446843787188,0.9397898789394938
abrupt,19,4.0,9,1.0,1.0
abrupt,19,4.0,10,1.0,1.0
abrupt,19,4.0,11,1.0,1.0
abrupt,19,4.0,12,1.0,1.0
boundary,0,0.0,1,0.7624126316734019,0.7765817557886832
boundary,0,0.0,2,0.8268979068434325,0.8540815450581835
boundary,0,0.0,3,0.7639498390011277,0.8141320116142793
boundary,0,0.0,4,0.8074488318619241,0.8440747362127866
boundary,0,0.0,5,0.7975591109764245,0.8323958481992522
boundary,0,0.0,6,0.8896283334767601,0.8843051795997113
boundary,0,0.0,7,0.6461118339219079,0.7384435440543371
boundary,0,0.0,8,0.8064846815260038,0.8150253311736093
boundary,0,0.0,9,0.5804498586092198,0.6491843647724459
boundary,0,0.0,10,0.6220794254529991,0.7241523545737804
boundary,0,0.0,11,0.8485651620625364,0.8610693480732612
boundary,0,0.0,12,0.7466531952513261,0.8109168418264676
boundary,0,0.25,1,0.7743259739473273,0.7867440133180416
boundary,0,0.25,2,0.8912300592688372,0.8957654478753576
boundary,0,0.25,3,0.7881109083491203,0.8312451894842295
boundary,0,0.25,4,0.8074488318619241,0.8440747362127867
boundary,0,0.25,5,0.820815515268325,0.8450075892744627
boundary,0,0.25,6,0.4847314515060298,0.6200288052844667
boundary,0,0.25,7,0.5070254651493826,0.6489410734276897
boundary,0,0.25,8,0.8291421931458224,0.8305642103636369
boundary,0,0.25,9,0.6334256518608052,0.675797470958327
boundary,0,0.25,10,0.8188323917137477,0.8443530474099359
boundary,0,0.25,11,0.7930264931391829,0.8245914648209868
boundary,0,0.25,12,0.6738313443660578,0.7421561649136872
boundary,0,0.5,1,0.7743259739473273,0.7867440133180416
boundary,0,0.5,2,0.7498961823639989,0.7881599208868632
boundary,0,0.5,3,0.7881109083491203,0.8312451894842297
boundary,0,0.5,4,0.8074488318619241,0.8440747362127867
boundary,0,0.5,5,0.820815515268325,0.8450075892744627
boundary,0,0.5,6,0.6582320688776554,0.7290090643755684
boundary,0,0.5,7,0.758282131067271,0.7981282921128594
boundary,0,0.5,8,0.8291421931458224,0.8305642103636369
boundary,0,0.5,9,0.6241294792971451,0.6678555018486878
boundary,0,0.5,10,0.8188323917137477,0.8443530474099359
boundary,0,0.5,11,0.7930264931391829,0.8245914648209869
boundary,0,0.5,12,0.8216389556973056,0.8534821755411789
boundary,0,1.0,1,0.7743259739473273,0.7867440133180416
boundary,0,1.0,2,0.7881109083491203,0.8312451894842295
boundary,0,1.0,3,0.7881109083491203,0.8312451894842295
boundary,0,1.0,4,0.7397114788919373,0.799058774461025
boundary,0,1.0,5,0.7547549384192471,0.8063011866035846
boundary,0,1.0,6,0.6639652530675818,0.7289865267356066
boundary,0,1.0,7,0.758282131067271,0.7981282921128595
boundary,0,1.0,8,0.7977401129943503,0.8262500814308027
boundary,0,1.0,9,0.6694371320311092,0.7176750323897834
boundary,0,1.0,10,0.8188323917137477,0.8443530474099357
boundary,0,1.0,11,0.7946278431719621,0.8171413736776313
boundary,0,1.0,12,0.8216389556973056,0.8534821755411787
boundary,0,2.0,1,0.7026806912925846,0.7876191165511667
boundary,0,2.0,2,0.7026806912925846,0.7876191165511667
boundary,0,2.0,3,0.7026806912925846,0.7876191165511667
boundary,0,2.0,4,0.7026806912925846,0.7876191165511667
boundary,0,2.0,5,0.6384262611634082,0.7577458493522119
boundary,0,2.0,6,0.6243214673447232,0.7534180376211584
boundary,0,2.0,7,0.705072878212794,0.7764886012295072
boundary,0,2.0,8,0.6405936322175986,0.7444851892295232
boundary,0,2.0,9,0.7604613936616768,0.8177874531741693
boundary,0,2.0,10,0.8211126824708167,0.8690983001069712
boundary,0,2.0,11,0.8211126824708167,0.8690983001069712
boundary,0,2.0,12,0.8211126824708167,0.8690983001069712
boundary,0,4.0,1,0.7527236392176387,0.8132209700909341
boundary,0,4.0,2,0.7527236392176387,0.8132209700909341
boundary,0,4.0,3,0.7350875252343685,0.803693269606482
boundary,0,4.0,4,0.7184001160738036,0.7952193794866066
boundary,0,4.0,5,0.7184001160738036,0.7952193794866066
boundary,0,4.0,6,0.7026806912925846,0.7876191165511667
boundary,0,4.0,7,0.7026806912925846,0.7876191165511667
boundary,0,4.0,8,0.7026806912925846,0.7876191165511667
boundary,0,4.0,9,0.7026806912925846,0.7876191165511667
boundary,0,4.0,10,0.7527236392176387,0.8132209700909341
boundary,0,4.0,11,0.8322863650616982,0.8751253059941345
boundary,0,4.0,12,0.8322863650616982,0.8751253059941345
boundary,1,0.0,1,0.7095507605235232,0.7810847699324576
boundary,1,0.0,2,0.7297943635646491,0.7967044084117167
boundary,1,0.0,3,0.7320363364266383,0.7902311374537587
boundary,1,0.0,4,0.7125195395765241,0.7906813780700519
boundary,1,0.0,5,0.6990877567351294,0.7609440945799213
boundary,1,0.0,6,0.7507512976960204,0.8290097087354895
boundary,1,0.0,7,0.7954255476315188,0.8325694466898154
boundary,1,0.0,8,0.6589793739835651,0.7660369174597059
boundary,1,0.0,9,0.6591070858797831,0.7618859631107286
boundary,1,0.0,10,0.7139282325238112,0.782374445107445
boundary,1,0.0,11,0.6444113569851619,0.7262643777603696
boundary,1,0.0,12,0.7248128146194954,0.7850583444540656
boundary,1,0.25,1,0.8310512725228444,0.8419117975753188
boundary,1,0.25,2,0.8207339414404351,0.8453705212035566
boundary,1,0.25,3,0.7657341969013918,0.8065723677537764
boundary,1,0.25,4,0.7631239688190933,0.8137789278951615
boundary,1,0.25,5,0.6913251780333938,0.7541612672777931
boundary,1,0.25,6,0.7397114788919373,0.7990587744610249
boundary,1,0.25,7,0.8119074694093462,0.8431624986985643
boundary,1,0.25,8,0.6373578437094881,0.7261947330258153
boundary,1,0.25,9,0.6344161206326506,0.7103427216636506
boundary,1,0.25,10,0.67217406201816,0.7319831440454546
boundary,1,0.25,11,0.65327358181222,0.727358547366185
boundary,1,0.25,12,0.5459927970283027,0.6342643497763119
boundary,1,0.5,1,0.8310512725228444,0.8419117975753185
boundary,1,0.5,2,0.8316575423282605,0.8562114502918038
boundary,1,0.5,3,0.7320363364266383,0.7902311374537587
boundary,1,0.5,4,0.7125195395765241,0.7906813780700519
boundary,1,0.5,5,0.6739527520701413,0.737925907713545
boundary,1,0.5,6,0.7119876440537009,0.7842948222678902
boundary,1,0.5,7,0.7745720943487955,0.8203549565864712
boundary,1,0.5,8,0.6700872760061638,0.7419659180178186
boundary,1,0.5,9,0.6077699893073542,0.706311753045781
boundary,1,0.5,10,0.656053029737633,0.7240911336404225
boundary,1,0.5,11,0.6459592010803895,0.7266174386672136
boundary,1,0.5,12,0.6419289768729183,0.7129837240669397
boundary,1,1.0,1,0.8310512725228444,0.8419117975753185
boundary,1,1.0,2,0.8316575423282605,0.8562114502918038
boundary,1,1.0,3,0.8291145861401078,0.8443856210983339
boundary,1,1.0,4,0.6158302595512842,0.708887657767254
boundary,1,1.0,5,0.6739527520701413,0.737925907713545
boundary,1,1.0,6,0.7119876440537009,0.7842948222678902
boundary,1,1.0,7,0.7332385740854672,0.8008026447367169
boundary,1,1.0,8,0.6700872760061638,0.7419659180178186
boundary,1,1.0,9,0.6077699893073542,0.706311753045781
boundary,1,1.0,10,0.656053029737633,0.7240911336404225
boundary,1,1.0,11,0.6459592010803895,0.7266174386672136
boundary,1,1.0,12,0.64978078889061,0.7161091635205582
boundary,1,2.0,1,0.7703662937316261,0.8266021983005364
boundary,1,2.0,2,0.7703662937316261,0.8266021983005364
boundary,1,2.0,3,0.7703662937316261,0.8266021983005364
boundary,1,2.0,4,0.7703662937316261,0.8266021983005364
boundary,1,2.0,5,0.7703662937316261,0.8266021983005364
boundary,1,2.0,6,0.7921852931558697,0.8495020508879935
boundary,1,2.0,7,0.7467353540194082,0.8086577659798495
boundary,1,2.0,8,0.7332385740854672,0.8008026447367169
boundary,1,2.0,9,0.7332385740854672,0.8008026447367169
boundary,1,2.0,10,0.7332385740854672,0.8008026447367169
boundary,1,2.0,11,0.7332385740854672,0.8008026447367169
boundary,1,2.0,12,0.7332385740854672,0.8008026447367169
boundary,1,4.0,1,0.7921852931558697,0.8495020508879936
boundary,1,4.0,2,0.7921852931558697,0.8495020508879936
boundary,1,4.0,3,0.7921852931558697,0.8495020508879936
boundary,1,4.0,4,0.7921852931558697,0.8495020508879936
boundary,1,4.0,5,0.7921852931558697,0.8495020508879936
boundary,1,4.0,6,0.7921852931558697,0.8495020508879936
boundary,1,4.0,7,0.7921852931558697,0.8495020508879936
boundary,1,4.0,8,0.7921852931558697,0.8495020508879936
boundary,1,4.0,9,0.7921852931558697,0.8495020508879936
boundary,1,4.0,10,0.7921852931558697,0.8495020508879936
boundary,1,4.0,11,0.7843677039411785,0.8459473213604711
boundary,1,4.0,12,0.7843677039411785,0.8459473213604711
boundary,2,0.0,1,0.7650633198932364,0.832352197995009
boundary,2,0.0,2,0.8670103754123323,0.8906374866089432
boundary,2,0.0,3,0.6872458003977255,0.7401682431249899
boundary,2,0.0,4,0.7608977111446898,0.8340428353413998
boundary,2,0.0,5,0.7650633198932364,0.832352197995009
boundary,2,0.0,6,0.8083230348389964,0.862328378967045
boundary,2,0.0,7,0.6445376741063937,0.7267351043190067
boundary,2,0.0,8,0.7245907333307342,0.7968860253984384
boundary,2,0.0,9,0.8365025494728904,0.8628708092633004
boundary,2,0.0,10,0.7594093981661119,0.802313170819783
boundary,2,0.0,11,0.8245321500427197,0.8540875337149586
boundary,2,0.0,12,0.802976824161173,0.8508703727713547
boundary,2,0.25,1,0.6460833439413052,0.7959491531618734
boundary,2,0.25,2,0.9092080100670809,0.9199976958584499
boundary,2,0.25,3,0.6473620520443263,0.7044628098837323
boundary,2,0.25,4,0.8320674837870836,0.876577423066856
boundary,2,0.25,5,0.8603714866741095,0.8965606527431835
boundary,2,0.25,6,0.5719141047427777,0.6821538949731808
boundary,2,0.25,7,0.5719141047427777,0.6821538949731808
boundary,2,0.25,8,0.877753681086634,0.9057857037835432
boundary,2,0.25,9,0.7684131174635618,0.8052933526152389
boundary,2,0.25,10,0.8347562429957232,0.8621545795670643
boundary,2,0.25,11,0.6982210077771196,0.8297089819095126
boundary,2,0.25,12,0.48491879959366985,0.6381904857083919
boundary,2,0.5,1,0.6542430618174532,0.8151106242780362
boundary,2,0.5,2,0.6542430618174532,0.8151106242780362
boundary,2,0.5,3,0.6473620520443263,0.7044628098837323
boundary,2,0.5,4,0.7700543137664508,0.8437938556928446
boundary,2,0.5,5,0.8273722402697501,0.8687037136989245
boundary,2,0.5,6,0.8437000143048493,0.8772460298961111
boundary,2,0.5,7,0.7574652382037839,0.8293788788940809
boundary,2,0.5,8,0.877753681086634,0.9057857037835432
boundary,2,0.5,9,0.8576189100926399,0.8798473615275286
boundary,2,0.5,10,0.8241598749581333,0.851744610033771
boundary,2,0.5,11,0.798546595648045,0.8193837591007908
boundary,2,0.5,12,0.7729172383556805,0.8063257823640064
boundary,2,1.0,1,0.7650633198932364,0.8323521979950089
boundary,2,1.0,2,0.8789582696910594,0.901410656667738
boundary,2,1.0,3,0.7280285867762805,0.8010717555848322
boundary,2,1.0,4,0.7493267205290244,0.8249199285987772
boundary,2,1.0,5,0.7650633198932364,0.832352197995009
boundary,2,1.0,6,0.7688386890433787,0.8304304961538524
boundary,2,1.0,7,0.7443811604905799,0.8194005743943547
boundary,2,1.0,8,0.9009903647440887,0.9254740288773734
boundary,2,1.0,9,0.8789582696910594,0.9014106566677381
boundary,2,1.0,10,0.8693690356731566,0.8910381875445105
boundary,2,1.0,11,0.7866415051180877,0.830655258590009
boundary,2,1.0,12,0.802976824161173,0.8508703727713547
boundary,2,2.0,1,0.8387489284035287,0.8883772972617902
boundary,2,2.0,2,0.8387489284035287,0.8883772972617902
boundary,2,2.0,3,0.8387489284035287,0.8883772972617902
boundary,2,2.0,4,0.8387489284035287,0.8883772972617902
boundary,2,2.0,5,0.8257541240752785,0.8780976542798369
boundary,2,2.0,6,0.7170307099296043,0.8212599356142442
boundary,2,2.0,7,0.8033208419016205,0.8553570175762445
boundary,2,2.0,8,0.8387489284035287,0.8883772972617902
boundary,2,2.0,9,0.8471769376168458,0.8919383257763694
boundary,2,2.0,10,0.8471769376168458,0.8919383257763694
boundary,2,2.0,11,0.8387489284035287,0.8883772972617902
boundary,2,2.0,12,0.8387489284035287,0.8883772972617902
boundary,2,4.0,1,0.8387489284035287,0.8883772972617902
boundary,2,4.0,2,0.8387489284035287,0.8883772972617902
boundary,2,4.0,3,0.8387489284035287,0.8883772972617902
boundary,2,4.0,4,0.8387489284035287,0.8883772972617902
boundary,2,4.0,5,0.8387489284035287,0.8883772972617902
boundary,2,4.0,6,0.8387489284035287,0.8883772972617902
boundary,2,4.0,7,0.8387489284035287,0.8883772972617902
boundary,2,4.0,8,0.8387489284035287,0.8883772972617902
boundary,2,4.0,9,0.8387489284035287,0.8883772972617902
boundary,2,4.0,10,0.8387489284035287,0.8883772972617902
boundary,2,4.0,11,0.8387489284035287,0.8883772972617902
boundary,2,4.0,12,0.8387489284035287,0.8883772972617902
boundary,3,0.0,1,0.695133795976971,0.7346577368064426
boundary,3,0.0,2,0.7329087048832271,0.7323549562924401
boundary,3,0.0,3,0.6366320467285,0.6658839522226981
boundary,3,0.0,4,0.6358803705636007,0.7163007583221367
boundary,3,0.0,5,0.6837219969914262,0.7006125436269252
boundary,3,0.0,6,0.4987644614174997,0.6160674332603631
boundary,3,0.0,7,0.5226365660295396,0.5885381191785473
boundary,3,0.0,8,0.5576479487013496,0.615573596923425
boundary,3,0.0,9,0.540136326456421,0.629879501115695
boundary,3,0.0,10,0.7010423305580565,0.7389113476585217
boundary,3,0.0,11,0.6642559411723403,0.6820282932656695
boundary,3,0.0,12,0.673912542888065,0.7179498462430418
boundary,3,0.25,1,0.637506284565108,0.7704057846994855
boundary,3,0.25,2,0.5725186532576366,0.6894515450947643
boundary,3,0.25,3,0.28030914753720154,0.4996356582072514
boundary,3,0.25,4,0.3761320385768585,0.5308030519724927
boundary,3,0.25,5,0.18487565949159193,0.32512198227506
boundary,3,0.25,6,0.35958049200219494,0.5194255184302269
boundary,3,0.25,7,0.3761320385768585,0.5308030519724927
boundary,3,0.25,8,0.3761320385768585,0.5308030519724927
boundary,3,0.25,9,0.3961350418240378,0.5454989565008221
boundary,3,0.25,10,0.5632415637557782,0.6734561305562234
boundary,3,0.25,11,0.5375415154831155,0.6307675244188526
boundary,3,0.25,12,0.17981911476400222,0.3763483312850323
boundary,3,0.5,1,0.637506284565108,0.7704057846994855
boundary,3,0.5,2,0.6453596604280314,0.7732299660078142
boundary,3,0.5,3,0.6911676632475545,0.7039290502962012
boundary,3,0.5,4,0.647317168729897,0.7018341269146796
boundary,3,0.5,5,0.5053385012221967,0.6274982504827749
boundary,3,0.5,6,0.35958049200219494,0.5194255184302269
boundary,3,0.5,7,0.5357674464759731,0.6330269106232944
boundary,3,0.5,8,0.5462292551138557,0.6410653050242897
boundary,3,0.5,9,0.5490027325343718,0.6198441321746884
boundary,3,0.5,10,0.7551743984533247,0.7663518860294897
boundary,3,0.5,11,0.7105668193132803,0.7324829138770059
boundary,3,0.5,12,0.6540168324407039,0.7243516847087427
boundary,3,1.0,1,0.7433244868114608,0.7670954919147925
boundary,3,1.0,2,0.7938512983029405,0.802435426568398
boundary,3,1.0,3,0.6774739852251966,0.6962276210003341
boundary,3,1.0,4,0.6379831569855323,0.6935946575432068
boundary,3,1.0,5,0.7113070226901549,0.7219181923215319
boundary,3,1.0,6,0.5877315089357611,0.6501636480986552
boundary,3,1.0,7,0.5462292551138557,0.6410653050242897
boundary,3,1.0,8,0.5462292551138557,0.6410653050242897
boundary,3,1.0,9,0.680102462455236,0.7126748520498297
boundary,3,1.0,10,0.7551743984533247,0.7663518860294897
boundary,3,1.0,11,0.7105668193132803,0.7324829138770059
boundary,3,1.0,12,0.6327424101055049,0.7059077044274491
boundary,3,2.0,1,0.7172576130960081,0.759179355642175
boundary,3,2.0,2,0.7172576130960081,0.759179355642175
boundary,3,2.0,3,0.647317168729897,0.7018341269146796
boundary,3,2.0,4,0.6133319834085811,0.6759501688878862
boundary,3,2.0,5,0.6254643063051142,0.6877467001388453
boundary,3,2.0,6,0.6079206986075053,0.6765564054200968
boundary,3,2.0,7,0.6079206986075053,0.6765564054200968
boundary,3,2.0,8,0.647317168729897,0.7018341269146796
boundary,3,2.0,9,0.68934228868331,0.7436383592940458
boundary,3,2.0,10,0.7001590207106297,0.7425128557203041
boundary,3,2.0,11,0.7006765243835255,0.7498405899719989
boundary,3,2.0,12,0.7006765243835255,0.7498405899719989
boundary,3,4.0,1,0.7391803638515201,0.7638091551935355
boundary,3,4.0,2,0.7391803638515201,0.7638091551935355
boundary,3,4.0,3,0.6430613843479147,0.6993256809948596
boundary,3,4.0,4,0.5939427670330689,0.6661341756848288
boundary,3,4.0,5,0.6422008897816751,0.6957040629999615
boundary,3,4.0,6,0.6724456678032948,0.7341938245008349
boundary,3,4.0,7,0.688164981783051,0.7458155213803204
boundary,3,4.0,8,0.5958077786651799,0.7110566143707753
boundary,3,4.0,9,0.5858032542793802,0.7258575330673764
boundary,3,4.0,10,0.5924185303256092,0.7380287682803934
boundary,3,4.0,11,0.5678279332068189,0.7054769843536562
boundary,3,4.0,12,0.5678279332068189,0.7054769843536562
boundary,4,0.0,1,0.6877664808133814,0.7499496277022206
boundary,4,0.0,2,0.7758762205443108,0.8072465669857032
boundary,4,0.0,3,0.7071154005696745,0.7823415989915236
boundary,4,0.0,4,0.6877664808133814,0.7499496277022206
boundary,4,0.0,5,0.6768668833955256,0.741351562365912
boundary,4,0.0,6,0.6604007692784912,0.719409393065872
boundary,4,0.0,7,0.6918745633142904,0.751862333422188
boundary,4,0.0,8,0.6888265150502589,0.7372811213679822
boundary,4,0.0,9,0.7961165048543689,0.8305627272494827
boundary,4,0.0,10,0.6901845263409018,0.7533084789410298
boundary,4,0.0,11,0.6877664808133814,0.7499496277022206
boundary,4,0.0,12,0.7961165048543689,0.8305627272494827
boundary,4,0.25,1,0.7961165048543689,0.8305627272494827
boundary,4,0.25,2,0.7758762205443108,0.8072465669857032
boundary,4,0.25,3,0.6028152662893629,0.7090322097148777
boundary,4,0.25,4,0.6877664808133814,0.7499496277022206
boundary,4,0.25,5,0.6877664808133814,0.7499496277022206
boundary,4,0.25,6,0.6580779466851155,0.7307895106188083
boundary,4,0.25,7,0.69032410693163,0.7529327583790586
boundary,4,0.25,8,0.6069421528232262,0.6929953986170867
boundary,4,0.25,9,0.7961165048543689,0.8305627272494827
boundary,4,0.25,10,0.7230815561091795,0.7692963410498049
boundary,4,0.25,11,0.6877664808133814,0.7499496277022206
boundary,4,0.25,12,0.7961165048543689,0.8305627272494827
boundary,4,0.5,1,0.7961165048543689,0.8305627272494827
boundary,4,0.5,2,0.7758762205443108,0.8072465669857031
boundary,4,0.5,3,0.6877664808133814,0.7499496277022206
boundary,4,0.5,4,0.6877664808133814,0.7499496277022206
boundary,4,0.5,5,0.6768668833955256,0.741351562365912
boundary,4,0.5,6,0.6604007692784912,0.7194093930658717
boundary,4,0.5,7,0.69032410693163,0.7529327583790585
boundary,4,0.5,8,0.69032410693163,0.7529327583790585
boundary,4,0.5,9,0.7961165048543689,0.8305627272494827
boundary,4,0.5,10,0.7230815561091795,0.7692963410498048
boundary,4,0.5,11,0.6877664808133814,0.7499496277022206
boundary,4,0.5,12,0.7961165048543689,0.8305627272494827
boundary,4,1.0,1,0.7961165048543689,0.8305627272494827
boundary,4,1.0,2,0.7758762205443108,0.8072465669857031
boundary,4,1.0,3,0.6877664808133814,0.7499496277022206
boundary,4,1.0,4,0.6877664808133814,0.7499496277022206
boundary,4,1.0,5,0.7092833876221498,0.769631747539695
boundary,4,1.0,6,0.6723763744270006,0.7278987603441217
boundary,4,1.0,7,0.6918745633142904,0.751862333422188
boundary,4,1.0,8,0.6888265150502589,0.7372811213679823
boundary,4,1.0,9,0.7961165048543689,0.8305627272494827
boundary,4,1.0,10,0.7400494323484468,0.779887983462678
boundary,4,1.0,11,0.6877664808133814,0.7499496277022206
boundary,4,1.0,12,0.7961165048543689,0.8305627272494827
boundary,4,2.0,1,0.703560310685716,0.7584316458823541
boundary,4,2.0,2,0.703560310685716,0.7584316458823541
boundary,4,2.0,3,0.6877664808133814,0.7499496277022206
boundary,4,2.0,4,0.6877664808133814,0.7499496277022206
boundary,4,2.0,5,0.6947071621268819,0.7550222658910027
boundary,4,2.0,6,0.6985029440087557,0.787149178658487
boundary,4,2.0,7,0.7961165048543689,0.8305627272494827
boundary,4,2.0,8,0.7961165048543689,0.8305627272494827
boundary,4,2.0,9,0.7961165048543689,0.8305627272494827
boundary,4,2.0,10,0.7961165048543689,0.8305627272494827
boundary,4,2.0,11,0.7961165048543689,0.8305627272494827
boundary,4,2.0,12,0.7961165048543689,0.8305627272494827
boundary,4,4.0,1,0.703560310685716,0.758431645882354
boundary,4,4.0,2,0.703560310685716,0.758431645882354
boundary,4,4.0,3,0.6877664808133814,0.7499496277022206
boundary,4,4.0,4,0.6877664808133814,0.7499496277022206
boundary,4,4.0,5,0.6877664808133814,0.7499496277022206
boundary,4,4.0,6,0.6877664808133814,0.7499496277022206
boundary,4,4.0,7,0.6877664808133814,0.7499496277022206
boundary,4,4.0,8,0.6877664808133814,0.7499496277022206
boundary,4,4.0,9,0.6877664808133814,0.7499496277022206
boundary,4,4.0,10,0.6877664808133814,0.7499496277022206
boundary,4,4.0,11,0.6877664808133814,0.7499496277022206
boundary,4,4.0,12,0.6877664808133814,0.7499496277022206
boundary,5,0.0,1,0.7142106011084269,0.7920799984948166
boundary,5,0.0,2,0.7225902533433065,0.7669793718234654
boundary,5,0.0,3,0.7010945575091859,0.7870657596751565
boundary,5,0.0,4,0.7027010669096607,0.7601298590501151
boundary,5,0.0,5,0.6976930664263463,0.7717734902260097
boundary,5,0.0,6,0.7231514334255683,0.7806240205471119
boundary,5,0.0,7,0.6382640815211923,0.7411930725679254
boundary,5,0.0,8,0.7928899994321086,0.8333216034663234
boundary,5,0.0,9,0.6499725135468948,0.7352084610881325
boundary,5,0.0,10,0.7606148431491737,0.8010978792697291
boundary,5,0.0,11,0.7177096114519428,0.7805583778309789
boundary,5,0.0,12,0.7189538995263193,0.7594138920854485
boundary,5,0.25,1,0.583363341735686,0.6885075481447703
boundary,5,0.25,2,0.56526275549066,0.6976848045856856
boundary,5,0.25,3,0.5592115841697047,0.6890076824247732
boundary,5,0.25,4,0.5592115841697047,0.6890076824247732
boundary,5,0.25,5,0.3100332414747381,0.5275461905239909
boundary,5,0.25,6,0.4948018016205387,0.6499053748448093
boundary,5,0.25,7,0.4403164037952675,0.6187629433606986
boundary,5,0.25,8,0.5714144068216747,0.6986946100628757
boundary,5,0.25,9,0.4948018016205387,0.6499053748448093
boundary,5,0.25,10,0.7606148431491737,0.8010978792697291
boundary,5,0.25,11,0.6841351954383935,0.762060158483573
boundary,5,0.25,12,0.5465101588094433,0.664437453942368
boundary,5,0.5,1,0.583363341735686,0.6885075481447702
boundary,5,0.5,2,0.515170529298654,0.6618657728590096
boundary,5,0.5,3,0.7795402999675041,0.8243490778053353
boundary,5,0.5,4,0.7820123134013662,0.8055935717977452
boundary,5,0.5,5,0.7396741697627127,0.7897926297341655
boundary,5,0.5,6,0.7231514334255683,0.7806240205471119
boundary,5,0.5,7,0.6493565962981889,0.7419755503241459
boundary,5,0.5,8,0.5714144068216747,0.6986946100628757
boundary,5,0.5,9,0.6041351521398642,0.7063613089960459
boundary,5,0.5,10,0.7606148431491737,0.8010978792697291
boundary,5,0.5,11,0.5509024941933721,0.6506452515764726
boundary,5,0.5,12,0.5465101588094433,0.664437453942368
boundary,5,1.0,1,0.7407338206787024,0.8038302717953667
boundary,5,1.0,2,0.7225902533433065,0.7669793718234654
boundary,5,1.0,3,0.7795402999675041,0.8243490778053353
boundary,5,1.0,4,0.7841511389602129,0.8114181949256785
boundary,5,1.0,5,0.7396741697627127,0.7897926297341655
boundary,5,1.0,6,0.7231514334255683,0.7806240205471119
boundary,5,1.0,7,0.6634622110743587,0.7484098493309009
boundary,5,1.0,8,0.7928899994321086,0.8333216034663236
boundary,5,1.0,9,0.7228064103929294,0.7950549268039254
boundary,5,1.0,10,0.7606148431491737,0.8010978792697291
boundary,5,1.0,11,0.6841351954383935,0.762060158483573
boundary,5,1.0,12,0.7189538995263193,0.7594138920854485
boundary,5,2.0,1,0.8003837998872756,0.8365668066503876
boundary,5,2.0,2,0.8003837998872756,0.8365668066503876
boundary,5,2.0,3,0.7841511389602129,0.8114181949256787
boundary,5,2.0,4,0.7759309027601711,0.8026441039373369
boundary,5,2.0,5,0.7727244622455499,0.8040647498375877
boundary,5,2.0,6,0.7137601697912982,0.7961156986370223
boundary,5,2.0,7,0.7364909798372833,0.8060295865673609
boundary,5,2.0,8,0.7610777266090082,0.8164305906521208
boundary,5,2.0,9,0.8332433300749875,0.8686505786562576
boundary,5,2.0,10,0.7795402999675041,0.8243490778053353
boundary,5,2.0,11,0.7795402999675041,0.8243490778053353
boundary,5,2.0,12,0.7795402999675041,0.8243490778053353
boundary,5,4.0,1,0.7813961923248715,0.8131361879986404
boundary,5,4.0,2,0.7813961923248715,0.8131361879986404
boundary,5,4.0,3,0.7813961923248715,0.8131361879986404
boundary,5,4.0,4,0.7813961923248715,0.8131361879986404
boundary,5,4.0,5,0.7795402999675041,0.8243490778053353
boundary,5,4.0,6,0.7795402999675041,0.8243490778053353
boundary,5,4.0,7,0.7795402999675041,0.8243490778053353
boundary,5,4.0,8,0.7795402999675041,0.8243490778053353
boundary,5,4.0,9,0.8003837998872756,0.8365668066503876
boundary,5,4.0,10,0.8003837998872756,0.8365668066503876
boundary,5,4.0,11,0.7795402999675041,0.8243490778053353
boundary,5,4.0,12,0.7795402999675041,0.8243490778053353
boundary,6,0.0,1,0.7590477177706368,0.8032682735329955
boundary,6,0.0,2,0.7542969879415616,0.7806747211029649
boundary,6,0.0,3,0.7773344245482607,0.8061646988583694
boundary,6,0.0,4,0.7179641517241852,0.7509210513088307
boundary,6,0.0,5,0.702457933707869,0.7820756053716508
boundary,6,0.0,6,0.7439701053108368,0.7846323743335252
boundary,6,0.0,7,0.6806554059366678,0.7290445051071353
boundary,6,0.0,8,0.6200562477072945,0.7149673259978477
boundary,6,0.0,9,0.7860528466357941,0.8231293865784458
boundary,6,0.0,10,0.619730841197665,0.6775224268615776
boundary,6,0.0,11,0.7611709041751157,0.8040464251878832
boundary,6,0.0,12,0.7536282387668088,0.7781058188996077
boundary,6,0.25,1,0.5692961039345378,0.6928332823000191
boundary,6,0.25,2,0.5692961039345378,0.6928332823000191
boundary,6,0.25,3,0.4207290648337583,0.6044367639952186
boundary,6,0.25,4,0.44019974460717487,0.6179850273634843
boundary,6,0.25,5,0.5985584332222044,0.7535896531269044
boundary,6,0.25,6,0.6007927014885446,0.6995909067490427
boundary,6,0.25,7,0.5541669156991101,0.6389577439354243
boundary,6,0.25,8,0.5749953006999193,0.6824113482789677
boundary,6,0.25,9,0.5600947867298578,0.6870025668519791
boundary,6,0.25,10,0.4316169971036348,0.6090809168710537
boundary,6,0.25,11,0.44019974460717487,0.6179850273634842
boundary,6,0.25,12,0.44019974460717487,0.6179850273634842
boundary,6,0.5,1,0.5692961039345378,0.6928332823000191
boundary,6,0.5,2,0.5692961039345378,0.6928332823000191
boundary,6,0.5,3,0.4207290648337583,0.6044367639952186
boundary,6,0.5,4,0.44019974460717487,0.6179850273634843
boundary,6,0.5,5,0.7560203230555029,0.8112186805186926
boundary,6,0.5,6,0.7773344245482607,0.8061646988583692
boundary,6,0.5,7,0.6897892457915433,0.7368400546649838
boundary,6,0.5,8,0.6200562477072945,0.7149673259978477
boundary,6,0.5,9,0.7860528466357941,0.8231293865784458
boundary,6,0.5,10,0.5525459979364825,0.6385562211902103
boundary,6,0.5,11,0.44019974460717487,0.6179850273634842
boundary,6,0.5,12,0.44019974460717487,0.6179850273634842
boundary,6,1.0,1,0.5692961039345378,0.6928332823000191
boundary,6,1.0,2,0.5692961039345378,0.6928332823000191
boundary,6,1.0,3,0.7773344245482607,0.8061646988583692
boundary,6,1.0,4,0.7179641517241852,0.7509210513088307
boundary,6,1.0,5,0.6798169974658571,0.7444798396235528
boundary,6,1.0,6,0.7773344245482607,0.8061646988583693
boundary,6,1.0,7,0.6897892457915433,0.7368400546649838
boundary,6,1.0,8,0.6200562477072945,0.7149673259978477
boundary,6,1.0,9,0.7860528466357941,0.8231293865784458
boundary,6,1.0,10,0.6303061034768351,0.6853496624973786
boundary,6,1.0,11,0.7044711891332107,0.7512028772173922
boundary,6,1.0,12,0.718499661349464,0.771859526037894
boundary,6,2.0,1,0.7538884554186244,0.7883562642562326
boundary,6,2.0,2,0.7538884554186244,0.7883562642562326
boundary,6,2.0,3,0.7538884554186244,0.7883562642562326
boundary,6,2.0,4,0.7414904916909372,0.7789653106285458
boundary,6,2.0,5,0.7104907067888467,0.7726170368499526
boundary,6,2.0,6,0.7219352205064681,0.7923343008822662
boundary,6,2.0,7,0.796394373862612,0.8284508697815457
boundary,6,2.0,8,0.796394373862612,0.8284508697815457
boundary,6,2.0,9,0.796394373862612,0.8284508697815457
boundary,6,2.0,10,0.796394373862612,0.8284508697815457
boundary,6,2.0,11,0.796394373862612,0.8284508697815457
boundary,6,2.0,12,0.796394373862612,0.8284508697815457
boundary,6,4.0,1,0.7538884554186244,0.7883562642562326
boundary,6,4.0,2,0.7538884554186244,0.7883562642562326
boundary,6,4.0,3,0.7747071642604195,0.8045477608044168
boundary,6,4.0,4,0.7747071642604195,0.8045477608044168
boundary,6,4.0,5,0.7747071642604195,0.8045477608044168
boundary,6,4.0,6,0.796394373862612,0.8284508697815458
boundary,6,4.0,7,0.796394373862612,0.8284508697815458
boundary,6,4.0,8,0.796394373862612,0.8284508697815458
boundary,6,4.0,9,0.796394373862612,0.8284508697815458
boundary,6,4.0,10,0.796394373862612,0.8284508697815458
boundary,6,4.0,11,0.796394373862612,0.8284508697815458
boundary,6,4.0,12,0.796394373862612,0.8284508697815458
boundary,7,0.0,1,0.6482975186257004,0.7281158491222759
boundary,7,0.0,2,0.6512787797946993,0.7156651776265925
boundary,7,0.0,3,0.7538094450613055,0.8065520625151196
boundary,7,0.0,4,0.6339469428482951,0.7036225025046963
boundary,7,0.0,5,0.7313237579628712,0.7676289755815096
boundary,7,0.0,6,0.6983712493123594,0.7672042620116877
boundary,7,0.0,7,0.7212201102361129,0.7576889360043301
boundary,7,0.0,8,0.6488430087571768,0.7094348599576243
boundary,7,0.0,9,0.6583747477893482,0.7326244304918348
boundary,7,0.0,10,0.7715385690853972,0.814485863943303
boundary,7,0.0,11,0.757895599218974,0.8068961076849174
boundary,7,0.0,12,0.7063455714979049,0.7410556570739246
boundary,7,0.25,1,0.6473730884865788,0.7273984441113783
boundary,7,0.25,2,0.6914939638296614,0.7545586902094976
boundary,7,0.25,3,0.7851065247817297,0.8248951861424966
boundary,7,0.25,4,0.6073882556205332,0.7050979875944351
boundary,7,0.25,5,0.719743216223045,0.7792714029056375
boundary,7,0.25,6,0.6473730884865788,0.7273984441113782
boundary,7,0.25,7,0.622994074273699,0.6905441560717932
boundary,7,0.25,8,0.5884131550035526,0.6667923593986633
boundary,7,0.25,9,0.6409415468805637,0.7193681920478873
boundary,7,0.25,10,0.7715385690853972,0.814485863943303
boundary,7,0.25,11,0.757895599218974,0.8068961076849174
boundary,7,0.25,12,0.7208718720871872,0.7508626539794889
boundary,7,0.5,1,0.6473730884865788,0.7273984441113783
boundary,7,0.5,2,0.6914939638296614,0.7545586902094976
boundary,7,0.5,3,0.7851065247817297,0.8248951861424966
boundary,7,0.5,4,0.599864017059678,0.6976228453713303
boundary,7,0.5,5,0.719743216223045,0.7792714029056375
boundary,7,0.5,6,0.6473730884865788,0.7273984441113782
boundary,7,0.5,7,0.7438375981367027,0.7732990610577501
boundary,7,0.5,8,0.6268582312992156,0.715755009422303
boundary,7,0.5,9,0.6733951753201485,0.7369728175606763
boundary,7,0.5,10,0.7715385690853972,0.814485863943303
boundary,7,0.5,11,0.757895599218974,0.8068961076849174
boundary,7,0.5,12,0.7208718720871872,0.7508626539794889
boundary,7,1.0,1,0.6473730884865788,0.7273984441113782
boundary,7,1.0,2,0.6914939638296614,0.7545586902094976
boundary,7,1.0,3,0.7651740700421332,0.8182272656728924
boundary,7,1.0,4,0.6175170751305745,0.7077786951043961
boundary,7,1.0,5,0.7313237579628712,0.7676289755815096
boundary,7,1.0,6,0.6751636803973483,0.7410360798319523
boundary,7,1.0,7,0.7332309824327813,0.7667645961848811
boundary,7,1.0,8,0.6488430087571768,0.7094348599576242
boundary,7,1.0,9,0.6583747477893482,0.7326244304918348
boundary,7,1.0,10,0.7109852294262121,0.7620246011867529
boundary,7,1.0,11,0.757895599218974,0.8068961076849174
boundary,7,1.0,12,0.7208718720871872,0.7508626539794889
boundary,7,2.0,1,0.6680528668052866,0.7245533966052075
boundary,7,2.0,2,0.6680528668052866,0.7245533966052075
boundary,7,2.0,3,0.6680528668052866,0.7245533966052075
boundary,7,2.0,4,0.6680528668052866,0.7245533966052075
boundary,7,2.0,5,0.6680528668052866,0.7245533966052075
boundary,7,2.0,6,0.6403376523631399,0.7245311626511562
boundary,7,2.0,7,0.7353521917153368,0.7830363691832923
boundary,7,2.0,8,0.7583126346557616,0.8046351507983293
boundary,7,2.0,9,0.7715385690853972,0.814485863943303
boundary,7,2.0,10,0.7715385690853972,0.814485863943303
boundary,7,2.0,11,0.7715385690853972,0.814485863943303
boundary,7,2.0,12,0.7715385690853972,0.814485863943303
boundary,7,4.0,1,0.7133614351534163,0.7848626006819013
boundary,7,4.0,2,0.7133614351534163,0.7848626006819013
boundary,7,4.0,3,0.7133614351534163,0.7848626006819013
boundary,7,4.0,4,0.7133614351534163,0.7848626006819013
boundary,7,4.0,5,0.7133614351534163,0.7848626006819013
boundary,7,4.0,6,0.7133614351534163,0.7848626006819013
boundary,7,4.0,7,0.7133614351534163,0.7848626006819013
boundary,7,4.0,8,0.7133614351534163,0.7848626006819013
boundary,7,4.0,9,0.7133614351534163,0.7848626006819013
boundary,7,4.0,10,0.7133614351534163,0.7848626006819013
boundary,7,4.0,11,0.7133614351534163,0.7848626006819013
boundary,7,4.0,12,0.7133614351534163,0.7848626006819013
boundary,8,0.0,1,0.7373584982421405,0.7887036849095427
boundary,8,0.0,2,0.7262175473745721,0.7675136722376367
boundary,8,0.0,3,0.640585409360874,0.7011488661047238
boundary,8,0.0,4,0.7539792456996046,0.7838252572466945
boundary,8,0.0,5,0.6675590734489583,0.7290140137164265
boundary,8,0.0,6,0.6398870416636679,0.7314504654523384
boundary,8,0.0,7,0.7747250345493122,0.8086603090070078
boundary,8,0.0,8,0.7243860051372537,0.7820026753518796
boundary,8,0.0,9,0.6966919959300762,0.7437850239106044
boundary,8,0.0,10,0.7520430805866753,0.7733414696393648
boundary,8,0.0,11,0.6071359782656444,0.7092646893295012
boundary,8,0.0,12,0.6828245211294589,0.7398724386779632
boundary,8,0.25,1,0.5550617283950617,0.7104815031204772
boundary,8,0.25,2,0.54555633310007,0.6693957215403376
boundary,8,0.25,3,0.38069955396189054,0.5408420556420532
boundary,8,0.25,4,0.6274999114593408,0.7472714535651301
boundary,8,0.25,5,0.6025727641486984,0.7173363616285571
boundary,8,0.25,6,0.3983900299930708,0.5867722124033488
boundary,8,0.25,7,0.39074609717505016,0.5607502008645479
boundary,8,0.25,8,0.3983900299930708,0.5867722124033488
boundary,8,0.25,9,0.3983900299930708,0.5867722124033486
boundary,8,0.25,10,0.5906544006017729,0.6899440903040481
boundary,8,0.25,11,0.3983900299930708,0.5867722124033486
boundary,8,0.25,12,0.3771489864629992,0.5704344902113573
boundary,8,0.5,1,0.5550617283950617,0.7104815031204772
boundary,8,0.5,2,0.54555633310007,0.6693957215403376
boundary,8,0.5,3,0.551858488026422,0.6791390699017166
boundary,8,0.5,4,0.5877996757955806,0.7287798101906017
boundary,8,0.5,5,0.5600985773496135,0.7008979474735707
boundary,8,0.5,6,0.51467371664416,0.7039164699469815
boundary,8,0.5,7,0.5700289913026092,0.7164866794776226
boundary,8,0.5,8,0.5653619894848595,0.7185802074777992
boundary,8,0.5,9,0.3983900299930708,0.5867722124033488
boundary,8,0.5,10,0.36574797896258027,0.5318762598065299
boundary,8,0.5,11,0.3983900299930708,0.5867722124033488
boundary,8,0.5,12,0.3771489864629992,0.5704344902113572
boundary,8,1.0,1,0.5550617283950617,0.7104815031204773
boundary,8,1.0,2,0.54555633310007,0.6693957215403376
boundary,8,1.0,3,0.7000541801135427,0.7483330125925354
boundary,8,1.0,4,0.5787466313433518,0.7193204505284826
boundary,8,1.0,5,0.5600985773496135,0.7008979474735707
boundary,8,1.0,6,0.5604849372470048,0.6961872318336854
boundary,8,1.0,7,0.5700289913026092,0.7164866794776225
boundary,8,1.0,8,0.5653619894848595,0.7185802074777992
boundary,8,1.0,9,0.5539827008813921,0.6775136123154373
boundary,8,1.0,10,0.5461306159829817,0.6753642156841563
boundary,8,1.0,11,0.3983900299930708,0.5867722124033488
boundary,8,1.0,12,0.3771489864629992,0.5704344902113572
boundary,8,2.0,1,0.7954255476315188,0.8325694466898155
boundary,8,2.0,2,0.7954255476315188,0.8325694466898155
boundary,8,2.0,3,0.7954255476315188,0.8325694466898155
boundary,8,2.0,4,0.7542205818643436,0.7965412094244347
boundary,8,2.0,5,0.7161025881250732,0.7761956965476374
boundary,8,2.0,6,0.6601893532264187,0.7538164654052654
boundary,8,2.0,7,0.6855146680481222,0.7441355290456376
boundary,8,2.0,8,0.6819547946254131,0.7595819288979162
boundary,8,2.0,9,0.5435081010858641,0.686491504711905
boundary,8,2.0,10,0.5553157167891005,0.6940058686087508
boundary,8,2.0,11,0.5700289913026092,0.7164866794776226
boundary,8,2.0,12,0.5700289913026092,0.7164866794776226
boundary,8,4.0,1,0.7383910986920733,0.7748388964985745
boundary,8,4.0,2,0.7383910986920733,0.7748388964985745
boundary,8,4.0,3,0.667949047049136,0.7382093894062781
boundary,8,4.0,4,0.6664034741413344,0.752358979208239
boundary,8,4.0,5,0.6819547946254131,0.7595819288979161
boundary,8,4.0,6,0.7009027733969049,0.7830801330356654
boundary,8,4.0,7,0.7546753055514652,0.8095400996487606
boundary,8,4.0,8,0.8172141313444675,0.8466725966974317
boundary,8,4.0,9,0.7548671136602311,0.7822021083950497
boundary,8,4.0,10,0.63740619853862,0.7298784481519005
boundary,8,4.0,11,0.5700289913026092,0.7164866794776226
boundary,8,4.0,12,0.5700289913026092,0.7164866794776226
boundary,9,0.0,1,0.6790570837069906,0.7447398324186101
boundary,9,0.0,2,0.7351067640078596,0.7590689209945641
boundary,9,0.0,3,0.5704733034022275,0.6488570727724743
boundary,9,0.0,4,0.6846589100801008,0.7471576658633361
boundary,9,0.0,5,0.6446057067953161,0.7026777700689735
boundary,9,0.0,6,0.6442997797000354,0.7313972550283282
boundary,9,0.0,7,0.7437014775857751,0.7705006623212791
boundary,9,0.0,8,0.6357673808482729,0.6878088118257717
boundary,9,0.0,9,0.6905045821278745,0.7490642000667451
boundary,9,0.0,10,0.7275850429935401,0.749325444996953
boundary,9,0.0,11,0.8065634836129868,0.8253246019245
boundary,9,0.0,12,0.6041250831669993,0.6872341720869372
boundary,9,0.25,1,0.5858295391005671,0.7178451716151661
boundary,9,0.25,2,0.5840803330884153,0.7115516621190696
boundary,9,0.25,3,0.27688858441801084,0.5055196370543239
boundary,9,0.25,4,0.5607012028159343,0.6993285488879757
boundary,9,0.25,5,0.556246327586454,0.6924669164581461
boundary,9,0.25,6,0.5607012028159343,0.6993285488879757
boundary,9,0.25,7,0.5858295391005671,0.7178451716151661
boundary,9,0.25,8,0.27688858441801084,0.5055196370543238
boundary,9,0.25,9,0.27688858441801084,0.5055196370543238
boundary,9,0.25,10,0.6120488698629155,0.739625657147929
boundary,9,0.25,11,0.6393482294103412,0.7701503194156427
boundary,9,0.25,12,0.549165268791437,0.6744304364367747
boundary,9,0.5,1,0.5858295391005671,0.7178451716151661
boundary,9,0.5,2,0.5858295391005671,0.7178451716151661
boundary,9,0.5,3,0.41576260715950103,0.6088048115117866
boundary,9,0.5,4,0.5607012028159343,0.6993285488879757
boundary,9,0.5,5,0.556246327586454,0.6924669164581461
boundary,9,0.5,6,0.5607012028159343,0.6993285488879757
boundary,9,0.5,7,0.5858295391005671,0.7178451716151661
boundary,9,0.5,8,0.27688858441801084,0.5055196370543238
boundary,9,0.5,9,0.27688858441801084,0.5055196370543238
boundary,9,0.5,10,0.6120488698629155,0.739625657147929
boundary,9,0.5,11,0.6393482294103412,0.7701503194156427
boundary,9,0.5,12,0.549165268791437,0.6744304364367747
boundary,9,1.0,1,0.5858295391005671,0.717845171615166
boundary,9,1.0,2,0.5858295391005671,0.717845171615166
boundary,9,1.0,3,0.49193485458213965,0.6544279581042151
boundary,9,1.0,4,0.5398356484330501,0.6837050813906143
boundary,9,1.0,5,0.556246327586454,0.6924669164581461
boundary,9,1.0,6,0.5607012028159343,0.6993285488879758
boundary,9,1.0,7,0.5858295391005671,0.717845171615166
boundary,9,1.0,8,0.525584312034118,0.6582244884888312
boundary,9,1.0,9,0.6120488698629155,0.739625657147929
boundary,9,1.0,10,0.6120488698629155,0.739625657147929
boundary,9,1.0,11,0.6393482294103412,0.7701503194156427
boundary,9,1.0,12,0.549165268791437,0.6744304364367747
boundary,9,2.0,1,0.6393482294103412,0.7701503194156427
boundary,9,2.0,2,0.6393482294103412,0.7701503194156427
boundary,9,2.0,3,0.6393482294103412,0.7701503194156427
boundary,9,2.0,4,0.5858295391005671,0.7178451716151659
boundary,9,2.0,5,0.5607012028159343,0.6993285488879758
boundary,9,2.0,6,0.6120488698629155,0.7396256571479292
boundary,9,2.0,7,0.595495125322177,0.7160483827974796
boundary,9,2.0,8,0.6276717589114283,0.6962819518122144
boundary,9,2.0,9,0.5910500168092339,0.6939055491668602
boundary,9,2.0,10,0.5831364562118126,0.7086757796222292
boundary,9,2.0,11,0.5858295391005671,0.7178451716151661
boundary,9,2.0,12,0.5858295391005671,0.7178451716151661
boundary,9,4.0,1,0.7358204832069123,0.7859029345122553
boundary,9,4.0,2,0.7358204832069123,0.7859029345122553
boundary,9,4.0,3,0.7358204832069123,0.7859029345122553
boundary,9,4.0,4,0.7358204832069123,0.7859029345122553
boundary,9,4.0,5,0.7520527531728913,0.7941726895872784
boundary,9,4.0,6,0.8093050584904653,0.8381879626640367
boundary,9,4.0,7,0.8063268845808088,0.8254184309021688
boundary,9,4.0,8,0.8262111880119373,0.8390440794004095
boundary,9,4.0,9,0.8262111880119373,0.8390440794004095
boundary,9,4.0,10,0.8262111880119373,0.8390440794004095
boundary,9,4.0,11,0.8043783328655627,0.814482123481154
boundary,9,4.0,12,0.8043783328655627,0.814482123481154
boundary,10,0.0,1,0.7016271005601493,0.7713923060281023
boundary,10,0.0,2,0.6692028713297317,0.7377429057857544
boundary,10,0.0,3,0.6692028713297317,0.7377429057857544
boundary,10,0.0,4,0.6567252941055841,0.7312265460817094
boundary,10,0.0,5,0.6501980826287537,0.7275646035575315
boundary,10,0.0,6,0.6776839077105812,0.7414278288731796
boundary,10,0.0,7,0.6916968924615233,0.7605952239948385
boundary,10,0.0,8,0.7472287296893035,0.7887059300132014
boundary,10,0.0,9,0.7784404683013033,0.83390733928705
boundary,10,0.0,10,0.6647519241789427,0.7350116158487391
boundary,10,0.0,11,0.6638275633148297,0.7448107417709284
boundary,10,0.0,12,0.757895599218974,0.8068961076849174
boundary,10,0.25,1,0.6323237564481403,0.7182371741938446
boundary,10,0.25,2,0.6692028713297317,0.7377429057857544
boundary,10,0.25,3,0.6692028713297317,0.7377429057857545
boundary,10,0.25,4,0.5878059043425763,0.6943112942962076
boundary,10,0.25,5,0.6073882556205332,0.7050979875944351
boundary,10,0.25,6,0.6073882556205332,0.7050979875944351
boundary,10,0.25,7,0.6590351482209709,0.7182365006090166
boundary,10,0.25,8,0.7472287296893035,0.7887059300132014
boundary,10,0.25,9,0.7454688731284476,0.8072541179271431
boundary,10,0.25,10,0.6647519241789427,0.7350116158487391
boundary,10,0.25,11,0.7064108104797133,0.7613940573638401
boundary,10,0.25,12,0.757895599218974,0.8068961076849174
boundary,10,0.5,1,0.6323237564481403,0.7182371741938446
boundary,10,0.5,2,0.6692028713297317,0.7377429057857544
boundary,10,0.5,3,0.6692028713297317,0.7377429057857544
boundary,10,0.5,4,0.5878059043425763,0.6943112942962076
boundary,10,0.5,5,0.6073882556205332,0.705097987594435
boundary,10,0.5,6,0.6073882556205332,0.705097987594435
boundary,10,0.5,7,0.5907722647362345,0.6795309516468607
boundary,10,0.5,8,0.7472287296893035,0.7887059300132014
boundary,10,0.5,9,0.7585147808917896,0.8032356582867336
boundary,10,0.5,10,0.6647519241789427,0.7350116158487391
boundary,10,0.5,11,0.7064108104797133,0.7613940573638401
boundary,10,0.5,12,0.757895599218974,0.8068961076849174
boundary,10,1.0,1,0.6409055532039816,0.7231126849863067
boundary,10,1.0,2,0.6692028713297317,0.7377429057857544
boundary,10,1.0,3,0.6692028713297317,0.7377429057857544
boundary,10,1.0,4,0.6692028713297317,0.7377429057857544
boundary,10,1.0,5,0.6809064487882329,0.7444519961002724
boundary,10,1.0,6,0.6692028713297317,0.7377429057857544
boundary,10,1.0,7,0.6506547237052309,0.7144827845133543
boundary,10,1.0,8,0.7472287296893035,0.7887059300132014
boundary,10,1.0,9,0.7585147808917896,0.8032356582867335
boundary,10,1.0,10,0.6647519241789427,0.7350116158487391
boundary,10,1.0,11,0.6580167644536176,0.7321148615242754
boundary,10,1.0,12,0.6761129727142173,0.7421921783853624
boundary,10,2.0,1,0.6692028713297317,0.7377429057857544
boundary,10,2.0,2,0.6692028713297317,0.7377429057857544
boundary,10,2.0,3,0.6692028713297317,0.7377429057857544
boundary,10,2.0,4,0.6692028713297317,0.7377429057857544
boundary,10,2.0,5,0.6599042312739164,0.7299600167847444
boundary,10,2.0,6,0.5841365778204265,0.6949519675098752
boundary,10,2.0,7,0.6069292667665847,0.7143708643483332
boundary,10,2.0,8,0.7207439667767367,0.7866857751414076
boundary,10,2.0,9,0.7690077132749522,0.8125569500492448
boundary,10,2.0,10,0.7690077132749522,0.8125569500492448
boundary,10,2.0,11,0.7690077132749522,0.8125569500492448
boundary,10,2.0,12,0.7690077132749522,0.8125569500492448
boundary,10,4.0,1,0.6992916799556993,0.7775669045255005
boundary,10,4.0,2,0.6992916799556993,0.7775669045255005
boundary,10,4.0,3,0.7107381280953815,0.7830106136019838
boundary,10,4.0,4,0.7107381280953815,0.7830106136019838
boundary,10,4.0,5,0.7107381280953815,0.7830106136019838
boundary,10,4.0,6,0.7107381280953815,0.7830106136019838
boundary,10,4.0,7,0.7107381280953815,0.7830106136019838
boundary,10,4.0,8,0.7107381280953815,0.7830106136019838
boundary,10,4.0,9,0.7107381280953815,0.7830106136019838
boundary,10,4.0,10,0.7107381280953815,0.7830106136019838
boundary,10,4.0,11,0.6979058254338837,0.7654725379419217
boundary,10,4.0,12,0.6979058254338837,0.7654725379419217
boundary,11,0.0,1,0.5917652859960553,0.6723344780689943
boundary,11,0.0,2,0.5616550340510489,0.666739191880319
boundary,11,0.0,3,0.721449006675514,0.7260445601604938
boundary,11,0.0,4,0.4983104574352283,0.6256201362101315
boundary,11,0.0,5,0.6198003761633425,0.707873723305721
boundary,11,0.0,6,0.6615567702765395,0.7228428184806428
boundary,11,0.0,7,0.5554390186579861,0.6500451582233163
boundary,11,0.0,8,0.742033122190921,0.7663257914339302
boundary,11,0.0,9,0.6696702600929737,0.7152005841119069
boundary,11,0.0,10,0.7254016174882655,0.7658362674473582
boundary,11,0.0,11,0.7060341436551019,0.7509535953132774
boundary,11,0.0,12,0.6105162478505218,0.6895694556615535
boundary,11,0.25,1,0.4216760215264872,0.5167030629155096
boundary,11,0.25,2,0.6306730101031699,0.6971655656847148
boundary,11,0.25,3,0.5440588405241429,0.641832852306541
boundary,11,0.25,4,0.4612941943654251,0.6074013205651532
boundary,11,0.25,5,0.4170096021947874,0.5362277581287229
boundary,11,0.25,6,0.4612941943654251,0.6074013205651532
boundary,11,0.25,7,0.44559058859124334,0.572537714104741
boundary,11,0.25,8,0.8291145861401078,0.8443856210983339
boundary,11,0.25,9,0.6526736947062517,0.6962673773238449
boundary,11,0.25,10,0.4770943197316699,0.6314348706161762
boundary,11,0.25,11,0.4612941943654251,0.6074013205651532
boundary,11,0.25,12,0.5109920747128107,0.6306664202705067
boundary,11,0.5,1,0.4216760215264872,0.5167030629155096
boundary,11,0.5,2,0.48450494084269835,0.5775867057162716
boundary,11,0.5,3,0.5440588405241429,0.641832852306541
boundary,11,0.5,4,0.6001747786770014,0.7249946353302819
boundary,11,0.5,5,0.6438645779675318,0.704718371952602
boundary,11,0.5,6,0.6781991670155799,0.7177270883791126
boundary,11,0.5,7,0.6682708047920712,0.691956382249582
boundary,11,0.5,8,0.8291145861401078,0.8443856210983339
boundary,11,0.5,9,0.6526736947062517,0.6962673773238449
boundary,11,0.5,10,0.6919617006225683,0.7602070917279443
boundary,11,0.5,11,0.6695767554296268,0.7194337506616829
boundary,11,0.5,12,0.5109920747128107,0.6306664202705067
boundary,11,1.0,1,0.5932508386466132,0.6356086636090216
boundary,11,1.0,2,0.6306730101031699,0.6971655656847148
boundary,11,1.0,3,0.7699534703002933,0.761463328964975
boundary,11,1.0,4,0.7934329914605999,0.8133767590349813
boundary,11,1.0,5,0.7173557587392351,0.7604278028225901
boundary,11,1.0,6,0.6781991670155799,0.7177270883791126
boundary,11,1.0,7,0.7157705924002832,0.7525310044879129
boundary,11,1.0,8,0.829701449247647,0.8260348145150784
boundary,11,1.0,9,0.6730022338427172,0.706712715471375
boundary,11,1.0,10,0.7254016174882655,0.7658362674473582
boundary,11,1.0,11,0.8114224859466819,0.8118016241043738
boundary,11,1.0,12,0.8494242212724183,0.8355474212762956
boundary,11,2.0,1,0.688785109079992,0.741036029100358
boundary,11,2.0,2,0.688785109079992,0.741036029100358
boundary,11,2.0,3,0.7141496014385786,0.7527014859214425
boundary,11,2.0,4,0.7294544965359521,0.7644597953401584
boundary,11,2.0,5,0.7781710117519924,0.8089197705362894
boundary,11,2.0,6,0.7943461246422522,0.8372790074417172
boundary,11,2.0,7,0.726935136366025,0.8039139786759347
boundary,11,2.0,8,0.7358202390394093,0.7917053462285591
boundary,11,2.0,9,0.8072102048414633,0.8247643152922982
boundary,11,2.0,10,0.8296323615697977,0.8492939705601892
boundary,11,2.0,11,0.7965482705945431,0.8168471504066804
boundary,11,2.0,12,0.7965482705945431,0.8168471504066804
boundary,11,4.0,1,0.7070630562393486,0.7628972448172838
boundary,11,4.0,2,0.7070630562393486,0.7628972448172838
boundary,11,4.0,3,0.7070630562393486,0.7628972448172838
boundary,11,4.0,4,0.7070630562393486,0.7628972448172838
boundary,11,4.0,5,0.7439056620395424,0.8056720223807201
boundary,11,4.0,6,0.7439056620395424,0.8056720223807201
boundary,11,4.0,7,0.7439056620395424,0.8056720223807201
boundary,11,4.0,8,0.7601432618805795,0.8175207845219203
boundary,11,4.0,9,0.7205842029455981,0.7657566864211511
boundary,11,4.0,10,0.747730362286464,0.7794264534611262
boundary,11,4.0,11,0.790933178584752,0.7969386483790308
boundary,11,4.0,12,0.790933178584752,0.7969386483790308
boundary,12,0.0,1,0.7809395331843795,0.826821351575553
boundary,12,0.0,2,0.760286570092312,0.8029331146793015
boundary,12,0.0,3,0.8159306814137487,0.8478723230530456
boundary,12,0.0,4,0.6897677275584252,0.760412009190321
boundary,12,0.0,5,0.6546776962485652,0.7186105960390302
boundary,12,0.0,6,0.8691540241360469,0.8911098458036931
boundary,12,0.0,7,0.7784652448873436,0.8025518433991794
boundary,12,0.0,8,0.7484143763213531,0.8288292577587287
boundary,12,0.0,9,0.785355308631776,0.8285334685272562
boundary,12,0.0,10,0.8076029509666726,0.8344918117163548
boundary,12,0.0,11,0.7973250099060833,0.8533283978881508
boundary,12,0.0,12,0.7526778577138289,0.780217785967193
boundary,12,0.25,1,0.6796171533834006,0.7432896517790494
boundary,12,0.25,2,0.6709691639951637,0.7378881256461348
boundary,12,0.25,3,0.7452721176492875,0.7714668941907934
boundary,12,0.25,4,0.43537866698083905,0.558463045135743
boundary,12,0.25,5,0.5445691507019185,0.6466763536169493
boundary,12,0.25,6,0.8717205880371364,0.8981983381889181
boundary,12,0.25,7,0.7784652448873436,0.8025518433991794
boundary,12,0.25,8,0.8076029509666726,0.8344918117163548
boundary,12,0.25,9,0.7637540453074434,0.793832938903667
boundary,12,0.25,10,0.5629605370885868,0.6929840063625645
boundary,12,0.25,11,0.7228064103929294,0.7950549268039254
boundary,12,0.25,12,0.6405693502309368,0.7024281422244433
boundary,12,0.5,1,0.6796171533834006,0.7432896517790495
boundary,12,0.5,2,0.7234985703858954,0.7660136650605213
boundary,12,0.5,3,0.7309997057328589,0.7636810958829316
boundary,12,0.5,4,0.537080816040627,0.6293595865738254
boundary,12,0.5,5,0.6369220679855722,0.701518467554546
boundary,12,0.5,6,0.8700096541541257,0.8804583995555609
boundary,12,0.5,7,0.7784652448873436,0.8025518433991794
boundary,12,0.5,8,0.8076029509666726,0.8344918117163548
boundary,12,0.5,9,0.7637540453074434,0.793832938903667
boundary,12,0.5,10,0.8076029509666726,0.8344918117163548
boundary,12,0.5,11,0.7642342959833318,0.8118694879536152
boundary,12,0.5,12,0.7346162063992309,0.7709787322335018
boundary,12,1.0,1,0.7216807040787356,0.7712071466985811
boundary,12,1.0,2,0.7394611993093159,0.7741915800157533
boundary,12,1.0,3,0.7309997057328589,0.7636810958829316
boundary,12,1.0,4,0.7283297419970527,0.7824520662501079
boundary,12,1.0,5,0.6427828214495857,0.7247368629046198
boundary,12,1.0,6,0.8700096541541257,0.8804583995555609
boundary,12,1.0,7,0.7888454085055804,0.8118763952511651
boundary,12,1.0,8,0.8076029509666726,0.8344918117163548
boundary,12,1.0,9,0.7637540453074434,0.793832938903667
boundary,12,1.0,10,0.8076029509666726,0.8344918117163548
boundary,12,1.0,11,0.7847925372676836,0.8222281849125036
boundary,12,1.0,12,0.7346162063992309,0.7709787322335018
boundary,12,2.0,1,0.8076029509666726,0.8344918117163548
boundary,12,2.0,2,0.8076029509666726,0.8344918117163548
boundary,12,2.0,3,0.8196609043229444,0.8413784234688867
boundary,12,2.0,4,0.8196609043229444,0.8413784234688867
boundary,12,2.0,5,0.794647403149913,0.8243732904663402
boundary,12,2.0,6,0.7264907852620596,0.7957354410314199
boundary,12,2.0,7,0.7264907852620596,0.7957354410314199
boundary,12,2.0,8,0.8076029509666726,0.8344918117163548
boundary,12,2.0,9,0.8076029509666726,0.8344918117163548
boundary,12,2.0,10,0.8076029509666726,0.8344918117163548
boundary,12,2.0,11,0.8076029509666726,0.8344918117163548
boundary,12,2.0,12,0.8076029509666726,0.8344918117163548
boundary,12,4.0,1,0.8297380585516179,0.868035651123586
boundary,12,4.0,2,0.8297380585516179,0.868035651123586
boundary,12,4.0,3,0.8297380585516179,0.868035651123586
boundary,12,4.0,4,0.8297380585516179,0.868035651123586
boundary,12,4.0,5,0.8206539545246052,0.8635321755639036
boundary,12,4.0,6,0.8206539545246052,0.8635321755639036
boundary,12,4.0,7,0.8297380585516179,0.868035651123586
boundary,12,4.0,8,0.8297380585516179,0.868035651123586
boundary,12,4.0,9,0.8297380585516179,0.868035651123586
boundary,12,4.0,10,0.8297380585516179,0.868035651123586
boundary,12,4.0,11,0.8297380585516179,0.868035651123586
boundary,12,4.0,12,0.8297380585516179,0.868035651123586
boundary,13,0.0,1,0.6976940844302651,0.7840493188931625
boundary,13,0.0,2,0.8016693216958274,0.8199126857265061
boundary,13,0.0,3,0.680290575148986,0.7704793944094611
boundary,13,0.0,4,0.8192931485192453,0.861581820110665
boundary,13,0.0,5,0.764387162303593,0.7996910546445364
boundary,13,0.0,6,0.7529787852368498,0.7987582103760853
boundary,13,0.0,7,0.8237410071942446,0.8480799433336071
boundary,13,0.0,8,0.8253912525048441,0.8259834721334993
boundary,13,0.0,9,0.7681459975114061,0.8065968707507284
boundary,13,0.0,10,0.6679151353940884,0.7330678696847361
boundary,13,0.0,11,0.6117499876541178,0.7084804852836443
boundary,13,0.0,12,0.8305036229259999,0.8714772126400673
boundary,13,0.25,1,0.6246899446670483,0.7713167560846365
boundary,13,0.25,2,0.6116240987968796,0.7565941237811044
boundary,13,0.25,3,0.5409362244296062,0.6633196334391319
boundary,13,0.25,4,0.7469275193683789,0.8069802808933473
boundary,13,0.25,5,0.7195056744297886,0.7689056831172844
boundary,13,0.25,6,0.6145262674925441,0.7333103697302853
boundary,13,0.25,7,0.6246899446670483,0.7713167560846365
boundary,13,0.25,8,0.5641925343701799,0.693683848793482
boundary,13,0.25,9,0.5565234647452453,0.6759304147563978
boundary,13,0.25,10,0.5609775967413442,0.6801528606951319
boundary,13,0.25,11,0.5565234647452453,0.6759304147563978
boundary,13,0.25,12,0.6246899446670483,0.7713167560846366
boundary,13,0.5,1,0.6246899446670483,0.7713167560846365
boundary,13,0.5,2,0.6152226953068938,0.7644744624070828
boundary,13,0.5,3,0.5409362244296062,0.6633196334391319
boundary,13,0.5,4,0.7358246230690962,0.7972998327663098
boundary,13,0.5,5,0.5565234647452453,0.6759304147563978
boundary,13,0.5,6,0.6145262674925441,0.7333103697302852
boundary,13,0.5,7,0.6246899446670483,0.7713167560846366
boundary,13,0.5,8,0.5641925343701799,0.693683848793482
boundary,13,0.5,9,0.5565234647452453,0.6759304147563978
boundary,13,0.5,10,0.5609775967413442,0.6801528606951318
boundary,13,0.5,11,0.5565234647452453,0.6759304147563978
boundary,13,0.5,12,0.5565234647452453,0.6759304147563978
boundary,13,1.0,1,0.6246899446670483,0.7713167560846365
boundary,13,1.0,2,0.6246899446670483,0.7713167560846365
boundary,13,1.0,3,0.7032254717144291,0.7849725682535333
boundary,13,1.0,4,0.8305036229259999,0.8714772126400673
boundary,13,1.0,5,0.7616377548040418,0.7934869215757103
boundary,13,1.0,6,0.7087646743184703,0.7703501913832119
boundary,13,1.0,7,0.6246899446670483,0.7713167560846365
boundary,13,1.0,8,0.5792395061728395,0.6997585649269129
boundary,13,1.0,9,0.8778364397514865,0.8812550638666925
boundary,13,1.0,10,0.8237410071942446,0.8480799433336073
boundary,13,1.0,11,0.7852636292988765,0.8273681037392974
boundary,13,1.0,12,0.9115852040545561,0.9170131365085599
boundary,13,2.0,1,0.7349959652142593,0.8007876658879239
boundary,13,2.0,2,0.7349959652142593,0.8007876658879239
boundary,13,2.0,3,0.7186293753743149,0.7924455696911868
boundary,13,2.0,4,0.7896646547102264,0.8334042222158321
boundary,13,2.0,5,0.764387162303593,0.7996910546445364
boundary,13,2.0,6,0.764387162303593,0.7996910546445364
boundary,13,2.0,7,0.7896646547102264,0.8334042222158321
boundary,13,2.0,8,0.8096631441491549,0.8487041581963449
boundary,13,2.0,9,0.8096631441491549,0.8487041581963449
boundary,13,2.0,10,0.7896646547102264,0.8334042222158321
boundary,13,2.0,11,0.8096631441491549,0.8487041581963449
boundary,13,2.0,12,0.8096631441491549,0.8487041581963449
boundary,13,4.0,1,0.7896646547102264,0.8334042222158321
boundary,13,4.0,2,0.7896646547102264,0.8334042222158321
boundary,13,4.0,3,0.7896646547102264,0.8334042222158321
boundary,13,4.0,4,0.8096631441491549,0.848704158196345
boundary,13,4.0,5,0.7896646547102264,0.8334042222158321
boundary,13,4.0,6,0.7705366941193169,0.8208940599636713
boundary,13,4.0,7,0.7444658606389813,0.8038696562749225
boundary,13,4.0,8,0.7275223909289704,0.7952341948029262
boundary,13,4.0,9,0.7186293753743149,0.7924455696911868
boundary,13,4.0,10,0.7032254717144291,0.7849725682535333
boundary,13,4.0,11,0.7186293753743149,0.7924455696911868
boundary,13,4.0,12,0.7186293753743149,0.7924455696911868
boundary,14,0.0,1,0.7641530944054105,0.8080154596285354
boundary,14,0.0,2,0.6735320946756925,0.7325977770438874
boundary,14,0.0,3,0.7259982634311647,0.794565602948656
boundary,14,0.0,4,0.6383791086322538,0.7293646589253746
boundary,14,0.0,5,0.6648196887842268,0.761674645446332
boundary,14,0.0,6,0.6871716102053314,0.7358734910412852
boundary,14,0.0,7,0.6970186437429846,0.7580180377777057
boundary,14,0.0,8,0.6779459211638275,0.7347009689513644
boundary,14,0.0,9,0.752769239691469,0.8053291112563534
boundary,14,0.0,10,0.6836902064213085,0.7472430394772585
boundary,14,0.0,11,0.5699666682252666,0.6801585340664252
boundary,14,0.0,12,0.7197625825207438,0.7794531984526
boundary,14,0.25,1,0.7361352959599123,0.7833517381248315
boundary,14,0.25,2,0.6520478579698958,0.732781411108334
boundary,14,0.25,3,0.8011358232680733,0.8367784703012741
boundary,14,0.25,4,0.6383791086322538,0.7293646589253746
boundary,14,0.25,5,0.7301659180432126,0.7910590918300209
boundary,14,0.25,6,0.7375777920504197,0.7787946282250394
boundary,14,0.25,7,0.6248442044038222,0.7233136293058733
boundary,14,0.25,8,0.6779459211638275,0.7347009689513643
boundary,14,0.25,9,0.6950008709284097,0.7780551645458513
boundary,14,0.25,10,0.6044918924362978,0.6946673344714661
boundary,14,0.25,11,0.5922627143769734,0.6890272508368686
boundary,14,0.25,12,0.6454997560968126,0.7350722719621711
boundary,14,0.5,1,0.7281953087601724,0.7754623951480425
boundary,14,0.5,2,0.663147986514008,0.7375656677166667
boundary,14,0.5,3,0.8011358232680733,0.8367784703012742
boundary,14,0.5,4,0.6383791086322538,0.7293646589253747
boundary,14,0.5,5,0.7301659180432126,0.7910590918300209
boundary,14,0.5,6,0.7375777920504197,0.7787946282250394
boundary,14,0.5,7,0.6248442044038222,0.7233136293058733
boundary,14,0.5,8,0.6779459211638275,0.7347009689513643
boundary,14,0.5,9,0.752769239691469,0.8053291112563534
boundary,14,0.5,10,0.8011358232680733,0.836778470301274
boundary,14,0.5,11,0.5922627143769734,0.6890272508368686
boundary,14,0.5,12,0.6454997560968126,0.7350722719621711
boundary,14,1.0,1,0.7281953087601724,0.7754623951480424
boundary,14,1.0,2,0.6931613892950454,0.7556122307541324
boundary,14,1.0,3,0.6880439226680685,0.7497223954989987
boundary,14,1.0,4,0.6383791086322538,0.7293646589253746
boundary,14,1.0,5,0.7238550681704367,0.776095704816474
boundary,14,1.0,6,0.7017990051239855,0.7617615950004669
boundary,14,1.0,7,0.7281953087601724,0.7754623951480424
boundary,14,1.0,8,0.6779459211638275,0.7347009689513643
boundary,14,1.0,9,0.752769239691469,0.8053291112563534
boundary,14,1.0,10,0.8011358232680733,0.8367784703012741
boundary,14,1.0,11,0.5922627143769734,0.6890272508368686
boundary,14,1.0,12,0.6454997560968126,0.7350722719621711
boundary,14,2.0,1,0.6828316973282195,0.7507043302562989
boundary,14,2.0,2,0.6828316973282195,0.7507043302562989
boundary,14,2.0,3,0.6970186437429846,0.7580180377777057
boundary,14,2.0,4,0.6970186437429846,0.7580180377777057
boundary,14,2.0,5,0.6970186437429846,0.7580180377777057
boundary,14,2.0,6,0.6926032496570035,0.742803830141122
boundary,14,2.0,7,0.6926032496570035,0.742803830141122
boundary,14,2.0,8,0.6970186437429846,0.7580180377777057
boundary,14,2.0,9,0.7451437159496525,0.7860621854753751
boundary,14,2.0,10,0.7816409694254463,0.8137864763131875
boundary,14,2.0,11,0.8011358232680733,0.8367784703012741
boundary,14,2.0,12,0.8011358232680733,0.8367784703012741
boundary,14,4.0,1,0.6847275246932869,0.7527483200852313
boundary,14,4.0,2,0.6847275246932869,0.7527483200852313
boundary,14,4.0,3,0.6847275246932869,0.7527483200852313
boundary,14,4.0,4,0.6847275246932869,0.7527483200852313
boundary,14,4.0,5,0.6847275246932869,0.7527483200852313
boundary,14,4.0,6,0.6844124585944761,0.7392629321956824
boundary,14,4.0,7,0.6926032496570035,0.742803830141122
boundary,14,4.0,8,0.6970186437429846,0.7580180377777056
boundary,14,4.0,9,0.6970186437429846,0.7580180377777056
boundary,14,4.0,10,0.6970186437429846,0.7580180377777056
boundary,14,4.0,11,0.6970186437429846,0.7580180377777056
boundary,14,4.0,12,0.6970186437429846,0.7580180377777056
boundary,15,0.0,1,0.6606661694010328,0.7404668015405256
boundary,15,0.0,2,0.6530181773062845,0.7135417748424192
boundary,15,0.0,3,0.6759114935716708,0.7243357680292778
boundary,15,0.0,4,0.7201328922481883,0.7830564188151626
boundary,15,0.0,5,0.7155753418370409,0.7803995477104849
boundary,15,0.0,6,0.6352980656295693,0.7072644347681196
boundary,15,0.0,7,0.7212166534940511,0.7947574444718567
boundary,15,0.0,8,0.6861480590580267,0.769255235417474
boundary,15,0.0,9,0.7347868624327598,0.8025851858962186
boundary,15,0.0,10,0.7347868624327598,0.8025851858962186
boundary,15,0.0,11,0.7347868624327598,0.8025851858962186
boundary,15,0.0,12,0.6799103627884441,0.7487012252347547
boundary,15,0.25,1,0.6519124013070622,0.7330924089897758
boundary,15,0.25,2,0.6501980826287537,0.7146381867706013
boundary,15,0.25,3,0.6143823649109709,0.7125849855618634
boundary,15,0.25,4,0.6519124013070622,0.7330924089897759
boundary,15,0.25,5,0.6740774125633889,0.737864664553727
boundary,15,0.25,6,0.5941423873977212,0.6827123477208453
boundary,15,0.25,7,0.667341233771802,0.7372317460000412
boundary,15,0.25,8,0.7622134084703812,0.8015122950752873
boundary,15,0.25,9,0.8135593220338984,0.8459014302265272
boundary,15,0.25,10,0.7841511389602129,0.8261107280853797
boundary,15,0.25,11,0.6519124013070622,0.7330924089897758
boundary,15,0.25,12,0.6698073509730532,0.7206244613059308
boundary,15,0.5,1,0.6519124013070622,0.7330924089897758
boundary,15,0.5,2,0.6530181773062845,0.7135417748424189
boundary,15,0.5,3,0.6519124013070622,0.7330924089897758
boundary,15,0.5,4,0.6519124013070622,0.7330924089897759
boundary,15,0.5,5,0.6360222312302554,0.7253623269238051
boundary,15,0.5,6,0.6352980656295693,0.7072644347681197
boundary,15,0.5,7,0.667341233771802,0.737231746000041
boundary,15,0.5,8,0.6861480590580267,0.769255235417474
boundary,15,0.5,9,0.7347868624327598,0.8025851858962187
boundary,15,0.5,10,0.7347868624327598,0.8025851858962187
boundary,15,0.5,11,0.7347868624327598,0.8025851858962186
boundary,15,0.5,12,0.7347938024308628,0.774719109677729
boundary,15,1.0,1,0.6519124013070622,0.7330924089897758
boundary,15,1.0,2,0.6393049872101156,0.7027623458934931
boundary,15,1.0,3,0.7148965725290183,0.773594346753074
boundary,15,1.0,4,0.7347868624327598,0.8025851858962186
boundary,15,1.0,5,0.7155753418370409,0.7803995477104849
boundary,15,1.0,6,0.6817088421492669,0.7388040702755342
boundary,15,1.0,7,0.7212166534940511,0.7947574444718567
boundary,15,1.0,8,0.6701408138374543,0.7600908351248649
boundary,15,1.0,9,0.7347868624327598,0.8025851858962187
boundary,15,1.0,10,0.7347868624327598,0.8025851858962187
boundary,15,1.0,11,0.7347868624327598,0.8025851858962187
boundary,15,1.0,12,0.7190607403857674,0.7693909024533907
boundary,15,2.0,1,0.7347868624327598,0.8025851858962186
boundary,15,2.0,2,0.7347868624327598,0.8025851858962186
boundary,15,2.0,3,0.7347868624327598,0.8025851858962186
boundary,15,2.0,4,0.7347868624327598,0.8025851858962186
boundary,15,2.0,5,0.6899735149451381,0.7790860299529621
boundary,15,2.0,6,0.7106545699932518,0.7876309435272497
boundary,15,2.0,7,0.7347868624327598,0.8025851858962186
boundary,15,2.0,8,0.7347868624327598,0.8025851858962186
boundary,15,2.0,9,0.7347868624327598,0.8025851858962186
boundary,15,2.0,10,0.7347868624327598,0.8025851858962186
boundary,15,2.0,11,0.7347868624327598,0.8025851858962186
boundary,15,2.0,12,0.7347868624327598,0.8025851858962186
boundary,15,4.0,1,0.7347868624327598,0.8025851858962186
boundary,15,4.0,2,0.7347868624327598,0.8025851858962186
boundary,15,4.0,3,0.7347868624327598,0.8025851858962186
boundary,15,4.0,4,0.7347868624327598,0.8025851858962186
boundary,15,4.0,5,0.7347868624327598,0.8025851858962186
boundary,15,4.0,6,0.7347868624327598,0.8025851858962186
boundary,15,4.0,7,0.7347868624327598,0.8025851858962186
boundary,15,4.0,8,0.7347868624327598,0.8025851858962186
boundary,15,4.0,9,0.7347868624327598,0.8025851858962186
boundary,15,4.0,10,0.7347868624327598,0.8025851858962186
boundary,15,4.0,11,0.7347868624327598,0.8025851858962186
boundary,15,4.0,12,0.7347868624327598,0.8025851858962186
boundary,16,0.0,1,0.729263474869007,0.7625783090327153
boundary,16,0.0,2,0.6897241723148235,0.7358963195914059
boundary,16,0.0,3,0.7413512730836916,0.775027587472049
boundary,16,0.0,4,0.7170749562252479,0.7685259627833186
boundary,16,0.0,5,0.7731986635380194,0.8158224246028813
boundary,16,0.0,6,0.7823769930025509,0.8012358919749986
boundary,16,0.0,7,0.641786562369046,0.7255659641094103
boundary,16,0.0,8,0.5874003131471958,0.6702746995961405
boundary,16,0.0,9,0.5573681542668256,0.638725877936651
boundary,16,0.0,10,0.6504110482312118,0.7130039102507674
boundary,16,0.0,11,0.8359490562936676,0.8453008860465542
boundary,16,0.0,12,0.7117678786193589,0.7414224011512438
boundary,16,0.25,1,0.311996484546653,0.5023338919150558
boundary,16,0.25,2,0.30661774864528807,0.4706249752798698
boundary,16,0.25,3,0.311996484546653,0.5023338919150558
boundary,16,0.25,4,0.197906209665854,0.39784009884943494
boundary,16,0.25,5,0.6343490835264599,0.7653929242014996
boundary,16,0.25,6,0.30616163985992717,0.4946941027682401
boundary,16,0.25,7,0.27688858441801084,0.5055196370543239
boundary,16,0.25,8,0.5505363347937755,0.6776354877570552
boundary,16,0.25,9,0.27827900256392396,0.5042205614664692
boundary,16,0.25,10,0.5621648076021126,0.6722879519946954
boundary,16,0.25,11,0.6013113811519367,0.7058657543212483
boundary,16,0.25,12,0.606461793060981,0.7029548614119704
boundary,16,0.5,1,0.5940077339262861,0.6966906035168435
boundary,16,0.5,2,0.5771257783034034,0.6627415002167406
boundary,16,0.5,3,0.5940077339262861,0.6966906035168435
boundary,16,0.5,4,0.7293341824809961,0.7718994439984632
boundary,16,0.5,5,0.7837880030957182,0.8255552138605671
boundary,16,0.5,6,0.7395179050092838,0.7704390859140481
boundary,16,0.5,7,0.5858295391005671,0.7178451716151661
boundary,16,0.5,8,0.4516370275055814,0.6300831243473087
boundary,16,0.5,9,0.27827900256392396,0.5042205614664692
boundary,16,0.5,10,0.5621648076021126,0.6722879519946954
boundary,16,0.5,11,0.5680406549971767,0.6951407682319153
boundary,16,0.5,12,0.5800181208922383,0.6973406894067384
boundary,16,1.0,1,0.5533022650411984,0.6793845368183588
boundary,16,1.0,2,0.5488267240495952,0.6599352279291687
boundary,16,1.0,3,0.5602807943493899,0.6865865377707602
boundary,16,1.0,4,0.5462068965517242,0.6965316634582381
boundary,16,1.0,5,0.6065072396709138,0.7586275232484746
boundary,16,1.0,6,0.7096466252999863,0.7614389538666726
boundary,16,1.0,7,0.6964074220292144,0.7530319371298487
boundary,16,1.0,8,0.6570765506302696,0.7123433073474025
boundary,16,1.0,9,0.5337348962318993,0.6337473757449593
boundary,16,1.0,10,0.558622738463258,0.6663259200690104
boundary,16,1.0,11,0.5958180935977504,0.7337405312050933
boundary,16,1.0,12,0.5800181208922383,0.6973406894067384
boundary,16,2.0,1,0.7487768517314176,0.7790628695127422
boundary,16,2.0,2,0.7487768517314176,0.7790628695127422
boundary,16,2.0,3,0.744287857875688,0.7707635286491907
boundary,16,2.0,4,0.7649437248949399,0.8158100101344355
boundary,16,2.0,5,0.7253512572377212,0.7907046447557967
boundary,16,2.0,6,0.7203926019248322,0.7696060664331482
boundary,16,2.0,7,0.6521788179310203,0.7347774122538582
boundary,16,2.0,8,0.6641997657331488,0.7376411693834457
boundary,16,2.0,9,0.6820838864435594,0.7490180340971768
boundary,16,2.0,10,0.7484698221888304,0.7868201386509609
boundary,16,2.0,11,0.7830847926420847,0.8123198002127551
boundary,16,2.0,12,0.7830847926420847,0.8123198002127551
boundary,16,4.0,1,0.7837880030957182,0.8255552138605668
boundary,16,4.0,2,0.7837880030957182,0.8255552138605668
boundary,16,4.0,3,0.7837880030957182,0.8255552138605668
boundary,16,4.0,4,0.7837880030957182,0.8255552138605668
boundary,16,4.0,5,0.7837880030957182,0.8255552138605668
boundary,16,4.0,6,0.7837880030957182,0.8255552138605668
boundary,16,4.0,7,0.7837880030957182,0.8255552138605668
boundary,16,4.0,8,0.7837880030957182,0.8255552138605668
boundary,16,4.0,9,0.7837880030957182,0.8255552138605668
boundary,16,4.0,10,0.7837880030957182,0.8255552138605668
boundary,16,4.0,11,0.7837880030957182,0.8255552138605668
boundary,16,4.0,12,0.7837880030957182,0.8255552138605668
boundary,17,0.0,1,0.6158511361285938,0.7327373291541438
boundary,17,0.0,2,0.815900988767068,0.8476931705615814
boundary,17,0.0,3,0.7029098512556208,0.762285310304135
boundary,17,0.0,4,0.8328015337392306,0.8459039004100554
boundary,17,0.0,5,0.6938514018911023,0.7549801590346816
boundary,17,0.0,6,0.6370707388149248,0.7127825799721548
boundary,17,0.0,7,0.7874139928263387,0.8334410715190167
boundary,17,0.0,8,0.7722726637798575,0.8330065420915896
boundary,17,0.0,9,0.6654106900735032,0.7307682288148687
boundary,17,0.0,10,0.6156292464978621,0.7076460795920698
boundary,17,0.0,11,0.7996586245636962,0.8365144369572955
boundary,17,0.0,12,0.7123171763568235,0.7643180012233205
boundary,17,0.25,1,0.6168360689978815,0.728590453942611
boundary,17,0.25,2,0.8713186184084982,0.8827720803147812
boundary,17,0.25,3,0.8087441394548227,0.8294540086203278
boundary,17,0.25,4,0.7914057438998057,0.8253730374041535
boundary,17,0.25,5,0.5369438453550603,0.6819234373126261
boundary,17,0.25,6,0.760959283890525,0.8159386304226133
boundary,17,0.25,7,0.7261622167710496,0.7991500518828035
boundary,17,0.25,8,0.841989785509069,0.855318035647494
boundary,17,0.25,9,0.6292288509552038,0.727793947252034
boundary,17,0.25,10,0.5038705457441061,0.6585406181402589
boundary,17,0.25,11,0.7621935911469055,0.7973310172809501
boundary,17,0.25,12,0.5618255958024791,0.6901437551856074
boundary,17,0.5,1,0.8684906988372352,0.8610315256574121
boundary,17,0.5,2,0.8713186184084982,0.8827720803147812
boundary,17,0.5,3,0.8087441394548227,0.8294540086203278
boundary,17,0.5,4,0.7914057438998057,0.8253730374041534
boundary,17,0.5,5,0.7062512509173394,0.7642164587618565
boundary,17,0.5,6,0.760959283890525,0.8159386304226136
boundary,17,0.5,7,0.7261622167710496,0.7991500518828036
boundary,17,0.5,8,0.841989785509069,0.855318035647494
boundary,17,0.5,9,0.6292288509552038,0.727793947252034
boundary,17,0.5,10,0.494551404797549,0.6492761514031535
boundary,17,0.5,11,0.7621935911469055,0.7973310172809499
boundary,17,0.5,12,0.7123171763568235,0.7643180012233205
boundary,17,1.0,1,0.8186832138396161,0.8291392663520374
boundary,17,1.0,2,0.7919895727031151,0.8180755259505518
boundary,17,1.0,3,0.751965480674297,0.7978555623484913
boundary,17,1.0,4,0.8445538585209004,0.8561948163829921
boundary,17,1.0,5,0.7685669622384458,0.7990107399786245
boundary,17,1.0,6,0.760959283890525,0.8159386304226132
boundary,17,1.0,7,0.7144521332204908,0.7895362196229115
boundary,17,1.0,8,0.841989785509069,0.855318035647494
boundary,17,1.0,9,0.7362692997602722,0.7732606978660158
boundary,17,1.0,10,0.6460444852098143,0.7160014391726394
boundary,17,1.0,11,0.7621935911469055,0.79733101728095
boundary,17,1.0,12,0.7123171763568235,0.7643180012233205
boundary,17,2.0,1,0.7798290916835268,0.8256659464403918
boundary,17,2.0,2,0.7798290916835268,0.8256659464403918
boundary,17,2.0,3,0.760959283890525,0.8159386304226135
boundary,17,2.0,4,0.7425014148273911,0.7926056673686782
boundary,17,2.0,5,0.7425014148273911,0.7926056673686782
boundary,17,2.0,6,0.760959283890525,0.8159386304226135
boundary,17,2.0,7,0.760959283890525,0.8159386304226135
boundary,17,2.0,8,0.760959283890525,0.8159386304226135
boundary,17,2.0,9,0.760959283890525,0.8159386304226135
boundary,17,2.0,10,0.760959283890525,0.8159386304226135
boundary,17,2.0,11,0.760959283890525,0.8159386304226135
boundary,17,2.0,12,0.760959283890525,0.8159386304226135
boundary,17,4.0,1,0.7284452822700664,0.8016119555461635
boundary,17,4.0,2,0.7284452822700664,0.8016119555461635
boundary,17,4.0,3,0.7285626244093875,0.8004428175544189
boundary,17,4.0,4,0.7358770640126668,0.8033865278192701
boundary,17,4.0,5,0.7358770640126668,0.8033865278192701
boundary,17,4.0,6,0.7358770640126668,0.8033865278192701
boundary,17,4.0,7,0.7358770640126668,0.8033865278192701
boundary,17,4.0,8,0.7358770640126668,0.8033865278192701
boundary,17,4.0,9,0.7358770640126668,0.8033865278192701
boundary,17,4.0,10,0.7358770640126668,0.8033865278192701
boundary,17,4.0,11,0.7358770640126668,0.8033865278192701
boundary,17,4.0,12,0.7358770640126668,0.8033865278192701
boundary,18,0.0,1,0.6850902210278067,0.7352706418044483
boundary,18,0.0,2,0.671697699364952,0.7281970350814964
boundary,18,0.0,3,0.7196633006103907,0.7823887033928885
boundary,18,0.0,4,0.6572529058829164,0.7209861359393849
boundary,18,0.0,5,0.6331280322058975,0.7198831490933942
boundary,18,0.0,6,0.6584028165062594,0.7213510871393505
boundary,18,0.0,7,0.6750961765743668,0.7423270956727281
boundary,18,0.0,8,0.7219389922678222,0.7928601150063399
boundary,18,0.0,9,0.632966540783192,0.7240713186946657
boundary,18,0.0,10,0.7170442589605106,0.7821480110126183
boundary,18,0.0,11,0.6892992975843756,0.7509475629092707
boundary,18,0.0,12,0.6892992975843756,0.7509475629092707
boundary,18,0.25,1,0.6724303613830387,0.7442912859103418
boundary,18,0.25,2,0.654382602308046,0.7348713991222968
boundary,18,0.25,3,0.6789663601443371,0.746038925110174
boundary,18,0.25,4,0.6572529058829164,0.7209861359393849
boundary,18,0.25,5,0.6331280322058975,0.7198831490933942
boundary,18,0.25,6,0.6584028165062594,0.7213510871393505
boundary,18,0.25,7,0.5982752480130041,0.7033221000342241
boundary,18,0.25,8,0.6260310678652573,0.7168048161237466
boundary,18,0.25,9,0.654382602308046,0.7348713991222968
boundary,18,0.25,10,0.6789663601443371,0.746038925110174
boundary,18,0.25,11,0.6892992975843756,0.7509475629092707
boundary,18,0.25,12,0.6892992975843756,0.7509475629092707
boundary,18,0.5,1,0.6724303613830387,0.7442912859103415
boundary,18,0.5,2,0.654382602308046,0.7348713991222968
boundary,18,0.5,3,0.6789663601443371,0.746038925110174
boundary,18,0.5,4,0.6572529058829164,0.7209861359393845
boundary,18,0.5,5,0.6331280322058975,0.7198831490933942
boundary,18,0.5,6,0.6584028165062594,0.7213510871393505
boundary,18,0.5,7,0.6750961765743668,0.7423270956727281
boundary,18,0.5,8,0.6769423697048205,0.7421079021186433
boundary,18,0.5,9,0.632966540783192,0.7240713186946657
boundary,18,0.5,10,0.6789663601443371,0.746038925110174
boundary,18,0.5,11,0.6892992975843756,0.7509475629092707
boundary,18,0.5,12,0.6892992975843756,0.7509475629092707
boundary,18,1.0,1,0.6850902210278067,0.7352706418044483
boundary,18,1.0,2,0.671697699364952,0.7281970350814962
boundary,18,1.0,3,0.6789663601443371,0.746038925110174
boundary,18,1.0,4,0.6814107787219182,0.7329060428456883
boundary,18,1.0,5,0.657665795764078,0.7322410853637044
boundary,18,1.0,6,0.6584028165062594,0.7213510871393505
boundary,18,1.0,7,0.7261013505228678,0.7748360113398964
boundary,18,1.0,8,0.6892992975843756,0.7509475629092707
boundary,18,1.0,9,0.6763867768142151,0.7445268884655278
boundary,18,1.0,10,0.6789663601443371,0.746038925110174
boundary,18,1.0,11,0.6892992975843756,0.7509475629092707
boundary,18,1.0,12,0.6892992975843756,0.7509475629092707
boundary,18,2.0,1,0.6892992975843756,0.7509475629092707
boundary,18,2.0,2,0.6892992975843756,0.7509475629092707
boundary,18,2.0,3,0.6892992975843756,0.7509475629092707
boundary,18,2.0,4,0.6892992975843756,0.7509475629092707
boundary,18,2.0,5,0.6892992975843756,0.7509475629092707
boundary,18,2.0,6,0.6892992975843756,0.7509475629092707
boundary,18,2.0,7,0.6892992975843756,0.7509475629092707
boundary,18,2.0,8,0.6892992975843756,0.7509475629092707
boundary,18,2.0,9,0.6892992975843756,0.7509475629092707
boundary,18,2.0,10,0.6892992975843756,0.7509475629092707
boundary,18,2.0,11,0.6892992975843756,0.7509475629092707
boundary,18,2.0,12,0.6892992975843756,0.7509475629092707
boundary,18,4.0,1,0.6892992975843756,0.7509475629092707
boundary,18,4.0,2,0.6892992975843756,0.7509475629092707
boundary,18,4.0,3,0.6892992975843756,0.7509475629092707
boundary,18,4.0,4,0.6892992975843756,0.7509475629092707
boundary,18,4.0,5,0.6892992975843756,0.7509475629092707
boundary,18,4.0,6,0.6892992975843756,0.7509475629092707
boundary,18,4.0,7,0.6892992975843756,0.7509475629092707
boundary,18,4.0,8,0.6892992975843756,0.7509475629092707
boundary,18,4.0,9,0.6892992975843756,0.7509475629092707
boundary,18,4.0,10,0.6892992975843756,0.7509475629092707
boundary,18,4.0,11,0.6892992975843756,0.7509475629092707
boundary,18,4.0,12,0.6892992975843756,0.7509475629092707
boundary,19,0.0,1,0.7667484241164818,0.8229678287170561
boundary,19,0.0,2,0.6848674331011053,0.7736220007093333
boundary,19,0.0,3,0.6580167644536176,0.7321148615242754
boundary,19,0.0,4,0.7171213683207391,0.7757780645425282
boundary,19,0.0,5,0.6512904468412943,0.7269143040558746
boundary,19,0.0,6,0.7322815705695083,0.8000892077910565
boundary,19,0.0,7,0.7121456281706953,0.7883119848085752
boundary,19,0.0,8,0.7008710700104993,0.7651862499372051
boundary,19,0.0,9,0.705125706489963,0.7836273433867165
boundary,19,0.0,10,0.6951733761059374,0.7536285316222562
boundary,19,0.0,11,0.7749418818059464,0.8363363256686164
boundary,19,0.0,12,0.7353024105821948,0.7949974735010382
boundary,19,0.25,1,0.8313363745013214,0.8577398465603622
boundary,19,0.25,2,0.6540479995972766,0.7244620984565717
boundary,19,0.25,3,0.6580167644536176,0.7321148615242754
boundary,19,0.25,4,0.6549734918373543,0.7347431671303465
boundary,19,0.25,5,0.6632885926706514,0.7355018569381241
boundary,19,0.25,6,0.6815605659315778,0.7445367795322964
boundary,19,0.25,7,0.5296668708929494,0.6619914435246943
boundary,19,0.25,8,0.5120664168072748,0.6525209227842093
boundary,19,0.25,9,0.7193804534274337,0.7750941518045605
boundary,19,0.25,10,0.6900766280905866,0.7380513429757191
boundary,19,0.25,11,0.757895599218974,0.8068961076849174
boundary,19,0.25,12,0.6893308095771805,0.7458239754035497
boundary,19,0.5,1,0.7638497789816592,0.8249460440577965
boundary,19,0.5,2,0.688017272400144,0.7763805674061238
boundary,19,0.5,3,0.6364637345905908,0.7267806885995236
boundary,19,0.5,4,0.6549734918373543,0.7347431671303466
boundary,19,0.5,5,0.6632885926706514,0.7355018569381241
boundary,19,0.5,6,0.6815605659315778,0.7445367795322964
boundary,19,0.5,7,0.7165934050979165,0.7664196596617261
boundary,19,0.5,8,0.7008710700104993,0.765186249937205
boundary,19,0.5,9,0.6761129727142173,0.7421921783853626
boundary,19,0.5,10,0.6900766280905866,0.7380513429757191
boundary,19,0.5,11,0.7409860887669159,0.799084638939483
boundary,19,0.5,12,0.6893308095771805,0.74582397540355
boundary,19,1.0,1,0.7367498934810396,0.7828103305049734
boundary,19,1.0,2,0.6761129727142173,0.7421921783853626
boundary,19,1.0,3,0.6580167644536176,0.7321148615242754
boundary,19,1.0,4,0.6451189191724914,0.7263803028700616
boundary,19,1.0,5,0.653109155464681,0.7252158575680084
boundary,19,1.0,6,0.757895599218974,0.8068961076849174
boundary,19,1.0,7,0.7165934050979165,0.7664196596617261
boundary,19,1.0,8,0.7008710700104993,0.765186249937205
boundary,19,1.0,9,0.7151747247486836,0.7669088552359382
boundary,19,1.0,10,0.6900766280905866,0.7380513429757191
boundary,19,1.0,11,0.757895599218974,0.8068961076849174
boundary,19,1.0,12,0.7036838419893088,0.7527669847459958
boundary,19,2.0,1,0.6761129727142173,0.7421921783853626
boundary,19,2.0,2,0.6761129727142173,0.7421921783853626
boundary,19,2.0,3,0.6761129727142173,0.7421921783853626
boundary,19,2.0,4,0.6906612095904427,0.751805874235364
boundary,19,2.0,5,0.6649310222851079,0.7407092129882286
boundary,19,2.0,6,0.6317965739360355,0.7188984615691855
boundary,19,2.0,7,0.6761129727142173,0.7421921783853626
boundary,19,2.0,8,0.6761129727142173,0.7421921783853626
boundary,19,2.0,9,0.6761129727142173,0.7421921783853626
boundary,19,2.0,10,0.6761129727142173,0.7421921783853626
boundary,19,2.0,11,0.6761129727142173,0.7421921783853626
boundary,19,2.0,12,0.6761129727142173,0.7421921783853626
boundary,19,4.0,1,0.7883150814386569,0.8462312702683646
boundary,19,4.0,2,0.7883150814386569,0.8462312702683646
boundary,19,4.0,3,0.7883150814386569,0.8462312702683646
boundary,19,4.0,4,0.7883150814386569,0.8462312702683646
boundary,19,4.0,5,0.7883150814386569,0.8462312702683646
boundary,19,4.0,6,0.7883150814386569,0.8462312702683646
boundary,19,4.0,7,0.7883150814386569,0.8462312702683646
boundary,19,4.0,8,0.7883150814386569,0.8462312702683646
boundary,19,4.0,9,0.7883150814386569,0.8462312702683646
boundary,19,4.0,10,0.7883150814386569,0.8462312702683646
boundary,19,4.0,11,0.7883150814386569,0.8462312702683646
boundary,19,4.0,12,0.7883150814386569,0.8462312702683646
gradual,0,0.0,1,0.9001510320523578,0.9303418151731833
gradual,0,0.0,2,1.0,1.0
gradual,0,0.0,3,0.9368479690420234,0.9533015155088699
gradual,0,0.0,4,0.9110090272955504,0.9413541300285139
gradual,0,0.0,5,1.0,1.0
gradual,0,0.0,6,0.9110090272955504,0.9413541300285139
gradual,0,0.0,7,0.6091369215429819,0.7299585509734182
gradual,0,0.0,8,1.0,1.0
gradual,0,0.0,9,0.9035427113954695,0.9304272547930388
gradual,0,0.0,10,0.925195548096161,0.9349149533545996
gradual,0,0.0,11,1.0,1.0000000000000002
gradual,0,0.0,12,1.0,1.0000000000000002
gradual,0,0.25,1,1.0,1.0
gradual,0,0.25,2,1.0,1.0
gradual,0,0.25,3,1.0,1.0
gradual,0,0.25,4,1.0,1.0
gradual,0,0.25,5,1.0,1.0
gradual,0,0.25,6,1.0,1.0
gradual,0,0.25,7,0.7578058298675363,0.7893898096640919
gradual,0,0.25,8,1.0,1.0
gradual,0,0.25,9,1.0,1.0
gradual,0,0.25,10,0.9787494466001718,0.9782615336907172
gradual,0,0.25,11,1.0,1.0
gradual,0,0.25,12,1.0,1.0
gradual,0,0.5,1,1.0,1.0
gradual,0,0.5,2,1.0,1.0
gradual,0,0.5,3,1.0,1.0
gradual,0,0.5,4,1.0,1.0
gradual,0,0.5,5,1.0,1.0
gradual,0,0.5,6,1.0,1.0
gradual,0,0.5,7,0.7578058298675363,0.7893898096640919
gradual,0,0.5,8,1.0,1.0
gradual,0,0.5,9,1.0,1.0000000000000002
gradual,0,0.5,10,1.0,1.0000000000000002
gradual,0,0.5,11,1.0,1.0000000000000002
gradual,0,0.5,12,1.0,1.0000000000000002
gradual,0,1.0,1,1.0,1.0
gradual,0,1.0,2,1.0,1.0
gradual,0,1.0,3,1.0,1.0
gradual,0,1.0,4,0.9687308399754752,0.9715225138701328
gradual,0,1.0,5,1.0,1.0
gradual,0,1.0,6,1.0,1.0
gradual,0,1.0,7,0.7578058298675363,0.7893898096640919
gradual,0,1.0,8,1.0,1.0000000000000002
gradual,0,1.0,9,1.0,1.0000000000000002
gradual,0,1.0,10,1.0,1.0000000000000002
gradual,0,1.0,11,1.0,1.0000000000000002
gradual,0,1.0,12,1.0,1.0000000000000002
gradual,0,2.0,1,1.0,1.0
gradual,0,2.0,2,1.0,1.0
gradual,0,2.0,3,1.0,1.0
gradual,0,2.0,4,1.0,1.0
gradual,0,2.0,5,0.8930767237520907,0.9123325557363599
gradual,0,2.0,6,0.7361958433337915,0.800392277518869
gradual,0,2.0,7,0.7291783461037398,0.7833129222444745
gradual,0,2.0,8,0.9068401970637744,0.9243524770911123
gradual,0,2.0,9,1.0,1.0
gradual,0,2.0,10,1.0,1.0
gradual,0,2.0,11,1.0,1.0
gradual,0,2.0,12,1.0,1.0
gradual,0,4.0,1,1.0,1.0
gradual,0,4.0,2,1.0,1.0
gradual,0,4.0,3,1.0,1.0
gradual,0,4.0,4,1.0,1.0
gradual,0,4.0,5,0.9775873792141377,0.973541855485796
gradual,0,4.0,6,0.800678013700691,0.829477899133845
gradual,0,4.0,7,0.8760315558793195,0.882652122443495
gradual,0,4.0,8,0.9759436621794423,0.9729369369285363
gradual,0,4.0,9,1.0,1.0
gradual,0,4.0,10,1.0,1.0
gradual,0,4.0,11,1.0,1.0
gradual,0,4.0,12,1.0,1.0
gradual,1,0.0,1,1.0,1.0
gradual,1,0.0,2,0.988918893751746,0.9869937479859149
gradual,1,0.0,3,0.9663811590666855,0.9608784723278957
gradual,1,0.0,4,1.0,1.0
gradual,1,0.0,5,0.9667677640167038,0.962066424281016
gradual,1,0.0,6,0.9158418635845981,0.9290705087081098
gradual,1,0.0,7,0.6978380152886554,0.7678170166683362
gradual,1,0.0,8,0.9130434782608695,0.9427546296621561
gradual,1,0.0,9,0.9878134380740453,0.9866838666740393
gradual,1,0.0,10,1.0,1.0
gradual,1,0.0,11,1.0,1.0
gradual,1,0.0,12,1.0,1.0
gradual,1,0.25,1,1.0,1.0
gradual,1,0.25,2,1.0,1.0
gradual,1,0.25,3,0.9663811590666855,0.9608784723278957
gradual,1,0.25,4,1.0,1.0
gradual,1,0.25,5,0.9784882369651112,0.9783922478689324
gradual,1,0.25,6,0.9775873792141377,0.9735418554857956
gradual,1,0.25,7,0.6241479536132668,0.7068339720561619
gradual,1,0.25,8,1.0,1.0
gradual,1,0.25,9,0.9878134380740453,0.9866838666740392
gradual,1,0.25,10,1.0,1.0
gradual,1,0.25,11,1.0,1.0
gradual,1,0.25,12,1.0,1.0
gradual,1,0.5,1,1.0,1.0
gradual,1,0.5,2,1.0,1.0
gradual,1,0.5,3,0.9775873792141377,0.973541855485796
gradual,1,0.5,4,1.0,1.0
gradual,1,0.5,5,0.9784882369651112,0.9783922478689324
gradual,1,0.5,6,0.9775873792141377,0.9735418554857956
gradual,1,0.5,7,0.6241479536132668,0.7068339720561619
gradual,1,0.5,8,1.0,1.0
gradual,1,0.5,9,1.0,1.0
gradual,1,0.5,10,1.0,1.0
gradual,1,0.5,11,1.0,1.0
gradual,1,0.5,12,1.0,1.0
gradual,1,1.0,1,1.0,1.0
gradual,1,1.0,2,1.0,1.0
gradual,1,1.0,3,1.0,1.0
gradual,1,1.0,4,1.0,1.0
gradual,1,1.0,5,0.9671606902261254,0.9659384950895417
gradual,1,1.0,6,0.9158418635845981,0.9290705087081098
gradual,1,1.0,7,0.6241479536132668,0.7068339720561619
gradual,1,1.0,8,0.9793469620386064,0.9785521769365446
gradual,1,1.0,9,0.9878134380740453,0.9866838666740392
gradual,1,1.0,10,1.0,1.0
gradual,1,1.0,11,1.0,1.0
gradual,1,1.0,12,1.0,1.0
gradual,1,2.0,1,1.0,1.0
gradual,1,2.0,2,1.0,1.0
gradual,1,2.0,3,1.0,1.0
gradual,1,2.0,4,0.988918893751746,0.9869937479859149
gradual,1,2.0,5,0.9596683786531793,0.965803930735752
gradual,1,2.0,6,0.8838046066183355,0.9079010324901833
gradual,1,2.0,7,0.6602252071844481,0.7158152570806062
gradual,1,2.0,8,0.8348200482344939,0.8544042653902131
gradual,1,2.0,9,0.9700275764379681,0.9717718307733505
gradual,1,2.0,10,1.0,1.0
gradual,1,2.0,11,1.0,1.0
gradual,1,2.0,12,1.0,1.0
gradual,1,4.0,1,1.0,1.0
gradual,1,4.0,2,1.0,1.0
gradual,1,4.0,3,1.0,1.0
gradual,1,4.0,4,1.0,1.0
gradual,1,4.0,5,1.0,1.0
gradual,1,4.0,6,0.8524011006705418,0.8556037034523599
gradual,1,4.0,7,0.7946268035722246,0.7996642785832612
gradual,1,4.0,8,0.9160748965946659,0.9146373218610695
gradual,1,4.0,9,1.0,1.0
gradual,1,4.0,10,1.0,1.0
gradual,1,4.0,11,1.0,1.0
gradual,1,4.0,12,1.0,1.0
gradual,2,0.0,1,1.0,1.0
gradual,2,0.0,2,0.988918893751746,0.9869937479859149
gradual,2,0.0,3,1.0,1.0
gradual,2,0.0,4,0.988918893751746,0.9869937479859151
gradual,2,0.0,5,1.0,1.0
gradual,2,0.0,6,1.0,1.0
gradual,2,0.0,7,0.8446693575918228,0.8632300018079286
gradual,2,0.0,8,0.976961655231599,0.9733040209366299
gradual,2,0.0,9,1.0,1.0
gradual,2,0.0,10,0.9637949940899034,0.9612600524531019
gradual,2,0.0,11,1.0,1.0
gradual,2,0.0,12,1.0,1.0
gradual,2,0.25,1,1.0,1.0
gradual,2,0.25,2,1.0,1.0
gradual,2,0.25,3,1.0,1.0
gradual,2,0.25,4,0.988918893751746,0.9869937479859151
gradual,2,0.25,5,1.0,1.0
gradual,2,0.25,6,1.0,1.0
gradual,2,0.25,7,0.7203407052229084,0.7746294453432732
gradual,2,0.25,8,0.976961655231599,0.97330402093663
gradual,2,0.25,9,1.0,1.0
gradual,2,0.25,10,0.9641871780583606,0.9651347879511354
gradual,2,0.25,11,1.0,1.0
gradual,2,0.25,12,1.0,1.0
gradual,2,0.5,1,1.0,1.0
gradual,2,0.5,2,1.0,1.0
gradual,2,0.5,3,1.0,1.0
gradual,2,0.5,4,0.988918893751746,0.9869937479859151
gradual,2,0.5,5,1.0,1.0
gradual,2,0.5,6,1.0,1.0
gradual,2,0.5,7,0.7245568338457933,0.767892859931307
gradual,2,0.5,8,0.976961655231599,0.97330402093663
gradual,2,0.5,9,1.0,1.0
gradual,2,0.5,10,0.9889709806718913,0.986963432309496
gradual,2,0.5,11,1.0,1.0
gradual,2,0.5,12,1.0,1.0
gradual,2,1.0,1,1.0,1.0
gradual,2,1.0,2,1.0,1.0
gradual,2,1.0,3,1.0,1.0
gradual,2,1.0,4,1.0,1.0
gradual,2,1.0,5,1.0,1.0
gradual,2,1.0,6,0.988918893751746,0.9869937479859151
gradual,2,1.0,7,0.8152737934870491,0.846637495036309
gradual,2,1.0,8,1.0,1.0
gradual,2,1.0,9,1.0,1.0
gradual,2,1.0,10,1.0,1.0
gradual,2,1.0,11,1.0,1.0
gradual,2,1.0,12,1.0,1.0
gradual,2,2.0,1,1.0,1.0
gradual,2,2.0,2,1.0,1.0
gradual,2,2.0,3,1.0,1.0
gradual,2,2.0,4,1.0,1.0
gradual,2,2.0,5,1.0,1.0
gradual,2,2.0,6,0.8905391335990647,0.8968186514556477
gradual,2,2.0,7,0.5110215363007308,0.6768696538155458
gradual,2,2.0,8,0.9077425455697323,0.9261220758360943
gradual,2,2.0,9,0.9897355785357626,0.9871695231324341
gradual,2,2.0,10,1.0,1.0
gradual,2,2.0,11,1.0,1.0
gradual,2,2.0,12,1.0,1.0
gradual,2,4.0,1,1.0,1.0
gradual,2,4.0,2,1.0,1.0
gradual,2,4.0,3,1.0,1.0
gradual,2,4.0,4,1.0,1.0
gradual,2,4.0,5,0.9555546333568494,0.9471839267308286
gradual,2,4.0,6,0.7953059898321929,0.8128041436799645
gradual,2,4.0,7,0.7432605130023595,0.7777638878041515
gradual,2,4.0,8,0.832518821651873,0.8378243411734536
gradual,2,4.0,9,1.0,1.0
gradual,2,4.0,10,1.0,1.0
gradual,2,4.0,11,1.0,1.0
gradual,2,4.0,12,1.0,1.0
gradual,3,0.0,1,0.988918893751746,0.9869937479859149
gradual,3,0.0,2,1.0,1.0
gradual,3,0.0,3,0.7763888547414414,0.8533126942902155
gradual,3,0.0,4,0.9130973416706332,0.9088559088724306
gradual,3,0.0,5,0.9108477702785944,0.9209352755224361
gradual,3,0.0,6,0.7850108780784962,0.8402848543356846
gradual,3,0.0,7,0.6350860498049061,0.7135541502162153
gradual,3,0.0,8,0.871287388727932,0.8942415407734946
gradual,3,0.0,9,1.0,1.0
gradual,3,0.0,10,1.0,1.0
gradual,3,0.0,11,0.8985026235836675,0.920280310586214
gradual,3,0.0,12,0.9168795033303635,0.9446338019439948
gradual,3,0.25,1,1.0,1.0
gradual,3,0.25,2,1.0,1.0
gradual,3,0.25,3,0.9351424227646941,0.9404185439808235
gradual,3,0.25,4,0.9442232866333646,0.9348633953457535
gradual,3,0.25,5,0.966769698895533,0.9609768036015338
gradual,3,0.25,6,0.893871331865586,0.9036491491867203
gradual,3,0.25,7,0.6720005843885937,0.7478498160569615
gradual,3,0.25,8,0.9544416033663018,0.9468673052530842
gradual,3,0.25,9,1.0,1.0
gradual,3,0.25,10,1.0,1.0
gradual,3,0.25,11,0.977596099681242,0.9735365513766039
gradual,3,0.25,12,1.0,1.0
gradual,3,0.5,1,1.0,1.0
gradual,3,0.5,2,1.0,1.0
gradual,3,0.5,3,0.9351424227646941,0.9404185439808235
gradual,3,0.5,4,0.9247819308078041,0.9204962042677987
gradual,3,0.5,5,0.966769698895533,0.9609768036015339
gradual,3,0.5,6,0.893871331865586,0.9036491491867203
gradual,3,0.5,7,0.6720005843885937,0.7478498160569614
gradual,3,0.5,8,0.9544416033663018,0.9468673052530842
gradual,3,0.5,9,1.0,1.0
gradual,3,0.5,10,1.0,1.0
gradual,3,0.5,11,0.977596099681242,0.973536551376604
gradual,3,0.5,12,1.0,1.0
gradual,3,1.0,1,1.0,1.0
gradual,3,1.0,2,1.0,1.0
gradual,3,1.0,3,0.9559602353211419,0.9554111549419693
gradual,3,1.0,4,0.9442232866333646,0.9348633953457532
gradual,3,1.0,5,0.9559602353211419,0.9554111549419693
gradual,3,1.0,6,0.893871331865586,0.9036491491867203
gradual,3,1.0,7,0.6620909745848005,0.7384705514396351
gradual,3,1.0,8,0.9544416033663018,0.9468673052530842
gradual,3,1.0,9,1.0,1.0
gradual,3,1.0,10,1.0,1.0
gradual,3,1.0,11,0.977596099681242,0.9735365513766039
gradual,3,1.0,12,1.0,1.0
gradual,3,2.0,1,1.0,1.0
gradual,3,2.0,2,1.0,1.0
gradual,3,2.0,3,1.0,1.0
gradual,3,2.0,4,1.0,1.0
gradual,3,2.0,5,1.0,1.0
gradual,3,2.0,6,0.9188712815311195,0.9385549737950729
gradual,3,2.0,7,0.5734873830795845,0.6819002794528224
gradual,3,2.0,8,0.6565981874975217,0.7681086949960824
gradual,3,2.0,9,0.9777289989386156,0.9781885818122804
gradual,3,2.0,10,1.0,1.0
gradual,3,2.0,11,1.0,1.0
gradual,3,2.0,12,1.0,1.0
gradual,3,4.0,1,1.0,1.0
gradual,3,4.0,2,1.0,1.0
gradual,3,4.0,3,1.0,1.0
gradual,3,4.0,4,1.0,1.0
gradual,3,4.0,5,1.0,1.0
gradual,3,4.0,6,0.8912300592688372,0.8957654478753578
gradual,3,4.0,7,0.7373154649478686,0.7648305647964004
gradual,3,4.0,8,0.9127814712196912,0.9139171404697108
gradual,3,4.0,9,1.0,1.0
gradual,3,4.0,10,1.0,1.0
gradual,3,4.0,11,1.0,1.0
gradual,3,4.0,12,1.0,1.0
gradual,4,0.0,1,1.0,1.0
gradual,4,0.0,2,1.0,1.0
gradual,4,0.0,3,1.0,1.0
gradual,4,0.0,4,1.0,1.0
gradual,4,0.0,5,0.988918893751746,0.9869937479859149
gradual,4,0.0,6,0.988918893751746,0.9869937479859149
gradual,4,0.0,7,0.682671847534462,0.7486862112323421
gradual,4,0.0,8,1.0,1.0
gradual,4,0.0,9,1.0,1.0
gradual,4,0.0,10,1.0,1.0
gradual,4,0.0,11,1.0,1.0
gradual,4,0.0,12,1.0,1.0
gradual,4,0.25,1,1.0,1.0
gradual,4,0.25,2,1.0,1.0
gradual,4,0.25,3,1.0,1.0
gradual,4,0.25,4,1.0,1.0
gradual,4,0.25,5,1.0,1.0
gradual,4,0.25,6,0.988918893751746,0.9869937479859151
gradual,4,0.25,7,0.622546128570225,0.7186484184498797
gradual,4,0.25,8,1.0,1.0
gradual,4,0.25,9,1.0,1.0000000000000002
gradual,4,0.25,10,1.0,1.0000000000000002
gradual,4,0.25,11,1.0,1.0
gradual,4,0.25,12,1.0,1.0
gradual,4,0.5,1,1.0,1.0
gradual,4,0.5,2,1.0,1.0
gradual,4,0.5,3,1.0,1.0
gradual,4,0.5,4,1.0,1.0
gradual,4,0.5,5,1.0,1.0
gradual,4,0.5,6,0.988918893751746,0.9869937479859151
gradual,4,0.5,7,0.622546128570225,0.7186484184498797
gradual,4,0.5,8,1.0,1.0
gradual,4,0.5,9,1.0,1.0000000000000002
gradual,4,0.5,10,1.0,1.0000000000000002
gradual,4,0.5,11,1.0,1.0
gradual,4,0.5,12,1.0,1.0
gradual,4,1.0,1,1.0,1.0
gradual,4,1.0,2,1.0,1.0
gradual,4,1.0,3,1.0,1.0
gradual,4,1.0,4,0.988918893751746,0.9869937479859151
gradual,4,1.0,5,1.0,1.0
gradual,4,1.0,6,1.0,1.0
gradual,4,1.0,7,0.6338562188684856,0.7100656083659729
gradual,4,1.0,8,1.0,1.0
gradual,4,1.0,9,1.0,1.0
gradual,4,1.0,10,1.0,1.0
gradual,4,1.0,11,1.0,1.0
gradual,4,1.0,12,1.0,1.0
gradual,4,2.0,1,1.0,1.0
gradual,4,2.0,2,1.0,1.0
gradual,4,2.0,3,1.0,1.0
gradual,4,2.0,4,0.988918893751746,0.9869937479859151
gradual,4,2.0,5,0.8183812460671462,0.8606755249027397
gradual,4,2.0,6,0.6826941464699494,0.7724388149110314
gradual,4,2.0,7,0.8145221271848271,0.8617732706418482
gradual,4,2.0,8,0.8534630245477788,0.9130719332630614
gradual,4,2.0,9,0.9741060419235512,0.9771888802180125
gradual,4,2.0,10,1.0,1.0
gradual,4,2.0,11,1.0,1.0
gradual,4,2.0,12,1.0,1.0
gradual,4,4.0,1,1.0,1.0
gradual,4,4.0,2,1.0,1.0
gradual,4,4.0,3,1.0,1.0
gradual,4,4.0,4,1.0,1.0
gradual,4,4.0,5,1.0,1.0
gradual,4,4.0,6,0.9151558362191893,0.9274619083146766
gradual,4,4.0,7,0.7750444097539969,0.7986812334305183
gradual,4,4.0,8,0.8915967377209059,0.8841395552125999
gradual,4,4.0,9,1.0,1.0
gradual,4,4.0,10,1.0,1.0
gradual,4,4.0,11,1.0,1.0
gradual,4,4.0,12,1.0,1.0
gradual,5,0.0,1,0.9775873792141377,0.9735418554857959
gradual,5,0.0,2,0.9105639375308323,0.9260936594727309
gradual,5,0.0,3,0.9663811590666855,0.9608784723278957
gradual,5,0.0,4,0.9663811590666855,0.9608784723278956
gradual,5,0.0,5,1.0,1.0
gradual,5,0.0,6,1.0,1.0
gradual,5,0.0,7,0.636686819497971,0.7333976631691126
gradual,5,0.0,8,1.0,1.0
gradual,5,0.0,9,1.0,1.0
gradual,5,0.0,10,1.0,1.0
gradual,5,0.0,11,0.9902011995032403,0.9872216051620676
gradual,5,0.0,12,0.9764730442354388,0.9776766338947889
gradual,5,0.25,1,0.9775873792141377,0.9735418554857959
gradual,5,0.25,2,0.9775873792141377,0.973541855485796
gradual,5,0.25,3,0.9663811590666855,0.9608784723278957
gradual,5,0.25,4,0.9663811590666855,0.9608784723278956
gradual,5,0.25,5,1.0,1.0
gradual,5,0.25,6,1.0,1.0
gradual,5,0.25,7,0.672051436844592,0.7089044082628179
gradual,5,0.25,8,0.7754525333818382,0.8777122456282592
gradual,5,0.25,9,1.0,1.0
gradual,5,0.25,10,1.0,1.0
gradual,5,0.25,11,1.0,1.0
gradual,5,0.25,12,1.0,1.0
gradual,5,0.5,1,0.9775873792141377,0.9735418554857959
gradual,5,0.5,2,0.9775873792141377,0.973541855485796
gradual,5,0.5,3,0.9775873792141377,0.973541855485796
gradual,5,0.5,4,0.9775873792141377,0.9735418554857959
gradual,5,0.5,5,1.0,1.0
gradual,5,0.5,6,1.0,1.0
gradual,5,0.5,7,0.6053420945900273,0.6844933682346073
gradual,5,0.5,8,0.7754525333818382,0.8777122456282592
gradual,5,0.5,9,1.0,1.0
gradual,5,0.5,10,1.0,1.0
gradual,5,0.5,11,1.0,1.0
gradual,5,0.5,12,1.0,1.0
gradual,5,1.0,1,1.0,1.0
gradual,5,1.0,2,0.9775873792141377,0.973541855485796
gradual,5,1.0,3,0.9663811590666855,0.9608784723278957
gradual,5,1.0,4,0.9663811590666855,0.9608784723278956
gradual,5,1.0,5,1.0,1.0
gradual,5,1.0,6,0.988918893751746,0.9869937479859151
gradual,5,1.0,7,0.7983328943144308,0.8017517726434485
gradual,5,1.0,8,1.0,1.0
gradual,5,1.0,9,1.0,1.0
gradual,5,1.0,10,1.0,1.0
gradual,5,1.0,11,1.0,1.0
gradual,5,1.0,12,1.0,1.0
gradual,5,2.0,1,1.0,1.0
gradual,5,2.0,2,1.0,1.0
gradual,5,2.0,3,1.0,1.0
gradual,5,2.0,4,0.9784882369651112,0.9783922478689324
gradual,5,2.0,5,0.9122544783613985,0.9418891053052244
gradual,5,2.0,6,0.9596683786531793,0.9658039307357522
gradual,5,2.0,7,0.5609819381011605,0.6459575387998495
gradual,5,2.0,8,0.6837942865144938,0.7720269007701988
gradual,5,2.0,9,0.9787741588336745,0.9744045385343144
gradual,5,2.0,10,1.0,1.0
gradual,5,2.0,11,1.0,1.0
gradual,5,2.0,12,1.0,1.0
gradual,5,4.0,1,1.0,1.0
gradual,5,4.0,2,1.0,1.0
gradual,5,4.0,3,1.0,1.0
gradual,5,4.0,4,1.0,1.0
gradual,5,4.0,5,0.9775873792141377,0.973541855485796
gradual,5,4.0,6,0.8925790657246296,0.8881076377634144
gradual,5,4.0,7,0.7262699587241267,0.7523356691956012
gradual,5,4.0,8,0.8311344384485012,0.8256040045315958
gradual,5,4.0,9,1.0,1.0
gradual,5,4.0,10,1.0,1.0
gradual,5,4.0,11,1.0,1.0
gradual,5,4.0,12,1.0,1.0
gradual,6,0.0,1,0.988918893751746,0.9869937479859151
gradual,6,0.0,2,1.0,1.0
gradual,6,0.0,3,0.9777111818692639,0.9743214773092947
gradual,6,0.0,4,1.0,1.0
gradual,6,0.0,5,1.0,1.0
gradual,6,0.0,6,0.966769698895533,0.9609768036015337
gradual,6,0.0,7,0.7344068176629397,0.7623486437066425
gradual,6,0.0,8,1.0,1.0
gradual,6,0.0,9,0.9772649380872893,0.9734064168518218
gradual,6,0.0,10,0.9900983265403785,0.9872900135698918
gradual,6,0.0,11,1.0,1.0
gradual,6,0.0,12,0.9885660979359084,0.9868776930069685
gradual,6,0.25,1,1.0,1.0
gradual,6,0.25,2,1.0,1.0
gradual,6,0.25,3,0.9777111818692639,0.9743214773092947
gradual,6,0.25,4,1.0,1.0
gradual,6,0.25,5,1.0,1.0
gradual,6,0.25,6,0.9775873792141377,0.9735418554857959
gradual,6,0.25,7,0.696017574782231,0.7420648046919439
gradual,6,0.25,8,1.0,1.0
gradual,6,0.25,9,0.9772649380872893,0.9734064168518218
gradual,6,0.25,10,0.9900983265403785,0.9872900135698917
gradual,6,0.25,11,1.0,1.0
gradual,6,0.25,12,0.9885660979359084,0.9868776930069685
gradual,6,0.5,1,1.0,1.0
gradual,6,0.5,2,1.0,1.0
gradual,6,0.5,3,0.988918893751746,0.9869937479859151
gradual,6,0.5,4,1.0,1.0
gradual,6,0.5,5,1.0,1.0
gradual,6,0.5,6,0.9775873792141377,0.9735418554857959
gradual,6,0.5,7,0.7472454033129013,0.7716357094630303
gradual,6,0.5,8,1.0,1.0
gradual,6,0.5,9,0.9772649380872893,0.9734064168518218
gradual,6,0.5,10,0.9900983265403785,0.9872900135698917
gradual,6,0.5,11,1.0,1.0
gradual,6,0.5,12,1.0,1.0
gradual,6,1.0,1,1.0,1.0
gradual,6,1.0,2,1.0,1.0
gradual,6,1.0,3,1.0,1.0
gradual,6,1.0,4,1.0,1.0
gradual,6,1.0,5,0.988918893751746,0.9869937479859151
gradual,6,1.0,6,0.9775873792141377,0.9735418554857959
gradual,6,1.0,7,0.696017574782231,0.7420648046919439
gradual,6,1.0,8,1.0,1.0
gradual,6,1.0,9,0.9772649380872893,0.9734064168518218
gradual,6,1.0,10,1.0,1.0
gradual,6,1.0,11,1.0,1.0
gradual,6,1.0,12,1.0,1.0
gradual,6,2.0,1,1.0,1.0
gradual,6,2.0,2,1.0,1.0
gradual,6,2.0,3,1.0,1.0
gradual,6,2.0,4,1.0,1.0
gradual,6,2.0,5,0.9784882369651112,0.9783922478689324
gradual,6,2.0,6,0.8336531854905584,0.8369038320423318
gradual,6,2.0,7,0.5580155554804973,0.6936856869684885
gradual,6,2.0,8,0.9188986126790641,0.9247246989862943
gradual,6,2.0,9,0.9885660979359084,0.9868776930069685
gradual,6,2.0,10,1.0,1.0
gradual,6,2.0,11,1.0,1.0
gradual,6,2.0,12,1.0,1.0
gradual,6,4.0,1,1.0,1.0
gradual,6,4.0,2,1.0,1.0
gradual,6,4.0,3,1.0,1.0
gradual,6,4.0,4,1.0,1.0
gradual,6,4.0,5,0.9555546333568494,0.9471839267308284
gradual,6,4.0,6,0.8525158424958024,0.8574335608636017
gradual,6,4.0,7,0.7555962960799119,0.7899546092590197
gradual,6,4.0,8,0.9123624089079172,0.9106620049916627
gradual,6,4.0,9,0.9772649380872893,0.9734064168518218
gradual,6,4.0,10,1.0,1.0
gradual,6,4.0,11,1.0,1.0
gradual,6,4.0,12,1.0,1.0
gradual,7,0.0,1,0.9368479690420234,0.95330151550887
gradual,7,0.0,2,1.0,1.0
gradual,7,0.0,3,1.0,1.0
gradual,7,0.0,4,0.988918893751746,0.9869937479859151
gradual,7,0.0,5,1.0,1.0
gradual,7,0.0,6,1.0,1.0
gradual,7,0.0,7,0.7308236491105353,0.7678620887821617
gradual,7,0.0,8,0.899799822064057,0.9169413953073713
gradual,7,0.0,9,1.0,1.0
gradual,7,0.0,10,0.9878134380740453,0.9866838666740392
gradual,7,0.0,11,0.9653349444905974,0.9706135338046576
gradual,7,0.0,12,1.0,1.0
gradual,7,0.25,1,1.0,1.0
gradual,7,0.25,2,1.0,1.0
gradual,7,0.25,3,1.0,1.0
gradual,7,0.25,4,1.0,1.0
gradual,7,0.25,5,1.0,1.0
gradual,7,0.25,6,1.0,1.0
gradual,7,0.25,7,0.7606560009342247,0.7975331526643675
gradual,7,0.25,8,0.899799822064057,0.9169413953073714
gradual,7,0.25,9,1.0,0.9999999999999999
gradual,7,0.25,10,0.9878134380740453,0.9866838666740392
gradual,7,0.25,11,1.0,0.9999999999999999
gradual,7,0.25,12,1.0,0.9999999999999999
gradual,7,0.5,1,1.0,1.0
gradual,7,0.5,2,1.0,1.0
gradual,7,0.5,3,1.0,1.0
gradual,7,0.5,4,1.0,1.0
gradual,7,0.5,5,1.0,1.0
gradual,7,0.5,6,1.0,1.0
gradual,7,0.5,7,0.6192744729578954,0.6786097206113799
gradual,7,0.5,8,0.899799822064057,0.9169413953073714
gradual,7,0.5,9,1.0,1.0
gradual,7,0.5,10,0.9878134380740453,0.9866838666740393
gradual,7,0.5,11,1.0,1.0
gradual,7,0.5,12,1.0,1.0
gradual,7,1.0,1,1.0,1.0
gradual,7,1.0,2,1.0,1.0
gradual,7,1.0,3,1.0,1.0
gradual,7,1.0,4,1.0,1.0
gradual,7,1.0,5,1.0,1.0
gradual,7,1.0,6,1.0,1.0
gradual,7,1.0,7,0.6192744729578954,0.6786097206113799
gradual,7,1.0,8,0.8870031630460731,0.90472500632308
gradual,7,1.0,9,1.0,0.9999999999999999
gradual,7,1.0,10,1.0,0.9999999999999999
gradual,7,1.0,11,1.0,0.9999999999999999
gradual,7,1.0,12,1.0,0.9999999999999999
gradual,7,2.0,1,1.0,1.0
gradual,7,2.0,2,1.0,1.0
gradual,7,2.0,3,1.0,1.0
gradual,7,2.0,4,1.0,1.0
gradual,7,2.0,5,1.0,1.0
gradual,7,2.0,6,0.9775873792141377,0.9735418554857959
gradual,7,2.0,7,0.622772789243571,0.7019951500809261
gradual,7,2.0,8,0.7243559297050297,0.8090505175093965
gradual,7,2.0,9,0.954335058352177,0.947774783500579
gradual,7,2.0,10,1.0,1.0
gradual,7,2.0,11,1.0,1.0
gradual,7,2.0,12,1.0,1.0
gradual,7,4.0,1,1.0,1.0
gradual,7,4.0,2,1.0,1.0
gradual,7,4.0,3,1.0,1.0
gradual,7,4.0,4,1.0,1.0
gradual,7,4.0,5,1.0,1.0
gradual,7,4.0,6,0.9775873792141377,0.9735418554857959
gradual,7,4.0,7,0.705978809283552,0.7465961727396898
gradual,7,4.0,8,0.8502408635403966,0.8567546700153705
gradual,7,4.0,9,1.0,1.0
gradual,7,4.0,10,1.0,1.0
gradual,7,4.0,11,1.0,1.0
gradual,7,4.0,12,1.0,1.0
gradual,8,0.0,1,0.9775873792141377,0.9735418554857956
gradual,8,0.0,2,0.9775873792141377,0.973541855485796
gradual,8,0.0,3,1.0,1.0
gradual,8,0.0,4,0.988918893751746,0.9869937479859151
gradual,8,0.0,5,0.9775873792141377,0.973541855485796
gradual,8,0.0,6,0.934281637356709,0.9210333436217022
gradual,8,0.0,7,0.7272795810456423,0.7792396386550953
gradual,8,0.0,8,1.0,1.0
gradual,8,0.0,9,0.986406657141878,0.9862822534869417
gradual,8,0.0,10,0.9756644889679017,0.9728271447597692
gradual,8,0.0,11,1.0,1.0
gradual,8,0.0,12,0.8629336830651859,0.8861037708881885
gradual,8,0.25,1,0.9775873792141377,0.9735418554857956
gradual,8,0.25,2,0.9775873792141377,0.973541855485796
gradual,8,0.25,3,1.0,1.0
gradual,8,0.25,4,1.0,1.0
gradual,8,0.25,5,0.9775873792141377,0.973541855485796
gradual,8,0.25,6,0.6982210077771196,0.8297089819095126
gradual,8,0.25,7,0.598076802041804,0.7131202958627392
gradual,8,0.25,8,0.6653434549506954,0.8413401459308361
gradual,8,0.25,9,1.0,1.0
gradual,8,0.25,10,0.9756644889679017,0.9728271447597692
gradual,8,0.25,11,1.0,1.0
gradual,8,0.25,12,0.9764221556886228,0.9730415371932486
gradual,8,0.5,1,0.9775873792141377,0.9735418554857959
gradual,8,0.5,2,0.9775873792141377,0.9735418554857959
gradual,8,0.5,3,1.0,1.0
gradual,8,0.5,4,0.988918893751746,0.9869937479859151
gradual,8,0.5,5,0.9775873792141377,0.9735418554857959
gradual,8,0.5,6,0.934281637356709,0.9210333436217025
gradual,8,0.5,7,0.7395799345182996,0.7894973021896258
gradual,8,0.5,8,0.6653434549506954,0.8413401459308361
gradual,8,0.5,9,0.986406657141878,0.9862822534869417
gradual,8,0.5,10,0.9756644889679017,0.9728271447597692
gradual,8,0.5,11,1.0,1.0
gradual,8,0.5,12,0.9764221556886228,0.9730415371932486
gradual,8,1.0,1,0.9775873792141377,0.9735418554857959
gradual,8,1.0,2,0.9775873792141377,0.9735418554857959
gradual,8,1.0,3,1.0,1.0
gradual,8,1.0,4,0.9784882369651112,0.9783922478689326
gradual,8,1.0,5,0.9775873792141377,0.973541855485796
gradual,8,1.0,6,0.6982210077771196,0.8297089819095126
gradual,8,1.0,7,0.598076802041804,0.7131202958627392
gradual,8,1.0,8,0.6653434549506954,0.8413401459308361
gradual,8,1.0,9,0.986406657141878,0.9862822534869417
gradual,8,1.0,10,0.9756644889679017,0.9728271447597692
gradual,8,1.0,11,1.0,1.0
gradual,8,1.0,12,0.9764221556886228,0.9730415371932486
gradual,8,2.0,1,1.0,1.0
gradual,8,2.0,2,1.0,1.0
gradual,8,2.0,3,1.0,1.0
gradual,8,2.0,4,1.0,1.0
gradual,8,2.0,5,0.9775873792141377,0.9735418554857959
gradual,8,2.0,6,0.924010463431474,0.9281928420876465
gradual,8,2.0,7,0.5862165657407634,0.6717832063277277
gradual,8,2.0,8,0.7704038617851028,0.7952956829301245
gradual,8,2.0,9,0.9505370898287375,0.9464932606155088
gradual,8,2.0,10,1.0,1.0
gradual,8,2.0,11,1.0,1.0
gradual,8,2.0,12,1.0,1.0
gradual,8,4.0,1,1.0,1.0
gradual,8,4.0,2,1.0,1.0
gradual,8,4.0,3,1.0,1.0
gradual,8,4.0,4,1.0,1.0
gradual,8,4.0,5,0.9775873792141377,0.973541855485796
gradual,8,4.0,6,0.8933797153944016,0.8964417899911948
gradual,8,4.0,7,0.7821497141080633,0.7827549102243655
gradual,8,4.0,8,0.8965271528722403,0.8852178093444522
gradual,8,4.0,9,1.0,1.0
gradual,8,4.0,10,1.0,1.0
gradual,8,4.0,11,1.0,1.0
gradual,8,4.0,12,1.0,1.0
gradual,9,0.0,1,0.9324182171368093,0.9227454982452798
gradual,9,0.0,2,0.966769698895533,0.9609768036015338
gradual,9,0.0,3,0.9249014136845174,0.9284719951982162
gradual,9,0.0,4,0.8844054755301065,0.9040758186662937
gradual,9,0.0,5,0.8681833997848439,0.8945718187749
gradual,9,0.0,6,0.7166747941826109,0.7597733627503753
gradual,9,0.0,7,0.7111159951647869,0.7637677854238745
gradual,9,0.0,8,0.8511144687052908,0.8569670035576029
gradual,9,0.0,9,0.8638976741899932,0.8928637571542527
gradual,9,0.0,10,0.8991003339751749,0.9013764551958591
gradual,9,0.0,11,0.8522913460106251,0.889771280334604
gradual,9,0.0,12,0.832929976333418,0.8458427220911988
gradual,9,0.25,1,0.681908478854891,0.8241212637552106
gradual,9,0.25,2,0.7090464547677262,0.8571428571428571
gradual,9,0.25,3,0.3277661486101793,0.5731849173551278
gradual,9,0.25,4,0.7090464547677262,0.8571428571428571
gradual,9,0.25,5,0.7090464547677262,0.8571428571428571
gradual,9,0.25,6,0.6307281518366169,0.7804730908179279
gradual,9,0.25,7,0.5687757250885421,0.6941689636309144
gradual,9,0.25,8,0.6829637235546673,0.8240830509009989
gradual,9,0.25,9,0.6857390410186608,0.8398997378121666
gradual,9,0.25,10,0.6684468179795282,0.8190455207896182
gradual,9,0.25,11,0.6957489504509731,0.8524270758819307
gradual,9,0.25,12,0.6829637235546673,0.8240830509009988
gradual,9,0.5,1,0.681908478854891,0.8241212637552106
gradual,9,0.5,2,0.7090464547677262,0.8571428571428571
gradual,9,0.5,3,0.7065001193412364,0.8471628564467839
gradual,9,0.5,4,0.7090464547677262,0.8571428571428571
gradual,9,0.5,5,0.7090464547677262,0.8571428571428571
gradual,9,0.5,6,0.6307281518366169,0.7804730908179279
gradual,9,0.5,7,0.5703068580207198,0.6806994832992859
gradual,9,0.5,8,0.6829637235546673,0.8240830509009989
gradual,9,0.5,9,0.6857390410186608,0.8398997378121668
gradual,9,0.5,10,0.6684468179795282,0.8190455207896182
gradual,9,0.5,11,0.6957489504509731,0.8524270758819309
gradual,9,0.5,12,0.6829637235546673,0.8240830509009989
gradual,9,1.0,1,0.681908478854891,0.8241212637552106
gradual,9,1.0,2,0.7046622939195178,0.8415556758671006
gradual,9,1.0,3,0.7046622939195178,0.8415556758671006
gradual,9,1.0,4,0.7090464547677262,0.8571428571428571
gradual,9,1.0,5,0.7090464547677262,0.8571428571428571
gradual,9,1.0,6,0.6019872561705036,0.7218247569701831
gradual,9,1.0,7,0.5687757250885421,0.6941689636309146
gradual,9,1.0,8,0.6829637235546673,0.8240830509009989
gradual,9,1.0,9,0.691084155378298,0.841730834976992
gradual,9,1.0,10,0.6676542730164898,0.8103137670814894
gradual,9,1.0,11,0.6957489504509731,0.8524270758819309
gradual,9,1.0,12,0.6829637235546673,0.8240830509009989
gradual,9,2.0,1,1.0,1.0
gradual,9,2.0,2,1.0,1.0
gradual,9,2.0,3,0.9775873792141377,0.9735418554857956
gradual,9,2.0,4,0.9454228231830325,0.9431764423381976
gradual,9,2.0,5,0.8704830671011329,0.8803722088753019
gradual,9,2.0,6,0.7128777655093445,0.7585179503759188
gradual,9,2.0,7,0.5293962562615344,0.6615011078301952
gradual,9,2.0,8,0.5464542330521712,0.7096997555319194
gradual,9,2.0,9,0.6654517803907993,0.8246229696450588
gradual,9,2.0,10,0.6957489504509731,0.8524270758819307
gradual,9,2.0,11,0.6829637235546673,0.8240830509009988
gradual,9,2.0,12,0.6829637235546673,0.8240830509009988
gradual,9,4.0,1,1.0,1.0
gradual,9,4.0,2,1.0,1.0
gradual,9,4.0,3,1.0,1.0
gradual,9,4.0,4,1.0,1.0
gradual,9,4.0,5,0.9775873792141377,0.9735418554857956
gradual,9,4.0,6,0.7565908235881774,0.7959463280427285
gradual,9,4.0,7,0.8145475564857825,0.8303806046981478
gradual,9,4.0,8,0.9557265482352627,0.9471193865397987
gradual,9,4.0,9,1.0,1.0
gradual,9,4.0,10,1.0,1.0
gradual,9,4.0,11,0.9761604490497569,0.9731065159528934
gradual,9,4.0,12,0.9761604490497569,0.9731065159528934
gradual,10,0.0,1,0.988918893751746,0.9869937479859151
gradual,10,0.0,2,1.0,1.0
gradual,10,0.0,3,1.0,1.0
gradual,10,0.0,4,0.988918893751746,0.9869937479859149
gradual,10,0.0,5,1.0,1.0
gradual,10,0.0,6,0.9775873792141377,0.9735418554857959
gradual,10,0.0,7,0.7110156012710938,0.7829717034190729
gradual,10,0.0,8,0.9776135107558881,0.9735326258623548
gradual,10,0.0,9,0.9885435872114342,0.9868909560213069
gradual,10,0.0,10,1.0,1.0
gradual,10,0.0,11,0.9792812246496465,0.9785858975199746
gradual,10,0.0,12,1.0,1.0
gradual,10,0.25,1,1.0,1.0
gradual,10,0.25,2,1.0,1.0
gradual,10,0.25,3,1.0,1.0
gradual,10,0.25,4,1.0,1.0
gradual,10,0.25,5,1.0,1.0
gradual,10,0.25,6,0.9775873792141377,0.9735418554857959
gradual,10,0.25,7,0.5901782368801933,0.6947053574677313
gradual,10,0.25,8,1.0,1.0
gradual,10,0.25,9,0.9885435872114342,0.986890956021307
gradual,10,0.25,10,1.0,1.0
gradual,10,0.25,11,1.0,1.0
gradual,10,0.25,12,1.0,1.0
gradual,10,0.5,1,1.0,1.0
gradual,10,0.5,2,1.0,1.0
gradual,10,0.5,3,1.0,1.0
gradual,10,0.5,4,1.0,1.0
gradual,10,0.5,5,1.0,1.0
gradual,10,0.5,6,0.9775873792141377,0.9735418554857959
gradual,10,0.5,7,0.5901782368801933,0.6947053574677313
gradual,10,0.5,8,1.0,1.0
gradual,10,0.5,9,0.9885435872114342,0.986890956021307
gradual,10,0.5,10,1.0,1.0
gradual,10,0.5,11,1.0,1.0
gradual,10,0.5,12,1.0,1.0
gradual,10,1.0,1,1.0,1.0
gradual,10,1.0,2,1.0,1.0
gradual,10,1.0,3,0.9784882369651112,0.9783922478689324
gradual,10,1.0,4,1.0,1.0
gradual,10,1.0,5,1.0,1.0
gradual,10,1.0,6,0.9775873792141377,0.9735418554857959
gradual,10,1.0,7,0.7302573271625061,0.7822198615304498
gradual,10,1.0,8,1.0,1.0
gradual,10,1.0,9,1.0,1.0
gradual,10,1.0,10,1.0,1.0
gradual,10,1.0,11,1.0,1.0
gradual,10,1.0,12,1.0,1.0
gradual,10,2.0,1,1.0,1.0
gradual,10,2.0,2,1.0,1.0
gradual,10,2.0,3,1.0,1.0
gradual,10,2.0,4,1.0,1.0
gradual,10,2.0,5,0.9784882369651112,0.9783922478689324
gradual,10,2.0,6,0.8380533743416666,0.8523658396368715
gradual,10,2.0,7,0.8161943345893816,0.8432584953049541
gradual,10,2.0,8,0.96759252254842,0.9581640652684058
gradual,10,2.0,9,1.0,0.9999999999999999
gradual,10,2.0,10,1.0,0.9999999999999999
gradual,10,2.0,11,1.0,0.9999999999999999
gradual,10,2.0,12,1.0,0.9999999999999999
gradual,10,4.0,1,1.0,1.0
gradual,10,4.0,2,1.0,1.0
gradual,10,4.0,3,0.988918893751746,0.9869937479859151
gradual,10,4.0,4,0.8155823634871919,0.8641110339029948
gradual,10,4.0,5,0.8596285441454896,0.8872428069782993
gradual,10,4.0,6,0.7946879766776636,0.8039259918760638
gradual,10,4.0,7,0.9575118684959176,0.9558011897788266
gradual,10,4.0,8,1.0,1.0
gradual,10,4.0,9,1.0,1.0
gradual,10,4.0,10,1.0,1.0
gradual,10,4.0,11,1.0,1.0
gradual,10,4.0,12,1.0,1.0
gradual,11,0.0,1,0.8185158946475747,0.8909634294802855
gradual,11,0.0,2,0.8360734038944767,0.8973957447304955
gradual,11,0.0,3,0.8967868164673135,0.9227230711281142
gradual,11,0.0,4,0.9481229944245412,0.9536665967418613
gradual,11,0.0,5,0.9784882369651112,0.9783922478689324
gradual,11,0.0,6,0.988918893751746,0.9869937479859149
gradual,11,0.0,7,0.5725421418994193,0.6570153388069606
gradual,11,0.0,8,0.9398675817032983,0.9553000782401039
gradual,11,0.0,9,0.7322211606771025,0.8191831203058794
gradual,11,0.0,10,0.8351173988087065,0.8958549221091757
gradual,11,0.0,11,0.8997891979062894,0.9371902888988268
gradual,11,0.0,12,0.852885816940907,0.8995763467774728
gradual,11,0.25,1,1.0,1.0
gradual,11,0.25,2,1.0,1.0
gradual,11,0.25,3,0.988918893751746,0.9869937479859151
gradual,11,0.25,4,1.0,1.0
gradual,11,0.25,5,1.0,1.0
gradual,11,0.25,6,1.0,1.0
gradual,11,0.25,7,0.5673362720916763,0.6428990782037607
gradual,11,0.25,8,0.9779108021347752,0.9733442523986937
gradual,11,0.25,9,0.908066575922724,0.9120053252490756
gradual,11,0.25,10,1.0,1.0
gradual,11,0.25,11,1.0,0.9999999999999999
gradual,11,0.25,12,0.9779108021347752,0.9733442523986937
gradual,11,0.5,1,1.0,1.0
gradual,11,0.5,2,1.0,1.0
gradual,11,0.5,3,1.0,1.0
gradual,11,0.5,4,0.988918893751746,0.9869937479859149
gradual,11,0.5,5,0.9784882369651112,0.9783922478689326
gradual,11,0.5,6,1.0,1.0
gradual,11,0.5,7,0.5673362720916763,0.6428990782037607
gradual,11,0.5,8,0.9779108021347752,0.9733442523986937
gradual,11,0.5,9,0.908066575922724,0.9120053252490756
gradual,11,0.5,10,1.0,1.0
gradual,11,0.5,11,1.0,1.0
gradual,11,0.5,12,0.9779108021347752,0.9733442523986937
gradual,11,1.0,1,1.0,1.0
gradual,11,1.0,2,1.0,1.0
gradual,11,1.0,3,1.0,1.0
gradual,11,1.0,4,1.0,1.0
gradual,11,1.0,5,1.0,1.0
gradual,11,1.0,6,1.0,1.0
gradual,11,1.0,7,0.7996313824719241,0.8014426352534
gradual,11,1.0,8,0.9779108021347752,0.9733442523986937
gradual,11,1.0,9,1.0,0.9999999999999999
gradual,11,1.0,10,1.0,1.0
gradual,11,1.0,11,1.0,1.0
gradual,11,1.0,12,0.9779108021347752,0.9733442523986937
gradual,11,2.0,1,1.0,1.0
gradual,11,2.0,2,1.0,1.0
gradual,11,2.0,3,1.0,1.0
gradual,11,2.0,4,1.0,1.0
gradual,11,2.0,5,1.0,1.0
gradual,11,2.0,6,0.8550901120311739,0.8683247668555744
gradual,11,2.0,7,0.5896143235018061,0.697519761047587
gradual,11,2.0,8,0.823576187502527,0.8468947814446142
gradual,11,2.0,9,0.9868170476306031,0.9863432745737624
gradual,11,2.0,10,1.0,1.0
gradual,11,2.0,11,1.0,1.0
gradual,11,2.0,12,1.0,1.0
gradual,11,4.0,1,1.0,1.0
gradual,11,4.0,2,1.0,1.0
gradual,11,4.0,3,1.0,1.0
gradual,11,4.0,4,1.0,1.0
gradual,11,4.0,5,1.0,1.0
gradual,11,4.0,6,0.9343072215148875,0.9291491778305284
gradual,11,4.0,7,0.6976596043127151,0.7470957460042782
gradual,11,4.0,8,0.827375804190058,0.8803980124366846
gradual,11,4.0,9,0.956431351920042,0.955321981154519
gradual,11,4.0,10,1.0,0.9999999999999999
gradual,11,4.0,11,1.0,0.9999999999999999
gradual,11,4.0,12,1.0,0.9999999999999999
gradual,12,0.0,1,1.0,1.0
gradual,12,0.0,2,0.988918893751746,0.9869937479859151
gradual,12,0.0,3,1.0,1.0
gradual,12,0.0,4,1.0,1.0
gradual,12,0.0,5,1.0,1.0
gradual,12,0.0,6,1.0,1.0
gradual,12,0.0,7,0.6491946380170162,0.7125940450997191
gradual,12,0.0,8,1.0,1.0
gradual,12,0.0,9,1.0,1.0
gradual,12,0.0,10,1.0,1.0000000000000002
gradual,12,0.0,11,0.9889709806718913,0.9869634323094958
gradual,12,0.0,12,1.0,1.0
gradual,12,0.25,1,1.0,1.0
gradual,12,0.25,2,1.0,1.0
gradual,12,0.25,3,1.0,1.0
gradual,12,0.25,4,1.0,1.0
gradual,12,0.25,5,1.0,1.0
gradual,12,0.25,6,1.0,1.0
gradual,12,0.25,7,0.6417371701249545,0.7040149913695178
gradual,12,0.25,8,1.0,1.0
gradual,12,0.25,9,1.0,1.0000000000000002
gradual,12,0.25,10,1.0,1.0000000000000002
gradual,12,0.25,11,1.0,1.0000000000000002
gradual,12,0.25,12,1.0,1.0000000000000002
gradual,12,0.5,1,1.0,1.0
gradual,12,0.5,2,1.0,1.0
gradual,12,0.5,3,1.0,1.0
gradual,12,0.5,4,1.0,1.0
gradual,12,0.5,5,1.0,1.0
gradual,12,0.5,6,1.0,1.0
gradual,12,0.5,7,0.7470646781298327,0.8040974036973504
gradual,12,0.5,8,1.0,1.0000000000000002
gradual,12,0.5,9,1.0,1.0000000000000002
gradual,12,0.5,10,1.0,1.0
gradual,12,0.5,11,1.0,1.0
gradual,12,0.5,12,1.0,1.0
gradual,12,1.0,1,1.0,1.0
gradual,12,1.0,2,1.0,1.0
gradual,12,1.0,3,1.0,1.0
gradual,12,1.0,4,1.0,1.0
gradual,12,1.0,5,1.0,1.0
gradual,12,1.0,6,1.0,1.0
gradual,12,1.0,7,0.7620855287466278,0.8161244757394223
gradual,12,1.0,8,0.9874400066014327,0.9865903828233925
gradual,12,1.0,9,1.0,1.0
gradual,12,1.0,10,1.0,1.0
gradual,12,1.0,11,1.0,1.0
gradual,12,1.0,12,1.0,1.0
gradual,12,2.0,1,1.0,1.0
gradual,12,2.0,2,1.0,1.0
gradual,12,2.0,3,1.0,1.0
gradual,12,2.0,4,1.0,1.0
gradual,12,2.0,5,1.0,1.0
gradual,12,2.0,6,0.8328485227300045,0.8615969599326818
gradual,12,2.0,7,0.6599581486952241,0.7852881951461024
gradual,12,2.0,8,0.7929397216976541,0.8562942479132067
gradual,12,2.0,9,0.9535439341651182,0.9568892145297254
gradual,12,2.0,10,1.0,1.0000000000000002
gradual,12,2.0,11,1.0,1.0000000000000002
gradual,12,2.0,12,1.0,1.0000000000000002
gradual,12,4.0,1,1.0,1.0
gradual,12,4.0,2,1.0,1.0
gradual,12,4.0,3,1.0,1.0
gradual,12,4.0,4,1.0,1.0
gradual,12,4.0,5,0.9551834853601088,0.9470784073940085
gradual,12,4.0,6,0.850647390579077,0.8677187365506734
gradual,12,4.0,7,0.7948983109272665,0.842141674872696
gradual,12,4.0,8,0.8921128325129264,0.9149825105915843
gradual,12,4.0,9,1.0,1.0
gradual,12,4.0,10,1.0,1.0
gradual,12,4.0,11,1.0,1.0
gradual,12,4.0,12,1.0,1.0
gradual,13,0.0,1,1.0,1.0
gradual,13,0.0,2,0.9231478206122601,0.9194550715968426
gradual,13,0.0,3,0.9663811590666855,0.9608784723278958
gradual,13,0.0,4,0.988918893751746,0.9869937479859151
gradual,13,0.0,5,0.9780997859377573,0.9744198942410379
gradual,13,0.0,6,0.9775873792141377,0.973541855485796
gradual,13,0.0,7,0.6469975858299036,0.7161956073488659
gradual,13,0.0,8,1.0,1.0
gradual,13,0.0,9,0.9759482481500009,0.9737799419950011
gradual,13,0.0,10,0.9744013222826328,0.9734162934759056
gradual,13,0.0,11,1.0,1.0
gradual,13,0.0,12,1.0,1.0
gradual,13,0.25,1,1.0,1.0
gradual,13,0.25,2,0.9559602353211419,0.9554111549419694
gradual,13,0.25,3,0.988918893751746,0.9869937479859151
gradual,13,0.25,4,1.0,1.0
gradual,13,0.25,5,1.0,1.0
gradual,13,0.25,6,0.9775873792141377,0.973541855485796
gradual,13,0.25,7,0.4838092336402327,0.6464694346637583
gradual,13,0.25,8,1.0,1.0
gradual,13,0.25,9,0.9890009837814178,0.9869458259878658
gradual,13,0.25,10,0.9747882785718666,0.9773953118168189
gradual,13,0.25,11,1.0,0.9999999999999999
gradual,13,0.25,12,1.0,0.9999999999999999
gradual,13,0.5,1,1.0,1.0
gradual,13,0.5,2,0.9559602353211419,0.9554111549419694
gradual,13,0.5,3,1.0,1.0
gradual,13,0.5,4,1.0,1.0
gradual,13,0.5,5,1.0,1.0
gradual,13,0.5,6,0.9775873792141377,0.973541855485796
gradual,13,0.5,7,0.4838092336402327,0.6464694346637583
gradual,13,0.5,8,1.0,0.9999999999999999
gradual,13,0.5,9,1.0,0.9999999999999999
gradual,13,0.5,10,0.9747882785718666,0.9773953118168189
gradual,13,0.5,11,1.0,1.0
gradual,13,0.5,12,1.0,1.0
gradual,13,1.0,1,1.0,1.0
gradual,13,1.0,2,0.9559602353211419,0.9554111549419694
gradual,13,1.0,3,1.0,1.0
gradual,13,1.0,4,1.0,1.0
gradual,13,1.0,5,1.0,1.0
gradual,13,1.0,6,1.0,1.0
gradual,13,1.0,7,0.6343433937145229,0.7075940781131876
gradual,13,1.0,8,1.0,0.9999999999999999
gradual,13,1.0,9,1.0,0.9999999999999999
gradual,13,1.0,10,1.0,0.9999999999999999
gradual,13,1.0,11,1.0,0.9999999999999999
gradual,13,1.0,12,1.0,0.9999999999999999
gradual,13,2.0,1,1.0,1.0
gradual,13,2.0,2,1.0,1.0
gradual,13,2.0,3,1.0,1.0
gradual,13,2.0,4,1.0,1.0
gradual,13,2.0,5,0.988918893751746,0.9869937479859151
gradual,13,2.0,6,0.8680372600677456,0.8833320961146326
gradual,13,2.0,7,0.6707936225171461,0.7419261914855575
gradual,13,2.0,8,0.8384488469671041,0.8744593466821731
gradual,13,2.0,9,1.0,0.9999999999999999
gradual,13,2.0,10,1.0,0.9999999999999999
gradual,13,2.0,11,1.0,0.9999999999999999
gradual,13,2.0,12,1.0,0.9999999999999999
gradual,13,4.0,1,1.0,1.0
gradual,13,4.0,2,1.0,1.0
gradual,13,4.0,3,1.0,1.0
gradual,13,4.0,4,1.0,1.0
gradual,13,4.0,5,1.0,1.0
gradual,13,4.0,6,1.0,1.0
gradual,13,4.0,7,0.593373139730456,0.6628888470020676
gradual,13,4.0,8,0.733127025408156,0.7714901516559644
gradual,13,4.0,9,0.9788945236081623,0.9737581872788733
gradual,13,4.0,10,1.0,0.9999999999999999
gradual,13,4.0,11,1.0,0.9999999999999999
gradual,13,4.0,12,1.0,0.9999999999999999
gradual,14,0.0,1,0.9001510320523578,0.9303418151731833
gradual,14,0.0,2,0.9188712815311195,0.9385549737950729
gradual,14,0.0,3,0.8988907434336243,0.929819873141691
gradual,14,0.0,4,1.0,1.0
gradual,14,0.0,5,1.0,1.0
gradual,14,0.0,6,0.9775873792141377,0.9735418554857956
gradual,14,0.0,7,0.6603385116525711,0.7249454744491702
gradual,14,0.0,8,0.9794699514744307,0.973732142888261
gradual,14,0.0,9,0.9906297500867732,0.987304452064883
gradual,14,0.0,10,0.9123895421089727,0.9406589333515232
gradual,14,0.0,11,0.9025900378909664,0.9295918131094841
gradual,14,0.0,12,0.9765997962552062,0.9738163247425825
gradual,14,0.25,1,1.0,1.0
gradual,14,0.25,2,1.0,1.0
gradual,14,0.25,3,0.988918893751746,0.9869937479859151
gradual,14,0.25,4,1.0,1.0
gradual,14,0.25,5,1.0,1.0
gradual,14,0.25,6,0.877753681086634,0.9057857037835432
gradual,14,0.25,7,0.3618880065552436,0.5566011541358964
gradual,14,0.25,8,0.9794699514744307,0.9737321428882612
gradual,14,0.25,9,1.0,1.0
gradual,14,0.25,10,1.0,1.0
gradual,14,0.25,11,1.0,1.0
gradual,14,0.25,12,1.0,1.0
gradual,14,0.5,1,1.0,1.0
gradual,14,0.5,2,1.0,1.0
gradual,14,0.5,3,1.0,1.0
gradual,14,0.5,4,1.0,1.0
gradual,14,0.5,5,1.0,1.0
gradual,14,0.5,6,0.877753681086634,0.9057857037835432
gradual,14,0.5,7,0.5411822903784319,0.6680974416500445
gradual,14,0.5,8,0.9794699514744307,0.973732142888261
gradual,14,0.5,9,1.0,1.0
gradual,14,0.5,10,1.0,1.0
gradual,14,0.5,11,1.0,1.0
gradual,14,0.5,12,1.0,1.0
gradual,14,1.0,1,1.0,1.0
gradual,14,1.0,2,1.0,1.0
gradual,14,1.0,3,1.0,1.0
gradual,14,1.0,4,1.0,1.0
gradual,14,1.0,5,1.0,1.0
gradual,14,1.0,6,0.9775873792141377,0.9735418554857956
gradual,14,1.0,7,0.669792393057889,0.7263596101169534
gradual,14,1.0,8,0.8444216028368247,0.8656409830970473
gradual,14,1.0,9,0.9906297500867732,0.987304452064883
gradual,14,1.0,10,1.0,1.0
gradual,14,1.0,11,1.0,1.0
gradual,14,1.0,12,1.0,1.0
gradual,14,2.0,1,1.0,1.0
gradual,14,2.0,2,1.0,1.0
gradual,14,2.0,3,1.0,1.0
gradual,14,2.0,4,1.0,1.0
gradual,14,2.0,5,1.0,1.0
gradual,14,2.0,6,0.9220673757007387,0.9156982834712297
gradual,14,2.0,7,0.5943354863883429,0.7192297587847721
gradual,14,2.0,8,0.8451131971286582,0.8459719485956134
gradual,14,2.0,9,1.0,1.0
gradual,14,2.0,10,1.0,1.0
gradual,14,2.0,11,1.0,1.0
gradual,14,2.0,12,1.0,1.0
gradual,14,4.0,1,1.0,1.0
gradual,14,4.0,2,1.0,1.0
gradual,14,4.0,3,1.0,1.0
gradual,14,4.0,4,1.0,1.0
gradual,14,4.0,5,0.9151558362191893,0.9274619083146768
gradual,14,4.0,6,0.8316575423282605,0.8562114502918038
gradual,14,4.0,7,0.8605046341745552,0.8713775992905808
gradual,14,4.0,8,0.8953772378000173,0.8952908895727633
gradual,14,4.0,9,0.9795005077108786,0.9737248895137265
gradual,14,4.0,10,1.0,1.0
gradual,14,4.0,11,1.0,1.0
gradual,14,4.0,12,1.0,1.0
gradual,15,0.0,1,0.988918893751746,0.9869937479859151
gradual,15,0.0,2,0.9780997859377573,0.9744198942410379
gradual,15,0.0,3,1.0,1.0
gradual,15,0.0,4,0.988918893751746,0.9869937479859149
gradual,15,0.0,5,0.9687308399754752,0.9715225138701331
gradual,15,0.0,6,0.9780997859377573,0.9744198942410379
gradual,15,0.0,7,0.7108234985578741,0.7803461513254134
gradual,15,0.0,8,1.0,1.0
gradual,15,0.0,9,0.9604337641348336,0.9598899164411836
gradual,15,0.0,10,1.0,1.0000000000000002
gradual,15,0.0,11,1.0,1.0000000000000002
gradual,15,0.0,12,1.0,1.0
gradual,15,0.25,1,1.0,1.0
gradual,15,0.25,2,1.0,1.0
gradual,15,0.25,3,1.0,1.0
gradual,15,0.25,4,0.988918893751746,0.9869937479859151
gradual,15,0.25,5,1.0,1.0
gradual,15,0.25,6,0.9780997859377573,0.9744198942410379
gradual,15,0.25,7,0.6639658140839563,0.7395229186593296
gradual,15,0.25,8,1.0,1.0
gradual,15,0.25,9,1.0,1.0
gradual,15,0.25,10,1.0,1.0
gradual,15,0.25,11,1.0,1.0
gradual,15,0.25,12,1.0,1.0
gradual,15,0.5,1,1.0,1.0
gradual,15,0.5,2,1.0,1.0
gradual,15,0.5,3,1.0,1.0
gradual,15,0.5,4,1.0,1.0
gradual,15,0.5,5,1.0,1.0
gradual,15,0.5,6,0.988918893751746,0.9869937479859151
gradual,15,0.5,7,0.754733960507483,0.7988417109119479
gradual,15,0.5,8,1.0,1.0000000000000002
gradual,15,0.5,9,1.0,1.0
gradual,15,0.5,10,1.0,1.0
gradual,15,0.5,11,1.0,1.0
gradual,15,0.5,12,1.0,1.0
gradual,15,1.0,1,1.0,1.0
gradual,15,1.0,2,1.0,1.0
gradual,15,1.0,3,1.0,1.0
gradual,15,1.0,4,0.988918893751746,0.9869937479859149
gradual,15,1.0,5,1.0,1.0
gradual,15,1.0,6,0.988918893751746,0.9869937479859151
gradual,15,1.0,7,0.7525798710229377,0.799448918707254
gradual,15,1.0,8,0.9755072443881982,0.9728604512527421
gradual,15,1.0,9,1.0,1.0000000000000002
gradual,15,1.0,10,1.0,1.0000000000000002
gradual,15,1.0,11,1.0,1.0000000000000002
gradual,15,1.0,12,1.0,1.0000000000000002
gradual,15,2.0,1,1.0,1.0
gradual,15,2.0,2,1.0,1.0
gradual,15,2.0,3,1.0,1.0
gradual,15,2.0,4,1.0,1.0
gradual,15,2.0,5,0.988918893751746,0.9869937479859151
gradual,15,2.0,6,0.7365117665724039,0.8188131428539831
gradual,15,2.0,7,0.721360741265704,0.8115039882702109
gradual,15,2.0,8,0.7804865602538791,0.8461371422231726
gradual,15,2.0,9,0.9744416408383236,0.9733943235278512
gradual,15,2.0,10,1.0,1.0000000000000002
gradual,15,2.0,11,1.0,1.0000000000000002
gradual,15,2.0,12,1.0,1.0000000000000002
gradual,15,4.0,1,1.0,1.0
gradual,15,4.0,2,1.0,1.0
gradual,15,4.0,3,1.0,1.0
gradual,15,4.0,4,1.0,1.0
gradual,15,4.0,5,1.0,1.0
gradual,15,4.0,6,0.8403325916383652,0.8578102109752256
gradual,15,4.0,7,0.7215461220962932,0.7942398443034334
gradual,15,4.0,8,0.8678845082013065,0.8806287256356246
gradual,15,4.0,9,0.976624304070343,0.9731706941559478
gradual,15,4.0,10,1.0,1.0
gradual,15,4.0,11,1.0,1.0
gradual,15,4.0,12,1.0,1.0
gradual,16,0.0,1,0.9775873792141377,0.9735418554857959
gradual,16,0.0,2,0.988918893751746,0.9869937479859151
gradual,16,0.0,3,0.885489755823744,0.9093608017311192
gradual,16,0.0,4,0.988918893751746,0.9869937479859149
gradual,16,0.0,5,0.9454228231830325,0.9431764423381978
gradual,16,0.0,6,0.880588873100002,0.9070891849989128
gradual,16,0.0,7,0.68765751841486,0.7668670508315579
gradual,16,0.0,8,0.9680847803098803,0.9611886501233496
gradual,16,0.0,9,0.9657653787288887,0.9606245783355902
gradual,16,0.0,10,0.8658912394145847,0.8977588187996662
gradual,16,0.0,11,0.9680600608891036,0.9611974975399264
gradual,16,0.0,12,0.9784391920370911,0.9736891118500195
gradual,16,0.25,1,0.9775873792141377,0.9735418554857959
gradual,16,0.25,2,1.0,1.0
gradual,16,0.25,3,0.7090464547677262,0.8571428571428571
gradual,16,0.25,4,0.988918893751746,0.9869937479859149
gradual,16,0.25,5,0.9454228231830325,0.9431764423381978
gradual,16,0.25,6,0.6982210077771196,0.8444256678389163
gradual,16,0.25,7,0.22272094325267133,0.42975687335427254
gradual,16,0.25,8,0.9784557919711855,0.9736853459972913
gradual,16,0.25,9,0.6981869258376008,0.8291608361373654
gradual,16,0.25,10,0.726558909649549,0.8623244283035421
gradual,16,0.25,11,0.9680600608891036,0.9611974975399264
gradual,16,0.25,12,0.726558909649549,0.8623244283035421
gradual,16,0.5,1,0.9775873792141377,0.9735418554857959
gradual,16,0.5,2,1.0,1.0
gradual,16,0.5,3,0.9775873792141377,0.973541855485796
gradual,16,0.5,4,1.0,1.0
gradual,16,0.5,5,0.9559602353211419,0.9554111549419696
gradual,16,0.5,6,0.9127816194512604,0.9139305022476845
gradual,16,0.5,7,0.7980155917788803,0.8152908124132414
gradual,16,0.5,8,0.9784557919711855,0.9736853459972913
gradual,16,0.5,9,0.6981869258376008,0.8291608361373654
gradual,16,0.5,10,0.726558909649549,0.8623244283035421
gradual,16,0.5,11,0.9680600608891036,0.9611974975399264
gradual,16,0.5,12,0.9784391920370911,0.9736891118500195
gradual,16,1.0,1,0.9775873792141377,0.9735418554857959
gradual,16,1.0,2,1.0,1.0
gradual,16,1.0,3,0.9775873792141377,0.973541855485796
gradual,16,1.0,4,0.9777111818692639,0.9743214773092947
gradual,16,1.0,5,0.9454228231830325,0.9431764423381978
gradual,16,1.0,6,0.9138690227563315,0.914268758525689
gradual,16,1.0,7,0.811734933312281,0.8276711967863033
gradual,16,1.0,8,0.9784557919711855,0.9736853459972913
gradual,16,1.0,9,0.9211840344636272,0.9084482190406661
gradual,16,1.0,10,0.9004514802377169,0.916869251090868
gradual,16,1.0,11,1.0,1.0000000000000002
gradual,16,1.0,12,0.9784391920370911,0.9736891118500195
gradual,16,2.0,1,1.0,1.0
gradual,16,2.0,2,1.0,1.0
gradual,16,2.0,3,1.0,1.0
gradual,16,2.0,4,1.0,1.0
gradual,16,2.0,5,0.9775873792141377,0.9735418554857956
gradual,16,2.0,6,0.966769698895533,0.9609768036015337
gradual,16,2.0,7,0.5690570382419289,0.6580766830636035
gradual,16,2.0,8,0.6937840954683617,0.7520349309255359
gradual,16,2.0,9,0.9423861527872645,0.9495112472752464
gradual,16,2.0,10,0.9801353416284654,0.9787547951586091
gradual,16,2.0,11,1.0,1.0
gradual,16,2.0,12,1.0,1.0
gradual,16,4.0,1,1.0,1.0
gradual,16,4.0,2,1.0,1.0
gradual,16,4.0,3,1.0,1.0
gradual,16,4.0,4,1.0,1.0
gradual,16,4.0,5,0.9551834853601088,0.9470784073940085
gradual,16,4.0,6,0.8137715179968701,0.8253394112394811
gradual,16,4.0,7,0.7972650145334174,0.8212688559192906
gradual,16,4.0,8,0.9144968175546356,0.9142434068800441
gradual,16,4.0,9,1.0,1.0000000000000002
gradual,16,4.0,10,1.0,1.0000000000000002
gradual,16,4.0,11,1.0,1.0000000000000002
gradual,16,4.0,12,1.0,1.0000000000000002
gradual,17,0.0,1,0.8519363576879655,0.8815986089361609
gradual,17,0.0,2,0.9777111818692639,0.974321477309295
gradual,17,0.0,3,1.0,1.0
gradual,17,0.0,4,1.0,1.0
gradual,17,0.0,5,1.0,1.0
gradual,17,0.0,6,0.9554399194277303,0.9486361200048061
gradual,17,0.0,7,0.70163590120418,0.7698213094330709
gradual,17,0.0,8,0.9792436243517795,0.9738704403922485
gradual,17,0.0,9,0.9901406817014367,0.9872637270829238
gradual,17,0.0,10,0.9792595155884783,0.9738668799306609
gradual,17,0.0,11,1.0,1.0
gradual,17,0.0,12,1.0,1.0
gradual,17,0.25,1,0.9559602353211419,0.9554111549419696
gradual,17,0.25,2,0.988918893751746,0.9869937479859151
gradual,17,0.25,3,1.0,1.0
gradual,17,0.25,4,1.0,1.0
gradual,17,0.25,5,1.0,1.0
gradual,17,0.25,6,0.9775873792141377,0.9735418554857959
gradual,17,0.25,7,0.48551940184689246,0.6503695049023225
gradual,17,0.25,8,0.9792436243517795,0.9738704403922485
gradual,17,0.25,9,1.0,1.0
gradual,17,0.25,10,0.9792595155884783,0.9738668799306609
gradual,17,0.25,11,1.0,1.0
gradual,17,0.25,12,1.0,1.0
gradual,17,0.5,1,0.9559602353211419,0.9554111549419696
gradual,17,0.5,2,1.0,1.0
gradual,17,0.5,3,1.0,1.0
gradual,17,0.5,4,1.0,1.0
gradual,17,0.5,5,1.0,1.0
gradual,17,0.5,6,0.9775873792141377,0.9735418554857956
gradual,17,0.5,7,0.6928051658322657,0.7628596343521701
gradual,17,0.5,8,0.9792436243517795,0.9738704403922485
gradual,17,0.5,9,1.0,1.0
gradual,17,0.5,10,0.9792595155884783,0.9738668799306609
gradual,17,0.5,11,1.0,1.0
gradual,17,0.5,12,1.0,1.0
gradual,17,1.0,1,0.9559602353211419,0.9554111549419694
gradual,17,1.0,2,1.0,1.0
gradual,17,1.0,3,1.0,1.0
gradual,17,1.0,4,1.0,1.0
gradual,17,1.0,5,1.0,1.0
gradual,17,1.0,6,0.9663811590666855,0.9608784723278957
gradual,17,1.0,7,0.6130283879646198,0.6815295469071903
gradual,17,1.0,8,0.9792436243517795,0.9738704403922485
gradual,17,1.0,9,1.0,1.0
gradual,17,1.0,10,1.0,1.0
gradual,17,1.0,11,1.0,1.0
gradual,17,1.0,12,1.0,1.0
gradual,17,2.0,1,1.0,1.0
gradual,17,2.0,2,1.0,1.0
gradual,17,2.0,3,1.0,1.0
gradual,17,2.0,4,1.0,1.0
gradual,17,2.0,5,0.9775873792141377,0.9735418554857959
gradual,17,2.0,6,0.859796507719004,0.8695792062502853
gradual,17,2.0,7,0.7865113577109416,0.8100604835660059
gradual,17,2.0,8,0.8532017581547707,0.8699523972627948
gradual,17,2.0,9,0.9646643109540636,0.9669667497863614
gradual,17,2.0,10,1.0,1.0
gradual,17,2.0,11,1.0,1.0
gradual,17,2.0,12,1.0,1.0
gradual,17,4.0,1,1.0,1.0
gradual,17,4.0,2,1.0,1.0
gradual,17,4.0,3,1.0,1.0
gradual,17,4.0,4,1.0,1.0
gradual,17,4.0,5,0.9343072215148875,0.9291563442754128
gradual,17,4.0,6,0.7953059898321929,0.8128041436799645
gradual,17,4.0,7,0.8574067188717233,0.8532908906348118
gradual,17,4.0,8,0.934886377725429,0.9289061521469449
gradual,17,4.0,9,1.0,1.0
gradual,17,4.0,10,1.0,1.0
gradual,17,4.0,11,1.0,1.0
gradual,17,4.0,12,1.0,1.0
gradual,18,0.0,1,0.8176076474839484,0.8842233579490624
gradual,18,0.0,2,0.9784882369651112,0.9783922478689324
gradual,18,0.0,3,1.0,1.0
gradual,18,0.0,4,1.0,1.0
gradual,18,0.0,5,0.9396786106923497,0.948943026578861
gradual,18,0.0,6,0.8684949255020514,0.8819545412798859
gradual,18,0.0,7,0.6510896149280344,0.7198926177086051
gradual,18,0.0,8,1.0,1.0
gradual,18,0.0,9,0.9094496577150745,0.9375807491765192
gradual,18,0.0,10,0.9790839906403654,0.9704075801928416
gradual,18,0.0,11,0.8034007411122527,0.8882261855150716
gradual,18,0.0,12,1.0,1.0
gradual,18,0.25,1,1.0,1.0
gradual,18,0.25,2,1.0,1.0
gradual,18,0.25,3,1.0,1.0
gradual,18,0.25,4,1.0,1.0
gradual,18,0.25,5,0.988918893751746,0.9869937479859151
gradual,18,0.25,6,0.8684949255020514,0.8819545412798862
gradual,18,0.25,7,0.5608419336624878,0.6854786178005643
gradual,18,0.25,8,1.0,1.0000000000000002
gradual,18,0.25,9,1.0,1.0000000000000002
gradual,18,0.25,10,0.9790839906403654,0.9704075801928416
gradual,18,0.25,11,1.0,1.0000000000000002
gradual,18,0.25,12,1.0,1.0000000000000002
gradual,18,0.5,1,1.0,1.0
gradual,18,0.5,2,1.0,1.0
gradual,18,0.5,3,1.0,1.0
gradual,18,0.5,4,1.0,1.0
gradual,18,0.5,5,1.0,1.0
gradual,18,0.5,6,0.8684949255020514,0.8819545412798859
gradual,18,0.5,7,0.6026646140806822,0.6934082397066914
gradual,18,0.5,8,1.0,1.0000000000000002
gradual,18,0.5,9,0.9897832445210145,0.9871407460165065
gradual,18,0.5,10,0.9792990457634999,0.9738357765033018
gradual,18,0.5,11,1.0,1.0
gradual,18,0.5,12,1.0,1.0
gradual,18,1.0,1,1.0,1.0
gradual,18,1.0,2,1.0,1.0
gradual,18,1.0,3,1.0,1.0
gradual,18,1.0,4,1.0,1.0
gradual,18,1.0,5,1.0,1.0
gradual,18,1.0,6,0.9559602353211419,0.9554111549419693
gradual,18,1.0,7,0.5735619252804913,0.6673906553050147
gradual,18,1.0,8,1.0,1.0000000000000002
gradual,18,1.0,9,1.0,1.0000000000000002
gradual,18,1.0,10,1.0,1.0000000000000002
gradual,18,1.0,11,1.0,1.0000000000000002
gradual,18,1.0,12,1.0,1.0000000000000002
gradual,18,2.0,1,1.0,1.0
gradual,18,2.0,2,1.0,1.0
gradual,18,2.0,3,1.0,1.0
gradual,18,2.0,4,1.0,1.0
gradual,18,2.0,5,0.9671606902261254,0.9659384950895419
gradual,18,2.0,6,0.8162438250686491,0.8788254345586087
gradual,18,2.0,7,0.5930093368446253,0.7041822550846459
gradual,18,2.0,8,0.6786207710348151,0.7550689532495598
gradual,18,2.0,9,0.924166475051736,0.9322179867301245
gradual,18,2.0,10,1.0,1.0000000000000002
gradual,18,2.0,11,1.0,1.0000000000000002
gradual,18,2.0,12,1.0,1.0000000000000002
gradual,18,4.0,1,1.0,1.0
gradual,18,4.0,2,1.0,1.0
gradual,18,4.0,3,1.0,1.0
gradual,18,4.0,4,1.0,1.0
gradual,18,4.0,5,0.9351424227646941,0.9404185439808234
gradual,18,4.0,6,0.7881109083491203,0.8312451894842298
gradual,18,4.0,7,0.8032597886065812,0.8116288349229043
gradual,18,4.0,8,0.9109806648067801,0.9128303673772538
gradual,18,4.0,9,1.0,1.0000000000000002
gradual,18,4.0,10,1.0,1.0000000000000002
gradual,18,4.0,11,1.0,1.0000000000000002
gradual,18,4.0,12,1.0,1.0000000000000002
gradual,19,0.0,1,0.988918893751746,0.9869937479859151
gradual,19,0.0,2,0.988918893751746,0.9869937479859149
gradual,19,0.0,3,0.9663811590666855,0.9608784723278956
gradual,19,0.0,4,0.988918893751746,0.9869937479859149
gradual,19,0.0,5,0.9777111818692639,0.9743214773092947
gradual,19,0.0,6,0.9368479690420234,0.9533015155088699
gradual,19,0.0,7,0.6814206674995538,0.7579863189829515
gradual,19,0.0,8,0.8030791483311065,0.8553336730760498
gradual,19,0.0,9,0.9770435131527165,0.974099553303767
gradual,19,0.0,10,0.9874400066014327,0.9865903828233926
gradual,19,0.0,11,0.9874400066014327,0.9865903828233926
gradual,19,0.0,12,0.9797493894635178,0.9747701530263381
gradual,19,0.25,1,1.0,1.0
gradual,19,0.25,2,1.0,1.0
gradual,19,0.25,3,0.9663811590666855,0.9608784723278957
gradual,19,0.25,4,1.0,1.0
gradual,19,0.25,5,0.988918893751746,0.9869937479859151
gradual,19,0.25,6,1.0,1.0
gradual,19,0.25,7,0.5975853683104773,0.6981106669448254
gradual,19,0.25,8,0.8312719499160177,0.8673302350992664
gradual,19,0.25,9,1.0,1.0
gradual,19,0.25,10,0.9874400066014327,0.9865903828233926
gradual,19,0.25,11,1.0,1.0
gradual,19,0.25,12,1.0,1.0
gradual,19,0.5,1,1.0,1.0
gradual,19,0.5,2,1.0,1.0
gradual,19,0.5,3,0.9663811590666855,0.9608784723278957
gradual,19,0.5,4,1.0,1.0
gradual,19,0.5,5,1.0,1.0
gradual,19,0.5,6,1.0,1.0
gradual,19,0.5,7,0.736239379386775,0.8032835177798474
gradual,19,0.5,8,0.8312719499160177,0.8673302350992667
gradual,19,0.5,9,1.0,1.0
gradual,19,0.5,10,1.0,1.0
gradual,19,0.5,11,1.0,1.0
gradual,19,0.5,12,1.0,1.0
gradual,19,1.0,1,1.0,1.0
gradual,19,1.0,2,1.0,1.0
gradual,19,1.0,3,0.9775873792141377,0.9735418554857959
gradual,19,1.0,4,0.988918893751746,0.9869937479859149
gradual,19,1.0,5,1.0,1.0
gradual,19,1.0,6,1.0,1.0
gradual,19,1.0,7,0.736239379386775,0.8032835177798474
gradual,19,1.0,8,0.8312719499160177,0.8673302350992664
gradual,19,1.0,9,0.9770435131527165,0.974099553303767
gradual,19,1.0,10,1.0,1.0
gradual,19,1.0,11,1.0,1.0
gradual,19,1.0,12,1.0,1.0
gradual,19,2.0,1,1.0,1.0
gradual,19,2.0,2,1.0,1.0
gradual,19,2.0,3,1.0,1.0
gradual,19,2.0,4,0.988918893751746,0.9869937479859151
gradual,19,2.0,5,0.9513212795549374,0.9609596668889049
gradual,19,2.0,6,0.8048941637097761,0.8504941410019784
gradual,19,2.0,7,0.6343901929962066,0.7309721716419652
gradual,19,2.0,8,0.8859571428859652,0.9218648058649584
gradual,19,2.0,9,1.0,1.0
gradual,19,2.0,10,1.0,1.0
gradual,19,2.0,11,1.0,1.0
gradual,19,2.0,12,1.0,1.0
gradual,19,4.0,1,1.0,1.0
gradual,19,4.0,2,1.0,1.0
gradual,19,4.0,3,1.0,1.0
gradual,19,4.0,4,0.9775873792141377,0.9735418554857959
gradual,19,4.0,5,0.9351424227646941,0.9404185439808235
gradual,19,4.0,6,0.877753681086634,0.9057857037835432
gradual,19,4.0,7,0.6770754369865989,0.7373452143926361
gradual,19,4.0,8,0.7765345554998446,0.8034970333226785
gradual,19,4.0,9,0.9769083606431176,0.9733162590914616
gradual,19,4.0,10,1.0,1.0
gradual,19,4.0,11,1.0,1.0
gradual,19,4.0,12,1.0,1.0
mixed,0,0.0,1,0.8429681778449762,0.8524672131699543
mixed,0,0.0,2,0.8092398068402449,0.8365619507266406
mixed,0,0.0,3,0.8338083908506277,0.8555393122045911
mixed,0,0.0,4,0.8660699508106641,0.868171948546105
mixed,0,0.0,5,0.7897191348498672,0.8231914963344664
mixed,0,0.0,6,0.8593875002928939,0.8732023008528942
mixed,0,0.0,7,0.6276698190078768,0.6496314743574796
mixed,0,0.0,8,0.6817406258886617,0.7060394760422836
mixed,0,0.0,9,0.7021331346016957,0.7713451037098364
mixed,0,0.0,10,0.8465162801716196,0.8799264407141121
mixed,0,0.0,11,0.762058111220362,0.8029364736054736
mixed,0,0.0,12,0.8367123305279462,0.8580238102632438
mixed,0,0.25,1,0.9119204706422838,0.9026794320156625
mixed,0,0.25,2,0.8917777926690343,0.8849732880828404
mixed,0,0.25,3,0.9093863402480636,0.9019397780716248
mixed,0,0.25,4,0.8477992756696793,0.8444669618015682
mixed,0,0.25,5,0.6800543370844326,0.7548804384071393
mixed,0,0.25,6,0.681908478854891,0.8241212637552106
mixed,0,0.25,7,0.5081103456432394,0.5494116201527316
mixed,0,0.25,8,0.5463150422001946,0.5970894505691852
mixed,0,0.25,9,0.7169307071440982,0.7718014363372333
mixed,0,0.25,10,0.9151558362191893,0.9274619083146769
mixed,0,0.25,11,0.9555546333568494,0.9471839267308284
mixed,0,0.25,12,0.8357141270299692,0.8534081328723109
mixed,0,0.5,1,0.9119204706422838,0.9026794320156625
mixed,0,0.5,2,0.8917777926690343,0.8849732880828404
mixed,0,0.5,3,0.9093863402480636,0.9019397780716248
mixed,0,0.5,4,0.8858116603798557,0.8844930663418399
mixed,0,0.5,5,0.673526397360264,0.7394907438244371
mixed,0,0.5,6,0.9335218874995611,0.9208259979758611
mixed,0,0.5,7,0.6345495516455174,0.6441797163402904
mixed,0,0.5,8,0.5644820295983086,0.6280856579542924
mixed,0,0.5,9,0.7169307071440982,0.7718014363372333
mixed,0,0.5,10,0.9151558362191893,0.9274619083146769
mixed,0,0.5,11,0.9555546333568494,0.9471839267308283
mixed,0,0.5,12,0.8357141270299692,0.8534081328723107
mixed,0,1.0,1,0.9126457765493645,0.902899636585517
mixed,0,1.0,2,0.8917777926690343,0.8849732880828404
mixed,0,1.0,3,0.9446378439079169,0.9429799160277079
mixed,0,1.0,4,0.9228596917981862,0.9170608015134876
mixed,0,1.0,5,0.8916089205308031,0.8991325170676436
mixed,0,1.0,6,0.9122830530054279,0.902793216774677
mixed,0,1.0,7,0.6266302468489561,0.6259461114680502
mixed,0,1.0,8,0.6910691742465931,0.6985788316297187
mixed,0,1.0,9,0.8263295213946522,0.8512259131738943
mixed,0,1.0,10,0.8146780506757516,0.8403526646879294
mixed,0,1.0,11,0.8315733812926861,0.852145712654957
mixed,0,1.0,12,0.8555207207321441,0.8792216490957313
mixed,0,2.0,1,0.9327883133418213,0.9206131454665137
mixed,0,2.0,2,0.9327883133418213,0.9206131454665137
mixed,0,2.0,3,0.8904295076639765,0.8874696994398802
mixed,0,2.0,4,0.8705114254624592,0.8744993236582745
mixed,0,2.0,5,0.8705114254624592,0.8744993236582745
mixed,0,2.0,6,0.7206189304583197,0.7712358871323344
mixed,0,2.0,7,0.5913416510877111,0.6729035878222436
mixed,0,2.0,8,0.693143370968927,0.7469431726586377
mixed,0,2.0,9,0.8199931686212001,0.8462278216784176
mixed,0,2.0,10,0.8357141270299692,0.8534081328723108
mixed,0,2.0,11,0.8357141270299692,0.8534081328723108
mixed,0,2.0,12,0.8357141270299692,0.8534081328723108
mixed,0,4.0,1,0.8826099210822999,0.8896799279744344
mixed,0,4.0,2,0.8826099210822999,0.8896799279744344
mixed,0,4.0,3,0.8826099210822999,0.8896799279744344
mixed,0,4.0,4,0.8826099210822999,0.8896799279744344
mixed,0,4.0,5,0.8826099210822999,0.8896799279744344
mixed,0,4.0,6,0.8439169519178477,0.8611118732811672
mixed,0,4.0,7,0.7391275212758829,0.7449156345425236
mixed,0,4.0,8,0.8372864530797188,0.8325319397771583
mixed,0,4.0,9,0.9228596917981862,0.9170679545688442
mixed,0,4.0,10,0.9442232866333646,0.9348633953457535
mixed,0,4.0,11,0.9663811590666855,0.9608784723278957
mixed,0,4.0,12,0.9663811590666855,0.9608784723278957
mixed,1,0.0,1,0.8285538693004934,0.8347700689410275
mixed,1,0.0,2,0.878034820572889,0.8854954620048865
mixed,1,0.0,3,0.8467909452293888,0.8610011042095073
mixed,1,0.0,4,0.8655402875480877,0.8653270375115047
mixed,1,0.0,5,0.7561690492506224,0.7874763036019348
mixed,1,0.0,6,0.9012277232799536,0.8991186328397927
mixed,1,0.0,7,0.4998972112705298,0.6062191158183653
mixed,1,0.0,8,0.6919046224649432,0.7156368730526665
mixed,1,0.0,9,0.8610921129124326,0.8636089126994773
mixed,1,0.0,10,0.782615111489166,0.840754174758238
mixed,1,0.0,11,0.827191415695308,0.8354315153600461
mixed,1,0.0,12,0.8549680792759698,0.8662429744964434
mixed,1,0.25,1,0.8051217811378861,0.8411290767960093
mixed,1,0.25,2,0.8737364431709161,0.8894861267871959
mixed,1,0.25,3,0.8467909452293888,0.8610011042095073
mixed,1,0.25,4,0.8897141019067304,0.884271759430035
mixed,1,0.25,5,0.8267258426537633,0.836054343918907
mixed,1,0.25,6,0.8912300592688372,0.8957654478753578
mixed,1,0.25,7,0.42750089705576855,0.5701008008384857
mixed,1,0.25,8,0.7032631266915357,0.7296569523717338
mixed,1,0.25,9,0.8758180169047922,0.8843055397045069
mixed,1,0.25,10,0.8758180169047922,0.8843055397045069
mixed,1,0.25,11,0.8514907181698856,0.8515544070124108
mixed,1,0.25,12,0.9127685653485419,0.9020847237356941
mixed,1,0.5,1,0.8051217811378861,0.8411290767960091
mixed,1,0.5,2,0.8737364431709161,0.8894861267871957
mixed,1,0.5,3,0.8579774362220508,0.8714987802550443
mixed,1,0.5,4,0.8655402875480877,0.8653270375115047
mixed,1,0.5,5,0.7970879347782648,0.8167285844195463
mixed,1,0.5,6,0.8316575423282605,0.8562114502918038
mixed,1,0.5,7,0.5076800836577666,0.5836110497667888
mixed,1,0.5,8,0.7057248797592294,0.7333650874689573
mixed,1,0.5,9,0.8942403249935245,0.8933390684537638
mixed,1,0.5,10,0.8575695988891746,0.8686738369069302
mixed,1,0.5,11,0.8514907181698856,0.8515544070124108
mixed,1,0.5,12,0.9127685653485419,0.9020847237356941
mixed,1,1.0,1,0.9249295667654218,0.9282955903333888
mixed,1,1.0,2,0.878034820572889,0.8854954620048866
mixed,1,1.0,3,0.8579774362220508,0.8714987802550443
mixed,1,1.0,4,0.8655402875480877,0.8653270375115047
mixed,1,1.0,5,0.8057246006516993,0.8214160876203009
mixed,1,1.0,6,0.8579774362220508,0.8714987802550442
mixed,1,1.0,7,0.5683066119008796,0.6286695112655475
mixed,1,1.0,8,0.7702052651747936,0.7751657063061019
mixed,1,1.0,9,0.8547163784475613,0.8705696332985089
mixed,1,1.0,10,0.8547163784475613,0.870569633298509
mixed,1,1.0,11,0.8659009249285188,0.8764865801895697
mixed,1,1.0,12,0.8355605696750397,0.8530694858190689
mixed,1,2.0,1,0.9017600634019086,0.9030936149738242
mixed,1,2.0,2,0.9017600634019086,0.9030936149738242
mixed,1,2.0,3,0.8579774362220508,0.8714987802550442
mixed,1,2.0,4,0.8579774362220508,0.8714987802550442
mixed,1,2.0,5,0.8087120297483943,0.8322600607439934
mixed,1,2.0,6,0.49835847208619,0.7008211781178822
mixed,1,2.0,7,0.6691305117157305,0.7327686683984616
mixed,1,2.0,8,0.7320571339931862,0.7715167229122957
mixed,1,2.0,9,0.8427678322804026,0.8611195449339737
mixed,1,2.0,10,0.8547163784475613,0.870569633298509
mixed,1,2.0,11,0.8547163784475613,0.870569633298509
mixed,1,2.0,12,0.8547163784475613,0.870569633298509
mixed,1,4.0,1,0.8316575423282605,0.8562114502918039
mixed,1,4.0,2,0.8316575423282605,0.8562114502918039
mixed,1,4.0,3,0.8316575423282605,0.8562114502918039
mixed,1,4.0,4,0.8316575423282605,0.8562114502918039
mixed,1,4.0,5,0.79636797605592,0.8365882717947937
mixed,1,4.0,6,0.79636797605592,0.8365882717947937
mixed,1,4.0,7,0.66611288627231,0.7112738716493155
mixed,1,4.0,8,0.7020051245892501,0.735497592328126
mixed,1,4.0,9,0.806207940196069,0.8286696542188696
mixed,1,4.0,10,0.806207940196069,0.8286696542188696
mixed,1,4.0,11,0.806207940196069,0.8286696542188696
mixed,1,4.0,12,0.806207940196069,0.8286696542188696
mixed,2,0.0,1,0.8301276370866134,0.8311312919848887
mixed,2,0.0,2,0.8479805823937175,0.8542231982531426
mixed,2,0.0,3,0.8507417499243113,0.8656901066460049
mixed,2,0.0,4,0.8116262363927723,0.8393058742540702
mixed,2,0.0,5,0.8746633602645122,0.8877931698701776
mixed,2,0.0,6,0.9335736272148769,0.9289379238753279
mixed,2,0.0,7,0.6812738458301363,0.7074387053266191
mixed,2,0.0,8,0.6906713470072932,0.7161021476888945
mixed,2,0.0,9,0.9089224821685038,0.9165256127025984
mixed,2,0.0,10,0.9085870897696102,0.9258599709434372
mixed,2,0.0,11,0.8763279219764818,0.8879883403833756
mixed,2,0.0,12,0.7847421339855064,0.8026918742089844
mixed,2,0.25,1,0.8516999257368151,0.8490809467394821
mixed,2,0.25,2,0.8341637554168337,0.8429258161841006
mixed,2,0.25,3,0.8244911718848763,0.8452963914347997
mixed,2,0.25,4,0.7760172997487205,0.7981548012807473
mixed,2,0.25,5,0.9453800797938071,0.9431856676015139
mixed,2,0.25,6,0.9335736272148769,0.9289379238753281
mixed,2,0.25,7,0.3734604599885729,0.49841585109543307
mixed,2,0.25,8,0.6912346622569931,0.7207349786640035
mixed,2,0.25,9,0.9199785746767778,0.9285493430409861
mixed,2,0.25,10,0.956901100291713,0.964870744194549
mixed,2,0.25,11,0.8460153727986156,0.8560579389918218
mixed,2,0.25,12,0.7575251383700986,0.7674568981563484
mixed,2,0.5,1,0.8301276370866134,0.8311312919848887
mixed,2,0.5,2,0.8215342903546917,0.8337984364107268
mixed,2,0.5,3,0.8244911718848763,0.8452963914348
mixed,2,0.5,4,0.8116262363927723,0.8393058742540702
mixed,2,0.5,5,0.8824261554648806,0.8849694665146121
mixed,2,0.5,6,0.9335736272148769,0.9289379238753279
mixed,2,0.5,7,0.5825383693407107,0.6642279043529071
mixed,2,0.5,8,0.7024546785271929,0.7332582400026276
mixed,2,0.5,9,0.9089224821685038,0.9165256127025986
mixed,2,0.5,10,0.956901100291713,0.964870744194549
mixed,2,0.5,11,0.8763279219764818,0.8879883403833758
mixed,2,0.5,12,0.7847421339855064,0.8026918742089844
mixed,2,1.0,1,0.8301276370866134,0.8311312919848887
mixed,2,1.0,2,0.8034701173544727,0.8199152301316549
mixed,2,1.0,3,0.8244911718848763,0.8452963914347997
mixed,2,1.0,4,0.9270821257638739,0.9392148871398276
mixed,2,1.0,5,0.8844204447891909,0.8981745598149825
mixed,2,1.0,6,0.8948423891245725,0.8980411259370514
mixed,2,1.0,7,0.6660257599060282,0.70756236463882
mixed,2,1.0,8,0.7084112806481326,0.7434807923971343
mixed,2,1.0,9,0.8988408396857379,0.9023117122061366
mixed,2,1.0,10,0.8988408396857379,0.9023117122061366
mixed,2,1.0,11,0.8785971921072651,0.8763388748687516
mixed,2,1.0,12,0.820466159260823,0.8263584945342898
mixed,2,2.0,1,0.8619077616789894,0.8735408975074326
mixed,2,2.0,2,0.8619077616789894,0.8735408975074326
mixed,2,2.0,3,0.8619077616789894,0.8735408975074326
mixed,2,2.0,4,0.8607533821729728,0.8799299573807822
mixed,2,2.0,5,0.8607533821729728,0.8799299573807822
mixed,2,2.0,6,0.6486864281840056,0.7572932839709139
mixed,2,2.0,7,0.6753480701487737,0.7303340561510466
mixed,2,2.0,8,0.7574919335200292,0.7797700754099235
mixed,2,2.0,9,0.8136503568704487,0.8404163098156131
mixed,2,2.0,10,0.836274385087145,0.8574750663235998
mixed,2,2.0,11,0.836274385087145,0.8574750663235998
mixed,2,2.0,12,0.836274385087145,0.8574750663235998
mixed,2,4.0,1,0.9049712882671235,0.9146767211542793
mixed,2,4.0,2,0.9049712882671235,0.9146767211542793
mixed,2,4.0,3,0.9049712882671235,0.9146767211542793
mixed,2,4.0,4,0.9270821257638739,0.9392148871398275
mixed,2,4.0,5,0.905346466400647,0.9147901860404553
mixed,2,4.0,6,0.8747652097459603,0.8930645800483115
mixed,2,4.0,7,0.7314611671785871,0.7543882643282155
mixed,2,4.0,8,0.7708104322649877,0.8016461356113636
mixed,2,4.0,9,0.876033234943349,0.8881027957354025
mixed,2,4.0,10,0.8977112849228737,0.9125435454051977
mixed,2,4.0,11,0.8977112849228737,0.9125435454051977
mixed,2,4.0,12,0.8977112849228737,0.9125435454051977
mixed,3,0.0,1,0.7901096955669353,0.8183900580319328
mixed,3,0.0,2,0.763018227901171,0.7654477871052938
mixed,3,0.0,3,0.5875879512852941,0.66357469095986
mixed,3,0.0,4,0.8678399551762435,0.8767964186953318
mixed,3,0.0,5,0.807995911181782,0.8268545088839137
mixed,3,0.0,6,0.6092022727912014,0.6840947774493308
mixed,3,0.0,7,0.5601741884402217,0.5826596716101239
mixed,3,0.0,8,0.6583186210300511,0.6522598755149587
mixed,3,0.0,9,0.6280789106408661,0.7214326605865322
mixed,3,0.0,10,0.716508952593005,0.7538769235208883
mixed,3,0.0,11,0.7540733972894776,0.7480667137407758
mixed,3,0.0,12,0.8483155215603871,0.8322904652305374
mixed,3,0.25,1,0.5449553261153937,0.6779381857621085
mixed,3,0.25,2,0.763018227901171,0.7654477871052938
mixed,3,0.25,3,0.7448760826687248,0.7370556281984356
mixed,3,0.25,4,0.9350413872138568,0.9293675120863627
mixed,3,0.25,5,0.8709179311136918,0.8670358786353495
mixed,3,0.25,6,0.2370743805671954,0.4447342821929657
mixed,3,0.25,7,0.14802750960381533,0.3154876455423461
mixed,3,0.25,8,0.20002836997531503,0.3418632750953148
mixed,3,0.25,9,0.7695917789375734,0.7816549805778839
mixed,3,0.25,10,0.806635860177716,0.7991647225621565
mixed,3,0.25,11,0.7154802378545831,0.7494574184566356
mixed,3,0.25,12,0.8483155215603871,0.8322904652305374
mixed,3,0.5,1,0.8518151678540604,0.85717058427899
mixed,3,0.5,2,0.763018227901171,0.7654477871052937
mixed,3,0.5,3,0.7448760826687248,0.7370556281984355
mixed,3,0.5,4,0.9350413872138568,0.9293675120863626
mixed,3,0.5,5,0.8709179311136918,0.8670358786353495
mixed,3,0.5,6,0.7135549872122762,0.7524622735263312
mixed,3,0.5,7,0.43207665188217903,0.5159246748674706
mixed,3,0.5,8,0.6639509539960605,0.6442389286329099
mixed,3,0.5,9,0.7695917789375734,0.781654980577884
mixed,3,0.5,10,0.806635860177716,0.7991647225621565
mixed,3,0.5,11,0.7450713800135962,0.7369365260602369
mixed,3,0.5,12,0.8483155215603871,0.8322904652305374
mixed,3,1.0,1,0.8710183366912346,0.869943937451336
mixed,3,1.0,2,0.7874695573277303,0.7846644607405838
mixed,3,1.0,3,0.7654055982139729,0.7524495598793987
mixed,3,1.0,4,0.9350413872138568,0.9293675120863626
mixed,3,1.0,5,0.8492483638231813,0.8407902318902674
mixed,3,1.0,6,0.7355480745958553,0.7664394539476559
mixed,3,1.0,7,0.6176725252729706,0.6588327044526876
mixed,3,1.0,8,0.7159795822328499,0.7167682610758063
mixed,3,1.0,9,0.7688200355969149,0.7717886255732911
mixed,3,1.0,10,0.806635860177716,0.7991647225621565
mixed,3,1.0,11,0.8478615779598654,0.8556181956685439
mixed,3,1.0,12,0.8483155215603871,0.8322904652305374
mixed,3,2.0,1,0.8539188271417958,0.8578705656946979
mixed,3,2.0,2,0.8539188271417958,0.8578705656946979
mixed,3,2.0,3,0.8316960360842476,0.8394793395376163
mixed,3,2.0,4,0.8497164070378135,0.8565346133447852
mixed,3,2.0,5,0.7650209295563205,0.7942191366954039
mixed,3,2.0,6,0.7166908612709852,0.7644221166545926
mixed,3,2.0,7,0.6020345437990784,0.6489141130604115
mixed,3,2.0,8,0.6377961933400935,0.6893896817132632
mixed,3,2.0,9,0.7520150323888641,0.7667026453627452
mixed,3,2.0,10,0.7890551512038266,0.7867833031698197
mixed,3,2.0,11,0.7890551512038266,0.7867833031698197
mixed,3,2.0,12,0.7890551512038266,0.7867833031698197
mixed,3,4.0,1,0.8316960360842476,0.8394793395376163
mixed,3,4.0,2,0.8316960360842476,0.8394793395376163
mixed,3,4.0,3,0.8316960360842476,0.8394793395376163
mixed,3,4.0,4,0.8316960360842476,0.8394793395376163
mixed,3,4.0,5,0.8316960360842476,0.8394793395376163
mixed,3,4.0,6,0.7494116189768364,0.7591080242793679
mixed,3,4.0,7,0.7325565117689801,0.7325000123643984
mixed,3,4.0,8,0.7701532830321265,0.7804309423598538
mixed,3,4.0,9,0.7701532830321265,0.7804309423598538
mixed,3,4.0,10,0.7471063774043212,0.7534712242805759
mixed,3,4.0,11,0.7471063774043212,0.7534712242805759
mixed,3,4.0,12,0.7471063774043212,0.7534712242805759
mixed,4,0.0,1,0.8548576253694234,0.8647672086857418
mixed,4,0.0,2,0.9104333462107185,0.9208457434868847
mixed,4,0.0,3,0.9074133184375374,0.9112104680994598
mixed,4,0.0,4,0.8107278012395108,0.81585467688442
mixed,4,0.0,5,0.8311235123128393,0.8456069164459948
mixed,4,0.0,6,0.7990679454275293,0.8210476488216165
mixed,4,0.0,7,0.47403230073363833,0.5908657258172292
mixed,4,0.0,8,0.6862600294685318,0.7134092822663489
mixed,4,0.0,9,0.8165638672979589,0.8427328498539758
mixed,4,0.0,10,0.831196186591512,0.8545530656507181
mixed,4,0.0,11,0.8411784625804267,0.8550624506020984
mixed,4,0.0,12,0.8421313163313797,0.8547803752625724
mixed,4,0.25,1,0.9093863402480636,0.9019397780716246
mixed,4,0.25,2,0.9074133184375374,0.9112104680994596
mixed,4,0.25,3,0.886700622524052,0.886992636621295
mixed,4,0.25,4,0.8766563229789821,0.8752469137548881
mixed,4,0.25,5,0.8652607741844173,0.8640764218275105
mixed,4,0.25,6,0.7990679454275293,0.8210476488216165
mixed,4,0.25,7,0.5134617120759543,0.5795042432388371
mixed,4,0.25,8,0.7024937367102465,0.7192085073357832
mixed,4,0.25,9,0.8612609052967,0.8643209104561517
mixed,4,0.25,10,0.8865134652851916,0.889198794819396
mixed,4,0.25,11,0.8411784625804267,0.8550624506020984
mixed,4,0.25,12,0.8411784625804267,0.8550624506020984
mixed,4,0.5,1,0.9093863402480636,0.9019397780716246
mixed,4,0.5,2,0.9074133184375374,0.9112104680994596
mixed,4,0.5,3,0.886700622524052,0.886992636621295
mixed,4,0.5,4,0.8766563229789821,0.8752469137548881
mixed,4,0.5,5,0.8766563229789821,0.8752469137548881
mixed,4,0.5,6,0.6945916388033229,0.7547217032779518
mixed,4,0.5,7,0.5002669992228591,0.5752917826024999
mixed,4,0.5,8,0.6919141709125554,0.7015158787471956
mixed,4,0.5,9,0.8612609052967,0.8643209104561517
mixed,4,0.5,10,0.8282897110104613,0.8444479869501272
mixed,4,0.5,11,0.9029278813249081,0.9098825900170808
mixed,4,0.5,12,0.8421313163313797,0.8547803752625724
mixed,4,1.0,1,0.8548576253694234,0.8647672086857418
mixed,4,1.0,2,0.9074133184375374,0.9112104680994598
mixed,4,1.0,3,0.886700622524052,0.886992636621295
mixed,4,1.0,4,0.833747032892506,0.8351767468243213
mixed,4,1.0,5,0.8694210634713233,0.8794778295521959
mixed,4,1.0,6,0.7990679454275293,0.8210476488216166
mixed,4,1.0,7,0.5780690453959887,0.6355465753373969
mixed,4,1.0,8,0.6961548888202399,0.7180809427520254
mixed,4,1.0,9,0.7848450633546606,0.7999558608059695
mixed,4,1.0,10,0.8222862058254283,0.8432838018265836
mixed,4,1.0,11,0.9029278813249081,0.9098825900170809
mixed,4,1.0,12,0.8421313163313797,0.8547803752625724
mixed,4,2.0,1,0.9074133184375374,0.9112104680994596
mixed,4,2.0,2,0.9074133184375374,0.9112104680994596
mixed,4,2.0,3,0.9074133184375374,0.9112104680994596
mixed,4,2.0,4,0.8953232080324562,0.8999886518801119
mixed,4,2.0,5,0.7913461774968288,0.8424929776166915
mixed,4,2.0,6,0.5754435139034875,0.7347447488568363
mixed,4,2.0,7,0.7411889815100683,0.7834502241315399
mixed,4,2.0,8,0.7956500550462701,0.824659708041797
mixed,4,2.0,9,0.8440881454317155,0.8651994447564284
mixed,4,2.0,10,0.8411784625804267,0.8550624506020984
mixed,4,2.0,11,0.8411784625804267,0.8550624506020984
mixed,4,2.0,12,0.8411784625804267,0.8550624506020984
mixed,4,4.0,1,0.84769218462523,0.8572154270034907
mixed,4,4.0,2,0.84769218462523,0.8572154270034907
mixed,4,4.0,3,0.84769218462523,0.8572154270034907
mixed,4,4.0,4,0.84769218462523,0.8572154270034907
mixed,4,4.0,5,0.8120714585568357,0.8355820789868339
mixed,4,4.0,6,0.7509123653539026,0.8001249162373756
mixed,4,4.0,7,0.6831128971482582,0.7596721089338763
mixed,4,4.0,8,0.7544049421888896,0.778970867157715
mixed,4,4.0,9,0.8267581863694542,0.8341274947316061
mixed,4,4.0,10,0.8267581863694542,0.8341274947316061
mixed,4,4.0,11,0.8267581863694542,0.8341274947316061
mixed,4,4.0,12,0.8267581863694542,0.8341274947316061
mixed,5,0.0,1,0.8176137254462786,0.8278142505835706
mixed,5,0.0,2,0.735660517941326,0.763511873246212
mixed,5,0.0,3,0.7773087665238527,0.8116831174704241
mixed,5,0.0,4,0.7988050908110239,0.8158656736791026
mixed,5,0.0,5,0.7897533771051803,0.8192442954543393
mixed,5,0.0,6,0.7674536992941996,0.8185202191777987
mixed,5,0.0,7,0.5908973542423356,0.666143542945117
mixed,5,0.0,8,0.765020325637757,0.7639123699423032
mixed,5,0.0,9,0.8538507327932445,0.8587555148332695
mixed,5,0.0,10,0.7509964129135114,0.7982944805102483
mixed,5,0.0,11,0.8053314831778589,0.8095856065645519
mixed,5,0.0,12,0.717631280305375,0.7705280929773407
mixed,5,0.25,1,0.8289294574136505,0.8385132552379702
mixed,5,0.25,2,0.7488728655633141,0.7836562530609912
mixed,5,0.25,3,0.8484374950372721,0.8560052721232578
mixed,5,0.25,4,0.7799838916370205,0.8069134017809418
mixed,5,0.25,5,0.7714471114183511,0.8105115584854579
mixed,5,0.25,6,0.7674536992941996,0.8185202191777987
mixed,5,0.25,7,0.5102842023567327,0.5871396544559522
mixed,5,0.25,8,0.6054805565193673,0.6696967924219938
mixed,5,0.25,9,0.6081316611165088,0.7404934058498776
mixed,5,0.25,10,0.8329874647633899,0.8414403101039732
mixed,5,0.25,11,0.8053314831778589,0.8095856065645518
mixed,5,0.25,12,0.5339146251527715,0.6843768527471127
mixed,5,0.5,1,0.8888918112120774,0.8914114824302745
mixed,5,0.5,2,0.8105972348476147,0.830061238164324
mixed,5,0.5,3,0.8234473407547874,0.8390312922197054
mixed,5,0.5,4,0.7799838916370205,0.8069134017809418
mixed,5,0.5,5,0.8234473407547874,0.8390312922197053
mixed,5,0.5,6,0.7674536992941996,0.8185202191777987
mixed,5,0.5,7,0.6789309090989543,0.6907455726292052
mixed,5,0.5,8,0.7986023208749896,0.7809041595690438
mixed,5,0.5,9,0.8093054388854042,0.8176803108564423
mixed,5,0.5,10,0.8329874647633899,0.8414403101039732
mixed,5,0.5,11,0.8053314831778589,0.8095856065645519
mixed,5,0.5,12,0.5837676719358736,0.7216465444204787
mixed,5,1.0,1,0.8675072337155187,0.8770482017537058
mixed,5,1.0,2,0.7810133326360311,0.7968236971995813
mixed,5,1.0,3,0.7813553160340745,0.8077095738358093
mixed,5,1.0,4,0.7704653627643957,0.7979695949089177
mixed,5,1.0,5,0.7714471114183511,0.810511558485458
mixed,5,1.0,6,0.7674536992941996,0.8185202191777987
mixed,5,1.0,7,0.6783549807775172,0.716094942624346
mixed,5,1.0,8,0.8018168054504163,0.8081495375412865
mixed,5,1.0,9,0.8093054388854042,0.8176803108564423
mixed,5,1.0,10,0.8691136841578482,0.8770078179591757
mixed,5,1.0,11,0.8265960209633446,0.8347992490459696
mixed,5,1.0,12,0.7602709982858542,0.7960434760053091
mixed,5,2.0,1,0.8675072337155187,0.8770482017537058
mixed,5,2.0,2,0.8675072337155187,0.8770482017537058
mixed,5,2.0,3,0.8675072337155187,0.8770482017537058
mixed,5,2.0,4,0.8675072337155187,0.8770482017537058
mixed,5,2.0,5,0.8564250888356334,0.8664391493597542
mixed,5,2.0,6,0.716232399160676,0.7772346252776471
mixed,5,2.0,7,0.6646557753945286,0.7327784315698753
mixed,5,2.0,8,0.7787711754998484,0.7842824243754278
mixed,5,2.0,9,0.8445534940629885,0.8406997579739554
mixed,5,2.0,10,0.8688036727861594,0.8770943498660495
mixed,5,2.0,11,0.8688036727861594,0.8770943498660495
mixed,5,2.0,12,0.8688036727861594,0.8770943498660495
mixed,5,4.0,1,0.8464021912985217,0.852234323363252
mixed,5,4.0,2,0.8464021912985217,0.852234323363252
mixed,5,4.0,3,0.8675072337155187,0.8770482017537059
mixed,5,4.0,4,0.8888026111447448,0.8836715572107651
mixed,5,4.0,5,0.8443733714743558,0.8604235852403167
mixed,5,4.0,6,0.8443733714743558,0.8604235852403167
mixed,5,4.0,7,0.6858088397680788,0.7514190590803734
mixed,5,4.0,8,0.7878059411694779,0.813335493193048
mixed,5,4.0,9,0.8584844297174594,0.871346166805126
mixed,5,4.0,10,0.8584844297174594,0.871346166805126
mixed,5,4.0,11,0.8584844297174594,0.871346166805126
mixed,5,4.0,12,0.8584844297174594,0.871346166805126
mixed,6,0.0,1,0.8533047250338168,0.8739430097493868
mixed,6,0.0,2,0.7914200006998368,0.8096788029997923
mixed,6,0.0,3,0.7771706659278965,0.8119066895299216
mixed,6,0.0,4,0.8591735023025893,0.8584724825557414
mixed,6,0.0,5,0.8204727499052876,0.8340097813790289
mixed,6,0.0,6,0.7641280535205296,0.798768324570091
mixed,6,0.0,7,0.4508811216045176,0.5716828191538418
mixed,6,0.0,8,0.6665641851301988,0.6982039075555765
mixed,6,0.0,9,0.8157732073544826,0.8232111092038725
mixed,6,0.0,10,0.8705802933134099,0.8698395562766905
mixed,6,0.0,11,0.8058331687905345,0.8035084573410342
mixed,6,0.0,12,0.881978639982046,0.8804919593819129
mixed,6,0.25,1,0.7954863579985142,0.8110905764443145
mixed,6,0.25,2,0.7914200006998368,0.8096788029997923
mixed,6,0.25,3,0.7534099965843106,0.7864690965414414
mixed,6,0.25,4,0.8533406964919488,0.8518435522967585
mixed,6,0.25,5,0.8481673986327679,0.8492609553419835
mixed,6,0.25,6,0.7843302386374355,0.8106747766091108
mixed,6,0.25,7,0.3903753692244669,0.565627222041654
mixed,6,0.25,8,0.6472468995121088,0.7023469601630689
mixed,6,0.25,9,0.8420486971958386,0.8517139961519585
mixed,6,0.25,10,0.85691531054717,0.8681706464012151
mixed,6,0.25,11,0.7572232712244825,0.7753377163332871
mixed,6,0.25,12,0.8672981044371415,0.8792669462284038
mixed,6,0.5,1,0.7954863579985142,0.8110905764443145
mixed,6,0.5,2,0.7914200006998368,0.8096788029997923
mixed,6,0.5,3,0.7967743424392881,0.8176038832333972
mixed,6,0.5,4,0.8533406964919488,0.8518435522967587
mixed,6,0.5,5,0.8481673986327679,0.8492609553419835
mixed,6,0.5,6,0.7843302386374355,0.8106747766091108
mixed,6,0.5,7,0.5440215152249215,0.6503543829847367
mixed,6,0.5,8,0.6811322022692722,0.7252975822914726
mixed,6,0.5,9,0.8223237836284057,0.8342474996723118
mixed,6,0.5,10,0.8672981044371415,0.8792669462284037
mixed,6,0.5,11,0.8046584871164943,0.8215036604426138
mixed,6,0.5,12,0.8672981044371415,0.8792669462284037
mixed,6,1.0,1,0.8213375095453193,0.8443272450661845
mixed,6,1.0,2,0.8213375095453193,0.8443272450661845
mixed,6,1.0,3,0.8698502375265037,0.8735579159257499
mixed,6,1.0,4,0.8533406964919488,0.8518435522967587
mixed,6,1.0,5,0.8481673986327679,0.8492609553419835
mixed,6,1.0,6,0.8015130036437945,0.8195658570617885
mixed,6,1.0,7,0.5521506244377931,0.6712021322067583
mixed,6,1.0,8,0.6483167793220843,0.7198892880432042
mixed,6,1.0,9,0.8087032738226237,0.8287271618410313
mixed,6,1.0,10,0.881978639982046,0.8804919593819129
mixed,6,1.0,11,0.8201547068193186,0.8313148519392769
mixed,6,1.0,12,0.8555619791540803,0.8675101710223636
mixed,6,2.0,1,0.8698502375265037,0.8735579159257502
mixed,6,2.0,2,0.8698502375265037,0.8735579159257502
mixed,6,2.0,3,0.8698502375265037,0.8735579159257502
mixed,6,2.0,4,0.8698502375265037,0.8735579159257502
mixed,6,2.0,5,0.8594956253216676,0.8675304821376477
mixed,6,2.0,6,0.7274748068257839,0.7682619232130066
mixed,6,2.0,7,0.5993317169085273,0.6899367076179385
mixed,6,2.0,8,0.576160068451367,0.6825844045343353
mixed,6,2.0,9,0.6394700807501367,0.7079155449685239
mixed,6,2.0,10,0.7426158380372652,0.7812484531060448
mixed,6,2.0,11,0.7516776979028555,0.7905953095803515
mixed,6,2.0,12,0.7516776979028555,0.7905953095803515
mixed,6,4.0,1,0.8455865315228833,0.8619602989658249
mixed,6,4.0,2,0.8455865315228833,0.8619602989658249
mixed,6,4.0,3,0.8455865315228833,0.8619602989658249
mixed,6,4.0,4,0.8455865315228833,0.8619602989658249
mixed,6,4.0,5,0.8280003197143885,0.8525202911463305
mixed,6,4.0,6,0.7190032170093245,0.7781007819956697
mixed,6,4.0,7,0.7442186082710378,0.7745179203752598
mixed,6,4.0,8,0.7683995817249971,0.8004944727059963
mixed,6,4.0,9,0.8139295122506035,0.8444288667445005
mixed,6,4.0,10,0.8139295122506035,0.8444288667445005
mixed,6,4.0,11,0.8139295122506035,0.8444288667445005
mixed,6,4.0,12,0.8139295122506035,0.8444288667445005
mixed,7,0.0,1,0.7681605342183228,0.7937765066433802
mixed,7,0.0,2,0.8105934022388799,0.8134251700646781
mixed,7,0.0,3,0.8554041433606813,0.843045550178432
mixed,7,0.0,4,0.8201702702794483,0.8149753827043932
mixed,7,0.0,5,0.8056609654948094,0.8075702971933882
mixed,7,0.0,6,0.8487890512359821,0.8702655465265734
mixed,7,0.0,7,0.5869827424242642,0.6351452718163433
mixed,7,0.0,8,0.651248232031136,0.6976270042735913
mixed,7,0.0,9,0.8345077691037381,0.8467698532351656
mixed,7,0.0,10,0.8363310189030265,0.8261649307175386
mixed,7,0.0,11,0.9071069460803302,0.8987816311139162
mixed,7,0.0,12,0.7946548350752612,0.8000075252857956
mixed,7,0.25,1,0.8429810260281533,0.8526471325039284
mixed,7,0.25,2,0.7448760826687248,0.762250347183489
mixed,7,0.25,3,0.8221869021899477,0.8265398609817202
mixed,7,0.25,4,0.8117653061875331,0.8161470453868181
mixed,7,0.25,5,0.7969629756014333,0.8180947429371406
mixed,7,0.25,6,0.8264993405842708,0.854683786449363
mixed,7,0.25,7,0.5009568138036509,0.5802601015772638
mixed,7,0.25,8,0.5375265488279022,0.6279364284050847
mixed,7,0.25,9,0.6347658775125293,0.7295874089641862
mixed,7,0.25,10,0.8363310189030265,0.8261649307175386
mixed,7,0.25,11,0.8523278930771301,0.8521889715288724
mixed,7,0.25,12,0.8457207207207207,0.8498296924309263
mixed,7,0.5,1,0.8429810260281533,0.8526471325039284
mixed,7,0.5,2,0.7969629756014333,0.8180947429371407
mixed,7,0.5,3,0.8195159947185607,0.8338089439143794
mixed,7,0.5,4,0.7981298668477832,0.8202396227735873
mixed,7,0.5,5,0.7969629756014333,0.8180947429371407
mixed,7,0.5,6,0.8264993405842708,0.8546837864493628
mixed,7,0.5,7,0.5097414196478727,0.5600389202135401
mixed,7,0.5,8,0.5516126752041828,0.6176581438786287
mixed,7,0.5,9,0.8300652361271004,0.8246591886995219
mixed,7,0.5,10,0.8001207843433294,0.8182951094589176
mixed,7,0.5,11,0.891226376662711,0.8953461233567019
mixed,7,0.5,12,0.8457207207207207,0.8498296924309265
mixed,7,1.0,1,0.8465162801716196,0.8506684786441788
mixed,7,1.0,2,0.8191501363790209,0.8182816516993769
mixed,7,1.0,3,0.8554041433606813,0.843045550178432
mixed,7,1.0,4,0.8320208023774146,0.8247829363887128
mixed,7,1.0,5,0.8283557442793111,0.8211131107934123
mixed,7,1.0,6,0.720265743144292,0.7578340991633836
mixed,7,1.0,7,0.630607210458237,0.6623408036466423
mixed,7,1.0,8,0.6767460577169693,0.710678203463152
mixed,7,1.0,9,0.8106557678226021,0.8144943598094353
mixed,7,1.0,10,0.8001207843433294,0.8182951094589176
mixed,7,1.0,11,0.8457207207207207,0.8498296924309263
mixed,7,1.0,12,0.8457207207207207,0.8498296924309263
mixed,7,2.0,1,0.8286537077033838,0.8334189501086409
mixed,7,2.0,2,0.8286537077033838,0.8334189501086409
mixed,7,2.0,3,0.834326180372418,0.8263502897087402
mixed,7,2.0,4,0.834326180372418,0.8263502897087402
mixed,7,2.0,5,0.8173758033494394,0.8234160678149218
mixed,7,2.0,6,0.6591598337638999,0.7308822136915819
mixed,7,2.0,7,0.6704586948465294,0.7048557702906758
mixed,7,2.0,8,0.7628498817120475,0.7801397633905289
mixed,7,2.0,9,0.8310451234719894,0.833370997184696
mixed,7,2.0,10,0.8310451234719894,0.833370997184696
mixed,7,2.0,11,0.845962151095231,0.8436052329432938
mixed,7,2.0,12,0.845962151095231,0.8436052329432938
mixed,7,4.0,1,0.8061058228282308,0.8210292221483602
mixed,7,4.0,2,0.8061058228282308,0.8210292221483602
mixed,7,4.0,3,0.8061058228282308,0.8210292221483602
mixed,7,4.0,4,0.8061058228282308,0.8210292221483602
mixed,7,4.0,5,0.7853558488161619,0.8076573598887297
mixed,7,4.0,6,0.744654475893228,0.7769632437173325
mixed,7,4.0,7,0.7753993701617878,0.7868478138311498
mixed,7,4.0,8,0.8177051483967264,0.8237858348555186
mixed,7,4.0,9,0.8625860890594605,0.8776746854533456
mixed,7,4.0,10,0.8625860890594605,0.8776746854533456
mixed,7,4.0,11,0.8424171654687069,0.8515159045993741
mixed,7,4.0,12,0.8424171654687069,0.8515159045993741
mixed,8,0.0,1,0.8524518038556915,0.8466515864668598
mixed,8,0.0,2,0.8359705809437237,0.8333162013692152
mixed,8,0.0,3,0.747377769560667,0.7701663210378962
mixed,8,0.0,4,0.8380353343816483,0.8443018073325211
mixed,8,0.0,5,0.8046564964611563,0.8167080918882724
mixed,8,0.0,6,0.7649809512888142,0.7933539070043206
mixed,8,0.0,7,0.4709396324662411,0.5656969746346183
mixed,8,0.0,8,0.6266271377978259,0.6640159203319059
mixed,8,0.0,9,0.8034007121029465,0.8067655597097559
mixed,8,0.0,10,0.875195771339076,0.8684497625677425
mixed,8,0.0,11,0.833279233112098,0.8426768438795371
mixed,8,0.0,12,0.8455337130088707,0.850246596563716
mixed,8,0.25,1,0.6958989881844843,0.7260701294781989
mixed,8,0.25,2,0.7656492301837728,0.7837381709100535
mixed,8,0.25,3,0.44019974460717487,0.6179850273634842
mixed,8,0.25,4,0.6131688671761272,0.7502463632873906
mixed,8,0.25,5,0.7666747967222151,0.7949131295911894
mixed,8,0.25,6,0.6557994000064515,0.8005343812114106
mixed,8,0.25,7,0.32654051431344006,0.4785267378608708
mixed,8,0.25,8,0.6040333869279007,0.6121695239918334
mixed,8,0.25,9,0.5882148916823683,0.7247731846645573
mixed,8,0.25,10,0.7898803500736717,0.8150274425382482
mixed,8,0.25,11,0.8554421768707483,0.8572043837974482
mixed,8,0.25,12,0.8455337130088707,0.850246596563716
mixed,8,0.5,1,0.6958989881844843,0.7260701294781989
mixed,8,0.5,2,0.7657093500323904,0.7709602970677542
mixed,8,0.5,3,0.6773034928025115,0.7320711405011988
mixed,8,0.5,4,0.8462888498878102,0.8535440861903572
mixed,8,0.5,5,0.854847082578274,0.869062497047497
mixed,8,0.5,6,0.6557994000064515,0.8005343812114106
mixed,8,0.5,7,0.16909148215990535,0.3463761511843011
mixed,8,0.5,8,0.6532779159427202,0.6535335579033624
mixed,8,0.5,9,0.7556461968426619,0.7716483430848227
mixed,8,0.5,10,0.875195771339076,0.8684497625677425
mixed,8,0.5,11,0.8554421768707483,0.8572043837974482
mixed,8,0.5,12,0.8455337130088707,0.8502465965637162
mixed,8,1.0,1,0.6958989881844843,0.7260701294781989
mixed,8,1.0,2,0.7656492301837728,0.7837381709100535
mixed,8,1.0,3,0.7575302869959407,0.7792158684689025
mixed,8,1.0,4,0.8380353343816483,0.8443018073325211
mixed,8,1.0,5,0.8116262363927723,0.8393058742540702
mixed,8,1.0,6,0.8187290628123612,0.8340382578711215
mixed,8,1.0,7,0.5772487380307197,0.603847279574585
mixed,8,1.0,8,0.6757794924485095,0.6911961872505187
mixed,8,1.0,9,0.8254293506991714,0.8312939730541957
mixed,8,1.0,10,0.8873480925404604,0.879317163648902
mixed,8,1.0,11,0.8345132396328565,0.8326263960394996
mixed,8,1.0,12,0.8455337130088707,0.8502465965637162
mixed,8,2.0,1,0.866902308292262,0.8673564566412973
mixed,8,2.0,2,0.866902308292262,0.8673564566412973
mixed,8,2.0,3,0.8883199745315024,0.8919062734974155
mixed,8,2.0,4,0.866902308292262,0.8673564566412973
mixed,8,2.0,5,0.866902308292262,0.8673564566412973
mixed,8,2.0,6,0.8344086021505376,0.8439604324448888
mixed,8,2.0,7,0.7639827060982762,0.7712762625585532
mixed,8,2.0,8,0.8162796139363105,0.844372754043362
mixed,8,2.0,9,0.828639751343601,0.8564871908333566
mixed,8,2.0,10,0.8786878135122467,0.8814574779248854
mixed,8,2.0,11,0.8679677465722618,0.8674646608407715
mixed,8,2.0,12,0.8679677465722618,0.8674646608407715
mixed,8,4.0,1,0.8741510900449779,0.8837013516622174
mixed,8,4.0,2,0.8741510900449779,0.8837013516622174
mixed,8,4.0,3,0.8741510900449779,0.8837013516622174
mixed,8,4.0,4,0.8741510900449779,0.8837013516622174
mixed,8,4.0,5,0.854847082578274,0.8691082084839471
mixed,8,4.0,6,0.8187458065829096,0.8455340633194233
mixed,8,4.0,7,0.766780240416512,0.7682272086866988
mixed,8,4.0,8,0.7734289792313741,0.7650496453956119
mixed,8,4.0,9,0.8355459748063503,0.8410524835139078
mixed,8,4.0,10,0.8355459748063503,0.8410524835139078
mixed,8,4.0,11,0.8355459748063503,0.8410524835139078
mixed,8,4.0,12,0.8355459748063503,0.8410524835139078
mixed,9,0.0,1,0.8169035661475749,0.8227183320878614
mixed,9,0.0,2,0.8733551090346849,0.8787204960768826
mixed,9,0.0,3,0.7101839885177657,0.7571071204590696
mixed,9,0.0,4,0.8355348837209302,0.8488850650450713
mixed,9,0.0,5,0.6949660525675827,0.7683796056578459
mixed,9,0.0,6,0.754421816644352,0.7868604891677947
mixed,9,0.0,7,0.5297306838813799,0.6048979133150147
mixed,9,0.0,8,0.5276687339183216,0.6225452684189634
mixed,9,0.0,9,0.8154659739295821,0.8294703602259478
mixed,9,0.0,10,0.6452610682793961,0.7064469562580662
mixed,9,0.0,11,0.7221802132683137,0.7764609457215313
mixed,9,0.0,12,0.8583422008012018,0.8670284025290722
mixed,9,0.25,1,0.6272754453646373,0.7294571535871447
mixed,9,0.25,2,0.6673459257517569,0.7851931553743643
mixed,9,0.25,3,0.30663662017581256,0.5292989447069444
mixed,9,0.25,4,0.6666354099513567,0.7781083574424298
mixed,9,0.25,5,0.6402672693328093,0.7548961116622295
mixed,9,0.25,6,0.64759586802464,0.7607846891885558
mixed,9,0.25,7,0.2283352064850905,0.43096613480650464
mixed,9,0.25,8,0.262099946412487,0.4793055143398405
mixed,9,0.25,9,0.6254855154555753,0.73619928449992
mixed,9,0.25,10,0.5927327430813275,0.7247492940422723
mixed,9,0.25,11,0.6192863992328592,0.7466968078068904
mixed,9,0.25,12,0.646904182163594,0.7774329463163716
mixed,9,0.5,1,0.6272754453646373,0.7294571535871446
mixed,9,0.5,2,0.6673459257517569,0.7851931553743642
mixed,9,0.5,3,0.6402672693328093,0.7548961116622293
mixed,9,0.5,4,0.6673459257517569,0.7851931553743642
mixed,9,0.5,5,0.6402672693328093,0.7548961116622294
mixed,9,0.5,6,0.6567908623871515,0.7744700877664973
mixed,9,0.5,7,0.4951600893521966,0.591469007564588
mixed,9,0.5,8,0.4312530304079795,0.5829446022710768
mixed,9,0.5,9,0.6254855154555753,0.73619928449992
mixed,9,0.5,10,0.5927327430813275,0.7247492940422723
mixed,9,0.5,11,0.6192863992328592,0.7466968078068904
mixed,9,0.5,12,0.646904182163594,0.7774329463163716
mixed,9,1.0,1,0.6272754453646373,0.7294571535871446
mixed,9,1.0,2,0.6673459257517569,0.7851931553743642
mixed,9,1.0,3,0.6402672693328093,0.7548961116622293
mixed,9,1.0,4,0.6666354099513567,0.7781083574424297
mixed,9,1.0,5,0.6402672693328093,0.7548961116622294
mixed,9,1.0,6,0.6563861387604728,0.7678070918129277
mixed,9,1.0,7,0.503277630352148,0.5978776343473183
mixed,9,1.0,8,0.5805483028720627,0.6937693306645288
mixed,9,1.0,9,0.6254855154555753,0.73619928449992
mixed,9,1.0,10,0.5927327430813275,0.7247492940422723
mixed,9,1.0,11,0.6192863992328592,0.7466968078068904
mixed,9,1.0,12,0.646904182163594,0.7774329463163716
mixed,9,2.0,1,0.861177772444871,0.8645212544592805
mixed,9,2.0,2,0.861177772444871,0.8645212544592805
mixed,9,2.0,3,0.8733551090346849,0.8787204960768825
mixed,9,2.0,4,0.8652249378430361,0.8719917963351697
mixed,9,2.0,5,0.795569031127659,0.819085374114628
mixed,9,2.0,6,0.6934526834499848,0.7494635989640553
mixed,9,2.0,7,0.5910439774275151,0.6582425783882491
mixed,9,2.0,8,0.6652133444373683,0.7231688026571435
mixed,9,2.0,9,0.8270406496476408,0.8468962581808741
mixed,9,2.0,10,0.8377782249326688,0.8571153054871182
mixed,9,2.0,11,0.8557602901066204,0.8627950241831848
mixed,9,2.0,12,0.8557602901066204,0.8627950241831848
mixed,9,4.0,1,0.6402672693328093,0.7548961116622295
mixed,9,4.0,2,0.6402672693328093,0.7548961116622295
mixed,9,4.0,3,0.6673459257517569,0.7851931553743642
mixed,9,4.0,4,0.6582896888649679,0.7718761005854028
mixed,9,4.0,5,0.5344461698541062,0.6273848133433214
mixed,9,4.0,6,0.4851284118762361,0.5914095673983472
mixed,9,4.0,7,0.5040618782839361,0.5932895787223387
mixed,9,4.0,8,0.5595837595404831,0.663323903234201
mixed,9,4.0,9,0.5929879262305957,0.6975487588442043
mixed,9,4.0,10,0.6192863992328592,0.7466968078068904
mixed,9,4.0,11,0.6192863992328592,0.7466968078068904
mixed,9,4.0,12,0.6192863992328592,0.7466968078068904
mixed,10,0.0,1,0.8616079657614361,0.8630460765361783
mixed,10,0.0,2,0.9074133184375374,0.9112104680994598
mixed,10,0.0,3,0.8506222958175311,0.8673156024434427
mixed,10,0.0,4,0.8459588905769899,0.8636954599959118
mixed,10,0.0,5,0.8474801508334289,0.8513902081294097
mixed,10,0.0,6,0.8522419317186056,0.8824134423696915
mixed,10,0.0,7,0.5873471164922447,0.6700886986624074
mixed,10,0.0,8,0.6356831235112754,0.6968179019801983
mixed,10,0.0,9,0.860201101089876,0.8601794643887275
mixed,10,0.0,10,0.8460977359667373,0.8473413313064979
mixed,10,0.0,11,0.8596333201974141,0.8565672496215718
mixed,10,0.0,12,0.8894669867214422,0.8893348182631391
mixed,10,0.25,1,0.8167140539360952,0.8435876112762714
mixed,10,0.25,2,0.8357853585830357,0.8692545162179961
mixed,10,0.25,3,0.9001422055959823,0.9017259133608266
mixed,10,0.25,4,0.8680179383730089,0.8728776103207901
mixed,10,0.25,5,0.8650154897132417,0.8681154827365326
mixed,10,0.25,6,0.9351424227646941,0.9404185439808235
mixed,10,0.25,7,0.6096673320026613,0.669868262598574
mixed,10,0.25,8,0.5757069856657241,0.6772743936866168
mixed,10,0.25,9,0.892387659160932,0.8879173611222047
mixed,10,0.25,10,0.8700566482593252,0.8695590806980565
mixed,10,0.25,11,0.8596333201974141,0.8565672496215717
mixed,10,0.25,12,0.9341197944613586,0.9352958733741468
mixed,10,0.5,1,0.8709624681785272,0.8731128715555947
mixed,10,0.5,2,0.9074133184375374,0.9112104680994598
mixed,10,0.5,3,0.84769218462523,0.8572154270034907
mixed,10,0.5,4,0.8931531357123068,0.8977990558599824
mixed,10,0.5,5,0.8650154897132417,0.8681154827365326
mixed,10,0.5,6,0.9351424227646941,0.9404185439808235
mixed,10,0.5,7,0.6558579214091401,0.6817018826873747
mixed,10,0.5,8,0.5772555520868096,0.6838671820698073
mixed,10,0.5,9,0.892387659160932,0.8879173611222049
mixed,10,0.5,10,0.8700566482593252,0.8695590806980565
mixed,10,0.5,11,0.8723739026980073,0.867289207288537
mixed,10,0.5,12,0.9341197944613586,0.9352958733741468
mixed,10,1.0,1,0.8796288853161843,0.8872031896169362
mixed,10,1.0,2,0.9074133184375374,0.9112104680994598
mixed,10,1.0,3,0.9074133184375374,0.9112104680994598
mixed,10,1.0,4,0.8813551356377711,0.8868620862184593
mixed,10,1.0,5,0.8766563229789821,0.8752469137548881
mixed,10,1.0,6,0.9351424227646941,0.9404185439808235
mixed,10,1.0,7,0.691509245649373,0.7232362217848259
mixed,10,1.0,8,0.7730031561058509,0.7691823640677845
mixed,10,1.0,9,0.860201101089876,0.8601794643887275
mixed,10,1.0,10,0.8700566482593252,0.8695590806980565
mixed,10,1.0,11,0.892387659160932,0.8879173611222049
mixed,10,1.0,12,0.9155178791890073,0.9145999667770099
mixed,10,2.0,1,0.8631825241543458,0.8654336809564521
mixed,10,2.0,2,0.8631825241543458,0.8654336809564521
mixed,10,2.0,3,0.8631825241543458,0.8654336809564521
mixed,10,2.0,4,0.8511262738627373,0.8549469459270761
mixed,10,2.0,5,0.8398058252427184,0.8480303853817907
mixed,10,2.0,6,0.7050715280050934,0.7938619687368061
mixed,10,2.0,7,0.6716753682244577,0.7537071747622628
mixed,10,2.0,8,0.8362368958178344,0.8373740979935183
mixed,10,2.0,9,0.8441762597613799,0.8424593673709662
mixed,10,2.0,10,0.8613229934740232,0.8607857924623465
mixed,10,2.0,11,0.8613229934740232,0.8607857924623465
mixed,10,2.0,12,0.8613229934740232,0.8607857924623465
mixed,10,4.0,1,0.8631825241543458,0.8654336809564521
mixed,10,4.0,2,0.8631825241543458,0.8654336809564521
mixed,10,4.0,3,0.8631825241543458,0.8654336809564521
mixed,10,4.0,4,0.8428047234638735,0.8318562484423576
mixed,10,4.0,5,0.7755408422511356,0.8017576943996394
mixed,10,4.0,6,0.7476497313079702,0.8081857831514779
mixed,10,4.0,7,0.681297019372866,0.7288001755417134
mixed,10,4.0,8,0.7417939325211198,0.7882047900138804
mixed,10,4.0,9,0.7669989057548866,0.8064035935070392
mixed,10,4.0,10,0.7669989057548866,0.8064035935070392
mixed,10,4.0,11,0.7669989057548866,0.8064035935070392
mixed,10,4.0,12,0.7669989057548866,0.8064035935070392
mixed,11,0.0,1,0.7763383117972814,0.7927675817096854
mixed,11,0.0,2,0.7094436501818503,0.7470759725761832
mixed,11,0.0,3,0.6527281963250363,0.7340113360493147
mixed,11,0.0,4,0.7533210709176374,0.7729001635160708
mixed,11,0.0,5,0.6377141487959747,0.7165397068161565
mixed,11,0.0,6,0.8698549550899636,0.8614987560992879
mixed,11,0.0,7,0.5165425396372153,0.618292923320059
mixed,11,0.0,8,0.6236137588362216,0.6895556450722155
mixed,11,0.0,9,0.8718193950177936,0.8617569318487909
mixed,11,0.0,10,0.7695905155294305,0.8237827380413623
mixed,11,0.0,11,0.789595133207468,0.8230851889139283
mixed,11,0.0,12,0.856991361992442,0.8599347789181888
mixed,11,0.25,1,0.8697536241595747,0.8586025220184986
mixed,11,0.25,2,0.8116422977582303,0.8165150647623751
mixed,11,0.25,3,0.7624126316734019,0.7638573025395073
mixed,11,0.25,4,0.7555405550128677,0.7765669164497444
mixed,11,0.25,5,0.7953059898321929,0.8060056012646551
mixed,11,0.25,6,0.6282424795535119,0.7560838869215455
mixed,11,0.25,7,0.21665122863129904,0.36821475606966053
mixed,11,0.25,8,0.3141776661288751,0.4912785624070185
mixed,11,0.25,9,0.6352076111545236,0.7352911333921234
mixed,11,0.25,10,0.7198118051757751,0.8131579670018806
mixed,11,0.25,11,0.8936784659131413,0.8850374791461612
mixed,11,0.25,12,0.8899503877294745,0.8839219298228782
mixed,11,0.5,1,0.8697536241595747,0.8586025220184986
mixed,11,0.5,2,0.8116422977582303,0.8165150647623752
mixed,11,0.5,3,0.8154321911634973,0.8305140727274108
mixed,11,0.5,4,0.7555405550128677,0.7765669164497444
mixed,11,0.5,5,0.8709179311136918,0.861853238973355
mixed,11,0.5,6,0.8698549550899636,0.8614987560992878
mixed,11,0.5,7,0.6821171064099517,0.6775825701827602
mixed,11,0.5,8,0.7477971187295681,0.739203327809718
mixed,11,0.5,9,0.8718193950177936,0.8617569318487908
mixed,11,0.5,10,0.8216331138467108,0.8221654751839431
mixed,11,0.5,11,0.8936784659131413,0.8850374791461612
mixed,11,0.5,12,0.8899503877294745,0.8839219298228782
mixed,11,1.0,1,0.8910607486323983,0.88474585564747
mixed,11,1.0,2,0.8116422977582303,0.8165150647623752
mixed,11,1.0,3,0.8053532731340847,0.8201883153763401
mixed,11,1.0,4,0.8491012690498184,0.8419739982399475
mixed,11,1.0,5,0.8709179311136918,0.861853238973355
mixed,11,1.0,6,0.8902588844959682,0.8764225699672745
mixed,11,1.0,7,0.6327257899831594,0.6552574322942548
mixed,11,1.0,8,0.7306357808472672,0.7330047042453964
mixed,11,1.0,9,0.8718193950177936,0.8617569318487908
mixed,11,1.0,10,0.8216331138467108,0.8221654751839431
mixed,11,1.0,11,0.8936784659131413,0.8850374791461612
mixed,11,1.0,12,0.8911659677708744,0.8763080344820776
mixed,11,2.0,1,0.7783773458765102,0.801979412163845
mixed,11,2.0,2,0.7783773458765102,0.801979412163845
mixed,11,2.0,3,0.8162615602565939,0.8319886376605123
mixed,11,2.0,4,0.8341637554168337,0.8460710923409591
mixed,11,2.0,5,0.8341637554168337,0.8460710923409591
mixed,11,2.0,6,0.756802682036327,0.7951563158781945
mixed,11,2.0,7,0.5478509622204359,0.6412939593946482
mixed,11,2.0,8,0.7127680503639583,0.7418327779571462
mixed,11,2.0,9,0.8047348502812266,0.8159405643385306
mixed,11,2.0,10,0.8581291784181581,0.8584687188582304
mixed,11,2.0,11,0.8609342921516728,0.8594538657967248
mixed,11,2.0,12,0.8609342921516728,0.8594538657967248
mixed,11,4.0,1,0.8713186184084982,0.8827720803147812
mixed,11,4.0,2,0.8713186184084982,0.8827720803147812
mixed,11,4.0,3,0.8713186184084982,0.8827720803147812
mixed,11,4.0,4,0.8713186184084982,0.8827720803147812
mixed,11,4.0,5,0.8522743508091273,0.8712843072145675
mixed,11,4.0,6,0.8341148143454569,0.8609963560570852
mixed,11,4.0,7,0.7010991374878801,0.700744375272473
mixed,11,4.0,8,0.8540228637751178,0.8519285048088463
mixed,11,4.0,9,0.8925411211604068,0.8956219978009861
mixed,11,4.0,10,0.8925411211604068,0.8956219978009861
mixed,11,4.0,11,0.8925411211604068,0.8956219978009861
mixed,11,4.0,12,0.8925411211604068,0.8956219978009861
mixed,12,0.0,1,0.8268608414239482,0.8292870531165596
mixed,12,0.0,2,0.8474307769760027,0.8490155204558273
mixed,12,0.0,3,0.8352137848235969,0.8560744292093324
mixed,12,0.0,4,0.8594956253216676,0.8675304821376477
mixed,12,0.0,5,0.8370445822062424,0.8390656322549829
mixed,12,0.0,6,0.8094754699241717,0.8300487310352777
mixed,12,0.0,7,0.6349562387298237,0.6836873365976341
mixed,12,0.0,8,0.6034553809549728,0.6747947277069609
mixed,12,0.0,9,0.8464456688646013,0.8621529290323215
mixed,12,0.0,10,0.8469284994964753,0.8660786855943671
mixed,12,0.0,11,0.8381790891609482,0.8744123265170619
mixed,12,0.0,12,0.7855084358034649,0.8090003338266657
mixed,12,0.25,1,0.8053482331277863,0.8284511538269438
mixed,12,0.25,2,0.751253232354679,0.7719296287480383
mixed,12,0.25,3,0.8631120058038836,0.8785516446776602
mixed,12,0.25,4,0.8074488318619241,0.8440747362127866
mixed,12,0.25,5,0.8053482331277863,0.8284511538269441
mixed,12,0.25,6,0.8719703196854242,0.8889778310980335
mixed,12,0.25,7,0.6268101382625649,0.6719116590261193
mixed,12,0.25,8,0.6503356302720684,0.6917248804476546
mixed,12,0.25,9,0.8464456688646013,0.8621529290323215
mixed,12,0.25,10,0.8625584948579337,0.8782965164189582
mixed,12,0.25,11,0.8921550296490197,0.9149984896261755
mixed,12,0.25,12,0.8498323663447833,0.8548175073091051
mixed,12,0.5,1,0.8053482331277863,0.8284511538269438
mixed,12,0.5,2,0.8474307769760027,0.8490155204558273
mixed,12,0.5,3,0.8345413840119851,0.8402965625729888
mixed,12,0.5,4,0.8074488318619241,0.844074736212787
mixed,12,0.5,5,0.8053482331277863,0.8284511538269441
mixed,12,0.5,6,0.9237350846360188,0.9202691770784782
mixed,12,0.5,7,0.634060766789279,0.682847485225171
mixed,12,0.5,8,0.6342512908777969,0.6899109807121814
mixed,12,0.5,9,0.8464456688646013,0.8621529290323215
mixed,12,0.5,10,0.8393804154033091,0.8648088993929566
mixed,12,0.5,11,0.9330225973609702,0.939793275072609
mixed,12,0.5,12,0.8498323663447833,0.8548175073091051
mixed,12,1.0,1,0.8610942950696853,0.8594958614758184
mixed,12,1.0,2,0.8474307769760027,0.8490155204558273
mixed,12,1.0,3,0.8444960526493968,0.854224511405085
mixed,12,1.0,4,0.8594956253216676,0.8675304821376477
mixed,12,1.0,5,0.8474307769760027,0.8490155204558273
mixed,12,1.0,6,0.9237350846360188,0.9202691770784782
mixed,12,1.0,7,0.6574670255319782,0.6804066791392199
mixed,12,1.0,8,0.6533350874884883,0.6835786269331042
mixed,12,1.0,9,0.8464456688646013,0.8621529290323215
mixed,12,1.0,10,0.8340273366739596,0.8400171284736828
mixed,12,1.0,11,0.8559352556089913,0.8644829898830977
mixed,12,1.0,12,0.8082761866813931,0.8284319006719456
mixed,12,2.0,1,0.8474307769760027,0.8490155204558273
mixed,12,2.0,2,0.8474307769760027,0.8490155204558273
mixed,12,2.0,3,0.8698502375265037,0.8735579159257498
mixed,12,2.0,4,0.8698502375265037,0.8735579159257498
mixed,12,2.0,5,0.8387292290928903,0.8509181718078463
mixed,12,2.0,6,0.7087236594853589,0.7596110795398262
mixed,12,2.0,7,0.6601781837238901,0.7381756661304212
mixed,12,2.0,8,0.7245899071769609,0.7661167929780837
mixed,12,2.0,9,0.8333511783670604,0.8472736401001318
mixed,12,2.0,10,0.8468953386103781,0.8487424427993631
mixed,12,2.0,11,0.8468953386103781,0.8487424427993631
mixed,12,2.0,12,0.8468953386103781,0.8487424427993631
mixed,12,4.0,1,0.8906435057244374,0.8937719484875103
mixed,12,4.0,2,0.8906435057244374,0.8937719484875103
mixed,12,4.0,3,0.8906435057244374,0.8937719484875103
mixed,12,4.0,4,0.8906435057244374,0.8937719484875103
mixed,12,4.0,5,0.8795209612745947,0.8859407050916898
mixed,12,4.0,6,0.8571717553134103,0.859592599236282
mixed,12,4.0,7,0.6256298446079468,0.6936508537548601
mixed,12,4.0,8,0.7214634664891871,0.7429817928452367
mixed,12,4.0,9,0.7872065416301013,0.8098910067038044
mixed,12,4.0,10,0.7872065416301013,0.8098910067038044
mixed,12,4.0,11,0.7872065416301013,0.8098910067038044
mixed,12,4.0,12,0.7872065416301013,0.8098910067038044
mixed,13,0.0,1,0.8654177504873035,0.8679689471601115
mixed,13,0.0,2,0.8239167028670721,0.8260828642636022
mixed,13,0.0,3,0.9122681172415167,0.9136229750130639
mixed,13,0.0,4,0.8290335159986043,0.8470986857380554
mixed,13,0.0,5,0.8262102478126474,0.8515787050066522
mixed,13,0.0,6,0.7749410907698042,0.801971170879335
mixed,13,0.0,7,0.5462100277405421,0.626686107162052
mixed,13,0.0,8,0.7147109392192365,0.7549348292305973
mixed,13,0.0,9,0.7931600088039689,0.8084672968649486
mixed,13,0.0,10,0.8970172616703366,0.8950878979950195
mixed,13,0.0,11,0.7657979309642226,0.7884239118712044
mixed,13,0.0,12,0.8095493185185103,0.8249223924605027
mixed,13,0.25,1,0.8876956111419844,0.889363275484705
mixed,13,0.25,2,0.8078694950199105,0.8142919196269834
mixed,13,0.25,3,0.9225401209990517,0.9247042492023481
mixed,13,0.25,4,0.7963754240878621,0.8314756690157569
mixed,13,0.25,5,0.6447582971677998,0.7870814857109916
mixed,13,0.25,6,0.7427842872937716,0.7881919603754235
mixed,13,0.25,7,0.47626115061717783,0.6051094406554454
mixed,13,0.25,8,0.6760865308250703,0.7167624694302523
mixed,13,0.25,9,0.8159986129986634,0.8280478963952449
mixed,13,0.25,10,0.9077185039777583,0.906094442662466
mixed,13,0.25,11,0.7662385335259501,0.7915084636162553
mixed,13,0.25,12,0.8458320106320646,0.8623807867208884
mixed,13,0.5,1,0.8876956111419844,0.8893632754847048
mixed,13,0.5,2,0.8657825596574935,0.8565861373870316
mixed,13,0.5,3,0.9225401209990517,0.9247042492023483
mixed,13,0.5,4,0.8992399335851453,0.8957055910662673
mixed,13,0.5,5,0.6447582971677998,0.7870814857109916
mixed,13,0.5,6,0.5593687440637101,0.6789168352100846
mixed,13,0.5,7,0.4801196111946941,0.6075930667876793
mixed,13,0.5,8,0.5228726777048103,0.6195298647590493
mixed,13,0.5,9,0.804924364104096,0.818266616256686
mixed,13,0.5,10,0.9077185039777583,0.906094442662466
mixed,13,0.5,11,0.7871811940506115,0.80757814962301
mixed,13,0.5,12,0.8458320106320646,0.8623807867208884
mixed,13,1.0,1,0.8876956111419844,0.889363275484705
mixed,13,1.0,2,0.8657825596574935,0.8565861373870316
mixed,13,1.0,3,0.9225401209990517,0.9247042492023481
mixed,13,1.0,4,0.8595789729204877,0.8732630053648744
mixed,13,1.0,5,0.8262102478126474,0.8515787050066523
mixed,13,1.0,6,0.8671712236887866,0.8684925815344633
mixed,13,1.0,7,0.5944764662654238,0.659208435234208
mixed,13,1.0,8,0.7877402277601099,0.8015880787845607
mixed,13,1.0,9,0.8143584193050217,0.8276258566128017
mixed,13,1.0,10,0.8449300725058811,0.8498401300489808
mixed,13,1.0,11,0.8254489258357658,0.837820739224097
mixed,13,1.0,12,0.8458320106320646,0.8623807867208884
mixed,13,2.0,1,0.8466861096814776,0.8611119381350216
mixed,13,2.0,2,0.8466861096814776,0.8611119381350216
mixed,13,2.0,3,0.8679289702024618,0.8774656759720433
mixed,13,2.0,4,0.8900085035442638,0.901499573787245
mixed,13,2.0,5,0.8810972110639275,0.8971697602123316
mixed,13,2.0,6,0.7980383786428995,0.8174718509816566
mixed,13,2.0,7,0.6268220429362832,0.6973737993568531
mixed,13,2.0,8,0.790302117850116,0.8092004043098735
mixed,13,2.0,9,0.8035061657257608,0.8209810767692506
mixed,13,2.0,10,0.8254489258357658,0.837820739224097
mixed,13,2.0,11,0.8254489258357658,0.837820739224097
mixed,13,2.0,12,0.8254489258357658,0.837820739224097
mixed,13,4.0,1,0.8876956111419844,0.889363275484705
mixed,13,4.0,2,0.8876956111419844,0.889363275484705
mixed,13,4.0,3,0.9099457766313074,0.9067134982161276
mixed,13,4.0,4,0.9099457766313074,0.9067134982161276
mixed,13,4.0,5,0.8993617611691795,0.8995073776804444
mixed,13,4.0,6,0.8993617611691795,0.8995073776804444
mixed,13,4.0,7,0.726947328845172,0.7398354359797613
mixed,13,4.0,8,0.7863306279274141,0.7997313241712553
mixed,13,4.0,9,0.8866032464133471,0.8890539995841422
mixed,13,4.0,10,0.8866032464133471,0.8890539995841422
mixed,13,4.0,11,0.8866032464133471,0.8890539995841422
mixed,13,4.0,12,0.8866032464133471,0.8890539995841422
mixed,14,0.0,1,0.8298782011763334,0.8354370826951035
mixed,14,0.0,2,0.8304654898909781,0.8245028785849403
mixed,14,0.0,3,0.8884454889298292,0.8837902633062295
mixed,14,0.0,4,0.8218455743879473,0.8392025266650052
mixed,14,0.0,5,0.8496416670316822,0.8452917816229004
mixed,14,0.0,6,0.8278956145914077,0.8322920803731597
mixed,14,0.0,7,0.5483225366123399,0.6132578055674988
mixed,14,0.0,8,0.6713485416880864,0.6905841953685825
mixed,14,0.0,9,0.6761352091926196,0.7532596065830913
mixed,14,0.0,10,0.7852720287520139,0.8196099219696835
mixed,14,0.0,11,0.8131711238287203,0.8384986370192938
mixed,14,0.0,12,0.8135400608259474,0.8091438362683642
mixed,14,0.25,1,0.7981298668477832,0.8202396227735873
mixed,14,0.25,2,0.7776780116505834,0.8081697890124415
mixed,14,0.25,3,0.9112647780504126,0.9024402750398745
mixed,14,0.25,4,0.8218455743879473,0.8392025266650052
mixed,14,0.25,5,0.8195159947185607,0.8338089439143793
mixed,14,0.25,6,0.7883736927695375,0.8115734897237443
mixed,14,0.25,7,0.5364216455735796,0.6089079739515895
mixed,14,0.25,8,0.682353316653433,0.680384255407592
mixed,14,0.25,9,0.7632874906105932,0.7948100411065114
mixed,14,0.25,10,0.8539926597996382,0.8682028715769048
mixed,14,0.25,11,0.8636004201904771,0.8660012847841588
mixed,14,0.25,12,0.8135400608259474,0.8091438362683642
mixed,14,0.5,1,0.8277606176377963,0.8364172787516266
mixed,14,0.5,2,0.8214318571886312,0.8233845259167744
mixed,14,0.5,3,0.8429810260281533,0.8526471325039281
mixed,14,0.5,4,0.8218455743879473,0.8392025266650052
mixed,14,0.5,5,0.8195159947185607,0.8338089439143793
mixed,14,0.5,6,0.7883736927695375,0.8115734897237443
mixed,14,0.5,7,0.5590562082924383,0.6403469721965075
mixed,14,0.5,8,0.702557521180201,0.7008544411364254
mixed,14,0.5,9,0.812867782849889,0.8161198614399008
mixed,14,0.5,10,0.8147207706555452,0.8313024427682454
mixed,14,0.5,11,0.8147207706555452,0.8313024427682454
mixed,14,0.5,12,0.7604993290247857,0.7746838834053151
mixed,14,1.0,1,0.8329526167353658,0.8381152154770412
mixed,14,1.0,2,0.8710183366912346,0.8699439374513361
mixed,14,1.0,3,0.9112647780504126,0.9024402750398745
mixed,14,1.0,4,0.8111045015412315,0.8285057486434977
mixed,14,1.0,5,0.7987326271768983,0.8162463478685709
mixed,14,1.0,6,0.7883736927695375,0.8115734897237443
mixed,14,1.0,7,0.5957498865784318,0.6495867375771379
mixed,14,1.0,8,0.7118099574906844,0.7190699802856364
mixed,14,1.0,9,0.8402462839177763,0.8334593021711387
mixed,14,1.0,10,0.8346106421099313,0.8365425392150843
mixed,14,1.0,11,0.8346106421099313,0.8365425392150843
mixed,14,1.0,12,0.8135400608259474,0.8091438362683642
mixed,14,2.0,1,0.8496416670316822,0.8452917816229004
mixed,14,2.0,2,0.8496416670316822,0.8452917816229004
mixed,14,2.0,3,0.880994825861994,0.8805624669735507
mixed,14,2.0,4,0.880994825861994,0.8805624669735507
mixed,14,2.0,5,0.8686256547577103,0.8720356006951817
mixed,14,2.0,6,0.8570351699606605,0.8647794748693588
mixed,14,2.0,7,0.5626433606440874,0.681184236488702
mixed,14,2.0,8,0.6669089413797394,0.7551373164882956
mixed,14,2.0,9,0.7759015467851742,0.7954122174213702
mixed,14,2.0,10,0.8478875822152036,0.8442736418741856
mixed,14,2.0,11,0.8478875822152036,0.8442736418741856
mixed,14,2.0,12,0.8478875822152036,0.8442736418741856
mixed,14,4.0,1,0.8615216059487266,0.8712156700847171
mixed,14,4.0,2,0.8615216059487266,0.8712156700847171
mixed,14,4.0,3,0.8834392838609237,0.888854614057966
mixed,14,4.0,4,0.8834392838609237,0.888854614057966
mixed,14,4.0,5,0.642513996300756,0.7521746024534265
mixed,14,4.0,6,0.6029181061216242,0.7383881250546099
mixed,14,4.0,7,0.5774971877068863,0.6779373104168275
mixed,14,4.0,8,0.6796270615429981,0.7692613941044575
mixed,14,4.0,9,0.8592889602510245,0.8696735577828201
mixed,14,4.0,10,0.8592889602510245,0.8696735577828201
mixed,14,4.0,11,0.8592889602510245,0.8696735577828201
mixed,14,4.0,12,0.8592889602510245,0.8696735577828201
mixed,15,0.0,1,0.8299394083402638,0.8325673760812239
mixed,15,0.0,2,0.8469213082540744,0.8553167316638582
mixed,15,0.0,3,0.8354102376858025,0.8536961872511133
mixed,15,0.0,4,0.8413232586195949,0.8316559915383067
mixed,15,0.0,5,0.8199648791030664,0.8303032930872647
mixed,15,0.0,6,0.8220079433182177,0.8444534916960141
mixed,15,0.0,7,0.5876346911497995,0.6776433617249826
mixed,15,0.0,8,0.6698475496020239,0.7024613837033097
mixed,15,0.0,9,0.8661489278949682,0.8773172034554301
mixed,15,0.0,10,0.8551328486614905,0.8599600561139363
mixed,15,0.0,11,0.8542107107805631,0.8531527503782844
mixed,15,0.0,12,0.823605784692649,0.8382579463711509
mixed,15,0.25,1,0.8412963694497622,0.8425800438981051
mixed,15,0.25,2,0.8395466054249986,0.8378664193052431
mixed,15,0.25,3,0.7878573325073015,0.8153822194153539
mixed,15,0.25,4,0.7840944588714538,0.8060457149884714
mixed,15,0.25,5,0.7509797207320321,0.7727930333984384
mixed,15,0.25,6,0.8522743508091273,0.8712843072145675
mixed,15,0.25,7,0.485354390892569,0.6104358454323854
mixed,15,0.25,8,0.6508206616149315,0.6861288158348128
mixed,15,0.25,9,0.9120572014686864,0.9107640765676883
mixed,15,0.25,10,0.8551328486614905,0.8599600561139363
mixed,15,0.25,11,0.8626605559273425,0.8643895449644189
mixed,15,0.25,12,0.8626605559273425,0.8643895449644189
mixed,15,0.5,1,0.8412963694497622,0.8425800438981051
mixed,15,0.5,2,0.8395466054249986,0.8378664193052431
mixed,15,0.5,3,0.8412963694497622,0.8425800438981051
mixed,15,0.5,4,0.8413232586195949,0.8316559915383067
mixed,15,0.5,5,0.791889494360664,0.8166476152244557
mixed,15,0.5,6,0.6944299355387565,0.7569538498537681
mixed,15,0.5,7,0.520344004080212,0.6225690475349867
mixed,15,0.5,8,0.7172337930748595,0.7226066719604153
mixed,15,0.5,9,0.8690681083565134,0.8806603559943266
mixed,15,0.5,10,0.8551328486614905,0.8599600561139363
mixed,15,0.5,11,0.8542107107805631,0.8531527503782844
mixed,15,0.5,12,0.8542107107805631,0.8531527503782844
mixed,15,1.0,1,0.8412963694497622,0.8425800438981051
mixed,15,1.0,2,0.8462444125832841,0.8483608282349224
mixed,15,1.0,3,0.8412963694497622,0.8425800438981051
mixed,15,1.0,4,0.8487218791613139,0.8427863917371163
mixed,15,1.0,5,0.842548414257648,0.8472542772738202
mixed,15,1.0,6,0.8172141313444675,0.8466725966974313
mixed,15,1.0,7,0.65647361321055,0.7010611720844858
mixed,15,1.0,8,0.6765315173576204,0.7065596739255016
mixed,15,1.0,9,0.8690681083565134,0.8806603559943266
mixed,15,1.0,10,0.8551328486614905,0.8599600561139363
mixed,15,1.0,11,0.8550153104861851,0.8600019779073097
mixed,15,1.0,12,0.8690681083565134,0.8806603559943266
mixed,15,2.0,1,0.8677526902122353,0.8777168611397174
mixed,15,2.0,2,0.8677526902122353,0.8777168611397174
mixed,15,2.0,3,0.8677526902122353,0.8777168611397174
mixed,15,2.0,4,0.8677526902122353,0.8777168611397174
mixed,15,2.0,5,0.8480121300704172,0.8662042630367226
mixed,15,2.0,6,0.76770097040853,0.8208002219588579
mixed,15,2.0,7,0.6821587193473343,0.7467599730438615
mixed,15,2.0,8,0.8129778188860411,0.8253361250105006
mixed,15,2.0,9,0.8284638057524777,0.8492636727530077
mixed,15,2.0,10,0.8475640699478981,0.8631893988401567
mixed,15,2.0,11,0.8475640699478981,0.8631893988401567
mixed,15,2.0,12,0.8475640699478981,0.8631893988401567
mixed,15,4.0,1,0.8677526902122353,0.8777168611397174
mixed,15,4.0,2,0.8677526902122353,0.8777168611397174
mixed,15,4.0,3,0.8677526902122353,0.8777168611397174
mixed,15,4.0,4,0.8677526902122353,0.8777168611397174
mixed,15,4.0,5,0.8546830620609895,0.8681177800557421
mixed,15,4.0,6,0.8214801871603599,0.8486651729737635
mixed,15,4.0,7,0.6866970595961991,0.7195737724375629
mixed,15,4.0,8,0.7907860010480197,0.8094335868605458
mixed,15,4.0,9,0.8576153102518699,0.8732834838242224
mixed,15,4.0,10,0.8661489278949682,0.8773172034554301
mixed,15,4.0,11,0.8661489278949682,0.8773172034554301
mixed,15,4.0,12,0.8661489278949682,0.8773172034554301
mixed,16,0.0,1,0.7305157220817879,0.7795664141752597
mixed,16,0.0,2,0.8507091530704428,0.8360450905743886
mixed,16,0.0,3,0.7881431369058216,0.8108850713859043
mixed,16,0.0,4,0.7785534206497924,0.7828671855102215
mixed,16,0.0,5,0.7536065446414397,0.7801099122286254
mixed,16,0.0,6,0.7111111111111111,0.7600417178139806
mixed,16,0.0,7,0.617909941966366,0.6577789638844354
mixed,16,0.0,8,0.6316477458404968,0.6482924902889579
mixed,16,0.0,9,0.8312582099983836,0.8468845561295683
mixed,16,0.0,10,0.8890478700705374,0.8840557729618032
mixed,16,0.0,11,0.8176139229063781,0.837391399283379
mixed,16,0.0,12,0.8000715258387092,0.8018650442712986
mixed,16,0.25,1,0.6793801234402767,0.7996576374467474
mixed,16,0.25,2,0.6527954360228199,0.7667818712920573
mixed,16,0.25,3,0.851057189173007,0.8488263680913624
mixed,16,0.25,4,0.8117154545309839,0.8054696119138799
mixed,16,0.25,5,0.6321857156336582,0.7413508785970698
mixed,16,0.25,6,0.6697331903271818,0.7861392489762619
mixed,16,0.25,7,0.39553506144302664,0.5134164205875775
mixed,16,0.25,8,0.49039331360741334,0.5615743090349298
mixed,16,0.25,9,0.6252191162923036,0.7346872477962162
mixed,16,0.25,10,0.6731640776264505,0.8108465514134952
mixed,16,0.25,11,0.7966158984725067,0.8212446344628956
mixed,16,0.25,12,0.5813177616020148,0.6855248598496001
mixed,16,0.5,1,0.6793801234402767,0.7996576374467474
mixed,16,0.5,2,0.6527954360228199,0.7667818712920573
mixed,16,0.5,3,0.851057189173007,0.8488263680913625
mixed,16,0.5,4,0.8117154545309839,0.8054696119138798
mixed,16,0.5,5,0.6570200967089218,0.7562687531849768
mixed,16,0.5,6,0.6697331903271818,0.7861392489762619
mixed,16,0.5,7,0.48548837619879315,0.5940805561037771
mixed,16,0.5,8,0.5407562773168517,0.6276712534320381
mixed,16,0.5,9,0.8312582099983836,0.8468845561295683
mixed,16,0.5,10,0.6731640776264505,0.8108465514134952
mixed,16,0.5,11,0.8137502926488872,0.8372734506046335
mixed,16,0.5,12,0.6422741117552888,0.7548316281707703
mixed,16,1.0,1,0.8549597914949545,0.864096517330659
mixed,16,1.0,2,0.8700574712643678,0.8506162578316782
mixed,16,1.0,3,0.851057189173007,0.8488263680913625
mixed,16,1.0,4,0.8117154545309839,0.8054696119138798
mixed,16,1.0,5,0.6570200967089218,0.7562687531849768
mixed,16,1.0,6,0.6697331903271818,0.7861392489762619
mixed,16,1.0,7,0.5028851488440377,0.6127232661560733
mixed,16,1.0,8,0.6441444860797696,0.6584819528475928
mixed,16,1.0,9,0.8312582099983836,0.8468845561295683
mixed,16,1.0,10,0.8890478700705374,0.8840557729618032
mixed,16,1.0,11,0.8137502926488872,0.8372734506046335
mixed,16,1.0,12,0.8096326299752775,0.8113657881503973
mixed,16,2.0,1,0.8483384670545479,0.8449269377186444
mixed,16,2.0,2,0.8483384670545479,0.8449269377186444
mixed,16,2.0,3,0.8207047387606319,0.8335458826445034
mixed,16,2.0,4,0.8010794140323825,0.8086537754548773
mixed,16,2.0,5,0.818281401744169,0.8224299125176112
mixed,16,2.0,6,0.7456026411213942,0.7713682383781642
mixed,16,2.0,7,0.6813560455198827,0.7120169031781151
mixed,16,2.0,8,0.785561847044668,0.7962873367641364
mixed,16,2.0,9,0.8114827262708236,0.8299961848108053
mixed,16,2.0,10,0.8116319918455014,0.822104820660883
mixed,16,2.0,11,0.8116319918455014,0.822104820660883
mixed,16,2.0,12,0.8116319918455014,0.822104820660883
mixed,16,4.0,1,0.8094277102551249,0.8264521320525713
mixed,16,4.0,2,0.8094277102551249,0.8264521320525713
mixed,16,4.0,3,0.8094277102551249,0.8264521320525713
mixed,16,4.0,4,0.8094277102551249,0.8264521320525713
mixed,16,4.0,5,0.7894642525503638,0.8017655934793584
mixed,16,4.0,6,0.7366074044176524,0.7654030458716713
mixed,16,4.0,7,0.7152642658019002,0.7253635712068871
mixed,16,4.0,8,0.7523056293554254,0.7663584732114642
mixed,16,4.0,9,0.8114827262708236,0.8299961848108053
mixed,16,4.0,10,0.8114827262708236,0.8299961848108053
mixed,16,4.0,11,0.8114827262708236,0.8299961848108053
mixed,16,4.0,12,0.8114827262708236,0.8299961848108053
mixed,17,0.0,1,0.8577485718059638,0.861027988134673
mixed,17,0.0,2,0.8808489690946049,0.8979020408270628
mixed,17,0.0,3,0.8653379470038396,0.8686110291092263
mixed,17,0.0,4,0.9017600634019086,0.9030936149738243
mixed,17,0.0,5,0.8161688980432544,0.8300610264807494
mixed,17,0.0,6,0.8426511627906976,0.8699331133936525
mixed,17,0.0,7,0.5826903003151486,0.6448495388484963
mixed,17,0.0,8,0.6577578142515869,0.7055043310023889
mixed,17,0.0,9,0.846757653160975,0.8495808952712847
mixed,17,0.0,10,0.8899470303166911,0.8764991069333762
mixed,17,0.0,11,0.8619375995705337,0.8721361196748074
mixed,17,0.0,12,0.8215181404597415,0.8307229134268208
mixed,17,0.25,1,0.8577485718059638,0.861027988134673
mixed,17,0.25,2,0.9163893786539048,0.9233861821859497
mixed,17,0.25,3,0.879705855147535,0.8782117159355628
mixed,17,0.25,4,0.9017600634019086,0.9030936149738243
mixed,17,0.25,5,0.8508833741992877,0.852218174587387
mixed,17,0.25,6,0.9127816194512604,0.9139305022476845
mixed,17,0.25,7,0.6061188252823462,0.6567563828765377
mixed,17,0.25,8,0.6614651972257423,0.6990637579295685
mixed,17,0.25,9,0.8715607145262926,0.8751221956423109
mixed,17,0.25,10,0.9003071219643053,0.8871042866595465
mixed,17,0.25,11,0.7846180350950481,0.8052214185873662
mixed,17,0.25,12,0.8215181404597415,0.8307229134268208
mixed,17,0.5,1,0.8577485718059638,0.8610279881346729
mixed,17,0.5,2,0.9163893786539048,0.9233861821859497
mixed,17,0.5,3,0.879705855147535,0.8782117159355628
mixed,17,0.5,4,0.9017600634019086,0.9030936149738243
mixed,17,0.5,5,0.8508833741992877,0.852218174587387
mixed,17,0.5,6,0.9127816194512604,0.9139305022476845
mixed,17,0.5,7,0.59863288751022,0.665767113651021
mixed,17,0.5,8,0.6597406781026013,0.7008411603988562
mixed,17,0.5,9,0.8690095529156,0.8653970709887366
mixed,17,0.5,10,0.8899470303166911,0.8764991069333762
mixed,17,0.5,11,0.8619375995705337,0.8721361196748074
mixed,17,0.5,12,0.8215181404597415,0.8307229134268209
mixed,17,1.0,1,0.8577485718059638,0.861027988134673
mixed,17,1.0,2,0.9249295667654218,0.9282955903333888
mixed,17,1.0,3,0.879705855147535,0.8782117159355628
mixed,17,1.0,4,0.9017600634019086,0.9030936149738243
mixed,17,1.0,5,0.8020511342798764,0.8201246265356082
mixed,17,1.0,6,0.8426511627906976,0.8699331133936525
mixed,17,1.0,7,0.6265052257882274,0.6722972769746893
mixed,17,1.0,8,0.7231233582564672,0.7400690967288134
mixed,17,1.0,9,0.884463723296775,0.8863093592026894
mixed,17,1.0,10,0.8962170138934598,0.8930340921944456
mixed,17,1.0,11,0.8619375995705337,0.8721361196748073
mixed,17,1.0,12,0.8215181404597415,0.8307229134268209
mixed,17,2.0,1,0.8577485718059638,0.861027988134673
mixed,17,2.0,2,0.8577485718059638,0.861027988134673
mixed,17,2.0,3,0.8366603535770142,0.846813769478748
mixed,17,2.0,4,0.8478270952182181,0.8611414998701977
mixed,17,2.0,5,0.8022013662254475,0.832246151900048
mixed,17,2.0,6,0.7537623043102528,0.8030840352627937
mixed,17,2.0,7,0.6464256966168114,0.7000302368815807
mixed,17,2.0,8,0.7534639662004469,0.768272162349968
mixed,17,2.0,9,0.8536434250682967,0.852477069020144
mixed,17,2.0,10,0.8683848584214456,0.8656294667538685
mixed,17,2.0,11,0.8619375995705337,0.8721361196748074
mixed,17,2.0,12,0.8619375995705337,0.8721361196748074
mixed,17,4.0,1,0.9249295667654218,0.9282955903333892
mixed,17,4.0,2,0.9249295667654218,0.9282955903333892
mixed,17,4.0,3,0.9249295667654218,0.9282955903333892
mixed,17,4.0,4,0.8688858979342069,0.8763375904695452
mixed,17,4.0,5,0.8264993405842708,0.854683786449363
mixed,17,4.0,6,0.7310334017774573,0.7813847215759341
mixed,17,4.0,7,0.8014130602350192,0.8299045801906622
mixed,17,4.0,8,0.8446604084323875,0.8682267200271842
mixed,17,4.0,9,0.8446604084323875,0.8682267200271842
mixed,17,4.0,10,0.8446604084323875,0.8682267200271842
mixed,17,4.0,11,0.8446604084323875,0.8682267200271842
mixed,17,4.0,12,0.8446604084323875,0.8682267200271842
mixed,18,0.0,1,0.8174430668231373,0.8237793878026088
mixed,18,0.0,2,0.8674005705655311,0.8625982835986081
mixed,18,0.0,3,0.8246472790095019,0.8374395027180278
mixed,18,0.0,4,0.8503236245954693,0.8607403769777873
mixed,18,0.0,5,0.8081198281895404,0.8240290593411175
mixed,18,0.0,6,0.8348589882702196,0.8403956406740395
mixed,18,0.0,7,0.5358303745561834,0.6373921045640485
mixed,18,0.0,8,0.6319230386795267,0.6961734328264952
mixed,18,0.0,9,0.8306276031806133,0.8358541133358955
mixed,18,0.0,10,0.7641893960142417,0.7887289063282835
mixed,18,0.0,11,0.8167375512231466,0.8218322236404829
mixed,18,0.0,12,0.8543518402603906,0.8534830663100593
mixed,18,0.25,1,0.8206810094844943,0.835953402366184
mixed,18,0.25,2,0.8650154897132417,0.8681154827365326
mixed,18,0.25,3,0.8441435298967764,0.8547919205993847
mixed,18,0.25,4,0.8577005862619499,0.8699879566734267
mixed,18,0.25,5,0.8241733556492769,0.8429715775759536
mixed,18,0.25,6,0.8348589882702196,0.8403956406740394
mixed,18,0.25,7,0.5730692860796053,0.644454358032245
mixed,18,0.25,8,0.6996320913261367,0.7182289457745045
mixed,18,0.25,9,0.8207532004442626,0.8412166402879864
mixed,18,0.25,10,0.7805065177997311,0.8001203571844885
mixed,18,0.25,11,0.8252028307473647,0.829055861040014
mixed,18,0.25,12,0.8443191225165563,0.8546610236072133
mixed,18,0.5,1,0.8206810094844943,0.835953402366184
mixed,18,0.5,2,0.8650154897132417,0.8681154827365326
mixed,18,0.5,3,0.8246472790095019,0.8374395027180278
mixed,18,0.5,4,0.8330825533651272,0.8438134248655749
mixed,18,0.5,5,0.8241733556492769,0.8429715775759536
mixed,18,0.5,6,0.8525158424958024,0.8574335608636017
mixed,18,0.5,7,0.5729701721185906,0.642522979947305
mixed,18,0.5,8,0.6640021759168316,0.6971993939344205
mixed,18,0.5,9,0.8207532004442626,0.8412166402879864
mixed,18,0.5,10,0.7805065177997311,0.8001203571844886
mixed,18,0.5,11,0.8252028307473647,0.8290558610400139
mixed,18,0.5,12,0.8443191225165563,0.8546610236072133
mixed,18,1.0,1,0.8275759340257559,0.8333898122916319
mixed,18,1.0,2,0.8674005705655311,0.8625982835986081
mixed,18,1.0,3,0.8545726934536334,0.8538473664498559
mixed,18,1.0,4,0.8545726934536334,0.8538473664498559
mixed,18,1.0,5,0.8241733556492769,0.8429715775759536
mixed,18,1.0,6,0.8348589882702196,0.8403956406740394
mixed,18,1.0,7,0.5890742964996568,0.6738069664014289
mixed,18,1.0,8,0.6583191913229544,0.7179935246134538
mixed,18,1.0,9,0.8293156523798247,0.8355854380633796
mixed,18,1.0,10,0.8202477392614921,0.8187523369710541
mixed,18,1.0,11,0.8235101557263332,0.8176491747444123
mixed,18,1.0,12,0.8543518402603906,0.8534830663100593
mixed,18,2.0,1,0.8545726934536334,0.8538473664498558
mixed,18,2.0,2,0.8545726934536334,0.8538473664498558
mixed,18,2.0,3,0.8545726934536334,0.8538473664498558
mixed,18,2.0,4,0.8545726934536334,0.8538473664498558
mixed,18,2.0,5,0.8545726934536334,0.8538473664498558
mixed,18,2.0,6,0.7629676116674398,0.7804617565649696
mixed,18,2.0,7,0.657732144613065,0.7206003037084739
mixed,18,2.0,8,0.6217304167594512,0.7408167901360067
mixed,18,2.0,9,0.8410653730218538,0.845737206114129
mixed,18,2.0,10,0.8543518402603906,0.8534830663100593
mixed,18,2.0,11,0.8543518402603906,0.8534830663100593
mixed,18,2.0,12,0.8543518402603906,0.8534830663100593
mixed,18,4.0,1,0.8545726934536334,0.8538473664498558
mixed,18,4.0,2,0.8545726934536334,0.8538473664498558
mixed,18,4.0,3,0.8545726934536334,0.8538473664498558
mixed,18,4.0,4,0.8545726934536334,0.8538473664498558
mixed,18,4.0,5,0.813416322762815,0.8257926030262456
mixed,18,4.0,6,0.7759556877404568,0.8044567718629381
mixed,18,4.0,7,0.7230451829133335,0.7519724454378146
mixed,18,4.0,8,0.795392206318179,0.8087722270920936
mixed,18,4.0,9,0.8410653730218538,0.845737206114129
mixed,18,4.0,10,0.8543518402603906,0.8534830663100593
mixed,18,4.0,11,0.8543518402603906,0.8534830663100593
mixed,18,4.0,12,0.8543518402603906,0.8534830663100593
mixed,19,0.0,1,0.7984009749499468,0.8134746103877671
mixed,19,0.0,2,0.8742543003129932,0.8653396125615265
mixed,19,0.0,3,0.9112259714654908,0.9151654476478357
mixed,19,0.0,4,0.8083870330041737,0.8080407681774988
mixed,19,0.0,5,0.7551590595637611,0.7818311396568927
mixed,19,0.0,6,0.8899993091855297,0.883968135254114
mixed,19,0.0,7,0.5847865555268529,0.6551695449050391
mixed,19,0.0,8,0.6052271221868132,0.6897807189041752
mixed,19,0.0,9,0.8352009377867923,0.8372773081826295
mixed,19,0.0,10,0.8795256325918884,0.8748159893880245
mixed,19,0.0,11,0.8432551332556469,0.8389571047771981
mixed,19,0.0,12,0.8486386703590778,0.8469221191422897
mixed,19,0.25,1,0.7933705248334507,0.7993188002373407
mixed,19,0.25,2,0.8479662026756215,0.8432522764071181
mixed,19,0.25,3,0.8298337861035119,0.8370644385160524
mixed,19,0.25,4,0.8083870330041737,0.8080407681774988
mixed,19,0.25,5,0.7853558488161619,0.8076573598887298
mixed,19,0.25,6,0.9130763464697532,0.9029916880333382
mixed,19,0.25,7,0.6107246038611266,0.6769377020863286
mixed,19,0.25,8,0.5947846113196772,0.6692548637628425
mixed,19,0.25,9,0.8936173440517494,0.8962305620004818
mixed,19,0.25,10,0.8736292493640733,0.86589950477396
mixed,19,0.25,11,0.8653521776026988,0.8560253668543836
mixed,19,0.25,12,0.8605721223017416,0.8573818869557909
mixed,19,0.5,1,0.7933705248334507,0.7993188002373407
mixed,19,0.5,2,0.8479662026756215,0.8432522764071181
mixed,19,0.5,3,0.8615216059487266,0.871215670084717
mixed,19,0.5,4,0.8277591703711344,0.8338137815123385
mixed,19,0.5,5,0.7744136922493636,0.7973700248603403
mixed,19,0.5,6,0.9130763464697532,0.9029916880333382
mixed,19,0.5,7,0.6844655791574997,0.7002933551887556
mixed,19,0.5,8,0.6590142535066651,0.7018340406236129
mixed,19,0.5,9,0.8936173440517494,0.8962305620004817
mixed,19,0.5,10,0.8736292493640733,0.8658995047739598
mixed,19,0.5,11,0.8737295820039884,0.8658547565699497
mixed,19,0.5,12,0.8605721223017416,0.8573818869557909
mixed,19,1.0,1,0.8679891800141766,0.8689136467898737
mixed,19,1.0,2,0.8678354235815642,0.8689856840474699
mixed,19,1.0,3,0.8912300592688372,0.8957654478753578
mixed,19,1.0,4,0.836303144694328,0.8402287216975637
mixed,19,1.0,5,0.7724298507847747,0.79379327163646
mixed,19,1.0,6,0.8899993091855297,0.883968135254114
mixed,19,1.0,7,0.6707953589428876,0.6957542283952085
mixed,19,1.0,8,0.6668003929240649,0.7226444444317046
mixed,19,1.0,9,0.8936173440517494,0.8962305620004817
mixed,19,1.0,10,0.8737295820039884,0.8658547565699497
mixed,19,1.0,11,0.8737295820039884,0.8658547565699497
mixed,19,1.0,12,0.8737295820039884,0.8658547565699497
mixed,19,2.0,1,0.9442447634244076,0.9409274472206896
mixed,19,2.0,2,0.9442447634244076,0.9409274472206896
mixed,19,2.0,3,0.8810814884226874,0.8846272456799352
mixed,19,2.0,4,0.8810814884226874,0.8846272456799352
mixed,19,2.0,5,0.8286269851277185,0.8465533413277769
mixed,19,2.0,6,0.734847764357431,0.7982966549676649
mixed,19,2.0,7,0.7112126420624698,0.740482875803662
mixed,19,2.0,8,0.7717664473909268,0.7975863072434421
mixed,19,2.0,9,0.862183926144895,0.8710477733553501
mixed,19,2.0,10,0.8936173440517494,0.8962305620004817
mixed,19,2.0,11,0.9155849219958299,0.9137220960610436
mixed,19,2.0,12,0.9155849219958299,0.9137220960610436
mixed,19,4.0,1,0.8810814884226874,0.8846272456799353
mixed,19,4.0,2,0.8810814884226874,0.8846272456799353
mixed,19,4.0,3,0.8810814884226874,0.8846272456799353
mixed,19,4.0,4,0.8810814884226874,0.8846272456799353
mixed,19,4.0,5,0.8810814884226874,0.8846272456799353
mixed,19,4.0,6,0.8228801721966522,0.8370631067356659
mixed,19,4.0,7,0.7179892502317283,0.7377302464398808
mixed,19,4.0,8,0.7402629272871113,0.7694868368217905
mixed,19,4.0,9,0.7759364198760605,0.8033737817377612
mixed,19,4.0,10,0.7759364198760605,0.8033737817377612
mixed,19,4.0,11,0.7759364198760605,0.8033737817377612
mixed,19,4.0,12,0.7759364198760605,0.8033737817377612
shock,0,0.0,1,0.9001510320523578,0.9303418151731833
shock,0,0.0,2,1.0,1.0
shock,0,0.0,3,0.9368479690420234,0.9533015155088699
shock,0,0.0,4,0.9110090272955504,0.9413541300285139
shock,0,0.0,5,1.0,1.0
shock,0,0.0,6,0.9122544783613985,0.9418891053052244
shock,0,0.0,7,0.7144057884966862,0.7317506801369185
shock,0,0.0,8,0.7149005272202965,0.7255328537991003
shock,0,0.0,9,0.9110090272955504,0.9413541300285139
shock,0,0.0,10,0.809398471206317,0.8796041743982069
shock,0,0.0,11,0.988918893751746,0.9869937479859151
shock,0,0.0,12,0.9143268538516919,0.9427874950757366
shock,0,0.25,1,1.0,1.0
shock,0,0.25,2,1.0,1.0
shock,0,0.25,3,1.0,1.0
shock,0,0.25,4,1.0,1.0
shock,0,0.25,5,1.0,1.0
shock,0,0.25,6,1.0,1.0
shock,0,0.25,7,0.7277410162618333,0.7284734694761213
shock,0,0.25,8,0.7006642948468509,0.712958752203123
shock,0,0.25,9,1.0,1.0
shock,0,0.25,10,1.0,1.0
shock,0,0.25,11,1.0,1.0
shock,0,0.25,12,1.0,1.0
shock,0,0.5,1,1.0,1.0
shock,0,0.5,2,1.0,1.0
shock,0,0.5,3,1.0,1.0
shock,0,0.5,4,1.0,1.0
shock,0,0.5,5,1.0,1.0
shock,0,0.5,6,1.0,1.0
shock,0,0.5,7,0.7329860527642413,0.7410658757760408
shock,0,0.5,8,0.70442280945758,0.7234453033594461
shock,0,0.5,9,1.0,1.0
shock,0,0.5,10,0.9784882369651112,0.9783922478689324
shock,0,0.5,11,1.0,1.0
shock,0,0.5,12,1.0,1.0
shock,0,1.0,1,1.0,1.0
shock,0,1.0,2,1.0,1.0
shock,0,1.0,3,1.0,1.0
shock,0,1.0,4,1.0,1.0
shock,0,1.0,5,1.0,1.0
shock,0,1.0,6,1.0,1.0
shock,0,1.0,7,0.7543885601577909,0.7586318421561129
shock,0,1.0,8,0.7563791393174479,0.7704645918871934
shock,0,1.0,9,1.0,1.0
shock,0,1.0,10,1.0,1.0
shock,0,1.0,11,1.0,1.0
shock,0,1.0,12,1.0,1.0
shock,0,2.0,1,1.0,1.0
shock,0,2.0,2,1.0,1.0
shock,0,2.0,3,1.0,1.0
shock,0,2.0,4,1.0,1.0
shock,0,2.0,5,1.0,1.0
shock,0,2.0,6,0.9687308399754752,0.9715225138701331
shock,0,2.0,7,0.9105935386927122,0.9411764705882353
shock,0,2.0,8,0.9687308399754752,0.9715225138701331
shock,0,2.0,9,0.988918893751746,0.9869937479859151
shock,0,2.0,10,1.0,1.0
shock,0,2.0,11,1.0,1.0
shock,0,2.0,12,1.0,1.0
shock,0,4.0,1,1.0,1.0
shock,0,4.0,2,1.0,1.0
shock,0,4.0,3,1.0,1.0
shock,0,4.0,4,1.0,1.0
shock,0,4.0,5,1.0,1.0
shock,0,4.0,6,1.0,1.0
shock,0,4.0,7,1.0,1.0
shock,0,4.0,8,1.0,1.0
shock,0,4.0,9,1.0,1.0
shock,0,4.0,10,1.0,1.0
shock,0,4.0,11,1.0,1.0
shock,0,4.0,12,1.0,1.0
shock,1,0.0,1,1.0,1.0
shock,1,0.0,2,0.988918893751746,0.9869937479859149
shock,1,0.0,3,0.9663811590666855,0.9608784723278957
shock,1,0.0,4,1.0,1.0
shock,1,0.0,5,0.9667677640167038,0.962066424281016
shock,1,0.0,6,1.0,1.0
shock,1,0.0,7,0.7017391526419287,0.7420408345332644
shock,1,0.0,8,0.7220751988430947,0.7377675510492319
shock,1,0.0,9,0.9777111818692639,0.9743214773092947
shock,1,0.0,10,0.988918893751746,0.9869937479859149
shock,1,0.0,11,1.0,1.0
shock,1,0.0,12,0.9209302325581395,0.9457217297142854
shock,1,0.25,1,1.0,1.0
shock,1,0.25,2,1.0,1.0
shock,1,0.25,3,0.9663811590666855,0.9608784723278957
shock,1,0.25,4,1.0,1.0
shock,1,0.25,5,1.0,1.0
shock,1,0.25,6,1.0,1.0
shock,1,0.25,7,0.715522984676882,0.745922593984776
shock,1,0.25,8,0.758992123158879,0.7543876447521238
shock,1,0.25,9,0.988918893751746,0.9869937479859151
shock,1,0.25,10,1.0,1.0
shock,1,0.25,11,1.0,1.0
shock,1,0.25,12,1.0,1.0
shock,1,0.5,1,1.0,1.0
shock,1,0.5,2,1.0,1.0
shock,1,0.5,3,0.9663811590666855,0.9608784723278957
shock,1,0.5,4,1.0,1.0
shock,1,0.5,5,1.0,1.0
shock,1,0.5,6,1.0,1.0
shock,1,0.5,7,0.7157350649707237,0.7446597486916657
shock,1,0.5,8,0.7322326010170265,0.7483666211663127
shock,1,0.5,9,1.0,1.0
shock,1,0.5,10,0.988918893751746,0.9869937479859149
shock,1,0.5,11,1.0,1.0
shock,1,0.5,12,1.0,1.0
shock,1,1.0,1,1.0,1.0
shock,1,1.0,2,1.0,1.0
shock,1,1.0,3,1.0,1.0
shock,1,1.0,4,1.0,1.0
shock,1,1.0,5,1.0,1.0
shock,1,1.0,6,1.0,1.0
shock,1,1.0,7,0.7504843174198094,0.7377856046397956
shock,1,1.0,8,0.7686864919986931,0.7475719456678644
shock,1,1.0,9,0.9777111818692639,0.9743214773092949
shock,1,1.0,10,1.0,1.0
shock,1,1.0,11,1.0,1.0
shock,1,1.0,12,1.0,1.0
shock,1,2.0,1,1.0,1.0
shock,1,2.0,2,1.0,1.0
shock,1,2.0,3,1.0,1.0
shock,1,2.0,4,1.0,1.0
shock,1,2.0,5,1.0,1.0
shock,1,2.0,6,0.9572906130705733,0.9592419363885956
shock,1,2.0,7,0.8647020864702086,0.9089246691384255
shock,1,2.0,8,0.8819376487757639,0.9170210357688594
shock,1,2.0,9,1.0,1.0
shock,1,2.0,10,1.0,1.0
shock,1,2.0,11,1.0,1.0
shock,1,2.0,12,1.0,1.0
shock,1,4.0,1,1.0,1.0
shock,1,4.0,2,1.0,1.0
shock,1,4.0,3,1.0,1.0
shock,1,4.0,4,1.0,1.0
shock,1,4.0,5,1.0,1.0
shock,1,4.0,6,1.0,1.0
shock,1,4.0,7,1.0,1.0
shock,1,4.0,8,1.0,1.0
shock,1,4.0,9,1.0,1.0
shock,1,4.0,10,1.0,1.0
shock,1,4.0,11,1.0,1.0
shock,1,4.0,12,1.0,1.0
shock,2,0.0,1,1.0,1.0
shock,2,0.0,2,0.988918893751746,0.9869937479859149
shock,2,0.0,3,1.0,1.0
shock,2,0.0,4,0.988918893751746,0.9869937479859151
shock,2,0.0,5,1.0,1.0
shock,2,0.0,6,0.988918893751746,0.9869937479859149
shock,2,0.0,7,0.7128861268506671,0.7391895471036779
shock,2,0.0,8,0.7214606916361873,0.7486674672557201
shock,2,0.0,9,1.0,1.0
shock,2,0.0,10,0.9777111818692639,0.9743214773092947
shock,2,0.0,11,1.0,1.0
shock,2,0.0,12,1.0,1.0
shock,2,0.25,1,1.0,1.0
shock,2,0.25,2,1.0,1.0
shock,2,0.25,3,1.0,1.0
shock,2,0.25,4,0.988918893751746,0.9869937479859151
shock,2,0.25,5,1.0,1.0
shock,2,0.25,6,0.988918893751746,0.9869937479859151
shock,2,0.25,7,0.7438809484131065,0.7643275255119681
shock,2,0.25,8,0.7438809484131065,0.7643275255119681
shock,2,0.25,9,1.0,1.0
shock,2,0.25,10,0.9777111818692639,0.9743214773092947
shock,2,0.25,11,1.0,1.0
shock,2,0.25,12,1.0,1.0
shock,2,0.5,1,1.0,1.0
shock,2,0.5,2,1.0,1.0
shock,2,0.5,3,1.0,1.0
shock,2,0.5,4,0.988918893751746,0.9869937479859151
shock,2,0.5,5,1.0,1.0
shock,2,0.5,6,0.988918893751746,0.9869937479859151
shock,2,0.5,7,0.7667395580516373,0.7752461050415592
shock,2,0.5,8,0.7667395580516373,0.7752461050415592
shock,2,0.5,9,1.0,1.0
shock,2,0.5,10,1.0,1.0
shock,2,0.5,11,1.0,1.0
shock,2,0.5,12,1.0,1.0
shock,2,1.0,1,1.0,1.0
shock,2,1.0,2,1.0,1.0
shock,2,1.0,3,0.988918893751746,0.9869937479859149
shock,2,1.0,4,0.988918893751746,0.9869937479859151
shock,2,1.0,5,1.0,1.0
shock,2,1.0,6,1.0,1.0
shock,2,1.0,7,0.8168906898266671,0.8193092090974488
shock,2,1.0,8,0.8293476384591892,0.8365735919137187
shock,2,1.0,9,1.0,1.0
shock,2,1.0,10,1.0,1.0
shock,2,1.0,11,1.0,1.0
shock,2,1.0,12,1.0,1.0
shock,2,2.0,1,1.0,1.0
shock,2,2.0,2,1.0,1.0
shock,2,2.0,3,1.0,1.0
shock,2,2.0,4,1.0,1.0
shock,2,2.0,5,1.0,1.0
shock,2,2.0,6,1.0,1.0
shock,2,2.0,7,1.0,1.0
shock,2,2.0,8,1.0,1.0
shock,2,2.0,9,1.0,1.0
shock,2,2.0,10,1.0,1.0
shock,2,2.0,11,1.0,1.0
shock,2,2.0,12,1.0,1.0
shock,2,4.0,1,1.0,1.0
shock,2,4.0,2,1.0,1.0
shock,2,4.0,3,1.0,1.0
shock,2,4.0,4,1.0,1.0
shock,2,4.0,5,1.0,1.0
shock,2,4.0,6,1.0,1.0
shock,2,4.0,7,1.0,1.0
shock,2,4.0,8,1.0,1.0
shock,2,4.0,9,1.0,1.0
shock,2,4.0,10,1.0,1.0
shock,2,4.0,11,1.0,1.0
shock,2,4.0,12,1.0,1.0
shock,3,0.0,1,0.988918893751746,0.9869937479859149
shock,3,0.0,2,1.0,1.0
shock,3,0.0,3,0.7763888547414414,0.8533126942902155
shock,3,0.0,4,0.9130973416706332,0.9088559088724306
shock,3,0.0,5,0.9108477702785944,0.9209352755224361
shock,3,0.0,6,0.7227017624470774,0.8372914298157575
shock,3,0.0,7,0.6705381283774783,0.6912421154526862
shock,3,0.0,8,0.7302400321381942,0.7490197781001285
shock,3,0.0,9,1.0,1.0
shock,3,0.0,10,0.9110090272955504,0.9413541300285139
shock,3,0.0,11,0.8015871340832823,0.8793734957461713
shock,3,0.0,12,0.8118124595564445,0.8736433351370517
shock,3,0.25,1,1.0,1.0
shock,3,0.25,2,1.0,1.0
shock,3,0.25,3,0.9351424227646941,0.9404185439808237
shock,3,0.25,4,0.9555546333568494,0.9471839267308284
shock,3,0.25,5,0.966769698895533,0.9609768036015339
shock,3,0.25,6,1.0,1.0
shock,3,0.25,7,0.6933633957455152,0.6817201230411168
shock,3,0.25,8,0.7573538830094751,0.743805426045927
shock,3,0.25,9,1.0,1.0
shock,3,0.25,10,1.0,1.0
shock,3,0.25,11,1.0,1.0
shock,3,0.25,12,1.0,1.0
shock,3,0.5,1,1.0,1.0
shock,3,0.5,2,1.0,1.0
shock,3,0.5,3,0.9351424227646941,0.9404185439808237
shock,3,0.5,4,0.9247819308078041,0.9204962042677987
shock,3,0.5,5,0.966769698895533,0.9609768036015338
shock,3,0.5,6,1.0,1.0
shock,3,0.5,7,0.6591751186992096,0.6652961988419478
shock,3,0.5,8,0.7305242561692288,0.7294003824455353
shock,3,0.5,9,1.0,1.0
shock,3,0.5,10,1.0,1.0
shock,3,0.5,11,1.0,1.0
shock,3,0.5,12,1.0,1.0
shock,3,1.0,1,1.0,1.0
shock,3,1.0,2,1.0,1.0
shock,3,1.0,3,0.9351424227646941,0.9404185439808237
shock,3,1.0,4,0.9130973416706332,0.9088559088724308
shock,3,1.0,5,0.966769698895533,0.9609768036015338
shock,3,1.0,6,1.0,1.0
shock,3,1.0,7,0.7802299994760832,0.769250074511082
shock,3,1.0,8,0.7969479923198931,0.8001213819091298
shock,3,1.0,9,1.0,1.0
shock,3,1.0,10,1.0,1.0
shock,3,1.0,11,1.0,1.0
shock,3,1.0,12,1.0,1.0
shock,3,2.0,1,1.0,1.0
shock,3,2.0,2,1.0,1.0
shock,3,2.0,3,1.0,1.0
shock,3,2.0,4,0.988918893751746,0.9869937479859151
shock,3,2.0,5,0.9143268538516919,0.9427874950757367
shock,3,2.0,6,0.9687308399754752,0.9715225138701331
shock,3,2.0,7,0.9471544847213803,0.9461114756914273
shock,3,2.0,8,0.9303754645503545,0.9360329935765075
shock,3,2.0,9,0.9307553956834532,0.9503083331904184
shock,3,2.0,10,0.988918893751746,0.9869937479859151
shock,3,2.0,11,1.0,1.0
shock,3,2.0,12,1.0,1.0
shock,3,4.0,1,1.0,1.0
shock,3,4.0,2,1.0,1.0
shock,3,4.0,3,1.0,1.0
shock,3,4.0,4,1.0,1.0
shock,3,4.0,5,1.0,1.0
shock,3,4.0,6,1.0,1.0
shock,3,4.0,7,1.0,1.0
shock,3,4.0,8,1.0,1.0
shock,3,4.0,9,1.0,1.0
shock,3,4.0,10,1.0,1.0
shock,3,4.0,11,1.0,1.0
shock,3,4.0,12,1.0,1.0
shock,4,0.0,1,1.0,1.0
shock,4,0.0,2,1.0,1.0
shock,4,0.0,3,1.0,1.0
shock,4,0.0,4,1.0,1.0
shock,4,0.0,5,0.988918893751746,0.9869937479859149
shock,4,0.0,6,0.988918893751746,0.9869937479859149
shock,4,0.0,7,0.7209707117785833,0.7301389721970108
shock,4,0.0,8,0.7385124968879556,0.7573082321785903
shock,4,0.0,9,1.0,1.0
shock,4,0.0,10,1.0,1.0
shock,4,0.0,11,0.9687308399754752,0.971522513870133
shock,4,0.0,12,0.988918893751746,0.9869937479859149
shock,4,0.25,1,1.0,1.0
shock,4,0.25,2,1.0,1.0
shock,4,0.25,3,1.0,1.0
shock,4,0.25,4,1.0,1.0
shock,4,0.25,5,1.0,1.0
shock,4,0.25,6,1.0,1.0
shock,4,0.25,7,0.7212157845981065,0.7307569020546981
shock,4,0.25,8,0.7316491829015914,0.7320755583910975
shock,4,0.25,9,1.0,1.0
shock,4,0.25,10,1.0,1.0
shock,4,0.25,11,1.0,1.0
shock,4,0.25,12,1.0,1.0
shock,4,0.5,1,1.0,1.0
shock,4,0.5,2,1.0,1.0
shock,4,0.5,3,1.0,1.0
shock,4,0.5,4,1.0,1.0
shock,4,0.5,5,0.988918893751746,0.9869937479859151
shock,4,0.5,6,1.0,1.0
shock,4,0.5,7,0.7182263173049237,0.7248466885156154
shock,4,0.5,8,0.7136761484393109,0.7129454441121129
shock,4,0.5,9,1.0,1.0
shock,4,0.5,10,1.0,1.0
shock,4,0.5,11,1.0,1.0
shock,4,0.5,12,1.0,1.0
shock,4,1.0,1,1.0,1.0
shock,4,1.0,2,1.0,1.0
shock,4,1.0,3,1.0,1.0
shock,4,1.0,4,0.988918893751746,0.9869937479859151
shock,4,1.0,5,1.0,1.0
shock,4,1.0,6,1.0,1.0
shock,4,1.0,7,0.8142049476818045,0.808208888530725
shock,4,1.0,8,0.8417755803531857,0.8280828476127945
shock,4,1.0,9,1.0,1.0
shock,4,1.0,10,1.0,1.0
shock,4,1.0,11,1.0,1.0
shock,4,1.0,12,1.0,1.0
shock,4,2.0,1,1.0,1.0
shock,4,2.0,2,1.0,1.0
shock,4,2.0,3,1.0,1.0
shock,4,2.0,4,1.0,1.0
shock,4,2.0,5,1.0,1.0
shock,4,2.0,6,1.0,1.0
shock,4,2.0,7,0.9151546247492887,0.9277326745472247
shock,4,2.0,8,0.7217100390734734,0.8470427902222464
shock,4,2.0,9,0.9777111818692639,0.9743214773092947
shock,4,2.0,10,1.0,1.0
shock,4,2.0,11,1.0,1.0
shock,4,2.0,12,1.0,1.0
shock,4,4.0,1,1.0,1.0
shock,4,4.0,2,1.0,1.0
shock,4,4.0,3,1.0,1.0
shock,4,4.0,4,1.0,1.0
shock,4,4.0,5,1.0,1.0
shock,4,4.0,6,1.0,1.0
shock,4,4.0,7,1.0,1.0
shock,4,4.0,8,1.0,1.0
shock,4,4.0,9,1.0,1.0
shock,4,4.0,10,1.0,1.0
shock,4,4.0,11,1.0,1.0
shock,4,4.0,12,1.0,1.0
shock,5,0.0,1,0.9775873792141377,0.9735418554857959
shock,5,0.0,2,0.9105639375308323,0.9260936594727309
shock,5,0.0,3,0.9663811590666855,0.9608784723278957
shock,5,0.0,4,0.9663811590666855,0.9608784723278956
shock,5,0.0,5,1.0,1.0
shock,5,0.0,6,0.9122544783613985,0.9418891053052244
shock,5,0.0,7,0.713652372375876,0.7392275152448223
shock,5,0.0,8,0.7282182117793309,0.7509428170971817
shock,5,0.0,9,0.9307553956834532,0.9503083331904184
shock,5,0.0,10,0.8767969585362956,0.9160766585187228
shock,5,0.0,11,0.8967868164673135,0.9227230711281141
shock,5,0.0,12,0.9437086092715232,0.956827460877069
shock,5,0.25,1,0.9775873792141377,0.9735418554857959
shock,5,0.25,2,0.9775873792141377,0.973541855485796
shock,5,0.25,3,0.9775873792141377,0.973541855485796
shock,5,0.25,4,0.9775873792141377,0.9735418554857959
shock,5,0.25,5,1.0,1.0
shock,5,0.25,6,1.0,1.0
shock,5,0.25,7,0.5533437738632981,0.6452698123335799
shock,5,0.25,8,0.5610831234256927,0.6437269159599783
shock,5,0.25,9,1.0,1.0
shock,5,0.25,10,1.0,1.0
shock,5,0.25,11,1.0,1.0
shock,5,0.25,12,1.0,1.0
shock,5,0.5,1,0.9775873792141377,0.9735418554857956
shock,5,0.5,2,0.9775873792141377,0.973541855485796
shock,5,0.5,3,0.9663811590666855,0.9608784723278958
shock,5,0.5,4,0.9663811590666855,0.9608784723278957
shock,5,0.5,5,1.0,1.0
shock,5,0.5,6,1.0,1.0
shock,5,0.5,7,0.7226700305745013,0.758587540839844
shock,5,0.5,8,0.7389899232499902,0.7603314368396743
shock,5,0.5,9,1.0,1.0
shock,5,0.5,10,1.0,1.0
shock,5,0.5,11,1.0,1.0
shock,5,0.5,12,1.0,1.0
shock,5,1.0,1,1.0,1.0
shock,5,1.0,2,0.9775873792141377,0.973541855485796
shock,5,1.0,3,0.9663811590666855,0.9608784723278957
shock,5,1.0,4,0.9554399194277303,0.9486361200048058
shock,5,1.0,5,1.0,1.0
shock,5,1.0,6,1.0,1.0
shock,5,1.0,7,0.8150780589195675,0.8140844339210467
shock,5,1.0,8,0.8119901296722587,0.8065181737036373
shock,5,1.0,9,1.0,1.0
shock,5,1.0,10,1.0,1.0
shock,5,1.0,11,1.0,1.0
shock,5,1.0,12,1.0,1.0
shock,5,2.0,1,1.0,1.0
shock,5,2.0,2,1.0,1.0
shock,5,2.0,3,1.0,1.0
shock,5,2.0,4,1.0,1.0
shock,5,2.0,5,0.9364429410717465,0.9418305382576402
shock,5,2.0,6,0.6003531489111242,0.8035404353973205
shock,5,2.0,7,0.8234974618228916,0.8772876376115644
shock,5,2.0,8,0.9465200119405727,0.9511153502526526
shock,5,2.0,9,0.988918893751746,0.9869937479859151
shock,5,2.0,10,1.0,1.0
shock,5,2.0,11,1.0,1.0
shock,5,2.0,12,1.0,1.0
shock,5,4.0,1,1.0,1.0
shock,5,4.0,2,1.0,1.0
shock,5,4.0,3,1.0,1.0
shock,5,4.0,4,1.0,1.0
shock,5,4.0,5,1.0,1.0
shock,5,4.0,6,1.0,1.0
shock,5,4.0,7,1.0,1.0
shock,5,4.0,8,1.0,1.0
shock,5,4.0,9,1.0,1.0
shock,5,4.0,10,1.0,1.0
shock,5,4.0,11,1.0,1.0
shock,5,4.0,12,1.0,1.0
shock,6,0.0,1,0.988918893751746,0.9869937479859151
shock,6,0.0,2,1.0,1.0
shock,6,0.0,3,0.9777111818692639,0.9743214773092947
shock,6,0.0,4,1.0,1.0
shock,6,0.0,5,1.0,1.0
shock,6,0.0,6,0.9667677640167038,0.962066424281016
shock,6,0.0,7,0.6812059676750932,0.7227564561471806
shock,6,0.0,8,0.7167875925028393,0.7452686565290093
shock,6,0.0,9,0.988918893751746,0.9869937479859151
shock,6,0.0,10,0.988918893751746,0.9869937479859149
shock,6,0.0,11,0.9663811590666855,0.9608784723278958
shock,6,0.0,12,1.0,1.0
shock,6,0.25,1,1.0,1.0
shock,6,0.25,2,1.0,1.0
shock,6,0.25,3,0.988918893751746,0.9869937479859151
shock,6,0.25,4,1.0,1.0
shock,6,0.25,5,1.0,1.0
shock,6,0.25,6,0.9671606902261254,0.9659384950895417
shock,6,0.25,7,0.7485652748810644,0.7563051414382361
shock,6,0.25,8,0.7672480997856168,0.7786708069381036
shock,6,0.25,9,1.0,1.0
shock,6,0.25,10,1.0,1.0
shock,6,0.25,11,0.9775873792141377,0.973541855485796
shock,6,0.25,12,1.0,1.0
shock,6,0.5,1,1.0,1.0
shock,6,0.5,2,1.0,1.0
shock,6,0.5,3,0.988918893751746,0.9869937479859151
shock,6,0.5,4,1.0,1.0
shock,6,0.5,5,1.0,1.0
shock,6,0.5,6,0.988918893751746,0.9869937479859151
shock,6,0.5,7,0.7532521207960603,0.7576604400272174
shock,6,0.5,8,0.7717069240957439,0.7791121658900293
shock,6,0.5,9,1.0,1.0
shock,6,0.5,10,1.0,1.0
shock,6,0.5,11,0.9775873792141377,0.973541855485796
shock,6,0.5,12,1.0,1.0
shock,6,1.0,1,1.0,1.0
shock,6,1.0,2,1.0,1.0
shock,6,1.0,3,1.0,1.0
shock,6,1.0,4,1.0,1.0
shock,6,1.0,5,1.0,1.0
shock,6,1.0,6,0.9777111818692639,0.9743214773092949
shock,6,1.0,7,0.8008562288295069,0.7991099862152626
shock,6,1.0,8,0.8199025603814657,0.8352944974034634
shock,6,1.0,9,0.988918893751746,0.9869937479859149
shock,6,1.0,10,1.0,1.0
shock,6,1.0,11,0.9775873792141377,0.973541855485796
shock,6,1.0,12,1.0,1.0
shock,6,2.0,1,1.0,1.0
shock,6,2.0,2,1.0,1.0
shock,6,2.0,3,1.0,1.0
shock,6,2.0,4,1.0,1.0
shock,6,2.0,5,1.0,1.0
shock,6,2.0,6,0.9481229944245412,0.9536665967418613
shock,6,2.0,7,0.8664385547758511,0.910824087963033
shock,6,2.0,8,0.8772263249348393,0.9150802475816516
shock,6,2.0,9,0.9777111818692639,0.9743214773092949
shock,6,2.0,10,1.0,1.0
shock,6,2.0,11,1.0,1.0
shock,6,2.0,12,1.0,1.0
shock,6,4.0,1,1.0,1.0
shock,6,4.0,2,1.0,1.0
shock,6,4.0,3,1.0,1.0
shock,6,4.0,4,1.0,1.0
shock,6,4.0,5,1.0,1.0
shock,6,4.0,6,1.0,1.0
shock,6,4.0,7,1.0,1.0
shock,6,4.0,8,1.0,1.0
shock,6,4.0,9,1.0,1.0
shock,6,4.0,10,1.0,1.0
shock,6,4.0,11,1.0,1.0
shock,6,4.0,12,1.0,1.0
shock,7,0.0,1,0.9368479690420234,0.95330151550887
shock,7,0.0,2,1.0,1.0
shock,7,0.0,3,1.0,1.0
shock,7,0.0,4,0.988918893751746,0.9869937479859151
shock,7,0.0,5,1.0,1.0
shock,7,0.0,6,1.0,1.0
shock,7,0.0,7,0.7358913393020938,0.7681713576148914
shock,7,0.0,8,0.7251652262328419,0.7503300232139641
shock,7,0.0,9,0.988918893751746,0.9869937479859151
shock,7,0.0,10,0.9777111818692639,0.9743214773092947
shock,7,0.0,11,1.0,1.0
shock,7,0.0,12,0.988918893751746,0.9869937479859151
shock,7,0.25,1,1.0,1.0
shock,7,0.25,2,1.0,1.0
shock,7,0.25,3,1.0,1.0
shock,7,0.25,4,1.0,1.0
shock,7,0.25,5,1.0,1.0
shock,7,0.25,6,1.0,1.0
shock,7,0.25,7,0.8192483745481037,0.8350990463499339
shock,7,0.25,8,0.8143602121597575,0.8151432581616566
shock,7,0.25,9,0.988918893751746,0.9869937479859151
shock,7,0.25,10,0.988918893751746,0.9869937479859149
shock,7,0.25,11,1.0,1.0
shock,7,0.25,12,1.0,1.0
shock,7,0.5,1,1.0,1.0
shock,7,0.5,2,1.0,1.0
shock,7,0.5,3,1.0,1.0
shock,7,0.5,4,1.0,1.0
shock,7,0.5,5,1.0,1.0
shock,7,0.5,6,1.0,1.0
shock,7,0.5,7,0.8262032263872865,0.8364539220632109
shock,7,0.5,8,0.8552325676717001,0.8374642243263086
shock,7,0.5,9,1.0,1.0
shock,7,0.5,10,0.988918893751746,0.9869937479859149
shock,7,0.5,11,1.0,1.0
shock,7,0.5,12,1.0,1.0
shock,7,1.0,1,1.0,1.0
shock,7,1.0,2,1.0,1.0
shock,7,1.0,3,1.0,1.0
shock,7,1.0,4,1.0,1.0
shock,7,1.0,5,1.0,1.0
shock,7,1.0,6,1.0,1.0
shock,7,1.0,7,0.8716778664702866,0.8713699824232566
shock,7,1.0,8,0.848673397900944,0.8477721033325285
shock,7,1.0,9,0.988918893751746,0.9869937479859149
shock,7,1.0,10,1.0,1.0
shock,7,1.0,11,1.0,1.0
shock,7,1.0,12,1.0,1.0
shock,7,2.0,1,1.0,1.0
shock,7,2.0,2,1.0,1.0
shock,7,2.0,3,1.0,1.0
shock,7,2.0,4,1.0,1.0
shock,7,2.0,5,0.988918893751746,0.9869937479859151
shock,7,2.0,6,0.9254452698469525,0.9477948159005508
shock,7,2.0,7,0.9035042454379134,0.9273871757080503
shock,7,2.0,8,0.8767969585362956,0.9160766585187229
shock,7,2.0,9,0.9784882369651112,0.9783922478689323
shock,7,2.0,10,1.0,1.0
shock,7,2.0,11,1.0,1.0
shock,7,2.0,12,1.0,1.0
shock,7,4.0,1,1.0,1.0
shock,7,4.0,2,1.0,1.0
shock,7,4.0,3,1.0,1.0
shock,7,4.0,4,1.0,1.0
shock,7,4.0,5,1.0,1.0
shock,7,4.0,6,1.0,1.0
shock,7,4.0,7,1.0,1.0
shock,7,4.0,8,1.0,1.0
shock,7,4.0,9,1.0,1.0
shock,7,4.0,10,1.0,1.0
shock,7,4.0,11,1.0,1.0
shock,7,4.0,12,1.0,1.0
shock,8,0.0,1,0.9775873792141377,0.9735418554857956
shock,8,0.0,2,0.9775873792141377,0.973541855485796
shock,8,0.0,3,1.0,1.0
shock,8,0.0,4,0.988918893751746,0.9869937479859151
shock,8,0.0,5,0.9775873792141377,0.973541855485796
shock,8,0.0,6,1.0,1.0
shock,8,0.0,7,0.7063742289239205,0.7257041519226642
shock,8,0.0,8,0.7344931456322616,0.7641104595747571
shock,8,0.0,9,1.0,1.0
shock,8,0.0,10,0.988918893751746,0.9869937479859151
shock,8,0.0,11,0.988918893751746,0.9869937479859151
shock,8,0.0,12,1.0,1.0
shock,8,0.25,1,0.9775873792141377,0.9735418554857959
shock,8,0.25,2,0.9775873792141377,0.9735418554857959
shock,8,0.25,3,1.0,1.0
shock,8,0.25,4,1.0,1.0
shock,8,0.25,5,0.9775873792141377,0.973541855485796
shock,8,0.25,6,1.0,1.0
shock,8,0.25,7,0.7461320356057198,0.7503534922932203
shock,8,0.25,8,0.7319097474171591,0.7451078006219577
shock,8,0.25,9,1.0,1.0
shock,8,0.25,10,0.988918893751746,0.9869937479859151
shock,8,0.25,11,0.988918893751746,0.9869937479859151
shock,8,0.25,12,1.0,1.0
shock,8,0.5,1,0.9775873792141377,0.9735418554857956
shock,8,0.5,2,0.9775873792141377,0.973541855485796
shock,8,0.5,3,1.0,1.0
shock,8,0.5,4,0.988918893751746,0.9869937479859151
shock,8,0.5,5,0.9775873792141377,0.973541855485796
shock,8,0.5,6,1.0,1.0
shock,8,0.5,7,0.7356059163333968,0.7597454407487222
shock,8,0.5,8,0.7336953810409584,0.754224547841047
shock,8,0.5,9,1.0,1.0
shock,8,0.5,10,1.0,1.0
shock,8,0.5,11,1.0,1.0
shock,8,0.5,12,1.0,1.0
shock,8,1.0,1,0.9775873792141377,0.9735418554857959
shock,8,1.0,2,0.9775873792141377,0.9735418554857959
shock,8,1.0,3,1.0,1.0
shock,8,1.0,4,1.0,1.0
shock,8,1.0,5,0.9775873792141377,0.973541855485796
shock,8,1.0,6,1.0,1.0
shock,8,1.0,7,0.8475619341309154,0.8488431335292336
shock,8,1.0,8,0.8565930956423317,0.8477764182528275
shock,8,1.0,9,1.0,1.0
shock,8,1.0,10,1.0,1.0
shock,8,1.0,11,1.0,1.0
shock,8,1.0,12,1.0,1.0
shock,8,2.0,1,1.0,1.0
shock,8,2.0,2,1.0,1.0
shock,8,2.0,3,1.0,1.0
shock,8,2.0,4,1.0,1.0
shock,8,2.0,5,1.0,1.0
shock,8,2.0,6,0.9784882369651112,0.9783922478689324
shock,8,2.0,7,0.8780845246253113,0.9165832812303086
shock,8,2.0,8,0.8819376487757639,0.9170210357688593
shock,8,2.0,9,0.9513212795549374,0.9609596668889049
shock,8,2.0,10,1.0,1.0
shock,8,2.0,11,1.0,1.0
shock,8,2.0,12,1.0,1.0
shock,8,4.0,1,1.0,1.0
shock,8,4.0,2,1.0,1.0
shock,8,4.0,3,1.0,1.0
shock,8,4.0,4,1.0,1.0
shock,8,4.0,5,1.0,1.0
shock,8,4.0,6,1.0,1.0
shock,8,4.0,7,1.0,1.0
shock,8,4.0,8,1.0,1.0
shock,8,4.0,9,1.0,1.0
shock,8,4.0,10,1.0,1.0
shock,8,4.0,11,1.0,1.0
shock,8,4.0,12,1.0,1.0
shock,9,0.0,1,0.9324182171368093,0.9227454982452798
shock,9,0.0,2,0.966769698895533,0.9609768036015338
shock,9,0.0,3,0.9249014136845174,0.9284719951982162
shock,9,0.0,4,0.8844054755301065,0.9040758186662937
shock,9,0.0,5,0.8681833997848439,0.8945718187749
shock,9,0.0,6,0.877753681086634,0.905785703783543
shock,9,0.0,7,0.6446348517715113,0.6774443493062016
shock,9,0.0,8,0.705417746513637,0.7329676216037012
shock,9,0.0,9,0.988918893751746,0.9869937479859149
shock,9,0.0,10,0.945171610458212,0.9405700898322439
shock,9,0.0,11,0.8864173963563929,0.9045754790000338
shock,9,0.0,12,0.9775873792141377,0.973541855485796
shock,9,0.25,1,0.681908478854891,0.8241212637552106
shock,9,0.25,2,0.7090464547677262,0.8571428571428571
shock,9,0.25,3,0.3277661486101793,0.5731849173551278
shock,9,0.25,4,0.6982210077771196,0.8444256678389163
shock,9,0.25,5,0.7065001193412364,0.847162856446784
shock,9,0.25,6,0.7090464547677262,0.8571428571428571
shock,9,0.25,7,0.5110953601221307,0.5986027013878059
shock,9,0.25,8,0.5405083108278305,0.6506559325197081
shock,9,0.25,9,0.7090464547677262,0.8571428571428571
shock,9,0.25,10,0.7090464547677262,0.8571428571428571
shock,9,0.25,11,0.7065001193412364,0.8471628564467839
shock,9,0.25,12,0.7090464547677262,0.8571428571428571
shock,9,0.5,1,0.681908478854891,0.8241212637552106
shock,9,0.5,2,0.7090464547677262,0.8571428571428571
shock,9,0.5,3,0.7065001193412364,0.8471628564467839
shock,9,0.5,4,0.6982210077771196,0.8444256678389163
shock,9,0.5,5,0.7090464547677262,0.8571428571428571
shock,9,0.5,6,0.7090464547677262,0.8571428571428571
shock,9,0.5,7,0.5110953601221307,0.5986027013878059
shock,9,0.5,8,0.5405083108278305,0.6506559325197081
shock,9,0.5,9,0.7090464547677262,0.8571428571428571
shock,9,0.5,10,0.7046622939195178,0.8415556758671006
shock,9,0.5,11,0.7065001193412364,0.8471628564467839
shock,9,0.5,12,0.7090464547677262,0.8571428571428571
shock,9,1.0,1,0.681908478854891,0.8241212637552106
shock,9,1.0,2,0.7046622939195178,0.8415556758671006
shock,9,1.0,3,0.7046622939195178,0.8415556758671006
shock,9,1.0,4,0.6880477344769719,0.8360412165478674
shock,9,1.0,5,0.7065001193412364,0.847162856446784
shock,9,1.0,6,0.7090464547677262,0.8571428571428571
shock,9,1.0,7,0.5183055473913031,0.6295743827358921
shock,9,1.0,8,0.5069888372942143,0.6546474394100096
shock,9,1.0,9,1.0,1.0
shock,9,1.0,10,0.9775873792141377,0.9735418554857959
shock,9,1.0,11,0.8960203352132814,0.9160194627964734
shock,9,1.0,12,0.9775873792141377,0.973541855485796
shock,9,2.0,1,1.0,1.0
shock,9,2.0,2,1.0,1.0
shock,9,2.0,3,0.9775873792141377,0.9735418554857959
shock,9,2.0,4,0.9775873792141377,0.9735418554857959
shock,9,2.0,5,0.966769698895533,0.9609768036015338
shock,9,2.0,6,0.8689893463864095,0.8996745162899039
shock,9,2.0,7,0.8565997386242129,0.8913127092392227
shock,9,2.0,8,0.8962503993184965,0.910215468992884
shock,9,2.0,9,0.988918893751746,0.9869937479859149
shock,9,2.0,10,1.0,1.0
shock,9,2.0,11,0.9775873792141377,0.973541855485796
shock,9,2.0,12,0.9775873792141377,0.973541855485796
shock,9,4.0,1,0.681908478854891,0.8241212637552106
shock,9,4.0,2,0.681908478854891,0.8241212637552106
shock,9,4.0,3,0.6866797679261253,0.8031063343254935
shock,9,4.0,4,0.877753681086634,0.9057857037835432
shock,9,4.0,5,0.9559602353211419,0.9554111549419694
shock,9,4.0,6,0.9775873792141377,0.973541855485796
shock,9,4.0,7,0.9775873792141377,0.973541855485796
shock,9,4.0,8,0.9775873792141377,0.973541855485796
shock,9,4.0,9,1.0,1.0
shock,9,4.0,10,1.0,1.0
shock,9,4.0,11,0.8960203352132814,0.9160194627964734
shock,9,4.0,12,0.8960203352132814,0.9160194627964734
shock,10,0.0,1,0.988918893751746,0.9869937479859151
shock,10,0.0,2,1.0,1.0
shock,10,0.0,3,1.0,1.0
shock,10,0.0,4,0.988918893751746,0.9869937479859149
shock,10,0.0,5,1.0,1.0
shock,10,0.0,6,1.0,1.0
shock,10,0.0,7,0.7121444649068959,0.7484717192064767
shock,10,0.0,8,0.721583574107088,0.7463670485512981
shock,10,0.0,9,1.0,1.0
shock,10,0.0,10,1.0,1.0
shock,10,0.0,11,0.988918893751746,0.9869937479859151
shock,10,0.0,12,0.9663746821135915,0.961970486822465
shock,10,0.25,1,1.0,1.0
shock,10,0.25,2,1.0,1.0
shock,10,0.25,3,1.0,1.0
shock,10,0.25,4,0.988918893751746,0.9869937479859149
shock,10,0.25,5,1.0,1.0
shock,10,0.25,6,1.0,1.0
shock,10,0.25,7,0.7500882321081009,0.7564394657949799
shock,10,0.25,8,0.7373493129019787,0.7479536522774731
shock,10,0.25,9,1.0,1.0
shock,10,0.25,10,1.0,1.0
shock,10,0.25,11,1.0,1.0
shock,10,0.25,12,1.0,1.0
shock,10,0.5,1,1.0,1.0
shock,10,0.5,2,1.0,1.0
shock,10,0.5,3,1.0,1.0
shock,10,0.5,4,0.988918893751746,0.9869937479859151
shock,10,0.5,5,1.0,1.0
shock,10,0.5,6,1.0,1.0
shock,10,0.5,7,0.7678467338969174,0.7568388593721586
shock,10,0.5,8,0.8152344833965406,0.8055633769867968
shock,10,0.5,9,1.0,1.0
shock,10,0.5,10,1.0,1.0
shock,10,0.5,11,1.0,1.0
shock,10,0.5,12,1.0,1.0
shock,10,1.0,1,1.0,1.0
shock,10,1.0,2,1.0,1.0
shock,10,1.0,3,1.0,1.0
shock,10,1.0,4,0.988918893751746,0.9869937479859151
shock,10,1.0,5,1.0,1.0
shock,10,1.0,6,1.0,1.0
shock,10,1.0,7,0.8283845088582207,0.8285031725834359
shock,10,1.0,8,0.8124371999553421,0.8178736800681128
shock,10,1.0,9,1.0,1.0
shock,10,1.0,10,1.0,1.0
shock,10,1.0,11,1.0,1.0
shock,10,1.0,12,1.0,1.0
shock,10,2.0,1,1.0,1.0
shock,10,2.0,2,1.0,1.0
shock,10,2.0,3,1.0,1.0
shock,10,2.0,4,1.0,1.0
shock,10,2.0,5,0.9784882369651112,0.9783922478689324
shock,10,2.0,6,0.8280060036689088,0.8943920619541378
shock,10,2.0,7,0.9176339048024704,0.9338692724125787
shock,10,2.0,8,0.9572906130705733,0.9592419363885952
shock,10,2.0,9,1.0,1.0
shock,10,2.0,10,1.0,1.0
shock,10,2.0,11,1.0,1.0
shock,10,2.0,12,1.0,1.0
shock,10,4.0,1,1.0,1.0
shock,10,4.0,2,1.0,1.0
shock,10,4.0,3,1.0,1.0
shock,10,4.0,4,1.0,1.0
shock,10,4.0,5,1.0,1.0
shock,10,4.0,6,1.0,1.0
shock,10,4.0,7,1.0,1.0
shock,10,4.0,8,1.0,1.0
shock,10,4.0,9,1.0,1.0
shock,10,4.0,10,1.0,1.0
shock,10,4.0,11,1.0,1.0
shock,10,4.0,12,1.0,1.0
shock,11,0.0,1,0.8185158946475747,0.8909634294802855
shock,11,0.0,2,0.8360734038944767,0.8973957447304955
shock,11,0.0,3,0.8967868164673135,0.9227230711281142
shock,11,0.0,4,0.9481229944245412,0.9536665967418613
shock,11,0.0,5,0.9784882369651112,0.9783922478689324
shock,11,0.0,6,1.0,1.0
shock,11,0.0,7,0.6413759581230136,0.7166618719279318
shock,11,0.0,8,0.6918694976696013,0.7178506891673078
shock,11,0.0,9,0.8988907434336243,0.929819873141691
shock,11,0.0,10,0.9368479690420234,0.9533015155088699
shock,11,0.0,11,0.931976857527086,0.9449133028184221
shock,11,0.0,12,0.9775873792141377,0.9735418554857959
shock,11,0.25,1,1.0,1.0
shock,11,0.25,2,1.0,1.0
shock,11,0.25,3,0.988918893751746,0.9869937479859151
shock,11,0.25,4,1.0,1.0
shock,11,0.25,5,1.0,1.0
shock,11,0.25,6,1.0,1.0
shock,11,0.25,7,0.6873652831919285,0.7321944552831942
shock,11,0.25,8,0.6980210599599687,0.724030706555699
shock,11,0.25,9,0.988918893751746,0.9869937479859151
shock,11,0.25,10,1.0,1.0
shock,11,0.25,11,0.988918893751746,0.9869937479859151
shock,11,0.25,12,0.9775873792141377,0.9735418554857959
shock,11,0.5,1,1.0,1.0
shock,11,0.5,2,1.0,1.0
shock,11,0.5,3,1.0,1.0
shock,11,0.5,4,1.0,1.0
shock,11,0.5,5,1.0,1.0
shock,11,0.5,6,1.0,1.0
shock,11,0.5,7,0.7551423422428138,0.7571758922020496
shock,11,0.5,8,0.7288529391970927,0.7534289229152957
shock,11,0.5,9,1.0,1.0
shock,11,0.5,10,1.0,1.0
shock,11,0.5,11,0.988918893751746,0.9869937479859149
shock,11,0.5,12,0.9775873792141377,0.9735418554857959
shock,11,1.0,1,1.0,1.0
shock,11,1.0,2,1.0,1.0
shock,11,1.0,3,1.0,1.0
shock,11,1.0,4,1.0,1.0
shock,11,1.0,5,1.0,1.0
shock,11,1.0,6,1.0,1.0
shock,11,1.0,7,0.8064534075104312,0.805904669703405
shock,11,1.0,8,0.7517345477036671,0.7753259962167575
shock,11,1.0,9,0.988918893751746,0.9869937479859149
shock,11,1.0,10,1.0,1.0
shock,11,1.0,11,1.0,1.0
shock,11,1.0,12,0.9775873792141377,0.9735418554857956
shock,11,2.0,1,1.0,1.0
shock,11,2.0,2,1.0,1.0
shock,11,2.0,3,1.0,1.0
shock,11,2.0,4,1.0,1.0
shock,11,2.0,5,0.9784882369651112,0.9783922478689323
shock,11,2.0,6,0.8767969585362956,0.9160766585187228
shock,11,2.0,7,0.8577271839704568,0.9066792425745973
shock,11,2.0,8,0.9396786106923497,0.9489430265788611
shock,11,2.0,9,1.0,1.0
shock,11,2.0,10,1.0,1.0
shock,11,2.0,11,1.0,1.0
shock,11,2.0,12,1.0,1.0
shock,11,4.0,1,1.0,1.0
shock,11,4.0,2,1.0,1.0
shock,11,4.0,3,1.0,1.0
shock,11,4.0,4,1.0,1.0
shock,11,4.0,5,1.0,1.0
shock,11,4.0,6,1.0,1.0
shock,11,4.0,7,1.0,1.0
shock,11,4.0,8,1.0,1.0
shock,11,4.0,9,1.0,1.0
shock,11,4.0,10,1.0,1.0
shock,11,4.0,11,1.0,1.0
shock,11,4.0,12,1.0,1.0
shock,12,0.0,1,1.0,1.0
shock,12,0.0,2,0.988918893751746,0.9869937479859151
shock,12,0.0,3,1.0,1.0
shock,12,0.0,4,1.0,1.0
shock,12,0.0,5,1.0,1.0
shock,12,0.0,6,0.988918893751746,0.9869937479859149
shock,12,0.0,7,0.7125289193469518,0.7452350114062561
shock,12,0.0,8,0.7164197454970185,0.7467741399358556
shock,12,0.0,9,1.0,1.0
shock,12,0.0,10,1.0,1.0
shock,12,0.0,11,0.8568520403442214,0.8953811480437774
shock,12,0.0,12,0.9777111818692639,0.9743214773092947
shock,12,0.25,1,1.0,1.0
shock,12,0.25,2,1.0,1.0
shock,12,0.25,3,1.0,1.0
shock,12,0.25,4,1.0,1.0
shock,12,0.25,5,1.0,1.0
shock,12,0.25,6,0.988918893751746,0.9869937479859151
shock,12,0.25,7,0.7384873700585199,0.773885197477333
shock,12,0.25,8,0.7430494792401705,0.7884332624177981
shock,12,0.25,9,1.0,1.0
shock,12,0.25,10,1.0,1.0
shock,12,0.25,11,0.988918893751746,0.9869937479859149
shock,12,0.25,12,0.988918893751746,0.9869937479859149
shock,12,0.5,1,1.0,1.0
shock,12,0.5,2,1.0,1.0
shock,12,0.5,3,1.0,1.0
shock,12,0.5,4,1.0,1.0
shock,12,0.5,5,1.0,1.0
shock,12,0.5,6,1.0,1.0
shock,12,0.5,7,0.8152583721445997,0.8167451608536296
shock,12,0.5,8,0.8277801661191713,0.8293838430365761
shock,12,0.5,9,1.0,1.0
shock,12,0.5,10,1.0,1.0
shock,12,0.5,11,1.0,1.0
shock,12,0.5,12,1.0,1.0
shock,12,1.0,1,1.0,1.0
shock,12,1.0,2,1.0,1.0
shock,12,1.0,3,1.0,1.0
shock,12,1.0,4,1.0,1.0
shock,12,1.0,5,1.0,1.0
shock,12,1.0,6,1.0,1.0
shock,12,1.0,7,0.7401664238623176,0.7837896863100329
shock,12,1.0,8,0.7438891868243529,0.7911460880314576
shock,12,1.0,9,1.0,1.0
shock,12,1.0,10,1.0,1.0
shock,12,1.0,11,1.0,1.0
shock,12,1.0,12,1.0,1.0
shock,12,2.0,1,1.0,1.0
shock,12,2.0,2,1.0,1.0
shock,12,2.0,3,1.0,1.0
shock,12,2.0,4,1.0,1.0
shock,12,2.0,5,0.9513212795549374,0.9609596668889049
shock,12,2.0,6,0.9307553956834532,0.9503083331904184
shock,12,2.0,7,0.988918893751746,0.9869937479859151
shock,12,2.0,8,1.0,1.0
shock,12,2.0,9,1.0,1.0
shock,12,2.0,10,1.0,1.0
shock,12,2.0,11,1.0,1.0
shock,12,2.0,12,1.0,1.0
shock,12,4.0,1,1.0,1.0
shock,12,4.0,2,1.0,1.0
shock,12,4.0,3,1.0,1.0
shock,12,4.0,4,1.0,1.0
shock,12,4.0,5,1.0,1.0
shock,12,4.0,6,1.0,1.0
shock,12,4.0,7,1.0,1.0
shock,12,4.0,8,1.0,1.0
shock,12,4.0,9,1.0,1.0
shock,12,4.0,10,1.0,1.0
shock,12,4.0,11,1.0,1.0
shock,12,4.0,12,1.0,1.0
shock,13,0.0,1,1.0,1.0
shock,13,0.0,2,0.9231478206122601,0.9194550715968426
shock,13,0.0,3,0.9663811590666855,0.9608784723278958
shock,13,0.0,4,0.988918893751746,0.9869937479859151
shock,13,0.0,5,0.9780997859377573,0.9744198942410379
shock,13,0.0,6,1.0,1.0
shock,13,0.0,7,0.7091119755628925,0.7324139911303541
shock,13,0.0,8,0.7156230816451811,0.7473191802415701
shock,13,0.0,9,0.966769698895533,0.9609768036015338
shock,13,0.0,10,0.9775873792141377,0.9735418554857959
shock,13,0.0,11,1.0,1.0
shock,13,0.0,12,0.9780997859377573,0.9744198942410381
shock,13,0.25,1,1.0,1.0
shock,13,0.25,2,0.9559602353211419,0.9554111549419694
shock,13,0.25,3,0.988918893751746,0.9869937479859151
shock,13,0.25,4,1.0,1.0
shock,13,0.25,5,1.0,1.0
shock,13,0.25,6,1.0,1.0
shock,13,0.25,7,0.7793311468322193,0.7810976922970748
shock,13,0.25,8,0.7453176916401304,0.7729374633059397
shock,13,0.25,9,0.9775873792141377,0.973541855485796
shock,13,0.25,10,0.9775873792141377,0.9735418554857959
shock,13,0.25,11,1.0,1.0
shock,13,0.25,12,1.0,1.0
shock,13,0.5,1,1.0,1.0
shock,13,0.5,2,0.9559602353211419,0.9554111549419694
shock,13,0.5,3,1.0,1.0
shock,13,0.5,4,0.988918893751746,0.9869937479859151
shock,13,0.5,5,0.9784882369651112,0.9783922478689326
shock,13,0.5,6,1.0,1.0
shock,13,0.5,7,0.8485478700499195,0.8243010313241612
shock,13,0.5,8,0.8573434194499647,0.8391392799209825
shock,13,0.5,9,0.966769698895533,0.9609768036015338
shock,13,0.5,10,0.9775873792141377,0.9735418554857956
shock,13,0.5,11,1.0,1.0
shock,13,0.5,12,1.0,1.0
shock,13,1.0,1,1.0,1.0
shock,13,1.0,2,0.9559602353211419,0.9554111549419694
shock,13,1.0,3,1.0,1.0
shock,13,1.0,4,0.988918893751746,0.9869937479859151
shock,13,1.0,5,0.9671606902261254,0.9659384950895415
shock,13,1.0,6,1.0,1.0
shock,13,1.0,7,0.8150490811879713,0.818357372880505
shock,13,1.0,8,0.8578150696425575,0.8546256723505077
shock,13,1.0,9,0.9663811590666855,0.9608784723278957
shock,13,1.0,10,0.9775873792141377,0.9735418554857959
shock,13,1.0,11,1.0,1.0
shock,13,1.0,12,1.0,1.0
shock,13,2.0,1,1.0,1.0
shock,13,2.0,2,1.0,1.0
shock,13,2.0,3,1.0,1.0
shock,13,2.0,4,1.0,1.0
shock,13,2.0,5,1.0,1.0
shock,13,2.0,6,0.8984703029162999,0.9296465402918647
shock,13,2.0,7,0.9572906130705733,0.9592419363885955
shock,13,2.0,8,0.8870529185061086,0.9220116803384485
shock,13,2.0,9,0.9784882369651112,0.9783922478689323
shock,13,2.0,10,1.0,1.0
shock,13,2.0,11,1.0,1.0
shock,13,2.0,12,1.0,1.0
shock,13,4.0,1,1.0,1.0
shock,13,4.0,2,1.0,1.0
shock,13,4.0,3,1.0,1.0
shock,13,4.0,4,1.0,1.0
shock,13,4.0,5,1.0,1.0
shock,13,4.0,6,1.0,1.0
shock,13,4.0,7,1.0,1.0
shock,13,4.0,8,1.0,1.0
shock,13,4.0,9,1.0,1.0
shock,13,4.0,10,1.0,1.0
shock,13,4.0,11,1.0,1.0
shock,13,4.0,12,1.0,1.0
shock,14,0.0,1,0.9001510320523578,0.9303418151731833
shock,14,0.0,2,0.9188712815311195,0.9385549737950729
shock,14,0.0,3,0.8988907434336243,0.929819873141691
shock,14,0.0,4,1.0,1.0
shock,14,0.0,5,1.0,1.0
shock,14,0.0,6,0.9076803723816912,0.9307737014755815
shock,14,0.0,7,0.7243991254767916,0.7478801196993278
shock,14,0.0,8,0.6440907753448025,0.7219462069237309
shock,14,0.0,9,0.8586485536948121,0.8899367423124226
shock,14,0.0,10,0.9105935386927122,0.9411764705882353
shock,14,0.0,11,0.8668722202515757,0.9109904723375378
shock,14,0.0,12,0.9001510320523578,0.9303418151731833
shock,14,0.25,1,1.0,1.0
shock,14,0.25,2,1.0,1.0
shock,14,0.25,3,0.988918893751746,0.9869937479859151
shock,14,0.25,4,1.0,1.0
shock,14,0.25,5,1.0,1.0
shock,14,0.25,6,1.0,1.0
shock,14,0.25,7,0.7573780929737931,0.7638864090819137
shock,14,0.25,8,0.7529500868965424,0.7459027133790441
shock,14,0.25,9,0.9446378439079169,0.942979916027708
shock,14,0.25,10,1.0,1.0
shock,14,0.25,11,1.0,1.0
shock,14,0.25,12,1.0,1.0
shock,14,0.5,1,1.0,1.0
shock,14,0.5,2,1.0,1.0
shock,14,0.5,3,1.0,1.0
shock,14,0.5,4,1.0,1.0
shock,14,0.5,5,1.0,1.0
shock,14,0.5,6,1.0,1.0
shock,14,0.5,7,0.7842342251928571,0.7826618890660805
shock,14,0.5,8,0.7619791631590644,0.7541197428421703
shock,14,0.5,9,0.9784882369651112,0.9783922478689324
shock,14,0.5,10,1.0,1.0
shock,14,0.5,11,1.0,1.0
shock,14,0.5,12,1.0,1.0
shock,14,1.0,1,1.0,1.0
shock,14,1.0,2,1.0,1.0
shock,14,1.0,3,1.0,1.0
shock,14,1.0,4,0.988918893751746,0.9869937479859149
shock,14,1.0,5,1.0,1.0
shock,14,1.0,6,1.0,1.0
shock,14,1.0,7,0.8252851551344723,0.8169999302982264
shock,14,1.0,8,0.7598132743576562,0.756734299443023
shock,14,1.0,9,1.0,1.0
shock,14,1.0,10,1.0,1.0
shock,14,1.0,11,1.0,1.0
shock,14,1.0,12,1.0,1.0
shock,14,2.0,1,1.0,1.0
shock,14,2.0,2,1.0,1.0
shock,14,2.0,3,1.0,1.0
shock,14,2.0,4,0.988918893751746,0.9869937479859151
shock,14,2.0,5,0.9368479690420234,0.9533015155088699
shock,14,2.0,6,0.9572906130705733,0.9592419363885952
shock,14,2.0,7,0.9110090272955504,0.9413541300285139
shock,14,2.0,8,0.9513212795549374,0.9609596668889048
shock,14,2.0,9,0.988918893751746,0.9869937479859149
shock,14,2.0,10,1.0,1.0
shock,14,2.0,11,1.0,1.0
shock,14,2.0,12,1.0,1.0
shock,14,4.0,1,1.0,1.0
shock,14,4.0,2,1.0,1.0
shock,14,4.0,3,1.0,1.0
shock,14,4.0,4,1.0,1.0
shock,14,4.0,5,1.0,1.0
shock,14,4.0,6,1.0,1.0
shock,14,4.0,7,1.0,1.0
shock,14,4.0,8,1.0,1.0
shock,14,4.0,9,1.0,1.0
shock,14,4.0,10,1.0,1.0
shock,14,4.0,11,1.0,1.0
shock,14,4.0,12,1.0,1.0
shock,15,0.0,1,0.988918893751746,0.9869937479859151
shock,15,0.0,2,0.9780997859377573,0.9744198942410379
shock,15,0.0,3,1.0,1.0
shock,15,0.0,4,0.988918893751746,0.9869937479859149
shock,15,0.0,5,0.9687308399754752,0.9715225138701331
shock,15,0.0,6,0.988918893751746,0.9869937479859149
shock,15,0.0,7,0.7271355179519926,0.7531708842123948
shock,15,0.0,8,0.7484288242113613,0.7565405812943872
shock,15,0.0,9,1.0,1.0
shock,15,0.0,10,1.0,1.0
shock,15,0.0,11,0.988918893751746,0.9869937479859149
shock,15,0.0,12,0.988918893751746,0.9869937479859149
shock,15,0.25,1,1.0,1.0
shock,15,0.25,2,0.9784882369651112,0.9783922478689324
shock,15,0.25,3,1.0,1.0
shock,15,0.25,4,1.0,1.0
shock,15,0.25,5,1.0,1.0
shock,15,0.25,6,0.988918893751746,0.9869937479859151
shock,15,0.25,7,0.7422401098036973,0.7627298890617802
shock,15,0.25,8,0.7550595989292456,0.7805712445486416
shock,15,0.25,9,1.0,1.0
shock,15,0.25,10,1.0,1.0
shock,15,0.25,11,0.988918893751746,0.9869937479859149
shock,15,0.25,12,1.0,1.0
shock,15,0.5,1,1.0,1.0
shock,15,0.5,2,1.0,1.0
shock,15,0.5,3,1.0,1.0
shock,15,0.5,4,1.0,1.0
shock,15,0.5,5,1.0,1.0
shock,15,0.5,6,0.988918893751746,0.9869937479859151
shock,15,0.5,7,0.7698740815989038,0.7777475804593268
shock,15,0.5,8,0.7711881633537164,0.7870936131985524
shock,15,0.5,9,1.0,1.0
shock,15,0.5,10,1.0,1.0
shock,15,0.5,11,1.0,1.0
shock,15,0.5,12,1.0,1.0
shock,15,1.0,1,1.0,1.0
shock,15,1.0,2,1.0,1.0
shock,15,1.0,3,1.0,1.0
shock,15,1.0,4,0.988918893751746,0.9869937479859151
shock,15,1.0,5,1.0,1.0
shock,15,1.0,6,1.0,1.0
shock,15,1.0,7,0.815142509793327,0.8111779560100034
shock,15,1.0,8,0.8564421407076478,0.8479373824309848
shock,15,1.0,9,1.0,1.0
shock,15,1.0,10,1.0,1.0
shock,15,1.0,11,1.0,1.0
shock,15,1.0,12,1.0,1.0
shock,15,2.0,1,1.0,1.0
shock,15,2.0,2,1.0,1.0
shock,15,2.0,3,1.0,1.0
shock,15,2.0,4,1.0,1.0
shock,15,2.0,5,0.9596683786531793,0.965803930735752
shock,15,2.0,6,0.7988165680473372,0.8758270571241868
shock,15,2.0,7,0.8668722202515757,0.9050966934952892
shock,15,2.0,8,0.9396786106923497,0.9489430265788608
shock,15,2.0,9,1.0,1.0
shock,15,2.0,10,1.0,1.0
shock,15,2.0,11,1.0,1.0
shock,15,2.0,12,1.0,1.0
shock,15,4.0,1,1.0,1.0
shock,15,4.0,2,1.0,1.0
shock,15,4.0,3,1.0,1.0
shock,15,4.0,4,1.0,1.0
shock,15,4.0,5,1.0,1.0
shock,15,4.0,6,1.0,1.0
shock,15,4.0,7,1.0,1.0
shock,15,4.0,8,1.0,1.0
shock,15,4.0,9,1.0,1.0
shock,15,4.0,10,1.0,1.0
shock,15,4.0,11,1.0,1.0
shock,15,4.0,12,1.0,1.0
shock,16,0.0,1,0.9775873792141377,0.9735418554857959
shock,16,0.0,2,0.988918893751746,0.9869937479859151
shock,16,0.0,3,0.885489755823744,0.9093608017311192
shock,16,0.0,4,0.988918893751746,0.9869937479859149
shock,16,0.0,5,0.9454228231830325,0.9431764423381978
shock,16,0.0,6,0.988918893751746,0.9869937479859149
shock,16,0.0,7,0.6957803762074225,0.7302975973282566
shock,16,0.0,8,0.72,0.7328009895041957
shock,16,0.0,9,1.0,1.0
shock,16,0.0,10,0.988918893751746,0.9869937479859151
shock,16,0.0,11,1.0,1.0
shock,16,0.0,12,0.9559602353211419,0.9554111549419693
shock,16,0.25,1,0.9775873792141377,0.9735418554857959
shock,16,0.25,2,1.0,1.0
shock,16,0.25,3,0.6982210077771196,0.8444256678389163
shock,16,0.25,4,1.0,1.0
shock,16,0.25,5,0.9454228231830325,0.9431764423381976
shock,16,0.25,6,0.7090464547677262,0.8571428571428571
shock,16,0.25,7,0.7253154817412394,0.7566955567680007
shock,16,0.25,8,0.734652403398346,0.7482774792536202
shock,16,0.25,9,1.0,1.0
shock,16,0.25,10,1.0,1.0
shock,16,0.25,11,1.0,1.0
shock,16,0.25,12,1.0,1.0
shock,16,0.5,1,0.9775873792141377,0.9735418554857959
shock,16,0.5,2,1.0,1.0
shock,16,0.5,3,0.9775873792141377,0.973541855485796
shock,16,0.5,4,1.0,1.0
shock,16,0.5,5,0.9559602353211419,0.9554111549419696
shock,16,0.5,6,1.0,1.0
shock,16,0.5,7,0.7832602982647636,0.7919990261165812
shock,16,0.5,8,0.7906629045136293,0.8027988022389151
shock,16,0.5,9,1.0,1.0
shock,16,0.5,10,0.988918893751746,0.9869937479859151
shock,16,0.5,11,1.0,1.0
shock,16,0.5,12,1.0,1.0
shock,16,1.0,1,0.9775873792141377,0.9735418554857956
shock,16,1.0,2,1.0,1.0
shock,16,1.0,3,0.9775873792141377,0.9735418554857959
shock,16,1.0,4,0.9777111818692639,0.9743214773092947
shock,16,1.0,5,0.9559602353211419,0.9554111549419693
shock,16,1.0,6,1.0,1.0
shock,16,1.0,7,0.7754503299739762,0.7925490171884292
shock,16,1.0,8,0.7858171346292296,0.7908974538480654
shock,16,1.0,9,0.988918893751746,0.9869937479859149
shock,16,1.0,10,1.0,1.0
shock,16,1.0,11,1.0,1.0
shock,16,1.0,12,1.0,1.0
shock,16,2.0,1,1.0,1.0
shock,16,2.0,2,1.0,1.0
shock,16,2.0,3,1.0,1.0
shock,16,2.0,4,1.0,1.0
shock,16,2.0,5,0.988918893751746,0.9869937479859151
shock,16,2.0,6,0.89171974522293,0.9221749742646178
shock,16,2.0,7,0.8988907434336243,0.929819873141691
shock,16,2.0,8,0.9784882369651112,0.9783922478689324
shock,16,2.0,9,1.0,1.0
shock,16,2.0,10,1.0,1.0
shock,16,2.0,11,1.0,1.0
shock,16,2.0,12,1.0,1.0
shock,16,4.0,1,1.0,1.0
shock,16,4.0,2,1.0,1.0
shock,16,4.0,3,1.0,1.0
shock,16,4.0,4,1.0,1.0
shock,16,4.0,5,1.0,1.0
shock,16,4.0,6,1.0,1.0
shock,16,4.0,7,1.0,1.0
shock,16,4.0,8,1.0,1.0
shock,16,4.0,9,1.0,1.0
shock,16,4.0,10,1.0,1.0
shock,16,4.0,11,1.0,1.0
shock,16,4.0,12,1.0,1.0
shock,17,0.0,1,0.8519363576879655,0.8815986089361609
shock,17,0.0,2,0.9777111818692639,0.974321477309295
shock,17,0.0,3,1.0,1.0
shock,17,0.0,4,1.0,1.0
shock,17,0.0,5,1.0,1.0
shock,17,0.0,6,0.988918893751746,0.9869937479859151
shock,17,0.0,7,0.7032762122274341,0.7156253150441912
shock,17,0.0,8,0.72774802669983,0.7566005136784171
shock,17,0.0,9,0.9559602353211419,0.9554111549419694
shock,17,0.0,10,1.0,1.0
shock,17,0.0,11,0.9513212795549374,0.9609596668889048
shock,17,0.0,12,1.0,1.0
shock,17,0.25,1,0.9559602353211419,0.9554111549419696
shock,17,0.25,2,0.988918893751746,0.9869937479859151
shock,17,0.25,3,1.0,1.0
shock,17,0.25,4,1.0,1.0
shock,17,0.25,5,1.0,1.0
shock,17,0.25,6,1.0,1.0
shock,17,0.25,7,0.71032515766856,0.720521604294066
shock,17,0.25,8,0.7249884795420921,0.7423932791430335
shock,17,0.25,9,0.9559602353211419,0.9554111549419694
shock,17,0.25,10,1.0,1.0
shock,17,0.25,11,1.0,1.0
shock,17,0.25,12,1.0,1.0
shock,17,0.5,1,0.9559602353211419,0.9554111549419694
shock,17,0.5,2,1.0,1.0
shock,17,0.5,3,1.0,1.0
shock,17,0.5,4,1.0,1.0
shock,17,0.5,5,1.0,1.0
shock,17,0.5,6,1.0,1.0
shock,17,0.5,7,0.7848999967372509,0.7735069232207872
shock,17,0.5,8,0.8223113663107862,0.7980960323860439
shock,17,0.5,9,0.9559602353211419,0.9554111549419694
shock,17,0.5,10,1.0,1.0
shock,17,0.5,11,1.0,1.0
shock,17,0.5,12,1.0,1.0
shock,17,1.0,1,0.9559602353211419,0.9554111549419694
shock,17,1.0,2,1.0,1.0
shock,17,1.0,3,1.0,1.0
shock,17,1.0,4,1.0,1.0
shock,17,1.0,5,1.0,1.0
shock,17,1.0,6,1.0,1.0
shock,17,1.0,7,0.813911399331108,0.8040061633353
shock,17,1.0,8,0.8138154061679661,0.8047356291004001
shock,17,1.0,9,0.9559602353211419,0.9554111549419694
shock,17,1.0,10,1.0,1.0
shock,17,1.0,11,1.0,1.0
shock,17,1.0,12,1.0,1.0
shock,17,2.0,1,1.0,1.0
shock,17,2.0,2,1.0,1.0
shock,17,2.0,3,1.0,1.0
shock,17,2.0,4,1.0,1.0
shock,17,2.0,5,1.0,1.0
shock,17,2.0,6,0.9572906130705733,0.9592419363885955
shock,17,2.0,7,0.8870529185061086,0.9220116803384483
shock,17,2.0,8,0.9076803723816912,0.9307737014755815
shock,17,2.0,9,0.988918893751746,0.9869937479859151
shock,17,2.0,10,1.0,1.0
shock,17,2.0,11,1.0,1.0
shock,17,2.0,12,1.0,1.0
shock,17,4.0,1,1.0,1.0
shock,17,4.0,2,1.0,1.0
shock,17,4.0,3,1.0,1.0
shock,17,4.0,4,1.0,1.0
shock,17,4.0,5,1.0,1.0
shock,17,4.0,6,1.0,1.0
shock,17,4.0,7,1.0,1.0
shock,17,4.0,8,1.0,1.0
shock,17,4.0,9,1.0,1.0
shock,17,4.0,10,1.0,1.0
shock,17,4.0,11,1.0,1.0
shock,17,4.0,12,1.0,1.0
shock,18,0.0,1,0.8176076474839484,0.8842233579490624
shock,18,0.0,2,0.9784882369651112,0.9783922478689324
shock,18,0.0,3,1.0,1.0
shock,18,0.0,4,1.0,1.0
shock,18,0.0,5,0.9396786106923497,0.948943026578861
shock,18,0.0,6,1.0,1.0
shock,18,0.0,7,0.7056452194481704,0.7099837061689926
shock,18,0.0,8,0.7256380049291347,0.7408720597890468
shock,18,0.0,9,0.9188712815311195,0.9385549737950729
shock,18,0.0,10,0.988918893751746,0.9869937479859149
shock,18,0.0,11,1.0,1.0
shock,18,0.0,12,1.0,1.0
shock,18,0.25,1,1.0,1.0
shock,18,0.25,2,1.0,1.0
shock,18,0.25,3,1.0,1.0
shock,18,0.25,4,1.0,1.0
shock,18,0.25,5,1.0,1.0
shock,18,0.25,6,1.0,1.0
shock,18,0.25,7,0.7039359108324625,0.7242937519085152
shock,18,0.25,8,0.7380112337350758,0.7402854443278807
shock,18,0.25,9,1.0,1.0
shock,18,0.25,10,1.0,1.0
shock,18,0.25,11,1.0,1.0
shock,18,0.25,12,1.0,1.0
shock,18,0.5,1,1.0,1.0
shock,18,0.5,2,1.0,1.0
shock,18,0.5,3,1.0,1.0
shock,18,0.5,4,1.0,1.0
shock,18,0.5,5,0.9513212795549374,0.9609596668889049
shock,18,0.5,6,1.0,1.0
shock,18,0.5,7,0.7323459162854179,0.729724036013198
shock,18,0.5,8,0.7407265748260059,0.7328818885661073
shock,18,0.5,9,1.0,1.0
shock,18,0.5,10,0.988918893751746,0.9869937479859149
shock,18,0.5,11,1.0,1.0
shock,18,0.5,12,1.0,1.0
shock,18,1.0,1,1.0,1.0
shock,18,1.0,2,1.0,1.0
shock,18,1.0,3,1.0,1.0
shock,18,1.0,4,1.0,1.0
shock,18,1.0,5,0.9513212795549374,0.9609596668889049
shock,18,1.0,6,1.0,1.0
shock,18,1.0,7,0.7481757151196731,0.7407549751874681
shock,18,1.0,8,0.7337507137071609,0.7302442068360291
shock,18,1.0,9,1.0,1.0
shock,18,1.0,10,0.9784882369651112,0.9783922478689324
shock,18,1.0,11,1.0,1.0
shock,18,1.0,12,1.0,1.0
shock,18,2.0,1,1.0,1.0
shock,18,2.0,2,1.0,1.0
shock,18,2.0,3,1.0,1.0
shock,18,2.0,4,0.988918893751746,0.9869937479859151
shock,18,2.0,5,0.8921429558173933,0.9210249582952813
shock,18,2.0,6,0.809398471206317,0.8773605734758165
shock,18,2.0,7,0.8378578394417048,0.8924201985152559
shock,18,2.0,8,0.9209302325581395,0.937026686413177
shock,18,2.0,9,0.988918893751746,0.9869937479859149
shock,18,2.0,10,1.0,1.0
shock,18,2.0,11,1.0,1.0
shock,18,2.0,12,1.0,1.0
shock,18,4.0,1,1.0,1.0
shock,18,4.0,2,1.0,1.0
shock,18,4.0,3,1.0,1.0
shock,18,4.0,4,1.0,1.0
shock,18,4.0,5,1.0,1.0
shock,18,4.0,6,1.0,1.0
shock,18,4.0,7,1.0,1.0
shock,18,4.0,8,1.0,1.0
shock,18,4.0,9,1.0,1.0
shock,18,4.0,10,1.0,1.0
shock,18,4.0,11,1.0,1.0
shock,18,4.0,12,1.0,1.0
shock,19,0.0,1,0.988918893751746,0.9869937479859151
shock,19,0.0,2,0.988918893751746,0.9869937479859149
shock,19,0.0,3,0.9663811590666855,0.9608784723278956
shock,19,0.0,4,0.988918893751746,0.9869937479859149
shock,19,0.0,5,0.9777111818692639,0.9743214773092947
shock,19,0.0,6,1.0,1.0
shock,19,0.0,7,0.7257865201209583,0.756164174320834
shock,19,0.0,8,0.7088732568184622,0.7471772348395744
shock,19,0.0,9,0.9513212795549374,0.9609596668889048
shock,19,0.0,10,1.0,1.0
shock,19,0.0,11,0.9777111818692639,0.9743214773092947
shock,19,0.0,12,0.9777111818692639,0.9743214773092949
shock,19,0.25,1,1.0,1.0
shock,19,0.25,2,1.0,1.0
shock,19,0.25,3,0.9663811590666855,0.9608784723278957
shock,19,0.25,4,1.0,1.0
shock,19,0.25,5,0.988918893751746,0.9869937479859151
shock,19,0.25,6,1.0,1.0
shock,19,0.25,7,0.7380633485462725,0.7917594850915612
shock,19,0.25,8,0.7191389845852089,0.7727738877549154
shock,19,0.25,9,1.0,1.0
shock,19,0.25,10,1.0,1.0
shock,19,0.25,11,1.0,1.0
shock,19,0.25,12,1.0,1.0
shock,19,0.5,1,1.0,1.0
shock,19,0.5,2,1.0,1.0
shock,19,0.5,3,0.9663811590666855,0.9608784723278957
shock,19,0.5,4,0.988918893751746,0.9869937479859149
shock,19,0.5,5,0.988918893751746,0.9869937479859151
shock,19,0.5,6,1.0,1.0
shock,19,0.5,7,0.8237682279223134,0.8357006254536833
shock,19,0.5,8,0.7930886353873323,0.8091319866789797
shock,19,0.5,9,1.0,1.0
shock,19,0.5,10,1.0,1.0
shock,19,0.5,11,1.0,1.0
shock,19,0.5,12,1.0,1.0
shock,19,1.0,1,1.0,1.0
shock,19,1.0,2,1.0,1.0
shock,19,1.0,3,0.9775873792141377,0.9735418554857959
shock,19,1.0,4,0.988918893751746,0.9869937479859151
shock,19,1.0,5,0.988918893751746,0.9869937479859151
shock,19,1.0,6,1.0,1.0
shock,19,1.0,7,0.8137088221926709,0.8254443899818039
shock,19,1.0,8,0.7929612965536736,0.8016987817513634
shock,19,1.0,9,1.0,1.0
shock,19,1.0,10,1.0,1.0
shock,19,1.0,11,1.0,1.0
shock,19,1.0,12,1.0,1.0
shock,19,2.0,1,1.0,1.0
shock,19,2.0,2,1.0,1.0
shock,19,2.0,3,1.0,1.0
shock,19,2.0,4,1.0,1.0
shock,19,2.0,5,0.988918893751746,0.9869937479859151
shock,19,2.0,6,0.9209302325581395,0.9457217297142854
shock,19,2.0,7,0.9437086092715232,0.9568274608770692
shock,19,2.0,8,0.9687308399754752,0.9715225138701328
shock,19,2.0,9,0.988918893751746,0.9869937479859151
shock,19,2.0,10,1.0,1.0
shock,19,2.0,11,1.0,1.0
shock,19,2.0,12,1.0,1.0
shock,19,4.0,1,1.0,1.0
shock,19,4.0,2,1.0,1.0
shock,19,4.0,3,1.0,1.0
shock,19,4.0,4,1.0,1.0
shock,19,4.0,5,1.0,1.0
shock,19,4.0,6,1.0,1.0
shock,19,4.0,7,1.0,1.0
shock,19,4.0,8,1.0,1.0
shock,19,4.0,9,1.0,1.0
shock,19,4.0,10,1.0,1.0
shock,19,4.0,11,1.0,1.0
shock,19,4.0,12,1.0,1.0
stable,0,0.0,1,0.9001510320523578,0.9303418151731833
stable,0,0.0,2,1.0,1.0
stable,0,0.0,3,0.9368479690420234,0.9533015155088699
stable,0,0.0,4,0.9110090272955504,0.9413541300285139
stable,0,0.0,5,1.0,1.0
stable,0,0.0,6,0.9122544783613985,0.9418891053052244
stable,0,0.0,7,1.0,1.0
stable,0,0.0,8,0.9089298902854317,0.9340808553521334
stable,0,0.0,9,0.922163601531295,0.9393933693715284
stable,0,0.0,10,0.9784882369651112,0.9783922478689324
stable,0,0.0,11,0.9250356420543085,0.9414744612220838
stable,0,0.0,12,0.8733556154732801,0.9135242135439862
stable,0,0.25,1,1.0,1.0
stable,0,0.25,2,1.0,1.0
stable,0,0.25,3,1.0,1.0
stable,0,0.25,4,1.0,1.0
stable,0,0.25,5,1.0,1.0
stable,0,0.25,6,1.0,1.0
stable,0,0.25,7,1.0,1.0
stable,0,0.25,8,1.0,1.0
stable,0,0.25,9,0.988918893751746,0.9869937479859151
stable,0,0.25,10,0.9784882369651112,0.9783922478689324
stable,0,0.25,11,1.0,1.0
stable,0,0.25,12,1.0,1.0
stable,0,0.5,1,1.0,1.0
stable,0,0.5,2,1.0,1.0
stable,0,0.5,3,1.0,1.0
stable,0,0.5,4,1.0,1.0
stable,0,0.5,5,1.0,1.0
stable,0,0.5,6,1.0,1.0
stable,0,0.5,7,1.0,1.0
stable,0,0.5,8,1.0,1.0
stable,0,0.5,9,1.0,1.0
stable,0,0.5,10,0.9784882369651112,0.9783922478689324
stable,0,0.5,11,1.0,1.0
stable,0,0.5,12,1.0,1.0
stable,0,1.0,1,1.0,1.0
stable,0,1.0,2,1.0,1.0
stable,0,1.0,3,1.0,1.0
stable,0,1.0,4,1.0,1.0
stable,0,1.0,5,1.0,1.0
stable,0,1.0,6,1.0,1.0
stable,0,1.0,7,1.0,1.0
stable,0,1.0,8,1.0,1.0
stable,0,1.0,9,1.0,1.0
stable,0,1.0,10,0.9784882369651112,0.9783922478689324
stable,0,1.0,11,1.0,1.0
stable,0,1.0,12,1.0,1.0
stable,0,2.0,1,1.0,1.0
stable,0,2.0,2,1.0,1.0
stable,0,2.0,3,1.0,1.0
stable,0,2.0,4,1.0,1.0
stable,0,2.0,5,1.0,1.0
stable,0,2.0,6,1.0,1.0
stable,0,2.0,7,0.9254452698469525,0.947794815900551
stable,0,2.0,8,0.9254452698469525,0.9477948159005508
stable,0,2.0,9,1.0,1.0
stable,0,2.0,10,1.0,1.0
stable,0,2.0,11,1.0,1.0
stable,0,2.0,12,1.0,1.0
stable,0,4.0,1,1.0,1.0
stable,0,4.0,2,1.0,1.0
stable,0,4.0,3,1.0,1.0
stable,0,4.0,4,1.0,1.0
stable,0,4.0,5,1.0,1.0
stable,0,4.0,6,1.0,1.0
stable,0,4.0,7,1.0,1.0
stable,0,4.0,8,1.0,1.0
stable,0,4.0,9,1.0,1.0
stable,0,4.0,10,1.0,1.0
stable,0,4.0,11,1.0,1.0
stable,0,4.0,12,1.0,1.0
stable,1,0.0,1,1.0,1.0
stable,1,0.0,2,0.988918893751746,0.9869937479859149
stable,1,0.0,3,0.9663811590666855,0.9608784723278957
stable,1,0.0,4,1.0,1.0
stable,1,0.0,5,0.9667677640167038,0.962066424281016
stable,1,0.0,6,1.0,1.0
stable,1,0.0,7,0.988918893751746,0.9869937479859151
stable,1,0.0,8,1.0,1.0
stable,1,0.0,9,1.0,1.0
stable,1,0.0,10,1.0,1.0
stable,1,0.0,11,1.0,1.0
stable,1,0.0,12,0.917221110929902,0.9440598379375393
stable,1,0.25,1,1.0,1.0
stable,1,0.25,2,1.0,1.0
stable,1,0.25,3,0.9775873792141377,0.9735418554857959
stable,1,0.25,4,1.0,1.0
stable,1,0.25,5,1.0,1.0
stable,1,0.25,6,1.0,1.0
stable,1,0.25,7,0.988918893751746,0.9869937479859151
stable,1,0.25,8,1.0,1.0
stable,1,0.25,9,1.0,1.0
stable,1,0.25,10,1.0,1.0
stable,1,0.25,11,1.0,1.0
stable,1,0.25,12,1.0,1.0
stable,1,0.5,1,1.0,1.0
stable,1,0.5,2,1.0,1.0
stable,1,0.5,3,0.9775873792141377,0.9735418554857959
stable,1,0.5,4,1.0,1.0
stable,1,0.5,5,1.0,1.0
stable,1,0.5,6,1.0,1.0
stable,1,0.5,7,1.0,1.0
stable,1,0.5,8,1.0,1.0
stable,1,0.5,9,1.0,1.0
stable,1,0.5,10,1.0,1.0
stable,1,0.5,11,1.0,1.0
stable,1,0.5,12,1.0,1.0
stable,1,1.0,1,1.0,1.0
stable,1,1.0,2,1.0,1.0
stable,1,1.0,3,0.988918893751746,0.9869937479859151
stable,1,1.0,4,0.988918893751746,0.9869937479859151
stable,1,1.0,5,1.0,1.0
stable,1,1.0,6,1.0,1.0
stable,1,1.0,7,1.0,1.0
stable,1,1.0,8,1.0,1.0
stable,1,1.0,9,1.0,1.0
stable,1,1.0,10,1.0,1.0
stable,1,1.0,11,1.0,1.0
stable,1,1.0,12,1.0,1.0
stable,1,2.0,1,1.0,1.0
stable,1,2.0,2,1.0,1.0
stable,1,2.0,3,1.0,1.0
stable,1,2.0,4,0.9687308399754752,0.9715225138701332
stable,1,2.0,5,0.9368479690420234,0.9533015155088699
stable,1,2.0,6,0.9784882369651112,0.9783922478689324
stable,1,2.0,7,1.0,1.0
stable,1,2.0,8,1.0,1.0
stable,1,2.0,9,1.0,1.0
stable,1,2.0,10,1.0,1.0
stable,1,2.0,11,1.0,1.0
stable,1,2.0,12,1.0,1.0
stable,1,4.0,1,1.0,1.0
stable,1,4.0,2,1.0,1.0
stable,1,4.0,3,1.0,1.0
stable,1,4.0,4,1.0,1.0
stable,1,4.0,5,1.0,1.0
stable,1,4.0,6,1.0,1.0
stable,1,4.0,7,1.0,1.0
stable,1,4.0,8,1.0,1.0
stable,1,4.0,9,1.0,1.0
stable,1,4.0,10,1.0,1.0
stable,1,4.0,11,1.0,1.0
stable,1,4.0,12,1.0,1.0
stable,2,0.0,1,1.0,1.0
stable,2,0.0,2,0.988918893751746,0.9869937479859149
stable,2,0.0,3,1.0,1.0
stable,2,0.0,4,0.988918893751746,0.9869937479859151
stable,2,0.0,5,1.0,1.0
stable,2,0.0,6,0.988918893751746,0.9869937479859149
stable,2,0.0,7,0.9777111818692639,0.9743214773092947
stable,2,0.0,8,0.9777111818692639,0.9743214773092947
stable,2,0.0,9,0.988918893751746,0.9869937479859151
stable,2,0.0,10,0.9667677640167038,0.9620664242810159
stable,2,0.0,11,1.0,1.0
stable,2,0.0,12,1.0,1.0
stable,2,0.25,1,1.0,1.0
stable,2,0.25,2,1.0,1.0
stable,2,0.25,3,1.0,1.0
stable,2,0.25,4,0.988918893751746,0.9869937479859151
stable,2,0.25,5,1.0,1.0
stable,2,0.25,6,1.0,1.0
stable,2,0.25,7,0.988918893751746,0.9869937479859151
stable,2,0.25,8,0.9777111818692639,0.9743214773092949
stable,2,0.25,9,1.0,1.0
stable,2,0.25,10,0.9671606902261254,0.9659384950895415
stable,2,0.25,11,1.0,1.0
stable,2,0.25,12,1.0,1.0
stable,2,0.5,1,1.0,1.0
stable,2,0.5,2,1.0,1.0
stable,2,0.5,3,1.0,1.0
stable,2,0.5,4,1.0,1.0
stable,2,0.5,5,1.0,1.0
stable,2,0.5,6,1.0,1.0
stable,2,0.5,7,0.988918893751746,0.9869937479859151
stable,2,0.5,8,0.988918893751746,0.9869937479859151
stable,2,0.5,9,1.0,1.0
stable,2,0.5,10,0.9671606902261254,0.9659384950895414
stable,2,0.5,11,1.0,1.0
stable,2,0.5,12,1.0,1.0
stable,2,1.0,1,1.0,1.0
stable,2,1.0,2,1.0,1.0
stable,2,1.0,3,1.0,1.0
stable,2,1.0,4,1.0,1.0
stable,2,1.0,5,1.0,1.0
stable,2,1.0,6,1.0,1.0
stable,2,1.0,7,1.0,1.0
stable,2,1.0,8,0.988918893751746,0.9869937479859149
stable,2,1.0,9,0.988918893751746,0.9869937479859151
stable,2,1.0,10,0.988918893751746,0.9869937479859151
stable,2,1.0,11,1.0,1.0
stable,2,1.0,12,1.0,1.0
stable,2,2.0,1,1.0,1.0
stable,2,2.0,2,1.0,1.0
stable,2,2.0,3,1.0,1.0
stable,2,2.0,4,1.0,1.0
stable,2,2.0,5,1.0,1.0
stable,2,2.0,6,0.8668722202515757,0.9109904723375378
stable,2,2.0,7,0.9076803723816912,0.9307737014755815
stable,2,2.0,8,0.988918893751746,0.9869937479859149
stable,2,2.0,9,1.0,1.0
stable,2,2.0,10,1.0,1.0
stable,2,2.0,11,1.0,1.0
stable,2,2.0,12,1.0,1.0
stable,2,4.0,1,1.0,1.0
stable,2,4.0,2,1.0,1.0
stable,2,4.0,3,1.0,1.0
stable,2,4.0,4,1.0,1.0
stable,2,4.0,5,1.0,1.0
stable,2,4.0,6,1.0,1.0
stable,2,4.0,7,1.0,1.0
stable,2,4.0,8,1.0,1.0
stable,2,4.0,9,1.0,1.0
stable,2,4.0,10,1.0,1.0
stable,2,4.0,11,1.0,1.0
stable,2,4.0,12,1.0,1.0
stable,3,0.0,1,0.988918893751746,0.9869937479859149
stable,3,0.0,2,1.0,1.0
stable,3,0.0,3,0.7763888547414414,0.8533126942902155
stable,3,0.0,4,0.9130973416706332,0.9088559088724306
stable,3,0.0,5,0.9108477702785944,0.9209352755224361
stable,3,0.0,6,0.7227017624470774,0.8372914298157575
stable,3,0.0,7,0.9307553956834532,0.9503083331904183
stable,3,0.0,8,0.917221110929902,0.9440598379375393
stable,3,0.0,9,1.0,1.0
stable,3,0.0,10,1.0,1.0
stable,3,0.0,11,0.988918893751746,0.9869937479859151
stable,3,0.0,12,0.9105639375308323,0.9260936594727313
stable,3,0.25,1,1.0,1.0
stable,3,0.25,2,1.0,1.0
stable,3,0.25,3,0.9351424227646941,0.9404185439808237
stable,3,0.25,4,0.9555546333568494,0.9471839267308284
stable,3,0.25,5,0.966769698895533,0.9609768036015338
stable,3,0.25,6,0.9784882369651112,0.9783922478689326
stable,3,0.25,7,1.0,1.0
stable,3,0.25,8,1.0,1.0
stable,3,0.25,9,1.0,1.0
stable,3,0.25,10,1.0,1.0
stable,3,0.25,11,1.0,1.0
stable,3,0.25,12,0.9775873792141377,0.9735418554857956
stable,3,0.5,1,1.0,1.0
stable,3,0.5,2,1.0,1.0
stable,3,0.5,3,0.9351424227646941,0.9404185439808237
stable,3,0.5,4,0.9555546333568494,0.9471839267308283
stable,3,0.5,5,0.966769698895533,0.9609768036015338
stable,3,0.5,6,0.9784882369651112,0.9783922478689326
stable,3,0.5,7,1.0,1.0
stable,3,0.5,8,1.0,1.0
stable,3,0.5,9,1.0,1.0
stable,3,0.5,10,1.0,1.0
stable,3,0.5,11,1.0,1.0
stable,3,0.5,12,0.9775873792141377,0.9735418554857956
stable,3,1.0,1,1.0,1.0
stable,3,1.0,2,1.0,1.0
stable,3,1.0,3,0.9351424227646941,0.9404185439808237
stable,3,1.0,4,0.9442232866333646,0.9348633953457532
stable,3,1.0,5,0.966769698895533,0.9609768036015338
stable,3,1.0,6,1.0,1.0
stable,3,1.0,7,1.0,1.0
stable,3,1.0,8,1.0,1.0
stable,3,1.0,9,1.0,1.0
stable,3,1.0,10,1.0,1.0
stable,3,1.0,11,1.0,1.0
stable,3,1.0,12,0.9775873792141377,0.9735418554857959
stable,3,2.0,1,1.0,1.0
stable,3,2.0,2,1.0,1.0
stable,3,2.0,3,1.0,1.0
stable,3,2.0,4,1.0,1.0
stable,3,2.0,5,1.0,1.0
stable,3,2.0,6,1.0,1.0
stable,3,2.0,7,1.0,1.0
stable,3,2.0,8,1.0,1.0
stable,3,2.0,9,1.0,1.0
stable,3,2.0,10,1.0,1.0
stable,3,2.0,11,1.0,1.0
stable,3,2.0,12,1.0,1.0
stable,3,4.0,1,1.0,1.0
stable,3,4.0,2,1.0,1.0
stable,3,4.0,3,1.0,1.0
stable,3,4.0,4,1.0,1.0
stable,3,4.0,5,1.0,1.0
stable,3,4.0,6,1.0,1.0
stable,3,4.0,7,1.0,1.0
stable,3,4.0,8,1.0,1.0
stable,3,4.0,9,1.0,1.0
stable,3,4.0,10,1.0,1.0
stable,3,4.0,11,1.0,1.0
stable,3,4.0,12,1.0,1.0
stable,4,0.0,1,1.0,1.0
stable,4,0.0,2,1.0,1.0
stable,4,0.0,3,1.0,1.0
stable,4,0.0,4,1.0,1.0
stable,4,0.0,5,0.988918893751746,0.9869937479859149
stable,4,0.0,6,0.988918893751746,0.9869937479859149
stable,4,0.0,7,1.0,1.0
stable,4,0.0,8,1.0,1.0
stable,4,0.0,9,1.0,1.0
stable,4,0.0,10,1.0,1.0
stable,4,0.0,11,0.9110090272955504,0.9413541300285139
stable,4,0.0,12,1.0,1.0
stable,4,0.25,1,1.0,1.0
stable,4,0.25,2,1.0,1.0
stable,4,0.25,3,1.0,1.0
stable,4,0.25,4,1.0,1.0
stable,4,0.25,5,0.988918893751746,0.9869937479859149
stable,4,0.25,6,1.0,1.0
stable,4,0.25,7,1.0,1.0
stable,4,0.25,8,1.0,1.0
stable,4,0.25,9,1.0,1.0
stable,4,0.25,10,1.0,1.0
stable,4,0.25,11,1.0,1.0
stable,4,0.25,12,1.0,1.0
stable,4,0.5,1,1.0,1.0
stable,4,0.5,2,1.0,1.0
stable,4,0.5,3,1.0,1.0
stable,4,0.5,4,1.0,1.0
stable,4,0.5,5,0.988918893751746,0.9869937479859151
stable,4,0.5,6,0.988918893751746,0.9869937479859151
stable,4,0.5,7,1.0,1.0
stable,4,0.5,8,1.0,1.0
stable,4,0.5,9,1.0,1.0
stable,4,0.5,10,1.0,1.0
stable,4,0.5,11,1.0,1.0
stable,4,0.5,12,1.0,1.0
stable,4,1.0,1,1.0,1.0
stable,4,1.0,2,1.0,1.0
stable,4,1.0,3,1.0,1.0
stable,4,1.0,4,0.988918893751746,0.9869937479859151
stable,4,1.0,5,1.0,1.0
stable,4,1.0,6,1.0,1.0
stable,4,1.0,7,1.0,1.0
stable,4,1.0,8,1.0,1.0
stable,4,1.0,9,1.0,1.0
stable,4,1.0,10,1.0,1.0
stable,4,1.0,11,1.0,1.0
stable,4,1.0,12,1.0,1.0
stable,4,2.0,1,1.0,1.0
stable,4,2.0,2,1.0,1.0
stable,4,2.0,3,1.0,1.0
stable,4,2.0,4,1.0,1.0
stable,4,2.0,5,0.9372528341682046,0.9456338077920504
stable,4,2.0,6,0.8485015311564532,0.902330851881198
stable,4,2.0,7,0.988918893751746,0.9869937479859149
stable,4,2.0,8,1.0,1.0
stable,4,2.0,9,1.0,1.0
stable,4,2.0,10,1.0,1.0
stable,4,2.0,11,1.0,1.0
stable,4,2.0,12,1.0,1.0
stable,4,4.0,1,1.0,1.0
stable,4,4.0,2,1.0,1.0
stable,4,4.0,3,1.0,1.0
stable,4,4.0,4,1.0,1.0
stable,4,4.0,5,1.0,1.0
stable,4,4.0,6,1.0,1.0
stable,4,4.0,7,1.0,1.0
stable,4,4.0,8,1.0,1.0
stable,4,4.0,9,1.0,1.0
stable,4,4.0,10,1.0,1.0
stable,4,4.0,11,1.0,1.0
stable,4,4.0,12,1.0,1.0
stable,5,0.0,1,0.9775873792141377,0.9735418554857959
stable,5,0.0,2,0.9105639375308323,0.9260936594727309
stable,5,0.0,3,0.9663811590666855,0.9608784723278957
stable,5,0.0,4,0.9663811590666855,0.9608784723278956
stable,5,0.0,5,1.0,1.0
stable,5,0.0,6,0.9122544783613985,0.9418891053052244
stable,5,0.0,7,0.8976253981751207,0.9024121249852703
stable,5,0.0,8,0.988918893751746,0.9869937479859149
stable,5,0.0,9,1.0,1.0
stable,5,0.0,10,0.988918893751746,0.9869937479859149
stable,5,0.0,11,0.9110090272955504,0.9413541300285139
stable,5,0.0,12,0.9775873792141377,0.973541855485796
stable,5,0.25,1,0.9775873792141377,0.9735418554857959
stable,5,0.25,2,0.9775873792141377,0.973541855485796
stable,5,0.25,3,0.9663811590666855,0.9608784723278957
stable,5,0.25,4,0.9663811590666855,0.9608784723278956
stable,5,0.25,5,1.0,1.0
stable,5,0.25,6,1.0,1.0
stable,5,0.25,7,0.9447745645605689,0.9404725248877701
stable,5,0.25,8,0.988918893751746,0.9869937479859151
stable,5,0.25,9,1.0,1.0
stable,5,0.25,10,0.988918893751746,0.9869937479859151
stable,5,0.25,11,1.0,1.0
stable,5,0.25,12,0.9775873792141377,0.973541855485796
stable,5,0.5,1,0.9775873792141377,0.9735418554857956
stable,5,0.5,2,0.9775873792141377,0.973541855485796
stable,5,0.5,3,0.9775873792141377,0.973541855485796
stable,5,0.5,4,0.9775873792141377,0.9735418554857956
stable,5,0.5,5,1.0,1.0
stable,5,0.5,6,1.0,1.0
stable,5,0.5,7,0.955832755087221,0.9525037417961225
stable,5,0.5,8,0.988918893751746,0.9869937479859151
stable,5,0.5,9,1.0,1.0
stable,5,0.5,10,1.0,1.0
stable,5,0.5,11,1.0,1.0
stable,5,0.5,12,0.9775873792141377,0.973541855485796
stable,5,1.0,1,1.0,1.0
stable,5,1.0,2,0.9775873792141377,0.973541855485796
stable,5,1.0,3,0.9775873792141377,0.973541855485796
stable,5,1.0,4,0.966769698895533,0.9609768036015337
stable,5,1.0,5,1.0,1.0
stable,5,1.0,6,1.0,1.0
stable,5,1.0,7,0.9775873792141377,0.9735418554857959
stable,5,1.0,8,1.0,1.0
stable,5,1.0,9,0.9687308399754752,0.971522513870133
stable,5,1.0,10,1.0,1.0
stable,5,1.0,11,1.0,1.0
stable,5,1.0,12,1.0,1.0
stable,5,2.0,1,1.0,1.0
stable,5,2.0,2,1.0,1.0
stable,5,2.0,3,1.0,1.0
stable,5,2.0,4,1.0,1.0
stable,5,2.0,5,1.0,1.0
stable,5,2.0,6,1.0,1.0
stable,5,2.0,7,0.8162438250686491,0.8901610502526047
stable,5,2.0,8,0.9176339048024704,0.9338692724125787
stable,5,2.0,9,0.9784882369651112,0.9783922478689326
stable,5,2.0,10,1.0,1.0
stable,5,2.0,11,1.0,1.0
stable,5,2.0,12,1.0,1.0
stable,5,4.0,1,1.0,1.0
stable,5,4.0,2,1.0,1.0
stable,5,4.0,3,1.0,1.0
stable,5,4.0,4,1.0,1.0
stable,5,4.0,5,1.0,1.0
stable,5,4.0,6,1.0,1.0
stable,5,4.0,7,1.0,1.0
stable,5,4.0,8,1.0,1.0
stable,5,4.0,9,1.0,1.0
stable,5,4.0,10,1.0,1.0
stable,5,4.0,11,1.0,1.0
stable,5,4.0,12,1.0,1.0
stable,6,0.0,1,0.988918893751746,0.9869937479859151
stable,6,0.0,2,1.0,1.0
stable,6,0.0,3,0.9777111818692639,0.9743214773092947
stable,6,0.0,4,1.0,1.0
stable,6,0.0,5,1.0,1.0
stable,6,0.0,6,0.9667677640167038,0.962066424281016
stable,6,0.0,7,0.9775873792141377,0.973541855485796
stable,6,0.0,8,1.0,1.0
stable,6,0.0,9,1.0,1.0
stable,6,0.0,10,0.988918893751746,0.9869937479859151
stable,6,0.0,11,0.988918893751746,0.9869937479859151
stable,6,0.0,12,1.0,1.0
stable,6,0.25,1,1.0,1.0
stable,6,0.25,2,1.0,1.0
stable,6,0.25,3,1.0,1.0
stable,6,0.25,4,1.0,1.0
stable,6,0.25,5,1.0,1.0
stable,6,0.25,6,0.9784882369651112,0.9783922478689326
stable,6,0.25,7,1.0,1.0
stable,6,0.25,8,1.0,1.0
stable,6,0.25,9,1.0,1.0
stable,6,0.25,10,1.0,1.0
stable,6,0.25,11,0.9775873792141377,0.9735418554857959
stable,6,0.25,12,1.0,1.0
stable,6,0.5,1,1.0,1.0
stable,6,0.5,2,1.0,1.0
stable,6,0.5,3,1.0,1.0
stable,6,0.5,4,1.0,1.0
stable,6,0.5,5,1.0,1.0
stable,6,0.5,6,0.9784882369651112,0.9783922478689324
stable,6,0.5,7,1.0,1.0
stable,6,0.5,8,1.0,1.0
stable,6,0.5,9,1.0,1.0
stable,6,0.5,10,1.0,1.0
stable,6,0.5,11,0.9775873792141377,0.973541855485796
stable,6,0.5,12,1.0,1.0
stable,6,1.0,1,1.0,1.0
stable,6,1.0,2,1.0,1.0
stable,6,1.0,3,1.0,1.0
stable,6,1.0,4,1.0,1.0
stable,6,1.0,5,1.0,1.0
stable,6,1.0,6,0.9784882369651112,0.9783922478689324
stable,6,1.0,7,1.0,1.0
stable,6,1.0,8,1.0,1.0
stable,6,1.0,9,1.0,1.0
stable,6,1.0,10,1.0,1.0
stable,6,1.0,11,0.9775873792141377,0.973541855485796
stable,6,1.0,12,1.0,1.0
stable,6,2.0,1,1.0,1.0
stable,6,2.0,2,1.0,1.0
stable,6,2.0,3,1.0,1.0
stable,6,2.0,4,1.0,1.0
stable,6,2.0,5,0.988918893751746,0.9869937479859151
stable,6,2.0,6,0.9110090272955504,0.9413541300285141
stable,6,2.0,7,0.988918893751746,0.9869937479859151
stable,6,2.0,8,1.0,1.0
stable,6,2.0,9,1.0,1.0
stable,6,2.0,10,1.0,1.0
stable,6,2.0,11,1.0,1.0
stable,6,2.0,12,1.0,1.0
stable,6,4.0,1,1.0,1.0
stable,6,4.0,2,1.0,1.0
stable,6,4.0,3,1.0,1.0
stable,6,4.0,4,1.0,1.0
stable,6,4.0,5,1.0,1.0
stable,6,4.0,6,1.0,1.0
stable,6,4.0,7,1.0,1.0
stable,6,4.0,8,1.0,1.0
stable,6,4.0,9,1.0,1.0
stable,6,4.0,10,1.0,1.0
stable,6,4.0,11,1.0,1.0
stable,6,4.0,12,1.0,1.0
stable,7,0.0,1,0.9368479690420234,0.95330151550887
stable,7,0.0,2,1.0,1.0
stable,7,0.0,3,1.0,1.0
stable,7,0.0,4,0.988918893751746,0.9869937479859151
stable,7,0.0,5,1.0,1.0
stable,7,0.0,6,1.0,1.0
stable,7,0.0,7,1.0,1.0
stable,7,0.0,8,0.9777111818692639,0.9743214773092947
stable,7,0.0,9,1.0,1.0
stable,7,0.0,10,1.0,1.0
stable,7,0.0,11,1.0,1.0
stable,7,0.0,12,0.9777111818692639,0.9743214773092947
stable,7,0.25,1,1.0,1.0
stable,7,0.25,2,1.0,1.0
stable,7,0.25,3,1.0,1.0
stable,7,0.25,4,1.0,1.0
stable,7,0.25,5,1.0,1.0
stable,7,0.25,6,1.0,1.0
stable,7,0.25,7,1.0,1.0
stable,7,0.25,8,0.988918893751746,0.9869937479859151
stable,7,0.25,9,1.0,1.0
stable,7,0.25,10,1.0,1.0
stable,7,0.25,11,1.0,1.0
stable,7,0.25,12,1.0,1.0
stable,7,0.5,1,1.0,1.0
stable,7,0.5,2,1.0,1.0
stable,7,0.5,3,1.0,1.0
stable,7,0.5,4,1.0,1.0
stable,7,0.5,5,1.0,1.0
stable,7,0.5,6,1.0,1.0
stable,7,0.5,7,1.0,1.0
stable,7,0.5,8,1.0,1.0
stable,7,0.5,9,1.0,1.0
stable,7,0.5,10,1.0,1.0
stable,7,0.5,11,1.0,1.0
stable,7,0.5,12,1.0,1.0
stable,7,1.0,1,1.0,1.0
stable,7,1.0,2,1.0,1.0
stable,7,1.0,3,1.0,1.0
stable,7,1.0,4,1.0,1.0
stable,7,1.0,5,1.0,1.0
stable,7,1.0,6,1.0,1.0
stable,7,1.0,7,0.988918893751746,0.9869937479859151
stable,7,1.0,8,0.988918893751746,0.9869937479859151
stable,7,1.0,9,1.0,1.0
stable,7,1.0,10,1.0,1.0
stable,7,1.0,11,1.0,1.0
stable,7,1.0,12,1.0,1.0
stable,7,2.0,1,1.0,1.0
stable,7,2.0,2,1.0,1.0
stable,7,2.0,3,1.0,1.0
stable,7,2.0,4,1.0,1.0
stable,7,2.0,5,1.0,1.0
stable,7,2.0,6,1.0,1.0
stable,7,2.0,7,1.0,1.0
stable,7,2.0,8,1.0,1.0
stable,7,2.0,9,1.0,1.0
stable,7,2.0,10,1.0,1.0
stable,7,2.0,11,1.0,1.0
stable,7,2.0,12,1.0,1.0
stable,7,4.0,1,1.0,1.0
stable,7,4.0,2,1.0,1.0
stable,7,4.0,3,1.0,1.0
stable,7,4.0,4,1.0,1.0
stable,7,4.0,5,1.0,1.0
stable,7,4.0,6,1.0,1.0
stable,7,4.0,7,1.0,1.0
stable,7,4.0,8,1.0,1.0
stable,7,4.0,9,1.0,1.0
stable,7,4.0,10,1.0,1.0
stable,7,4.0,11,1.0,1.0
stable,7,4.0,12,1.0,1.0
stable,8,0.0,1,0.9775873792141377,0.9735418554857956
stable,8,0.0,2,0.9775873792141377,0.973541855485796
stable,8,0.0,3,1.0,1.0
stable,8,0.0,4,0.988918893751746,0.9869937479859151
stable,8,0.0,5,0.9775873792141377,0.973541855485796
stable,8,0.0,6,1.0,1.0
stable,8,0.0,7,0.988918893751746,0.9869937479859149
stable,8,0.0,8,0.9775873792141377,0.973541855485796
stable,8,0.0,9,0.966756681255238,0.9609812439577451
stable,8,0.0,10,0.9775873792141377,0.9735418554857959
stable,8,0.0,11,1.0,1.0
stable,8,0.0,12,0.8720442428736042,0.8818191646308211
stable,8,0.25,1,0.9775873792141377,0.9735418554857959
stable,8,0.25,2,0.9775873792141377,0.9735418554857959
stable,8,0.25,3,1.0,1.0
stable,8,0.25,4,1.0,1.0
stable,8,0.25,5,0.9775873792141377,0.9735418554857959
stable,8,0.25,6,1.0,1.0
stable,8,0.25,7,0.988918893751746,0.9869937479859151
stable,8,0.25,8,0.9775873792141377,0.973541855485796
stable,8,0.25,9,0.966756681255238,0.9609812439577449
stable,8,0.25,10,0.9775873792141377,0.9735418554857959
stable,8,0.25,11,1.0,1.0
stable,8,0.25,12,0.6775654436551973,0.8095982790678297
stable,8,0.5,1,0.9775873792141377,0.9735418554857959
stable,8,0.5,2,0.9775873792141377,0.9735418554857959
stable,8,0.5,3,1.0,1.0
stable,8,0.5,4,1.0,1.0
stable,8,0.5,5,0.9775873792141377,0.973541855485796
stable,8,0.5,6,1.0,1.0
stable,8,0.5,7,1.0,1.0
stable,8,0.5,8,0.9775873792141377,0.973541855485796
stable,8,0.5,9,0.966756681255238,0.9609812439577451
stable,8,0.5,10,0.9775873792141377,0.9735418554857959
stable,8,0.5,11,1.0,1.0
stable,8,0.5,12,0.8913988444452924,0.9005459152928449
stable,8,1.0,1,0.9775873792141377,0.9735418554857956
stable,8,1.0,2,0.9775873792141377,0.973541855485796
stable,8,1.0,3,1.0,1.0
stable,8,1.0,4,0.9784882369651112,0.9783922478689324
stable,8,1.0,5,0.9775873792141377,0.973541855485796
stable,8,1.0,6,1.0,1.0
stable,8,1.0,7,1.0,1.0
stable,8,1.0,8,0.9775873792141377,0.973541855485796
stable,8,1.0,9,0.9775873792141377,0.973541855485796
stable,8,1.0,10,0.9775873792141377,0.9735418554857959
stable,8,1.0,11,1.0,1.0
stable,8,1.0,12,0.8913988444452924,0.9005459152928449
stable,8,2.0,1,1.0,1.0
stable,8,2.0,2,1.0,1.0
stable,8,2.0,3,1.0,1.0
stable,8,2.0,4,0.988918893751746,0.9869937479859151
stable,8,2.0,5,0.9437086092715232,0.956827460877069
stable,8,2.0,6,0.8647020864702086,0.9089246691384256
stable,8,2.0,7,0.931976857527086,0.9449133028184221
stable,8,2.0,8,1.0,1.0
stable,8,2.0,9,1.0,1.0
stable,8,2.0,10,1.0,1.0
stable,8,2.0,11,1.0,1.0
stable,8,2.0,12,1.0,1.0
stable,8,4.0,1,1.0,1.0
stable,8,4.0,2,1.0,1.0
stable,8,4.0,3,1.0,1.0
stable,8,4.0,4,1.0,1.0
stable,8,4.0,5,1.0,1.0
stable,8,4.0,6,1.0,1.0
stable,8,4.0,7,1.0,1.0
stable,8,4.0,8,1.0,1.0
stable,8,4.0,9,1.0,1.0
stable,8,4.0,10,1.0,1.0
stable,8,4.0,11,1.0,1.0
stable,8,4.0,12,1.0,1.0
stable,9,0.0,1,0.9324182171368093,0.9227454982452798
stable,9,0.0,2,0.966769698895533,0.9609768036015338
stable,9,0.0,3,0.9249014136845174,0.9284719951982162
stable,9,0.0,4,0.8844054755301065,0.9040758186662937
stable,9,0.0,5,0.8681833997848439,0.8945718187749
stable,9,0.0,6,0.877753681086634,0.905785703783543
stable,9,0.0,7,0.815304369951021,0.8521480357287728
stable,9,0.0,8,0.9149576957925498,0.9145849618996619
stable,9,0.0,9,0.8311529300729847,0.8601983862046949
stable,9,0.0,10,0.9339021255433343,0.9231664330001628
stable,9,0.0,11,1.0,1.0
stable,9,0.0,12,0.8129091272903982,0.8512202716566099
stable,9,0.25,1,0.681908478854891,0.8241212637552106
stable,9,0.25,2,0.7090464547677262,0.8571428571428571
stable,9,0.25,3,0.3277661486101793,0.5731849173551278
stable,9,0.25,4,0.7090464547677262,0.8571428571428571
stable,9,0.25,5,0.7065001193412364,0.847162856446784
stable,9,0.25,6,0.7090464547677262,0.8571428571428571
stable,9,0.25,7,0.6793801234402767,0.8147522261297211
stable,9,0.25,8,0.7090464547677262,0.8571428571428571
stable,9,0.25,9,0.7090464547677262,0.8571428571428571
stable,9,0.25,10,0.681908478854891,0.8241212637552106
stable,9,0.25,11,0.7090464547677262,0.8571428571428571
stable,9,0.25,12,0.6982210077771196,0.8297089819095126
stable,9,0.5,1,0.681908478854891,0.8241212637552106
stable,9,0.5,2,0.7090464547677262,0.8571428571428571
stable,9,0.5,3,0.7065001193412364,0.8471628564467839
stable,9,0.5,4,0.7090464547677262,0.8571428571428571
stable,9,0.5,5,0.7065001193412364,0.847162856446784
stable,9,0.5,6,0.7090464547677262,0.8571428571428571
stable,9,0.5,7,0.681908478854891,0.8241212637552106
stable,9,0.5,8,0.7090464547677262,0.8571428571428571
stable,9,0.5,9,0.7090464547677262,0.8571428571428571
stable,9,0.5,10,0.6775654436551973,0.8095982790678299
stable,9,0.5,11,0.7090464547677262,0.8571428571428571
stable,9,0.5,12,0.6982210077771196,0.8297089819095126
stable,9,1.0,1,0.681908478854891,0.8241212637552106
stable,9,1.0,2,0.7090464547677262,0.8571428571428571
stable,9,1.0,3,0.7090464547677262,0.8571428571428571
stable,9,1.0,4,0.7090464547677262,0.8571428571428571
stable,9,1.0,5,0.7065001193412364,0.847162856446784
stable,9,1.0,6,0.7090464547677262,0.8571428571428571
stable,9,1.0,7,0.681908478854891,0.8241212637552106
stable,9,1.0,8,0.7090464547677262,0.8571428571428571
stable,9,1.0,9,0.7065001193412364,0.847162856446784
stable,9,1.0,10,0.6793801234402767,0.8147522261297213
stable,9,1.0,11,0.7090464547677262,0.8571428571428571
stable,9,1.0,12,0.6982210077771196,0.8297089819095126
stable,9,2.0,1,1.0,1.0
stable,9,2.0,2,1.0,1.0
stable,9,2.0,3,0.9775873792141377,0.9735418554857956
stable,9,2.0,4,0.9355662128712872,0.935152106418205
stable,9,2.0,5,0.8637603180272165,0.8887869445240545
stable,9,2.0,6,0.8512560629322174,0.8897023759446632
stable,9,2.0,7,1.0,1.0
stable,9,2.0,8,0.9105935386927122,0.9411764705882353
stable,9,2.0,9,1.0,1.0
stable,9,2.0,10,1.0,1.0
stable,9,2.0,11,1.0,1.0
stable,9,2.0,12,1.0,1.0
stable,9,4.0,1,1.0,1.0
stable,9,4.0,2,1.0,1.0
stable,9,4.0,3,1.0,1.0
stable,9,4.0,4,1.0,1.0
stable,9,4.0,5,1.0,1.0
stable,9,4.0,6,1.0,1.0
stable,9,4.0,7,1.0,1.0
stable,9,4.0,8,1.0,1.0
stable,9,4.0,9,1.0,1.0
stable,9,4.0,10,1.0,1.0
stable,9,4.0,11,1.0,1.0
stable,9,4.0,12,1.0,1.0
stable,10,0.0,1,0.988918893751746,0.9869937479859151
stable,10,0.0,2,1.0,1.0
stable,10,0.0,3,1.0,1.0
stable,10,0.0,4,0.988918893751746,0.9869937479859149
stable,10,0.0,5,1.0,1.0
stable,10,0.0,6,1.0,1.0
stable,10,0.0,7,1.0,1.0
stable,10,0.0,8,0.988918893751746,0.9869937479859151
stable,10,0.0,9,0.988918893751746,0.9869937479859149
stable,10,0.0,10,1.0,1.0
stable,10,0.0,11,1.0,1.0
stable,10,0.0,12,1.0,1.0
stable,10,0.25,1,1.0,1.0
stable,10,0.25,2,1.0,1.0
stable,10,0.25,3,1.0,1.0
stable,10,0.25,4,1.0,1.0
stable,10,0.25,5,1.0,1.0
stable,10,0.25,6,1.0,1.0
stable,10,0.25,7,1.0,1.0
stable,10,0.25,8,0.988918893751746,0.9869937479859151
stable,10,0.25,9,0.988918893751746,0.9869937479859151
stable,10,0.25,10,1.0,1.0
stable,10,0.25,11,1.0,1.0
stable,10,0.25,12,1.0,1.0
stable,10,0.5,1,1.0,1.0
stable,10,0.5,2,1.0,1.0
stable,10,0.5,3,1.0,1.0
stable,10,0.5,4,1.0,1.0
stable,10,0.5,5,1.0,1.0
stable,10,0.5,6,1.0,1.0
stable,10,0.5,7,1.0,1.0
stable,10,0.5,8,0.988918893751746,0.9869937479859151
stable,10,0.5,9,1.0,1.0
stable,10,0.5,10,1.0,1.0
stable,10,0.5,11,1.0,1.0
stable,10,0.5,12,1.0,1.0
stable,10,1.0,1,1.0,1.0
stable,10,1.0,2,1.0,1.0
stable,10,1.0,3,0.9784882369651112,0.9783922478689324
stable,10,1.0,4,0.988918893751746,0.9869937479859151
stable,10,1.0,5,1.0,1.0
stable,10,1.0,6,1.0,1.0
stable,10,1.0,7,0.988918893751746,0.9869937479859151
stable,10,1.0,8,1.0,1.0
stable,10,1.0,9,1.0,1.0
stable,10,1.0,10,1.0,1.0
stable,10,1.0,11,1.0,1.0
stable,10,1.0,12,1.0,1.0
stable,10,2.0,1,1.0,1.0
stable,10,2.0,2,1.0,1.0
stable,10,2.0,3,1.0,1.0
stable,10,2.0,4,1.0,1.0
stable,10,2.0,5,0.988918893751746,0.9869937479859151
stable,10,2.0,6,0.9687308399754752,0.9715225138701328
stable,10,2.0,7,0.9143268538516919,0.9427874950757367
stable,10,2.0,8,1.0,1.0
stable,10,2.0,9,1.0,1.0
stable,10,2.0,10,1.0,1.0
stable,10,2.0,11,1.0,1.0
stable,10,2.0,12,1.0,1.0
stable,10,4.0,1,1.0,1.0
stable,10,4.0,2,1.0,1.0
stable,10,4.0,3,1.0,1.0
stable,10,4.0,4,1.0,1.0
stable,10,4.0,5,1.0,1.0
stable,10,4.0,6,1.0,1.0
stable,10,4.0,7,1.0,1.0
stable,10,4.0,8,1.0,1.0
stable,10,4.0,9,1.0,1.0
stable,10,4.0,10,1.0,1.0
stable,10,4.0,11,1.0,1.0
stable,10,4.0,12,1.0,1.0
stable,11,0.0,1,0.8185158946475747,0.8909634294802855
stable,11,0.0,2,0.8360734038944767,0.8973957447304955
stable,11,0.0,3,0.8967868164673135,0.9227230711281142
stable,11,0.0,4,0.9481229944245412,0.9536665967418613
stable,11,0.0,5,0.9784882369651112,0.9783922478689324
stable,11,0.0,6,1.0,1.0
stable,11,0.0,7,0.9122544783613985,0.9418891053052244
stable,11,0.0,8,0.9307553956834532,0.9503083331904184
stable,11,0.0,9,0.8608977087683025,0.8770323677814028
stable,11,0.0,10,0.9143268538516919,0.9427874950757366
stable,11,0.0,11,1.0,1.0
stable,11,0.0,12,1.0,1.0
stable,11,0.25,1,1.0,1.0
stable,11,0.25,2,1.0,1.0
stable,11,0.25,3,0.988918893751746,0.9869937479859151
stable,11,0.25,4,1.0,1.0
stable,11,0.25,5,1.0,1.0
stable,11,0.25,6,1.0,1.0
stable,11,0.25,7,1.0,1.0
stable,11,0.25,8,1.0,1.0
stable,11,0.25,9,0.9328406036470074,0.9287333026921704
stable,11,0.25,10,1.0,1.0
stable,11,0.25,11,1.0,1.0
stable,11,0.25,12,1.0,1.0
stable,11,0.5,1,1.0,1.0
stable,11,0.5,2,1.0,1.0
stable,11,0.5,3,1.0,1.0
stable,11,0.5,4,0.988918893751746,0.9869937479859151
stable,11,0.5,5,1.0,1.0
stable,11,0.5,6,0.9784882369651112,0.9783922478689324
stable,11,0.5,7,1.0,1.0
stable,11,0.5,8,1.0,1.0
stable,11,0.5,9,0.9775873792141377,0.9735418554857959
stable,11,0.5,10,1.0,1.0
stable,11,0.5,11,1.0,1.0
stable,11,0.5,12,1.0,1.0
stable,11,1.0,1,1.0,1.0
stable,11,1.0,2,1.0,1.0
stable,11,1.0,3,1.0,1.0
stable,11,1.0,4,1.0,1.0
stable,11,1.0,5,1.0,1.0
stable,11,1.0,6,1.0,1.0
stable,11,1.0,7,1.0,1.0
stable,11,1.0,8,1.0,1.0
stable,11,1.0,9,1.0,1.0
stable,11,1.0,10,1.0,1.0
stable,11,1.0,11,1.0,1.0
stable,11,1.0,12,1.0,1.0
stable,11,2.0,1,1.0,1.0
stable,11,2.0,2,1.0,1.0
stable,11,2.0,3,1.0,1.0
stable,11,2.0,4,1.0,1.0
stable,11,2.0,5,0.988918893751746,0.9869937479859151
stable,11,2.0,6,0.8185158946475747,0.8909634294802855
stable,11,2.0,7,1.0,1.0
stable,11,2.0,8,1.0,1.0
stable,11,2.0,9,1.0,1.0
stable,11,2.0,10,1.0,1.0
stable,11,2.0,11,1.0,1.0
stable,11,2.0,12,1.0,1.0
stable,11,4.0,1,1.0,1.0
stable,11,4.0,2,1.0,1.0
stable,11,4.0,3,1.0,1.0
stable,11,4.0,4,1.0,1.0
stable,11,4.0,5,1.0,1.0
stable,11,4.0,6,1.0,1.0
stable,11,4.0,7,1.0,1.0
stable,11,4.0,8,1.0,1.0
stable,11,4.0,9,1.0,1.0
stable,11,4.0,10,1.0,1.0
stable,11,4.0,11,1.0,1.0
stable,11,4.0,12,1.0,1.0
stable,12,0.0,1,1.0,1.0
stable,12,0.0,2,0.988918893751746,0.9869937479859151
stable,12,0.0,3,1.0,1.0
stable,12,0.0,4,1.0,1.0
stable,12,0.0,5,1.0,1.0
stable,12,0.0,6,0.988918893751746,0.9869937479859149
stable,12,0.0,7,0.9777111818692639,0.9743214773092947
stable,12,0.0,8,1.0,1.0
stable,12,0.0,9,1.0,1.0
stable,12,0.0,10,0.9513212795549374,0.9609596668889049
stable,12,0.0,11,0.9051767431582753,0.9324595891130463
stable,12,0.0,12,0.988918893751746,0.9869937479859151
stable,12,0.25,1,1.0,1.0
stable,12,0.25,2,1.0,1.0
stable,12,0.25,3,1.0,1.0
stable,12,0.25,4,1.0,1.0
stable,12,0.25,5,1.0,1.0
stable,12,0.25,6,1.0,1.0
stable,12,0.25,7,0.9777111818692639,0.9743214773092949
stable,12,0.25,8,1.0,1.0
stable,12,0.25,9,1.0,1.0
stable,12,0.25,10,1.0,1.0
stable,12,0.25,11,1.0,1.0
stable,12,0.25,12,1.0,1.0
stable,12,0.5,1,1.0,1.0
stable,12,0.5,2,1.0,1.0
stable,12,0.5,3,1.0,1.0
stable,12,0.5,4,1.0,1.0
stable,12,0.5,5,1.0,1.0
stable,12,0.5,6,1.0,1.0
stable,12,0.5,7,1.0,1.0
stable,12,0.5,8,1.0,1.0
stable,12,0.5,9,1.0,1.0
stable,12,0.5,10,1.0,1.0
stable,12,0.5,11,1.0,1.0
stable,12,0.5,12,1.0,1.0
stable,12,1.0,1,1.0,1.0
stable,12,1.0,2,1.0,1.0
stable,12,1.0,3,0.988918893751746,0.9869937479859151
stable,12,1.0,4,0.988918893751746,0.9869937479859151
stable,12,1.0,5,1.0,1.0
stable,12,1.0,6,1.0,1.0
stable,12,1.0,7,0.9481229944245412,0.9536665967418613
stable,12,1.0,8,1.0,1.0
stable,12,1.0,9,1.0,1.0
stable,12,1.0,10,1.0,1.0
stable,12,1.0,11,1.0,1.0
stable,12,1.0,12,1.0,1.0
stable,12,2.0,1,1.0,1.0
stable,12,2.0,2,1.0,1.0
stable,12,2.0,3,1.0,1.0
stable,12,2.0,4,1.0,1.0
stable,12,2.0,5,1.0,1.0
stable,12,2.0,6,1.0,1.0
stable,12,2.0,7,0.8668722202515757,0.9109904723375378
stable,12,2.0,8,0.8832188420019627,0.9186388109489485
stable,12,2.0,9,1.0,1.0
stable,12,2.0,10,1.0,1.0
stable,12,2.0,11,1.0,1.0
stable,12,2.0,12,1.0,1.0
stable,12,4.0,1,1.0,1.0
stable,12,4.0,2,1.0,1.0
stable,12,4.0,3,1.0,1.0
stable,12,4.0,4,1.0,1.0
stable,12,4.0,5,1.0,1.0
stable,12,4.0,6,1.0,1.0
stable,12,4.0,7,1.0,1.0
stable,12,4.0,8,1.0,1.0
stable,12,4.0,9,1.0,1.0
stable,12,4.0,10,1.0,1.0
stable,12,4.0,11,1.0,1.0
stable,12,4.0,12,1.0,1.0
stable,13,0.0,1,1.0,1.0
stable,13,0.0,2,0.9231478206122601,0.9194550715968426
stable,13,0.0,3,0.9663811590666855,0.9608784723278958
stable,13,0.0,4,0.988918893751746,0.9869937479859151
stable,13,0.0,5,0.9780997859377573,0.9744198942410379
stable,13,0.0,6,1.0,1.0
stable,13,0.0,7,0.9559602353211419,0.9554111549419693
stable,13,0.0,8,1.0,1.0
stable,13,0.0,9,0.988918893751746,0.9869937479859151
stable,13,0.0,10,0.9560995994214955,0.9502127623307886
stable,13,0.0,11,1.0,1.0
stable,13,0.0,12,1.0,1.0
stable,13,0.25,1,1.0,1.0
stable,13,0.25,2,0.9559602353211419,0.9554111549419694
stable,13,0.25,3,0.988918893751746,0.9869937479859151
stable,13,0.25,4,1.0,1.0
stable,13,0.25,5,1.0,1.0
stable,13,0.25,6,1.0,1.0
stable,13,0.25,7,0.9559602353211419,0.9554111549419693
stable,13,0.25,8,1.0,1.0
stable,13,0.25,9,1.0,1.0
stable,13,0.25,10,0.9687308399754752,0.9715225138701332
stable,13,0.25,11,1.0,1.0
stable,13,0.25,12,1.0,1.0
stable,13,0.5,1,1.0,1.0
stable,13,0.5,2,0.9559602353211419,0.9554111549419694
stable,13,0.5,3,1.0,1.0
stable,13,0.5,4,1.0,1.0
stable,13,0.5,5,1.0,1.0
stable,13,0.5,6,1.0,1.0
stable,13,0.5,7,0.9559602353211419,0.9554111549419693
stable,13,0.5,8,1.0,1.0
stable,13,0.5,9,1.0,1.0
stable,13,0.5,10,1.0,1.0
stable,13,0.5,11,1.0,1.0
stable,13,0.5,12,1.0,1.0
stable,13,1.0,1,1.0,1.0
stable,13,1.0,2,0.9559602353211419,0.9554111549419694
stable,13,1.0,3,1.0,1.0
stable,13,1.0,4,1.0,1.0
stable,13,1.0,5,1.0,1.0
stable,13,1.0,6,1.0,1.0
stable,13,1.0,7,0.9559602353211419,0.9554111549419693
stable,13,1.0,8,1.0,1.0
stable,13,1.0,9,1.0,1.0
stable,13,1.0,10,1.0,1.0
stable,13,1.0,11,1.0,1.0
stable,13,1.0,12,1.0,1.0
stable,13,2.0,1,1.0,1.0
stable,13,2.0,2,1.0,1.0
stable,13,2.0,3,1.0,1.0
stable,13,2.0,4,1.0,1.0
stable,13,2.0,5,1.0,1.0
stable,13,2.0,6,1.0,1.0
stable,13,2.0,7,1.0,1.0
stable,13,2.0,8,1.0,1.0
stable,13,2.0,9,1.0,1.0
stable,13,2.0,10,1.0,1.0
stable,13,2.0,11,1.0,1.0
stable,13,2.0,12,1.0,1.0
stable,13,4.0,1,1.0,1.0
stable,13,4.0,2,1.0,1.0
stable,13,4.0,3,1.0,1.0
stable,13,4.0,4,1.0,1.0
stable,13,4.0,5,1.0,1.0
stable,13,4.0,6,1.0,1.0
stable,13,4.0,7,1.0,1.0
stable,13,4.0,8,1.0,1.0
stable,13,4.0,9,1.0,1.0
stable,13,4.0,10,1.0,1.0
stable,13,4.0,11,1.0,1.0
stable,13,4.0,12,1.0,1.0
stable,14,0.0,1,0.9001510320523578,0.9303418151731833
stable,14,0.0,2,0.9188712815311195,0.9385549737950729
stable,14,0.0,3,0.8988907434336243,0.929819873141691
stable,14,0.0,4,1.0,1.0
stable,14,0.0,5,1.0,1.0
stable,14,0.0,6,0.9076803723816912,0.9307737014755815
stable,14,0.0,7,1.0,1.0
stable,14,0.0,8,0.9209302325581395,0.9457217297142854
stable,14,0.0,9,1.0,1.0
stable,14,0.0,10,0.9105935386927122,0.9411764705882353
stable,14,0.0,11,0.89284769852348,0.9183230005641828
stable,14,0.0,12,0.988918893751746,0.9869937479859151
stable,14,0.25,1,1.0,1.0
stable,14,0.25,2,1.0,1.0
stable,14,0.25,3,0.988918893751746,0.9869937479859151
stable,14,0.25,4,1.0,1.0
stable,14,0.25,5,1.0,1.0
stable,14,0.25,6,1.0,1.0
stable,14,0.25,7,1.0,1.0
stable,14,0.25,8,1.0,1.0
stable,14,0.25,9,1.0,1.0
stable,14,0.25,10,1.0,1.0
stable,14,0.25,11,0.9775873792141377,0.9735418554857959
stable,14,0.25,12,1.0,1.0
stable,14,0.5,1,1.0,1.0
stable,14,0.5,2,1.0,1.0
stable,14,0.5,3,1.0,1.0
stable,14,0.5,4,1.0,1.0
stable,14,0.5,5,1.0,1.0
stable,14,0.5,6,0.9784882369651112,0.9783922478689324
stable,14,0.5,7,1.0,1.0
stable,14,0.5,8,1.0,1.0
stable,14,0.5,9,1.0,1.0
stable,14,0.5,10,1.0,1.0
stable,14,0.5,11,0.9775873792141377,0.9735418554857959
stable,14,0.5,12,1.0,1.0
stable,14,1.0,1,1.0,1.0
stable,14,1.0,2,1.0,1.0
stable,14,1.0,3,1.0,1.0
stable,14,1.0,4,1.0,1.0
stable,14,1.0,5,1.0,1.0
stable,14,1.0,6,1.0,1.0
stable,14,1.0,7,1.0,1.0
stable,14,1.0,8,1.0,1.0
stable,14,1.0,9,0.988918893751746,0.9869937479859151
stable,14,1.0,10,1.0,1.0
stable,14,1.0,11,1.0,1.0
stable,14,1.0,12,1.0,1.0
stable,14,2.0,1,1.0,1.0
stable,14,2.0,2,1.0,1.0
stable,14,2.0,3,1.0,1.0
stable,14,2.0,4,1.0,1.0
stable,14,2.0,5,1.0,1.0
stable,14,2.0,6,0.9105935386927122,0.9411764705882353
stable,14,2.0,7,0.9784882369651112,0.9783922478689324
stable,14,2.0,8,1.0,1.0
stable,14,2.0,9,1.0,1.0
stable,14,2.0,10,1.0,1.0
stable,14,2.0,11,1.0,1.0
stable,14,2.0,12,1.0,1.0
stable,14,4.0,1,1.0,1.0
stable,14,4.0,2,1.0,1.0
stable,14,4.0,3,1.0,1.0
stable,14,4.0,4,1.0,1.0
stable,14,4.0,5,1.0,1.0
stable,14,4.0,6,1.0,1.0
stable,14,4.0,7,1.0,1.0
stable,14,4.0,8,1.0,1.0
stable,14,4.0,9,1.0,1.0
stable,14,4.0,10,1.0,1.0
stable,14,4.0,11,1.0,1.0
stable,14,4.0,12,1.0,1.0
stable,15,0.0,1,0.988918893751746,0.9869937479859151
stable,15,0.0,2,0.9780997859377573,0.9744198942410379
stable,15,0.0,3,1.0,1.0
stable,15,0.0,4,0.988918893751746,0.9869937479859149
stable,15,0.0,5,0.9687308399754752,0.9715225138701331
stable,15,0.0,6,0.988918893751746,0.9869937479859149
stable,15,0.0,7,1.0,1.0
stable,15,0.0,8,1.0,1.0
stable,15,0.0,9,0.9777111818692639,0.9743214773092947
stable,15,0.0,10,1.0,1.0
stable,15,0.0,11,1.0,1.0
stable,15,0.0,12,0.8984703029162999,0.9296465402918646
stable,15,0.25,1,1.0,1.0
stable,15,0.25,2,0.9784882369651112,0.9783922478689324
stable,15,0.25,3,1.0,1.0
stable,15,0.25,4,0.988918893751746,0.9869937479859151
stable,15,0.25,5,1.0,1.0
stable,15,0.25,6,1.0,1.0
stable,15,0.25,7,1.0,1.0
stable,15,0.25,8,1.0,1.0
stable,15,0.25,9,0.988918893751746,0.9869937479859151
stable,15,0.25,10,1.0,1.0
stable,15,0.25,11,1.0,1.0
stable,15,0.25,12,1.0,1.0
stable,15,0.5,1,1.0,1.0
stable,15,0.5,2,1.0,1.0
stable,15,0.5,3,1.0,1.0
stable,15,0.5,4,1.0,1.0
stable,15,0.5,5,1.0,1.0
stable,15,0.5,6,0.988918893751746,0.9869937479859149
stable,15,0.5,7,1.0,1.0
stable,15,0.5,8,1.0,1.0
stable,15,0.5,9,0.988918893751746,0.9869937479859151
stable,15,0.5,10,1.0,1.0
stable,15,0.5,11,1.0,1.0
stable,15,0.5,12,1.0,1.0
stable,15,1.0,1,1.0,1.0
stable,15,1.0,2,1.0,1.0
stable,15,1.0,3,1.0,1.0
stable,15,1.0,4,1.0,1.0
stable,15,1.0,5,1.0,1.0
stable,15,1.0,6,1.0,1.0
stable,15,1.0,7,1.0,1.0
stable,15,1.0,8,1.0,1.0
stable,15,1.0,9,0.988918893751746,0.9869937479859151
stable,15,1.0,10,1.0,1.0
stable,15,1.0,11,1.0,1.0
stable,15,1.0,12,1.0,1.0
stable,15,2.0,1,1.0,1.0
stable,15,2.0,2,1.0,1.0
stable,15,2.0,3,1.0,1.0
stable,15,2.0,4,1.0,1.0
stable,15,2.0,5,0.9188712815311195,0.9385549737950729
stable,15,2.0,6,0.8329433785680861,0.8905820398966483
stable,15,2.0,7,0.9437086092715232,0.9568274608770692
stable,15,2.0,8,1.0,1.0
stable,15,2.0,9,1.0,1.0
stable,15,2.0,10,1.0,1.0
stable,15,2.0,11,1.0,1.0
stable,15,2.0,12,1.0,1.0
stable,15,4.0,1,1.0,1.0
stable,15,4.0,2,1.0,1.0
stable,15,4.0,3,1.0,1.0
stable,15,4.0,4,1.0,1.0
stable,15,4.0,5,1.0,1.0
stable,15,4.0,6,1.0,1.0
stable,15,4.0,7,1.0,1.0
stable,15,4.0,8,1.0,1.0
stable,15,4.0,9,1.0,1.0
stable,15,4.0,10,1.0,1.0
stable,15,4.0,11,1.0,1.0
stable,15,4.0,12,1.0,1.0
stable,16,0.0,1,0.9775873792141377,0.9735418554857959
stable,16,0.0,2,0.988918893751746,0.9869937479859151
stable,16,0.0,3,0.885489755823744,0.9093608017311192
stable,16,0.0,4,0.988918893751746,0.9869937479859149
stable,16,0.0,5,0.9454228231830325,0.9431764423381978
stable,16,0.0,6,0.988918893751746,0.9869937479859149
stable,16,0.0,7,0.9775873792141377,0.9735418554857959
stable,16,0.0,8,0.988918893751746,0.9869937479859149
stable,16,0.0,9,0.9224626307562437,0.9089413251436176
stable,16,0.0,10,0.8960203352132814,0.9160194627964734
stable,16,0.0,11,1.0,1.0
stable,16,0.0,12,0.828311974879063,0.8806132191904454
stable,16,0.25,1,0.9775873792141377,0.9735418554857959
stable,16,0.25,2,1.0,1.0
stable,16,0.25,3,0.9663811590666855,0.9608784723278958
stable,16,0.25,4,0.988918893751746,0.9869937479859151
stable,16,0.25,5,0.9454228231830325,0.9431764423381976
stable,16,0.25,6,1.0,1.0
stable,16,0.25,7,1.0,1.0
stable,16,0.25,8,1.0,1.0
stable,16,0.25,9,0.681908478854891,0.8241212637552106
stable,16,0.25,10,0.7090464547677262,0.8571428571428571
stable,16,0.25,11,0.7090464547677262,0.8571428571428571
stable,16,0.25,12,0.7090464547677262,0.8571428571428571
stable,16,0.5,1,0.9775873792141377,0.9735418554857956
stable,16,0.5,2,1.0,1.0
stable,16,0.5,3,0.9775873792141377,0.973541855485796
stable,16,0.5,4,0.988918893751746,0.9869937479859151
stable,16,0.5,5,0.9559602353211419,0.9554111549419693
stable,16,0.5,6,1.0,1.0
stable,16,0.5,7,1.0,1.0
stable,16,0.5,8,1.0,1.0
stable,16,0.5,9,0.9335218874995611,0.9208259979758614
stable,16,0.5,10,0.7090464547677262,0.8571428571428571
stable,16,0.5,11,0.7090464547677262,0.8571428571428571
stable,16,0.5,12,0.7090464547677262,0.8571428571428571
stable,16,1.0,1,0.9775873792141377,0.9735418554857959
stable,16,1.0,2,1.0,1.0
stable,16,1.0,3,0.9775873792141377,0.973541855485796
stable,16,1.0,4,0.988918893751746,0.9869937479859151
stable,16,1.0,5,0.9559602353211419,0.9554111549419693
stable,16,1.0,6,1.0,1.0
stable,16,1.0,7,1.0,1.0
stable,16,1.0,8,0.988918893751746,0.9869937479859151
stable,16,1.0,9,0.9224626307562437,0.9089413251436176
stable,16,1.0,10,0.9151558362191893,0.9274619083146769
stable,16,1.0,11,1.0,1.0
stable,16,1.0,12,0.828311974879063,0.8806132191904454
stable,16,2.0,1,1.0,1.0
stable,16,2.0,2,1.0,1.0
stable,16,2.0,3,1.0,1.0
stable,16,2.0,4,1.0,1.0
stable,16,2.0,5,1.0,1.0
stable,16,2.0,6,0.988918893751746,0.9869937479859151
stable,16,2.0,7,0.9209302325581395,0.9457217297142854
stable,16,2.0,8,0.9687308399754752,0.9715225138701332
stable,16,2.0,9,1.0,1.0
stable,16,2.0,10,1.0,1.0
stable,16,2.0,11,1.0,1.0
stable,16,2.0,12,1.0,1.0
stable,16,4.0,1,1.0,1.0
stable,16,4.0,2,1.0,1.0
stable,16,4.0,3,1.0,1.0
stable,16,4.0,4,1.0,1.0
stable,16,4.0,5,1.0,1.0
stable,16,4.0,6,1.0,1.0
stable,16,4.0,7,1.0,1.0
stable,16,4.0,8,1.0,1.0
stable,16,4.0,9,1.0,1.0
stable,16,4.0,10,1.0,1.0
stable,16,4.0,11,1.0,1.0
stable,16,4.0,12,1.0,1.0
stable,17,0.0,1,0.8519363576879655,0.8815986089361609
stable,17,0.0,2,0.9777111818692639,0.974321477309295
stable,17,0.0,3,1.0,1.0
stable,17,0.0,4,1.0,1.0
stable,17,0.0,5,1.0,1.0
stable,17,0.0,6,0.988918893751746,0.9869937479859151
stable,17,0.0,7,0.988918893751746,0.9869937479859151
stable,17,0.0,8,0.988918893751746,0.9869937479859149
stable,17,0.0,9,0.9777111818692639,0.9743214773092947
stable,17,0.0,10,0.9679460759337567,0.9661354328059818
stable,17,0.0,11,0.917221110929902,0.9440598379375393
stable,17,0.0,12,1.0,1.0
stable,17,0.25,1,0.9559602353211419,0.9554111549419696
stable,17,0.25,2,1.0,1.0
stable,17,0.25,3,1.0,1.0
stable,17,0.25,4,1.0,1.0
stable,17,0.25,5,1.0,1.0
stable,17,0.25,6,1.0,1.0
stable,17,0.25,7,1.0,1.0
stable,17,0.25,8,1.0,1.0
stable,17,0.25,9,1.0,1.0
stable,17,0.25,10,0.988918893751746,0.9869937479859149
stable,17,0.25,11,1.0,1.0
stable,17,0.25,12,1.0,1.0
stable,17,0.5,1,0.9559602353211419,0.9554111549419694
stable,17,0.5,2,1.0,1.0
stable,17,0.5,3,1.0,1.0
stable,17,0.5,4,1.0,1.0
stable,17,0.5,5,1.0,1.0
stable,17,0.5,6,0.988918893751746,0.9869937479859151
stable,17,0.5,7,0.9687308399754752,0.971522513870133
stable,17,0.5,8,1.0,1.0
stable,17,0.5,9,0.988918893751746,0.9869937479859151
stable,17,0.5,10,0.9784882369651112,0.9783922478689324
stable,17,0.5,11,1.0,1.0
stable,17,0.5,12,1.0,1.0
stable,17,1.0,1,0.9559602353211419,0.9554111549419694
stable,17,1.0,2,1.0,1.0
stable,17,1.0,3,1.0,1.0
stable,17,1.0,4,1.0,1.0
stable,17,1.0,5,0.988918893751746,0.9869937479859151
stable,17,1.0,6,0.988918893751746,0.9869937479859151
stable,17,1.0,7,1.0,1.0
stable,17,1.0,8,1.0,1.0
stable,17,1.0,9,1.0,1.0
stable,17,1.0,10,1.0,1.0
stable,17,1.0,11,1.0,1.0
stable,17,1.0,12,1.0,1.0
stable,17,2.0,1,1.0,1.0
stable,17,2.0,2,1.0,1.0
stable,17,2.0,3,1.0,1.0
stable,17,2.0,4,1.0,1.0
stable,17,2.0,5,0.988918893751746,0.9869937479859151
stable,17,2.0,6,0.844965568583659,0.900769954589931
stable,17,2.0,7,0.8772263249348393,0.9150802475816517
stable,17,2.0,8,0.988918893751746,0.9869937479859149
stable,17,2.0,9,1.0,1.0
stable,17,2.0,10,1.0,1.0
stable,17,2.0,11,1.0,1.0
stable,17,2.0,12,1.0,1.0
stable,17,4.0,1,1.0,1.0
stable,17,4.0,2,1.0,1.0
stable,17,4.0,3,1.0,1.0
stable,17,4.0,4,1.0,1.0
stable,17,4.0,5,1.0,1.0
stable,17,4.0,6,1.0,1.0
stable,17,4.0,7,1.0,1.0
stable,17,4.0,8,1.0,1.0
stable,17,4.0,9,1.0,1.0
stable,17,4.0,10,1.0,1.0
stable,17,4.0,11,1.0,1.0
stable,17,4.0,12,1.0,1.0
stable,18,0.0,1,0.8176076474839484,0.8842233579490624
stable,18,0.0,2,0.9784882369651112,0.9783922478689324
stable,18,0.0,3,1.0,1.0
stable,18,0.0,4,1.0,1.0
stable,18,0.0,5,0.9396786106923497,0.948943026578861
stable,18,0.0,6,1.0,1.0
stable,18,0.0,7,0.8714611261415313,0.9007612227669742
stable,18,0.0,8,1.0,1.0
stable,18,0.0,9,0.931976857527086,0.9449133028184221
stable,18,0.0,10,0.9663811590666855,0.9608784723278956
stable,18,0.0,11,0.9110090272955504,0.9413541300285139
stable,18,0.0,12,1.0,1.0
stable,18,0.25,1,1.0,1.0
stable,18,0.25,2,1.0,1.0
stable,18,0.25,3,1.0,1.0
stable,18,0.25,4,1.0,1.0
stable,18,0.25,5,0.988918893751746,0.9869937479859151
stable,18,0.25,6,1.0,1.0
stable,18,0.25,7,0.9775873792141377,0.9735418554857956
stable,18,0.25,8,1.0,1.0
stable,18,0.25,9,1.0,1.0
stable,18,0.25,10,0.9663811590666855,0.9608784723278956
stable,18,0.25,11,1.0,1.0
stable,18,0.25,12,1.0,1.0
stable,18,0.5,1,1.0,1.0
stable,18,0.5,2,1.0,1.0
stable,18,0.5,3,1.0,1.0
stable,18,0.5,4,1.0,1.0
stable,18,0.5,5,0.988918893751746,0.9869937479859151
stable,18,0.5,6,1.0,1.0
stable,18,0.5,7,0.9343959080218299,0.9325441435057331
stable,18,0.5,8,1.0,1.0
stable,18,0.5,9,1.0,1.0
stable,18,0.5,10,0.9775873792141377,0.9735418554857959
stable,18,0.5,11,1.0,1.0
stable,18,0.5,12,1.0,1.0
stable,18,1.0,1,1.0,1.0
stable,18,1.0,2,1.0,1.0
stable,18,1.0,3,1.0,1.0
stable,18,1.0,4,1.0,1.0
stable,18,1.0,5,0.9513212795549374,0.9609596668889049
stable,18,1.0,6,1.0,1.0
stable,18,1.0,7,0.988918893751746,0.9869937479859151
stable,18,1.0,8,1.0,1.0
stable,18,1.0,9,0.988918893751746,0.9869937479859149
stable,18,1.0,10,1.0,1.0
stable,18,1.0,11,1.0,1.0
stable,18,1.0,12,1.0,1.0
stable,18,2.0,1,1.0,1.0
stable,18,2.0,2,1.0,1.0
stable,18,2.0,3,1.0,1.0
stable,18,2.0,4,1.0,1.0
stable,18,2.0,5,1.0,1.0
stable,18,2.0,6,1.0,1.0
stable,18,2.0,7,1.0,1.0
stable,18,2.0,8,1.0,1.0
stable,18,2.0,9,1.0,1.0
stable,18,2.0,10,1.0,1.0
stable,18,2.0,11,1.0,1.0
stable,18,2.0,12,1.0,1.0
stable,18,4.0,1,1.0,1.0
stable,18,4.0,2,1.0,1.0
stable,18,4.0,3,1.0,1.0
stable,18,4.0,4,1.0,1.0
stable,18,4.0,5,1.0,1.0
stable,18,4.0,6,1.0,1.0
stable,18,4.0,7,1.0,1.0
stable,18,4.0,8,1.0,1.0
stable,18,4.0,9,1.0,1.0
stable,18,4.0,10,1.0,1.0
stable,18,4.0,11,1.0,1.0
stable,18,4.0,12,1.0,1.0
stable,19,0.0,1,0.988918893751746,0.9869937479859151
stable,19,0.0,2,0.988918893751746,0.9869937479859149
stable,19,0.0,3,0.9663811590666855,0.9608784723278956
stable,19,0.0,4,0.988918893751746,0.9869937479859149
stable,19,0.0,5,0.9777111818692639,0.9743214773092947
stable,19,0.0,6,1.0,1.0
stable,19,0.0,7,0.9254452698469525,0.9477948159005508
stable,19,0.0,8,0.988918893751746,0.9869937479859151
stable,19,0.0,9,0.917221110929902,0.9440598379375393
stable,19,0.0,10,1.0,1.0
stable,19,0.0,11,0.988918893751746,0.9869937479859149
stable,19,0.0,12,0.988918893751746,0.9869937479859151
stable,19,0.25,1,1.0,1.0
stable,19,0.25,2,1.0,1.0
stable,19,0.25,3,0.9663811590666855,0.9608784723278957
stable,19,0.25,4,1.0,1.0
stable,19,0.25,5,0.988918893751746,0.9869937479859151
stable,19,0.25,6,1.0,1.0
stable,19,0.25,7,1.0,1.0
stable,19,0.25,8,1.0,1.0
stable,19,0.25,9,1.0,1.0
stable,19,0.25,10,1.0,1.0
stable,19,0.25,11,1.0,1.0
stable,19,0.25,12,1.0,1.0
stable,19,0.5,1,1.0,1.0
stable,19,0.5,2,1.0,1.0
stable,19,0.5,3,0.9775873792141377,0.9735418554857959
stable,19,0.5,4,1.0,1.0
stable,19,0.5,5,1.0,1.0
stable,19,0.5,6,1.0,1.0
stable,19,0.5,7,1.0,1.0
stable,19,0.5,8,1.0,1.0
stable,19,0.5,9,1.0,1.0
stable,19,0.5,10,1.0,1.0
stable,19,0.5,11,1.0,1.0
stable,19,0.5,12,1.0,1.0
stable,19,1.0,1,1.0,1.0
stable,19,1.0,2,1.0,1.0
stable,19,1.0,3,0.9775873792141377,0.9735418554857959
stable,19,1.0,4,0.988918893751746,0.9869937479859151
stable,19,1.0,5,0.988918893751746,0.9869937479859149
stable,19,1.0,6,1.0,1.0
stable,19,1.0,7,0.988918893751746,0.9869937479859151
stable,19,1.0,8,0.988918893751746,0.9869937479859149
stable,19,1.0,9,1.0,1.0
stable,19,1.0,10,1.0,1.0
stable,19,1.0,11,1.0,1.0
stable,19,1.0,12,1.0,1.0
stable,19,2.0,1,1.0,1.0
stable,19,2.0,2,1.0,1.0
stable,19,2.0,3,1.0,1.0
stable,19,2.0,4,1.0,1.0
stable,19,2.0,5,1.0,1.0
stable,19,2.0,6,1.0,1.0
stable,19,2.0,7,1.0,1.0
stable,19,2.0,8,0.9513212795549374,0.9609596668889048
stable,19,2.0,9,0.9307553956834532,0.9503083331904184
stable,19,2.0,10,1.0,1.0
stable,19,2.0,11,1.0,1.0
stable,19,2.0,12,1.0,1.0
stable,19,4.0,1,1.0,1.0
stable,19,4.0,2,1.0,1.0
stable,19,4.0,3,1.0,1.0
stable,19,4.0,4,1.0,1.0
stable,19,4.0,5,1.0,1.0
stable,19,4.0,6,1.0,1.0
stable,19,4.0,7,1.0,1.0
stable,19,4.0,8,1.0,1.0
stable,19,4.0,9,1.0,1.0
stable,19,4.0,10,1.0,1.0
stable,19,4.0,11,1.0,1.0
stable,19,4.0,12,1.0,1.0
