,2023-01-01,2023-02-01,2023-03-01,2023-04-01,2023-05-01,2023-06-01,2023-07-01,2023-08-01,2023-09-01,2023-10-01,2023-11-01,2023-12-01,2024-01-01,2024-02-01,2024-03-01,2024-04-01,2024-05-01,2024-06-01,2024-07-01,2024-08-01,2024-09-01,2024-10-01,2024-11-01,2024-12-01
Абазинский муниципальный район,9,9,9,9,9,9,9,9,9,9,9,9,9,9,9,9,9,9,9,9,9,9,9,9
Абанский муниципальный район,0,0,0,0,0,0,0,0,0,1,1,1,1,1,1,1,1,1,1,2,2,2,2,2
Абатский муниципальный район,0,0,0,0,0,0,0,0,0,0,1,1,1,1,1,1,1,1,1,2,2,2,2,2
Абзелиловский муниципальный район,0,0,0,0,0,0,0,0,0,1,1,1,1,4,4,2,2,2,2,2,2,2,2,2
Агинский муниципальный район,4,4,4,4,4,4,4,4,4,4,4,4,4,4,4,4,4,2,4,4,4,4,4,4
Агрызский муниципальный район,0,0,0,0,0,0,0,0,0,1,1,1,1,1,1,2,2,2,2,2,2,2,2,2
Адамовский муниципальный район,0,0,0,0,0,0,0,0,0,0,1,1,1,1,1,1,1,1,1,2,2,2,2,2
Азнакаевский муниципальный район,0,0,0,0,0,0,0,0,0,6,6,6,6,6,6,6,2,2,2,2,2,2,2,2
Азовский немецкий национальный муниципальный район,0,0,0,0,0,0,0,0,0,1,1,1,1,1,1,1,1,1,1,2,2,2,2,2
Акбулакский муниципальный район,0,0,0,0,0,0,0,0,0,1,1,1,1,1,1,2,2,2,2,2,2,2,2,2
Аксубаевский муниципальный район,0,0,0,0,0,0,0,0,0,1,1,1,1,1,1,1,1,2,2,2,2,2,2,2
Актанышский муниципальный район,0,0,0,0,0,0,0,0,0,1,1,1,1,1,1,2,2,2,2,2,2,2,2,2
Алагирский муниципальный район,9,9,9,9,9,9,9,9,9,9,9,9,9,9,9,9,9,9,9,9,9,9,9,9
Аларский муниципальный район,0,0,0,0,0,0,0,0,0,6,6,6,1,1,1,1,1,1,2,2,2,2,2,2
Алданский муниципальный район,4,4,4,4,4,4,4,4,4,4,4,4,4,4,4,4,4,4,4,4,4,4,4,4
Александро-Невский муниципальный район,0,0,0,0,0,0,0,0,0,0,1,1,1,1,1,1,1,1,1,2,2,2,2,2
Александрово-Гайский муниципальный район,0,0,0,0,0,0,0,0,0,0,1,1,1,1,1,1,1,1,1,2,2,2,2,2
Александровский муниципальный округ,0,0,0,0,0,0,0,0,0,1,1,1,1,1,1,1,1,1,1,2,2,2,2,2
Аликовский муниципальный округ,0,0,0,0,0,0,0,0,0,1,1,1,1,1,1,1,1,2,2,2,2,2,2,2
Алькеевский муниципальный район,0,0,0,0,0,0,0,0,0,1,1,1,1,1,1,1,2,2,2,2,2,2,2,2
Альменевский муниципальный округ,0,0,0,0,0,0,0,0,0,1,1,1,1,1,1,1,1,1,1,2,2,2,2,2
Альметьевский муниципальный район,3,3,3,3,3,3,3,3,3,3,3,3,3,3,3,3,3,7,7,7,7,7,7,7
Альшеевский муниципальный район,0,0,0,0,0,0,0,0,0,1,1,1,1,1,1,2,2,2,2,2,2,2,2,2
Амгинский муниципальный район,4,4,4,4,4,4,4,4,4,4,4,4,4,4,4,4,4,4,4,4,4,4,4,4
Амурский муниципальный район,3,3,3,3,4,4,4,4,6,6,6,6,6,6,6,6,7,7,7,7,4,4,4,4
Анадырский муниципальный район,4,4,4,4,4,4,4,4,4,4,4,4,4,4,4,4,4,4,4,4,4,4,4,4
Андроповский муниципальный округ,0,0,0,0,0,0,0,0,0,1,1,1,1,1,1,1,1,1,1,2,2,2,2,2
Антроповский муниципальный район,0,0,0,0,0,0,0,0,0,0,1,1,1,1,1,1,1,1,2,2,2,2,2,2
Анучинский муниципальный округ,4,4,0,0,0,4,4,4,4,4,4,4,6,6,1,1,1,1,1,2,2,2,2,2
Апанасенковский муниципальный округ,0,0,0,0,0,0,0,0,0,0,1,1,1,1,1,1,1,1,1,2,2,2,2,2
Апастовский муниципальный район,0,0,0,0,0,0,0,0,0,1,1,1,1,1,1,1,2,2,2,2,2,2,2,2
Аргаяшский муниципальный район,0,0,0,0,0,0,0,0,0,1,1,1,1,1,1,1,1,1,1,2,2,2,2,2
Ардатовский муниципальный округ,0,0,0,0,0,0,0,0,0,1,1,1,1,1,1,1,1,1,1,2,2,2,2,2
Ардатовский муниципальный район,0,0,0,0,0,0,0,0,0,1,1,1,1,1,1,1,1,1,2,2,2,2,2,2
Ардонский муниципальный район,9,9,9,9,9,9,9,9,9,9,9,9,9,9,9,9,9,9,9,9,9,9,9,9
Арзгирский муниципальный округ,0,0,0,0,0,0,0,0,0,0,1,1,1,1,1,1,1,1,1,2,2,2,2,2
Аркадакский муниципальный район,0,0,0,0,0,0,0,0,0,1,1,1,1,1,1,1,1,1,1,2,2,2,2,2
Армизонский муниципальный район,0,0,0,0,0,0,0,0,0,0,1,1,1,1,1,1,1,1,1,2,2,2,2,2
Аромашевский муниципальный район,0,0,0,0,0,0,0,0,0,0,1,1,1,1,1,1,1,1,1,2,2,2,2,2
Арсеньевский муниципальный район,0,0,0,0,0,0,0,0,0,1,1,1,1,1,1,6,2,2,2,2,2,2,2,2
Арский муниципальный район,0,0,0,0,0,0,0,0,0,1,1,1,1,1,1,2,2,2,2,2,2,2,2,2
Архангельский муниципальный район,0,0,0,0,0,0,0,0,0,1,1,1,1,1,1,1,1,1,1,2,2,2,2,2
Архаринский муниципальный округ,4,4,4,4,4,4,4,4,4,4,4,4,6,6,6,6,2,2,2,2,2,2,2,2
Асекеевский муниципальный район,0,0,0,0,0,0,0,0,0,1,1,1,1,1,1,1,1,1,1,2,2,2,2,2
Асиновский муниципальный район,0,0,0,0,0,0,0,0,0,1,1,1,1,1,1,1,1,1,2,2,2,2,2,2
Аскинский муниципальный район,0,0,0,4,0,0,0,0,0,1,1,1,1,1,1,2,2,2,2,2,2,2,2,2
Аткарский муниципальный район,0,0,0,0,0,0,0,0,0,1,1,1,1,1,1,1,1,1,1,2,2,2,2,2
Атнинский муниципальный район,0,0,0,0,0,0,0,0,0,1,1,1,1,1,1,1,2,2,2,2,2,2,2,2
Атюрьевский муниципальный район,0,0,0,0,0,0,0,0,0,0,1,1,1,1,1,1,1,1,1,2,2,2,2,2
Атяшевский муниципальный район,0,0,0,0,0,0,0,0,0,1,1,1,1,1,1,1,1,1,1,2,2,2,2,2
Аургазинский муниципальный район,0,0,0,0,0,0,0,0,0,1,1,1,1,1,1,1,2,2,2,2,2,2,2,2
Ахтубинский муниципальный район,0,0,0,0,0,0,0,0,0,6,6,6,6,6,6,6,1,1,1,2,2,2,2,2
Ашинский муниципальный район,0,0,0,0,0,0,0,0,6,6,6,6,6,6,6,6,2,2,2,2,2,2,2,2
Бабаевский муниципальный округ,0,0,0,0,0,0,0,0,0,6,6,6,6,6,6,6,1,1,2,2,2,2,2,2
Бабушкинский муниципальный округ,0,0,0,0,0,0,0,0,0,1,1,1,1,1,1,1,1,2,2,2,2,2,2,2
Бабынинский муниципальный район,0,0,0,0,0,0,0,0,0,1,6,6,1,1,1,1,2,2,2,2,2,2,2,2
Бавлинский муниципальный район,0,0,0,0,0,0,0,0,0,1,1,1,1,1,1,1,1,2,2,2,2,2,2,2
Баганский муниципальный район,0,0,0,0,0,0,0,0,0,0,1,1,1,1,1,1,1,1,1,2,2,2,2,2
Баевский муниципальный район,0,0,0,0,0,0,0,0,0,0,1,1,1,1,1,1,1,1,2,2,2,2,2,2
Базарно-Карабулакский муниципальный район,0,0,0,0,0,0,0,0,0,1,1,1,1,1,1,1,1,1,1,2,2,2,2,2
Базарносызганский муниципальный район,0,0,0,0,0,0,0,0,0,0,1,1,1,1,1,1,1,1,1,2,2,2,2,2
Бай-Тайгинский муниципальный район,0,0,0,0,0,0,4,4,4,4,4,4,4,4,4,2,2,2,4,2,2,2,2,2
Байкаловский муниципальный район,0,0,0,0,0,0,0,0,0,1,1,1,1,1,1,1,1,1,1,2,2,2,2,2
Баймакский муниципальный район,0,0,0,0,0,4,4,4,4,4,4,4,4,4,4,4,2,2,2,2,2,2,2,2
Бакалинский муниципальный район,0,0,0,0,0,0,0,0,0,1,1,1,1,1,1,1,1,2,2,2,2,2,2,2
Бакчарский муниципальный район,0,0,0,0,0,0,0,0,0,0,1,1,1,1,1,1,1,1,1,2,2,2,2,2
Балаганский муниципальный район,0,0,0,0,0,0,0,0,0,0,1,1,1,1,1,1,1,1,1,2,2,2,2,2
Балаковский муниципальный район,0,0,3,3,3,3,3,3,3,3,3,3,3,3,3,3,7,7,7,7,7,7,7,7
Балахнинский муниципальный округ,0,0,0,0,0,0,0,6,6,6,6,6,6,6,6,7,7,7,7,7,7,7,7,7
Балахтинский муниципальный район,0,0,0,0,0,0,0,6,6,6,6,6,6,6,6,7,7,7,7,7,7,7,7,7
Балашовский муниципальный район,0,0,0,0,0,0,0,6,6,6,6,6,6,6,6,6,7,7,7,7,2,2,2,2
Балейский муниципальный район,3,3,3,3,3,3,3,3,3,3,6,3,6,6,6,6,7,2,2,2,2,2,2,2
Балтайский муниципальный район,0,0,0,0,0,0,0,0,0,0,1,1,1,1,1,1,1,1,2,2,2,2,2,2
Балтасинский муниципальный район,0,0,0,0,0,0,0,0,0,1,1,1,1,1,1,1,2,2,2,2,2,2,2,2
Балтачевский муниципальный район,0,0,0,0,0,0,0,0,0,1,1,1,1,1,1,2,2,2,2,2,2,2,2,2
Барабинский муниципальный район,0,0,0,0,0,0,0,6,6,6,6,6,6,6,6,6,7,7,7,2,2,2,2,2
Барун-Хемчикский муниципальный район,0,0,0,0,0,0,4,4,4,4,4,4,4,4,4,4,2,2,2,2,2,2,2,2
Барышский муниципальный район,0,0,0,0,0,0,0,0,0,0,1,1,1,1,1,1,1,1,1,2,2,2,2,2
Барятинский муниципальный район,0,0,0,0,0,0,0,0,0,1,1,1,1,1,1,1,1,1,1,2,2,2,2,2
Батыревский муниципальный округ,0,0,0,0,0,0,0,0,0,1,1,1,1,1,1,1,1,2,2,2,2,2,2,2
Башмаковский муниципальный район,0,0,0,0,0,0,0,0,0,1,1,1,1,1,1,1,1,1,1,2,2,2,2,2
Баяндаевский муниципальный район,0,0,0,0,0,0,4,4,4,4,4,4,4,4,4,2,2,2,2,2,2,2,2,2
Бежаницкий муниципальный район,0,0,0,0,0,0,0,0,0,1,1,1,1,1,1,1,1,1,2,2,2,2,2,2
Безенчукский муниципальный район,0,0,0,0,0,0,0,0,6,6,6,6,6,6,6,6,7,2,2,2,2,2,2,2
Бейский муниципальный район,0,0,0,0,0,0,0,0,0,6,6,6,6,6,6,1,1,1,2,2,2,2,2,2
Бековский муниципальный район,0,0,0,0,0,0,0,0,0,1,1,1,1,1,1,1,1,1,2,2,2,2,2,2
Белебеевский муниципальный район,0,0,3,3,3,3,3,3,3,3,6,6,6,6,6,7,7,7,7,7,7,7,7,7
Белевский муниципальный район,0,0,0,0,0,0,0,0,0,1,1,1,1,1,1,1,1,1,1,2,2,2,2,2
Белинский муниципальный район,0,0,0,0,0,0,0,0,0,0,1,1,1,1,1,1,1,1,2,2,2,2,2,2
Беловский муниципальный округ,0,0,0,0,0,0,0,0,0,6,1,1,1,1,1,1,1,1,2,2,2,2,2,2
Белогорский муниципальный округ,4,4,4,4,4,4,4,4,4,4,4,4,4,4,4,4,7,7,7,2,2,2,2,2
Белокатайский муниципальный район,0,0,0,0,0,0,0,0,0,1,1,1,1,1,1,1,1,1,1,2,2,2,2,2
Беломорский муниципальный округ,3,3,3,3,3,6,6,6,6,6,6,6,6,6,6,6,2,2,2,2,2,2,2,2
Белорецкий муниципальный район,0,0,0,0,0,0,0,0,6,6,6,6,6,6,6,6,7,7,7,7,7,7,7,7
Белохолуницкий муниципальный район,0,0,0,0,0,0,0,0,0,1,1,1,1,1,1,1,1,1,1,2,2,2,2,2
Белоярский муниципальный район,3,3,3,3,3,3,4,4,4,4,4,4,6,6,6,6,7,7,7,7,4,4,4,4
Беляевский муниципальный район,0,0,0,0,0,0,0,0,0,1,1,1,1,1,1,2,2,2,2,2,2,2,2,2
Бердюжский муниципальный район,0,0,0,0,0,0,0,0,0,0,1,1,1,1,1,1,1,1,1,2,2,2,2,2
Бессоновский муниципальный район,0,0,0,0,0,0,0,0,0,1,6,6,6,6,6,6,7,7,2,2,2,2,2,2
Бижбулякский муниципальный район,0,0,0,0,0,0,0,0,0,1,1,1,1,1,1,2,2,2,2,2,2,2,2,2
Бийский муниципальный район,0,0,0,0,0,0,0,0,0,6,1,1,1,1,1,1,1,1,2,2,2,2,2,2
Бикинский муниципальный район,3,3,3,3,3,3,3,4,4,4,4,4,4,4,4,4,4,4,4,4,4,4,4,4
Билибинский муниципальный район,4,4,4,4,4,4,4,4,4,4,4,4,4,4,4,4,4,4,4,4,4,4,4,4
Бирилюсский муниципальный район,0,0,0,0,0,0,0,0,0,0,1,1,1,1,1,1,1,1,2,2,2,2,2,2
Биробиджанский муниципальный район,4,4,4,4,4,4,4,4,4,4,4,4,4,4,4,4,7,7,4,4,4,4,4,4
Бирский муниципальный район,0,0,0,3,3,3,3,3,3,3,6,6,6,6,6,6,7,7,7,7,7,7,7,7
Благоварский муниципальный район,0,0,0,0,0,0,0,0,0,1,1,1,1,1,1,2,2,2,2,2,2,2,2,2
Благовещенский муниципальный округ,4,4,4,4,4,4,4,4,4,4,4,4,4,4,4,4,4,4,4,4,4,4,4,4
Благодарненский муниципальный округ,0,0,0,0,0,0,0,0,0,1,1,1,1,1,1,1,1,1,1,2,2,2,2,2
Богатовский муниципальный район,0,0,0,0,0,0,0,0,0,1,1,1,1,1,1,1,1,1,1,2,2,2,2,2
Богородицкий муниципальный район,0,0,0,0,0,0,0,0,0,6,6,6,6,6,6,6,1,2,2,2,2,2,2,2
Богородский муниципальный округ,0,0,0,0,0,0,0,6,6,6,6,6,6,6,6,7,7,7,7,7,7,7,7,7
Боградский муниципальный район,0,0,0,0,0,0,0,0,0,1,1,1,1,1,1,1,1,1,1,2,2,2,2,2
Богучанский муниципальный район,3,3,3,3,3,6,6,6,6,6,6,6,6,6,6,6,2,2,2,2,2,2,2,2
Бокситогорский муниципальный район,3,3,3,3,3,6,6,6,6,6,6,6,6,6,6,6,7,7,7,7,7,7,2,2
Болотнинский муниципальный район,0,0,0,0,0,0,0,0,0,6,6,6,6,6,6,6,7,2,2,2,2,2,2,2
Болховский муниципальный район,0,0,0,0,0,0,0,0,0,1,1,1,1,1,1,1,1,1,1,2,2,2,2,2
Большеберезниковский муниципальный район,0,0,0,0,0,0,0,0,0,1,1,1,1,1,1,1,1,1,2,2,2,2,2,2
Большеболдинский муниципальный округ,0,0,0,0,0,0,0,0,0,0,1,1,1,1,1,1,1,1,1,2,2,2,2,2
Большеглушицкий муниципальный район,0,0,0,0,0,0,0,0,0,1,1,1,1,1,1,1,1,1,1,2,2,2,2,2
Большемурашкинский муниципальный округ,0,0,0,0,0,0,0,0,0,0,1,1,1,1,1,1,1,1,2,2,2,2,2,2
Большемуртинский муниципальный район,0,0,0,0,0,0,0,0,0,1,1,1,1,1,1,1,1,1,1,2,2,2,2,2
Большереченский муниципальный район,0,0,0,0,0,0,0,0,0,1,1,1,1,1,1,2,2,2,2,2,2,2,2,2
Большесельский муниципальный район,0,0,0,0,0,0,0,0,0,1,1,1,1,1,1,1,1,1,1,2,2,2,2,2
Большеуковский муниципальный район,0,0,0,0,0,0,0,0,0,1,1,1,1,1,1,1,1,1,1,2,2,2,2,2
Большеулуйский муниципальный район,0,0,0,0,0,0,0,0,0,0,1,1,1,1,1,1,1,2,2,2,2,2,2,2
Большечерниговский муниципальный район,0,0,0,0,0,0,0,0,0,1,1,1,1,1,1,1,1,1,1,2,2,2,2,2
Бондарский муниципальный округ,0,0,0,0,0,0,0,0,0,1,1,1,1,1,1,1,1,1,2,2,2,2,2,2
Борзинский муниципальный район,0,0,0,3,3,3,3,4,4,4,6,6,6,6,6,7,7,7,7,2,2,2,2,2
Борисоглебский муниципальный район,0,0,0,0,0,0,0,0,0,1,1,1,1,1,1,1,1,1,1,2,2,2,2,2
Боровичский муниципальный район,0,0,0,0,0,0,0,6,6,6,6,6,6,6,6,7,7,7,7,7,7,7,7,7
Боровский муниципальный район,3,3,3,3,3,6,6,6,6,6,6,6,6,6,6,7,7,7,7,7,7,7,7,7
Борский муниципальный район,0,0,0,0,0,0,0,0,0,1,1,1,1,1,1,1,1,1,1,2,2,2,2,2
Боханский муниципальный район,0,0,0,0,0,0,0,0,0,6,1,1,1,1,1,1,1,2,2,2,2,2,2,2
Братский муниципальный район,0,0,0,0,0,0,0,0,0,1,1,1,1,1,6,6,1,2,2,2,2,2,2,2
Брединский муниципальный район,0,0,0,0,0,0,0,0,0,0,1,1,1,1,1,1,1,1,1,2,2,2,2,2
Брейтовский муниципальный район,0,0,0,0,0,0,0,0,0,0,1,1,1,1,1,1,1,1,1,2,2,2,2,2
Бугульминский муниципальный район,0,0,3,3,3,3,3,3,3,3,3,6,3,3,3,3,7,7,7,7,7,7,7,7
Бугурусланский муниципальный район,0,0,0,0,0,0,0,6,6,6,6,6,6,6,6,6,7,7,7,7,2,2,2,2
Будённовский муниципальный округ,0,0,0,0,0,0,0,6,6,6,6,6,6,6,6,6,7,7,7,7,7,2,2,2
Буздякский муниципальный район,0,0,0,0,0,0,0,0,0,1,1,1,1,1,1,2,2,2,2,2,2,2,2,2
Буинский муниципальный район,0,0,0,0,0,0,0,0,0,1,1,1,1,1,1,2,2,2,2,2,2,2,2,2
Буйский муниципальный район,0,0,0,0,0,0,0,0,0,1,1,1,1,1,1,1,1,1,1,2,2,2,2,2
Булунский муниципальный район,4,4,4,4,4,4,4,4,4,4,4,4,4,4,4,4,4,4,4,4,4,4,4,4
Бураевский муниципальный район,0,0,0,0,0,0,0,0,0,1,1,1,1,1,1,2,2,2,2,2,2,2,2,2
Бурейский муниципальный округ,4,4,4,4,4,4,4,4,4,4,4,4,6,6,6,7,7,7,7,2,2,2,2,2
Бурзянский муниципальный район,0,0,0,0,0,0,0,0,0,1,1,1,4,4,4,4,2,2,2,2,2,2,2,2
Бурлинский муниципальный район,0,0,0,0,0,0,0,0,0,1,1,1,1,1,1,1,1,1,1,2,2,2,2,2
Бутурлинский муниципальный округ,0,0,0,0,0,0,0,0,0,0,1,1,1,1,1,1,1,1,1,2,2,2,2,2
Быковский муниципальный район,0,0,0,0,0,0,0,0,0,1,1,1,1,1,1,1,1,1,1,2,2,2,2,2
Быстроистокский муниципальный район,0,0,0,0,0,0,0,0,0,0,1,1,1,1,1,1,1,1,1,2,2,2,2,2
Вагайский муниципальный район,0,0,0,0,0,0,0,0,0,1,1,1,1,1,1,1,1,1,1,2,2,2,2,2
Вадинский муниципальный район,0,0,0,0,0,0,0,0,0,0,1,1,1,1,1,1,1,1,2,2,2,2,2,2
Вадский муниципальный округ,0,0,0,0,0,0,0,0,0,0,1,1,1,1,1,1,1,1,1,2,2,2,2,2
Валдайский муниципальный район,0,0,0,0,0,0,0,0,6,6,6,6,6,6,6,6,2,2,2,2,2,2,2,2
Ванинский муниципальный район,4,4,4,4,4,4,4,4,4,4,4,4,4,4,4,4,4,4,4,4,4,4,4,4
Варгашинский муниципальный округ,0,0,0,0,0,0,0,0,0,1,1,1,1,1,1,1,1,1,1,2,2,2,2,2
Варнавинский муниципальный округ,0,0,0,0,0,0,0,0,0,0,1,1,1,1,1,1,1,1,1,2,2,2,2,2
Варненский муниципальный район,0,0,0,0,0,0,0,0,0,1,1,1,1,1,1,1,1,1,1,2,2,2,2,2
Вачский муниципальный округ,0,0,0,0,0,0,0,0,0,0,1,1,1,1,1,1,1,1,1,2,2,2,2,2
Велижский муниципальный район,0,0,0,0,0,0,0,0,0,1,1,1,1,1,1,1,1,1,1,2,2,2,2,2
Великоустюгский муниципальный округ,0,0,0,0,0,0,0,6,6,6,6,6,6,6,6,7,7,7,7,7,2,2,2,2
Вельский муниципальный район,0,0,0,0,0,0,6,6,6,6,6,6,6,6,6,7,7,7,7,7,7,7,7,7
Венгеровский муниципальный район,0,0,0,0,0,0,0,0,0,0,1,1,1,1,1,1,1,1,1,2,2,2,2,2
Веневский муниципальный район,0,0,0,0,0,0,0,0,0,1,1,1,1,1,1,1,1,1,2,2,2,2,2,2
Верхнебуреинский муниципальный район,4,4,4,4,4,4,4,4,4,4,4,4,4,4,4,4,4,4,4,4,4,4,4,4
Верхневилюйский муниципальный район,4,4,4,4,4,4,4,4,4,4,4,4,4,4,4,4,4,4,4,4,4,4,4,4
Верхнекетский муниципальный район,0,0,0,0,0,0,0,0,0,6,6,6,6,6,6,6,2,2,2,2,2,2,2,2
Верхнеколымский муниципальный район,4,4,4,4,4,4,4,4,4,4,4,4,4,4,4,4,4,4,4,4,4,4,4,4
Верхнетоемский муниципальный округ,0,0,0,0,0,0,0,0,0,1,1,1,1,1,1,1,1,1,1,2,2,2,2,2
Верхнеуральский муниципальный район,0,0,0,0,0,0,0,0,0,1,1,1,1,1,1,1,1,1,1,2,2,2,2,2
Верхнеуслонский муниципальный район,3,3,3,3,0,0,0,6,6,6,6,6,6,6,6,6,7,7,7,7,7,2,2,2
Верховажский муниципальный округ,0,0,0,0,0,0,0,0,0,0,1,1,1,1,1,1,1,1,1,2,2,2,2,2
Верховский муниципальный район,0,0,0,0,0,0,0,0,0,1,1,1,1,1,1,1,1,1,1,2,2,2,2,2
Верхошижемский муниципальный район,0,0,0,0,0,0,0,0,0,1,1,1,1,1,1,1,1,1,2,2,2,2,2,2
Верхоянский муниципальный район,4,4,4,4,4,4,4,4,4,4,4,4,4,4,4,4,4,4,4,4,4,4,4,4
Ветлужский муниципальный округ,0,0,0,0,0,0,0,0,0,0,1,1,1,1,1,1,1,1,1,2,2,2,2,2
Вешкаймский муниципальный район,0,0,0,0,0,0,0,0,0,0,1,1,1,1,1,1,1,1,1,2,2,2,2,2
Викуловский муниципальный район,0,0,0,0,0,0,0,0,0,1,1,1,1,1,1,1,1,1,1,2,2,2,2,2
Вилюйский муниципальный район,4,4,4,4,4,4,4,4,4,4,4,4,4,4,4,4,4,4,4,4,4,4,4,4
Виноградовский муниципальный округ,0,0,0,0,0,0,0,0,0,1,1,1,1,1,1,1,1,1,2,2,2,2,2,2
Вичугский муниципальный район,0,0,0,0,0,0,0,0,0,0,1,1,1,1,1,1,1,1,1,2,2,2,2,2
Вожегодский муниципальный округ,0,0,0,0,0,0,0,0,0,1,1,1,1,6,6,1,1,1,1,2,2,2,2,2
Вознесенский муниципальный округ,0,0,0,0,0,0,0,0,0,0,1,1,1,1,1,1,1,1,1,2,2,2,2,2
Вологодский муниципальный округ,0,0,0,3,3,3,3,3,3,3,3,3,3,3,3,3,7,7,7,7,7,7,7,7
Володарский муниципальный округ,0,0,0,0,0,0,0,0,6,6,6,6,6,6,6,6,2,2,2,2,2,2,2,2
Волосовский муниципальный район,3,3,3,3,3,6,6,6,6,6,6,6,6,6,6,7,7,7,7,7,7,7,7,7
Волховский муниципальный район,3,3,3,3,3,6,6,6,6,6,6,6,6,6,6,7,7,7,7,7,7,7,7,7
Волчихинский муниципальный район,0,0,0,0,0,0,0,0,0,1,1,1,1,1,1,1,1,1,1,2,2,2,2,2
Вольский муниципальный район,0,0,0,0,0,0,0,6,6,6,6,6,6,6,6,6,7,7,7,7,2,2,2,2
Воскресенский муниципальный округ,0,0,0,0,0,0,0,0,0,1,1,1,1,1,1,1,1,1,1,2,2,2,2,2
Воскресенский муниципальный район,0,0,0,0,0,0,0,0,0,0,1,1,1,1,1,1,1,1,2,2,2,2,2,2
Вохомский муниципальный район,0,0,0,0,0,0,0,0,0,1,1,1,1,1,1,1,1,1,1,2,2,2,2,2
Всеволожский муниципальный район,8,8,8,8,8,8,8,8,8,8,8,8,5,5,5,5,5,5,5,5,5,5,5,5
Вурнарский муниципальный округ,0,0,0,0,0,0,0,0,0,1,1,1,1,1,1,2,2,2,2,2,2,2,2,2
Выборгский муниципальный район,3,3,3,3,3,3,3,3,3,3,3,3,3,3,3,3,5,5,5,5,5,5,5,5
Высокогорский муниципальный район,0,0,0,0,0,0,0,6,6,6,6,6,6,6,6,6,7,7,7,7,7,7,7,7
Вытегорский муниципальный район,0,0,0,0,0,0,0,0,0,6,6,6,6,6,6,6,2,2,2,2,2,2,2,2
Вязниковский муниципальный район,0,0,0,0,0,0,0,0,6,6,6,6,6,6,6,6,1,1,2,2,2,2,2,2
Вятскополянский муниципальный район,0,0,0,0,0,0,0,0,0,1,1,1,1,1,1,2,2,2,2,2,2,2,2,2
Гаврилов-Ямский муниципальный район,0,0,0,0,0,0,0,0,6,1,1,1,1,1,1,2,2,2,2,2,2,2,2,2
Гаврилово-Посадский муниципальный район,0,0,0,0,0,0,0,0,0,0,1,1,1,1,1,1,1,1,1,2,2,2,2,2
Гавриловский муниципальный округ,0,0,0,0,0,0,0,0,0,0,1,1,1,1,1,1,1,1,1,2,2,2,2,2
Гагаринский муниципальный район,0,0,0,0,0,0,6,6,6,6,6,6,6,6,6,7,7,7,7,7,7,7,7,7
Гагинский муниципальный округ,0,0,0,0,0,0,0,0,0,0,1,1,1,1,1,1,1,1,2,2,2,2,2,2
Газимуро-Заводский муниципальный округ,4,4,4,4,4,4,4,4,4,4,4,4,4,4,4,4,4,4,4,4,4,4,4,4
Галичский муниципальный район,0,0,0,0,0,0,0,0,0,0,1,1,1,1,1,1,1,1,1,2,2,2,2,2
Гатчинский муниципальный район,3,3,3,3,3,3,3,3,3,3,3,3,3,3,3,3,5,5,5,5,5,5,5,5
Гафурийский муниципальный район,0,0,0,0,0,0,0,0,0,1,1,1,1,1,1,2,2,2,2,2,2,2,2,2
Гдовский муниципальный район,0,0,0,0,0,0,0,0,0,1,1,1,1,1,1,1,2,2,2,2,2,2,2,2
Георгиевский муниципальный округ,0,0,0,0,0,0,6,6,6,6,6,6,6,6,6,6,7,7,7,7,7,7,7,7
Гиагинский муниципальный район,0,0,0,0,0,0,0,0,0,1,1,1,1,1,1,1,1,1,2,2,2,2,2,2
Глазуновский муниципальный район,0,0,0,0,0,0,0,0,0,1,1,1,1,1,1,1,1,1,1,2,2,2,2,2
Глинковский муниципальный район,0,0,0,0,0,0,0,0,0,0,1,1,1,1,1,1,1,1,2,2,2,2,2,2
Горномарийский муниципальный район,0,0,0,0,0,0,0,0,0,1,1,1,1,1,1,2,2,2,2,2,2,2,2,2
Горный муниципальный район,4,4,4,4,4,4,4,4,4,4,4,4,4,4,4,4,4,4,4,4,4,4,4,4
Городецкий муниципальный округ,0,0,0,0,0,0,0,6,6,6,6,6,6,6,6,7,7,7,7,7,7,7,7,7
Городовиковский муниципальный район,0,0,0,0,0,0,0,0,0,0,1,1,1,1,1,1,1,1,1,2,2,2,2,2
Гороховецкий муниципальный район,0,0,0,0,0,0,0,0,0,1,1,1,1,1,1,1,1,1,1,2,2,2,2,2
Горьковский муниципальный район,0,0,0,0,0,0,0,0,0,1,1,1,1,1,1,1,1,1,1,2,2,2,2,2
Грачёвский муниципальный округ,0,0,0,0,0,0,0,0,0,1,1,1,1,1,1,1,1,1,1,2,2,2,2,2
Грачёвский муниципальный район,0,0,0,0,0,0,0,0,0,0,1,1,1,1,1,1,1,1,1,2,2,2,2,2
Грязинский муниципальный район,0,0,0,0,0,0,0,0,6,6,6,6,6,6,6,6,7,7,2,2,2,2,2,2
Грязовецкий муниципальный округ,0,0,0,0,0,0,0,0,0,1,1,1,1,1,1,1,1,1,2,2,2,2,2,2
Гурьевский муниципальный округ,0,0,0,0,0,0,0,6,6,6,6,6,6,6,6,6,7,7,7,7,7,7,7,7
Гусь-Хрустальный муниципальный район,0,0,0,0,0,0,0,0,0,1,1,1,1,1,1,1,1,1,1,2,2,2,2,2
Давлекановский муниципальный район,0,0,0,0,0,0,0,0,0,6,6,6,6,6,6,6,2,2,2,2,2,2,2,2
Далматовский муниципальный округ,0,0,0,0,0,0,0,0,0,0,1,1,1,1,1,1,1,1,1,2,2,2,2,2
Дальнеконстантиновский муниципальный округ,0,0,0,0,0,0,0,0,0,1,1,1,1,1,1,1,1,1,1,2,2,2,2,2
Дальнереченский муниципальный район,0,0,0,0,0,4,4,4,4,4,4,4,4,4,4,4,7,7,7,4,4,2,2,2
Данковский муниципальный район,0,0,0,0,0,0,0,0,0,6,6,6,6,6,6,6,1,1,1,2,2,2,2,2
Даровской муниципальный район,0,0,0,0,0,0,0,0,0,1,1,1,1,1,1,1,1,1,1,2,2,2,2,2
Дедовичский муниципальный район,0,0,0,0,0,0,0,0,0,1,1,1,6,6,6,6,1,1,1,2,2,2,2,2
Демидовский муниципальный район,0,0,0,0,0,0,0,0,0,0,1,1,1,1,1,1,1,1,1,2,2,2,2,2
Дергачевский муниципальный район,0,0,0,0,0,0,0,0,0,1,1,1,1,1,1,1,1,1,1,2,2,2,2,2
Дзун-Хемчикский муниципальный район,0,0,0,0,0,0,4,4,4,4,4,4,4,4,4,2,2,2,2,2,2,2,2,2
Дивеевский муниципальный округ,0,0,0,0,0,0,0,0,0,1,1,1,1,1,1,1,1,1,1,2,2,2,2,2
Дигорский муниципальный район,9,9,9,9,9,9,9,9,9,9,9,9,9,9,9,9,9,9,9,9,9,9,9,9
Дновский муниципальный район,0,0,0,0,0,0,0,0,0,1,1,1,1,1,6,6,2,2,2,2,2,2,2,2
Добринский муниципальный район,0,0,0,0,0,0,0,0,0,1,1,1,1,1,1,1,1,1,1,2,2,2,2,2
Добровский муниципальный район,0,0,0,0,0,0,0,0,0,1,1,1,1,1,1,1,1,1,1,2,2,2,2,2
Доволенский муниципальный район,0,0,0,0,0,0,0,0,0,1,1,1,1,1,1,1,1,1,1,2,2,2,2,2
Долгоруковский муниципальный район,0,0,0,0,0,0,0,0,0,1,1,1,1,1,1,1,1,1,1,2,2,2,2,2
Должанский муниципальный район,0,0,0,0,0,0,0,0,0,1,1,1,1,1,1,1,1,1,1,2,2,2,2,2
Домбаровский муниципальный район,0,0,0,0,0,0,0,0,0,1,1,1,1,1,1,1,1,2,2,2,2,2,2,2
Дорогобужский муниципальный район,0,0,0,0,0,0,0,0,6,6,6,6,6,6,6,6,2,2,2,2,2,2,2,2
Дрожжановский муниципальный район,0,0,0,0,0,0,0,0,0,1,1,1,1,1,1,1,1,2,2,2,2,2,2,2
Дубовский муниципальный район,0,0,0,0,0,0,0,0,0,1,1,1,1,1,1,1,1,1,1,2,2,2,2,2
Дуванский муниципальный район,0,0,0,0,0,0,0,0,0,1,1,1,1,1,1,2,2,2,2,2,2,2,2,2
Дульдургинский муниципальный район,0,0,0,0,0,0,4,4,4,4,4,4,4,4,4,4,2,2,2,2,2,2,2,2
Думиничский муниципальный район,0,0,0,0,0,0,0,0,0,0,1,1,1,1,1,1,1,1,1,2,2,2,2,2
Духовницкий муниципальный район,0,0,0,0,0,0,0,0,0,0,1,1,1,1,1,1,1,1,2,2,2,2,2,2
Духовщинский муниципальный район,0,0,0,0,0,0,0,0,0,1,1,1,1,1,1,1,1,1,2,2,2,2,2,2
Дюртюлинский муниципальный район,0,0,0,0,0,0,0,0,6,6,6,6,6,6,6,6,7,7,7,7,7,7,7,7
Егорьевский муниципальный район,0,0,0,0,0,0,0,0,0,1,1,1,1,1,1,1,2,2,2,2,2,2,2,2
Екатериновский муниципальный район,0,0,0,0,0,0,0,0,0,0,1,1,1,1,1,1,1,1,1,2,2,2,2,2
Елабужский муниципальный район,3,3,3,3,3,3,3,3,3,3,3,3,3,3,3,3,3,7,7,7,7,7,7,7
Еланский муниципальный район,0,0,0,0,0,0,0,0,0,1,1,1,1,1,1,1,1,1,1,2,2,2,2,2
Елизовский муниципальный район,4,4,4,4,4,4,4,4,4,4,4,4,4,4,4,4,4,4,4,4,4,4,4,4
Елховский муниципальный район,0,0,0,0,0,0,0,0,0,0,1,1,1,1,1,1,1,1,1,2,2,2,2,2
Ельниковский муниципальный район,0,0,0,0,0,0,0,0,0,0,1,1,1,1,1,1,1,1,2,2,2,2,2,2
Ельнинский муниципальный район,0,0,0,0,0,0,0,0,0,0,1,1,1,1,1,1,1,1,1,2,2,2,2,2
Ельцовский муниципальный район,0,0,0,0,0,0,0,0,0,1,1,1,1,1,1,2,2,2,2,2,2,2,2,2
Еманжелинский муниципальный район,0,0,0,0,0,0,0,0,0,1,1,1,1,1,1,2,2,2,2,2,2,2,2,2
Емельяновский муниципальный район,3,3,3,3,3,3,3,3,3,3,3,3,3,3,3,3,7,7,7,7,7,7,7,7
Енисейский муниципальный район,0,0,0,0,0,0,0,0,0,6,6,6,6,6,6,1,1,2,2,2,2,2,2,2
Енотаевский муниципальный район,0,0,0,0,0,0,0,0,0,1,1,1,1,1,1,1,1,1,1,2,2,2,2,2
Ермаковский муниципальный район,0,0,0,0,0,0,0,0,0,0,1,1,1,1,1,1,1,1,1,2,2,2,2,2
Ермекеевский муниципальный район,0,0,0,0,0,0,0,0,0,1,1,1,1,1,1,2,2,2,2,2,2,2,2,2
Ермишинский муниципальный район,0,0,0,0,0,0,0,0,0,1,1,1,1,1,1,1,1,1,2,2,2,2,2,2
Ершичский муниципальный район,0,0,0,0,0,0,0,0,0,0,1,1,1,1,1,1,1,1,1,2,2,2,2,2
Ершовский муниципальный район,0,0,0,0,0,0,0,0,0,1,1,1,1,1,1,1,1,1,1,2,2,2,2,2
Еткульский муниципальный район,0,0,0,0,0,0,0,0,0,1,1,1,1,1,1,1,1,1,1,2,2,2,2,2
Жердевский муниципальный округ,0,0,0,0,0,0,0,0,0,1,1,1,1,1,1,1,1,1,1,2,2,2,2,2
Жигаловский муниципальный район,0,0,0,0,0,0,0,6,6,6,6,6,6,6,6,7,7,7,7,7,7,7,7,7
Жиздринский муниципальный район,0,0,0,0,0,0,0,0,0,0,1,1,1,1,1,1,1,1,1,2,2,2,2,2
Жирновский муниципальный район,0,0,0,0,0,0,0,0,0,1,1,1,1,1,1,1,1,1,2,2,2,2,2,2
Жуковский муниципальный район,0,0,0,0,0,0,0,0,6,6,6,6,6,6,6,6,2,2,2,2,2,2,2,2
Забайкальский муниципальный район,3,3,3,3,3,3,3,3,3,3,6,6,6,6,6,7,7,7,7,7,7,7,7,7
Завитинский муниципальный округ,4,4,4,4,4,4,4,4,4,4,4,4,6,6,6,6,2,2,2,2,2,2,2,2
Заволжский муниципальный район,0,0,0,0,0,0,0,0,0,1,1,1,1,1,1,1,1,1,1,2,2,2,2,2
Завьяловский муниципальный район,0,0,0,0,0,0,0,0,0,1,1,1,1,1,1,1,1,1,1,2,2,2,2,2
Задонский муниципальный район,0,0,0,0,0,0,0,0,0,1,1,1,1,1,1,1,1,1,1,2,2,2,2,2
Заинский муниципальный район,0,0,0,0,0,0,0,0,6,6,6,6,6,6,6,6,7,7,7,7,7,7,7,2
Заларинский муниципальный район,0,0,0,0,0,0,0,0,0,0,1,1,1,1,1,1,1,1,1,2,2,2,2,2
Залегощенский муниципальный район,0,0,0,0,0,0,0,0,0,0,1,1,1,1,1,1,1,1,1,2,2,2,2,2
Залесовский муниципальный округ,0,0,0,0,0,0,0,0,0,1,1,1,1,1,1,1,1,2,2,2,2,2,2,2
Заокский муниципальный район,0,0,0,3,3,6,6,6,6,6,6,6,6,6,6,7,7,7,7,7,7,7,7,7
Захаровский муниципальный район,0,0,0,0,0,0,0,0,0,0,1,1,1,1,1,1,1,1,1,2,2,2,2,2
Звениговский муниципальный район,0,0,0,0,0,0,0,0,0,1,1,1,1,1,1,1,1,1,2,2,2,2,2,2
Звериноголовский муниципальный округ,0,0,0,0,0,0,0,0,0,1,1,1,1,1,1,1,2,2,2,2,2,2,2,2
Здвинский муниципальный район,0,0,0,0,0,0,0,0,0,0,1,1,1,1,1,1,1,1,1,2,2,2,2,2
Зейский муниципальный округ,4,4,4,4,4,4,4,4,4,4,4,4,4,4,4,4,4,4,4,4,4,4,4,4
Зеленодольский муниципальный район,3,3,3,3,3,3,3,3,3,3,3,3,3,3,3,3,3,7,7,7,7,7,7,7
Зеленчукский муниципальный район,0,0,0,0,0,0,0,0,9,9,9,9,9,9,9,9,9,9,9,9,9,9,9,9
Земетчинский муниципальный район,0,0,0,0,0,0,0,0,0,0,1,1,1,1,1,1,1,1,1,2,2,2,2,2
Зианчуринский муниципальный район,0,0,0,0,0,0,0,0,0,1,1,1,1,1,1,2,2,2,2,2,2,2,2,2
Зилаирский муниципальный район,0,0,0,0,0,0,0,0,0,1,1,9,9,9,4,4,2,2,2,2,2,2,2,2
Зиминский муниципальный район,0,0,0,0,0,0,0,0,0,6,6,6,1,1,1,1,1,1,2,2,2,2,2,2
Змеиногорский муниципальный район,0,0,0,0,0,0,0,0,0,1,1,1,1,1,1,2,2,2,2,2,2,2,2,2
Знаменский муниципальный округ,0,0,0,0,0,0,0,0,0,1,1,1,1,1,1,1,1,1,1,2,2,2,2,2
Зональный муниципальный район,0,0,0,0,0,0,0,0,0,1,1,1,1,1,1,1,2,2,2,2,2,2,2,2
Зубово-Полянский муниципальный район,0,0,0,0,0,0,0,0,0,1,1,1,1,1,1,1,1,1,1,2,2,2,2,2
Зуевский муниципальный район,0,0,0,0,0,0,0,0,0,0,1,1,1,1,1,1,1,1,1,2,2,2,2,2
Зырянский муниципальный район,0,0,0,0,0,0,0,0,0,1,1,1,1,1,1,1,1,1,1,2,2,2,2,2
Ибресинский муниципальный округ,0,0,0,0,0,0,0,0,0,1,1,1,1,1,1,2,2,2,2,2,2,2,2,2
Ивановский муниципальный округ,4,4,4,4,4,4,4,4,4,4,4,4,4,4,4,4,7,7,7,2,2,2,2,2
Ивановский муниципальный район,3,3,3,3,3,3,3,3,3,3,3,3,3,3,3,3,7,7,7,7,7,7,7,7
Ивантеевский муниципальный район,0,0,0,0,0,0,0,0,0,0,1,1,1,1,1,1,1,1,1,2,2,2,2,2
Иглинский муниципальный район,0,0,0,0,0,0,0,6,6,6,6,6,6,6,6,7,7,7,7,7,7,7,7,7
Идринский муниципальный район,0,0,0,0,0,0,0,0,0,1,1,1,1,1,1,1,1,1,1,2,2,2,2,2
Ижемский муниципальный район,0,0,0,0,0,0,0,0,0,6,6,6,6,6,6,1,1,2,2,2,2,2,2,2
Ижморский муниципальный округ,0,0,0,0,0,0,0,0,0,0,1,1,1,1,1,1,1,1,1,2,2,2,2,2
Измалковский муниципальный район,0,0,0,0,0,0,0,0,0,0,1,1,1,1,1,1,1,1,2,2,2,2,2,2
Износковский муниципальный район,0,0,0,0,0,0,0,0,0,0,1,1,1,1,1,1,1,1,1,2,2,2,2,2
Изобильненский муниципальный округ,0,0,0,0,0,0,0,0,0,6,6,6,6,6,6,6,7,7,7,7,2,2,2,2
Икрянинский муниципальный район,0,0,0,0,0,0,0,0,0,0,1,1,1,1,1,1,1,1,1,2,2,2,2,2
Иланский муниципальный район,0,0,0,0,0,0,0,0,0,1,1,1,1,1,6,6,1,1,1,2,2,2,2,2
Илекский муниципальный район,0,0,0,0,0,0,0,0,0,1,1,1,1,1,1,1,1,1,1,2,2,2,2,2
Илишевский муниципальный район,0,0,0,0,0,0,0,0,0,1,1,1,1,1,1,2,2,2,2,2,2,2,2,2
Иловлинский муниципальный район,0,0,0,0,0,0,0,0,0,1,1,1,1,1,1,2,2,1,1,2,2,2,2,2
Ильинский муниципальный район,0,0,0,0,0,0,0,0,0,1,1,1,1,1,1,1,1,1,2,2,2,2,2,2
Инжавинский муниципальный округ,0,0,0,0,0,0,0,0,0,1,1,1,1,1,1,1,1,1,1,2,2,2,2,2
Инзенский муниципальный район,0,0,0,0,0,0,0,0,0,1,1,1,1,1,1,1,1,1,1,2,2,2,2,2
Инсарский муниципальный район,0,0,0,0,0,0,0,0,0,0,1,1,1,1,1,1,1,1,1,2,2,2,2,2
Ипатовский муниципальный округ,0,0,0,0,0,0,0,0,0,1,1,1,1,1,1,1,1,1,1,2,2,2,2,2
Ирафский муниципальный район,0,0,0,0,0,0,0,0,9,9,9,9,9,9,9,9,9,9,9,9,9,9,9,9
Ирбейский муниципальный район,0,0,0,0,0,0,0,0,0,0,1,1,1,1,1,1,1,1,1,2,2,2,2,2
Иркутский муниципальный район,3,3,3,3,3,3,3,3,3,3,3,3,3,3,3,3,3,7,7,7,7,7,7,7
Исаклинский муниципальный район,0,0,0,0,0,0,0,0,0,1,1,1,1,1,1,1,1,1,1,2,2,2,2,2
Исетский муниципальный район,0,0,0,0,0,0,0,0,0,6,1,1,1,1,1,1,1,1,1,2,2,2,2,2
Исилькульский муниципальный район,0,0,0,0,0,0,0,0,0,1,1,1,1,1,1,1,1,1,1,2,2,2,2,2
Искитимский муниципальный район,0,0,0,0,0,0,0,0,6,6,6,6,6,6,6,6,7,7,2,2,2,2,2,2
Иссинский муниципальный район,0,0,0,0,0,0,0,0,0,0,1,1,1,1,1,1,1,1,1,2,2,2,2,2
Ичалковский муниципальный район,0,0,0,0,0,0,0,0,0,0,1,1,1,1,1,1,1,1,2,2,2,2,2,2
Ишимбайский муниципальный район,0,3,3,3,3,3,3,3,3,3,3,3,3,3,3,3,3,7,7,7,7,7,7,7
Ишимский муниципальный район,0,0,0,0,0,0,0,0,6,6,6,6,6,6,6,7,7,2,2,2,2,2,2,2
Каа-Хемский муниципальный район,0,0,0,0,0,0,0,0,0,4,4,4,4,4,4,6,2,2,2,2,2,2,2,2
Кавалеровский муниципальный округ,4,4,4,4,4,4,4,4,4,4,4,4,4,4,4,4,7,7,7,2,2,2,2,2
Кадомский муниципальный район,0,0,0,0,0,0,0,0,0,0,1,1,1,1,1,1,1,1,2,2,2,2,2,2
Кадошкинский муниципальный район,0,0,0,0,0,0,0,0,0,0,1,1,1,1,1,1,1,1,1,2,2,2,2,2
Кадуйский муниципальный округ,0,0,0,0,0,0,0,0,0,6,6,6,6,6,6,6,1,1,1,2,2,2,2,2
Кадыйский муниципальный район,0,0,0,0,0,0,0,0,0,0,1,1,1,1,1,1,1,1,2,2,2,2,2,2
Казанский муниципальный район,0,0,0,0,0,0,0,0,0,0,1,1,1,1,1,1,1,1,1,2,2,2,2,2
Казачинский муниципальный район,0,0,0,0,0,0,0,0,0,0,1,1,1,1,1,1,1,1,1,2,2,2,2,2
Казачинско-Ленский муниципальный район,4,4,4,4,4,4,4,6,6,6,6,6,6,6,6,6,2,2,2,2,2,2,2,2
Кайбицкий муниципальный район,0,0,0,0,0,0,0,0,0,1,1,1,1,1,1,1,1,2,2,2,2,2,2,2
Каларский муниципальный округ,4,4,4,4,4,4,4,4,4,4,4,4,4,6,6,6,7,7,7,4,4,4,4,4
Калачевский муниципальный район,0,0,0,0,0,0,0,0,0,6,6,6,6,6,1,1,1,1,1,2,2,2,2,2
Калачинский муниципальный район,0,0,0,0,0,0,0,0,0,1,1,1,1,1,1,1,1,1,1,2,2,2,2,2
Калганский муниципальный округ,4,4,4,4,4,4,4,4,4,4,4,4,4,4,4,4,4,4,2,2,2,2,2,2
Калевальский муниципальный район,3,3,3,3,3,6,6,6,6,6,6,6,6,6,6,6,2,2,2,2,2,2,2,2
Калининский муниципальный район,0,0,0,0,0,0,0,0,0,1,1,1,1,1,1,1,1,1,1,2,2,2,2,2
Калманский муниципальный район,0,0,0,0,0,0,0,0,0,1,1,1,1,1,1,1,1,1,1,2,2,2,2,2
Калтасинский муниципальный район,0,0,0,0,0,0,0,0,0,1,1,1,1,1,1,1,1,2,2,2,2,2,2,2
Камешкирский муниципальный район,0,0,0,0,0,0,0,0,0,0,1,1,1,1,1,1,1,1,2,2,2,2,2,2
Камешковский муниципальный район,0,0,0,0,0,0,0,0,6,1,1,1,1,1,1,1,1,1,1,2,2,2,2,2
Камско-Устьинский муниципальный район,0,0,0,0,0,0,0,0,0,1,1,1,1,1,1,1,1,1,1,2,2,2,2,2
Камызякский муниципальный район,0,0,0,0,0,0,0,0,0,0,1,1,1,1,1,1,1,1,1,2,2,2,2,2
Камышлинский муниципальный район,0,0,0,0,0,0,0,0,0,1,1,1,1,1,1,2,2,1,2,2,2,2,2,2
Камышловский муниципальный район,3,3,3,3,3,3,3,3,3,3,3,3,6,6,6,7,7,7,7,7,7,7,7,7
Кандалакшский муниципальный район,3,3,3,3,3,3,4,4,4,4,4,4,4,4,4,4,4,4,4,4,4,4,4,4
Карагинский муниципальный район,4,4,4,4,4,4,4,4,4,4,4,4,4,4,4,4,4,4,4,4,4,4,4,4
Караидельский муниципальный район,0,0,0,0,0,0,0,0,0,1,1,1,1,1,1,2,2,2,2,2,2,2,2,2
Карасукский муниципальный район,0,0,0,0,0,0,0,0,0,6,1,1,1,1,1,1,1,1,2,2,2,2,2,2
Каратузский муниципальный район,0,0,0,0,0,0,0,0,0,0,1,1,1,1,1,1,1,1,1,2,2,2,2,2
Каргапольский муниципальный округ,0,0,0,0,0,0,0,0,0,1,1,1,1,1,1,1,1,1,1,2,2,2,2,2
Каргасокский муниципальный район,6,6,6,6,6,6,6,6,6,6,6,6,6,6,6,6,6,6,6,6,6,6,6,6
Каргатский муниципальный район,0,0,0,0,0,0,0,0,0,1,1,1,1,1,1,1,1,1,1,2,2,2,2,2
Кардымовский муниципальный район,0,0,0,0,0,0,0,0,0,0,1,1,1,1,1,1,1,1,1,2,2,2,2,2
Кармаскалинский муниципальный район,0,0,0,0,0,0,0,0,0,1,1,1,1,1,1,2,2,2,2,2,2,2,2,2
Карсунский муниципальный район,0,0,0,0,0,0,0,0,0,1,1,1,1,1,1,1,1,1,1,2,2,2,2,2
Карталинский муниципальный район,0,0,0,0,0,0,0,0,0,1,1,1,1,1,1,1,1,1,1,2,2,2,2,2
Карымский муниципальный район,0,0,0,0,0,0,0,0,6,6,6,6,6,6,6,6,7,7,7,2,2,2,7,7
Касимовский муниципальный район,0,0,0,0,0,0,0,0,0,1,1,1,1,1,1,1,1,1,1,2,2,2,2,2
Каслинский муниципальный район,0,0,0,0,0,0,0,0,0,1,1,1,1,1,1,1,1,1,1,2,2,2,2,2
Катав-Ивановский муниципальный район,0,0,0,0,0,0,0,0,0,1,1,1,1,6,6,6,1,1,1,2,2,2,2,2
Катайский муниципальный округ,0,0,0,0,0,0,0,0,0,1,1,1,1,1,1,1,1,1,1,2,2,2,2,2
Катангский муниципальный район,4,4,4,4,4,4,4,4,4,4,4,4,4,4,4,4,4,4,4,4,4,4,4,4
Качугский муниципальный район,9,9,9,0,0,0,0,0,0,6,6,6,6,6,6,6,1,1,1,2,2,2,2,2
Кваркенский муниципальный район,0,0,0,0,0,0,0,0,0,0,1,1,1,1,1,1,1,1,1,2,2,2,2,2
Кежемский муниципальный район,3,3,3,3,3,6,6,6,6,6,6,6,6,6,6,6,2,2,2,2,2,2,2,2
Кемеровский муниципальный округ,3,3,3,3,3,3,3,3,3,3,3,3,3,3,3,3,3,7,7,7,7,7,7,7
Кемский муниципальный район,3,3,3,3,3,6,6,6,6,6,6,6,6,6,6,6,2,2,2,2,2,2,2,2
Кигинский муниципальный район,0,0,0,0,0,0,0,0,0,1,1,1,1,1,1,2,2,2,2,2,2,2,2,2
Кизильский муниципальный район,0,0,0,0,0,0,0,0,0,1,1,1,1,1,1,1,1,1,1,2,2,2,2,2
Киквидзенский муниципальный район,0,0,0,0,0,0,0,0,0,0,1,1,1,1,1,1,1,1,1,2,2,2,2,2
Килемарский муниципальный район,0,0,0,0,0,0,0,0,0,1,1,1,1,1,1,1,1,1,1,2,2,2,2,2
Кильмезский муниципальный район,0,0,0,0,0,0,0,0,0,1,1,1,1,1,1,1,1,1,1,2,2,2,2,2
Кимовский муниципальный район,0,0,0,0,0,0,0,0,0,1,1,1,1,1,1,1,1,1,2,2,2,2,2,2
Кингисеппский муниципальный район,3,3,3,3,3,3,3,3,3,4,4,4,4,4,4,4,4,4,4,4,4,4,4,4
Кинель-Черкасский муниципальный район,0,0,0,0,0,0,0,0,0,1,1,1,1,1,1,1,1,1,1,2,2,2,2,2
Кинельский муниципальный район,0,0,0,0,0,0,0,0,0,1,1,1,1,1,1,1,1,1,1,2,2,2,2,2
Кинешемский муниципальный район,0,0,0,0,0,0,0,0,0,1,1,1,1,1,1,1,1,1,1,2,2,2,2,2
Киреевский муниципальный район,0,0,0,0,0,0,0,0,0,1,1,1,1,1,1,1,1,1,2,2,2,2,2,2
Киренский муниципальный район,4,4,4,0,0,0,4,4,6,6,6,6,6,6,6,6,2,2,2,2,2,2,2,2
Киржачский муниципальный район,0,0,0,0,0,6,6,6,6,6,6,6,6,6,6,7,7,7,7,7,7,7,7,7
Кирилловский муниципальный округ,0,0,0,0,0,0,0,0,0,1,1,1,1,1,1,1,1,1,1,2,2,2,2,2
Киришский муниципальный район,3,3,3,3,3,3,3,3,6,6,6,6,6,6,6,6,7,7,7,7,4,4,4,4
Кирово-Чепецкий муниципальный район,0,0,0,0,0,0,0,0,0,6,6,6,6,6,6,6,7,7,7,2,2,2,2,2
Кировский муниципальный округ,0,0,0,0,0,0,0,0,0,1,1,1,1,1,1,2,2,2,2,2,2,2,2,2
Кичменгско-Городецкий муниципальный округ,0,0,0,0,0,0,0,0,0,1,1,1,1,1,1,2,2,2,2,2,2,2,2,2
Клепиковский муниципальный район,0,0,0,0,0,0,0,0,0,1,1,1,1,1,1,1,1,1,1,2,2,2,2,2
Клетский муниципальный район,0,0,0,0,0,0,0,0,0,0,1,1,1,1,1,1,1,1,2,2,2,2,2,2
Ключевский муниципальный район,0,0,0,0,0,0,0,0,0,1,1,1,1,1,1,2,2,2,2,2,2,2,2,2
Клявлинский муниципальный район,0,0,0,0,0,0,0,0,0,0,1,1,1,1,1,1,1,1,1,2,2,2,2,2
Княгининский муниципальный округ,0,0,0,0,0,0,0,0,0,1,6,6,1,1,1,1,1,1,1,2,2,2,2,2
Княжпогостский муниципальный район,0,0,0,0,0,0,0,0,6,6,6,6,6,6,6,6,2,2,2,2,2,2,2,2
Кобяйский муниципальный район,4,4,4,4,4,4,4,4,4,4,4,4,4,4,4,4,4,4,4,4,4,4,4,4
Ковдорский муниципальный округ,3,3,3,3,3,3,4,4,4,4,4,4,4,4,4,4,4,4,4,4,4,4,4,4
Ковернинский муниципальный округ,0,0,0,0,0,0,0,0,0,1,1,1,1,1,1,1,1,1,1,2,2,2,2,2
Ковылкинский муниципальный район,0,0,0,0,0,0,0,0,0,1,1,1,1,1,1,1,1,1,2,2,2,2,2,2
Кожевниковский муниципальный район,0,0,0,0,0,0,0,0,0,1,1,1,1,1,1,1,1,1,1,2,2,2,2,2
Козельский муниципальный район,0,0,0,0,0,0,0,0,0,6,6,6,6,6,6,6,1,1,2,2,2,2,2,2
Козловский муниципальный округ,0,0,0,0,0,0,0,0,0,1,1,1,1,1,1,1,1,1,1,2,2,2,2,2
Козульский муниципальный район,0,0,0,0,0,0,0,0,0,0,1,1,1,1,1,1,1,1,1,2,2,2,2,2
Койгородский муниципальный район,0,0,0,0,0,0,0,0,0,1,1,1,1,1,1,1,1,1,1,2,2,2,2,2
Кологривский муниципальный округ,0,0,0,0,0,0,0,0,0,0,1,1,1,1,1,1,1,1,2,2,2,2,2,2
Колосовский муниципальный район,0,0,0,0,0,0,0,0,0,1,1,1,1,1,1,1,1,1,1,2,2,2,2,2
Колпашевский муниципальный район,0,0,0,0,0,0,0,0,0,6,6,6,6,6,6,6,2,2,2,2,2,2,2,2
Колпнянский муниципальный район,0,0,0,0,0,0,0,0,0,1,1,1,1,1,1,1,1,1,1,2,2,2,2,2
Колыванский муниципальный район,0,0,0,0,0,0,0,0,0,1,1,1,1,1,1,1,1,1,2,2,2,2,2,2
Колышлейский муниципальный район,0,0,0,0,0,0,0,0,0,0,1,1,1,1,1,1,1,1,1,2,2,2,2,2
Кольский муниципальный район,3,3,3,3,3,3,3,3,6,6,6,6,6,6,6,6,7,7,7,7,7,7,7,7
Кольчугинский муниципальный район,0,0,0,0,0,0,0,6,6,6,6,6,6,6,6,7,7,7,7,7,7,7,7,7
Комсомольский муниципальный округ,0,0,0,0,0,0,0,0,0,1,1,1,1,1,1,1,1,2,2,2,2,2,2,2
Кондинский муниципальный район,3,3,3,3,3,6,6,6,6,6,6,6,6,6,6,7,7,7,7,7,7,7,7,7
Кондопожский муниципальный район,3,3,3,3,3,3,3,3,3,6,6,6,6,6,6,6,7,7,7,7,7,7,7,2
Коношский муниципальный район,0,0,0,0,0,0,0,0,0,6,6,6,6,6,6,6,7,7,7,2,2,2,2,2
Константиновский муниципальный район,4,4,4,4,4,4,4,4,4,4,4,4,6,6,6,6,2,2,2,2,2,2,2,2
Кораблинский муниципальный район,0,0,0,0,0,0,0,0,0,0,1,1,1,1,1,1,1,1,2,2,2,2,2,2
Коркинский муниципальный округ,0,0,0,0,0,0,0,0,0,6,6,6,6,6,6,6,2,2,2,2,2,2,2,2
Кормиловский муниципальный район,0,0,0,0,0,0,0,0,0,1,1,1,1,1,1,1,1,1,1,2,2,2,2,2
Корткеросский муниципальный район,0,0,0,0,0,0,0,0,0,1,1,1,1,1,1,1,1,1,2,2,2,2,2,2
Косихинский муниципальный район,0,0,0,0,0,0,0,0,0,1,1,1,1,1,1,1,1,2,2,2,2,2,2,2
Костромской муниципальный район,0,0,0,0,0,3,3,6,6,6,6,6,6,6,6,7,7,7,7,7,7,7,7,7
Котельниковский муниципальный район,0,0,0,0,0,0,0,0,0,1,1,1,1,1,1,1,1,1,1,2,2,2,2,2
Котельничский муниципальный район,0,0,0,0,0,0,0,0,0,1,1,1,1,1,1,1,1,1,1,2,2,2,2,2
Котласский муниципальный округ,0,0,0,0,0,0,0,0,0,6,1,6,6,6,6,1,2,2,2,2,2,2,2,2
Котовский муниципальный район,0,0,0,0,0,0,0,0,0,1,1,1,1,1,1,2,1,1,2,2,2,2,2,2
Коченевский муниципальный район,0,0,0,0,0,0,0,0,6,6,6,6,6,6,6,6,1,2,2,2,2,2,2,2
Кочковский муниципальный район,0,0,0,0,0,0,0,0,0,0,1,1,1,1,1,1,1,1,1,2,2,2,2,2
Кочубеевский муниципальный округ,0,0,0,0,0,0,0,0,0,1,1,1,1,1,1,1,1,1,1,2,2,2,2,2
Кош-Агачский муниципальный район,0,0,0,0,0,0,4,4,4,4,4,4,4,4,4,2,2,2,2,2,2,2,2,2
Кошехабльский муниципальный район,0,0,0,0,0,0,0,0,0,1,1,1,1,1,1,2,2,2,2,2,2,2,2,2
Кошкинский муниципальный район,0,0,0,0,0,0,0,0,0,1,1,1,1,1,1,1,1,1,1,2,2,2,2,2
Крапивинский муниципальный округ,0,0,0,0,0,0,0,0,0,1,1,1,1,1,1,1,1,1,1,2,2,2,2,2
Краснобаковский муниципальный округ,0,0,0,0,0,0,0,0,0,1,1,1,1,1,1,1,1,1,1,2,2,2,2,2
Красноборский муниципальный округ,0,0,0,0,0,0,0,0,0,1,1,1,1,1,1,1,1,1,1,2,2,2,2,2
Красногвардейский муниципальный округ,0,0,0,0,0,0,0,0,0,1,1,1,1,1,1,1,1,1,1,2,2,2,2,2
Красногорский муниципальный район,0,0,0,0,0,0,0,0,0,1,1,1,1,1,1,1,1,1,1,2,2,2,2,2
Краснозерский муниципальный район,0,0,0,0,0,0,0,0,0,0,1,1,1,1,1,1,1,1,1,2,2,2,2,2
Краснозоренский муниципальный район,0,0,0,0,0,0,0,0,0,0,1,1,1,1,1,1,1,1,2,2,2,2,2,2
Краснокамский муниципальный район,0,0,0,0,0,0,0,0,0,1,1,1,1,1,1,2,2,2,2,2,2,2,2,2
Краснокутский муниципальный район,0,0,0,0,0,0,0,0,0,1,1,1,1,1,1,1,1,1,2,2,2,2,2,2
Краснооктябрьский муниципальный округ,0,0,0,0,0,0,0,0,0,0,1,1,1,1,1,1,1,1,1,2,2,2,2,2
Краснопартизанский муниципальный район,0,0,0,0,0,0,0,0,0,1,1,1,1,1,1,1,1,1,2,2,2,2,2,2
Красносельский муниципальный район,0,0,0,0,0,0,0,0,0,1,1,6,6,1,6,6,2,2,2,2,2,2,2,2
Краснослободский муниципальный район,0,0,0,0,0,0,0,0,0,1,1,1,1,1,1,1,1,1,2,2,2,2,2,2
Краснотуранский муниципальный район,0,0,0,0,0,0,0,0,0,0,1,1,1,1,1,1,1,1,1,2,2,2,2,2
Красночетайский муниципальный округ,0,0,0,0,0,0,0,0,0,1,1,1,1,1,1,2,2,2,2,2,2,2,2,2
Красночикойский муниципальный район,0,0,0,0,0,0,4,4,4,1,6,4,4,4,4,4,2,2,2,2,2,2,2,2
Краснощёковский муниципальный район,0,0,0,0,0,0,0,0,0,1,1,1,1,1,1,1,1,1,1,2,2,2,2,2
Кривошеинский муниципальный район,0,0,0,0,0,0,0,0,0,0,1,1,1,1,1,1,1,1,1,2,2,2,2,2
Кромской муниципальный район,0,0,0,0,0,0,0,0,6,6,6,6,6,6,6,6,1,1,1,2,2,2,2,2
Крутинский муниципальный район,0,0,0,0,0,0,0,0,0,0,1,1,1,1,1,1,1,1,1,2,2,2,2,2
Крутихинский муниципальный район,0,0,0,0,0,0,0,0,0,1,1,1,1,1,1,1,1,1,1,2,2,2,2,2
Кстовский муниципальный округ,3,3,3,3,3,3,3,3,3,3,3,3,3,3,3,3,3,7,7,7,7,7,7,7
Кугарчинский муниципальный район,0,0,0,0,0,0,0,0,0,1,1,1,1,1,1,1,1,1,1,2,2,2,2,2
Куженерский муниципальный район,0,0,0,0,0,0,0,0,0,1,1,1,1,1,1,1,1,1,2,2,2,2,2,2
Кузоватовский муниципальный район,0,0,0,0,0,0,0,0,0,1,1,1,1,1,1,1,1,1,1,2,2,2,2,2
Куйтунский муниципальный район,0,0,0,0,0,0,0,0,0,0,1,1,1,1,1,1,1,1,1,2,2,2,2,2
Кукморский муниципальный район,0,0,0,0,0,0,0,0,0,1,1,1,1,1,1,2,2,2,2,2,2,2,2,2
Кулундинский муниципальный район,0,0,0,0,0,0,0,0,0,0,1,1,1,1,1,1,1,1,1,2,2,2,2,2
Куменский муниципальный район,0,0,0,0,0,0,0,0,0,0,1,1,1,1,1,1,1,1,2,2,2,2,2,2
Кумылженский муниципальный район,0,0,0,0,0,0,0,0,0,1,1,1,1,1,1,1,1,1,1,2,2,2,2,2
Кунашакский муниципальный район,0,0,0,0,0,0,0,0,0,1,1,1,1,1,1,1,1,1,1,2,2,2,2,2
Купинский муниципальный район,0,0,0,0,0,0,0,0,0,1,1,1,1,1,1,1,1,1,1,2,2,2,2,2
Курагинский муниципальный район,0,0,0,0,0,0,0,0,0,0,1,1,1,1,1,1,1,1,1,2,2,2,2,2
Куркинский муниципальный район,0,0,0,0,0,0,0,0,0,0,1,1,1,1,1,1,1,1,1,2,2,2,2,2
Курманаевский муниципальный район,0,0,0,0,0,0,0,0,0,1,1,1,1,1,1,1,1,1,1,2,2,2,2,2
Курский муниципальный округ,0,0,0,0,0,0,0,0,9,9,9,9,9,9,9,9,9,9,9,9,9,9,9,9
Куртамышский муниципальный округ,0,0,0,0,0,0,0,0,0,1,1,1,1,1,1,1,1,1,1,2,2,2,2,2
Курьинский муниципальный район,0,0,0,0,0,0,0,0,0,1,1,1,1,1,1,1,1,1,1,2,2,2,2,2
Кусинский муниципальный район,0,0,0,0,0,0,0,0,0,1,1,1,1,1,1,1,1,1,1,2,2,2,2,2
Кушнаренковский муниципальный район,0,0,0,0,0,0,0,0,0,1,1,1,1,1,1,2,2,2,2,2,2,2,2,2
Кызылский муниципальный район,0,0,0,0,0,0,4,4,4,4,4,4,4,4,4,4,4,4,4,4,4,4,4,4
Кыринский муниципальный район,4,4,4,4,4,4,4,4,4,4,4,4,4,4,4,4,2,2,2,2,2,2,2,2
Кытмановский муниципальный район,0,0,0,0,0,0,0,0,0,1,1,1,1,1,1,1,1,1,1,2,2,2,2,2
Кыштовский муниципальный район,0,0,0,0,0,0,0,0,0,0,1,1,1,1,1,1,1,1,1,2,2,2,2,2
Лаганский муниципальный район,0,0,0,0,0,0,0,0,0,0,1,1,1,1,1,1,1,1,1,2,2,2,2,2
Лазовский муниципальный округ,4,4,4,4,4,4,4,4,4,4,4,4,4,4,4,4,2,2,2,2,2,2,2,2
Лаишевский муниципальный район,3,3,3,3,3,3,3,3,3,3,3,3,3,3,3,3,3,7,7,7,7,7,7,7
Лахденпохский муниципальный район,3,3,3,3,3,6,6,6,6,6,6,6,6,6,6,6,2,2,2,2,2,2,2,2
Лебедянский муниципальный район,0,0,0,0,0,0,0,0,0,6,6,6,6,6,6,6,1,1,1,2,2,2,2,2
Лебяжьевский муниципальный округ,0,0,0,0,0,0,0,0,0,0,1,1,1,1,1,1,1,1,2,2,2,2,2,2
Лев-Толстовский муниципальный район,0,0,0,0,0,0,0,0,0,1,1,1,1,1,1,1,1,1,1,2,2,2,2,2
Левокумский муниципальный округ,0,0,0,0,0,0,0,0,0,1,1,1,1,1,1,1,1,1,1,2,2,2,2,2
Лежневский муниципальный район,0,0,0,0,0,0,0,0,0,1,1,1,1,1,1,1,1,1,2,2,2,2,2,2
Лениногорский муниципальный район,0,0,0,3,3,3,3,3,3,3,3,3,3,3,3,3,3,7,7,7,7,7,7,7
Лиманский муниципальный район,0,0,0,0,0,0,0,0,0,0,1,1,1,1,1,1,1,1,1,2,2,2,2,2
Ловозерский муниципальный район,3,3,3,3,3,6,6,6,6,6,6,6,6,6,6,6,2,2,2,2,2,2,2,2
Лодейнопольский муниципальный район,3,3,3,3,3,6,6,6,6,6,6,6,6,6,6,7,7,7,7,7,7,7,7,7
Локтевский муниципальный район,0,0,0,0,0,0,0,0,0,1,1,1,1,1,1,1,1,1,2,2,2,2,2,2
Ломоносовский муниципальный район,3,3,3,3,3,3,3,3,3,3,3,3,3,3,3,3,5,5,5,5,5,5,5,5
Лопатинский муниципальный район,0,0,0,0,0,0,0,0,0,1,1,1,1,1,1,1,1,1,2,2,2,2,2,2
Лоухский муниципальный район,3,3,3,3,3,6,6,6,6,6,6,6,6,6,6,6,2,2,2,2,2,2,2,2
Лужский муниципальный район,3,3,3,3,3,3,3,3,3,3,3,3,3,3,3,3,3,5,5,5,5,5,5,5
Лукояновский муниципальный округ,0,0,0,0,0,0,0,0,0,0,1,1,1,1,1,1,1,1,1,2,2,2,2,2
Лунинский муниципальный район,0,0,0,0,0,0,0,0,0,0,1,1,1,1,1,1,1,1,2,2,2,2,2,2
Лухский муниципальный район,0,0,0,0,0,0,0,0,0,0,1,1,1,1,1,1,1,1,1,2,2,2,2,2
Лысковский муниципальный округ,0,0,0,0,0,0,0,0,0,6,6,6,6,6,6,6,1,1,2,2,2,2,2,2
Лысогорский муниципальный район,0,0,0,0,0,0,0,0,0,0,1,1,1,1,1,1,1,1,2,2,2,2,2,2
Любимский муниципальный район,0,0,0,0,0,0,0,0,0,1,1,1,1,1,1,1,1,1,1,2,2,2,2,2
Любинский муниципальный район,0,0,0,0,0,0,0,0,0,1,1,1,1,1,1,2,2,2,2,2,2,2,2,2
Любытинский муниципальный район,0,0,0,0,0,0,0,0,0,1,1,1,1,1,1,1,1,1,1,2,2,2,2,2
Людиновский муниципальный район,0,0,0,0,0,0,0,0,6,6,6,6,6,6,6,6,7,7,7,7,2,2,2,2
Лямбирский муниципальный район,0,0,0,0,0,0,0,0,0,1,6,6,6,6,6,7,7,2,2,2,2,2,2,2
Магдагачинский муниципальный район,4,4,4,4,4,4,4,4,4,4,4,4,4,6,6,7,7,7,7,2,2,2,2,2
Мазановский муниципальный район,4,4,4,4,4,4,4,4,4,4,4,4,4,4,4,4,2,2,2,2,2,2,2,2
Майкопский муниципальный район,0,0,0,0,0,0,0,0,0,6,6,6,6,6,6,6,7,7,7,7,7,7,7,7
Майминский муниципальный район,0,0,0,0,3,3,3,3,3,3,3,3,3,3,3,3,7,7,7,7,7,7,7,7
Майнский муниципальный район,0,0,0,0,0,0,0,0,0,1,1,1,1,1,1,1,1,1,1,2,2,2,2,2
Майский муниципальный район,0,0,0,0,0,0,0,0,0,0,1,1,1,1,1,1,1,1,1,2,2,2,2,2
Макарьевский муниципальный район,0,0,0,0,0,0,0,0,0,0,1,1,1,1,1,1,1,1,2,2,2,2,2,2
Малмыжский муниципальный район,0,0,0,0,0,0,0,0,0,0,1,1,1,1,1,1,1,1,1,2,2,2,2,2
Малоархангельский муниципальный район,0,0,0,0,0,0,0,0,0,0,1,1,1,1,1,1,1,1,2,2,2,2,2,2
Маловишерский муниципальный район,0,0,0,0,0,0,0,0,0,1,1,1,1,1,1,1,1,1,2,2,2,2,2,2
Малодербетовский муниципальный район,0,0,0,0,0,0,0,0,9,9,1,1,1,1,1,1,1,1,1,2,2,2,2,2
Малосердобинский муниципальный район,0,0,0,0,0,0,0,0,0,0,1,1,1,1,1,1,1,1,2,2,2,2,2,2
Малоярославецкий муниципальный район,0,0,0,0,0,0,0,6,6,6,6,6,6,6,6,7,7,7,7,7,7,7,7,7
Мамадышский муниципальный район,0,0,0,0,0,0,0,0,0,1,1,1,1,1,1,2,2,2,2,2,2,2,2,2
Мамонтовский муниципальный район,0,0,0,0,0,0,0,0,0,1,1,1,1,1,1,1,1,1,1,2,2,2,2,2
Манский муниципальный район,0,0,0,0,0,0,0,0,0,0,1,1,1,1,1,1,1,1,1,2,2,2,2,2
Мантуровский муниципальный округ,0,0,0,0,0,0,0,0,0,0,1,1,1,1,1,1,1,1,1,2,2,2,2,2
Мари-Турекский муниципальный район,0,0,0,0,0,0,0,0,0,1,1,1,1,1,1,1,1,1,1,2,2,2,2,2
Мариинский муниципальный округ,0,0,0,0,0,0,0,0,0,6,1,1,1,1,1,1,1,2,2,2,2,2,2,2
Мариинско-Посадский муниципальный округ,0,0,0,0,0,0,0,0,0,1,1,1,1,1,1,1,1,2,2,2,2,2,2,2
Марксовский муниципальный район,0,0,0,0,0,0,0,0,0,1,6,6,6,6,6,2,2,1,2,2,2,2,2,2
Марьяновский муниципальный район,0,0,0,0,0,0,0,0,0,1,1,1,1,1,1,1,1,1,1,2,2,2,2,2
Маслянинский муниципальный район,0,0,0,0,0,0,0,0,0,6,1,1,1,1,1,1,1,1,2,2,2,2,2,2
Матвеевский муниципальный район,0,0,0,0,0,0,0,0,0,1,1,1,1,1,1,1,2,1,1,2,2,2,2,2
Мегино-Кангаласский муниципальный район,4,4,4,4,4,4,4,4,4,4,4,4,4,4,4,4,4,4,4,4,4,4,4,4
Медведевский муниципальный район,3,3,3,3,3,3,3,3,3,3,3,3,3,3,3,3,3,7,7,7,7,7,7,7
Медвежьегорский муниципальный район,3,3,0,3,3,0,0,0,6,6,6,6,6,6,6,6,2,2,2,2,2,2,2,2
Медынский муниципальный район,0,0,0,0,0,0,0,0,0,1,1,1,1,1,1,1,1,1,1,2,2,2,2,2
Междуреченский муниципальный округ,0,0,0,0,0,0,0,0,0,0,1,1,1,1,1,1,2,2,2,2,2,2,2,2
Межевской муниципальный округ,0,0,0,0,0,0,0,0,0,1,1,1,1,1,1,1,1,1,1,2,2,2,2,2
Мезенский муниципальный округ,4,4,4,4,4,4,4,4,4,4,4,4,4,6,6,1,1,1,2,2,2,2,2,2
Меленковский муниципальный район,0,0,0,0,0,0,0,0,0,1,1,1,1,1,1,1,1,1,1,2,2,2,2,2
Мелеузовский муниципальный район,0,0,0,3,3,3,3,3,3,3,3,3,3,3,3,3,3,7,7,7,7,7,7,7
Менделеевский муниципальный район,0,0,0,0,0,0,0,0,0,1,1,1,6,1,1,2,2,2,2,2,2,2,2,2
Мензелинский муниципальный район,0,0,0,0,0,0,0,0,0,1,1,1,6,1,1,2,2,2,2,2,2,2,2,2
Мечетлинский муниципальный район,0,0,0,0,0,0,0,0,0,1,1,1,1,1,1,2,2,2,2,2,2,2,2,2
Мещовский муниципальный район,0,0,0,0,0,0,0,0,0,0,1,1,1,1,1,1,1,1,2,2,2,2,2,2
Милославский муниципальный район,0,0,0,0,0,0,0,0,0,0,1,1,1,1,1,1,1,1,1,2,2,2,2,2
Мильковский муниципальный округ,4,4,4,4,4,4,4,4,4,4,4,4,4,4,4,4,4,4,4,4,4,4,4,4
Минераловодский муниципальный округ,3,3,3,3,3,3,3,3,3,3,3,3,3,3,3,3,7,7,7,7,7,7,7,7
Мирнинский муниципальный район,3,3,3,3,3,3,4,4,4,4,4,4,4,4,4,4,4,4,4,4,4,4,4,4
Мишкинский муниципальный округ,0,0,0,0,0,0,0,0,0,0,1,1,1,1,1,1,1,1,1,2,2,2,2,2
Мишкинский муниципальный район,0,0,0,0,0,0,0,0,0,1,1,1,1,1,1,2,2,2,2,2,2,2,2,2
Миякинский муниципальный район,0,0,0,0,0,0,0,0,0,1,1,1,1,1,1,2,2,2,2,2,2,2,2,2
Могойтуйский муниципальный район,0,0,0,0,0,0,4,4,4,4,4,4,4,4,4,4,2,2,4,4,4,4,4,4
Могочинский муниципальный округ,4,4,4,4,4,4,4,4,4,4,4,4,4,6,6,7,7,7,7,7,7,7,2,2
Моздокский муниципальный район,0,0,0,0,0,0,6,6,6,6,6,6,6,6,6,6,7,7,7,7,7,2,2,2
Мокроусовский муниципальный округ,0,0,0,0,0,0,0,0,0,0,1,1,1,1,1,1,1,1,2,2,2,2,2,2
Мокшанский муниципальный район,0,0,0,0,0,0,0,0,0,1,1,1,1,1,1,1,2,2,2,2,2,2,2,2
Молчановский муниципальный район,0,0,0,0,0,0,0,0,0,1,1,1,1,1,1,1,1,1,1,2,2,2,2,2
Монастырщинский муниципальный район,0,0,0,0,0,0,0,0,0,1,1,1,1,1,1,1,1,1,1,2,2,2,2,2
Моргаушский муниципальный округ,0,0,0,0,0,0,0,0,0,1,1,1,1,1,1,2,2,2,2,2,2,2,2,2
Мордовский муниципальный округ,0,0,0,0,0,0,0,0,0,0,1,1,1,1,1,1,1,1,2,2,2,2,2,2
Моркинский муниципальный район,0,0,0,0,0,0,0,0,0,1,1,1,1,1,1,1,1,1,1,2,2,2,2,2
Мосальский муниципальный район,0,0,0,0,0,0,0,0,0,1,1,1,1,1,1,1,1,1,1,2,2,2,2,2
Москаленский муниципальный район,0,0,0,0,0,0,0,0,0,1,1,1,1,1,1,1,1,1,1,2,2,2,2,2
Мотыгинский муниципальный район,4,4,4,4,4,4,4,4,4,4,4,4,6,6,6,6,2,2,2,2,2,2,2,2
Мошковский муниципальный район,0,0,0,0,0,0,0,0,6,6,6,6,6,6,6,6,7,7,7,7,7,7,7,2
Муезерский муниципальный район,0,0,0,3,3,6,6,6,6,6,6,6,6,6,6,6,2,2,2,2,2,2,2,2
Муромцевский муниципальный район,0,0,0,0,0,0,0,0,0,1,1,1,1,1,1,1,1,1,1,2,2,2,2,2
Муслюмовский муниципальный район,0,0,0,0,0,0,0,0,0,1,1,1,1,1,1,2,2,2,2,2,2,2,2,2
Мучкапский муниципальный округ,0,0,0,0,0,0,0,0,0,1,1,1,1,1,1,1,1,1,1,2,2,2,2,2
Мышкинский муниципальный район,0,0,0,0,0,0,0,0,0,1,1,1,1,1,1,1,1,1,2,2,2,2,2,2
Нагайбакский муниципальный район,0,0,0,0,0,0,0,0,0,1,1,1,1,1,1,1,1,1,1,2,2,2,2,2
Нагорский муниципальный район,4,4,4,4,4,4,4,4,4,1,1,1,1,1,1,1,1,1,1,2,2,2,2,2
Надеждинский муниципальный район,4,4,4,4,4,4,4,4,4,4,4,4,4,4,4,4,7,7,7,4,4,4,7,4
Называевский муниципальный район,0,0,0,0,0,0,0,0,0,1,1,1,1,1,1,1,1,1,1,2,2,2,2,2
Намский муниципальный район,4,4,4,4,4,4,4,4,4,4,4,4,4,4,4,4,4,4,4,4,4,4,4,4
Нанайский муниципальный район,4,4,4,4,4,4,4,4,4,4,4,4,1,1,1,6,2,2,2,2,2,2,2,2
Наримановский муниципальный район,0,0,0,0,0,3,3,3,3,6,6,6,6,6,6,6,7,7,7,7,7,7,7,7
Наровчатский муниципальный район,0,0,0,0,0,0,0,0,0,0,1,1,1,1,1,1,1,1,2,2,2,2,2,2
Неверкинский муниципальный район,0,0,0,0,0,0,0,0,0,0,1,1,1,1,1,1,1,2,2,2,2,2,2,2
Нейский муниципальный округ,0,0,0,0,0,0,0,0,0,0,1,1,1,1,1,1,1,1,1,2,2,2,2,2
Некоузский муниципальный район,0,0,0,0,0,0,0,0,0,1,1,1,1,1,1,1,1,2,2,2,2,2,2,2
Некрасовский муниципальный район,0,0,0,0,0,0,0,0,0,1,1,1,1,1,1,1,1,1,1,2,2,2,2,2
Немецкий национальный муниципальный район,0,0,0,0,0,0,0,0,0,1,1,1,1,1,1,1,1,1,1,2,2,2,2,2
Нерчинский муниципальный район,0,0,0,4,4,4,4,4,4,4,4,4,6,6,6,6,2,2,2,2,2,2,2,2
Нерюнгринский муниципальный район,4,4,4,4,4,4,4,4,4,4,4,4,4,4,4,4,4,4,4,4,4,4,4,4
Нефтегорский муниципальный район,0,0,0,0,0,0,0,0,6,6,6,6,1,1,1,6,1,1,2,2,2,2,2,2
Нефтекумский муниципальный округ,0,0,0,0,0,0,0,0,0,1,1,1,1,1,1,1,1,1,1,2,2,2,2,2
Нефтеюганский муниципальный район,3,3,3,3,3,3,3,3,6,6,6,6,6,6,6,6,7,7,7,7,7,7,7,7
Нехаевский муниципальный район,0,0,0,0,0,0,0,0,0,0,1,1,1,1,1,1,1,1,1,2,2,2,2,2
Нижневартовский муниципальный район,3,3,3,3,3,3,3,3,6,6,6,6,6,6,6,6,7,7,7,7,7,7,7,7
Нижнеилимский муниципальный район,0,0,0,3,3,6,6,6,6,6,6,6,6,6,6,6,2,2,2,2,2,2,2,2
Нижнеингашский муниципальный район,0,0,0,0,0,0,0,0,0,0,1,1,1,1,1,1,1,1,1,2,2,2,2,2
Нижнекамский муниципальный район,3,3,3,3,3,3,3,3,3,3,3,3,3,3,3,3,3,7,7,7,7,7,7,7
Нижнеколымский муниципальный район,4,4,4,4,4,4,4,4,4,4,4,4,4,4,4,4,4,4,4,4,4,4,4,4
Нижнеломовский муниципальный район,0,0,0,0,0,0,0,0,0,0,1,1,1,1,1,1,1,1,1,2,2,2,2,2
Нижнеомский муниципальный район,0,0,0,0,0,0,0,0,0,1,1,1,1,1,1,1,1,1,1,2,2,2,2,2
Нижнесергинский муниципальный район,0,0,0,0,0,0,0,0,0,1,1,1,1,1,1,1,1,1,1,2,2,2,2,2
Нижнетавдинский муниципальный район,0,0,0,0,0,0,0,0,0,1,1,1,1,1,1,1,1,1,1,2,2,2,2,2
Нижнеудинский муниципальный район,0,0,0,0,0,0,0,0,0,6,6,6,6,6,6,6,1,2,2,2,2,2,2,2
Никифоровский муниципальный округ,0,0,0,0,0,0,0,0,0,1,1,1,1,1,1,1,1,1,2,2,2,2,2,2
Никольский муниципальный округ,0,0,0,0,0,0,0,0,0,0,1,1,1,1,1,1,1,1,2,2,2,2,2,2
Никольский муниципальный район,0,0,0,0,0,0,0,0,0,1,1,1,1,1,1,1,1,1,1,2,2,2,2,2
Новгородский муниципальный район,3,3,3,3,3,3,3,3,3,3,3,3,3,3,3,3,3,7,7,7,7,7,7,7
Новичихинский муниципальный район,0,0,0,0,0,0,0,0,0,1,1,1,1,1,1,1,1,1,1,2,2,2,2,2
Новоалександровский муниципальный округ,0,0,0,0,0,0,0,0,0,1,1,1,1,1,1,1,1,1,1,2,2,2,2,2
Новоаннинский муниципальный район,0,0,0,0,0,0,0,0,0,1,1,1,1,1,1,1,1,1,1,2,2,2,2,2
Новобурасский муниципальный район,0,0,0,0,0,0,0,0,0,0,1,1,1,1,1,1,1,1,2,2,2,2,2,2
Нововаршавский муниципальный район,0,0,0,0,0,0,0,0,0,1,1,1,1,1,1,1,1,1,1,2,2,2,2,2
Новодеревеньковский муниципальный район,0,0,0,0,0,0,0,0,0,0,1,1,1,1,1,1,1,1,1,2,2,2,2,2
Новодугинский муниципальный район,0,0,0,0,0,0,0,0,0,1,1,1,1,1,1,1,1,1,2,2,2,2,2,2
Новониколаевский муниципальный район,0,0,0,0,0,0,0,0,0,1,1,1,1,1,1,1,1,1,1,2,2,2,2,2
Новоорский муниципальный район,0,0,0,0,0,0,0,0,0,0,1,1,1,1,1,1,1,1,2,2,2,2,2,2
Новоселицкий муниципальный округ,0,0,0,0,0,0,0,0,0,1,1,1,1,1,1,1,1,1,1,2,2,2,2,2
Новоселовский муниципальный район,0,0,0,0,0,0,0,0,0,0,1,1,1,1,1,1,1,1,1,2,2,2,2,2
Новосергиевский муниципальный район,0,0,0,0,0,0,0,0,0,1,1,1,1,1,1,1,1,1,1,2,2,2,2,2
Новосибирский муниципальный район,3,3,3,3,3,3,3,3,3,3,3,3,3,3,3,3,3,7,7,7,7,7,7,7
Новосильский муниципальный район,0,0,0,0,0,0,0,0,0,0,1,1,1,1,1,1,1,1,2,2,2,2,2,2
Новосокольнический муниципальный район,0,0,0,0,0,0,0,0,0,0,1,1,1,1,1,1,1,1,1,2,2,2,2,2
Новоспасский муниципальный район,0,0,0,0,0,0,0,0,0,1,1,1,1,1,1,1,1,1,1,2,2,2,2,2
Новоторъяльский муниципальный район,0,0,0,0,0,0,0,0,0,1,1,1,1,1,1,1,1,1,1,2,2,2,2,2
Новоузенский муниципальный район,0,0,0,9,9,9,9,9,9,9,9,9,9,9,9,9,9,9,9,9,9,9,9,9
Новошешминский муниципальный район,0,0,0,0,0,0,0,0,0,1,1,1,1,1,1,1,1,1,2,2,2,2,2,2
Нолинский муниципальный район,0,0,0,0,0,0,0,0,0,1,1,1,1,1,1,1,1,1,2,2,2,2,2,2
Нукутский муниципальный район,0,0,0,0,0,0,0,0,0,0,1,1,1,1,1,1,1,1,1,2,2,2,2,2
Нуримановский муниципальный район,0,0,0,0,0,0,0,0,0,1,1,1,1,1,1,2,2,2,1,2,2,2,2,2
Нурлатский муниципальный район,0,0,0,0,0,0,0,0,0,1,6,6,6,1,1,2,2,2,2,2,2,2,2,2
Нюксенский муниципальный округ,0,0,0,0,0,0,0,0,0,0,1,1,1,1,1,1,1,1,1,2,2,2,2,2
Нюрбинский муниципальный район,4,4,4,4,4,4,4,4,4,4,4,4,4,4,4,4,4,4,4,4,4,4,4,4
Нязепетровский муниципальный район,0,0,0,0,0,0,0,0,0,0,1,1,1,1,1,1,1,1,1,2,2,2,2,2
Няндомский муниципальный округ,0,0,0,0,0,0,0,0,6,6,6,6,6,6,6,6,7,7,7,2,2,2,2,2
Облученский муниципальный район,4,4,4,4,4,4,4,4,4,4,4,4,4,4,4,4,4,4,4,4,4,4,4,4
Одесский муниципальный район,0,0,0,0,0,0,0,0,0,1,1,1,1,1,1,1,1,1,1,2,2,2,2,2
Одоевский муниципальный район,0,0,0,0,0,0,0,0,0,1,6,6,1,1,1,6,2,2,2,2,2,2,2,2
Озинский муниципальный район,0,0,0,0,0,0,0,0,0,1,1,1,1,1,1,1,1,1,1,2,2,2,2,2
Оймяконский муниципальный район,4,4,4,4,4,4,4,4,4,4,4,4,4,4,4,4,4,4,4,4,4,4,4,4
Оконешниковский муниципальный район,0,0,0,0,0,0,0,0,0,1,1,1,1,1,1,1,1,1,1,2,2,2,2,2
Октябрьский муниципальный округ,4,4,4,4,4,4,4,4,4,4,4,4,6,6,6,6,2,2,2,2,2,2,2,2
Окуловский муниципальный район,0,0,0,0,0,0,0,0,0,1,1,1,1,1,1,1,1,1,1,2,2,2,2,2
Олекминский муниципальный район,3,3,3,3,3,4,4,4,4,4,4,4,6,6,4,4,4,4,4,4,4,4,4,4
Оленекский эвенкийский национальный муниципальный район,4,4,4,4,4,4,4,4,4,4,4,4,4,4,4,4,4,4,4,4,4,4,4,4
Оловяннинский муниципальный район,0,0,0,0,0,0,0,0,0,6,4,6,6,6,6,6,2,2,2,2,2,2,2,2
Олонецкий муниципальный район,0,0,0,0,0,0,0,0,6,6,6,6,6,6,6,6,2,2,2,2,2,2,2,2
Ольгинский муниципальный округ,4,4,4,4,4,4,4,4,4,4,4,4,4,4,6,6,2,2,2,2,2,2,2,2
Ольховский муниципальный район,0,0,0,0,0,0,0,0,0,1,1,1,1,1,1,1,1,1,1,2,2,2,2,2
Ольхонский муниципальный район,0,0,0,0,0,0,0,0,0,4,4,4,4,4,4,2,2,2,2,2,2,2,2,2
Олюторский муниципальный район,4,4,4,4,4,4,4,4,4,4,4,4,4,4,4,4,4,4,4,4,4,4,4,4
Омский муниципальный район,0,0,0,3,3,3,3,3,3,3,6,6,6,6,6,6,7,7,7,7,7,7,7,7
Омутинский муниципальный район,0,0,0,0,0,0,0,0,0,0,1,1,1,1,1,1,1,1,1,2,2,2,2,2
Омутнинский муниципальный район,0,0,0,0,0,0,0,0,0,1,1,1,1,1,1,1,1,2,2,2,2,2,2,2
Онгудайский муниципальный район,0,0,0,0,0,0,0,0,4,4,4,4,4,4,4,2,2,2,2,2,2,2,2,2
Онежский муниципальный район,0,0,0,0,0,0,0,0,6,6,6,6,6,6,6,6,2,2,2,2,2,2,2,2
Ононский муниципальный округ,0,0,0,0,4,4,4,4,4,4,4,4,4,4,4,4,2,2,2,2,2,2,2,2
Орджоникидзевский муниципальный район,0,0,0,0,0,0,0,0,0,0,1,1,1,1,1,1,1,1,1,2,2,2,2,2
Ордынский муниципальный район,0,0,0,0,0,0,0,0,0,6,1,1,1,1,1,1,1,1,1,2,2,2,2,2
Оричевский муниципальный район,0,0,0,0,0,0,0,0,0,1,1,1,1,1,1,1,1,1,1,2,2,2,2,2
Орловский муниципальный район,0,0,0,0,0,0,0,0,0,1,1,1,1,1,1,1,1,1,1,2,2,2,2,2
Оршанский муниципальный район,0,0,0,0,0,0,0,0,0,1,1,1,1,1,1,1,1,1,1,2,2,2,2,2
Осинский муниципальный район,0,0,0,0,0,0,0,0,0,1,1,1,1,1,1,2,2,2,2,2,2,2,2,2
Островский муниципальный округ,0,0,0,0,0,0,0,0,0,0,1,1,1,1,1,1,1,1,2,2,2,2,2,2
Островский муниципальный район,0,0,0,0,0,0,0,0,6,6,6,6,6,6,6,6,7,7,7,2,2,2,2,2
Охотский муниципальный округ,4,4,4,4,4,4,4,4,4,4,4,4,4,4,4,4,4,4,4,4,4,4,4,4
Павинский муниципальный округ,0,0,0,0,0,0,0,0,0,1,1,1,1,1,1,1,1,1,2,2,2,2,2,2
Павловский муниципальный округ,0,0,0,0,0,0,0,6,6,6,6,6,6,6,6,7,7,7,7,7,7,7,7,7
Павлоградский муниципальный район,0,0,0,0,0,0,0,0,0,1,1,1,1,1,1,1,1,1,1,2,2,2,2,2
Палехский муниципальный район,0,0,0,0,0,0,0,0,0,0,1,1,1,1,1,1,1,1,1,2,2,2,2,2
Палласовский муниципальный район,0,0,0,0,0,0,0,0,0,1,1,1,1,1,1,1,1,1,1,2,2,2,2,2
Панкрушихинский муниципальный район,0,0,0,0,0,0,0,0,0,1,1,1,1,1,1,1,1,1,1,2,2,2,2,2
Парабельский муниципальный район,0,0,0,0,0,0,0,0,6,6,6,6,6,6,6,6,2,2,2,2,2,2,2,2
Параньгинский муниципальный район,0,0,0,0,0,0,0,0,0,1,1,1,1,1,1,1,1,1,2,2,2,2,2,2
Партизанский муниципальный округ,4,4,4,4,4,4,4,4,4,4,4,4,6,6,6,6,2,2,2,2,2,2,2,2
Партизанский муниципальный район,0,0,0,0,0,0,0,0,0,0,1,1,1,1,1,1,1,1,1,2,2,2,2,2
Парфеньевский муниципальный округ,0,0,0,0,0,0,0,0,0,0,1,1,1,1,1,1,1,1,2,2,2,2,2,2
Парфинский муниципальный район,0,0,0,0,0,0,0,0,0,1,1,1,1,1,1,1,1,1,1,2,2,2,2,2
Пачелмский муниципальный район,0,0,0,0,0,0,0,0,0,0,1,1,1,1,1,1,1,1,1,2,2,2,2,2
Пензенский муниципальный район,3,3,3,3,3,3,3,3,3,3,3,3,3,3,3,3,3,7,7,7,7,7,7,7
Первомайский муниципальный округ,0,0,0,0,0,0,0,0,0,1,1,1,1,1,1,1,1,1,1,2,2,2,2,2
Переволоцкий муниципальный район,0,0,0,0,0,0,0,0,0,1,1,1,1,1,1,1,1,1,2,2,2,2,2,2
Перелюбский муниципальный район,0,0,0,0,0,0,0,0,0,0,1,1,1,1,1,1,1,1,2,2,2,2,2,2
Пестравский муниципальный район,0,0,0,0,0,0,0,0,0,1,1,1,1,1,1,1,1,1,1,2,2,2,2,2
Пестречинский муниципальный район,0,3,3,3,3,3,3,3,3,3,6,6,6,6,6,6,7,7,7,7,7,7,7,7
Пестяковский муниципальный район,0,0,0,0,0,0,0,0,0,1,1,1,1,1,1,1,1,1,1,2,2,2,2,2
Петровск-Забайкальский муниципальный район,0,0,0,0,0,0,0,0,0,6,1,1,1,1,1,1,2,2,2,2,2,2,2,2
Петровский муниципальный район,0,0,0,0,0,0,0,0,0,1,1,1,1,1,1,2,2,1,1,2,2,2,2,2
Петропавловский муниципальный район,0,0,0,0,0,0,0,0,0,1,1,1,1,1,1,1,1,1,1,2,2,2,2,2
Петуховский муниципальный округ,0,0,0,0,0,0,0,0,0,0,1,1,1,1,1,1,1,1,1,2,2,2,2,2
Петушинский муниципальный район,3,3,3,3,3,6,6,6,6,6,6,6,6,6,6,7,7,7,7,7,7,7,7,7
Печенгский муниципальный округ,3,3,3,3,3,3,4,4,4,4,4,4,4,4,4,4,4,4,4,4,4,4,4,4
Пий-Хемский муниципальный район,0,0,0,0,0,0,0,0,0,1,1,1,1,1,1,1,1,1,2,2,2,2,2,2
Пильнинский муниципальный округ,0,0,0,0,0,0,0,0,0,0,1,1,1,1,1,1,1,1,1,2,2,2,2,2
Пировский муниципальный округ,0,0,0,0,0,0,0,0,0,0,1,1,1,1,1,1,1,1,1,2,2,2,2,2
Пителинский муниципальный район,0,0,0,0,0,0,0,0,0,0,1,1,1,1,1,1,1,1,2,2,2,2,2,2
Питерский муниципальный район,0,0,0,0,0,0,0,0,0,0,1,1,1,1,1,1,1,1,1,2,2,2,2,2
Питкярантский муниципальный округ,3,3,0,3,3,6,6,6,6,6,6,6,6,6,6,6,7,7,7,2,2,2,2,2
Пичаевский муниципальный округ,0,0,0,0,0,0,0,0,0,0,1,1,1,1,1,1,1,1,1,2,2,2,2,2
Плавский муниципальный район,0,0,0,0,0,0,0,0,6,6,6,6,6,6,1,1,2,2,2,2,2,2,2,2
Пластовский муниципальный район,0,0,0,0,0,0,0,0,0,6,6,1,1,1,6,6,1,1,2,2,2,2,2,2
Плесецкий муниципальный округ,0,0,0,0,0,0,0,0,6,6,6,6,6,6,6,6,7,7,7,2,2,2,2,2
Плюсский муниципальный район,0,0,0,0,0,0,0,0,0,0,1,1,1,1,1,1,1,1,1,2,2,2,2,2
Пограничный муниципальный округ,4,4,4,4,4,4,4,4,4,4,4,4,6,6,6,6,7,7,7,2,2,2,2,2
Поддорский муниципальный район,0,0,0,0,0,0,0,0,0,0,1,1,1,1,1,1,1,1,1,2,2,2,2,2
Подосиновский муниципальный район,0,0,0,0,0,0,0,0,0,1,1,1,1,1,1,1,1,1,1,2,2,2,2,2
Подпорожский муниципальный район,0,0,0,0,0,0,6,6,6,6,6,6,6,6,6,7,7,7,7,7,7,7,7,7
Пожарский муниципальный округ,4,4,4,4,4,4,4,4,4,4,4,4,4,4,4,4,2,2,2,2,2,2,2,2
Покровский муниципальный район,0,0,0,0,0,0,0,0,0,1,1,1,1,1,1,1,1,1,1,2,2,2,2,2
Половинский муниципальный округ,0,0,0,0,0,0,0,0,0,0,1,1,1,1,1,1,1,1,1,2,2,2,2,2
Полтавский муниципальный район,0,0,0,0,0,0,0,0,0,1,1,1,1,1,1,1,1,1,1,2,2,2,2,2
Поназыревский муниципальный округ,0,0,0,0,0,0,0,0,0,1,1,1,1,1,1,1,1,1,1,2,2,2,2,2
Пономарёвский муниципальный район,0,0,0,0,0,0,0,0,0,0,1,1,1,1,1,1,1,1,1,2,2,2,2,2
Порецкий муниципальный округ,0,0,0,0,0,0,0,0,0,1,1,1,1,1,1,1,1,1,1,2,2,2,2,2
Порховский муниципальный район,0,0,0,0,0,0,0,0,0,1,1,1,1,1,1,1,1,1,1,2,2,2,2,2
Поспелихинский муниципальный район,0,0,0,0,0,0,0,0,0,1,1,1,1,1,1,1,1,1,1,2,2,2,2,2
Похвистневский муниципальный район,0,0,0,0,0,0,0,0,0,0,1,1,1,1,1,1,1,1,1,2,2,2,2,2
Починковский муниципальный округ,0,0,0,0,0,0,0,0,0,1,1,1,1,1,1,1,1,1,1,2,2,2,2,2
Починковский муниципальный район,0,0,0,0,0,0,0,0,0,1,1,1,1,1,1,1,1,1,1,2,2,2,2,2
Пошехонский муниципальный район,0,0,0,0,0,0,0,0,0,0,1,1,1,1,1,1,1,1,1,2,2,2,2,2
Правобережный муниципальный район,9,9,9,9,9,9,9,9,9,9,9,9,9,9,9,9,9,9,9,9,9,9,9,9
Предгорный муниципальный округ,0,0,0,0,0,0,6,6,6,6,6,6,6,6,6,6,7,7,7,7,7,7,7,7
Приаргунский муниципальный округ,0,0,0,4,4,4,4,4,4,4,4,4,6,6,6,6,2,2,2,2,2,2,2,2
Прилузский муниципальный район,0,0,0,0,0,0,0,0,0,1,1,1,1,1,1,1,1,1,1,2,2,2,2,2
Приморский муниципальный округ,3,3,3,3,3,3,3,3,3,3,3,3,3,3,3,3,7,7,7,7,7,7,7,7
Приозерский муниципальный район,3,3,3,3,3,6,6,6,6,6,6,6,6,6,6,7,7,7,7,7,7,7,7,7
Прионежский муниципальный район,3,3,3,3,3,3,3,3,3,3,3,3,3,3,3,3,5,5,5,7,7,7,7,7
Притобольный муниципальный округ,0,0,0,0,0,0,0,0,0,1,1,1,1,1,1,1,1,1,2,2,2,2,2,2
Прокопьевский муниципальный округ,0,0,0,0,0,0,0,0,0,6,6,6,6,6,6,6,7,7,7,7,7,7,7,7
Промышленновский муниципальный округ,0,0,0,0,0,0,0,0,0,6,1,1,1,1,1,1,1,2,2,2,2,2,2,2
Пронский муниципальный район,0,0,0,0,0,0,0,0,0,1,1,1,1,1,1,2,2,2,2,2,2,2,2,2
Пряжинский муниципальный район,0,0,0,0,0,0,0,0,0,6,1,1,1,1,1,2,2,2,2,2,2,2,2,2
Псковский муниципальный район,3,3,3,3,3,3,3,3,3,3,3,3,3,3,3,3,5,5,5,5,5,5,5,5
Пугачевский муниципальный район,0,0,0,0,0,0,0,0,0,1,1,1,1,1,1,1,1,1,1,2,2,2,2,2
Пудожский муниципальный район,0,0,0,0,0,0,0,0,0,6,6,6,6,6,6,6,2,2,2,2,2,2,2,2
Пустошкинский муниципальный район,0,0,0,0,0,0,0,0,0,0,1,1,1,1,1,1,1,1,2,2,2,2,2,2
Путятинский муниципальный округ,0,0,0,0,0,0,0,0,0,0,1,1,1,1,1,1,1,1,1,2,2,2,2,2
Пучежский муниципальный район,0,0,0,0,0,0,0,0,0,0,1,1,1,1,1,1,1,1,2,2,2,2,2,2
Пушкиногорский муниципальный район,0,0,0,0,0,0,0,0,0,1,1,1,1,1,1,1,1,2,2,2,2,2,2,2
Пыщугский муниципальный округ,0,0,0,0,0,0,0,0,0,1,1,1,1,1,1,1,1,1,1,2,2,2,2,2
Радищевский муниципальный район,0,0,0,0,0,0,0,0,0,0,1,1,1,1,1,1,1,1,2,2,2,2,2,2
Ребрихинский муниципальный район,0,0,0,0,0,0,0,0,0,1,1,1,1,1,1,1,1,1,2,2,2,2,2,2
Ржаксинский муниципальный округ,0,0,0,0,0,0,0,0,0,1,1,1,1,1,1,1,1,1,2,2,2,2,2,2
Ровенский муниципальный район,0,0,0,0,0,0,0,0,0,1,1,1,1,1,1,1,1,1,1,2,2,2,2,2
Родинский муниципальный район,0,0,0,0,0,0,0,0,0,1,1,1,1,1,1,1,1,1,1,2,2,2,2,2
Родниковский муниципальный район,0,0,0,0,0,0,0,0,0,1,1,1,1,1,1,2,2,2,2,2,2,2,2,2
Ромненский муниципальный округ,4,4,4,4,4,4,4,4,4,4,4,4,4,6,6,6,1,1,1,2,2,2,2,2
Ромодановский муниципальный район,0,0,0,0,0,0,0,0,0,0,1,1,1,1,1,1,1,1,1,2,2,2,2,2
Рославльский муниципальный район,0,0,0,0,0,0,0,6,6,6,6,6,6,6,6,6,7,7,7,7,2,2,2,2
Ростовский муниципальный район,0,0,0,0,0,0,0,6,6,6,6,6,6,6,6,6,7,7,7,7,2,2,2,2
Ртищевский муниципальный район,0,0,0,0,0,0,0,0,0,1,1,1,1,1,1,1,1,1,1,2,2,2,2,2
Рузаевский муниципальный район,0,0,0,0,0,0,0,0,6,6,6,6,6,6,6,6,7,7,2,2,2,2,2,2
Русско-Полянский муниципальный район,0,0,0,0,0,0,0,0,0,0,1,1,1,1,1,1,1,1,1,2,2,2,2,2
Рыбновский муниципальный район,0,0,0,0,0,0,0,0,6,6,6,6,6,6,6,6,2,2,2,7,7,7,7,7
Ряжский муниципальный округ,0,0,0,0,0,0,0,0,0,1,1,1,1,1,1,1,1,1,1,2,2,2,2,2
Рязанский муниципальный район,0,0,0,0,0,3,3,6,6,6,6,6,6,6,6,7,7,7,7,7,7,7,7,7
Сабинский муниципальный район,0,0,0,0,0,0,0,0,0,1,1,1,1,1,1,2,2,2,2,2,2,2,2,2
Савинский муниципальный район,0,0,0,0,0,0,0,0,0,0,1,1,1,1,1,1,1,1,1,2,2,2,2,2
Сакмарский муниципальный район,0,0,0,0,0,0,0,0,0,1,1,1,1,1,1,1,1,1,2,2,2,2,2,2
Салаватский муниципальный район,0,0,0,0,0,0,0,0,0,1,1,1,1,1,1,2,2,2,2,2,2,2,2,2
Самойловский муниципальный район,0,0,0,0,0,0,0,0,0,0,1,1,1,1,1,1,1,1,2,2,2,2,2,2
Сампурский муниципальный округ,0,0,0,0,0,0,0,0,0,1,1,1,1,1,1,1,1,1,1,2,2,2,2,2
Сапожковский муниципальный район,0,0,0,0,0,0,0,0,0,0,1,1,1,1,1,1,1,1,1,2,2,2,2,2
Сараевский муниципальный район,0,0,0,0,0,0,0,0,0,0,1,1,1,1,1,1,1,1,1,2,2,2,2,2
Саракташский муниципальный район,0,0,0,0,0,0,0,0,0,1,1,1,1,1,1,2,2,2,2,2,2,2,2,2
Саргатский муниципальный район,0,0,0,0,0,0,0,0,0,1,1,1,1,1,1,2,2,1,1,2,2,2,2,2
Сармановский муниципальный район,0,0,0,0,0,0,0,0,0,1,1,1,1,1,1,2,2,2,2,2,2,2,2,2
Сарпинский муниципальный район,0,0,0,0,0,0,0,0,0,1,1,1,1,1,1,1,1,1,1,2,2,2,2,2
Саткинский муниципальный район,0,0,0,0,0,0,0,6,6,6,6,6,6,6,6,7,7,7,7,7,7,7,7,7
Сафакулевский муниципальный округ,0,0,0,0,0,0,0,0,0,1,1,1,1,1,1,1,1,2,2,2,2,2,2,2
Сафоновский муниципальный район,0,0,0,0,0,0,0,0,6,6,6,6,6,6,6,6,7,7,7,7,2,2,2,2
Саянский муниципальный район,0,0,0,0,0,0,0,0,0,0,1,1,1,1,1,1,1,1,1,2,2,2,2,2
Свердловский муниципальный район,0,0,0,0,0,0,0,0,0,1,1,1,1,1,1,1,1,1,1,2,2,2,2,2
Светлинский муниципальный район,0,0,0,0,0,0,0,0,0,1,1,1,1,1,1,2,2,2,2,2,2,2,2,2
Светлоярский муниципальный район,0,0,0,0,0,0,0,0,0,1,1,1,1,1,1,1,1,1,1,2,2,2,2,2
Свободненский муниципальный район,3,3,3,0,0,0,0,0,6,6,6,6,6,6,6,6,7,7,7,7,7,7,7,7
Себежский муниципальный район,0,0,0,0,0,0,0,0,0,1,1,1,1,1,1,1,1,1,1,2,2,2,2,2
Северо-Енисейский муниципальный район,4,4,4,4,4,4,6,6,6,6,6,6,6,6,6,4,4,4,4,4,4,4,4,4
Сегежский муниципальный округ,3,3,3,3,3,6,6,6,6,6,6,6,6,6,6,6,2,2,2,2,2,2,2,2
Седельниковский муниципальный район,0,0,0,0,0,0,0,0,0,1,1,1,1,1,1,1,1,1,1,2,2,2,2,2
Селемджинский муниципальный район,4,4,4,4,4,4,4,4,4,4,4,4,4,4,4,4,7,7,7,7,4,4,4,4
Селивановский муниципальный район,0,0,0,0,0,0,0,0,0,1,1,1,1,1,1,1,1,1,2,2,2,2,2,2
Сенгилеевский муниципальный район,0,0,0,0,0,0,0,0,0,0,1,1,1,1,1,1,1,1,1,2,2,2,2,2
Серафимовичский муниципальный район,0,0,0,0,0,0,0,0,0,1,1,1,1,1,1,1,1,1,1,2,2,2,2,2
Сергачский муниципальный округ,0,0,0,0,0,0,0,0,0,1,1,1,1,1,1,1,1,1,1,2,2,2,2,2
Сергиевский муниципальный район,0,0,0,0,0,0,0,0,0,1,1,1,1,6,6,2,2,1,1,2,2,2,2,2
Сердобский муниципальный район,0,0,0,0,0,0,0,0,0,1,1,1,1,1,1,1,1,1,1,2,2,2,2,2
Сернурский муниципальный район,0,0,0,0,0,0,0,0,0,1,1,1,1,1,1,2,2,2,2,2,2,2,2,2
Серышевский муниципальный округ,4,4,4,4,4,4,4,4,4,4,4,4,6,6,6,6,2,2,2,2,2,2,2,2
Сеченовский муниципальный округ,0,0,0,0,0,0,0,0,0,0,1,1,1,1,1,1,1,1,2,2,2,2,2,2
Сковородинский муниципальный округ,4,4,4,4,4,4,4,4,4,4,4,4,4,6,6,4,2,2,2,2,2,2,2,2
Сладковский муниципальный район,0,0,0,0,0,0,0,0,0,0,1,1,1,1,1,1,1,1,1,2,2,2,2,2
Сланцевский муниципальный район,3,3,3,3,3,6,6,6,6,6,6,6,6,6,6,6,7,7,7,7,7,7,7,7
Слободо-Туринский муниципальный район,0,0,0,0,0,0,0,0,0,1,1,1,1,1,6,1,1,1,1,2,2,2,2,2
Слободской муниципальный район,0,0,0,0,0,0,0,0,0,1,1,1,1,1,1,2,2,2,2,2,2,2,2,2
Слюдянский муниципальный район,0,0,0,0,0,0,0,0,0,6,6,6,6,6,6,6,7,7,7,7,2,2,2,2
Смидовичский муниципальный район,4,4,4,4,4,4,4,4,4,4,4,4,4,4,4,4,7,7,7,7,7,7,7,7
Собинский муниципальный район,0,0,0,0,0,0,0,0,6,6,6,6,1,1,1,1,1,1,2,2,2,2,2,2
Соболевский муниципальный район,4,4,4,4,4,4,4,4,4,4,4,4,4,4,4,4,4,4,4,4,4,4,4,4
Советский муниципальный округ,0,0,0,0,0,0,0,0,0,1,1,1,1,1,1,1,1,1,1,2,2,2,2,2
Советско-Гаванский муниципальный район,4,4,4,4,4,4,4,4,4,4,4,4,4,4,4,4,4,4,4,4,4,4,4,4
Сокольский муниципальный округ,0,0,0,0,0,0,0,0,6,6,6,6,6,6,6,6,7,2,2,2,2,2,2,2
Солигаличский муниципальный округ,0,0,0,0,0,0,0,0,0,1,1,1,1,1,1,1,1,1,1,2,2,2,2,2
Солнечный муниципальный район,4,4,4,4,4,4,4,4,4,4,4,4,4,4,4,4,4,4,4,4,4,4,4,4
Солонешенский муниципальный район,0,0,0,0,0,0,0,0,0,1,1,1,1,1,1,1,1,1,1,2,2,2,2,2
Солтонский муниципальный район,0,0,0,0,0,4,4,4,4,4,1,1,1,1,1,1,1,1,2,2,2,2,2,2
Сорокинский муниципальный район,0,0,0,0,0,0,0,0,0,6,6,1,1,1,1,1,1,1,1,2,2,2,2,2
Сортавальский муниципальный район,3,3,3,3,3,6,6,6,6,6,6,6,6,6,6,7,7,7,7,7,7,7,7,7
Сосновоборский муниципальный район,0,0,0,0,0,0,0,0,0,1,1,1,1,1,1,1,1,1,2,2,2,2,2,2
Сосновский муниципальный район,3,3,3,3,3,3,3,3,3,3,3,3,3,3,3,3,3,7,7,7,7,7,7,7
Спас-Деменский муниципальный район,0,0,0,0,0,0,0,0,0,1,1,1,1,1,1,1,1,1,1,2,2,2,2,2
Спасский муниципальный округ,0,0,0,0,0,0,0,0,0,1,1,1,1,1,1,1,1,1,1,2,2,2,2,2
Среднеахтубинский муниципальный район,0,0,0,0,0,0,0,6,6,6,6,6,6,6,6,7,7,7,7,7,7,7,7,7
Среднеколымский муниципальный район,4,4,4,4,4,4,4,4,4,4,4,4,4,4,4,4,4,4,4,4,4,4,4,4
Сретенский муниципальный район,0,0,0,0,0,4,4,4,4,4,4,4,6,1,1,1,2,2,2,2,2,2,2,2
Ставропольский муниципальный район,0,0,0,3,3,3,3,3,3,3,3,3,3,3,3,7,7,7,7,7,7,7,7,7
Становлянский муниципальный район,0,0,0,0,0,0,0,0,0,1,1,1,1,1,1,1,1,1,1,2,2,2,2,2
Старожиловский муниципальный район,0,0,0,0,0,0,0,0,0,1,1,1,1,1,1,1,1,1,2,2,2,2,2,2
Старокулаткинский муниципальный район,0,0,0,0,0,0,0,0,0,1,1,1,1,1,1,1,1,1,2,2,2,2,2,2
Старомайнский муниципальный район,0,0,0,0,0,0,0,0,0,0,1,1,1,1,1,1,1,1,2,2,2,2,2,2
Старополтавский муниципальный район,0,0,0,0,0,0,0,0,0,1,1,1,1,1,1,1,1,1,1,2,2,2,2,2
Старорусский муниципальный район,0,0,0,0,0,0,0,0,6,6,6,6,6,6,6,6,7,7,7,7,2,2,2,2
Старошайговский муниципальный район,0,0,0,0,0,0,0,0,0,1,1,1,1,1,1,1,1,1,2,2,2,2,2,2
Староюрьевский муниципальный округ,0,0,0,0,0,0,0,0,0,0,1,1,1,1,1,1,1,1,1,2,2,2,2,2
Степновский муниципальный округ,0,0,0,0,0,0,0,0,0,0,1,1,1,1,1,1,1,1,1,2,2,2,2,2
Стерлибашевский муниципальный район,0,0,0,0,0,0,0,0,0,1,1,1,1,1,1,1,1,2,2,2,2,2,2,2
Стерлитамакский муниципальный район,3,3,3,3,3,3,3,3,3,3,3,3,3,3,3,3,3,7,7,7,7,7,7,7
Суворовский муниципальный район,0,0,0,0,0,0,0,0,0,1,1,1,1,1,1,1,1,1,1,2,2,2,2,2
Судиславский муниципальный район,0,0,0,0,0,0,0,0,0,1,1,1,1,1,1,1,1,1,1,2,2,2,2,2
Судогодский муниципальный район,0,0,0,0,0,0,0,0,0,1,1,1,1,1,1,1,1,1,1,2,2,2,2,2
Суздальский муниципальный район,0,0,0,0,0,0,0,0,6,6,6,6,6,6,6,7,7,7,7,7,7,7,7,7
Сузунский муниципальный район,0,0,0,0,0,0,0,0,0,6,1,1,1,1,6,6,7,7,7,7,7,7,7,2
Сунский муниципальный район,0,0,0,0,0,0,0,0,0,1,1,1,1,1,1,1,1,2,2,2,2,2,2,2
Сунтарский муниципальный район,4,4,4,4,4,4,4,4,4,4,4,4,4,4,4,4,2,4,4,4,4,2,2,4
Суоярвский муниципальный округ,0,0,0,3,3,0,0,0,0,1,1,1,1,1,1,1,1,1,2,2,2,2,2,2
Сургутский муниципальный район,3,3,3,3,3,3,3,3,3,4,4,3,4,6,6,6,7,7,7,7,7,4,4,4
Суровикинский муниципальный район,0,0,0,0,0,0,0,0,0,1,1,1,1,1,1,1,1,1,1,2,2,2,2,2
Сурский муниципальный район,0,0,0,0,0,0,0,0,0,1,1,1,1,1,1,1,1,1,1,2,2,2,2,2
Сусанинский муниципальный район,0,0,0,0,0,0,0,0,0,0,1,1,1,1,1,1,1,1,1,2,2,2,2,2
Сухиничский муниципальный район,0,0,0,0,0,0,0,0,0,1,1,1,1,1,1,1,1,1,1,2,2,2,2,2
Сухобузимский муниципальный район,0,0,0,0,0,0,0,0,0,1,1,1,1,1,1,1,1,1,1,2,2,2,2,2
Сызранский муниципальный район,0,0,0,0,0,0,0,6,6,6,6,6,6,6,6,6,7,7,7,7,7,7,7,7
Сыктывдинский муниципальный район,0,0,0,0,0,0,3,3,3,3,6,6,6,6,6,7,7,7,7,7,7,7,7,7
Сысольский муниципальный район,0,0,0,0,0,0,0,0,0,1,1,1,1,1,1,1,1,1,1,2,2,2,2,2
Сычевский муниципальный район,0,0,0,0,0,0,0,0,0,1,1,1,1,1,1,1,1,1,1,2,2,2,2,2
Сямженский муниципальный округ,0,0,0,0,0,0,0,0,0,1,1,1,1,1,1,1,1,1,1,2,2,2,2,2
Таборинский муниципальный район,0,0,0,0,0,0,0,0,0,1,1,1,1,1,1,1,1,1,1,2,2,2,2,2
Табунский муниципальный район,0,0,0,0,0,0,0,0,0,0,1,1,1,1,1,1,1,1,1,2,2,2,2,2
Таврический муниципальный район,0,0,0,0,0,0,0,0,0,1,1,1,1,1,1,2,1,1,1,2,2,2,2,2
Таймырский Долгано-Ненецкий муниципальный район,4,4,4,4,4,4,4,4,4,4,4,4,4,4,4,4,4,4,4,4,4,4,4,4
Тайшетский муниципальный район,0,0,0,0,0,0,0,6,6,6,6,6,6,6,6,6,7,2,7,7,2,2,2,2
Тальменский муниципальный район,0,0,0,0,0,0,0,0,0,1,1,1,1,1,1,2,2,2,2,2,2,2,2,2
Тамалинский муниципальный район,0,0,0,0,0,0,0,0,0,0,1,1,1,1,1,1,1,1,1,2,2,2,2,2
Тандинский муниципальный район,0,0,0,0,0,0,4,4,4,4,4,4,4,4,4,4,2,2,2,2,2,2,2,2
Тарногский муниципальный округ,0,0,0,0,0,0,0,0,0,0,1,1,1,1,1,1,1,1,2,2,2,2,2,2
Тарский муниципальный район,0,0,0,0,0,0,0,0,6,6,6,6,6,6,6,6,7,2,2,2,2,2,2,2
Тарусский муниципальный район,0,0,0,0,0,0,0,0,0,1,1,1,1,1,1,1,1,1,2,2,2,2,2,2
Тасеевский муниципальный район,0,0,0,0,0,0,0,0,0,0,1,1,1,1,1,1,1,1,1,2,2,2,2,2
Татарский муниципальный район,0,0,0,0,0,0,0,0,0,6,1,1,1,6,6,6,1,2,2,2,2,2,2,2
Татищевский муниципальный район,0,0,0,0,0,0,0,0,0,1,1,1,1,1,1,1,1,1,1,2,2,2,2,2
Таттинский муниципальный район,4,4,4,4,4,4,4,4,4,4,4,4,4,4,4,4,4,4,4,4,4,4,4,4
Татышлинский муниципальный район,0,0,0,0,0,0,0,0,0,1,1,1,1,1,1,2,2,2,2,2,2,2,2,2
Тахтамукайский муниципальный район,3,3,3,3,3,3,3,3,3,3,3,3,3,3,3,3,3,5,5,5,5,5,5,5
Ташлинский муниципальный район,0,0,0,0,0,0,0,0,0,1,1,1,1,1,1,2,2,2,2,2,2,2,2,2
Таштагольский муниципальный район,3,3,3,3,3,6,6,6,6,6,6,6,6,6,6,7,7,7,7,7,7,7,7,7
Таштыпский муниципальный район,0,0,0,0,0,0,0,0,0,4,4,4,4,4,6,6,2,2,2,2,2,2,2,2
Тевризский муниципальный район,0,0,0,0,0,0,0,0,0,0,1,1,1,1,1,1,1,1,1,2,2,2,2,2
Тегульдетский муниципальный район,0,0,0,0,0,0,0,0,0,0,1,1,1,1,1,1,1,1,2,2,2,2,2,2
Тейковский муниципальный район,0,0,0,0,0,0,0,0,0,1,1,1,1,1,1,1,1,1,1,2,2,2,2,2
Темкинский муниципальный район,0,0,0,0,0,0,0,0,0,0,1,1,1,1,1,1,1,1,1,2,2,2,2,2
Темниковский муниципальный район,0,0,0,0,0,0,0,0,0,1,1,1,1,1,1,1,1,1,1,2,2,2,2,2
Теньгушевский муниципальный район,0,0,0,0,0,0,0,0,0,0,1,1,1,1,1,1,1,1,2,2,2,2,2,2
Тепло-Огаревский муниципальный район,0,0,0,0,0,0,0,0,0,1,1,1,1,1,1,1,1,1,1,2,2,2,2,2
Тербунский муниципальный район,0,0,0,0,0,0,0,0,0,1,1,1,1,1,1,1,1,1,1,2,2,2,2,2
Тереньгульский муниципальный район,0,0,0,0,0,0,0,0,0,1,1,1,1,1,1,1,1,1,2,2,2,2,2,2
Тернейский муниципальный округ,4,4,4,4,4,4,4,4,4,4,4,4,4,4,4,4,2,2,2,2,2,2,2,2
Тетюшский муниципальный район,0,0,0,0,0,0,0,0,0,1,1,1,1,1,1,1,1,1,1,2,2,2,2,2
Теучежский муниципальный район,0,0,0,3,3,3,3,3,3,3,3,3,6,6,6,6,7,7,7,7,7,7,7,7
Тигильский муниципальный район,4,4,4,4,4,4,4,4,4,4,4,4,4,4,4,4,4,4,4,4,4,4,4,4
Тисульский муниципальный округ,0,0,0,0,0,0,0,0,0,0,1,1,1,1,1,1,1,1,1,2,2,2,2,2
Тихвинский муниципальный район,3,3,3,3,3,3,3,3,3,6,6,6,6,6,6,7,7,7,7,7,7,7,7,7
Тогульский муниципальный район,0,0,0,0,0,0,0,0,0,1,1,1,1,1,1,1,1,1,1,2,2,2,2,2
Тогучинский муниципальный район,0,0,0,0,0,0,0,0,0,1,1,1,1,1,1,1,1,1,1,2,2,2,2,2
Тоджинский муниципальный район,0,0,0,0,0,0,4,4,4,4,4,4,4,4,4,4,4,4,2,2,2,2,2,2
Токарёвский муниципальный округ,0,0,0,0,0,0,0,0,0,0,1,1,1,1,1,1,1,1,1,2,2,2,2,2
Томпонский муниципальный район,4,4,4,4,4,4,4,4,4,4,4,4,4,4,4,4,4,4,4,4,4,4,4,4
Томский муниципальный район,3,3,3,3,3,3,3,3,3,3,3,3,3,3,3,3,3,7,7,7,7,7,7,7
Тонкинский муниципальный округ,0,0,0,0,0,0,0,0,0,0,1,1,1,1,1,1,1,1,1,2,2,2,2,2
Тоншаевский муниципальный округ,0,0,0,0,0,0,0,0,0,1,1,1,1,1,1,1,1,1,1,2,2,2,2,2
Топкинский муниципальный округ,0,0,0,0,0,0,0,6,6,6,6,6,6,6,6,7,7,7,7,7,7,7,7,7
Топчихинский муниципальный район,0,0,0,0,0,0,0,0,0,1,1,1,1,1,1,2,2,2,2,2,2,2,2,2
Торбеевский муниципальный район,0,0,0,0,0,0,0,0,0,1,1,1,1,1,1,1,1,1,1,2,2,2,2,2
Тосненский муниципальный район,3,3,3,3,3,3,3,3,3,3,3,3,3,3,3,3,5,5,5,5,5,5,5,5
Тотемский муниципальный округ,0,0,0,0,0,0,0,0,0,6,1,1,1,1,6,6,7,7,7,2,2,2,2,2
Тоцкий муниципальный район,0,0,0,0,0,0,0,0,6,6,6,6,6,6,6,6,7,7,7,7,7,7,7,7
Третьяковский муниципальный район,0,0,0,0,0,0,0,0,0,1,1,1,1,1,1,1,1,1,1,2,2,2,2,2
Троицкий муниципальный район,0,0,0,0,0,0,0,0,0,0,1,1,1,1,1,1,1,1,1,2,2,2,2,2
Троицко-Печорский муниципальный район,0,0,0,0,0,0,0,0,0,1,1,1,1,1,1,1,1,1,1,2,2,2,2,2
Троснянский муниципальный район,0,0,0,0,0,0,0,0,0,1,1,1,1,1,1,1,1,1,2,2,2,2,2,2
Труновский муниципальный округ,0,0,0,0,0,0,0,0,0,1,1,1,1,1,1,1,1,1,1,2,2,2,2,2
Тужинский муниципальный район,0,0,0,0,0,0,0,0,0,1,1,1,1,1,1,1,1,1,1,2,2,2,2,2
Туймазинский муниципальный район,0,0,0,3,3,3,3,3,3,3,6,6,6,6,6,6,7,7,7,7,7,7,7,7
Туркменский муниципальный округ,0,0,0,0,0,0,0,0,0,0,1,1,1,1,1,1,1,1,1,2,2,2,2,2
Турковский муниципальный район,0,0,0,0,0,0,0,0,0,0,1,1,1,1,1,1,1,1,1,2,2,2,2,2
Турочакский муниципальный район,0,0,0,0,0,0,0,0,0,6,1,1,1,1,1,1,1,1,2,2,2,2,2,2
Туруханский муниципальный район,4,4,4,4,4,4,4,4,4,4,4,4,4,4,4,4,4,4,4,4,4,4,4,4
Тутаевский муниципальный район,0,0,0,0,0,0,0,0,6,6,6,6,6,6,6,6,7,7,7,7,7,7,7,7
Тындинский муниципальный округ,4,4,4,4,4,4,4,4,4,4,4,4,4,4,4,4,4,4,4,4,4,4,4,4
Тюкалинский муниципальный район,0,0,0,0,0,0,0,0,0,1,1,1,1,1,1,1,1,1,1,2,2,2,2,2
Тюльганский муниципальный район,0,0,0,0,0,0,0,0,0,1,1,1,1,1,1,1,1,1,1,2,2,2,2,2
Тюлячинский муниципальный район,0,0,0,0,0,0,0,0,0,1,1,1,1,1,1,1,1,1,2,2,2,2,2,2
Тюменский муниципальный район,3,3,3,3,3,3,3,3,3,3,3,3,3,3,3,3,3,7,7,7,7,7,7,7
Тюменцевский муниципальный район,0,0,0,0,0,0,0,0,0,1,1,1,1,1,1,1,1,1,1,2,2,2,2,2
Тюхтетский муниципальный округ,0,0,0,0,0,0,0,0,0,0,1,1,1,1,1,1,1,1,1,2,2,2,2,2
Тяжинский муниципальный округ,0,0,0,0,0,0,0,0,0,0,1,1,1,1,1,1,1,1,1,2,2,2,2,2
Убинский муниципальный район,0,0,0,0,0,0,0,0,0,0,1,1,1,1,1,1,1,1,1,2,2,2,2,2
Уватский муниципальный район,3,3,3,3,3,6,6,6,6,6,6,6,6,6,6,6,2,2,2,2,2,2,2,2
Увельский муниципальный район,0,0,0,0,0,0,0,0,0,1,1,1,1,1,1,1,1,1,1,2,2,2,2,2
Угличский муниципальный район,0,0,0,0,0,0,0,6,6,6,6,6,6,6,6,7,7,7,7,7,7,7,7,7
Угловский муниципальный район,0,0,0,0,0,0,0,0,0,1,1,1,1,1,1,1,1,1,1,2,2,2,2,2
Угранский муниципальный район,0,0,0,0,0,0,0,0,0,0,1,1,1,1,1,1,1,1,1,2,2,2,2,2
Удорский муниципальный район,0,0,0,0,0,0,0,0,6,6,1,6,6,6,6,1,1,2,2,2,2,2,2,2
Ужурский муниципальный район,0,0,0,0,0,0,0,0,0,6,6,6,6,6,6,6,1,1,1,2,2,2,2,2
Узловский муниципальный район,0,0,0,0,0,0,0,6,6,6,6,6,6,6,6,7,7,7,7,7,7,7,7,7
Уйский муниципальный район,0,0,0,0,0,0,0,0,0,1,1,1,1,1,1,1,1,1,1,2,2,2,2,2
Улаганский муниципальный район,0,0,0,4,4,4,4,4,4,4,4,4,4,4,4,4,4,2,2,2,2,2,2,2
Улуг-Хемский муниципальный район,9,9,0,0,0,0,4,4,4,4,4,6,4,4,4,4,2,2,2,2,2,2,2,2
Ульчский муниципальный район,4,4,4,4,4,4,4,4,4,4,4,4,4,4,4,4,2,2,2,2,2,2,2,2
Улётовский муниципальный район,0,0,0,0,0,0,0,0,0,1,1,1,1,1,1,1,1,1,2,2,2,2,2,2
Умётский муниципальный округ,0,0,0,0,0,0,0,0,0,1,1,1,1,1,1,1,1,1,1,2,2,2,2,2
Упоровский муниципальный район,0,0,0,0,0,0,0,0,0,0,1,1,1,1,1,1,1,1,1,2,2,2,2,2
Уренский муниципальный округ,0,0,0,0,0,0,0,0,0,6,1,1,1,1,1,1,1,1,2,2,2,2,2,2
Уржумский муниципальный район,0,0,0,0,0,0,0,0,0,1,1,1,1,1,1,1,1,1,1,2,2,2,2,2
Урицкий муниципальный район,0,0,0,0,0,0,0,0,0,1,1,1,1,1,1,1,1,1,1,2,2,2,2,2
Урмарский муниципальный округ,0,0,0,0,0,0,0,0,0,1,1,1,1,1,1,1,1,2,2,2,2,2,2,2
Урупский муниципальный район,0,0,0,0,0,0,0,0,0,1,1,1,1,1,1,1,1,1,1,2,2,2,2,2
Усманский муниципальный район,0,0,0,0,0,0,0,0,0,1,1,1,1,1,1,1,1,1,2,2,2,2,2,2
Усольский муниципальный район,0,0,0,0,0,0,0,0,0,6,6,6,6,6,6,2,2,2,2,2,2,2,2,2
Усть-Абаканский муниципальный район,0,0,0,0,0,0,0,6,6,6,6,6,6,6,6,7,7,7,7,7,2,2,2,7
Усть-Алданский муниципальный район,4,4,4,4,4,4,4,4,4,4,4,4,4,4,4,4,4,4,4,4,4,4,4,4
Усть-Большерецкий муниципальный район,4,4,4,4,4,4,4,4,4,4,4,4,4,4,4,4,4,4,4,4,4,4,4,4
Усть-Вымский муниципальный район,0,0,0,0,0,0,0,0,6,6,6,6,6,6,6,6,2,2,2,2,2,2,2,2
Усть-Джегутинский муниципальный район,9,9,9,9,9,9,9,9,9,9,9,9,9,9,9,9,9,9,9,9,9,9,9,9
Усть-Илимский муниципальный район,0,0,0,0,0,0,0,0,0,1,1,1,6,6,6,6,6,1,2,2,2,2,2,2
Усть-Ишимский муниципальный район,4,4,4,4,4,4,4,4,4,1,1,1,1,1,1,1,1,1,1,2,2,2,2,2
Усть-Калманский муниципальный район,0,0,0,0,0,0,0,0,0,0,1,1,1,1,1,1,1,1,1,2,2,2,2,2
Усть-Камчатский муниципальный район,4,4,4,4,4,4,4,4,4,4,4,4,4,4,4,4,4,4,4,4,4,4,4,4
Усть-Канский муниципальный район,0,0,0,0,0,0,0,0,4,4,4,4,4,4,4,2,2,2,2,2,2,2,2,2
Усть-Коксинский муниципальный район,0,0,0,0,0,0,0,0,4,4,4,4,1,1,1,1,2,2,2,2,2,2,2,2
Усть-Кубинский муниципальный округ,0,0,0,0,0,0,0,0,0,0,1,1,1,1,1,1,1,1,1,2,2,2,2,2
Усть-Куломский муниципальный район,0,0,0,0,0,0,0,0,0,1,1,1,1,1,1,1,1,1,1,2,2,2,2,2
Усть-Кутский муниципальный район,3,3,3,3,3,3,3,4,4,4,4,4,6,6,6,4,4,7,7,7,4,4,4,7
Усть-Майский муниципальный район,4,4,4,4,4,4,4,4,4,4,4,4,4,4,4,4,4,4,4,4,4,4,4,4
Усть-Пристанский муниципальный район,0,0,0,0,0,0,0,0,0,1,1,1,1,1,1,1,1,1,1,2,2,2,2,2
Усть-Таркский муниципальный район,0,0,0,0,0,0,0,0,0,1,1,1,1,1,1,1,1,1,1,2,2,2,2,2
Усть-Удинский муниципальный район,0,0,0,0,0,0,0,0,0,0,1,1,1,1,1,1,1,1,1,2,2,2,2,2
Усть-Цилемский муниципальный район,0,0,4,4,0,0,0,4,0,6,4,6,6,6,6,6,2,2,2,2,2,2,2,2
Усть-Янский муниципальный район,4,4,4,4,4,4,4,4,4,4,4,4,4,4,4,4,4,4,4,4,4,4,4,4
Устьянский муниципальный округ,0,0,0,0,0,0,0,0,6,6,6,6,6,6,6,6,7,7,7,2,2,2,2,2
Устюженский муниципальный округ,0,0,0,0,0,0,0,0,0,6,1,1,1,1,6,6,7,7,7,2,2,2,2,2
Уфимский муниципальный район,3,3,3,3,3,3,3,3,3,3,3,3,3,3,3,3,3,7,7,7,7,7,7,7
Ухоловский муниципальный район,0,0,0,0,0,0,0,0,0,0,1,1,1,1,1,1,1,1,1,2,2,2,2,2
Учалинский муниципальный район,0,0,0,3,3,3,3,3,3,3,3,3,3,6,6,6,7,7,7,7,7,7,7,7
Уярский муниципальный район,0,0,0,0,0,0,0,0,0,1,1,1,1,1,1,1,1,1,1,2,2,2,2,2
Ферзиковский муниципальный район,0,0,0,0,0,0,0,0,6,6,6,6,6,6,6,7,7,7,7,7,7,7,7,7
Фурмановский муниципальный район,0,0,0,0,0,0,0,0,0,1,1,1,1,1,1,2,2,2,2,2,2,2,2,2
Хабаровский муниципальный район,4,4,4,4,4,4,4,4,4,4,4,4,4,4,4,4,4,4,4,4,4,4,4,4
Хабарский муниципальный район,0,0,0,0,0,0,0,0,0,1,1,1,1,1,1,2,2,2,2,2,2,2,2,2
Хабезский муниципальный район,9,9,9,9,9,9,9,9,9,9,9,9,9,9,9,9,9,9,9,9,9,9,9,9
Хайбуллинский муниципальный район,0,0,0,0,0,0,0,0,0,1,1,6,6,1,1,6,2,2,2,2,2,2,2,2
Хангаласский муниципальный район,4,4,4,4,4,4,4,4,4,4,4,4,4,4,4,4,4,4,4,4,4,4,4,4
Ханкайский муниципальный округ,4,4,4,4,4,4,4,4,4,4,4,4,6,6,6,6,2,2,2,2,2,2,2,2
Ханты-Мансийский муниципальный район,3,3,3,3,3,3,3,4,4,4,4,4,4,4,4,4,4,4,4,4,4,7,7,7
Харабалинский муниципальный район,0,0,0,0,0,0,0,0,0,1,1,1,1,1,1,1,1,1,1,2,2,2,2,2
Харовский муниципальный округ,0,0,0,0,0,0,0,0,0,1,1,1,1,1,1,1,1,1,1,2,2,2,2,2
Хасанский муниципальный округ,4,4,4,4,4,4,4,4,4,4,4,4,4,4,4,4,2,2,2,2,2,2,2,2
Хвалынский муниципальный район,0,0,0,0,0,0,0,0,0,1,1,1,1,1,1,1,1,1,1,2,2,2,2,2
Хвастовичский муниципальный район,0,0,0,0,0,0,0,0,0,1,1,1,1,1,1,1,1,1,1,2,2,2,2,2
Хворостянский муниципальный район,0,0,0,0,0,0,0,0,0,1,1,1,1,1,1,1,1,1,1,2,2,2,2,2
Хилокский муниципальный район,0,0,0,0,0,0,0,6,6,6,6,6,6,6,6,6,7,7,7,7,7,7,7,2
Хиславичский муниципальный район,0,0,0,0,0,0,0,0,0,0,1,1,1,1,1,1,1,1,1,2,2,2,2,2
Хлевенский муниципальный район,0,0,0,0,0,0,0,0,0,1,1,1,1,1,1,1,1,1,1,2,2,2,2,2
Холм-Жирковский муниципальный район,0,0,0,0,0,0,0,0,0,1,1,1,1,1,1,1,1,1,1,2,2,2,2,2
Холмогорский муниципальный округ,0,0,0,0,0,0,0,0,0,1,1,1,1,1,1,1,1,1,1,2,2,2,2,2
Холмский муниципальный район,0,0,0,0,0,0,0,0,0,0,1,1,1,1,1,1,1,1,2,2,2,2,2,2
Хорольский муниципальный округ,4,4,4,4,0,4,4,4,4,4,4,4,6,6,6,6,2,2,2,2,2,2,2,2
Хотынецкий муниципальный район,0,0,0,0,0,0,0,0,0,0,1,1,1,1,1,1,1,1,1,2,2,2,2,2
Целинный муниципальный округ,0,0,0,0,0,0,0,0,0,1,1,1,1,1,1,1,1,1,1,2,2,2,2,2
Цивильский муниципальный округ,0,0,0,0,0,0,0,0,0,1,1,1,1,1,1,2,2,2,2,2,2,2,2,2
Чагодощенский муниципальный округ,0,0,0,0,0,0,0,0,0,6,6,6,6,6,6,6,2,2,2,2,2,2,2,2
Чаинский муниципальный район,0,0,0,0,0,0,0,0,0,1,1,1,1,1,1,1,1,1,1,2,2,2,2,2
Чамзинский муниципальный район,0,0,0,0,0,0,0,0,0,1,1,1,1,1,1,1,1,1,2,2,2,2,2,2
Чановский муниципальный район,0,0,0,0,0,0,0,0,0,1,1,1,1,1,1,1,1,1,2,2,2,2,2,2
Чаплыгинский муниципальный район,0,0,0,0,0,0,0,0,0,1,1,1,1,1,1,1,1,1,1,2,2,2,2,2
Частоозерский муниципальный округ,0,0,0,0,0,0,0,0,0,1,1,1,1,1,1,1,1,1,1,2,2,2,2,2
Чебаркульский муниципальный район,0,0,0,0,0,0,0,0,0,1,1,1,1,1,1,1,1,1,1,2,2,2,2,2
Чебоксарский муниципальный округ,0,0,0,0,0,0,0,0,6,6,6,6,6,6,6,6,7,7,7,7,7,7,7,7
Чебулинский муниципальный округ,0,0,0,0,0,0,0,0,0,1,1,1,1,1,1,1,1,7,7,2,2,2,2,2
Чеди-Хольский муниципальный район,0,0,0,0,0,0,4,4,4,4,4,4,4,4,4,2,2,2,2,2,2,2,2,2
Чекмагушевский муниципальный район,0,0,0,0,0,0,0,0,0,1,1,1,1,1,1,2,2,2,2,2,2,2,2,2
Челно-Вершинский муниципальный район,0,0,0,0,0,0,0,0,0,1,1,1,1,1,1,1,1,1,1,2,2,2,2,2
Чемальский муниципальный район,0,0,0,0,0,0,6,6,6,6,6,6,1,1,1,1,1,1,2,2,2,2,2,2
Чердаклинский муниципальный район,0,0,0,0,0,0,0,0,0,1,1,1,1,1,1,1,2,2,1,2,2,2,2,2
Черемховский муниципальный район,0,0,0,0,0,0,0,0,0,0,1,1,1,1,1,1,1,1,1,2,2,2,2,2
Черемшанский муниципальный район,0,0,0,0,0,0,0,0,0,1,1,1,1,1,1,2,2,2,2,2,2,2,2,2
Черепановский муниципальный район,0,0,0,0,0,0,0,0,0,1,1,1,1,1,6,1,1,1,2,2,2,2,2,2
Череповецкий муниципальный район,4,4,0,0,3,3,6,6,6,6,6,6,6,6,6,7,7,7,7,7,7,7,7,7
Черлакский муниципальный район,0,0,0,0,0,0,0,0,0,0,1,1,1,1,1,1,1,1,1,2,2,2,2,2
Черниговский муниципальный округ,4,4,4,4,4,4,4,4,4,4,4,4,4,4,4,7,7,7,7,2,2,2,2,2
Черноярский муниципальный район,0,0,0,0,0,0,0,0,0,0,1,1,1,1,1,1,1,1,1,2,2,2,2,2
Чернский муниципальный район,0,0,0,0,0,0,0,0,0,6,1,1,1,1,1,1,1,1,1,2,2,2,2,2
Чернышевский муниципальный район,4,4,4,4,4,4,4,4,4,4,4,4,6,6,6,6,2,2,2,2,2,2,2,2
Чернышковский муниципальный район,0,0,0,0,0,0,0,0,0,0,1,1,1,1,1,1,1,1,1,2,2,2,2,2
Чесменский муниципальный район,0,0,0,0,0,0,0,0,0,1,1,1,1,1,1,1,1,1,1,2,2,2,2,2
Чистоозерный муниципальный район,0,0,0,0,0,0,0,0,0,1,1,1,1,1,1,1,1,1,1,2,2,2,2,2
Чистопольский муниципальный район,0,0,0,0,0,0,0,6,6,6,6,6,6,6,6,6,7,7,7,7,7,7,7,2
Читинский муниципальный район,0,0,0,0,0,0,0,0,6,6,6,6,6,6,6,6,7,7,7,7,7,7,7,7
Чишминский муниципальный район,0,0,0,0,0,0,0,0,6,6,6,6,6,6,6,6,7,7,7,7,7,7,7,7
Чойский муниципальный район,0,0,0,0,0,0,0,0,0,1,1,1,1,1,1,1,1,1,1,2,2,2,2,2
Чугуевский муниципальный округ,0,0,0,0,0,0,0,4,4,4,4,4,6,6,6,7,7,2,2,2,2,2,2,2
Чудовский муниципальный район,0,0,0,0,0,0,0,0,6,6,6,6,6,6,6,6,2,2,2,2,2,2,2,2
Чулымский муниципальный район,0,0,0,0,0,0,0,0,0,6,6,1,1,1,1,2,2,1,1,2,2,2,2,2
Чунский муниципальный район,0,0,0,0,0,0,0,0,0,6,1,1,1,1,6,6,1,1,2,2,2,2,2,2
Чурапчинский муниципальный район,4,4,4,4,4,4,4,4,4,4,4,4,4,4,4,4,4,4,4,4,4,4,4,4
Чухломский муниципальный район,0,0,0,0,0,0,0,0,0,0,1,1,1,1,1,1,1,1,2,2,2,2,2,2
Чучковский муниципальный район,0,0,0,0,0,0,0,0,0,0,1,1,1,1,1,1,1,1,2,2,2,2,2,2
Шабалинский муниципальный район,0,0,0,0,0,0,0,0,0,1,1,1,1,1,1,1,2,2,2,2,2,2,2,2
Шаблыкинский муниципальный район,0,0,0,0,0,0,0,0,0,0,1,1,1,1,1,1,1,1,2,2,2,2,2,2
Шарангский муниципальный округ,0,0,0,0,0,0,0,0,0,0,1,1,1,1,1,1,1,1,1,2,2,2,2,2
Шаранский муниципальный район,0,0,0,0,0,0,0,0,0,1,1,1,1,1,1,2,2,2,2,2,2,2,2,2
Шарлыкский муниципальный район,0,0,0,0,0,0,0,0,0,1,1,1,1,1,1,2,2,2,2,2,2,2,2,2
Шатковский муниципальный округ,0,0,0,0,0,0,0,0,0,0,1,1,1,1,1,1,1,1,1,2,2,2,2,2
Шатровский муниципальный округ,0,0,0,0,0,0,0,0,0,1,1,1,1,1,1,1,1,1,1,2,2,2,2,2
Шацкий муниципальный район,0,0,0,0,0,0,0,0,0,1,1,1,1,1,1,1,1,1,1,2,2,2,2,2
Шебалинский муниципальный район,0,0,0,0,0,0,0,0,0,4,4,1,4,4,4,2,2,2,2,2,2,2,2,2
Шегарский муниципальный район,0,0,0,0,0,0,0,0,0,1,1,1,1,1,1,1,1,1,2,2,2,2,2,2
Шекснинский муниципальный район,0,0,0,0,0,0,0,0,6,6,6,6,6,6,6,6,7,7,7,2,2,2,2,2
Шелаболихинский муниципальный район,0,0,0,0,0,0,0,0,0,1,1,1,1,1,1,1,1,1,1,2,2,2,2,2
Шелеховский муниципальный район,3,3,3,3,3,3,3,3,3,3,3,3,3,3,3,3,7,7,7,7,7,7,7,7
Шелопугинский муниципальный район,4,4,4,4,4,4,4,4,4,4,4,4,4,4,4,4,4,4,4,4,4,4,4,4
Шемуршинский муниципальный округ,0,0,0,0,0,0,0,0,0,1,1,1,1,1,1,1,1,2,2,2,2,2,2,2
Шенкурский муниципальный округ,0,0,0,0,0,0,0,0,0,1,1,1,1,1,1,1,1,1,1,2,2,2,2,2
Шенталинский муниципальный район,0,0,0,0,0,0,0,0,0,1,1,1,1,1,1,1,1,1,1,2,2,2,2,2
Шербакульский муниципальный район,0,0,0,0,0,0,0,0,0,1,1,1,1,1,1,1,1,1,1,2,2,2,2,2
Шигонский муниципальный район,0,0,0,0,0,0,0,0,0,1,1,1,1,1,1,1,1,1,1,2,2,2,2,2
Шилкинский муниципальный район,0,0,0,0,0,0,0,0,0,6,4,6,6,6,6,6,2,2,2,2,2,2,2,2
Шиловский муниципальный район,0,0,0,0,0,0,0,0,0,1,1,1,1,1,1,1,1,1,1,2,2,2,2,2
Шимановский муниципальный округ,4,4,4,4,4,4,4,4,4,4,4,4,4,4,4,7,7,7,7,2,2,2,2,2
Шимский муниципальный район,0,0,0,0,0,0,0,0,0,1,1,1,1,1,1,1,1,1,1,2,2,2,2,2
Шипуновский муниципальный район,0,0,0,0,0,0,0,0,0,1,1,1,1,1,1,2,2,2,2,2,2,2,2,2
Ширинский муниципальный район,0,0,0,0,0,0,0,0,0,6,1,1,1,1,1,1,1,1,1,2,2,2,2,2
Шкотовский муниципальный округ,4,4,4,4,4,4,4,4,4,4,4,4,4,4,4,7,7,7,7,2,2,2,2,2
Шовгеновский муниципальный район,0,0,0,0,0,0,0,0,0,1,1,1,1,1,1,1,1,1,1,2,2,2,2,2
Шпаковский муниципальный округ,3,3,3,3,3,3,3,3,3,3,3,3,3,3,3,3,7,7,7,7,7,7,7,7
Шуйский муниципальный район,0,0,0,0,0,0,0,0,6,6,6,6,6,6,6,6,7,7,7,7,2,2,2,2
Шумячский муниципальный район,0,0,0,0,0,0,0,0,0,1,1,1,1,1,1,1,1,1,2,2,2,2,2,2
Шушенский муниципальный район,0,0,0,0,0,0,0,0,0,6,6,6,6,6,6,6,2,2,2,2,2,2,2,2
Щекинский муниципальный район,0,0,0,0,0,6,6,6,6,6,6,6,6,6,6,7,7,7,7,7,7,7,7,7
Щучанский муниципальный округ,0,0,0,0,0,0,0,0,0,1,1,1,1,1,1,1,1,1,1,2,2,2,2,2
Эвенкийский муниципальный район,4,4,4,4,4,4,4,4,4,4,4,4,4,4,4,4,4,4,4,4,4,4,4,4
Энгельсский муниципальный район,3,3,3,3,3,3,3,3,3,3,3,3,3,3,3,3,3,7,7,7,7,7,7,7
Эхирит-Булагатский муниципальный район,0,0,0,0,0,0,0,0,0,1,1,1,1,1,1,2,2,2,2,2,2,2,2,2
Южский муниципальный район,0,0,0,0,0,0,0,0,0,1,1,1,1,1,1,1,1,1,1,2,2,2,2,2
Юргамышский муниципальный округ,0,0,0,0,0,0,0,0,0,1,1,1,1,1,1,1,1,1,1,2,2,2,2,2
Юргинский муниципальный район,0,0,0,0,0,0,0,0,0,0,1,1,1,1,1,1,1,1,2,2,2,2,2,2
Юринский муниципальный район,0,0,0,0,0,0,0,0,0,0,1,1,1,1,1,1,1,1,1,2,2,2,2,2
Юрьев-Польский муниципальный район,0,0,0,0,0,0,0,0,6,6,1,1,6,1,1,1,1,1,1,2,2,2,2,2
Юрьевецкий муниципальный район,0,0,0,0,0,0,0,0,0,0,1,1,1,1,1,1,1,1,1,2,2,2,2,2
Юрьянский муниципальный район,0,0,0,0,0,0,0,0,0,1,1,1,1,1,1,1,1,1,1,2,2,2,2,2
Юстинский муниципальный район,0,0,0,0,0,0,0,0,0,1,1,1,1,1,1,1,9,2,2,2,2,2,2,2
Ютазинский муниципальный район,0,0,0,0,0,0,0,0,0,1,1,1,1,1,1,1,1,1,2,2,2,2,2,2
Юхновский муниципальный район,0,0,0,0,0,0,0,0,0,1,1,1,1,1,1,1,1,1,1,2,2,2,2,2
Ядринский муниципальный округ,0,0,0,0,0,0,0,0,0,1,1,1,1,1,1,2,2,2,2,2,2,2,2,2
Яйский муниципальный округ,0,0,0,0,0,0,0,0,0,1,1,1,1,1,1,1,1,7,7,2,2,2,2,2
Яковлевский муниципальный округ,0,0,0,0,0,0,0,0,4,4,4,4,1,6,6,1,1,1,2,2,2,2,2,2
Яльчикский муниципальный округ,0,0,0,0,0,0,0,0,0,1,1,1,1,1,1,1,1,2,2,2,2,2,2,2
Янаульский муниципальный район,0,0,0,0,0,0,0,0,0,1,6,6,6,6,6,6,2,2,2,2,2,2,2,2
Янтиковский муниципальный округ,0,0,0,0,0,0,0,0,0,1,1,1,1,1,1,1,1,2,2,2,2,2,2,2
Яранский муниципальный район,0,0,0,0,0,0,0,0,0,1,1,1,1,1,1,2,2,2,2,2,2,2,2,2
Ярковский муниципальный район,0,0,0,0,0,0,0,0,0,1,1,1,1,1,1,1,1,1,1,2,2,2,2,2
Ярославский муниципальный район,3,3,3,3,3,3,3,3,3,3,3,3,3,3,3,3,3,7,7,7,7,7,7,7
Ярцевский муниципальный район,0,0,0,0,0,0,0,0,6,6,6,6,6,6,6,6,7,7,7,7,2,2,2,2
Ясногорский муниципальный район,0,0,0,0,0,0,0,0,6,6,6,6,6,6,6,6,2,2,2,2,2,2,2,2
Яшкинский муниципальный округ,0,0,0,0,0,0,0,0,0,0,1,1,1,1,1,1,1,1,2,2,2,2,2,2
внутригородская территория города федерального значения  Александровский муниципальный округ,8,8,8,8,8,8,8,8,8,8,8,8,5,5,5,5,5,5,5,5,5,5,5,5
внутригородская территория города федерального значения город Зеленогорск,3,3,3,3,3,3,3,3,3,3,3,3,3,3,3,3,5,5,5,5,5,5,5,5
внутригородская территория города федерального значения город Колпино,3,3,3,3,3,3,3,3,3,3,3,3,3,3,3,3,5,5,5,5,5,5,5,5
внутригородская территория города федерального значения город Красное Село,3,3,3,3,3,3,3,3,3,3,3,3,3,3,3,3,5,5,5,5,5,5,5,5
внутригородская территория города федерального значения город Кронштадт,3,3,3,3,3,3,3,3,3,3,3,3,3,3,3,3,5,5,5,5,5,5,5,5
внутригородская территория города федерального значения город Ломоносов,3,3,3,3,3,3,3,3,3,3,3,3,3,3,3,3,5,5,5,5,5,5,5,5
внутригородская территория города федерального значения город Павловск,8,8,8,8,8,8,8,8,8,8,8,8,8,5,5,5,5,5,5,5,5,5,5,5
внутригородская территория города федерального значения город Петергоф,8,8,8,8,8,8,8,8,8,8,8,8,5,5,5,5,5,5,5,5,5,5,5,5
внутригородская территория города федерального значения город Пушкин,8,8,8,8,8,8,8,8,8,8,8,8,8,5,5,5,5,5,5,5,5,5,5,5
внутригородская территория города федерального значения город Сестрорецк,8,8,8,8,8,8,8,8,8,8,8,8,8,5,5,5,5,5,5,5,5,5,5,5
внутригородская территория города федерального значения городской округ Троицк,8,8,8,8,8,8,8,8,8,8,8,8,8,5,5,5,5,5,5,5,5,5,5,5
внутригородская территория города федерального значения городской округ Щербинка,3,3,3,3,3,3,3,3,3,3,3,3,3,3,3,3,5,5,5,5,5,5,5,5
внутригородская территория города федерального значения муниципальное образование Савелки,8,8,8,8,8,8,8,8,8,8,8,8,5,5,5,5,5,5,5,5,5,5,5,5
внутригородская территория города федерального значения муниципальный округ Автово,8,8,8,8,8,8,8,8,8,8,8,8,5,5,5,5,5,5,5,5,5,5,5,5
внутригородская территория города федерального значения муниципальный округ Адмиралтейский округ,8,8,8,8,8,8,8,8,8,5,5,5,5,5,5,5,5,5,5,5,5,5,5,5
внутригородская территория города федерального значения муниципальный округ Академический,8,8,8,8,8,8,8,5,5,5,5,5,5,5,5,5,5,5,5,5,5,5,5,5
внутригородская территория города федерального значения муниципальный округ Академическое,8,8,8,8,8,8,8,8,8,8,8,8,5,5,5,5,5,5,5,5,5,5,5,5
внутригородская территория города федерального значения муниципальный округ Алексеевский,8,8,8,8,8,8,8,8,5,5,5,5,5,5,5,5,5,5,5,5,5,5,5,5
внутригородская территория города федерального значения муниципальный округ Алтуфьевский,8,8,8,8,8,8,8,8,8,8,8,8,5,5,5,5,5,5,5,5,5,5,5,5
внутригородская территория города федерального значения муниципальный округ Аптекарский остров,8,8,8,8,8,8,8,5,5,5,5,5,5,5,5,5,5,5,5,5,5,5,5,5
внутригородская территория города федерального значения муниципальный округ Арбат,8,8,8,8,8,8,8,5,5,5,5,5,5,5,5,5,5,5,5,5,5,5,5,5
внутригородская территория города федерального значения муниципальный округ Аэропорт,8,8,8,8,8,8,8,5,5,5,5,5,5,5,5,5,5,5,5,5,5,5,5,5
внутригородская территория города федерального значения муниципальный округ Бабушкинский,8,8,8,8,8,8,8,8,8,8,8,8,8,5,5,5,5,5,5,5,5,5,5,5
внутригородская территория города федерального значения муниципальный округ Балканский,8,8,8,8,8,8,8,8,8,8,8,8,5,5,5,5,5,5,5,5,5,5,5,5
внутригородская территория города федерального значения муниципальный округ Басманный,8,8,8,8,8,8,8,5,5,5,5,5,5,5,5,5,5,5,5,5,5,5,5,5
внутригородская территория города федерального значения муниципальный округ Беговой,8,8,8,8,8,8,8,5,5,5,5,5,5,5,5,5,5,5,5,5,5,5,5,5
внутригородская территория города федерального значения муниципальный округ Бескудниковский,8,8,8,8,8,8,8,8,8,8,8,8,8,5,5,5,5,5,5,5,5,5,5,5
внутригородская территория города федерального значения муниципальный округ Бибирево,8,8,8,8,8,8,8,8,8,8,8,8,5,5,5,5,5,5,5,5,5,5,5,5
внутригородская территория города федерального значения муниципальный округ Бирюлево Восточное,8,8,8,8,8,8,8,8,8,8,8,8,5,5,5,5,5,5,5,5,5,5,5,5
внутригородская территория города федерального значения муниципальный округ Бирюлево Западное,3,3,3,3,3,3,3,3,3,3,3,3,3,3,3,3,5,5,5,5,5,5,5,5
внутригородская территория города федерального значения муниципальный округ Богородское,8,8,8,8,8,8,8,8,8,8,8,8,8,5,5,5,5,5,5,5,5,5,5,5
внутригородская территория города федерального значения муниципальный округ Большая Охта,8,8,8,8,8,8,8,8,8,8,8,8,5,5,5,5,5,5,5,5,5,5,5,5
внутригородская территория города федерального значения муниципальный округ Братеево,8,8,8,8,8,8,8,8,8,8,8,8,5,5,5,5,5,5,5,5,5,5,5,5
внутригородская территория города федерального значения муниципальный округ Бутырский,8,8,8,8,8,8,8,8,8,8,8,5,5,5,5,5,5,5,5,5,5,5,5,5
внутригородская территория города федерального значения муниципальный округ Васильевский,8,8,8,8,8,8,8,8,8,5,5,5,5,5,5,5,5,5,5,5,5,5,5,5
внутригородская территория города федерального значения муниципальный округ Введенский,8,8,8,8,8,8,8,8,8,5,5,5,5,5,5,5,5,5,5,5,5,5,5,5
внутригородская территория города федерального значения муниципальный округ Вешняки,8,8,8,8,8,8,8,8,8,8,8,8,5,5,5,5,5,5,5,5,5,5,5,5
внутригородская территория города федерального значения муниципальный округ Владимирский округ,8,8,8,8,8,8,8,8,8,5,5,5,5,5,5,5,5,5,5,5,5,5,5,5
внутригородская территория города федерального значения муниципальный округ Внуково,8,8,8,3,3,3,3,3,3,3,3,3,3,3,3,3,5,5,5,5,5,5,5,5
внутригородская территория города федерального значения муниципальный округ Войковский,8,8,8,8,8,8,8,5,5,5,5,5,5,5,5,5,5,5,5,5,5,5,5,5
внутригородская территория города федерального значения муниципальный округ Волковское,8,8,8,8,8,8,8,8,8,8,8,8,5,5,5,5,5,5,5,5,5,5,5,5
внутригородская территория города федерального значения муниципальный округ Восточное Дегунино,8,8,8,8,8,8,8,8,8,8,8,8,5,5,5,5,5,5,5,5,5,5,5,5
внутригородская территория города федерального значения муниципальный округ Восточное Измайлово,8,8,8,8,8,8,8,8,8,8,8,8,8,5,5,5,5,5,5,5,5,5,5,5
внутригородская территория города федерального значения муниципальный округ Восточный,3,3,3,3,3,3,3,3,3,3,3,3,3,3,3,3,5,5,5,5,5,5,5,5
внутригородская территория города федерального значения муниципальный округ Выхино-Жулебино,8,8,8,8,8,8,8,8,8,8,8,8,5,5,5,5,5,5,5,5,5,5,5,5
внутригородская территория города федерального значения муниципальный округ Гавань,8,8,8,8,8,8,8,8,8,5,5,5,5,5,5,5,5,5,5,5,5,5,5,5
внутригородская территория города федерального значения муниципальный округ Гагаринский,8,8,8,8,8,8,8,5,5,5,5,5,5,5,5,5,5,5,5,5,5,5,5,5
внутригородская территория города федерального значения муниципальный округ Гагаринское,8,8,8,8,8,8,8,8,8,8,8,8,5,5,5,5,5,5,5,5,5,5,5,5
внутригородская территория города федерального значения муниципальный округ Георгиевский,8,8,8,8,8,8,8,8,8,8,8,8,5,5,5,5,5,5,5,5,5,5,5,5
внутригородская территория города федерального значения муниципальный округ Головинский,8,8,8,8,8,8,8,8,8,8,8,8,8,5,5,5,5,5,5,5,5,5,5,5
внутригородская территория города федерального значения муниципальный округ Гольяново,8,8,8,8,8,8,8,8,8,8,8,8,5,5,5,5,5,5,5,5,5,5,5,5
внутригородская территория города федерального значения муниципальный округ Горелово,8,8,8,8,8,8,8,8,8,8,8,8,5,5,5,5,5,5,5,5,5,5,5,5
внутригородская территория города федерального значения муниципальный округ Гражданка,8,8,8,8,8,8,8,8,8,8,8,8,5,5,5,5,5,5,5,5,5,5,5,5
внутригородская территория города федерального значения муниципальный округ Даниловский,8,8,8,8,8,8,8,5,5,5,5,5,5,5,5,5,5,5,5,5,5,5,5,5
внутригородская территория города федерального значения муниципальный округ Дачное,8,8,8,8,8,8,8,8,8,8,8,8,5,5,5,5,5,5,5,5,5,5,5,5
внутригородская территория города федерального значения муниципальный округ Дворцовый округ,8,8,8,8,8,8,8,5,5,5,5,5,5,5,5,5,5,5,5,5,5,5,5,5
внутригородская территория города федерального значения муниципальный округ Дмитровский,8,8,8,8,8,8,8,8,8,8,8,8,8,5,5,5,5,5,5,5,5,5,5,5
внутригородская территория города федерального значения муниципальный округ Донской,8,8,8,8,8,8,8,8,5,5,5,5,5,5,5,5,5,5,5,5,5,5,5,5
внутригородская территория города федерального значения муниципальный округ Дорогомилово,8,8,8,8,8,8,8,5,5,5,5,5,5,5,5,5,5,5,5,5,5,5,5,5
внутригородская территория города федерального значения муниципальный округ Екатерингофский,8,8,8,8,8,8,8,8,8,8,8,8,5,5,5,5,5,5,5,5,5,5,5,5
внутригородская территория города федерального значения муниципальный округ Замоскворечье,8,8,8,8,8,8,8,5,5,5,5,5,5,5,5,5,5,5,5,5,5,5,5,5
внутригородская территория города федерального значения муниципальный округ Западное Дегунино,8,8,8,8,8,8,8,8,8,8,8,8,8,5,5,5,5,5,5,5,5,5,5,5
внутригородская территория города федерального значения муниципальный округ Звездное,8,8,8,8,8,8,8,8,8,8,5,5,5,5,5,5,5,5,5,5,5,5,5,5
внутригородская территория города федерального значения муниципальный округ Зюзино,8,8,8,8,8,8,8,8,8,8,8,5,5,5,5,5,5,5,5,5,5,5,5,5
внутригородская территория города федерального значения муниципальный округ Зябликово,8,8,8,8,8,8,8,8,8,8,8,8,5,5,5,5,5,5,5,5,5,5,5,5
внутригородская территория города федерального значения муниципальный округ Ивановский,8,8,8,8,8,8,8,8,8,8,8,8,5,5,5,5,5,5,5,5,5,5,5,5
внутригородская территория города федерального значения муниципальный округ Ивановское,8,8,8,8,8,8,8,8,8,8,8,8,5,5,5,5,5,5,5,5,5,5,5,5
внутригородская территория города федерального значения муниципальный округ Измайлово,8,8,8,8,8,8,8,8,8,8,8,5,5,5,5,5,5,5,5,5,5,5,5,5
внутригородская территория города федерального значения муниципальный округ Измайловское,8,8,8,8,8,8,8,8,8,5,5,5,5,5,5,5,5,5,5,5,5,5,5,5
внутригородская территория города федерального значения муниципальный округ Капотня,3,3,3,3,3,3,3,3,3,3,3,3,3,3,3,3,5,5,5,5,5,5,5,5
внутригородская территория города федерального значения муниципальный округ Княжево,8,8,8,8,8,8,8,8,8,8,8,8,5,5,5,5,5,5,5,5,5,5,5,5
внутригородская территория города федерального значения муниципальный округ Коломна,8,8,8,8,8,8,8,8,8,5,5,5,5,5,5,5,5,5,5,5,5,5,5,5
внутригородская территория города федерального значения муниципальный округ Коломяги,8,8,8,8,8,8,8,8,8,8,8,5,5,5,5,5,5,5,5,5,5,5,5,5
внутригородская территория города федерального значения муниципальный округ Комендантский аэродром,8,8,8,8,8,8,8,8,8,8,8,5,5,5,5,5,5,5,5,5,5,5,5,5
внутригородская территория города федерального значения муниципальный округ Константиновское,8,8,8,8,8,8,8,8,8,8,8,8,5,5,5,5,5,5,5,5,5,5,5,5
внутригородская территория города федерального значения муниципальный округ Коньково,8,8,8,8,8,8,8,8,8,8,8,5,5,5,5,5,5,5,5,5,5,5,5,5
внутригородская территория города федерального значения муниципальный округ Коптево,8,8,8,8,8,8,8,8,8,8,8,8,8,5,5,5,5,5,5,5,5,5,5,5
внутригородская территория города федерального значения муниципальный округ Косино-Ухтомский,8,8,8,8,8,8,8,8,8,8,8,8,8,5,5,5,5,5,5,5,5,5,5,5
внутригородская территория города федерального значения муниципальный округ Котловка,8,8,8,8,8,8,8,8,8,8,8,8,8,5,5,5,5,5,5,5,5,5,5,5
внутригородская территория города федерального значения муниципальный округ Красненькая речка,8,8,8,8,8,8,8,8,8,8,8,8,5,5,5,5,5,5,5,5,5,5,5,5
внутригородская территория города федерального значения муниципальный округ Красносельский,8,8,8,8,8,8,8,5,5,5,5,5,5,5,5,5,5,5,5,5,5,5,5,5
внутригородская территория города федерального значения муниципальный округ Кронверкское,8,8,8,8,8,8,8,8,8,5,5,5,5,5,5,5,5,5,5,5,5,5,5,5
внутригородская территория города федерального значения муниципальный округ Крылатское,8,8,8,8,8,8,8,5,5,5,5,5,5,5,5,5,5,5,5,5,5,5,5,5
внутригородская территория города федерального значения муниципальный округ Крюково,8,8,8,8,8,8,8,8,8,8,8,8,8,5,5,5,5,5,5,5,5,5,5,5
внутригородская территория города федерального значения муниципальный округ Кузьминки,8,8,8,8,8,8,8,8,8,8,8,8,5,5,5,5,5,5,5,5,5,5,5,5
внутригородская территория города федерального значения муниципальный округ Кунцево,8,8,8,8,8,8,8,8,8,8,8,5,5,5,5,5,5,5,5,5,5,5,5,5
внутригородская территория города федерального значения муниципальный округ Купчино,8,8,8,8,8,8,8,8,8,8,8,8,5,5,5,5,5,5,5,5,5,5,5,5
внутригородская территория города федерального значения муниципальный округ Куркино,8,8,8,8,8,8,8,5,5,5,5,5,5,5,5,5,5,5,5,5,5,5,5,5
внутригородская территория города федерального значения муниципальный округ Ланское,8,8,8,8,8,8,8,8,8,8,5,5,5,5,5,5,5,5,5,5,5,5,5,5
внутригородская территория города федерального значения муниципальный округ Лахта-Ольгино,8,8,8,8,8,8,8,8,8,8,8,8,8,5,5,5,5,5,5,5,5,5,5,5
внутригородская территория города федерального значения муниципальный округ Левобережный,8,8,8,8,8,8,8,5,5,5,5,5,5,5,5,5,5,5,5,5,5,5,5,5
внутригородская территория города федерального значения муниципальный округ Лефортово,8,8,8,8,8,8,8,8,8,8,8,5,5,5,5,5,5,5,5,5,5,5,5,5
внутригородская территория города федерального значения муниципальный округ Лианозово,8,8,8,8,8,8,8,8,8,8,8,8,8,5,5,5,5,5,5,5,5,5,5,5
внутригородская территория города федерального значения муниципальный округ Лиговка-Ямская,8,8,8,8,8,8,8,8,8,5,5,5,5,5,5,5,5,5,5,5,5,5,5,5
внутригородская территория города федерального значения муниципальный округ Литейный округ,8,8,8,8,8,8,8,8,8,5,5,5,5,5,5,5,5,5,5,5,5,5,5,5
внутригородская территория города федерального значения муниципальный округ Ломоносовский,8,8,8,8,8,8,8,5,5,5,5,5,5,5,5,5,5,5,5,5,5,5,5,5
внутригородская территория города федерального значения муниципальный округ Лосиноостровский,8,8,8,8,8,8,8,8,8,8,8,8,8,5,5,5,5,5,5,5,5,5,5,5
внутригородская территория города федерального значения муниципальный округ Люблино,8,8,8,8,8,8,8,8,8,8,8,8,5,5,5,5,5,5,5,5,5,5,5,5
внутригородская территория города федерального значения муниципальный округ Малая Охта,8,8,8,8,8,8,8,8,8,8,8,8,5,5,5,5,5,5,5,5,5,5,5,5
внутригородская территория города федерального значения муниципальный округ Марфино,8,8,8,8,8,8,8,8,8,8,8,5,5,5,5,5,5,5,5,5,5,5,5,5
внутригородская территория города федерального значения муниципальный округ Марьина роща,8,8,8,8,8,8,8,8,8,5,5,5,5,5,5,5,5,5,5,5,5,5,5,5
внутригородская территория города федерального значения муниципальный округ Марьино,8,8,8,8,8,8,8,8,8,8,8,8,8,5,5,5,5,5,5,5,5,5,5,5
внутригородская территория города федерального значения муниципальный округ Матушкино,8,8,8,8,8,8,8,8,8,8,8,8,8,5,5,5,5,5,5,5,5,5,5,5
внутригородская территория города федерального значения муниципальный округ Метрогородок,8,8,8,8,8,8,8,8,8,8,8,8,5,5,5,5,5,5,5,5,5,5,5,5
внутригородская территория города федерального значения муниципальный округ Мещанский,8,8,8,8,8,8,8,5,5,5,5,5,5,5,5,5,5,5,5,5,5,5,5,5
внутригородская территория города федерального значения муниципальный округ Митино,8,8,8,8,8,8,8,8,8,8,8,5,5,5,5,5,5,5,5,5,5,5,5,5
внутригородская территория города федерального значения муниципальный округ Можайский,8,8,8,8,8,8,8,8,8,8,8,5,5,5,5,5,5,5,5,5,5,5,5,5
внутригородская территория города федерального значения муниципальный округ Молжаниновский,3,3,3,3,3,8,8,3,3,3,8,8,3,5,5,5,5,5,5,5,5,5,5,5
внутригородская территория города федерального значения муниципальный округ Морские ворота,8,8,3,3,3,3,3,3,3,3,3,3,3,3,3,3,5,5,5,5,5,5,5,5
внутригородская территория города федерального значения муниципальный округ Морской,8,8,8,8,8,8,8,8,8,8,5,5,5,5,5,5,5,5,5,5,5,5,5,5
внутригородская территория города федерального значения муниципальный округ Москворечье-Сабурово,8,8,8,8,8,8,8,8,8,8,8,8,8,5,5,5,5,5,5,5,5,5,5,5
внутригородская территория города федерального значения муниципальный округ Московская застава,8,8,8,8,8,8,8,8,8,5,5,5,5,5,5,5,5,5,5,5,5,5,5,5
внутригородская территория города федерального значения муниципальный округ Нагатино-Садовники,8,8,8,8,8,8,8,8,8,8,8,5,5,5,5,5,5,5,5,5,5,5,5,5
внутригородская территория города федерального значения муниципальный округ Нагатинский затон,8,8,8,8,8,8,8,8,8,8,8,5,5,5,5,5,5,5,5,5,5,5,5,5
внутригородская территория города федерального значения муниципальный округ Нагорный,8,8,8,8,8,8,8,8,8,8,8,5,5,5,5,5,5,5,5,5,5,5,5,5
внутригородская территория города федерального значения муниципальный округ Нарвский округ,8,8,8,8,8,8,8,8,8,8,8,8,5,5,5,5,5,5,5,5,5,5,5,5
внутригородская территория города федерального значения муниципальный округ Народный,8,8,8,8,8,8,8,8,8,8,8,8,5,5,5,5,5,5,5,5,5,5,5,5
внутригородская территория города федерального значения муниципальный округ Невская застава,8,8,8,8,8,8,8,8,8,8,8,8,5,5,5,5,5,5,5,5,5,5,5,5
внутригородская территория города федерального значения муниципальный округ Невский округ,8,8,8,8,8,8,8,8,8,8,8,8,5,5,5,5,5,5,5,5,5,5,5,5
внутригородская территория города федерального значения муниципальный округ Некрасовка,8,8,8,8,8,8,8,8,8,8,8,8,5,5,5,5,5,5,5,5,5,5,5,5
внутригородская территория города федерального значения муниципальный округ Нижегородский,8,8,8,8,8,8,8,8,8,8,8,8,5,5,5,5,5,5,5,5,5,5,5,5
внутригородская территория города федерального значения муниципальный округ Ново-Переделкино,8,8,8,8,8,8,8,8,8,8,8,8,8,5,5,5,5,5,5,5,5,5,5,5
внутригородская территория города федерального значения муниципальный округ Новогиреево,8,8,8,8,8,8,8,8,8,8,8,8,8,5,5,5,5,5,5,5,5,5,5,5
внутригородская территория города федерального значения муниципальный округ Новоизмайловское,8,8,8,8,8,8,8,8,8,8,8,8,5,5,5,5,5,5,5,5,5,5,5,5
внутригородская территория города федерального значения муниципальный округ Новокосино,8,8,8,8,8,8,8,8,8,8,8,8,8,5,5,5,5,5,5,5,5,5,5,5
внутригородская территория города федерального значения муниципальный округ Обручевский,8,8,8,8,8,8,8,5,5,5,5,5,5,5,5,5,5,5,5,5,5,5,5,5
внутригородская территория города федерального значения муниципальный округ Обуховский,8,8,8,8,8,8,8,8,8,8,8,8,5,5,5,5,5,5,5,5,5,5,5,5
внутригородская территория города федерального значения муниципальный округ Озеро Долгое,8,8,8,8,8,8,8,8,8,8,8,5,5,5,5,5,5,5,5,5,5,5,5,5
внутригородская территория города федерального значения муниципальный округ Оккервиль,8,8,8,8,8,8,8,8,8,8,8,8,5,5,5,5,5,5,5,5,5,5,5,5
внутригородская территория города федерального значения муниципальный округ Орехово-Борисово Северное,8,8,8,8,8,8,8,8,8,8,8,8,8,5,5,5,5,5,5,5,5,5,5,5
внутригородская территория города федерального значения муниципальный округ Орехово-Борисово Южное,8,8,8,8,8,8,8,8,8,8,8,8,8,5,5,5,5,5,5,5,5,5,5,5
внутригородская территория города федерального значения муниципальный округ Останкинский,8,8,8,8,8,8,8,5,5,5,5,5,5,5,5,5,5,5,5,5,5,5,5,5
внутригородская территория города федерального значения муниципальный округ Остров Декабристов,8,8,8,8,8,8,8,8,8,5,5,5,5,5,5,5,5,5,5,5,5,5,5,5
внутригородская территория города федерального значения муниципальный округ Отрадное,8,8,8,8,8,8,8,8,8,8,8,8,8,5,5,5,5,5,5,5,5,5,5,5
внутригородская территория города федерального значения муниципальный округ Очаково-Матвеевское,8,8,8,8,8,8,8,8,8,8,8,5,5,5,5,5,5,5,5,5,5,5,5,5
внутригородская территория города федерального значения муниципальный округ Перово,8,8,8,8,8,8,8,8,8,8,8,8,5,5,5,5,5,5,5,5,5,5,5,5
внутригородская территория города федерального значения муниципальный округ Печатники,8,8,8,8,8,8,8,8,8,8,8,8,5,5,5,5,5,5,5,5,5,5,5,5
внутригородская территория города федерального значения муниципальный округ Пискаревка,8,8,8,8,8,8,8,8,8,8,8,8,5,5,5,5,5,5,5,5,5,5,5,5
внутригородская территория города федерального значения муниципальный округ Покровское-Стрешнево,8,8,8,8,8,8,8,8,8,8,8,5,5,5,5,5,5,5,5,5,5,5,5,5
внутригородская территория города федерального значения муниципальный округ Полюстрово,8,8,8,8,8,8,8,8,8,8,8,8,5,5,5,5,5,5,5,5,5,5,5,5
внутригородская территория города федерального значения муниципальный округ Пороховые,8,8,8,8,8,8,8,8,8,8,8,8,5,5,5,5,5,5,5,5,5,5,5,5
внутригородская территория города федерального значения муниципальный округ Посадский,8,8,8,8,8,8,8,5,5,5,5,5,5,5,5,5,5,5,5,5,5,5,5,5
внутригородская территория города федерального значения муниципальный округ Правобережный,8,8,8,8,8,8,8,8,8,8,8,8,5,5,5,5,5,5,5,5,5,5,5,5
внутригородская территория города федерального значения муниципальный округ Преображенское,8,8,8,8,8,8,8,8,8,8,8,5,5,5,5,5,5,5,5,5,5,5,5,5
внутригородская территория города федерального значения муниципальный округ Пресненский,8,8,8,8,8,8,8,5,5,5,5,5,5,5,5,5,5,5,5,5,5,5,5,5
внутригородская территория города федерального значения муниципальный округ Прометей,8,8,8,8,8,8,8,8,8,8,8,8,5,5,5,5,5,5,5,5,5,5,5,5
внутригородская территория города федерального значения муниципальный округ Проспект Вернадского,8,8,8,8,8,8,8,5,5,5,5,5,5,5,5,5,5,5,5,5,5,5,5,5
внутригородская территория города федерального значения муниципальный округ Пулковский меридиан,8,8,8,8,8,8,8,8,8,8,8,8,5,5,5,5,5,5,5,5,5,5,5,5
внутригородская территория города федерального значения муниципальный округ Раменки,8,8,8,8,8,8,8,5,5,5,5,5,5,5,5,5,5,5,5,5,5,5,5,5
внутригородская территория города федерального значения муниципальный округ Ржевка,8,8,8,8,8,8,8,8,8,8,8,8,5,5,5,5,5,5,5,5,5,5,5,5
внутригородская территория города федерального значения муниципальный округ Ростокино,8,8,8,8,8,8,8,8,8,8,8,5,5,5,5,5,5,5,5,5,5,5,5,5
внутригородская территория города федерального значения муниципальный округ Рыбацкое,8,8,8,8,8,8,8,8,8,8,8,8,5,5,5,5,5,5,5,5,5,5,5,5
внутригородская территория города федерального значения муниципальный округ Рязанский,8,8,8,8,8,8,8,8,8,8,8,8,8,5,5,5,5,5,5,5,5,5,5,5
внутригородская территория города федерального значения муниципальный округ Савеловский,8,8,8,8,8,8,8,8,8,8,5,5,5,5,5,5,5,5,5,5,5,5,5,5
внутригородская территория города федерального значения муниципальный округ Сампсониевское,8,8,8,8,8,8,8,8,8,8,5,5,5,5,5,5,5,5,5,5,5,5,5,5
внутригородская территория города федерального значения муниципальный округ Светлановское,8,8,8,8,8,8,8,8,8,8,5,5,5,5,5,5,5,5,5,5,5,5,5,5
внутригородская территория города федерального значения муниципальный округ Свиблово,8,8,8,8,8,8,8,5,5,5,5,5,5,5,5,5,5,5,5,5,5,5,5,5
внутригородская территория города федерального значения муниципальный округ Северное Бутово,8,8,8,8,8,8,8,8,8,8,8,5,5,5,5,5,5,5,5,5,5,5,5,5
внутригородская территория города федерального значения муниципальный округ Северное Измайлово,8,8,8,8,8,8,8,8,8,8,8,8,5,5,5,5,5,5,5,5,5,5,5,5
внутригородская территория города федерального значения муниципальный округ Северное Медведково,8,8,8,8,8,8,8,8,8,8,8,8,8,5,5,5,5,5,5,5,5,5,5,5
внутригородская территория города федерального значения муниципальный округ Северное Тушино,8,8,8,8,8,8,8,8,8,8,8,8,8,5,5,5,5,5,5,5,5,5,5,5
внутригородская территория города федерального значения муниципальный округ Семеновский,8,8,8,8,8,8,8,8,8,5,5,5,5,5,5,5,5,5,5,5,5,5,5,5
внутригородская территория города федерального значения муниципальный округ Сенной округ,8,8,8,8,8,8,8,8,8,5,5,5,5,5,5,5,5,5,5,5,5,5,5,5
внутригородская территория города федерального значения муниципальный округ Сергиевское,8,8,8,8,8,8,8,8,8,8,8,8,5,5,5,5,5,5,5,5,5,5,5,5
внутригородская территория города федерального значения муниципальный округ Силино,8,8,8,8,8,8,8,8,8,8,8,8,8,5,5,5,5,5,5,5,5,5,5,5
внутригородская территория города федерального значения муниципальный округ Смольнинское,8,8,8,8,8,8,8,8,8,5,5,5,5,5,5,5,5,5,5,5,5,5,5,5
внутригородская территория города федерального значения муниципальный округ Сокол,8,8,8,8,8,8,8,5,5,5,5,5,5,5,5,5,5,5,5,5,5,5,5,5
внутригородская территория города федерального значения муниципальный округ Соколиная гора,8,8,8,8,8,8,8,8,8,8,8,8,8,5,5,5,5,5,5,5,5,5,5,5
внутригородская территория города федерального значения муниципальный округ Сокольники,8,8,8,8,8,8,8,5,5,5,5,5,5,5,5,5,5,5,5,5,5,5,5,5
внутригородская территория города федерального значения муниципальный округ Солнцево,8,8,8,8,8,8,8,8,8,8,8,5,5,5,5,5,5,5,5,5,5,5,5,5
внутригородская территория города федерального значения муниципальный округ Сосновая поляна,8,8,8,8,8,8,8,8,8,8,8,8,5,5,5,5,5,5,5,5,5,5,5,5
внутригородская территория города федерального значения муниципальный округ Сосновское,8,8,8,8,8,8,8,8,8,8,8,8,5,5,5,5,5,5,5,5,5,5,5,5
внутригородская территория города федерального значения муниципальный округ Старое Крюково,8,8,8,8,8,8,8,8,8,8,8,8,8,5,5,5,5,5,5,5,5,5,5,5
внутригородская территория города федерального значения муниципальный округ Строгино,8,8,8,8,8,8,8,8,8,8,8,5,5,5,5,5,5,5,5,5,5,5,5,5
внутригородская территория города федерального значения муниципальный округ Таганский,8,8,8,8,8,8,8,5,5,5,5,5,5,5,5,5,5,5,5,5,5,5,5,5
внутригородская территория города федерального значения муниципальный округ Тверской,8,8,8,8,8,8,8,5,5,5,5,5,5,5,5,5,5,5,5,5,5,5,5,5
внутригородская территория города федерального значения муниципальный округ Текстильщики,8,8,8,8,8,8,8,8,8,8,8,8,5,5,5,5,5,5,5,5,5,5,5,5
внутригородская территория города федерального значения муниципальный округ Теплый Стан,8,8,8,8,8,8,8,8,8,8,8,5,5,5,5,5,5,5,5,5,5,5,5,5
внутригородская территория города федерального значения муниципальный округ Тимирязевский,8,8,8,8,8,8,8,8,8,8,8,5,5,5,5,5,5,5,5,5,5,5,5,5
внутригородская территория города федерального значения муниципальный округ Тропарево-Никулино,8,8,8,8,8,8,8,5,5,5,5,5,5,5,5,5,5,5,5,5,5,5,5,5
внутригородская территория города федерального значения муниципальный округ Ульянка,8,8,8,8,8,8,8,8,8,8,8,8,5,5,5,5,5,5,5,5,5,5,5,5
внутригородская территория города федерального значения муниципальный округ Урицк,8,8,8,8,8,8,8,8,8,8,8,8,5,5,5,5,5,5,5,5,5,5,5,5
внутригородская территория города федерального значения муниципальный округ Филевский парк,8,8,8,8,8,8,8,5,5,5,5,5,5,5,5,5,5,5,5,5,5,5,5,5
внутригородская территория города федерального значения муниципальный округ Фили-Давыдково,8,8,8,8,8,8,8,8,5,5,5,5,5,5,5,5,5,5,5,5,5,5,5,5
внутригородская территория города федерального значения муниципальный округ Финляндский округ,8,8,8,8,8,8,8,8,8,8,8,8,5,5,5,5,5,5,5,5,5,5,5,5
внутригородская территория города федерального значения муниципальный округ Хамовники,8,8,8,8,8,8,8,5,5,5,5,5,5,5,5,5,5,5,5,5,5,5,5,5
внутригородская территория города федерального значения муниципальный округ Ховрино,8,8,8,8,8,8,8,8,8,8,8,5,5,5,5,5,5,5,5,5,5,5,5,5
внутригородская территория города федерального значения муниципальный округ Хорошево-Мневники,8,8,8,8,8,8,8,5,5,5,5,5,5,5,5,5,5,5,5,5,5,5,5,5
внутригородская территория города федерального значения муниципальный округ Хорошевский,8,8,8,8,8,8,8,5,5,5,5,5,5,5,5,5,5,5,5,5,5,5,5,5
внутригородская территория города федерального значения муниципальный округ Царицыно,8,8,8,8,8,8,8,8,8,8,8,8,5,5,5,5,5,5,5,5,5,5,5,5
внутригородская территория города федерального значения муниципальный округ Черемушки,8,8,8,8,8,8,8,5,5,5,5,5,5,5,5,5,5,5,5,5,5,5,5,5
внутригородская территория города федерального значения муниципальный округ Чертаново Северное,8,8,8,8,8,8,8,8,8,8,8,5,5,5,5,5,5,5,5,5,5,5,5,5
внутригородская территория города федерального значения муниципальный округ Чертаново Центральное,8,8,8,8,8,8,8,8,8,8,8,8,8,5,5,5,5,5,5,5,5,5,5,5
внутригородская территория города федерального значения муниципальный округ Чертаново Южное,8,8,8,8,8,8,8,8,8,8,8,8,8,5,5,5,5,5,5,5,5,5,5,5
внутригородская территория города федерального значения муниципальный округ Чкаловское,8,8,8,8,8,8,8,5,5,5,5,5,5,5,5,5,5,5,5,5,5,5,5,5
внутригородская территория города федерального значения муниципальный округ Шувалово-Озерки,8,8,8,8,8,8,8,8,8,8,8,8,5,5,5,5,5,5,5,5,5,5,5,5
внутригородская территория города федерального значения муниципальный округ Щукино,8,8,8,8,8,8,8,5,5,5,5,5,5,5,5,5,5,5,5,5,5,5,5,5
внутригородская территория города федерального значения муниципальный округ Юго-Запад,8,8,8,8,8,8,8,8,8,8,8,8,5,5,5,5,5,5,5,5,5,5,5,5
внутригородская территория города федерального значения муниципальный округ Южно-Приморский,8,8,8,8,8,8,8,8,8,8,8,5,5,5,5,5,5,5,5,5,5,5,5,5
внутригородская территория города федерального значения муниципальный округ Южное Бутово,8,8,8,8,8,8,8,8,8,8,8,8,8,5,5,5,5,5,5,5,5,5,5,5
внутригородская территория города федерального значения муниципальный округ Южное Медведково,8,8,8,8,8,8,8,8,8,8,8,8,8,5,5,5,5,5,5,5,5,5,5,5
внутригородская территория города федерального значения муниципальный округ Южное Тушино,8,8,8,8,8,8,8,8,8,8,8,8,8,5,5,5,5,5,5,5,5,5,5,5
внутригородская территория города федерального значения муниципальный округ Южнопортовый,8,8,8,8,8,8,8,8,8,8,8,5,5,5,5,5,5,5,5,5,5,5,5,5
внутригородская территория города федерального значения муниципальный округ Юнтолово,8,8,8,8,8,8,8,8,8,8,8,8,5,5,5,5,5,5,5,5,5,5,5,5
внутригородская территория города федерального значения муниципальный округ Якиманка,8,8,8,8,8,8,8,5,5,5,5,5,5,5,5,5,5,5,5,5,5,5,5,5
внутригородская территория города федерального значения муниципальный округ Ярославский,8,8,8,8,8,8,8,8,8,8,8,8,5,5,5,5,5,5,5,5,5,5,5,5
внутригородская территория города федерального значения муниципальный округ Ясенево,8,8,8,8,8,8,8,8,8,8,8,8,8,5,5,5,5,5,5,5,5,5,5,5
внутригородская территория города федерального значения муниципальный округ округ Петровский,8,8,8,8,8,8,8,5,5,5,5,5,5,5,5,5,5,5,5,5,5,5,5,5
внутригородская территория города федерального значения муниципальный округ № 15,8,8,8,8,8,8,8,8,8,8,8,8,5,5,5,5,5,5,5,5,5,5,5,5
внутригородская территория города федерального значения муниципальный округ № 21,8,8,8,8,8,8,8,8,8,8,8,8,5,5,5,5,5,5,5,5,5,5,5,5
внутригородская территория города федерального значения муниципальный округ № 54,8,8,8,8,8,8,8,8,8,8,8,8,5,5,5,5,5,5,5,5,5,5,5,5
внутригородская территория города федерального значения муниципальный округ № 65,8,8,8,8,8,8,8,8,8,8,8,5,5,5,5,5,5,5,5,5,5,5,5,5
внутригородская территория города федерального значения муниципальный округ № 7,8,8,8,8,8,8,8,8,8,5,5,5,5,5,5,5,5,5,5,5,5,5,5,5
внутригородская территория города федерального значения муниципальный округ № 72,8,8,8,8,8,8,8,8,8,8,8,8,5,5,5,5,5,5,5,5,5,5,5,5
внутригородская территория города федерального значения муниципальный округ № 78,8,8,8,8,8,8,8,8,8,5,5,5,5,5,5,5,5,5,5,5,5,5,5,5
внутригородская территория города федерального значения поселение Внуковское,8,8,8,8,8,8,8,8,8,8,8,5,5,5,5,5,5,5,5,5,5,5,5,5
внутригородская территория города федерального значения поселение Вороновское,3,3,3,3,3,6,6,6,6,3,3,3,3,3,3,3,5,5,7,7,7,7,7,7
внутригородская территория города федерального значения поселение Воскресенское,8,8,8,8,8,8,8,8,8,8,8,8,8,5,5,5,5,5,5,5,5,5,5,5
внутригородская территория города федерального значения поселение Десеновское,8,8,8,8,8,8,8,8,8,8,8,8,8,5,5,5,5,5,5,5,5,5,5,5
внутригородская территория города федерального значения поселение Киевский,3,3,3,3,3,0,0,0,6,6,6,6,6,6,6,6,7,7,7,7,7,7,7,7
внутригородская территория города федерального значения поселение Кокошкино,3,3,3,3,3,6,6,6,6,6,6,6,6,6,6,7,7,7,7,5,5,5,5,5
внутригородская территория города федерального значения поселение Краснопахорское,3,3,3,3,3,3,3,3,3,3,3,3,3,3,3,3,5,5,7,7,7,7,7,7
внутригородская территория города федерального значения поселение Марушкинское,3,3,3,3,3,3,3,3,3,3,3,3,3,3,3,3,5,5,5,5,5,5,5,5
внутригородская территория города федерального значения поселение Михайлово-Ярцевское,3,3,3,3,3,6,6,6,6,6,6,6,6,6,6,7,7,7,7,7,7,7,7,7
внутригородская территория города федерального значения поселение Московский,8,8,8,8,8,8,8,8,8,8,8,5,5,5,5,5,5,5,5,5,5,5,5,5
"внутригородская территория города федерального значения поселение Мосрентген""""",3,3,3,3,10,10,10,10,10,10,10,10,10,10,10,10,10,10,10,10,10,10,10,10
внутригородская территория города федерального значения поселение Новофедоровское,3,3,3,3,3,6,6,6,6,6,6,6,6,6,6,7,7,7,7,7,7,7,7,7
внутригородская территория города федерального значения поселение Первомайское,8,8,8,8,8,8,8,8,8,8,8,8,8,5,5,5,5,5,5,5,5,5,5,5
внутригородская территория города федерального значения поселение Рязановское,3,3,3,3,3,3,3,3,3,3,3,3,3,5,5,3,5,5,5,5,5,5,5,5
внутригородская территория города федерального значения поселение Сосенское,8,8,8,8,8,8,8,8,8,8,8,5,5,5,5,5,5,5,5,5,5,5,5,5
внутригородская территория города федерального значения поселение Филимонковское,3,3,3,3,3,3,3,3,3,3,3,3,3,3,3,3,5,5,5,5,5,5,5,5
внутригородская территория города федерального значения поселение Щаповское,3,3,3,3,3,6,6,6,6,6,6,6,6,6,6,7,7,7,7,7,7,7,7,7
внутригородская территория города федерального значения поселок Левашово,8,8,8,3,3,8,8,8,8,3,3,3,3,5,5,3,5,5,5,5,5,5,5,5
внутригородская территория города федерального значения поселок Лисий Нос,8,8,8,8,8,8,8,8,8,8,8,8,5,5,5,5,5,5,5,5,5,5,5,5
внутригородская территория города федерального значения поселок Металлострой,3,3,3,3,3,3,3,3,3,3,3,3,3,3,3,3,5,5,5,5,5,5,5,5
внутригородская территория города федерального значения поселок Парголово,8,8,8,8,8,8,8,8,8,8,8,8,5,5,5,5,5,5,5,5,5,5,5,5
внутригородская территория города федерального значения поселок Песочный,8,8,8,8,8,8,8,8,8,8,8,8,8,5,5,5,5,5,5,5,5,5,5,5
внутригородская территория города федерального значения поселок Понтонный,3,3,3,3,3,3,3,3,3,3,3,3,3,3,3,3,3,5,5,5,5,5,5,5
внутригородская территория города федерального значения поселок Стрельна,8,8,8,8,8,8,8,8,8,8,8,8,5,5,5,5,5,5,5,5,5,5,5,5
внутригородская территория города федерального значения поселок Шушары,8,8,8,8,8,8,8,8,8,8,8,8,5,5,5,5,5,5,5,5,5,5,5,5
городской округ Абдулинский,0,0,0,0,0,0,0,0,0,1,1,1,1,1,1,1,2,2,2,2,2,2,2,2
городской округ Алапаевское,0,0,0,0,0,0,0,0,0,1,1,1,1,1,6,1,1,1,2,2,2,2,2,2
городской округ Александровск-Сахалинский район,4,4,4,4,4,4,4,4,4,4,4,4,4,4,4,4,4,4,4,2,2,2,2,2
городской округ Анадырь,4,4,4,4,4,4,4,4,4,4,4,4,4,4,4,4,4,4,4,4,4,4,4,4
городской округ Ангарский,3,3,3,3,3,3,3,3,3,3,3,3,3,3,3,3,3,7,7,7,7,7,7,7
городской округ Анжеро-Судженский,0,0,0,0,0,0,0,6,6,6,6,6,6,6,6,7,7,7,7,7,7,7,7,7
городской округ Анивский,4,4,4,4,4,4,4,4,4,4,4,4,4,4,4,4,4,4,4,4,4,4,4,4
городской округ Арамильский,3,3,3,3,3,3,3,3,3,3,3,3,3,3,3,3,3,7,7,7,7,7,7,7
городской округ Арсеньевский,4,4,4,4,4,4,4,4,4,4,4,4,4,4,4,4,4,4,4,4,4,4,4,4
городской округ Артинский,0,0,0,0,0,0,0,0,0,1,1,1,1,1,1,1,1,1,1,2,2,2,2,2
городской округ Асбестовский,3,3,3,3,3,3,3,3,3,3,3,3,3,3,3,3,7,7,7,7,7,7,7,7
городской округ Ачитский,0,0,0,0,0,0,0,0,0,1,1,1,1,1,1,1,1,1,1,2,2,2,2,2
городской округ Баксан,9,9,9,9,9,9,9,9,9,9,9,9,9,9,9,9,9,9,9,9,9,9,9,9
городской округ Балашиха,8,8,8,8,8,8,8,8,8,8,8,8,5,5,5,5,5,5,5,5,5,5,5,5
городской округ Балтийский,3,3,3,0,0,0,0,0,6,6,6,6,6,6,6,6,7,7,7,7,7,4,4,4
городской округ Беловский,0,0,0,0,0,3,3,6,3,3,6,6,6,6,6,7,7,7,7,7,7,7,7,7
городской округ Белоярский,0,0,0,0,0,0,0,6,6,6,6,6,6,6,6,6,7,7,7,7,7,7,7,7
городской округ Бисертский,0,0,0,0,0,0,0,0,6,6,6,6,6,6,6,6,7,2,2,2,2,2,2,2
городской округ Богданович,0,0,0,0,0,3,3,6,6,6,6,6,6,6,6,7,7,7,7,7,7,7,7,7
городской округ Богородский,3,3,3,3,3,3,3,3,3,3,3,3,3,3,3,3,5,5,5,5,5,5,5,5
городской округ Большой Камень,4,4,4,4,4,4,4,4,4,4,4,4,4,4,4,4,4,4,4,4,4,4,4,4
городской округ Бронницы,3,3,3,3,3,3,3,3,3,3,3,3,3,3,3,3,5,5,5,5,5,5,5,5
городской округ Великий Новгород,3,3,3,3,3,3,3,3,3,3,3,3,3,3,3,3,3,7,7,7,7,7,7,7
городской округ Верещагинский,0,0,0,0,0,0,0,0,0,1,1,6,1,1,1,1,1,1,2,2,2,2,2,2
городской округ Верхнесалдинский,3,3,3,3,3,3,3,3,3,6,6,6,6,6,6,7,7,7,7,7,7,7,7,7
городской округ Верхнеуфалейский,0,0,0,0,0,0,0,0,0,1,1,1,1,1,6,6,1,1,2,2,2,2,2,2
городской округ Верхний Тагил,0,0,0,0,0,0,0,0,6,6,6,6,6,6,6,6,7,2,2,2,2,2,2,2
городской округ Верхняя Пышма,3,3,3,3,3,3,3,3,3,3,3,3,3,3,3,3,3,7,7,7,7,7,7,7
городской округ Верхняя Тура,0,0,0,0,0,0,0,0,6,6,6,6,6,6,6,2,2,2,2,2,2,2,2,2
городской округ Верхотурский,0,0,0,0,0,0,0,0,6,6,6,6,1,6,6,6,1,1,2,2,2,2,2,2
городской округ Вичуга,0,0,0,0,0,0,0,0,0,1,1,1,1,1,1,1,1,1,1,2,2,2,2,2
городской округ Владивостокский,4,4,4,4,4,4,4,4,4,4,4,4,4,4,4,4,4,4,4,4,4,4,4,4
городской округ Волоколамский,3,3,3,3,3,6,6,6,6,6,6,6,6,6,6,7,7,7,7,7,7,7,7,7
городской округ Волчанский,0,0,0,0,0,0,0,0,6,6,1,1,1,1,1,1,1,1,2,2,2,2,2,2
городской округ Воркута,3,3,3,3,3,3,4,4,4,4,4,4,4,4,4,4,4,4,4,4,4,4,4,4
городской округ Воротынский,0,0,0,0,0,0,0,0,0,1,1,1,1,1,1,1,1,1,1,2,2,2,2,2
городской округ Воскресенск,3,3,3,3,3,3,3,3,3,3,3,3,3,3,3,3,5,5,5,5,5,5,5,5
городской округ Вышневолоцкий,0,0,0,0,0,0,0,6,6,6,6,6,6,6,6,7,7,7,7,7,7,7,7,7
городской округ Гайский,0,0,0,0,0,0,0,0,6,6,6,6,6,6,6,2,2,2,2,2,2,2,2,2
городской округ Гаринский,0,0,0,0,0,0,0,0,0,1,1,1,1,1,1,1,1,2,2,2,2,2,2,2
городской округ Голышмановский,0,0,0,0,0,0,0,0,0,0,1,1,1,1,1,1,1,1,1,2,2,2,2,2
городской округ Горнозаводский,0,0,0,0,0,0,0,0,0,1,1,1,1,6,6,6,1,1,2,2,2,2,2,2
городской округ Гусевский,0,0,0,0,0,0,0,0,6,6,6,6,6,6,6,6,7,7,7,7,7,2,2,2
городской округ Дальнегорский,4,4,4,4,4,4,4,4,4,4,4,4,4,4,4,4,2,2,2,2,2,2,2,2
городской округ Дальнереченский,4,4,4,4,4,4,4,4,4,4,4,4,4,4,4,4,7,7,7,2,2,2,2,2
городской округ Дегтярск,0,0,0,0,0,0,0,0,6,6,1,6,6,6,6,1,1,1,2,2,2,2,2,2
городской округ Дзержинский,3,3,8,8,8,8,8,8,8,8,8,8,5,5,5,5,5,5,5,5,5,5,5,5
городской округ Дмитровский,3,3,3,3,3,3,3,3,3,3,3,3,3,3,3,3,5,5,5,5,5,5,5,5
городской округ Добрянский,0,0,3,0,0,0,0,0,6,6,6,6,6,6,6,6,7,7,7,7,7,7,7,7
городской округ Долгопрудный,8,8,8,8,8,8,8,8,8,8,8,8,8,5,5,5,5,5,5,5,5,5,5,5
городской округ Долинский,4,4,4,4,4,4,4,4,4,4,4,4,4,4,4,4,7,7,7,2,2,4,4,4
городской округ Домодедово,3,3,3,3,3,3,3,3,3,3,3,3,3,3,3,3,5,5,5,5,5,5,5,5
городской округ Дубна,3,3,3,3,3,3,3,3,3,3,3,3,3,3,3,3,5,5,5,5,5,5,5,5
городской округ Егорьевск,3,3,3,3,3,3,3,3,3,3,3,3,3,3,3,3,3,5,5,5,5,5,5,5
городской округ Жигулевск,0,0,0,0,3,3,3,3,3,6,6,6,6,6,6,7,7,7,7,7,7,7,7,7
городской округ Жуковский,8,8,8,8,8,8,8,8,8,8,8,8,5,5,5,5,5,5,5,5,5,5,5,5
городской округ Заводоуковский,0,0,0,0,0,0,0,0,6,6,6,6,6,6,6,7,7,2,2,2,2,2,2,2
городской округ Зарайск,0,0,0,0,0,0,0,6,6,6,6,6,6,6,6,6,7,7,7,7,7,7,7,7
городской округ Заречный,3,3,3,3,3,3,3,6,6,6,6,6,6,6,6,7,7,7,7,7,7,7,7,7
городской округ Зима,0,0,0,0,0,0,0,0,0,6,6,6,1,6,6,6,1,1,2,2,2,2,2,2
городской округ Златоустовский,0,0,0,3,3,3,3,3,3,3,3,3,3,3,3,3,7,7,7,7,7,7,7,7
городской округ Иваново,3,3,3,3,3,3,3,3,3,3,3,3,3,3,3,3,3,7,7,7,7,7,7,7
городской округ Ивдельский,3,3,3,3,0,0,6,6,6,6,6,6,6,6,6,7,7,7,7,7,7,7,7,7
городской округ Ильинский,0,0,0,0,0,0,0,0,0,1,1,1,1,1,1,1,1,1,1,2,2,2,2,2
городской округ Инта,3,3,3,4,4,4,4,4,4,4,6,6,6,6,6,4,4,4,4,4,4,4,4,4
городской округ Ирбитское,0,0,0,0,0,0,0,0,0,1,1,1,1,1,1,1,1,1,1,2,2,2,2,2
городской округ Истра,3,3,3,3,3,3,3,3,3,3,3,3,3,3,3,3,5,5,5,5,5,5,5,5
городской округ Калтанский,0,0,0,0,0,0,0,6,6,6,6,6,6,6,6,6,7,7,7,7,2,2,7,7
городской округ Каменский,0,0,0,0,0,3,3,3,3,3,6,6,6,6,6,7,7,7,7,7,7,7,2,7
городской округ Камышловский,0,0,0,0,0,0,0,6,6,6,6,6,6,6,6,7,7,2,2,2,2,2,2,2
городской округ Карабашский,0,0,0,0,0,0,0,0,0,1,1,1,1,6,6,2,2,2,2,2,2,2,2,2
городской округ Карачаевский,0,0,0,9,9,9,9,9,9,9,9,9,9,9,9,9,9,9,9,9,9,9,9,9
городской округ Карпинск,0,0,0,0,0,0,0,6,6,6,6,6,6,6,6,6,2,2,2,2,2,2,2,2
городской округ Качканарский,3,3,3,3,3,3,3,3,3,6,6,6,6,6,6,6,7,7,7,7,7,7,7,7
городской округ Кашинский,0,0,0,0,0,0,0,0,0,1,1,1,1,1,1,1,1,1,1,2,2,2,2,2
городской округ Кашира,3,3,3,3,3,6,6,6,6,6,6,6,6,6,6,3,5,5,5,5,5,5,5,7
городской округ Кемеровский,3,3,3,3,3,3,3,3,3,3,3,3,3,3,3,3,3,7,7,7,7,7,7,7
городской округ Кинель,0,0,0,0,0,0,0,6,6,6,6,6,6,6,6,7,7,7,7,7,7,7,7,7
городской округ Кинешма,0,0,0,0,0,0,0,6,6,6,6,6,6,6,6,6,7,7,7,7,2,2,2,2
городской округ Кировградский,3,0,0,0,0,0,0,0,6,6,6,6,6,6,6,6,7,7,2,2,2,2,2,2
городской округ Киселевский,0,0,3,3,3,3,3,3,3,3,3,3,3,3,3,3,7,7,7,7,7,7,7,7
городской округ Клин,3,3,3,3,3,3,3,3,3,3,3,3,3,3,3,3,5,5,5,5,5,5,5,5
городской округ Коломна,3,3,3,3,3,3,3,3,3,3,3,3,3,3,3,3,5,5,5,5,5,5,5,5
городской округ Копейский,3,3,3,3,3,3,3,3,3,3,3,3,3,3,3,3,3,7,7,7,7,7,7,7
городской округ Королёв,8,8,8,8,8,8,8,8,8,8,8,8,8,5,5,5,5,5,5,5,5,5,5,5
городской округ Корсаковский,4,4,4,4,4,4,4,4,4,4,4,4,4,4,4,4,4,4,4,4,4,4,4,4
городской округ Костомукшский,3,3,3,3,3,3,3,3,3,4,4,4,4,4,4,4,4,4,4,4,4,4,4,4
городской округ Котельники,8,8,8,8,8,8,8,8,8,8,8,8,8,5,5,5,5,5,5,5,5,5,5,5
городской округ Котлас,3,3,3,3,3,3,3,3,3,3,3,3,3,3,3,3,7,7,7,7,7,7,7,7
городской округ Кохма,0,0,0,0,0,0,0,3,6,6,6,6,6,6,6,7,7,7,7,7,7,7,7,7
городской округ Красновишерский,0,0,0,0,0,0,0,0,0,1,1,1,1,1,1,1,1,1,1,2,2,2,2,2
городской округ Красногорск,8,8,8,8,8,8,8,8,8,8,8,8,8,5,5,5,5,5,5,5,5,5,5,5
городской округ Краснокамский,0,0,0,3,3,3,3,3,3,3,3,3,3,3,3,3,3,7,7,7,7,7,7,7
городской округ Краснотурьинск,3,3,3,3,3,3,3,3,3,3,3,3,3,3,3,3,7,7,7,7,7,7,7,7
городской округ Красноуральск,0,0,0,0,0,0,0,0,6,6,6,6,6,6,6,2,2,2,2,2,2,2,2,2
городской округ Красноуфимск,0,0,0,3,3,3,3,6,6,6,6,6,6,6,6,7,7,7,7,7,7,7,7,7
городской округ Красноуфимский округ,0,0,0,0,0,0,0,0,0,6,6,6,6,1,1,1,2,7,7,7,2,2,2,2
городской округ Кувандыкский,0,0,0,0,0,0,0,0,0,1,1,1,1,1,1,2,2,2,2,2,2,2,2,2
городской округ Курильский,4,4,4,4,4,4,4,4,4,4,4,4,4,4,4,4,4,4,4,4,4,4,4,4
городской округ Кушвинский,0,0,0,0,0,0,0,0,6,6,6,6,6,6,6,6,7,2,2,2,2,2,2,2
городской округ Кыштымский,0,0,0,0,0,3,3,6,6,6,6,6,6,6,6,7,7,7,7,7,7,7,7,7
городской округ Ленинск-Кузнецкий,0,0,0,3,3,3,3,3,3,3,6,6,6,3,3,3,7,7,7,7,7,7,7,7
городской округ Ленинский,8,8,8,8,8,8,8,8,8,8,8,8,8,5,5,5,5,5,5,5,5,5,5,5
городской округ Лесозаводский,4,4,4,4,0,0,0,4,4,4,4,4,4,4,4,7,7,7,7,2,2,2,2,2
городской округ Лобня,3,3,3,3,3,3,3,3,3,3,3,3,3,3,3,3,5,5,5,5,5,5,5,5
городской округ Лосино-Петровский,3,3,3,3,3,3,3,3,3,3,3,3,3,3,3,3,5,5,5,5,5,5,5,5
городской округ Лотошино,0,0,0,0,0,0,0,0,6,6,6,6,6,6,1,6,2,2,2,2,2,2,2,2
городской округ Луховицы,3,3,3,3,3,6,6,6,6,6,6,6,6,6,6,7,7,7,7,7,7,7,7,7
городской округ Лысьвенский,0,0,0,0,0,0,0,0,6,6,6,6,6,6,6,6,7,7,7,7,7,7,7,7
городской округ Лыткарино,3,3,3,3,3,3,3,3,3,3,3,3,3,3,3,3,5,5,5,5,5,5,5,5
городской округ Люберцы,8,8,8,8,8,8,8,8,8,8,8,8,5,5,5,5,5,5,5,5,5,5,5,5
городской округ Магнитогорский,3,3,3,3,3,3,3,3,3,3,3,3,3,3,3,3,3,7,7,7,7,7,7,7
городской округ Макаровский,4,4,4,4,4,4,4,4,4,4,4,4,4,4,4,4,2,2,2,2,2,2,2,2
городской округ Малышевский,0,0,0,0,0,0,0,0,6,1,1,1,6,6,6,6,1,2,2,2,2,2,2,2
городской округ Мамоновский,0,0,0,0,0,0,0,0,0,1,1,1,1,1,1,2,2,2,2,2,2,2,2,2
городской округ Междуреченский,3,3,3,3,3,3,3,3,3,3,3,3,3,3,3,3,7,7,7,7,7,7,7,7
городской округ Миасский,3,3,3,3,3,3,3,3,3,3,3,3,3,3,3,3,3,7,7,7,7,7,7,7
городской округ Можайский,3,3,3,3,3,6,6,6,6,6,6,6,6,6,6,7,7,7,7,7,7,7,7,7
городской округ Мысковский,0,0,0,0,0,0,0,6,6,6,6,6,6,6,6,7,7,7,7,7,7,7,7,7
городской округ Мытищи,8,8,8,8,8,8,8,8,8,8,8,8,8,5,5,5,5,5,5,5,5,5,5,5
городской округ Навашинский,0,0,0,0,0,0,0,0,0,1,1,1,1,1,1,1,1,1,1,2,2,2,2,2
городской округ Нальчик,9,9,9,9,9,9,9,9,9,9,9,9,9,9,9,9,9,9,9,9,9,9,9,9
городской округ Наро-Фоминский,3,3,3,3,3,3,3,3,3,3,3,3,3,3,3,3,5,5,5,5,5,5,5,5
городской округ Находкинский,4,4,4,4,4,4,4,4,4,4,4,4,4,4,4,4,4,4,4,4,4,4,4,4
городской округ Невельский,4,4,4,4,4,4,4,4,4,4,4,4,4,4,4,4,2,2,2,2,2,2,2,2
городской округ Невьянский,3,3,3,3,3,3,3,3,3,6,6,6,6,6,6,7,7,7,7,7,7,7,7,7
городской округ Нелидовский,0,0,0,0,0,0,0,0,6,6,6,6,6,6,6,6,2,2,2,2,2,2,2,2
городской округ Нижнетуринский,0,0,0,0,0,0,0,6,6,6,6,6,6,6,6,6,7,7,7,7,2,2,2,2
городской округ Нижняя Салда,0,0,0,0,0,0,0,0,6,6,6,6,6,6,6,6,7,2,2,2,2,2,2,2
городской округ Новокузнецкий,3,3,3,3,3,3,3,3,3,3,3,3,3,3,3,3,3,7,7,7,7,7,7,7
городской округ Новокуйбышевск,3,3,3,3,3,3,3,3,3,3,3,3,3,3,3,3,3,7,7,7,7,7,7,7
городской округ Новолялинский,0,0,0,0,0,0,0,0,0,1,1,1,1,1,1,1,1,1,1,2,2,2,2,2
городской округ Ногликский,4,4,4,4,4,4,4,4,4,4,4,4,4,4,4,4,4,4,4,4,4,4,4,4
городской округ Нытвенский,0,0,0,0,0,0,0,0,0,1,1,1,1,1,1,1,1,1,2,2,2,2,2,2
городской округ Одинцовский,8,8,8,8,8,8,8,8,8,8,8,8,8,5,5,5,5,5,5,5,5,5,5,5
городской округ Октябрьск,0,0,0,0,0,0,0,0,0,1,1,1,1,1,1,2,2,2,2,2,2,2,2,2
городской округ Октябрьский,0,0,0,0,0,0,0,0,0,1,1,1,1,1,1,1,1,1,1,2,2,2,2,2
городской округ Орехово-Зуевский,3,3,3,3,3,3,3,3,3,3,3,3,3,3,3,3,5,5,5,5,5,5,5,5
городской округ Осинниковский,0,0,3,3,3,3,3,3,3,3,6,6,6,6,6,7,7,7,7,7,7,7,7,7
городской округ Осинский,0,0,0,0,0,0,0,6,6,6,6,6,6,6,6,7,7,7,7,2,2,2,2,2
городской округ Осташковский,0,0,0,0,0,0,0,6,6,6,6,6,6,6,6,6,2,2,2,2,2,2,2,2
городской округ Отрадный,0,0,0,0,0,0,0,6,6,6,6,6,6,6,6,7,7,7,7,7,7,7,7,7
городской округ Оханский,0,0,0,0,0,0,0,0,0,1,1,1,1,1,1,1,1,1,1,2,2,2,2,2
городской округ Охинский,4,4,4,4,4,4,4,4,4,4,4,4,4,4,4,4,4,4,4,4,4,4,4,4
городской округ Очерский,0,0,0,0,0,0,0,6,6,6,1,1,1,1,1,6,1,1,2,2,2,2,2,2
городской округ Партизанский,4,4,4,4,4,4,4,4,4,4,4,4,4,4,4,4,7,7,2,2,2,2,2,2
городской округ Пелым,0,0,0,0,0,0,0,0,0,1,1,1,1,1,1,1,1,1,2,2,2,2,2,2
городской округ Первоуральск,3,3,3,3,3,3,3,3,3,3,3,3,3,3,3,3,3,7,7,7,7,7,7,7
городской округ Перевозский,0,0,0,0,0,0,0,0,0,1,1,1,1,1,1,1,1,1,1,2,2,2,2,2
городской округ Пермский,3,3,3,3,3,3,3,3,3,3,3,3,3,3,3,3,3,7,7,7,7,7,7,7
городской округ Петрозаводский,3,3,3,3,3,3,3,3,3,3,3,3,3,3,3,3,4,4,5,5,5,5,5,5
городской округ Петропавловск-Камчатский,4,4,4,4,4,4,4,4,4,4,4,4,4,4,4,4,4,4,4,4,4,4,4,4
городской округ Пионерский,3,3,3,0,0,0,0,0,3,3,3,6,6,6,6,6,2,2,7,7,7,7,7,7
городской округ Подольск,3,3,3,3,3,3,3,3,3,3,3,3,3,3,3,3,5,5,5,5,5,5,5,5
городской округ Полевской,3,3,3,3,3,3,3,3,3,3,3,3,3,3,3,3,7,7,7,7,7,7,7,7
городской округ Полысаевский,0,0,0,0,0,3,3,6,6,6,6,6,6,6,6,7,7,7,7,7,7,7,7,7
городской округ Поронайский,4,4,4,4,4,4,4,4,4,4,4,4,4,4,4,4,4,4,4,4,4,4,4,4
городской округ Похвистнево,0,0,0,0,0,0,0,0,0,6,6,6,6,6,6,6,1,1,2,2,2,2,2,2
городской округ Прокопьевский,3,3,3,3,3,3,3,3,3,3,3,3,3,3,3,3,3,7,7,7,7,7,7,7
городской округ Протвино,3,3,3,3,3,6,6,6,6,6,6,6,6,6,6,7,7,7,7,7,7,7,7,7
городской округ Прохладный,0,0,0,9,9,9,9,9,9,9,9,9,9,9,9,9,9,9,9,9,9,9,9,9
городской округ Пушкинский,3,3,3,3,3,3,3,3,3,3,3,3,3,3,3,3,5,5,5,5,5,5,5,5
городской округ Пущино,3,3,3,3,3,6,6,6,6,6,6,6,6,6,6,6,7,7,7,7,7,7,7,7
городской округ Пышминский,0,0,0,0,0,0,0,0,0,6,1,1,1,1,1,1,1,1,1,2,2,2,2,2
городской округ Раменский,3,3,3,3,3,3,3,3,3,3,3,3,3,3,3,3,5,5,5,5,5,5,5,5
городской округ Ревда,3,3,3,3,3,3,3,3,3,3,3,3,3,3,3,3,7,7,7,7,7,7,7,7
городской округ Режевской,0,0,0,0,0,0,0,6,6,6,6,6,6,6,6,6,7,7,7,7,7,7,7,7
городской округ Реутов,8,8,8,8,8,8,8,8,8,8,8,5,5,5,5,5,5,5,5,5,5,5,5,5
городской округ Рефтинский,0,0,0,0,0,0,0,0,6,6,6,6,6,6,6,6,2,2,2,2,2,2,2,2
городской округ Рузский,3,3,3,3,3,6,6,6,6,6,6,6,6,6,6,7,7,7,7,7,7,7,7,7
городской округ Самара,3,3,3,3,3,3,3,3,3,3,3,3,3,3,3,3,3,7,7,7,7,7,7,7
городской округ Светловский,3,3,3,0,0,0,0,6,6,6,6,6,6,6,6,2,2,2,2,2,2,2,2,2
городской округ Светлогорский,3,3,3,3,3,3,3,3,3,3,3,3,3,3,3,3,3,7,7,7,7,7,7,7
городской округ Северодвинск,3,3,3,3,3,3,4,4,4,4,4,4,4,4,4,4,4,4,4,4,4,4,4,4
городской округ Североуральский,3,0,0,0,0,0,0,6,6,6,6,6,6,6,6,6,2,2,2,2,2,2,2,2
городской округ Семеновский,0,0,0,0,0,0,0,0,0,1,1,1,1,1,1,1,1,1,1,2,2,2,2,2
городской округ Сергиево-Посадский,3,3,3,3,3,3,3,3,3,3,3,3,3,3,3,3,5,5,5,5,5,5,5,5
городской округ Серебряные Пруды,3,3,3,3,3,6,6,6,6,6,6,6,6,6,6,7,7,7,7,7,7,7,7,7
городской округ Серовский,3,3,3,3,3,3,3,3,3,3,6,6,6,3,3,3,7,7,7,7,7,7,7,7
городской округ Серпухов,3,3,3,3,3,3,3,3,3,3,3,3,3,3,3,3,5,5,5,5,5,5,5,5
городской округ Смирныховский,4,4,4,4,4,4,4,4,4,4,4,4,4,4,4,4,2,2,2,2,2,2,2,2
городской округ Советский,0,0,0,0,0,0,0,0,6,6,6,6,6,6,6,6,7,7,7,7,7,7,7,7
городской округ Сокольский,0,0,0,0,0,0,0,0,0,1,1,1,1,1,1,1,1,1,1,2,2,2,2,2
городской округ Соликамский,3,3,3,3,3,3,3,3,3,3,3,3,3,3,3,3,7,7,7,7,7,7,7,7
городской округ Солнечногорск,3,3,3,3,3,3,3,3,3,3,3,3,3,3,3,3,5,5,5,5,5,5,5,5
городской округ Соль-Илецкий,0,0,0,0,0,0,0,0,0,6,6,6,6,6,1,2,2,2,2,2,2,2,2,2
городской округ Сорочинский,0,0,0,0,0,0,0,6,6,6,6,6,6,6,6,6,7,7,2,2,2,2,2,2
городской округ Сосновоборский,3,3,3,3,3,3,3,3,3,3,3,3,3,3,3,3,5,5,5,5,5,5,5,5
городской округ Сосьвинский,0,0,0,0,0,0,0,0,0,1,1,1,1,1,1,1,1,1,2,2,2,2,2,2
городской округ Спасск-Дальний,4,4,4,4,4,4,4,4,4,4,4,4,4,4,4,4,7,7,7,2,2,2,2,2
городской округ Среднеуральск,3,3,3,3,0,3,3,3,3,3,3,6,6,6,6,7,7,7,7,7,7,7,7,7
городской округ Ступино,3,3,3,3,3,3,3,3,3,3,3,3,3,3,3,3,5,5,5,5,5,5,5,5
городской округ Суксунский,0,0,0,0,0,0,0,0,0,0,1,1,1,1,1,1,1,1,1,2,2,2,2,2
городской округ Сухой Лог,0,0,0,0,0,3,3,3,3,6,6,6,6,6,6,7,7,7,7,7,7,7,7,7
городской округ Сызрань,3,3,3,3,3,3,3,3,3,3,3,3,3,3,3,3,7,7,7,7,7,7,7,7
городской округ Сыктывкар,3,3,3,3,3,3,3,3,3,3,3,3,3,3,3,3,3,7,7,7,7,7,7,7
городской округ Сысертский,3,3,3,3,3,3,3,3,3,3,3,3,3,3,3,3,7,7,7,7,7,7,7,7
городской округ Тавдинский,0,0,0,0,0,0,0,0,0,6,6,6,6,6,6,6,1,1,2,2,2,2,2,2
городской округ Тайгинский,0,0,0,0,0,0,0,0,6,6,6,6,6,6,6,6,7,7,7,7,7,2,2,2
городской округ Талдомский,3,3,3,3,3,6,6,6,6,6,6,6,6,6,6,7,7,7,7,7,7,7,7,7
городской округ Талицкий,0,0,0,0,0,0,0,0,0,6,6,6,6,6,6,6,1,2,2,2,2,2,2,2
городской округ Тейково,0,0,0,0,0,0,0,0,6,6,6,6,6,6,6,6,7,2,2,2,2,2,2,2
городской округ Томаринский,4,4,4,4,4,4,4,4,4,4,4,4,4,4,4,4,4,4,4,4,4,2,2,2
городской округ Троицкий,0,0,0,0,0,0,0,6,6,6,6,6,6,6,6,7,7,7,7,7,2,2,2,7
городской округ Тугулымский,0,0,0,0,0,0,0,0,0,1,1,1,1,1,1,1,1,1,1,2,2,2,2,2
городской округ Туринский,0,0,0,0,0,0,0,0,0,1,1,1,1,1,6,6,1,1,2,2,2,2,2,2
городской округ Тымовский,4,4,4,4,4,4,4,4,4,4,4,4,4,4,4,4,4,4,4,4,4,2,2,2
городской округ Углегорский,4,4,4,4,4,4,4,4,4,4,4,4,4,4,4,4,4,4,4,4,4,4,4,4
городской округ Удомельский,3,3,3,3,3,6,6,6,6,6,6,6,6,6,6,6,7,7,7,7,7,7,7,7
городской округ Уссурийский,4,4,4,4,4,4,4,4,4,4,4,4,4,4,4,4,4,4,4,4,4,4,4,4
городской округ Усть-Катавский,0,0,0,0,0,0,0,0,6,6,6,6,6,6,6,6,7,7,7,7,2,2,2,2
городской округ Ухта,3,3,3,3,3,3,3,3,3,6,6,6,6,6,6,6,7,7,7,7,4,4,4,4
городской округ Фрязино,3,3,3,3,3,3,3,3,3,3,3,3,3,3,3,3,5,5,5,5,5,5,5,5
городской округ Холмский,4,4,4,4,4,4,4,4,4,4,4,4,4,4,4,4,4,4,4,4,4,4,4,4
городской округ Чайковский,0,0,3,3,3,3,3,3,3,3,3,3,3,3,3,3,7,7,7,7,7,7,7,7
городской округ Чапаевск,0,0,0,0,0,0,0,6,6,6,6,6,6,6,6,7,7,7,7,7,7,7,7,7
городской округ Чебаркульский,0,0,0,0,0,3,3,3,3,6,3,3,3,3,3,3,7,7,7,7,7,7,7,7
городской округ Челябинский,3,3,3,3,3,3,3,3,3,3,3,3,3,3,3,3,3,7,7,7,7,7,7,7
городской округ Чердынский,0,0,0,0,0,0,0,0,0,0,1,1,1,1,1,1,1,1,1,2,2,2,2,2
городской округ Черкесский,9,9,9,9,9,9,9,9,9,9,9,9,9,9,9,9,9,9,9,9,9,9,9,9
городской округ Черноголовка,3,3,3,3,3,6,6,6,6,6,6,6,6,6,6,6,7,7,7,7,7,7,7,7
городской округ Чернушинский,0,0,0,0,0,0,0,6,6,6,6,6,6,6,6,7,7,7,7,7,2,2,2,2
городской округ Чехов,3,3,3,3,3,3,3,3,3,3,3,3,3,3,3,3,5,5,5,5,5,5,5,5
городской округ Чусовской,0,0,0,0,0,0,0,6,6,6,6,6,6,6,6,7,7,7,7,7,7,7,7,7
городской округ Шалинский,0,0,0,0,0,0,0,0,0,0,1,1,1,1,1,1,1,1,1,2,2,2,2,2
городской округ Шатура,3,3,3,3,3,6,6,6,6,6,6,6,6,6,6,7,7,7,7,7,7,7,7,7
городской округ Шаховская,3,3,3,3,3,6,6,6,6,6,6,6,6,6,6,7,7,7,7,7,7,7,7,7
городской округ Шуя,0,0,0,0,0,0,0,0,6,6,6,6,6,6,6,6,7,7,7,7,2,2,2,2
городской округ Щёлково,3,3,3,3,3,3,3,3,3,3,3,3,3,3,3,3,5,5,5,5,5,5,5,5
городской округ Эгвекинот,4,4,4,4,4,4,4,4,4,4,4,4,4,4,4,4,4,4,4,4,4,4,4,4
городской округ Электросталь,3,3,3,3,3,3,3,3,3,3,3,3,3,3,3,3,5,5,5,5,5,5,5,5
городской округ Южно-Курильский,4,4,4,4,4,4,4,4,4,4,4,4,4,4,4,4,4,4,4,4,4,4,4,4
городской округ Южноуральский,0,0,0,0,0,0,0,6,6,6,6,6,6,6,6,7,7,7,7,7,7,7,7,7
городской округ Юргинский,0,0,3,3,3,3,3,3,3,3,3,3,3,3,3,3,7,7,7,7,7,7,7,7
городской округ Ясненский,0,0,0,0,0,0,0,0,6,6,6,6,6,6,6,2,2,2,2,2,2,2,2,2
городской округ город Абаза,0,0,0,0,0,0,0,0,0,0,1,1,1,1,1,1,1,1,1,2,2,2,2,2
городской округ город Абакан,3,3,3,3,3,3,3,3,3,3,3,3,3,3,3,3,3,7,7,7,7,7,7,7
городской округ город Агидель,0,0,0,0,0,0,0,0,0,1,1,1,1,6,6,2,2,2,2,2,2,2,2,2
городской округ город Адыгейск,9,9,9,9,9,9,9,9,9,9,9,9,9,9,9,9,9,9,9,9,9,9,9,9
городской округ город Алапаевск,0,0,0,0,0,0,0,6,6,6,6,6,6,6,6,7,7,7,7,7,7,7,7,7
городской округ город Алатырь,0,0,0,0,0,0,0,0,0,1,1,1,1,1,1,1,1,1,1,2,2,2,2,2
городской округ город Алейск,0,0,0,0,0,0,0,0,6,6,6,6,6,6,6,6,7,7,7,2,2,2,2,2
городской округ город Алексин,0,0,0,0,0,0,0,6,6,6,6,6,6,6,6,7,7,7,7,7,7,7,7,7
городской округ город Арзамас,0,0,0,0,0,3,3,6,6,6,6,6,6,6,6,7,7,7,7,7,7,7,7,7
городской округ город Архангельск,3,3,3,3,3,3,3,3,3,4,4,4,4,4,4,4,4,4,4,4,4,4,4,4
городской округ город Астрахань,3,3,3,3,3,3,3,3,3,3,3,3,3,3,3,3,3,7,7,7,7,7,7,7
городской округ город Ачинск,3,3,3,3,3,3,3,3,3,3,3,3,3,3,3,7,7,7,7,7,7,7,7,7
городской округ город Барнаул,3,3,3,3,3,3,3,3,3,3,3,3,3,3,3,3,3,7,7,7,7,7,7,7
городской округ город Белокуриха,0,0,0,0,0,3,6,6,6,6,6,6,6,6,6,7,7,7,7,7,7,7,7,7
городской округ город Бердск,3,3,3,3,3,3,3,3,3,3,3,3,3,3,3,3,3,7,7,7,7,7,7,7
городской округ город Березники,3,3,3,3,3,3,3,3,3,3,3,3,3,3,3,3,3,7,7,7,7,7,7,7
городской округ город Бийск,0,0,0,3,3,3,3,3,3,3,3,3,3,3,3,3,7,7,7,7,7,7,7,7
городской округ город Биробиджан,4,4,4,4,4,4,4,4,4,4,4,4,4,4,4,4,4,4,4,4,4,4,4,4
городской округ город Боготол,0,0,0,0,0,0,0,0,0,1,1,1,1,1,1,1,1,1,1,2,2,2,2,2
городской округ город Бор,0,0,0,3,3,3,3,3,3,3,3,3,3,3,3,3,7,7,7,7,7,7,7,7
городской округ город Бородино,0,0,0,0,0,0,0,0,0,6,6,6,6,6,6,6,2,2,2,2,2,2,2,2
городской округ город Братск,3,3,3,3,3,3,3,3,3,3,3,3,3,3,3,3,3,7,7,7,7,7,7,7
городской округ город Бугуруслан,0,0,0,0,0,3,3,6,6,6,6,6,6,6,6,7,7,7,7,7,7,7,7,7
городской округ город Бузулук,0,0,0,3,3,3,3,3,3,3,3,3,3,3,3,3,7,7,7,7,7,7,7,7
городской округ город Буй,0,0,0,0,0,0,0,0,0,1,1,1,1,1,1,1,1,1,1,2,2,2,2,2
городской округ город Великие Луки,0,0,0,0,0,3,3,6,6,6,6,6,6,6,6,7,7,7,7,7,7,7,7,7
городской округ город Владикавказ,9,9,9,9,3,3,3,3,3,3,3,3,3,3,3,9,9,9,9,9,9,9,9,9
городской округ город Владимир,3,3,3,3,3,3,3,3,3,3,3,3,3,3,3,3,3,7,7,7,7,7,7,7
городской округ город Волгореченск,0,0,0,0,0,0,0,0,6,6,6,6,6,6,6,2,2,2,2,2,2,2,2,2
городской округ город Волжск,0,0,0,0,0,0,0,0,6,6,6,6,6,6,6,6,2,2,2,2,2,2,2,2
городской округ город Волжский,3,3,3,3,3,3,3,3,3,3,3,3,3,3,3,3,3,7,7,7,7,7,7,7
городской округ город Воткинск,3,3,3,3,3,3,3,3,3,3,3,3,3,3,3,3,3,7,7,7,7,7,7,7
городской округ город Выкса,0,0,0,0,0,0,6,6,6,6,6,6,6,6,6,7,7,7,7,7,7,7,7,7
городской округ город Вятские Поляны,0,0,0,0,0,0,0,0,6,6,6,6,6,6,6,6,2,2,2,2,2,2,2,2
городской округ город Галич,0,0,0,0,0,0,0,0,0,1,1,1,1,1,1,1,1,1,1,2,2,2,2,2
городской округ город Глазов,3,3,3,3,3,3,3,3,3,3,3,3,6,6,6,6,7,7,7,7,7,7,7,7
городской округ город Горно-Алтайск,0,3,3,3,3,3,3,3,3,3,3,3,6,6,3,3,3,7,7,7,7,7,7,7
городской округ город Губкинский,3,3,3,3,3,3,4,4,4,4,4,4,4,4,4,4,4,4,4,4,4,4,4,4
городской округ город Гусь-Хрустальный,0,0,0,0,0,0,0,6,6,6,6,6,6,6,6,7,7,7,7,7,7,7,7,7
городской округ город Десногорск,0,0,0,0,0,6,6,6,6,6,6,6,6,6,6,7,7,7,7,7,7,7,7,7
городской округ город Дзержинск,3,3,3,3,3,3,3,3,3,3,3,3,3,3,3,3,3,7,7,7,7,7,7,7
городской округ город Дивногорск,3,3,3,0,0,0,0,3,3,6,6,6,6,6,6,6,7,7,7,7,7,7,7,7
городской округ город Димитровград,0,0,0,3,3,3,3,3,3,3,6,6,6,6,6,7,7,7,7,7,7,7,7,7
городской округ город Донской,0,0,0,0,0,0,0,6,6,6,6,6,6,6,6,7,7,7,7,7,7,7,7,7
городской округ город Екатеринбург,3,3,3,3,3,3,3,3,3,3,3,3,3,3,3,3,3,7,7,7,7,7,7,7
городской округ город Елец,0,0,0,0,0,3,3,6,6,6,6,6,6,6,6,7,7,7,7,7,7,7,7,7
городской округ город Енисейск,3,3,3,3,3,6,6,6,6,6,6,6,6,6,6,6,2,2,2,2,2,2,2,2
городской округ город Ефремов,0,0,0,0,0,0,0,6,6,6,6,6,6,6,6,7,7,7,7,7,7,7,7,7
городской округ город Заринск,0,0,0,0,0,0,0,0,6,6,6,6,6,6,6,6,7,7,7,7,7,7,7,7
городской округ город Ижевск,3,3,3,3,3,3,3,3,3,3,3,3,3,3,3,3,3,7,7,7,7,7,7,7
городской округ город Ирбит,0,0,0,0,0,3,3,6,6,6,6,6,6,6,6,7,7,7,7,7,7,7,7,7
городской округ город Иркутск,3,3,3,3,3,3,3,3,3,3,3,3,3,3,3,3,3,7,7,7,7,7,7,7
городской округ город Искитим,0,0,0,0,0,3,3,3,3,3,3,3,3,3,3,3,7,7,7,7,7,7,7,7
городской округ город Ишим,0,0,0,0,0,3,3,6,3,3,6,6,6,6,6,7,7,7,7,7,7,7,7,7
городской округ город Йошкар-Ола,3,3,3,3,3,3,3,3,3,3,3,3,3,3,3,3,3,7,7,7,7,7,7,7
городской округ город Казань,3,3,3,3,3,3,3,3,3,3,3,3,3,3,3,3,3,7,7,7,7,7,7,7
городской округ город Калининград,3,3,4,4,4,4,4,4,4,4,4,4,4,4,4,4,4,4,4,4,4,7,7,7
городской округ город Калуга,3,3,3,3,3,3,3,3,3,3,3,3,3,3,3,3,3,7,7,7,7,7,7,7
городской округ город Каменск-Уральский,3,3,3,3,3,3,3,3,3,3,3,3,3,3,3,3,3,7,7,7,7,7,7,7
городской округ город Камышин,0,0,0,0,0,3,3,6,6,6,6,6,6,6,6,7,7,7,7,7,7,7,7,7
городской округ город Канаш,0,0,0,0,0,0,0,0,0,1,6,6,6,6,1,2,2,2,2,2,2,2,2,2
городской округ город Канск,0,0,0,3,3,3,3,3,3,3,6,6,6,6,6,7,7,7,7,7,7,7,7,7
городской округ город Касимов,0,0,0,0,0,0,0,0,0,6,6,6,6,6,6,6,7,7,2,2,2,2,2,2
городской округ город Кедровый,0,0,0,0,0,0,0,1,1,1,1,1,1,1,1,1,13,13,13,13,13,13,13,13
городской округ город Кизел,0,0,0,0,0,0,0,0,0,1,1,1,1,1,1,1,1,1,2,2,2,2,2,2
городской округ город Киров,3,3,3,3,3,3,3,3,3,3,3,3,3,3,3,3,3,7,7,7,7,7,7,7
городской округ город Кирово-Чепецк,3,3,3,3,3,3,3,3,3,3,6,6,6,6,3,3,7,7,7,7,7,7,7,7
городской округ город Кирсанов,0,0,0,0,0,0,0,0,0,1,1,1,1,1,1,1,1,1,1,2,2,2,2,2
городской округ город Ковров,3,3,3,3,3,3,3,3,3,3,3,3,3,3,3,3,3,7,7,7,7,7,7,7
городской округ город Когалым,3,3,3,3,3,3,4,4,4,4,4,4,4,4,4,4,4,4,4,4,4,4,4,4
городской округ город Козьмодемьянск,0,0,0,0,0,0,0,0,0,1,1,1,1,1,1,1,1,1,1,2,2,2,2,2
городской округ город Комсомольск-на-Амуре,4,4,4,4,4,4,4,4,4,4,4,4,4,4,4,4,4,4,4,4,4,4,4,4
городской округ город Коряжма,3,3,3,3,3,3,3,3,3,6,6,6,6,6,6,6,7,7,7,7,7,7,7,7
городской округ город Кострома,3,3,3,3,3,3,3,3,3,3,3,3,3,3,3,3,3,7,7,7,7,7,7,7
городской округ город Котельнич,0,0,0,0,0,0,0,0,0,1,1,1,1,1,1,1,1,2,2,2,2,2,2,2
городской округ город Котовск,0,0,0,0,0,0,0,0,0,1,1,1,1,1,1,1,1,1,1,2,2,2,2,2
городской округ город Красноярск,3,3,3,3,3,3,3,3,3,3,3,3,3,3,3,3,3,7,7,7,7,7,7,7
городской округ город Кулебаки,0,0,0,0,0,0,0,0,0,1,6,6,1,1,1,1,1,1,2,2,2,2,2,2
городской округ город Кумертау,0,0,0,3,3,3,3,3,3,3,6,6,6,6,6,6,7,7,7,7,7,7,7,7
городской округ город Курган,0,0,0,3,3,3,3,3,3,3,3,6,6,3,3,3,7,7,7,7,7,7,7,7
городской округ город Лабытнанги,4,4,4,4,4,4,4,4,4,4,4,4,4,4,4,4,4,4,4,4,4,4,4,4
городской округ город Лангепас,3,3,3,3,3,3,3,3,6,6,6,6,6,6,6,6,7,7,7,7,4,4,4,4
городской округ город Лермонтов,0,0,0,0,0,0,6,6,6,6,6,6,6,6,6,7,7,7,7,7,7,7,7,7
городской округ город Лесосибирск,0,0,0,0,0,6,6,6,6,6,6,6,6,6,6,7,7,7,7,7,7,7,7,7
городской округ город Ливны,0,0,0,0,0,0,0,0,6,6,6,6,6,6,6,6,7,7,7,2,2,2,2,2
городской округ город Липецк,3,3,3,3,3,3,3,3,3,3,3,3,3,3,3,3,3,7,7,7,7,7,7,7
городской округ город Магадан,4,4,4,4,4,4,4,4,4,4,4,4,4,4,4,4,4,4,4,4,4,4,4,4
городской округ город Майкоп,3,3,3,3,3,3,6,6,6,6,6,6,6,6,6,6,7,7,7,7,7,7,7,7
городской округ город Мегион,3,3,3,3,3,3,4,4,4,4,4,4,4,4,4,4,4,4,4,4,4,4,4,4
городской округ город Медногорск,0,0,0,0,0,0,0,0,0,1,1,1,1,1,1,2,2,2,2,2,2,2,2,2
городской округ город Минусинск,0,0,0,3,3,3,3,3,3,3,3,6,6,3,3,3,7,7,7,7,7,7,7,7
городской округ город Михайловка,0,0,0,0,0,0,0,6,6,6,6,6,6,6,6,6,7,7,7,7,2,2,2,2
городской округ город Мичуринск,0,0,0,0,0,0,0,6,6,6,6,6,6,6,6,6,7,7,7,7,2,2,2,2
городской округ город Можга,0,0,0,0,0,0,0,0,6,6,6,6,6,6,6,6,7,7,7,7,7,7,7,7
городской округ город Моршанск,0,0,0,0,0,0,0,0,0,1,1,1,1,1,1,1,1,1,1,2,2,2,2,2
городской округ город Муравленко,3,3,3,3,3,3,4,4,4,4,4,4,4,4,4,4,4,4,4,4,4,4,4,4
городской округ город Мурманск,3,3,3,3,3,3,4,4,4,4,4,4,4,4,4,4,4,4,4,4,4,4,4,4
городской округ город Мценск,0,0,0,0,0,0,0,6,6,6,6,6,6,6,6,6,7,7,7,7,2,2,2,2
городской округ город Набережные Челны,3,3,3,3,3,3,3,3,3,3,3,3,3,3,3,3,3,7,7,7,7,7,7,7
городской округ город Назарово,0,0,0,0,0,0,0,0,0,6,6,6,6,6,6,6,7,2,2,2,2,2,2,2
городской округ город Нарьян-Мар,4,4,4,4,4,4,4,4,4,4,4,4,4,4,4,4,4,4,4,4,4,4,4,4
городской округ город Невинномысск,3,3,3,3,3,3,3,3,3,3,3,3,3,3,3,3,7,7,7,7,7,7,7,7
городской округ город Нефтекамск,3,3,3,3,3,3,3,3,3,3,3,3,3,3,3,3,3,7,7,7,7,7,7,7
городской округ город Нефтеюганск,3,3,3,3,3,3,4,4,4,4,4,4,4,4,4,4,4,4,4,4,4,4,4,4
городской округ город Нижневартовск,3,3,3,3,3,3,4,4,4,4,4,4,4,4,4,4,4,4,4,4,4,4,4,4
городской округ город Нижний Новгород,3,3,3,3,3,3,3,3,3,3,3,3,3,3,3,3,3,7,7,7,7,7,7,7
городской округ город Нижний Тагил,3,3,3,3,3,3,3,3,3,3,3,3,3,3,3,3,3,7,7,7,7,7,7,7
городской округ город Новоалтайск,0,0,0,3,3,3,3,3,3,3,3,3,3,3,3,3,7,7,7,7,7,7,7,7
городской округ город Новодвинск,3,3,3,3,3,3,0,0,6,6,6,6,6,6,6,2,2,2,2,2,2,2,2,2
городской округ город Новомосковск,3,0,0,3,3,3,3,3,6,6,6,6,6,6,6,7,7,7,7,7,7,7,7,7
городской округ город Новосибирск,3,3,3,3,3,3,3,3,3,3,3,3,3,3,3,3,3,7,7,7,7,7,7,7
городской округ город Новотроицк,0,0,0,0,0,0,0,0,6,6,6,6,6,6,6,6,7,7,7,7,7,7,7,7
городской округ город Новоульяновск,0,0,0,0,0,0,0,0,0,1,1,1,1,1,1,2,2,2,2,2,2,2,2,2
городской округ город Новочебоксарск,3,3,3,3,3,3,3,3,3,3,3,3,3,3,3,3,3,7,7,7,7,7,7,7
городской округ город Новый Уренгой,3,3,3,3,3,3,4,4,4,4,4,4,4,4,4,4,4,4,4,4,4,4,4,4
городской округ город Норильск,4,4,4,4,4,4,4,4,4,4,4,4,4,4,4,4,4,4,4,4,4,4,4,4
городской округ город Ноябрьск,3,3,3,3,3,3,4,4,4,4,4,4,4,4,4,4,4,4,4,4,4,4,4,4
городской округ город Нягань,3,3,3,3,3,3,4,4,4,4,4,4,4,4,4,4,4,4,4,4,4,4,4,4
городской округ город Обнинск,3,3,3,3,3,3,3,3,3,3,3,3,3,3,3,3,5,5,5,5,5,5,5,5
городской округ город Обь,3,3,3,3,3,3,3,3,3,3,3,3,3,3,3,3,3,7,7,7,7,7,7,7
городской округ город Октябрьский,3,3,3,3,3,3,3,3,3,3,3,3,3,3,3,3,3,7,7,7,7,7,7,7
городской округ город Омск,3,3,3,3,3,3,3,3,3,3,3,3,3,3,3,3,3,7,7,7,7,7,7,7
городской округ город Оренбург,3,3,3,3,3,3,3,3,3,3,3,3,3,3,3,3,3,7,7,7,7,7,7,7
городской округ город Орск,0,0,0,0,0,0,0,0,6,6,6,6,6,6,6,6,7,7,7,7,7,7,7,7
городской округ город Орёл,3,3,3,3,3,3,3,3,3,3,3,3,3,3,3,3,3,7,7,7,7,7,7,7
городской округ город Первомайск,0,0,0,0,0,0,0,0,0,0,1,1,1,1,1,1,1,1,1,2,2,2,2,2
городской округ город Переславль-Залесский,3,0,0,0,0,6,6,6,6,6,6,6,6,6,6,7,7,7,7,7,7,7,7,7
городской округ город Петровск-Забайкальский,0,0,0,0,0,0,0,0,0,6,6,6,6,6,6,7,7,7,7,2,2,2,2,2
городской округ город Покачи,3,3,3,3,3,3,3,3,6,6,6,6,6,6,6,6,7,7,7,7,7,7,7,7
городской округ город Псков,3,3,3,3,3,3,3,3,3,3,3,3,3,3,3,3,3,7,7,7,7,7,7,7
городской округ город Пыть-Ях,3,3,3,3,3,3,3,3,3,3,3,3,3,3,3,3,7,7,7,7,5,5,5,4
городской округ город Радужный,3,3,3,3,3,3,3,3,6,6,6,6,6,6,6,6,7,7,7,7,7,7,7,7
городской округ город Рассказово,0,0,0,0,0,0,0,0,0,1,1,1,1,1,1,1,1,1,1,2,2,2,2,2
городской округ город Рубцовск,0,0,0,3,3,3,3,3,3,3,6,6,6,6,6,7,7,7,7,7,7,7,7,7
городской округ город Рыбинск,3,3,3,3,3,3,3,3,3,3,3,3,3,3,3,3,7,7,7,7,7,7,7,7
городской округ город Рязань,3,3,3,3,3,3,3,3,3,3,3,3,3,3,3,3,3,7,7,7,7,7,7,7
городской округ город Салават,3,3,3,3,3,3,3,3,3,3,3,3,3,3,3,3,3,7,7,7,7,7,7,7
городской округ город Салехард,4,4,4,4,4,4,4,4,4,4,4,4,4,4,4,4,4,4,4,4,4,4,4,4
городской округ город Сарапул,0,0,3,3,3,3,3,3,3,3,3,3,3,3,3,3,3,7,7,7,7,7,7,7
городской округ город Саратов,3,3,3,3,3,3,3,3,3,3,3,3,3,3,3,3,3,7,7,7,7,7,7,7
городской округ город Саяногорск,3,0,0,0,0,0,0,6,6,6,6,6,6,6,6,7,7,7,7,7,2,7,7,7
городской округ город Саянск,0,0,0,0,0,0,0,6,6,6,6,6,6,6,6,7,7,7,7,7,2,2,2,2
городской округ город Свирск,0,0,0,0,0,0,0,0,0,1,1,1,1,6,6,6,1,2,2,2,2,2,2,2
городской округ город Сибай,3,3,3,3,3,3,3,3,3,3,3,3,3,3,3,3,3,7,7,7,7,7,7,7
городской округ город Скопин,0,0,0,0,0,0,0,0,0,0,1,1,1,1,1,1,1,1,1,2,2,2,2,2
городской округ город Слободской,0,0,0,0,0,0,0,0,0,1,1,6,6,6,6,6,2,2,2,2,2,2,2,2
городской округ город Смоленск,3,3,3,3,3,3,3,3,3,3,3,3,3,3,3,3,3,7,7,7,7,7,7,7
городской округ город Сорск,0,0,0,0,0,0,0,0,0,6,6,6,6,6,6,6,2,2,2,2,2,2,2,2
городской округ город Сосновоборск,3,3,3,3,3,3,3,3,3,3,3,3,3,3,3,3,7,7,7,7,7,7,7,7
городской округ город Ставрополь,3,3,3,3,3,3,3,3,3,3,3,3,3,3,3,3,3,7,7,7,7,7,7,7
городской округ город Стерлитамак,3,3,3,3,3,3,3,3,3,3,3,3,3,3,3,3,3,7,7,7,7,7,7,7
городской округ город Стрежевой,3,3,3,3,3,3,3,3,6,6,6,6,6,6,6,6,7,7,7,7,4,4,4,4
городской округ город Сургут,3,3,3,3,3,3,4,4,4,4,4,4,4,4,4,4,4,4,4,4,4,4,4,4
городской округ город Тамбов,3,3,3,3,3,3,3,3,3,3,3,3,3,3,3,3,7,7,7,7,7,7,7,7
городской округ город Тверь,3,3,3,3,3,3,3,3,3,3,3,3,3,3,3,3,3,7,7,7,7,7,7,7
городской округ город Тобольск,3,3,3,3,3,3,3,3,3,3,3,3,3,3,3,3,3,7,7,7,7,7,7,7
городской округ город Томск,3,3,3,3,3,3,3,3,3,3,3,3,3,3,3,3,3,7,7,7,7,7,7,7
городской округ город Торжок,0,0,0,0,0,0,6,6,6,6,6,6,6,6,6,7,7,7,7,7,7,7,7,7
городской округ город Тула,3,3,3,3,3,3,3,3,3,3,3,3,3,3,3,3,3,7,7,7,7,7,7,7
городской округ город Тулун,0,0,0,0,0,0,0,0,0,6,6,6,6,6,6,6,2,2,2,2,2,2,2,2
городской округ город Тюмень,8,8,8,8,8,8,8,8,8,8,8,3,3,3,5,5,5,5,5,5,5,7,7,7
городской округ город Уварово,0,0,0,0,0,0,0,0,0,1,1,1,1,1,1,1,1,1,1,2,2,2,2,2
городской округ город Ульяновск,3,3,3,3,3,3,3,3,3,3,3,3,3,3,3,3,3,7,7,7,7,7,7,7
городской округ город Урай,3,3,3,3,3,3,3,3,3,3,4,4,4,4,4,4,4,4,4,4,4,5,5,4
городской округ город Урюпинск,0,0,0,0,0,0,0,0,0,1,1,1,1,1,1,1,1,1,1,2,2,2,2,2
городской округ город Усолье-Сибирское,3,3,3,3,3,3,3,3,3,3,3,3,3,3,3,3,7,7,7,7,7,7,7,7
городской округ город Усть-Илимск,3,3,3,3,3,3,3,3,3,3,3,3,3,3,3,3,7,7,7,7,7,7,7,7
городской округ город Уфа,3,3,3,3,3,3,3,3,3,3,3,3,3,3,3,3,3,7,7,7,7,7,7,7
городской округ город Фролово,0,0,0,0,0,0,0,0,0,1,1,1,1,1,1,1,1,1,1,2,2,2,2,2
городской округ город Хабаровск,4,4,4,4,4,4,4,4,4,4,4,4,4,4,4,4,4,4,4,4,4,4,4,4
городской округ город Ханты-Мансийск,3,3,3,3,3,3,4,4,4,4,4,4,4,4,4,4,4,4,4,4,4,4,4,4
городской округ город Чебоксары,3,3,3,3,3,3,3,3,3,3,3,3,3,3,3,3,3,7,7,7,7,7,7,7
городской округ город Черемхово,0,0,0,0,0,0,0,6,6,6,6,6,6,6,6,7,7,7,7,7,2,2,2,2
городской округ город Черногорск,0,0,0,0,0,3,3,6,6,6,6,6,6,6,6,7,7,7,7,7,7,7,7,7
городской округ город Чкаловск,0,0,0,0,0,0,0,0,0,1,1,1,1,1,1,1,1,1,1,2,2,2,2,2
городской округ город Шадринск,0,0,0,0,0,0,0,0,6,6,6,6,6,6,6,6,7,7,7,7,2,2,2,2
городской округ город Шарыпово,0,0,0,0,0,3,3,6,6,6,6,6,6,6,6,7,7,7,7,7,7,7,7,7
городской округ город Шарья,0,0,0,0,0,0,0,0,0,1,1,1,1,1,1,1,1,1,2,2,2,2,2,2
городской округ город Шахунья,0,0,0,0,0,0,0,0,0,1,1,1,1,1,1,1,1,1,1,2,2,2,2,2
городской округ город Шиханы,0,0,0,0,0,0,0,0,0,6,6,6,6,6,6,6,7,7,7,2,2,2,2,2
городской округ город Шумерля,0,0,0,0,0,0,0,0,0,1,1,1,1,1,1,2,2,2,2,2,2,2,2,2
городской округ город Югорск,3,3,3,3,3,3,3,3,3,3,3,3,3,3,3,3,3,7,7,7,5,5,7,7
городской округ город Якутск,4,4,4,4,4,4,4,4,4,4,4,4,4,4,4,4,4,4,4,4,4,4,4,4
городской округ город Ялуторовск,0,0,0,0,0,0,0,0,6,6,6,6,6,6,6,7,7,7,2,2,2,2,2,2
городской округ город Яровое,0,0,0,0,0,0,0,0,0,6,6,6,6,1,1,1,1,1,2,2,2,2,2,2
городской округ город Ярославль,3,3,3,3,3,3,3,3,3,3,3,3,3,3,3,3,3,7,7,7,7,7,7,7
городской округ город-герой Волгоград,3,3,3,3,3,3,3,3,3,3,3,3,3,3,3,3,3,7,7,7,7,7,7,7
городской округ город-курорт Ессентуки,3,3,3,3,3,3,3,3,3,3,3,3,3,3,3,3,3,7,7,7,7,7,7,7
городской округ город-курорт Железноводск,0,0,0,0,0,0,6,6,6,6,3,3,3,3,3,3,7,7,7,7,7,7,7,7
городской округ город-курорт Кисловодск,3,3,3,3,3,3,3,3,3,3,3,3,3,3,3,3,3,7,7,7,7,7,7,7
городской округ город-курорт Пятигорск,3,3,3,3,3,3,3,3,3,3,3,3,3,3,3,3,3,7,7,7,7,7,7,7
городской округ округ Муром,0,0,0,0,0,3,3,6,6,6,6,6,6,6,6,7,7,7,7,7,7,7,7,7
городской округ поселок Агинское,0,0,0,0,0,0,4,4,4,4,4,4,4,4,4,4,4,4,4,4,4,4,4,4
городской округ рабочий поселок Кольцово,3,3,3,3,3,11,11,11,11,11,11,11,11,11,11,11,11,11,11,11,11,11,11,11
муниципальный округ Александровский,0,0,0,0,0,0,0,0,0,1,1,1,1,1,1,1,1,1,1,2,2,2,2,2
муниципальный округ Алнашский район,0,0,0,0,0,0,0,0,0,1,1,1,1,1,1,2,2,2,2,2,2,2,2,2
муниципальный округ Андреапольский,0,0,0,0,0,0,0,0,0,1,1,1,1,1,1,6,1,1,1,2,2,2,2,2
муниципальный округ Арбажский,4,4,4,4,4,4,4,4,4,4,4,4,4,4,4,4,4,4,4,4,4,4,4,4
муниципальный округ Афанасьевский,0,0,0,0,0,0,0,0,0,1,1,1,1,1,1,2,2,2,2,2,2,2,2,2
муниципальный округ Балезинский район,0,0,0,0,0,0,0,0,0,1,1,1,1,1,1,2,2,2,2,2,2,2,2,2
муниципальный округ Бардымский,0,0,0,0,0,0,0,0,0,1,1,1,1,1,1,1,1,2,2,2,2,2,2,2
муниципальный округ Бежецкий,0,0,0,0,0,0,0,0,0,6,6,6,6,6,6,6,2,2,2,2,2,2,2,2
муниципальный округ Бельский,0,0,0,0,0,0,0,0,0,1,1,1,1,1,1,1,1,1,1,2,2,2,2,2
муниципальный округ Березовский,0,0,0,0,0,0,0,0,0,1,1,1,1,1,1,1,1,1,1,2,2,2,2,2
муниципальный округ Богородский,0,4,4,4,4,4,4,4,4,4,4,4,4,4,4,1,1,1,2,2,2,2,2,2
муниципальный округ Бологовский,0,0,0,0,0,0,0,0,0,6,6,6,6,6,6,6,2,2,2,2,2,2,2,2
муниципальный округ Большесосновский,0,0,0,0,0,0,0,0,0,1,1,1,1,1,1,1,1,1,1,2,2,2,2,2
муниципальный округ Вавожский район,0,0,0,0,0,0,0,0,0,1,1,1,1,1,1,2,2,2,2,2,2,2,2,2
муниципальный округ Верхнекамский,0,0,0,0,0,0,0,0,0,1,1,1,1,1,1,1,1,1,1,2,2,2,2,2
муниципальный округ Весьегонский,0,0,0,0,0,0,0,0,0,1,1,1,1,1,1,1,2,2,2,2,2,2,2,2
муниципальный округ Вилегодский,0,0,0,0,0,0,0,0,0,6,6,6,6,1,6,6,1,1,2,2,2,2,2,2
муниципальный округ Волотовский,0,0,0,0,0,0,0,0,0,0,1,1,1,1,1,1,1,1,2,2,2,2,2,2
муниципальный округ Вуктыл,3,3,3,3,3,3,3,3,6,6,6,6,6,6,6,6,7,7,7,7,7,7,7,7
муниципальный округ Гайнский,0,0,0,0,0,0,0,0,0,1,1,1,1,1,1,1,1,1,1,2,2,2,2,2
муниципальный округ Гвардейский,0,0,0,0,0,0,0,0,0,1,1,6,6,6,6,2,2,2,2,2,2,2,2,2
муниципальный округ Граховский район,0,0,0,0,0,0,0,0,0,1,1,1,1,1,1,1,1,1,2,2,2,2,2,2
муниципальный округ Губахинский,0,0,0,0,0,0,0,0,6,6,6,6,6,6,6,6,7,7,7,7,2,2,2,2
муниципальный округ Гурьевский,3,3,4,4,4,4,4,4,4,4,4,4,4,4,4,4,4,7,7,7,7,7,7,7
муниципальный округ Дебёсский район,0,0,0,0,0,0,0,0,0,1,1,1,1,1,1,2,2,2,2,2,2,2,2,2
муниципальный округ Демянский,0,0,0,0,0,0,0,0,0,0,1,1,1,1,1,1,1,1,1,2,2,2,2,2
муниципальный округ Еловский,0,0,0,0,0,0,0,0,0,1,1,1,1,1,1,1,1,1,1,2,2,2,2,2
муниципальный округ Жарковский,0,0,0,0,0,0,0,0,0,0,1,1,1,1,1,1,1,1,1,2,2,2,2,2
муниципальный округ Завьяловский район,0,0,3,3,3,3,3,3,3,3,3,3,3,3,3,3,3,7,7,7,7,7,7,7
муниципальный округ Западнодвинский,0,0,0,0,0,0,0,0,0,1,1,1,1,1,1,1,1,1,1,2,2,2,2,2
муниципальный округ Зеленоградский,3,3,3,3,3,3,3,3,3,3,3,3,3,3,3,3,3,7,7,7,5,5,5,7
муниципальный округ Зубцовский,0,0,0,0,0,0,0,0,0,1,1,1,1,1,1,1,1,1,1,2,2,2,2,2
муниципальный округ Игринский район,0,0,0,0,0,0,0,0,0,1,1,1,1,1,1,2,2,2,2,2,2,2,2,2
муниципальный округ Калининский,3,3,3,3,3,3,3,3,3,3,3,3,3,3,3,3,3,7,5,5,5,5,5,5
муниципальный округ Калязинский,0,0,0,0,0,0,0,0,6,6,6,6,6,1,1,6,2,2,2,2,2,2,2,2
муниципальный округ Камбарский район,0,0,0,0,0,0,0,0,0,1,1,1,1,1,1,2,2,2,2,2,2,2,2,2
муниципальный округ Карагайский,0,0,0,0,0,0,0,0,0,1,1,1,1,1,1,1,1,1,1,2,2,2,2,2
муниципальный округ Каракулинский район,0,0,0,0,0,0,0,0,0,1,1,1,1,1,1,1,1,1,1,2,2,2,2,2
муниципальный округ Каргопольский,0,0,0,0,0,0,0,0,0,1,1,1,1,6,6,6,7,7,7,2,2,2,2,2
муниципальный округ Кезский район,0,0,0,0,0,0,0,0,0,1,1,1,1,1,1,2,2,2,2,2,2,2,2,2
муниципальный округ Кесовогорский,0,0,0,0,0,0,0,0,0,1,1,1,1,1,1,1,1,1,2,2,2,2,2,2
муниципальный округ Кизнерский район,0,0,0,0,0,0,0,0,0,1,1,1,1,1,1,2,2,2,2,2,2,2,2,2
муниципальный округ Кикнурский,0,0,0,0,0,0,0,0,0,1,1,1,1,1,1,1,1,1,2,2,2,2,2,2
муниципальный округ Кимрский,0,0,0,0,0,0,6,6,6,6,6,6,6,6,6,7,7,7,7,7,7,7,7,7
муниципальный округ Кишертский,0,0,0,0,0,0,0,0,0,1,1,1,1,1,1,1,1,1,1,2,2,2,2,2
муниципальный округ Киясовский район,0,0,0,0,0,0,0,0,0,1,1,1,1,1,1,2,2,2,2,2,2,2,2,2
муниципальный округ Конаковский,3,3,3,3,3,6,6,6,6,6,6,6,6,6,6,7,7,7,7,7,7,7,7,7
муниципальный округ Косинский,0,0,0,0,0,0,0,0,0,1,1,1,1,1,1,1,1,1,2,2,2,2,2,2
муниципальный округ Кочевский,0,0,0,0,0,0,0,0,0,1,1,1,1,1,1,1,1,1,1,2,2,2,2,2
муниципальный округ Красногородский,0,0,0,0,0,0,0,0,0,1,1,1,1,1,1,1,1,1,1,2,2,2,2,2
муниципальный округ Красногорский район,0,0,0,0,0,0,0,0,0,1,1,1,1,1,1,2,2,2,2,2,2,2,2,2
муниципальный округ Краснознаменский,0,0,0,0,0,0,0,0,0,1,1,6,6,6,6,6,1,1,2,2,2,2,2,2
муниципальный округ Красноселькупский район,4,4,4,4,4,4,4,4,4,4,4,4,4,4,4,4,4,4,4,4,4,4,4,4
муниципальный округ Краснохолмский,0,0,0,0,0,0,0,0,0,1,1,1,1,1,1,1,1,1,1,2,2,2,2,2
муниципальный округ Крестецкий,0,0,0,0,0,0,0,0,0,1,1,1,1,1,6,6,1,1,1,2,2,2,2,2
муниципальный округ Кувшиновский,0,0,0,0,0,0,0,0,6,6,6,6,1,1,1,6,2,2,2,2,2,2,2,2
муниципальный округ Кудымкарский,0,0,0,0,0,0,0,0,6,6,6,6,6,6,6,6,7,7,7,7,7,7,7,7
муниципальный округ Куединский,0,0,0,0,0,0,0,0,0,1,1,1,1,1,1,1,1,1,1,2,2,2,2,2
муниципальный округ Кунгурский,0,0,0,3,3,3,3,3,3,3,6,6,6,6,6,6,7,7,7,7,7,7,7,7
муниципальный округ Лебяжский,0,0,0,0,0,0,0,0,0,1,1,1,1,1,1,1,1,1,1,2,2,2,2,2
муниципальный округ Лесной,0,0,0,0,0,0,0,0,0,0,1,1,1,1,1,1,1,1,1,2,2,2,2,2
муниципальный округ Лихославльский,0,0,0,0,0,0,0,0,0,1,1,1,1,1,1,1,1,1,1,2,2,2,2,2
муниципальный округ Локнянский,0,0,0,0,0,0,0,0,0,1,1,1,1,1,1,1,1,1,1,2,2,2,2,2
муниципальный округ Лузский,0,0,0,0,0,0,0,0,0,1,1,1,1,1,1,1,1,1,1,2,2,2,2,2
муниципальный округ Максатихинский,0,0,0,0,0,0,0,0,0,1,1,1,1,1,1,1,1,1,1,2,2,2,2,2
муниципальный округ Макушинский,0,0,0,0,0,0,0,0,0,1,1,1,1,1,1,1,1,1,1,2,2,2,2,2
муниципальный округ Малопургинский район,0,0,0,0,0,0,0,0,0,1,1,1,1,1,1,2,2,2,2,2,2,2,2,2
муниципальный округ Марёвский,0,0,0,0,0,0,0,0,0,1,1,1,1,1,1,1,1,1,1,2,2,2,2,2
муниципальный округ Молоковский,0,0,0,0,0,0,0,0,0,1,1,1,1,1,1,12,12,12,12,12,12,12,12,12
муниципальный округ Мошенской,0,0,0,0,0,0,0,0,0,1,1,1,1,1,1,1,1,1,1,2,2,2,2,2
муниципальный округ Мурашинский,0,0,0,0,0,0,0,0,0,1,1,1,1,1,1,1,1,1,1,2,2,2,2,2
муниципальный округ Надымский район,3,3,3,3,3,3,4,4,4,4,4,4,4,4,4,4,4,4,4,4,4,4,4,4
муниципальный округ Невельский,0,0,0,0,0,0,0,0,0,1,1,1,1,1,1,1,1,1,1,2,2,2,2,2
муниципальный округ Неманский,0,0,0,0,0,0,0,0,6,1,6,6,6,6,6,6,7,7,7,7,7,2,2,2
муниципальный округ Нестеровский,0,0,0,0,0,0,0,0,0,1,1,1,1,1,1,1,1,2,2,2,2,2,2,2
муниципальный округ Новоржевский,0,0,0,0,0,0,0,0,0,1,1,1,1,1,1,1,1,1,1,2,2,2,2,2
муниципальный округ Озерский,0,0,0,0,0,0,0,0,0,1,1,1,1,1,1,6,1,2,2,2,2,2,2,2
муниципальный округ Оленинский,0,0,0,0,0,0,0,0,0,0,1,1,1,1,1,1,1,1,1,2,2,2,2,2
муниципальный округ Ольский,4,4,4,4,4,4,4,4,4,4,4,4,4,4,4,4,4,4,4,4,4,4,4,4
муниципальный округ Опаринский,0,0,0,0,0,0,0,0,0,0,1,1,1,1,1,1,1,1,1,2,2,2,2,2
муниципальный округ Опочецкий,0,0,0,0,0,0,0,0,0,1,1,1,1,1,1,1,1,1,1,2,2,2,2,2
муниципальный округ Ординский,0,0,0,0,0,0,0,0,0,1,1,1,1,1,1,1,1,1,1,2,2,2,2,2
муниципальный округ Орловский,3,3,3,3,3,3,3,3,3,3,3,3,3,3,3,3,3,7,7,7,7,7,7,7
муниципальный округ Пеновский,0,0,0,0,0,0,0,0,0,1,1,1,1,1,1,1,1,1,1,2,2,2,2,2
муниципальный округ Пермский,0,3,3,3,3,3,3,3,3,3,3,3,3,3,3,3,3,7,7,7,7,7,7,7
муниципальный округ Пестовский,0,0,0,0,0,0,0,0,6,6,6,6,6,6,6,6,2,2,2,2,2,2,2,2
муниципальный округ Печорский,0,0,0,0,0,0,0,0,0,1,1,1,1,1,1,1,1,1,1,2,2,2,2,2
муниципальный округ Пижанский,0,0,0,0,0,0,0,0,0,1,1,1,1,1,1,2,2,2,2,2,2,2,2,2
муниципальный округ Полесский,0,0,0,0,0,0,0,0,0,1,1,1,1,1,1,7,7,2,2,2,2,2,2,2
муниципальный округ Правдинский,0,0,0,0,0,0,0,0,0,1,1,1,1,1,1,1,2,2,2,2,2,2,2,2
муниципальный округ Приуральский район,4,4,4,4,4,4,4,4,4,4,4,4,4,6,4,4,4,4,4,4,4,4,4,4
муниципальный округ Пуровский район,3,3,3,3,3,3,4,4,4,4,4,4,4,4,4,4,4,4,4,4,4,4,4,4
муниципальный округ Пыталовский,0,0,0,0,0,0,0,0,6,6,6,6,6,6,6,6,7,7,7,2,2,2,2,2
муниципальный округ Рамешковский,0,0,0,0,0,0,0,0,0,0,1,1,1,1,1,1,1,1,1,2,2,2,2,2
муниципальный округ Ржевский,0,0,0,0,0,0,0,6,6,6,6,6,6,6,6,7,7,7,7,7,7,7,7,7
муниципальный округ Сандовский,0,0,0,0,0,0,0,0,0,1,1,1,1,1,1,1,1,1,2,2,2,2,2,2
муниципальный округ Санчурский,0,0,4,4,0,0,0,0,0,1,1,1,1,1,1,1,1,1,2,2,2,2,2,2
муниципальный округ Сарапульский район,0,0,0,0,0,0,0,0,6,6,6,6,6,6,6,6,7,7,7,7,7,7,7,2
муниципальный округ Свечинский,0,0,0,0,0,0,0,0,0,1,1,1,1,1,1,1,1,1,1,2,2,2,2,2
муниципальный округ Селижаровский,0,0,0,0,0,0,0,0,0,1,1,1,1,1,1,1,1,1,1,2,2,2,2,2
муниципальный округ Селтинский район,0,0,0,0,0,0,0,0,0,1,1,1,1,1,1,1,1,1,2,2,2,2,2,2
муниципальный округ Сивинский,0,0,0,0,0,0,0,0,0,1,1,1,1,1,1,1,1,1,1,2,2,2,2,2
муниципальный округ Славский,0,0,0,0,0,0,0,0,0,1,1,1,1,1,1,1,1,1,2,2,2,2,2,2
муниципальный округ Солецкий,0,0,0,0,0,0,0,0,0,0,1,1,1,1,1,1,1,1,1,2,2,2,2,2
муниципальный округ Сонковский,0,0,0,0,0,0,0,0,0,0,1,1,1,1,1,1,1,1,1,2,2,2,2,2
муниципальный округ Спировский,0,0,0,0,0,0,0,0,0,1,1,1,1,1,1,1,1,1,1,2,2,2,2,2
муниципальный округ Старицкий,0,0,0,0,0,0,0,0,0,1,1,1,1,1,1,1,1,1,1,2,2,2,2,2
муниципальный округ Струго-Красненский,0,0,0,0,0,0,0,0,6,6,6,6,6,6,6,6,7,7,7,7,2,2,2,2
муниципальный округ Суетский район,0,0,0,0,0,0,0,0,0,0,1,1,1,1,1,1,1,1,1,2,2,2,2,2
муниципальный округ Сюмсинский район,0,0,0,0,0,0,0,0,0,1,1,1,1,1,1,1,1,1,1,2,2,2,2,2
муниципальный округ Тазовский район,3,3,3,3,3,3,4,4,4,4,4,4,4,4,4,4,4,4,4,4,4,4,4,4
муниципальный округ Торопецкий,0,0,0,0,0,0,0,0,0,1,1,1,1,1,1,1,1,1,1,2,2,2,2,2
муниципальный округ Увинский район,0,0,0,0,0,0,0,0,0,1,1,1,1,1,1,2,2,2,2,2,2,2,2,2
муниципальный округ Уинский,0,0,0,0,0,0,0,0,0,1,1,1,1,1,1,1,1,1,1,2,2,2,2,2
муниципальный округ Унинский,4,4,4,4,4,4,4,4,4,1,1,1,1,1,1,1,1,1,2,2,2,2,2,2
муниципальный округ Усинск,3,3,3,3,3,3,4,4,4,6,6,6,6,6,6,6,7,7,4,4,4,4,4,4
муниципальный округ Фаленский,0,0,0,0,0,0,0,0,0,1,1,1,1,1,1,1,1,1,1,2,2,2,2,2
муниципальный округ Фировский,0,0,0,0,0,0,0,0,0,1,1,1,1,1,1,1,1,1,1,2,2,2,2,2
муниципальный округ Хвойнинский,0,0,0,0,0,0,0,0,0,1,1,1,1,1,1,1,1,1,1,2,2,2,2,2
муниципальный округ Чарышский район,0,0,0,0,0,0,0,0,0,1,1,1,1,1,1,1,1,1,1,2,2,2,2,2
муниципальный округ Частинский,0,0,0,0,0,0,0,0,0,1,1,1,1,1,1,1,1,1,1,2,2,2,2,2
муниципальный округ Черняховский,0,0,0,0,0,0,0,0,6,6,6,6,6,6,6,6,7,7,7,7,7,7,7,7
муниципальный округ Шарканский район,0,0,0,0,0,0,0,0,0,1,1,1,1,1,1,2,2,2,2,2,2,2,2,2
муниципальный округ Шумихинский,0,0,0,0,0,0,0,0,0,1,1,1,1,1,1,1,1,1,1,2,2,2,2,2
муниципальный округ Шурышкарский район,4,4,4,4,4,4,4,4,4,4,4,4,4,4,4,4,4,4,4,4,4,4,4,4
муниципальный округ Юкаменский район,0,0,0,0,0,0,0,0,0,1,1,1,1,1,1,1,2,2,2,2,2,2,2,2
муниципальный округ Юрлинский,0,0,0,0,0,0,0,0,0,1,1,1,1,1,1,1,1,1,1,2,2,2,2,2
муниципальный округ Юсьвинский,0,0,0,0,0,0,0,0,0,1,1,1,1,1,1,1,1,1,1,2,2,2,2,2
муниципальный округ Ягоднинский,4,4,4,4,4,4,4,4,4,4,4,4,4,4,4,4,4,4,4,4,4,4,4,4
муниципальный округ Якшур-Бодьинский район,0,0,0,0,0,0,0,0,0,1,1,1,1,1,1,1,1,1,1,2,2,2,2,2
муниципальный округ Ямальский район,4,4,4,4,4,4,4,4,4,4,4,4,4,4,4,4,4,4,4,4,4,4,4,4
муниципальный округ Ярский район,0,0,0,0,0,0,0,0,0,1,1,1,1,1,1,1,2,2,2,2,2,2,2,2
муниципальный округ город Апатиты,3,3,3,3,3,3,4,4,4,4,4,4,4,4,4,4,4,4,4,4,4,4,4,4
муниципальный округ город Кировск,3,3,3,3,3,3,4,4,4,4,4,4,4,4,4,4,4,4,4,4,4,4,4,4
муниципальный округ город Мончегорск,3,3,3,3,3,3,4,4,4,4,4,4,4,4,4,4,4,4,4,4,4,4,4,4
муниципальный округ город Оленегорск,3,3,3,3,3,3,4,4,4,4,4,4,4,4,4,4,4,4,4,4,4,4,4,4
муниципальный округ город Полярные Зори,3,3,3,3,3,3,4,4,4,4,4,4,4,4,4,4,4,4,4,4,4,4,4,4
муниципальный округ город Славгород,0,0,0,0,0,0,0,0,6,6,6,6,6,6,6,6,7,2,2,2,2,2,2,2
муниципальный район Город Краснокаменск и Краснокаменский район,0,0,0,4,4,4,4,4,4,6,6,6,6,6,6,7,7,7,7,7,7,7,7,7
муниципальный район Заполярный район,4,4,4,4,4,4,4,4,4,4,4,4,4,4,4,4,4,4,4,4,4,4,4,4
муниципальный район Печора,3,3,3,3,3,3,3,3,6,6,6,6,6,6,6,6,7,7,7,7,4,4,4,4
муниципальный район Сосногорск,3,3,3,3,3,3,3,3,6,6,6,6,6,6,6,6,7,7,7,7,7,7,2,2
муниципальный район город Нерехта и Нерехтский район,0,0,0,0,0,0,0,0,0,1,1,1,1,1,6,2,2,2,2,2,2,2,2,2
муниципальный район имени Лазо,4,4,4,4,4,4,4,4,4,4,4,4,6,6,6,6,2,2,2,2,2,2,2,2
муниципальный район имени Полины Осипенко,4,4,4,4,4,4,4,4,4,4,4,4,4,4,4,4,4,4,4,4,4,4,4,4
