mo,temporal_december_label,profile,kefrin_cluster,atlas_state
Абазинский муниципальный район,7,C,0,unresolved
Абанский муниципальный район,11,G,3,stable_core
Абатский муниципальный район,11,G,1,stable_core
Абзелиловский муниципальный район,11,G,0,transition
Агинский муниципальный район,1,A,0,expansive_core
Агрызский муниципальный район,11,G,7,unresolved
Адамовский муниципальный район,11,G,1,stable_core
Азнакаевский муниципальный район,11,G,0,transition
Азовский немецкий национальный муниципальный район,11,G,5,stable_core
Акбулакский муниципальный район,11,G,7,stable_core
Аксубаевский муниципальный район,11,G,5,stable_core
Актанышский муниципальный район,11,G,0,unresolved
Алагирский муниципальный район,7,C,6,unresolved
Аларский муниципальный район,10,F,0,transition
Алданский муниципальный район,1,A,2,expansive_core
Александро-Невский муниципальный район,11,G,1,stable_core
Александрово-Гайский муниципальный район,11,G,1,stable_core
Александровский муниципальный округ,11,G,5,stable_core
Аликовский муниципальный округ,11,G,5,unresolved
Алькеевский муниципальный район,11,G,5,unresolved
Альменевский муниципальный округ,11,G,1,stable_core
Альметьевский муниципальный район,8,D,6,expansive_core
Альшеевский муниципальный район,11,G,3,unresolved
Амгинский муниципальный район,1,A,2,expansive_core
Амурский муниципальный район,1,A,4,expansive_core
Анадырский муниципальный район,1,A,2,expansive_core
Андроповский муниципальный округ,11,G,1,stable_core
Антроповский муниципальный район,11,G,1,stable_core
Анучинский муниципальный округ,11,G,5,stable_core
Апанасенковский муниципальный округ,11,G,1,stable_core
Апастовский муниципальный район,11,G,5,unresolved
Аргаяшский муниципальный район,11,G,7,stable_core
Ардатовский муниципальный округ,11,G,1,stable_core
Ардатовский муниципальный район,11,G,1,stable_core
Ардонский муниципальный район,7,C,3,unresolved
Арзгирский муниципальный округ,11,G,1,stable_core
Аркадакский муниципальный район,11,G,3,stable_core
Армизонский муниципальный район,11,G,1,stable_core
Аромашевский муниципальный район,11,G,1,stable_core
Арсеньевский муниципальный район,11,G,3,stable_core
Арский муниципальный район,11,G,0,unresolved
Архангельский муниципальный район,11,G,1,stable_core
Архаринский муниципальный округ,10,F,5,transition
Асекеевский муниципальный район,11,G,1,stable_core
Асиновский муниципальный район,11,G,5,unresolved
Аскинский муниципальный район,11,G,5,unresolved
Аткарский муниципальный район,11,G,3,stable_core
Атнинский муниципальный район,11,G,3,unresolved
Атюрьевский муниципальный район,11,G,3,stable_core
Атяшевский муниципальный район,11,G,3,stable_core
Аургазинский муниципальный район,11,G,5,unresolved
Ахтубинский муниципальный район,11,G,7,stable_core
Ашинский муниципальный район,11,G,7,unresolved
Бабаевский муниципальный округ,11,G,0,stable_core
Бабушкинский муниципальный округ,11,G,5,stable_core
Бабынинский муниципальный район,11,G,7,stable_core
Бавлинский муниципальный район,11,G,5,unresolved
Баганский муниципальный район,11,G,0,stable_core
Баевский муниципальный район,11,G,1,stable_core
Базарно-Карабулакский муниципальный район,11,G,1,stable_core
Базарносызганский муниципальный район,11,G,1,stable_core
Бай-Тайгинский муниципальный район,7,C,0,transition
Байкаловский муниципальный район,11,G,1,stable_core
Баймакский муниципальный район,11,G,0,transition
Бакалинский муниципальный район,11,G,3,unresolved
Бакчарский муниципальный район,11,G,1,stable_core
Балаганский муниципальный район,11,G,1,stable_core
Балаковский муниципальный район,8,D,6,expansive_core
Балахнинский муниципальный округ,10,F,8,transition
Балахтинский муниципальный район,10,F,0,transition
Балашовский муниципальный район,10,F,0,transition
Балейский муниципальный район,10,F,5,transition
Балтайский муниципальный район,11,G,1,stable_core
Балтасинский муниципальный район,11,G,0,unresolved
Балтачевский муниципальный район,11,G,3,unresolved
Барабинский муниципальный район,10,F,0,transition
Барун-Хемчикский муниципальный район,7,C,0,transition
Барышский муниципальный район,11,G,3,stable_core
Барятинский муниципальный район,11,G,3,stable_core
Батыревский муниципальный округ,11,G,5,unresolved
Башмаковский муниципальный район,11,G,3,stable_core
Баяндаевский муниципальный район,7,C,0,transition
Бежаницкий муниципальный район,11,G,3,stable_core
Безенчукский муниципальный район,10,F,4,transition
Бейский муниципальный район,10,F,0,transition
Бековский муниципальный район,11,G,3,stable_core
Белебеевский муниципальный район,10,F,6,transition
Белевский муниципальный район,11,G,1,stable_core
Белинский муниципальный район,11,G,1,stable_core
Беловский муниципальный округ,10,F,3,transition
Белогорский муниципальный округ,10,F,2,transition
Белокатайский муниципальный район,11,G,5,stable_core
Беломорский муниципальный округ,11,G,7,unresolved
Белорецкий муниципальный район,10,F,6,transition
Белохолуницкий муниципальный район,11,G,1,stable_core
Белоярский муниципальный район,1,A,4,unresolved
Беляевский муниципальный район,11,G,7,stable_core
Бердюжский муниципальный район,11,G,1,stable_core
Бессоновский муниципальный район,10,F,0,transition
Бижбулякский муниципальный район,11,G,3,unresolved
Бийский муниципальный район,10,F,0,transition
Бикинский муниципальный район,1,A,2,expansive_core
Билибинский муниципальный район,1,A,2,expansive_core
Бирилюсский муниципальный район,11,G,1,stable_core
Биробиджанский муниципальный район,1,A,4,unresolved
Бирский муниципальный район,10,F,6,transition
Благоварский муниципальный район,11,G,3,unresolved
Благовещенский муниципальный округ,1,A,2,expansive_core
Благодарненский муниципальный округ,11,G,3,stable_core
Богатовский муниципальный район,11,G,7,stable_core
Богородицкий муниципальный район,11,G,7,unresolved
Богородский муниципальный округ,10,F,6,transition
Боградский муниципальный район,11,G,1,stable_core
Богучанский муниципальный район,11,G,1,unresolved
Бокситогорский муниципальный район,11,G,4,unresolved
Болотнинский муниципальный район,10,F,0,transition
Болховский муниципальный район,11,G,1,stable_core
Большеберезниковский муниципальный район,11,G,1,stable_core
Большеболдинский муниципальный округ,11,G,1,stable_core
Большеглушицкий муниципальный район,11,G,1,stable_core
Большемурашкинский муниципальный округ,11,G,1,stable_core
Большемуртинский муниципальный район,11,G,5,stable_core
Большереченский муниципальный район,11,G,3,unresolved
Большесельский муниципальный район,11,G,1,stable_core
Большеуковский муниципальный район,11,G,1,stable_core
Большеулуйский муниципальный район,11,G,7,stable_core
Большечерниговский муниципальный район,11,G,5,stable_core
Бондарский муниципальный округ,11,G,1,stable_core
Борзинский муниципальный район,10,F,2,transition
Борисоглебский муниципальный район,11,G,1,stable_core
Боровичский муниципальный район,10,F,8,transition
Боровский муниципальный район,10,F,6,transition
Борский муниципальный район,11,G,7,stable_core
Боханский муниципальный район,11,G,5,unresolved
Братский муниципальный район,11,G,7,stable_core
Брединский муниципальный район,11,G,5,stable_core
Брейтовский муниципальный район,11,G,3,stable_core
Бугульминский муниципальный район,10,F,6,transition
Бугурусланский муниципальный район,11,G,0,transition
Будённовский муниципальный округ,10,F,0,transition
Буздякский муниципальный район,11,G,3,unresolved
Буинский муниципальный район,11,G,0,unresolved
Буйский муниципальный район,11,G,7,stable_core
Булунский муниципальный район,1,A,2,expansive_core
Бураевский муниципальный район,11,G,5,unresolved
Бурейский муниципальный округ,10,F,2,transition
Бурзянский муниципальный район,11,G,5,unresolved
Бурлинский муниципальный район,11,G,1,stable_core
Бутурлинский муниципальный округ,11,G,1,stable_core
Быковский муниципальный район,11,G,3,stable_core
Быстроистокский муниципальный район,11,G,3,stable_core
Вагайский муниципальный район,11,G,5,stable_core
Вадинский муниципальный район,11,G,1,stable_core
Вадский муниципальный округ,11,G,1,stable_core
Валдайский муниципальный район,11,G,7,unresolved
Ванинский муниципальный район,1,A,2,expansive_core
Варгашинский муниципальный округ,11,G,1,stable_core
Варнавинский муниципальный округ,11,G,1,stable_core
Варненский муниципальный район,11,G,3,stable_core
Вачский муниципальный округ,11,G,7,stable_core
Велижский муниципальный район,11,G,7,stable_core
Великоустюгский муниципальный округ,10,F,2,transition
Вельский муниципальный район,10,F,4,transition
Венгеровский муниципальный район,11,G,1,stable_core
Веневский муниципальный район,11,G,7,stable_core
Верхнебуреинский муниципальный район,1,A,2,expansive_core
Верхневилюйский муниципальный район,1,A,2,expansive_core
Верхнекетский муниципальный район,11,G,5,unresolved
Верхнеколымский муниципальный район,1,A,2,expansive_core
Верхнетоемский муниципальный округ,11,G,7,stable_core
Верхнеуральский муниципальный район,11,G,7,stable_core
Верхнеуслонский муниципальный район,10,F,0,transition
Верховажский муниципальный округ,11,G,1,stable_core
Верховский муниципальный район,11,G,7,stable_core
Верхошижемский муниципальный район,11,G,1,stable_core
Верхоянский муниципальный район,1,A,2,expansive_core
Ветлужский муниципальный округ,11,G,1,stable_core
Вешкаймский муниципальный район,11,G,3,stable_core
Викуловский муниципальный район,10,F,0,transition
Вилюйский муниципальный район,1,A,2,expansive_core
Виноградовский муниципальный округ,11,G,3,stable_core
Вичугский муниципальный район,11,G,7,stable_core
Вожегодский муниципальный округ,11,G,7,stable_core
Вознесенский муниципальный округ,11,G,1,stable_core
Вологодский муниципальный округ,8,D,6,expansive_core
Володарский муниципальный округ,10,F,4,transition
Волосовский муниципальный район,10,F,4,transition
Волховский муниципальный район,10,F,4,transition
Волчихинский муниципальный район,11,G,3,stable_core
Вольский муниципальный район,10,F,0,transition
Воскресенский муниципальный округ,11,G,3,stable_core
Воскресенский муниципальный район,11,G,1,stable_core
Вохомский муниципальный район,11,G,3,stable_core
Всеволожский муниципальный район,9,E,6,stable_core
Вурнарский муниципальный округ,11,G,3,unresolved
Выборгский муниципальный район,9,E,6,unresolved
Высокогорский муниципальный район,10,F,0,transition
Вытегорский муниципальный район,10,F,5,transition
Вязниковский муниципальный район,10,F,0,transition
Вятскополянский муниципальный район,11,G,7,stable_core
Гаврилов-Ямский муниципальный район,11,G,7,stable_core
Гаврилово-Посадский муниципальный район,11,G,1,stable_core
Гавриловский муниципальный округ,11,G,1,stable_core
Гагаринский муниципальный район,10,F,0,transition
Гагинский муниципальный округ,11,G,1,stable_core
Газимуро-Заводский муниципальный округ,1,A,2,expansive_core
Галичский муниципальный район,11,G,1,stable_core
Гатчинский муниципальный район,9,E,6,unresolved
Гафурийский муниципальный район,11,G,5,unresolved
Гдовский муниципальный район,10,F,4,transition
Георгиевский муниципальный округ,10,F,0,transition
Гиагинский муниципальный район,11,G,7,stable_core
Глазуновский муниципальный район,11,G,7,stable_core
Глинковский муниципальный район,11,G,1,stable_core
Горномарийский муниципальный район,11,G,3,unresolved
Горный муниципальный район,1,A,2,expansive_core
Городецкий муниципальный округ,10,F,6,transition
Городовиковский муниципальный район,11,G,1,stable_core
Гороховецкий муниципальный район,11,G,5,stable_core
Горьковский муниципальный район,11,G,5,stable_core
Грачёвский муниципальный округ,11,G,1,stable_core
Грачёвский муниципальный район,11,G,7,stable_core
Грязинский муниципальный район,10,F,7,transition
Грязовецкий муниципальный округ,11,G,7,stable_core
Гурьевский муниципальный округ,10,F,6,transition
Гусь-Хрустальный муниципальный район,11,G,7,stable_core
Давлекановский муниципальный район,11,G,0,transition
Далматовский муниципальный округ,11,G,7,stable_core
Дальнеконстантиновский муниципальный округ,11,G,7,stable_core
Дальнереченский муниципальный район,10,F,0,transition
Данковский муниципальный район,11,G,1,stable_core
Даровской муниципальный район,11,G,1,stable_core
Дедовичский муниципальный район,11,G,3,stable_core
Демидовский муниципальный район,11,G,3,stable_core
Дергачевский муниципальный район,11,G,3,stable_core
Дзун-Хемчикский муниципальный район,7,C,0,transition
Дивеевский муниципальный округ,11,G,1,stable_core
Дигорский муниципальный район,7,C,0,unresolved
Дновский муниципальный район,11,G,7,unresolved
Добринский муниципальный район,11,G,3,stable_core
Добровский муниципальный район,11,G,3,stable_core
Доволенский муниципальный район,11,G,3,stable_core
Долгоруковский муниципальный район,11,G,3,stable_core
Должанский муниципальный район,11,G,1,stable_core
Домбаровский муниципальный район,11,G,7,stable_core
Дорогобужский муниципальный район,11,G,7,unresolved
Дрожжановский муниципальный район,11,G,5,unresolved
Дубовский муниципальный район,11,G,3,stable_core
Дуванский муниципальный район,11,G,0,transition
Дульдургинский муниципальный район,10,F,0,transition
Думиничский муниципальный район,11,G,1,stable_core
Духовницкий муниципальный район,11,G,3,unresolved
Духовщинский муниципальный район,11,G,1,stable_core
Дюртюлинский муниципальный район,10,F,6,transition
Егорьевский муниципальный район,11,G,7,unresolved
Екатериновский муниципальный район,11,G,1,stable_core
Елабужский муниципальный район,8,D,6,expansive_core
Еланский муниципальный район,11,G,3,stable_core
Елизовский муниципальный район,1,A,2,expansive_core
Елховский муниципальный район,11,G,1,stable_core
Ельниковский муниципальный район,11,G,1,stable_core
Ельнинский муниципальный район,11,G,3,stable_core
Ельцовский муниципальный район,11,G,3,stable_core
Еманжелинский муниципальный район,11,G,7,stable_core
Емельяновский муниципальный район,8,D,6,expansive_core
Енисейский муниципальный район,11,G,7,stable_core
Енотаевский муниципальный район,11,G,3,stable_core
Ермаковский муниципальный район,11,G,0,stable_core
Ермекеевский муниципальный район,11,G,3,unresolved
Ермишинский муниципальный район,11,G,3,stable_core
Ершичский муниципальный район,11,G,1,stable_core
Ершовский муниципальный район,11,G,3,stable_core
Еткульский муниципальный район,11,G,7,stable_core
Жердевский муниципальный округ,11,G,3,stable_core
Жигаловский муниципальный район,10,F,0,transition
Жиздринский муниципальный район,11,G,1,stable_core
Жирновский муниципальный район,11,G,3,stable_core
Жуковский муниципальный район,11,G,4,unresolved
Забайкальский муниципальный район,8,D,2,expansive_core
Завитинский муниципальный округ,10,F,5,transition
Заволжский муниципальный район,11,G,3,stable_core
Завьяловский муниципальный район,11,G,1,stable_core
Задонский муниципальный район,11,G,3,stable_core
Заинский муниципальный район,10,F,0,transition
Заларинский муниципальный район,11,G,5,stable_core
Залегощенский муниципальный район,11,G,7,stable_core
Залесовский муниципальный округ,11,G,1,stable_core
Заокский муниципальный район,10,F,4,transition
Захаровский муниципальный район,11,G,7,stable_core
Звениговский муниципальный район,11,G,3,stable_core
Звериноголовский муниципальный округ,11,G,1,stable_core
Здвинский муниципальный район,11,G,3,stable_core
Зейский муниципальный округ,1,A,2,expansive_core
Зеленодольский муниципальный район,8,D,6,expansive_core
Зеленчукский муниципальный район,7,C,3,unresolved
Земетчинский муниципальный район,11,G,1,stable_core
Зианчуринский муниципальный район,11,G,5,unresolved
Зилаирский муниципальный район,11,G,0,unresolved
Зиминский муниципальный район,11,G,5,stable_core
Змеиногорский муниципальный район,11,G,3,unresolved
Знаменский муниципальный округ,11,G,1,stable_core
Зональный муниципальный район,11,G,7,stable_core
Зубово-Полянский муниципальный район,11,G,3,stable_core
Зуевский муниципальный район,11,G,7,stable_core
Зырянский муниципальный район,11,G,1,stable_core
Ибресинский муниципальный округ,11,G,3,unresolved
Ивановский муниципальный округ,10,F,2,transition
Ивановский муниципальный район,8,D,6,expansive_core
Ивантеевский муниципальный район,11,G,1,stable_core
Иглинский муниципальный район,10,F,0,transition
Идринский муниципальный район,11,G,1,stable_core
Ижемский муниципальный район,11,G,5,stable_core
Ижморский муниципальный округ,11,G,3,stable_core
Измалковский муниципальный район,11,G,1,stable_core
Износковский муниципальный район,11,G,3,stable_core
Изобильненский муниципальный округ,10,F,3,transition
Икрянинский муниципальный район,11,G,7,stable_core
Иланский муниципальный район,11,G,5,stable_core
Илекский муниципальный район,11,G,5,stable_core
Илишевский муниципальный район,11,G,3,unresolved
Иловлинский муниципальный район,11,G,3,stable_core
Ильинский муниципальный район,11,G,1,stable_core
Инжавинский муниципальный округ,11,G,1,stable_core
Инзенский муниципальный район,11,G,3,stable_core
Инсарский муниципальный район,11,G,3,stable_core
Ипатовский муниципальный округ,11,G,1,stable_core
Ирафский муниципальный район,7,C,3,unresolved
Ирбейский муниципальный район,11,G,1,stable_core
Иркутский муниципальный район,8,D,6,expansive_core
Исаклинский муниципальный район,11,G,1,stable_core
Исетский муниципальный район,11,G,5,stable_core
Исилькульский муниципальный район,11,G,5,stable_core
Искитимский муниципальный район,10,F,4,transition
Иссинский муниципальный район,11,G,1,stable_core
Ичалковский муниципальный район,11,G,1,stable_core
Ишимбайский муниципальный район,10,F,6,transition
Ишимский муниципальный район,10,F,0,transition
Каа-Хемский муниципальный район,10,F,0,transition
Кавалеровский муниципальный округ,10,F,2,transition
Кадомский муниципальный район,11,G,1,stable_core
Кадошкинский муниципальный район,11,G,5,stable_core
Кадуйский муниципальный округ,11,G,7,stable_core
Кадыйский муниципальный район,11,G,1,stable_core
Казанский муниципальный район,11,G,1,stable_core
Казачинский муниципальный район,11,G,3,stable_core
Казачинско-Ленский муниципальный район,11,G,2,unresolved
Кайбицкий муниципальный район,11,G,5,unresolved
Каларский муниципальный округ,1,A,4,expansive_core
Калачевский муниципальный район,10,F,3,transition
Калачинский муниципальный район,11,G,7,stable_core
Калганский муниципальный округ,10,F,5,transition
Калевальский муниципальный район,0,micro,0,unresolved
Калининский муниципальный район,11,G,3,stable_core
Калманский муниципальный район,11,G,7,stable_core
Калтасинский муниципальный район,11,G,7,stable_core
Камешкирский муниципальный район,11,G,1,stable_core
Камешковский муниципальный район,11,G,7,stable_core
Камско-Устьинский муниципальный район,11,G,1,stable_core
Камызякский муниципальный район,11,G,1,stable_core
Камышлинский муниципальный район,11,G,3,unresolved
Камышловский муниципальный район,8,D,4,expansive_core
Кандалакшский муниципальный район,1,A,4,expansive_core
Карагинский муниципальный район,1,A,2,expansive_core
Караидельский муниципальный район,11,G,0,unresolved
Карасукский муниципальный район,10,F,0,transition
Каратузский муниципальный район,11,G,1,stable_core
Каргапольский муниципальный округ,11,G,7,stable_core
Каргасокский муниципальный район,11,G,1,transition
Каргатский муниципальный район,11,G,3,stable_core
Кардымовский муниципальный район,11,G,7,stable_core
Кармаскалинский муниципальный район,11,G,0,unresolved
Карсунский муниципальный район,11,G,3,stable_core
Карталинский муниципальный район,11,G,7,stable_core
Карымский муниципальный район,10,F,0,transition
Касимовский муниципальный район,11,G,3,stable_core
Каслинский муниципальный район,11,G,1,stable_core
Катав-Ивановский муниципальный район,11,G,3,stable_core
Катайский муниципальный округ,11,G,7,stable_core
Катангский муниципальный район,1,A,2,expansive_core
Качугский муниципальный район,11,G,5,stable_core
Кваркенский муниципальный район,11,G,5,stable_core
Кежемский муниципальный район,11,G,4,unresolved
Кемеровский муниципальный округ,8,D,6,expansive_core
Кемский муниципальный район,11,G,7,unresolved
Кигинский муниципальный район,11,G,5,unresolved
Кизильский муниципальный район,11,G,7,stable_core
Киквидзенский муниципальный район,11,G,1,stable_core
Килемарский муниципальный район,11,G,3,stable_core
Кильмезский муниципальный район,11,G,1,stable_core
Кимовский муниципальный район,11,G,7,stable_core
Кингисеппский муниципальный район,1,A,4,expansive_core
Кинель-Черкасский муниципальный район,11,G,7,stable_core
Кинельский муниципальный район,11,G,3,stable_core
Кинешемский муниципальный район,11,G,7,stable_core
Киреевский муниципальный район,11,G,7,stable_core
Киренский муниципальный район,11,G,4,unresolved
Киржачский муниципальный район,10,F,4,transition
Кирилловский муниципальный округ,11,G,5,stable_core
Киришский муниципальный район,1,A,4,unresolved
Кирово-Чепецкий муниципальный район,10,F,0,transition
Кировский муниципальный округ,11,G,7,stable_core
Кичменгско-Городецкий муниципальный округ,11,G,0,transition
Клепиковский муниципальный район,11,G,3,stable_core
Клетский муниципальный район,11,G,1,stable_core
Ключевский муниципальный район,11,G,3,unresolved
Клявлинский муниципальный район,11,G,1,stable_core
Княгининский муниципальный округ,11,G,7,stable_core
Княжпогостский муниципальный район,11,G,7,unresolved
Кобяйский муниципальный район,1,A,2,expansive_core
Ковдорский муниципальный округ,1,A,4,expansive_core
Ковернинский муниципальный округ,11,G,3,stable_core
Ковылкинский муниципальный район,11,G,3,stable_core
Кожевниковский муниципальный район,11,G,1,stable_core
Козельский муниципальный район,11,G,7,unresolved
Козловский муниципальный округ,11,G,7,stable_core
Козульский муниципальный район,11,G,1,stable_core
Койгородский муниципальный район,11,G,1,stable_core
Кологривский муниципальный округ,11,G,3,stable_core
Колосовский муниципальный район,11,G,1,stable_core
Колпашевский муниципальный район,11,G,5,stable_core
Колпнянский муниципальный район,11,G,1,stable_core
Колыванский муниципальный район,11,G,3,stable_core
Колышлейский муниципальный район,11,G,1,stable_core
Кольский муниципальный район,10,F,4,transition
Кольчугинский муниципальный район,10,F,4,transition
Комсомольский муниципальный округ,11,G,5,unresolved
Кондинский муниципальный район,10,F,0,transition
Кондопожский муниципальный район,10,F,4,transition
Коношский муниципальный район,11,G,0,unresolved
Константиновский муниципальный район,10,F,2,transition
Кораблинский муниципальный район,11,G,1,stable_core
Коркинский муниципальный округ,10,F,7,transition
Кормиловский муниципальный район,11,G,5,stable_core
Корткеросский муниципальный район,11,G,5,stable_core
Косихинский муниципальный район,11,G,7,stable_core
Костромской муниципальный район,10,F,0,transition
Котельниковский муниципальный район,11,G,3,stable_core
Котельничский муниципальный район,11,G,5,stable_core
Котласский муниципальный округ,11,G,2,stable_core
Котовский муниципальный район,11,G,7,stable_core
Коченевский муниципальный район,11,G,3,stable_core
Кочковский муниципальный район,11,G,3,stable_core
Кочубеевский муниципальный округ,11,G,3,stable_core
Кош-Агачский муниципальный район,1,A,0,transition
Кошехабльский муниципальный район,10,F,0,transition
Кошкинский муниципальный район,11,G,3,stable_core
Крапивинский муниципальный округ,11,G,3,stable_core
Краснобаковский муниципальный округ,11,G,3,stable_core
Красноборский муниципальный округ,11,G,3,stable_core
Красногвардейский муниципальный округ,11,G,3,stable_core
Красногорский муниципальный район,11,G,3,stable_core
Краснозерский муниципальный район,11,G,3,stable_core
Краснозоренский муниципальный район,11,G,1,stable_core
Краснокамский муниципальный район,11,G,3,unresolved
Краснокутский муниципальный район,11,G,7,stable_core
Краснооктябрьский муниципальный округ,11,G,1,stable_core
Краснопартизанский муниципальный район,11,G,3,stable_core
Красносельский муниципальный район,11,G,7,stable_core
Краснослободский муниципальный район,11,G,3,unresolved
Краснотуранский муниципальный район,11,G,5,stable_core
Красночетайский муниципальный округ,11,G,3,unresolved
Красночикойский муниципальный район,10,F,5,transition
Краснощёковский муниципальный район,11,G,3,stable_core
Кривошеинский муниципальный район,11,G,1,stable_core
Кромской муниципальный район,11,G,3,stable_core
Крутинский муниципальный район,11,G,1,stable_core
Крутихинский муниципальный район,11,G,1,stable_core
Кстовский муниципальный округ,8,D,6,expansive_core
Кугарчинский муниципальный район,11,G,5,stable_core
Куженерский муниципальный район,11,G,5,stable_core
Кузоватовский муниципальный район,11,G,3,stable_core
Куйтунский муниципальный район,11,G,5,stable_core
Кукморский муниципальный район,11,G,0,unresolved
Кулундинский муниципальный район,11,G,5,stable_core
Куменский муниципальный район,11,G,7,stable_core
Кумылженский муниципальный район,11,G,3,stable_core
Кунашакский муниципальный район,11,G,5,stable_core
Купинский муниципальный район,11,G,0,stable_core
Курагинский муниципальный район,11,G,1,stable_core
Куркинский муниципальный район,11,G,1,stable_core
Курманаевский муниципальный район,11,G,1,stable_core
Курский муниципальный округ,7,C,5,unresolved
Куртамышский муниципальный округ,11,G,1,stable_core
Курьинский муниципальный район,11,G,1,stable_core
Кусинский муниципальный район,11,G,7,stable_core
Кушнаренковский муниципальный район,11,G,3,unresolved
Кызылский муниципальный район,1,A,0,transition
Кыринский муниципальный район,10,F,5,transition
Кытмановский муниципальный район,11,G,5,stable_core
Кыштовский муниципальный район,11,G,1,stable_core
Лаганский муниципальный район,11,G,1,stable_core
Лазовский муниципальный округ,11,G,5,transition
Лаишевский муниципальный район,8,D,6,expansive_core
Лахденпохский муниципальный район,11,G,7,unresolved
Лебедянский муниципальный район,11,G,3,stable_core
Лебяжьевский муниципальный округ,11,G,1,stable_core
Лев-Толстовский муниципальный район,11,G,3,stable_core
Левокумский муниципальный округ,11,G,3,stable_core
Лежневский муниципальный район,11,G,7,stable_core
Лениногорский муниципальный район,10,F,6,transition
Лиманский муниципальный район,11,G,3,stable_core
Ловозерский муниципальный район,11,G,7,unresolved
Лодейнопольский муниципальный район,10,F,4,transition
Локтевский муниципальный район,11,G,3,stable_core
Ломоносовский муниципальный район,9,E,6,unresolved
Лопатинский муниципальный район,11,G,3,stable_core
Лоухский муниципальный район,11,G,7,unresolved
Лужский муниципальный район,9,E,6,unresolved
Лукояновский муниципальный округ,11,G,1,stable_core
Лунинский муниципальный район,11,G,1,stable_core
Лухский муниципальный район,11,G,7,stable_core
Лысковский муниципальный округ,11,G,7,unresolved
Лысогорский муниципальный район,11,G,1,stable_core
Любимский муниципальный район,11,G,7,stable_core
Любинский муниципальный район,11,G,7,stable_core
Любытинский муниципальный район,11,G,3,stable_core
Людиновский муниципальный район,10,F,7,transition
Лямбирский муниципальный район,10,F,0,transition
Магдагачинский муниципальный район,10,F,2,transition
Мазановский муниципальный район,10,F,2,transition
Майкопский муниципальный район,10,F,0,transition
Майминский муниципальный район,8,D,6,expansive_core
Майнский муниципальный район,11,G,1,stable_core
Майский муниципальный район,11,G,3,stable_core
Макарьевский муниципальный район,11,G,1,stable_core
Малмыжский муниципальный район,11,G,1,stable_core
Малоархангельский муниципальный район,11,G,1,stable_core
Маловишерский муниципальный район,11,G,7,unresolved
Малодербетовский муниципальный район,11,G,5,stable_core
Малосердобинский муниципальный район,11,G,1,stable_core
Малоярославецкий муниципальный район,10,F,6,transition
Мамадышский муниципальный район,11,G,3,unresolved
Мамонтовский муниципальный район,11,G,1,stable_core
Манский муниципальный район,11,G,3,stable_core
Мантуровский муниципальный округ,11,G,1,stable_core
Мари-Турекский муниципальный район,11,G,5,stable_core
Мариинский муниципальный округ,10,F,0,transition
Мариинско-Посадский муниципальный округ,11,G,3,stable_core
Марксовский муниципальный район,11,G,7,unresolved
Марьяновский муниципальный район,11,G,7,stable_core
Маслянинский муниципальный район,11,G,3,stable_core
Матвеевский муниципальный район,11,G,1,stable_core
Мегино-Кангаласский муниципальный район,1,A,2,expansive_core
Медведевский муниципальный район,8,D,6,expansive_core
Медвежьегорский муниципальный район,11,G,7,unresolved
Медынский муниципальный район,11,G,7,stable_core
Междуреченский муниципальный округ,11,G,1,stable_core
Межевской муниципальный округ,11,G,1,stable_core
Мезенский муниципальный округ,11,G,1,stable_core
Меленковский муниципальный район,11,G,7,stable_core
Мелеузовский муниципальный район,10,F,6,transition
Менделеевский муниципальный район,11,G,3,stable_core
Мензелинский муниципальный район,11,G,3,unresolved
Мечетлинский муниципальный район,11,G,5,unresolved
Мещовский муниципальный район,11,G,1,stable_core
Милославский муниципальный район,11,G,1,stable_core
Мильковский муниципальный округ,1,A,2,expansive_core
Минераловодский муниципальный округ,8,D,6,expansive_core
Мирнинский муниципальный район,1,A,4,expansive_core
Мишкинский муниципальный округ,11,G,1,stable_core
Мишкинский муниципальный район,11,G,3,unresolved
Миякинский муниципальный район,11,G,5,unresolved
Могойтуйский муниципальный район,1,A,0,expansive_core
Могочинский муниципальный округ,10,F,2,transition
Моздокский муниципальный район,10,F,0,transition
Мокроусовский муниципальный округ,11,G,7,stable_core
Мокшанский муниципальный район,11,G,3,stable_core
Молчановский муниципальный район,11,G,1,stable_core
Монастырщинский муниципальный район,11,G,3,stable_core
Моргаушский муниципальный округ,11,G,7,unresolved
Мордовский муниципальный округ,11,G,1,stable_core
Моркинский муниципальный район,11,G,7,stable_core
Мосальский муниципальный район,11,G,3,stable_core
Москаленский муниципальный район,11,G,7,stable_core
Мотыгинский муниципальный район,11,G,3,unresolved
Мошковский муниципальный район,10,F,0,transition
Муезерский муниципальный район,11,G,7,unresolved
Муромцевский муниципальный район,11,G,3,stable_core
Муслюмовский муниципальный район,11,G,5,unresolved
Мучкапский муниципальный округ,11,G,3,stable_core
Мышкинский муниципальный район,11,G,7,stable_core
Нагайбакский муниципальный район,11,G,7,stable_core
Нагорский муниципальный район,11,G,3,stable_core
Надеждинский муниципальный район,1,A,2,expansive_core
Называевский муниципальный район,11,G,5,stable_core
Намский муниципальный район,1,A,2,expansive_core
Нанайский муниципальный район,11,G,7,unresolved
Наримановский муниципальный район,10,F,0,transition
Наровчатский муниципальный район,11,G,1,stable_core
Неверкинский муниципальный район,11,G,1,stable_core
Нейский муниципальный округ,11,G,1,stable_core
Некоузский муниципальный район,11,G,7,stable_core
Некрасовский муниципальный район,11,G,7,stable_core
Немецкий национальный муниципальный район,11,G,1,stable_core
Нерчинский муниципальный район,10,F,5,transition
Нерюнгринский муниципальный район,1,A,2,expansive_core
Нефтегорский муниципальный район,11,G,7,stable_core
Нефтекумский муниципальный округ,11,G,3,stable_core
Нефтеюганский муниципальный район,10,F,4,transition
Нехаевский муниципальный район,11,G,1,stable_core
Нижневартовский муниципальный район,10,F,4,transition
Нижнеилимский муниципальный район,11,G,7,unresolved
Нижнеингашский муниципальный район,11,G,1,stable_core
Нижнекамский муниципальный район,8,D,6,expansive_core
Нижнеколымский муниципальный район,1,A,2,stable_core
Нижнеломовский муниципальный район,11,G,3,stable_core
Нижнеомский муниципальный район,11,G,1,stable_core
Нижнесергинский муниципальный район,11,G,1,stable_core
Нижнетавдинский муниципальный район,11,G,1,stable_core
Нижнеудинский муниципальный район,10,F,0,transition
Никифоровский муниципальный округ,11,G,3,stable_core
Никольский муниципальный округ,11,G,5,stable_core
Никольский муниципальный район,11,G,1,stable_core
Новгородский муниципальный район,8,D,6,expansive_core
Новичихинский муниципальный район,11,G,1,stable_core
Новоалександровский муниципальный округ,11,G,1,stable_core
Новоаннинский муниципальный район,11,G,0,stable_core
Новобурасский муниципальный район,11,G,1,stable_core
Нововаршавский муниципальный район,11,G,7,stable_core
Новодеревеньковский муниципальный район,11,G,3,stable_core
Новодугинский муниципальный район,11,G,1,stable_core
Новониколаевский муниципальный район,11,G,1,stable_core
Новоорский муниципальный район,11,G,7,stable_core
Новоселицкий муниципальный округ,11,G,1,stable_core
Новоселовский муниципальный район,11,G,5,stable_core
Новосергиевский муниципальный район,11,G,1,stable_core
Новосибирский муниципальный район,8,D,6,unresolved
Новосильский муниципальный район,11,G,3,stable_core
Новосокольнический муниципальный район,11,G,7,stable_core
Новоспасский муниципальный район,11,G,3,stable_core
Новоторъяльский муниципальный район,11,G,5,stable_core
Новоузенский муниципальный район,7,C,0,transition
Новошешминский муниципальный район,11,G,3,stable_core
Нолинский муниципальный район,11,G,7,stable_core
Нукутский муниципальный район,11,G,5,stable_core
Нуримановский муниципальный район,11,G,7,stable_core
Нурлатский муниципальный район,11,G,0,transition
Нюксенский муниципальный округ,11,G,0,stable_core
Нюрбинский муниципальный район,1,A,2,expansive_core
Нязепетровский муниципальный район,11,G,1,stable_core
Няндомский муниципальный округ,11,G,7,unresolved
Облученский муниципальный район,1,A,2,expansive_core
Одесский муниципальный район,11,G,5,stable_core
Одоевский муниципальный район,11,G,3,stable_core
Озинский муниципальный район,11,G,1,stable_core
Оймяконский муниципальный район,1,A,2,expansive_core
Оконешниковский муниципальный район,11,G,5,stable_core
Октябрьский муниципальный округ,10,F,5,transition
Окуловский муниципальный район,11,G,1,stable_core
Олекминский муниципальный район,1,A,2,expansive_core
Оленекский эвенкийский национальный муниципальный район,1,A,2,expansive_core
Оловяннинский муниципальный район,11,G,5,unresolved
Олонецкий муниципальный район,11,G,7,unresolved
Ольгинский муниципальный округ,10,F,5,transition
Ольховский муниципальный район,11,G,1,stable_core
Ольхонский муниципальный район,11,G,0,unresolved
Олюторский муниципальный район,1,A,2,expansive_core
Омский муниципальный район,10,F,0,transition
Омутинский муниципальный район,11,G,1,stable_core
Омутнинский муниципальный район,11,G,7,stable_core
Онгудайский муниципальный район,7,C,0,transition
Онежский муниципальный район,11,G,7,unresolved
Ононский муниципальный округ,10,F,5,transition
Орджоникидзевский муниципальный район,11,G,1,stable_core
Ордынский муниципальный район,11,G,1,stable_core
Оричевский муниципальный район,11,G,7,stable_core
Орловский муниципальный район,11,G,7,stable_core
Оршанский муниципальный район,11,G,5,stable_core
Осинский муниципальный район,11,G,5,unresolved
Островский муниципальный округ,11,G,3,stable_core
Островский муниципальный район,10,F,4,transition
Охотский муниципальный округ,1,A,2,expansive_core
Павинский муниципальный округ,11,G,3,stable_core
Павловский муниципальный округ,10,F,8,transition
Павлоградский муниципальный район,11,G,5,stable_core
Палехский муниципальный район,11,G,7,stable_core
Палласовский муниципальный район,11,G,1,stable_core
Панкрушихинский муниципальный район,11,G,1,stable_core
Парабельский муниципальный район,11,G,7,unresolved
Параньгинский муниципальный район,11,G,5,stable_core
Партизанский муниципальный округ,10,F,2,transition
Партизанский муниципальный район,11,G,1,stable_core
Парфеньевский муниципальный округ,11,G,1,stable_core
Парфинский муниципальный район,11,G,7,stable_core
Пачелмский муниципальный район,11,G,3,stable_core
Пензенский муниципальный район,8,D,6,expansive_core
Первомайский муниципальный округ,11,G,3,stable_core
Переволоцкий муниципальный район,11,G,7,stable_core
Перелюбский муниципальный район,11,G,1,stable_core
Пестравский муниципальный район,11,G,1,stable_core
Пестречинский муниципальный район,10,F,0,transition
Пестяковский муниципальный район,11,G,5,stable_core
Петровск-Забайкальский муниципальный район,10,F,0,transition
Петровский муниципальный район,11,G,7,stable_core
Петропавловский муниципальный район,11,G,1,stable_core
Петуховский муниципальный округ,11,G,1,stable_core
Петушинский муниципальный район,10,F,4,transition
Печенгский муниципальный округ,1,A,4,expansive_core
Пий-Хемский муниципальный район,10,F,0,transition
Пильнинский муниципальный округ,11,G,1,stable_core
Пировский муниципальный округ,11,G,1,stable_core
Пителинский муниципальный район,11,G,1,stable_core
Питерский муниципальный район,11,G,1,stable_core
Питкярантский муниципальный округ,11,G,4,unresolved
Пичаевский муниципальный округ,11,G,1,stable_core
Плавский муниципальный район,11,G,7,unresolved
Пластовский муниципальный район,11,G,7,stable_core
Плесецкий муниципальный округ,11,G,4,unresolved
Плюсский муниципальный район,11,G,3,stable_core
Пограничный муниципальный округ,10,F,2,transition
Поддорский муниципальный район,11,G,1,stable_core
Подосиновский муниципальный район,11,G,5,stable_core
Подпорожский муниципальный район,10,F,4,transition
Пожарский муниципальный округ,10,F,2,transition
Покровский муниципальный район,11,G,3,stable_core
Половинский муниципальный округ,11,G,1,stable_core
Полтавский муниципальный район,11,G,5,stable_core
Поназыревский муниципальный округ,11,G,7,stable_core
Пономарёвский муниципальный район,11,G,3,stable_core
Порецкий муниципальный округ,11,G,3,stable_core
Порховский муниципальный район,11,G,7,stable_core
Поспелихинский муниципальный район,11,G,3,unresolved
Похвистневский муниципальный район,11,G,1,stable_core
Починковский муниципальный округ,11,G,1,stable_core
Починковский муниципальный район,11,G,7,stable_core
Пошехонский муниципальный район,11,G,7,stable_core
Правобережный муниципальный район,7,C,0,unresolved
Предгорный муниципальный округ,10,F,6,transition
Приаргунский муниципальный округ,10,F,5,transition
Прилузский муниципальный район,11,G,1,stable_core
Приморский муниципальный округ,8,D,4,unresolved
Приозерский муниципальный район,10,F,4,transition
Прионежский муниципальный район,10,F,0,transition
Притобольный муниципальный округ,11,G,1,stable_core
Прокопьевский муниципальный округ,10,F,4,transition
Промышленновский муниципальный округ,10,F,0,transition
Пронский муниципальный район,11,G,3,stable_core
Пряжинский муниципальный район,11,G,7,stable_core
Псковский муниципальный район,9,E,6,unresolved
Пугачевский муниципальный район,11,G,3,stable_core
Пудожский муниципальный район,11,G,5,stable_core
Пустошкинский муниципальный район,11,G,1,stable_core
Путятинский муниципальный округ,11,G,3,stable_core
Пучежский муниципальный район,11,G,1,stable_core
Пушкиногорский муниципальный район,11,G,3,stable_core
Пыщугский муниципальный округ,11,G,3,stable_core
Радищевский муниципальный район,11,G,1,stable_core
Ребрихинский муниципальный район,11,G,1,stable_core
Ржаксинский муниципальный округ,11,G,3,stable_core
Ровенский муниципальный район,11,G,3,stable_core
Родинский муниципальный район,11,G,1,stable_core
Родниковский муниципальный район,11,G,7,stable_core
Ромненский муниципальный округ,11,G,5,stable_core
Ромодановский муниципальный район,11,G,3,stable_core
Рославльский муниципальный район,10,F,4,transition
Ростовский муниципальный район,10,F,7,transition
Ртищевский муниципальный район,11,G,3,stable_core
Рузаевский муниципальный район,10,F,4,transition
Русско-Полянский муниципальный район,11,G,5,stable_core
Рыбновский муниципальный район,10,F,4,transition
Ряжский муниципальный округ,11,G,1,stable_core
Рязанский муниципальный район,10,F,6,transition
Сабинский муниципальный район,11,G,3,unresolved
Савинский муниципальный район,11,G,7,stable_core
Сакмарский муниципальный район,11,G,7,unresolved
Салаватский муниципальный район,11,G,0,unresolved
Самойловский муниципальный район,11,G,1,stable_core
Сампурский муниципальный округ,11,G,1,stable_core
Сапожковский муниципальный район,11,G,1,stable_core
Сараевский муниципальный район,11,G,1,stable_core
Саракташский муниципальный район,11,G,7,unresolved
Саргатский муниципальный район,11,G,3,stable_core
Сармановский муниципальный район,11,G,7,unresolved
Сарпинский муниципальный район,11,G,3,stable_core
Саткинский муниципальный район,10,F,4,transition
Сафакулевский муниципальный округ,11,G,5,stable_core
Сафоновский муниципальный район,10,F,7,transition
Саянский муниципальный район,11,G,1,stable_core
Свердловский муниципальный район,11,G,7,stable_core
Светлинский муниципальный район,11,G,7,stable_core
Светлоярский муниципальный район,10,F,0,transition
Свободненский муниципальный район,10,F,4,transition
Себежский муниципальный район,11,G,3,stable_core
Северо-Енисейский муниципальный район,1,A,4,stable_core
Сегежский муниципальный округ,11,G,7,unresolved
Седельниковский муниципальный район,11,G,1,stable_core
Селемджинский муниципальный район,1,A,4,expansive_core
Селивановский муниципальный район,11,G,7,stable_core
Сенгилеевский муниципальный район,11,G,7,stable_core
Серафимовичский муниципальный район,11,G,3,stable_core
Сергачский муниципальный округ,11,G,1,stable_core
Сергиевский муниципальный район,11,G,3,stable_core
Сердобский муниципальный район,11,G,7,stable_core
Сернурский муниципальный район,11,G,7,unresolved
Серышевский муниципальный округ,10,F,2,transition
Сеченовский муниципальный округ,11,G,1,stable_core
Сковородинский муниципальный округ,10,F,2,transition
Сладковский муниципальный район,11,G,1,stable_core
Сланцевский муниципальный район,10,F,4,transition
Слободо-Туринский муниципальный район,11,G,3,stable_core
Слободской муниципальный район,11,G,7,stable_core
Слюдянский муниципальный район,10,F,4,transition
Смидовичский муниципальный район,10,F,4,transition
Собинский муниципальный район,11,G,7,unresolved
Соболевский муниципальный район,1,A,2,expansive_core
Советский муниципальный округ,11,G,3,stable_core
Советско-Гаванский муниципальный район,1,A,2,expansive_core
Сокольский муниципальный округ,10,F,2,transition
Солигаличский муниципальный округ,11,G,3,stable_core
Солнечный муниципальный район,1,A,2,unresolved
Солонешенский муниципальный район,11,G,1,stable_core
Солтонский муниципальный район,11,G,1,stable_core
Сорокинский муниципальный район,11,G,5,stable_core
Сортавальский муниципальный район,10,F,4,transition
Сосновоборский муниципальный район,11,G,3,unresolved
Сосновский муниципальный район,8,D,6,expansive_core
Спас-Деменский муниципальный район,11,G,3,stable_core
Спасский муниципальный округ,11,G,3,stable_core
Среднеахтубинский муниципальный район,10,F,6,transition
Среднеколымский муниципальный район,1,A,2,stable_core
Сретенский муниципальный район,10,F,5,transition
Ставропольский муниципальный район,8,D,0,expansive_core
Становлянский муниципальный район,11,G,7,stable_core
Старожиловский муниципальный район,11,G,7,stable_core
Старокулаткинский муниципальный район,11,G,3,stable_core
Старомайнский муниципальный район,11,G,7,stable_core
Старополтавский муниципальный район,11,G,1,stable_core
Старорусский муниципальный район,10,F,7,transition
Старошайговский муниципальный район,11,G,1,stable_core
Староюрьевский муниципальный округ,11,G,3,stable_core
Степновский муниципальный округ,11,G,1,stable_core
Стерлибашевский муниципальный район,11,G,5,unresolved
Стерлитамакский муниципальный район,8,D,6,expansive_core
Суворовский муниципальный район,11,G,1,stable_core
Судиславский муниципальный район,11,G,7,stable_core
Судогодский муниципальный район,11,G,1,stable_core
Суздальский муниципальный район,10,F,6,transition
Сузунский муниципальный район,10,F,0,transition
Сунский муниципальный район,11,G,7,stable_core
Сунтарский муниципальный район,10,F,2,transition
Суоярвский муниципальный округ,11,G,7,stable_core
Сургутский муниципальный район,1,A,4,unresolved
Суровикинский муниципальный район,11,G,3,stable_core
Сурский муниципальный район,11,G,3,stable_core
Сусанинский муниципальный район,11,G,3,stable_core
Сухиничский муниципальный район,11,G,1,stable_core
Сухобузимский муниципальный район,11,G,1,stable_core
Сызранский муниципальный район,10,F,0,transition
Сыктывдинский муниципальный район,10,F,2,transition
Сысольский муниципальный район,11,G,3,stable_core
Сычевский муниципальный район,11,G,1,stable_core
Сямженский муниципальный округ,11,G,5,stable_core
Таборинский муниципальный район,11,G,3,stable_core
Табунский муниципальный район,11,G,1,stable_core
Таврический муниципальный район,11,G,7,stable_core
Таймырский Долгано-Ненецкий муниципальный район,1,A,4,expansive_core
Тайшетский муниципальный район,10,F,2,transition
Тальменский муниципальный район,11,G,3,stable_core
Тамалинский муниципальный район,11,G,3,stable_core
Тандинский муниципальный район,1,A,0,transition
Тарногский муниципальный округ,11,G,1,stable_core
Тарский муниципальный район,10,F,0,transition
Тарусский муниципальный район,11,G,7,stable_core
Тасеевский муниципальный район,11,G,3,stable_core
Татарский муниципальный район,11,G,5,stable_core
Татищевский муниципальный район,11,G,3,stable_core
Таттинский муниципальный район,1,A,2,expansive_core
Татышлинский муниципальный район,11,G,5,unresolved
Тахтамукайский муниципальный район,9,E,6,unresolved
Ташлинский муниципальный район,11,G,3,unresolved
Таштагольский муниципальный район,10,F,0,transition
Таштыпский муниципальный район,10,F,0,transition
Тевризский муниципальный район,11,G,3,stable_core
Тегульдетский муниципальный район,11,G,1,stable_core
Тейковский муниципальный район,11,G,7,stable_core
Темкинский муниципальный район,11,G,1,stable_core
Темниковский муниципальный район,11,G,3,stable_core
Теньгушевский муниципальный район,11,G,1,stable_core
Тепло-Огаревский муниципальный район,11,G,3,stable_core
Тербунский муниципальный район,11,G,3,stable_core
Тереньгульский муниципальный район,11,G,1,stable_core
Тернейский муниципальный округ,10,F,5,transition
Тетюшский муниципальный район,11,G,5,stable_core
Теучежский муниципальный район,10,F,0,transition
Тигильский муниципальный район,1,A,2,stable_core
Тисульский муниципальный округ,11,G,1,stable_core
Тихвинский муниципальный район,10,F,4,transition
Тогульский муниципальный район,11,G,3,stable_core
Тогучинский муниципальный район,11,G,3,stable_core
Тоджинский муниципальный район,10,F,0,transition
Токарёвский муниципальный округ,11,G,3,stable_core
Томпонский муниципальный район,1,A,2,expansive_core
Томский муниципальный район,8,D,6,expansive_core
Тонкинский муниципальный округ,11,G,3,stable_core
Тоншаевский муниципальный округ,11,G,3,stable_core
Топкинский муниципальный округ,10,F,6,transition
Топчихинский муниципальный район,11,G,3,unresolved
Торбеевский муниципальный район,11,G,1,stable_core
Тосненский муниципальный район,9,E,6,unresolved
Тотемский муниципальный округ,11,G,7,stable_core
Тоцкий муниципальный район,10,F,4,transition
Третьяковский муниципальный район,11,G,1,stable_core
Троицкий муниципальный район,11,G,1,stable_core
Троицко-Печорский муниципальный район,11,G,1,stable_core
Троснянский муниципальный район,11,G,7,stable_core
Труновский муниципальный округ,11,G,1,stable_core
Тужинский муниципальный район,11,G,1,stable_core
Туймазинский муниципальный район,10,F,6,transition
Туркменский муниципальный округ,11,G,1,stable_core
Турковский муниципальный район,11,G,3,stable_core
Турочакский муниципальный район,11,G,5,stable_core
Туруханский муниципальный район,1,A,2,expansive_core
Тутаевский муниципальный район,10,F,4,transition
Тындинский муниципальный округ,1,A,2,expansive_core
Тюкалинский муниципальный район,11,G,5,unresolved
Тюльганский муниципальный район,11,G,7,stable_core
Тюлячинский муниципальный район,11,G,3,unresolved
Тюменский муниципальный район,8,D,6,expansive_core
Тюменцевский муниципальный район,11,G,1,stable_core
Тюхтетский муниципальный округ,11,G,3,stable_core
Тяжинский муниципальный округ,11,G,1,stable_core
Убинский муниципальный район,11,G,3,stable_core
Уватский муниципальный район,11,G,7,unresolved
Увельский муниципальный район,11,G,7,stable_core
Угличский муниципальный район,10,F,4,transition
Угловский муниципальный район,11,G,3,stable_core
Угранский муниципальный район,11,G,1,stable_core
Удорский муниципальный район,11,G,5,stable_core
Ужурский муниципальный район,11,G,5,unresolved
Узловский муниципальный район,10,F,4,transition
Уйский муниципальный район,11,G,7,stable_core
Улаганский муниципальный район,7,C,0,transition
Улуг-Хемский муниципальный район,1,A,0,transition
Ульчский муниципальный район,11,G,5,unresolved
Улётовский муниципальный район,11,G,5,stable_core
Умётский муниципальный округ,11,G,3,stable_core
Упоровский муниципальный район,11,G,3,stable_core
Уренский муниципальный округ,10,F,0,transition
Уржумский муниципальный район,11,G,1,stable_core
Урицкий муниципальный район,11,G,7,stable_core
Урмарский муниципальный округ,11,G,5,unresolved
Урупский муниципальный район,7,C,7,transition
Усманский муниципальный район,11,G,3,stable_core
Усольский муниципальный район,10,F,4,transition
Усть-Абаканский муниципальный район,10,F,0,transition
Усть-Алданский муниципальный район,1,A,2,expansive_core
Усть-Большерецкий муниципальный район,1,A,2,expansive_core
Усть-Вымский муниципальный район,11,G,7,unresolved
Усть-Джегутинский муниципальный район,7,C,3,unresolved
Усть-Илимский муниципальный район,11,G,5,stable_core
Усть-Ишимский муниципальный район,11,G,1,stable_core
Усть-Калманский муниципальный район,11,G,1,stable_core
Усть-Камчатский муниципальный район,1,A,2,expansive_core
Усть-Канский муниципальный район,7,C,0,transition
Усть-Коксинский муниципальный район,7,C,0,transition
Усть-Кубинский муниципальный округ,11,G,1,stable_core
Усть-Куломский муниципальный район,11,G,5,stable_core
Усть-Кутский муниципальный район,1,A,4,unresolved
Усть-Майский муниципальный район,1,A,2,expansive_core
Усть-Пристанский муниципальный район,11,G,1,stable_core
Усть-Таркский муниципальный район,11,G,3,stable_core
Усть-Удинский муниципальный район,11,G,1,stable_core
Усть-Цилемский муниципальный район,11,G,2,stable_core
Усть-Янский муниципальный район,1,A,2,expansive_core
Устьянский муниципальный округ,11,G,7,unresolved
Устюженский муниципальный округ,11,G,7,unresolved
Уфимский муниципальный район,8,D,6,expansive_core
Ухоловский муниципальный район,11,G,1,stable_core
Учалинский муниципальный район,10,F,6,transition
Уярский муниципальный район,11,G,1,stable_core
Ферзиковский муниципальный район,10,F,0,transition
Фурмановский муниципальный район,11,G,7,stable_core
Хабаровский муниципальный район,1,A,2,expansive_core
Хабарский муниципальный район,11,G,3,unresolved
Хабезский муниципальный район,7,C,0,unresolved
Хайбуллинский муниципальный район,11,G,0,transition
Хангаласский муниципальный район,1,A,2,expansive_core
Ханкайский муниципальный округ,10,F,5,transition
Ханты-Мансийский муниципальный район,1,A,0,transition
Харабалинский муниципальный район,11,G,3,stable_core
Харовский муниципальный округ,11,G,5,stable_core
Хасанский муниципальный округ,10,F,2,transition
Хвалынский муниципальный район,11,G,3,stable_core
Хвастовичский муниципальный район,11,G,1,stable_core
Хворостянский муниципальный район,11,G,3,stable_core
Хилокский муниципальный район,10,F,0,transition
Хиславичский муниципальный район,11,G,3,stable_core
Хлевенский муниципальный район,11,G,3,stable_core
Холм-Жирковский муниципальный район,11,G,3,stable_core
Холмогорский муниципальный округ,11,G,7,stable_core
Холмский муниципальный район,11,G,7,stable_core
Хорольский муниципальный округ,11,G,5,transition
Хотынецкий муниципальный район,11,G,3,stable_core
Целинный муниципальный округ,11,G,5,stable_core
Цивильский муниципальный округ,11,G,3,unresolved
Чагодощенский муниципальный округ,11,G,7,unresolved
Чаинский муниципальный район,11,G,3,stable_core
Чамзинский муниципальный район,11,G,7,stable_core
Чановский муниципальный район,11,G,3,stable_core
Чаплыгинский муниципальный район,11,G,1,stable_core
Частоозерский муниципальный округ,11,G,1,stable_core
Чебаркульский муниципальный район,11,G,7,unresolved
Чебоксарский муниципальный округ,10,F,0,transition
Чебулинский муниципальный округ,10,F,0,transition
Чеди-Хольский муниципальный район,1,A,0,transition
Чекмагушевский муниципальный район,11,G,5,unresolved
Челно-Вершинский муниципальный район,11,G,1,stable_core
Чемальский муниципальный район,10,F,0,transition
Чердаклинский муниципальный район,11,G,3,stable_core
Черемховский муниципальный район,11,G,5,stable_core
Черемшанский муниципальный район,11,G,3,unresolved
Черепановский муниципальный район,11,G,3,stable_core
Череповецкий муниципальный район,10,F,0,transition
Черлакский муниципальный район,11,G,1,stable_core
Черниговский муниципальный округ,10,F,2,transition
Черноярский муниципальный район,11,G,1,stable_core
Чернский муниципальный район,11,G,1,stable_core
Чернышевский муниципальный район,10,F,5,transition
Чернышковский муниципальный район,11,G,3,stable_core
Чесменский муниципальный район,11,G,1,stable_core
Чистоозерный муниципальный район,11,G,1,stable_core
Чистопольский муниципальный район,10,F,0,transition
Читинский муниципальный район,10,F,0,transition
Чишминский муниципальный район,10,F,6,transition
Чойский муниципальный район,11,G,5,stable_core
Чугуевский муниципальный округ,10,F,5,transition
Чудовский муниципальный район,11,G,7,unresolved
Чулымский муниципальный район,11,G,0,stable_core
Чунский муниципальный район,11,G,3,stable_core
Чурапчинский муниципальный район,1,A,2,expansive_core
Чухломский муниципальный район,11,G,1,stable_core
Чучковский муниципальный район,11,G,1,stable_core
Шабалинский муниципальный район,11,G,3,unresolved
Шаблыкинский муниципальный район,11,G,1,stable_core
Шарангский муниципальный округ,11,G,1,stable_core
Шаранский муниципальный район,11,G,5,unresolved
Шарлыкский муниципальный район,11,G,3,stable_core
Шатковский муниципальный округ,11,G,7,stable_core
Шатровский муниципальный округ,11,G,1,stable_core
Шацкий муниципальный район,11,G,3,stable_core
Шебалинский муниципальный район,11,G,5,stable_core
Шегарский муниципальный район,11,G,7,stable_core
Шекснинский муниципальный район,11,G,4,unresolved
Шелаболихинский муниципальный район,11,G,1,stable_core
Шелеховский муниципальный район,8,D,6,expansive_core
Шелопугинский муниципальный район,10,F,5,transition
Шемуршинский муниципальный округ,11,G,5,unresolved
Шенкурский муниципальный округ,11,G,7,stable_core
Шенталинский муниципальный район,11,G,1,stable_core
Шербакульский муниципальный район,11,G,5,stable_core
Шигонский муниципальный район,11,G,3,stable_core
Шилкинский муниципальный район,10,F,5,transition
Шиловский муниципальный район,11,G,3,stable_core
Шимановский муниципальный округ,10,F,2,transition
Шимский муниципальный район,11,G,3,stable_core
Шипуновский муниципальный район,11,G,3,stable_core
Ширинский муниципальный район,11,G,5,stable_core
Шкотовский муниципальный округ,10,F,2,transition
Шовгеновский муниципальный район,11,G,5,unresolved
Шпаковский муниципальный округ,8,D,6,expansive_core
Шуйский муниципальный район,10,F,4,transition
Шумячский муниципальный район,11,G,3,stable_core
Шушенский муниципальный район,10,F,5,transition
Щекинский муниципальный район,10,F,4,transition
Щучанский муниципальный округ,11,G,7,stable_core
Эвенкийский муниципальный район,1,A,2,expansive_core
Энгельсский муниципальный район,8,D,6,expansive_core
Эхирит-Булагатский муниципальный район,11,G,0,transition
Южский муниципальный район,11,G,7,stable_core
Юргамышский муниципальный округ,11,G,1,stable_core
Юргинский муниципальный район,11,G,1,stable_core
Юринский муниципальный район,11,G,3,stable_core
Юрьев-Польский муниципальный район,11,G,7,stable_core
Юрьевецкий муниципальный район,11,G,1,stable_core
Юрьянский муниципальный район,11,G,7,stable_core
Юстинский муниципальный район,11,G,1,stable_core
Ютазинский муниципальный район,11,G,5,stable_core
Юхновский муниципальный район,11,G,3,stable_core
Ядринский муниципальный округ,11,G,7,unresolved
Яйский муниципальный округ,10,F,0,transition
Яковлевский муниципальный округ,11,G,5,unresolved
Яльчикский муниципальный округ,11,G,1,unresolved
Янаульский муниципальный район,11,G,0,transition
Янтиковский муниципальный округ,11,G,5,unresolved
Яранский муниципальный район,11,G,7,unresolved
Ярковский муниципальный район,11,G,5,stable_core
Ярославский муниципальный район,8,D,6,expansive_core
Ярцевский муниципальный район,10,F,4,transition
Ясногорский муниципальный район,11,G,4,unresolved
Яшкинский муниципальный округ,11,G,5,stable_core
внутригородская территория города федерального значения  Александровский муниципальный округ,9,E,8,transition
внутригородская территория города федерального значения город Зеленогорск,9,E,6,unresolved
внутригородская территория города федерального значения город Колпино,8,D,6,transition
внутригородская территория города федерального значения город Красное Село,9,E,6,unresolved
внутригородская территория города федерального значения город Кронштадт,9,E,6,unresolved
внутригородская территория города федерального значения город Ломоносов,9,E,6,unresolved
внутригородская территория города федерального значения город Павловск,9,E,6,unresolved
внутригородская территория города федерального значения город Петергоф,9,E,6,stable_core
внутригородская территория города федерального значения город Пушкин,9,E,8,expansive_core
внутригородская территория города федерального значения город Сестрорецк,9,E,6,expansive_core
внутригородская территория города федерального значения городской округ Троицк,9,E,6,unresolved
внутригородская территория города федерального значения городской округ Щербинка,9,E,6,unresolved
внутригородская территория города федерального значения муниципальное образование Савелки,9,E,8,unresolved
внутригородская территория города федерального значения муниципальный округ Автово,9,E,8,stable_core
внутригородская территория города федерального значения муниципальный округ Адмиралтейский округ,3,B,8,expansive_core
внутригородская территория города федерального значения муниципальный округ Академический,3,B,8,expansive_core
внутригородская территория города федерального значения муниципальный округ Академическое,9,E,8,transition
внутригородская территория города федерального значения муниципальный округ Алексеевский,3,B,8,expansive_core
внутригородская территория города федерального значения муниципальный округ Алтуфьевский,9,E,8,stable_core
внутригородская территория города федерального значения муниципальный округ Аптекарский остров,3,B,8,expansive_core
внутригородская территория города федерального значения муниципальный округ Арбат,3,B,8,expansive_core
внутригородская территория города федерального значения муниципальный округ Аэропорт,3,B,8,expansive_core
внутригородская территория города федерального значения муниципальный округ Бабушкинский,9,E,8,unresolved
внутригородская территория города федерального значения муниципальный округ Балканский,9,E,8,stable_core
внутригородская территория города федерального значения муниципальный округ Басманный,3,B,8,expansive_core
внутригородская территория города федерального значения муниципальный округ Беговой,3,B,8,expansive_core
внутригородская территория города федерального значения муниципальный округ Бескудниковский,9,E,8,unresolved
внутригородская территория города федерального значения муниципальный округ Бибирево,9,E,8,stable_core
внутригородская территория города федерального значения муниципальный округ Бирюлево Восточное,9,E,6,unresolved
внутригородская территория города федерального значения муниципальный округ Бирюлево Западное,9,E,6,unresolved
внутригородская территория города федерального значения муниципальный округ Богородское,9,E,8,unresolved
внутригородская территория города федерального значения муниципальный округ Большая Охта,9,E,8,transition
внутригородская территория города федерального значения муниципальный округ Братеево,9,E,8,stable_core
внутригородская территория города федерального значения муниципальный округ Бутырский,3,B,8,expansive_core
внутригородская территория города федерального значения муниципальный округ Васильевский,3,B,8,expansive_core
внутригородская территория города федерального значения муниципальный округ Введенский,3,B,8,expansive_core
внутригородская территория города федерального значения муниципальный округ Вешняки,9,E,8,stable_core
внутригородская территория города федерального значения муниципальный округ Владимирский округ,3,B,8,expansive_core
внутригородская территория города федерального значения муниципальный округ Внуково,9,E,6,unresolved
внутригородская территория города федерального значения муниципальный округ Войковский,3,B,8,expansive_core
внутригородская территория города федерального значения муниципальный округ Волковское,9,E,8,stable_core
внутригородская территория города федерального значения муниципальный округ Восточное Дегунино,9,E,8,unresolved
внутригородская территория города федерального значения муниципальный округ Восточное Измайлово,9,E,8,unresolved
внутригородская территория города федерального значения муниципальный округ Восточный,9,E,6,unresolved
внутригородская территория города федерального значения муниципальный округ Выхино-Жулебино,9,E,8,expansive_core
внутригородская территория города федерального значения муниципальный округ Гавань,3,B,8,expansive_core
внутригородская территория города федерального значения муниципальный округ Гагаринский,3,B,8,expansive_core
внутригородская территория города федерального значения муниципальный округ Гагаринское,9,E,8,transition
внутригородская территория города федерального значения муниципальный округ Георгиевский,9,E,8,stable_core
внутригородская территория города федерального значения муниципальный округ Головинский,9,E,8,unresolved
внутригородская территория города федерального значения муниципальный округ Гольяново,9,E,8,stable_core
внутригородская территория города федерального значения муниципальный округ Горелово,9,E,6,unresolved
внутригородская территория города федерального значения муниципальный округ Гражданка,9,E,8,transition
внутригородская территория города федерального значения муниципальный округ Даниловский,3,B,8,expansive_core
внутригородская территория города федерального значения муниципальный округ Дачное,9,E,8,stable_core
внутригородская территория города федерального значения муниципальный округ Дворцовый округ,3,B,8,expansive_core
внутригородская территория города федерального значения муниципальный округ Дмитровский,9,E,8,unresolved
внутригородская территория города федерального значения муниципальный округ Донской,3,B,8,expansive_core
внутригородская территория города федерального значения муниципальный округ Дорогомилово,3,B,8,expansive_core
внутригородская территория города федерального значения муниципальный округ Екатерингофский,9,E,8,stable_core
внутригородская территория города федерального значения муниципальный округ Замоскворечье,3,B,8,expansive_core
внутригородская территория города федерального значения муниципальный округ Западное Дегунино,9,E,8,unresolved
внутригородская территория города федерального значения муниципальный округ Звездное,3,B,8,expansive_core
внутригородская территория города федерального значения муниципальный округ Зюзино,3,B,8,expansive_core
внутригородская территория города федерального значения муниципальный округ Зябликово,9,E,8,expansive_core
внутригородская территория города федерального значения муниципальный округ Ивановский,9,E,8,transition
внутригородская территория города федерального значения муниципальный округ Ивановское,9,E,8,stable_core
внутригородская территория города федерального значения муниципальный округ Измайлово,3,B,8,expansive_core
внутригородская территория города федерального значения муниципальный округ Измайловское,3,B,8,expansive_core
внутригородская территория города федерального значения муниципальный округ Капотня,9,E,6,unresolved
внутригородская территория города федерального значения муниципальный округ Княжево,9,E,8,stable_core
внутригородская территория города федерального значения муниципальный округ Коломна,3,B,8,expansive_core
внутригородская территория города федерального значения муниципальный округ Коломяги,3,B,8,expansive_core
внутригородская территория города федерального значения муниципальный округ Комендантский аэродром,9,E,8,transition
внутригородская территория города федерального значения муниципальный округ Константиновское,9,E,6,stable_core
внутригородская территория города федерального значения муниципальный округ Коньково,3,B,8,expansive_core
внутригородская территория города федерального значения муниципальный округ Коптево,9,E,8,unresolved
внутригородская территория города федерального значения муниципальный округ Косино-Ухтомский,9,E,8,unresolved
внутригородская территория города федерального значения муниципальный округ Котловка,9,E,8,unresolved
внутригородская территория города федерального значения муниципальный округ Красненькая речка,9,E,8,stable_core
внутригородская территория города федерального значения муниципальный округ Красносельский,3,B,8,expansive_core
внутригородская территория города федерального значения муниципальный округ Кронверкское,3,B,8,expansive_core
внутригородская территория города федерального значения муниципальный округ Крылатское,3,B,8,expansive_core
внутригородская территория города федерального значения муниципальный округ Крюково,9,E,6,unresolved
внутригородская территория города федерального значения муниципальный округ Кузьминки,9,E,8,stable_core
внутригородская территория города федерального значения муниципальный округ Кунцево,3,B,8,expansive_core
внутригородская территория города федерального значения муниципальный округ Купчино,9,E,8,stable_core
внутригородская территория города федерального значения муниципальный округ Куркино,3,B,8,expansive_core
внутригородская территория города федерального значения муниципальный округ Ланское,3,B,8,expansive_core
внутригородская территория города федерального значения муниципальный округ Лахта-Ольгино,9,E,6,stable_core
внутригородская территория города федерального значения муниципальный округ Левобережный,3,B,8,expansive_core
внутригородская территория города федерального значения муниципальный округ Лефортово,3,B,8,expansive_core
внутригородская территория города федерального значения муниципальный округ Лианозово,9,E,8,unresolved
внутригородская территория города федерального значения муниципальный округ Лиговка-Ямская,3,B,8,expansive_core
внутригородская территория города федерального значения муниципальный округ Литейный округ,3,B,8,expansive_core
внутригородская территория города федерального значения муниципальный округ Ломоносовский,3,B,8,expansive_core
внутригородская территория города федерального значения муниципальный округ Лосиноостровский,9,E,8,unresolved
внутригородская территория города федерального значения муниципальный округ Люблино,9,E,8,stable_core
внутригородская территория города федерального значения муниципальный округ Малая Охта,9,E,8,transition
внутригородская территория города федерального значения муниципальный округ Марфино,3,B,8,expansive_core
внутригородская территория города федерального значения муниципальный округ Марьина роща,3,B,8,expansive_core
внутригородская территория города федерального значения муниципальный округ Марьино,9,E,8,unresolved
внутригородская территория города федерального значения муниципальный округ Матушкино,9,E,6,expansive_core
внутригородская территория города федерального значения муниципальный округ Метрогородок,9,E,6,expansive_core
внутригородская территория города федерального значения муниципальный округ Мещанский,3,B,8,expansive_core
внутригородская территория города федерального значения муниципальный округ Митино,3,B,8,expansive_core
внутригородская территория города федерального значения муниципальный округ Можайский,3,B,8,expansive_core
внутригородская территория города федерального значения муниципальный округ Молжаниновский,9,E,6,unresolved
внутригородская территория города федерального значения муниципальный округ Морские ворота,8,D,6,transition
внутригородская территория города федерального значения муниципальный округ Морской,3,B,8,expansive_core
внутригородская территория города федерального значения муниципальный округ Москворечье-Сабурово,9,E,8,unresolved
внутригородская территория города федерального значения муниципальный округ Московская застава,3,B,8,expansive_core
внутригородская территория города федерального значения муниципальный округ Нагатино-Садовники,3,B,8,expansive_core
внутригородская территория города федерального значения муниципальный округ Нагатинский затон,3,B,8,expansive_core
внутригородская территория города федерального значения муниципальный округ Нагорный,3,B,8,expansive_core
внутригородская территория города федерального значения муниципальный округ Нарвский округ,9,E,8,stable_core
внутригородская территория города федерального значения муниципальный округ Народный,9,E,8,stable_core
внутригородская территория города федерального значения муниципальный округ Невская застава,9,E,8,stable_core
внутригородская территория города федерального значения муниципальный округ Невский округ,9,E,8,transition
внутригородская территория города федерального значения муниципальный округ Некрасовка,9,E,6,unresolved
внутригородская территория города федерального значения муниципальный округ Нижегородский,9,E,8,unresolved
внутригородская территория города федерального значения муниципальный округ Ново-Переделкино,9,E,8,unresolved
внутригородская территория города федерального значения муниципальный округ Новогиреево,9,E,8,unresolved
внутригородская территория города федерального значения муниципальный округ Новоизмайловское,9,E,8,transition
внутригородская территория города федерального значения муниципальный округ Новокосино,9,E,8,unresolved
внутригородская территория города федерального значения муниципальный округ Обручевский,3,B,8,expansive_core
внутригородская территория города федерального значения муниципальный округ Обуховский,9,E,8,stable_core
внутригородская территория города федерального значения муниципальный округ Озеро Долгое,9,E,8,transition
внутригородская территория города федерального значения муниципальный округ Оккервиль,9,E,8,stable_core
внутригородская территория города федерального значения муниципальный округ Орехово-Борисово Северное,9,E,8,unresolved
внутригородская территория города федерального значения муниципальный округ Орехово-Борисово Южное,9,E,8,unresolved
внутригородская территория города федерального значения муниципальный округ Останкинский,3,B,8,expansive_core
внутригородская территория города федерального значения муниципальный округ Остров Декабристов,3,B,8,expansive_core
внутригородская территория города федерального значения муниципальный округ Отрадное,9,E,8,unresolved
внутригородская территория города федерального значения муниципальный округ Очаково-Матвеевское,3,B,8,expansive_core
внутригородская территория города федерального значения муниципальный округ Перово,9,E,8,stable_core
внутригородская территория города федерального значения муниципальный округ Печатники,9,E,8,stable_core
внутригородская территория города федерального значения муниципальный округ Пискаревка,3,B,8,expansive_core
внутригородская территория города федерального значения муниципальный округ Покровское-Стрешнево,3,B,8,expansive_core
внутригородская территория города федерального значения муниципальный округ Полюстрово,9,E,8,stable_core
внутригородская территория города федерального значения муниципальный округ Пороховые,9,E,8,stable_core
внутригородская территория города федерального значения муниципальный округ Посадский,3,B,8,expansive_core
внутригородская территория города федерального значения муниципальный округ Правобережный,9,E,8,transition
внутригородская территория города федерального значения муниципальный округ Преображенское,3,B,8,expansive_core
внутригородская территория города федерального значения муниципальный округ Пресненский,3,B,8,expansive_core
внутригородская территория города федерального значения муниципальный округ Прометей,9,E,8,stable_core
внутригородская территория города федерального значения муниципальный округ Проспект Вернадского,3,B,8,expansive_core
внутригородская территория города федерального значения муниципальный округ Пулковский меридиан,9,E,8,transition
внутригородская территория города федерального значения муниципальный округ Раменки,3,B,8,expansive_core
внутригородская территория города федерального значения муниципальный округ Ржевка,9,E,8,stable_core
внутригородская территория города федерального значения муниципальный округ Ростокино,3,B,8,expansive_core
внутригородская территория города федерального значения муниципальный округ Рыбацкое,9,E,8,stable_core
внутригородская территория города федерального значения муниципальный округ Рязанский,9,E,8,unresolved
внутригородская территория города федерального значения муниципальный округ Савеловский,3,B,8,expansive_core
внутригородская территория города федерального значения муниципальный округ Сампсониевское,3,B,8,expansive_core
внутригородская территория города федерального значения муниципальный округ Светлановское,3,B,8,expansive_core
внутригородская территория города федерального значения муниципальный округ Свиблово,3,B,8,expansive_core
внутригородская территория города федерального значения муниципальный округ Северное Бутово,3,B,8,expansive_core
внутригородская территория города федерального значения муниципальный округ Северное Измайлово,9,E,8,stable_core
внутригородская территория города федерального значения муниципальный округ Северное Медведково,9,E,8,unresolved
внутригородская территория города федерального значения муниципальный округ Северное Тушино,9,E,8,unresolved
внутригородская территория города федерального значения муниципальный округ Семеновский,3,B,8,expansive_core
внутригородская территория города федерального значения муниципальный округ Сенной округ,3,B,8,expansive_core
внутригородская территория города федерального значения муниципальный округ Сергиевское,9,E,8,stable_core
внутригородская территория города федерального значения муниципальный округ Силино,9,E,8,unresolved
внутригородская территория города федерального значения муниципальный округ Смольнинское,3,B,8,expansive_core
внутригородская территория города федерального значения муниципальный округ Сокол,3,B,8,expansive_core
внутригородская территория города федерального значения муниципальный округ Соколиная гора,9,E,8,transition
внутригородская территория города федерального значения муниципальный округ Сокольники,3,B,8,expansive_core
внутригородская территория города федерального значения муниципальный округ Солнцево,3,B,8,expansive_core
внутригородская территория города федерального значения муниципальный округ Сосновая поляна,9,E,8,stable_core
внутригородская территория города федерального значения муниципальный округ Сосновское,9,E,8,transition
внутригородская территория города федерального значения муниципальный округ Старое Крюково,9,E,6,unresolved
внутригородская территория города федерального значения муниципальный округ Строгино,3,B,8,expansive_core
внутригородская территория города федерального значения муниципальный округ Таганский,3,B,8,expansive_core
внутригородская территория города федерального значения муниципальный округ Тверской,3,B,8,expansive_core
внутригородская территория города федерального значения муниципальный округ Текстильщики,9,E,8,stable_core
внутригородская территория города федерального значения муниципальный округ Теплый Стан,3,B,8,expansive_core
внутригородская территория города федерального значения муниципальный округ Тимирязевский,3,B,8,expansive_core
внутригородская территория города федерального значения муниципальный округ Тропарево-Никулино,3,B,8,expansive_core
внутригородская территория города федерального значения муниципальный округ Ульянка,9,E,8,stable_core
внутригородская территория города федерального значения муниципальный округ Урицк,9,E,8,stable_core
внутригородская территория города федерального значения муниципальный округ Филевский парк,3,B,8,expansive_core
внутригородская территория города федерального значения муниципальный округ Фили-Давыдково,3,B,8,expansive_core
внутригородская территория города федерального значения муниципальный округ Финляндский округ,9,E,8,stable_core
внутригородская территория города федерального значения муниципальный округ Хамовники,3,B,8,expansive_core
внутригородская территория города федерального значения муниципальный округ Ховрино,3,B,8,expansive_core
внутригородская территория города федерального значения муниципальный округ Хорошево-Мневники,3,B,8,expansive_core
внутригородская территория города федерального значения муниципальный округ Хорошевский,3,B,8,expansive_core
внутригородская территория города федерального значения муниципальный округ Царицыно,9,E,6,stable_core
внутригородская территория города федерального значения муниципальный округ Черемушки,3,B,8,expansive_core
внутригородская территория города федерального значения муниципальный округ Чертаново Северное,3,B,8,expansive_core
внутригородская территория города федерального значения муниципальный округ Чертаново Центральное,9,E,8,unresolved
внутригородская территория города федерального значения муниципальный округ Чертаново Южное,9,E,8,unresolved
внутригородская территория города федерального значения муниципальный округ Чкаловское,3,B,8,expansive_core
внутригородская территория города федерального значения муниципальный округ Шувалово-Озерки,9,E,8,transition
внутригородская территория города федерального значения муниципальный округ Щукино,3,B,8,expansive_core
внутригородская территория города федерального значения муниципальный округ Юго-Запад,9,E,8,stable_core
внутригородская территория города федерального значения муниципальный округ Южно-Приморский,3,B,8,expansive_core
внутригородская территория города федерального значения муниципальный округ Южное Бутово,9,E,8,unresolved
внутригородская территория города федерального значения муниципальный округ Южное Медведково,9,E,8,unresolved
внутригородская территория города федерального значения муниципальный округ Южное Тушино,9,E,8,unresolved
внутригородская территория города федерального значения муниципальный округ Южнопортовый,3,B,8,expansive_core
внутригородская территория города федерального значения муниципальный округ Юнтолово,3,B,8,expansive_core
внутригородская территория города федерального значения муниципальный округ Якиманка,3,B,8,expansive_core
внутригородская территория города федерального значения муниципальный округ Ярославский,9,E,6,stable_core
внутригородская территория города федерального значения муниципальный округ Ясенево,9,E,8,unresolved
внутригородская территория города федерального значения муниципальный округ округ Петровский,3,B,8,expansive_core
внутригородская территория города федерального значения муниципальный округ № 15,9,E,8,stable_core
внутригородская территория города федерального значения муниципальный округ № 21,9,E,8,stable_core
внутригородская территория города федерального значения муниципальный округ № 54,9,E,8,stable_core
внутригородская территория города федерального значения муниципальный округ № 65,3,B,8,expansive_core
внутригородская территория города федерального значения муниципальный округ № 7,3,B,8,expansive_core
внутригородская территория города федерального значения муниципальный округ № 72,9,E,8,stable_core
внутригородская территория города федерального значения муниципальный округ № 78,3,B,8,expansive_core
внутригородская территория города федерального значения поселение Внуковское,3,B,8,expansive_core
внутригородская территория города федерального значения поселение Вороновское,10,F,6,transition
внутригородская территория города федерального значения поселение Воскресенское,9,E,6,expansive_core
внутригородская территория города федерального значения поселение Десеновское,9,E,6,expansive_core
внутригородская территория города федерального значения поселение Киевский,10,F,4,transition
внутригородская территория города федерального значения поселение Кокошкино,9,E,6,unresolved
внутригородская территория города федерального значения поселение Краснопахорское,10,F,6,transition
внутригородская территория города федерального значения поселение Марушкинское,9,E,6,unresolved
внутригородская территория города федерального значения поселение Михайлово-Ярцевское,10,F,6,transition
внутригородская территория города федерального значения поселение Московский,3,B,8,expansive_core
"внутригородская территория города федерального значения поселение Мосрентген""""",4,micro,6,unresolved
внутригородская территория города федерального значения поселение Новофедоровское,10,F,6,transition
внутригородская территория города федерального значения поселение Первомайское,9,E,6,expansive_core
внутригородская территория города федерального значения поселение Рязановское,9,E,6,unresolved
внутригородская территория города федерального значения поселение Сосенское,3,B,8,expansive_core
внутригородская территория города федерального значения поселение Филимонковское,9,E,6,unresolved
внутригородская территория города федерального значения поселение Щаповское,10,F,6,transition
внутригородская территория города федерального значения поселок Левашово,9,E,6,unresolved
внутригородская территория города федерального значения поселок Лисий Нос,9,E,8,expansive_core
внутригородская территория города федерального значения поселок Металлострой,9,E,6,unresolved
внутригородская территория города федерального значения поселок Парголово,9,E,8,stable_core
внутригородская территория города федерального значения поселок Песочный,9,E,6,unresolved
внутригородская территория города федерального значения поселок Понтонный,9,E,6,unresolved
внутригородская территория города федерального значения поселок Стрельна,9,E,6,stable_core
внутригородская территория города федерального значения поселок Шушары,9,E,6,stable_core
городской округ Абдулинский,11,G,3,unresolved
городской округ Алапаевское,11,G,7,stable_core
городской округ Александровск-Сахалинский район,10,F,5,transition
городской округ Анадырь,1,A,2,expansive_core
городской округ Ангарский,8,D,6,expansive_core
городской округ Анжеро-Судженский,10,F,0,transition
городской округ Анивский,1,A,2,expansive_core
городской округ Арамильский,8,D,6,expansive_core
городской округ Арсеньевский,1,A,2,expansive_core
городской округ Артинский,11,G,7,stable_core
городской округ Асбестовский,8,D,4,expansive_core
городской округ Ачитский,11,G,7,stable_core
городской округ Баксан,7,C,0,unresolved
городской округ Балашиха,9,E,6,unresolved
городской округ Балтийский,1,A,4,unresolved
городской округ Беловский,8,D,6,expansive_core
городской округ Белоярский,10,F,4,transition
городской округ Бисертский,11,G,7,unresolved
городской округ Богданович,10,F,4,transition
городской округ Богородский,9,E,6,unresolved
городской округ Большой Камень,1,A,2,expansive_core
городской округ Бронницы,9,E,6,unresolved
городской округ Великий Новгород,8,D,6,expansive_core
городской округ Верещагинский,10,F,5,transition
городской округ Верхнесалдинский,10,F,4,transition
городской округ Верхнеуфалейский,10,F,7,transition
городской округ Верхний Тагил,11,G,7,unresolved
городской округ Верхняя Пышма,8,D,6,expansive_core
городской округ Верхняя Тура,10,F,7,transition
городской округ Верхотурский,11,G,0,unresolved
городской округ Вичуга,11,G,7,stable_core
городской округ Владивостокский,1,A,8,expansive_core
городской округ Волоколамский,10,F,6,transition
городской округ Волчанский,11,G,7,stable_core
городской округ Воркута,1,A,4,expansive_core
городской округ Воротынский,11,G,7,stable_core
городской округ Воскресенск,9,E,6,unresolved
городской округ Вышневолоцкий,10,F,6,transition
городской округ Гайский,11,G,7,unresolved
городской округ Гаринский,11,G,1,stable_core
городской округ Голышмановский,11,G,1,stable_core
городской округ Горнозаводский,11,G,7,stable_core
городской округ Гусевский,10,F,4,transition
городской округ Дальнегорский,10,F,2,transition
городской округ Дальнереченский,10,F,2,transition
городской округ Дегтярск,11,G,7,stable_core
городской округ Дзержинский,9,E,6,unresolved
городской округ Дмитровский,9,E,6,unresolved
городской округ Добрянский,10,F,4,transition
городской округ Долгопрудный,9,E,8,expansive_core
городской округ Долинский,10,F,2,transition
городской округ Домодедово,9,E,6,unresolved
городской округ Дубна,9,E,6,unresolved
городской округ Егорьевск,9,E,6,unresolved
городской округ Жигулевск,8,D,4,expansive_core
городской округ Жуковский,9,E,6,unresolved
городской округ Заводоуковский,10,F,0,transition
городской округ Зарайск,10,F,4,transition
городской округ Заречный,10,F,4,transition
городской округ Зима,11,G,5,unresolved
городской округ Златоустовский,8,D,4,expansive_core
городской округ Иваново,8,D,6,expansive_core
городской округ Ивдельский,10,F,4,transition
городской округ Ильинский,11,G,5,stable_core
городской округ Инта,1,A,4,expansive_core
городской округ Ирбитское,11,G,5,stable_core
городской округ Истра,9,E,6,unresolved
городской округ Калтанский,10,F,0,transition
городской округ Каменский,10,F,2,transition
городской округ Камышловский,10,F,2,transition
городской округ Карабашский,10,F,4,transition
городской округ Карачаевский,7,C,6,unresolved
городской округ Карпинск,11,G,7,unresolved
городской округ Качканарский,10,F,4,transition
городской округ Кашинский,11,G,3,stable_core
городской округ Кашира,9,E,6,transition
городской округ Кемеровский,8,D,6,expansive_core
городской округ Кинель,10,F,6,transition
городской округ Кинешма,10,F,2,transition
городской округ Кировградский,10,F,4,transition
городской округ Киселевский,8,D,6,expansive_core
городской округ Клин,9,E,6,unresolved
городской округ Коломна,9,E,6,unresolved
городской округ Копейский,8,D,6,expansive_core
городской округ Королёв,9,E,8,expansive_core
городской округ Корсаковский,1,A,2,expansive_core
городской округ Костомукшский,1,A,4,expansive_core
городской округ Котельники,9,E,6,expansive_core
городской округ Котлас,8,D,4,expansive_core
городской округ Кохма,10,F,4,transition
городской округ Красновишерский,11,G,7,stable_core
городской округ Красногорск,9,E,6,unresolved
городской округ Краснокамский,8,D,6,expansive_core
городской округ Краснотурьинск,8,D,4,expansive_core
городской округ Красноуральск,10,F,7,transition
городской округ Красноуфимск,10,F,6,transition
городской округ Красноуфимский округ,10,F,0,transition
городской округ Кувандыкский,11,G,7,stable_core
городской округ Курильский,1,A,2,expansive_core
городской округ Кушвинский,10,F,7,transition
городской округ Кыштымский,10,F,6,transition
городской округ Ленинск-Кузнецкий,8,D,6,expansive_core
городской округ Ленинский,9,E,6,expansive_core
городской округ Лесозаводский,10,F,2,transition
городской округ Лобня,9,E,6,unresolved
городской округ Лосино-Петровский,9,E,6,unresolved
городской округ Лотошино,11,G,7,unresolved
городской округ Луховицы,10,F,6,transition
городской округ Лысьвенский,10,F,8,transition
городской округ Лыткарино,9,E,8,unresolved
городской округ Люберцы,9,E,6,unresolved
городской округ Магнитогорский,8,D,6,expansive_core
городской округ Макаровский,10,F,2,transition
городской округ Малышевский,11,G,7,stable_core
городской округ Мамоновский,11,G,7,stable_core
городской округ Междуреченский,8,D,6,expansive_core
городской округ Миасский,8,D,6,expansive_core
городской округ Можайский,10,F,6,transition
городской округ Мысковский,10,F,4,transition
городской округ Мытищи,9,E,6,expansive_core
городской округ Навашинский,11,G,7,stable_core
городской округ Нальчик,7,C,6,unresolved
городской округ Наро-Фоминский,9,E,6,unresolved
городской округ Находкинский,1,A,2,expansive_core
городской округ Невельский,10,F,2,transition
городской округ Невьянский,8,D,4,unresolved
городской округ Нелидовский,11,G,7,unresolved
городской округ Нижнетуринский,10,F,4,transition
городской округ Нижняя Салда,10,F,4,transition
городской округ Новокузнецкий,8,D,6,expansive_core
городской округ Новокуйбышевск,8,D,6,expansive_core
городской округ Новолялинский,11,G,1,stable_core
городской округ Ногликский,1,A,2,expansive_core
городской округ Нытвенский,11,G,7,stable_core
городской округ Одинцовский,9,E,6,expansive_core
городской округ Октябрьск,11,G,7,stable_core
городской округ Октябрьский,11,G,3,stable_core
городской округ Орехово-Зуевский,9,E,6,unresolved
городской округ Осинниковский,10,F,6,transition
городской округ Осинский,10,F,2,transition
городской округ Осташковский,11,G,7,unresolved
городской округ Отрадный,10,F,4,transition
городской округ Оханский,11,G,5,stable_core
городской округ Охинский,1,A,2,expansive_core
городской округ Очерский,10,F,5,transition
городской округ Партизанский,10,F,2,transition
городской округ Пелым,11,G,7,unresolved
городской округ Первоуральск,8,D,6,expansive_core
городской округ Перевозский,11,G,7,stable_core
городской округ Пермский,8,D,6,expansive_core
городской округ Петрозаводский,9,E,6,unresolved
городской округ Петропавловск-Камчатский,1,A,2,expansive_core
городской округ Пионерский,10,F,4,transition
городской округ Подольск,9,E,6,unresolved
городской округ Полевской,8,D,4,expansive_core
городской округ Полысаевский,10,F,6,transition
городской округ Поронайский,1,A,2,expansive_core
городской округ Похвистнево,11,G,3,unresolved
городской округ Прокопьевский,8,D,6,expansive_core
городской округ Протвино,10,F,4,transition
городской округ Прохладный,7,C,3,unresolved
городской округ Пушкинский,9,E,6,unresolved
городской округ Пущино,10,F,4,transition
городской округ Пышминский,11,G,5,stable_core
городской округ Раменский,9,E,6,unresolved
городской округ Ревда,8,D,6,expansive_core
городской округ Режевской,10,F,4,transition
городской округ Реутов,9,E,8,unresolved
городской округ Рефтинский,11,G,7,unresolved
городской округ Рузский,10,F,6,transition
городской округ Самара,8,D,6,expansive_core
городской округ Светловский,11,G,7,unresolved
городской округ Светлогорский,8,D,6,expansive_core
городской округ Северодвинск,1,A,4,expansive_core
городской округ Североуральский,11,G,4,unresolved
городской округ Семеновский,11,G,3,stable_core
городской округ Сергиево-Посадский,9,E,6,unresolved
городской округ Серебряные Пруды,10,F,4,transition
городской округ Серовский,8,D,4,expansive_core
городской округ Серпухов,9,E,6,unresolved
городской округ Смирныховский,10,F,2,transition
городской округ Советский,10,F,4,transition
городской округ Сокольский,11,G,5,stable_core
городской округ Соликамский,8,D,6,expansive_core
городской округ Солнечногорск,9,E,6,unresolved
городской округ Соль-Илецкий,11,G,0,transition
городской округ Сорочинский,10,F,0,transition
городской округ Сосновоборский,9,E,8,unresolved
городской округ Сосьвинский,11,G,7,stable_core
городской округ Спасск-Дальний,10,F,2,transition
городской округ Среднеуральск,10,F,4,transition
городской округ Ступино,9,E,6,unresolved
городской округ Суксунский,11,G,1,stable_core
городской округ Сухой Лог,10,F,4,transition
городской округ Сызрань,8,D,6,expansive_core
городской округ Сыктывкар,8,D,6,expansive_core
городской округ Сысертский,8,D,6,expansive_core
городской округ Тавдинский,10,F,7,transition
городской округ Тайгинский,10,F,3,transition
городской округ Талдомский,10,F,4,transition
городской округ Талицкий,10,F,0,transition
городской округ Тейково,10,F,4,transition
городской округ Томаринский,10,F,2,transition
городской округ Троицкий,10,F,8,transition
городской округ Тугулымский,11,G,7,stable_core
городской округ Туринский,11,G,3,stable_core
городской округ Тымовский,10,F,2,transition
городской округ Углегорский,1,A,2,expansive_core
городской округ Удомельский,10,F,4,transition
городской округ Уссурийский,1,A,2,expansive_core
городской округ Усть-Катавский,10,F,7,transition
городской округ Ухта,1,A,4,unresolved
городской округ Фрязино,9,E,8,unresolved
городской округ Холмский,1,A,2,expansive_core
городской округ Чайковский,10,F,6,transition
городской округ Чапаевск,10,F,6,transition
городской округ Чебаркульский,8,D,4,expansive_core
городской округ Челябинский,8,D,6,expansive_core
городской округ Чердынский,11,G,1,stable_core
городской округ Черкесский,7,C,6,unresolved
городской округ Черноголовка,0,micro,4,unresolved
городской округ Чернушинский,10,F,2,transition
городской округ Чехов,9,E,6,unresolved
городской округ Чусовской,10,F,4,transition
городской округ Шалинский,11,G,1,stable_core
городской округ Шатура,10,F,4,transition
городской округ Шаховская,10,F,4,transition
городской округ Шуя,10,F,4,transition
городской округ Щёлково,9,E,6,unresolved
городской округ Эгвекинот,1,A,2,expansive_core
городской округ Электросталь,9,E,6,unresolved
городской округ Южно-Курильский,1,A,4,expansive_core
городской округ Южноуральский,10,F,6,transition
городской округ Юргинский,8,D,6,expansive_core
городской округ Ясненский,11,G,7,unresolved
городской округ город Абаза,11,G,3,stable_core
городской округ город Абакан,8,D,6,expansive_core
городской округ город Агидель,11,G,7,unresolved
городской округ город Адыгейск,7,C,4,unresolved
городской округ город Алапаевск,10,F,4,transition
городской округ город Алатырь,11,G,3,stable_core
городской округ город Алейск,10,F,2,transition
городской округ город Алексин,10,F,4,transition
городской округ город Арзамас,10,F,6,transition
городской округ город Архангельск,1,A,6,expansive_core
городской округ город Астрахань,8,D,6,expansive_core
городской округ город Ачинск,8,D,6,expansive_core
городской округ город Барнаул,8,D,6,expansive_core
городской округ город Белокуриха,10,F,6,transition
городской округ город Бердск,8,D,6,expansive_core
городской округ город Березники,8,D,6,expansive_core
городской округ город Бийск,8,D,6,expansive_core
городской округ город Биробиджан,1,A,2,expansive_core
городской округ город Боготол,11,G,1,stable_core
городской округ город Бор,8,D,6,expansive_core
городской округ город Бородино,11,G,5,unresolved
городской округ город Братск,8,D,6,expansive_core
городской округ город Бугуруслан,10,F,6,transition
городской округ город Бузулук,8,D,6,expansive_core
городской округ город Буй,11,G,7,stable_core
городской округ город Великие Луки,10,F,6,transition
городской округ город Владикавказ,7,C,6,unresolved
городской округ город Владимир,8,D,6,expansive_core
городской округ город Волгореченск,11,G,7,stable_core
городской округ город Волжск,10,F,4,transition
городской округ город Волжский,8,D,6,expansive_core
городской округ город Воткинск,8,D,6,expansive_core
городской округ город Выкса,10,F,8,transition
городской округ город Вятские Поляны,10,F,7,transition
городской округ город Галич,11,G,7,stable_core
городской округ город Глазов,8,D,6,expansive_core
городской округ город Горно-Алтайск,8,D,6,expansive_core
городской округ город Губкинский,1,A,4,expansive_core
городской округ город Гусь-Хрустальный,10,F,4,transition
городской округ город Десногорск,10,F,4,transition
городской округ город Дзержинск,8,D,6,expansive_core
городской округ город Дивногорск,8,D,4,expansive_core
городской округ город Димитровград,10,F,6,transition
городской округ город Донской,10,F,4,transition
городской округ город Екатеринбург,8,D,6,expansive_core
городской округ город Елец,10,F,0,transition
городской округ город Енисейск,10,F,2,transition
городской округ город Ефремов,10,F,3,transition
городской округ город Заринск,10,F,4,transition
городской округ город Ижевск,8,D,6,expansive_core
городской округ город Ирбит,10,F,4,transition
городской округ город Иркутск,8,D,6,expansive_core
городской округ город Искитим,8,D,6,expansive_core
городской округ город Ишим,10,F,2,transition
городской округ город Йошкар-Ола,8,D,6,expansive_core
городской округ город Казань,8,D,6,expansive_core
городской округ город Калининград,8,D,8,expansive_core
городской округ город Калуга,8,D,6,expansive_core
городской округ город Каменск-Уральский,8,D,6,expansive_core
городской округ город Камышин,10,F,8,transition
городской округ город Канаш,11,G,0,transition
городской округ город Канск,8,D,2,expansive_core
городской округ город Касимов,11,G,3,unresolved
городской округ город Кедровый,5,micro,7,unresolved
городской округ город Кизел,11,G,7,stable_core
городской округ город Киров,8,D,6,expansive_core
городской округ город Кирово-Чепецк,8,D,4,expansive_core
городской округ город Кирсанов,11,G,3,stable_core
городской округ город Ковров,8,D,6,expansive_core
городской округ город Когалым,1,A,4,expansive_core
городской округ город Козьмодемьянск,11,G,7,stable_core
городской округ город Комсомольск-на-Амуре,1,A,2,expansive_core
городской округ город Коряжма,10,F,4,transition
городской округ город Кострома,8,D,6,expansive_core
городской округ город Котельнич,11,G,7,stable_core
городской округ город Котовск,11,G,7,stable_core
городской округ город Красноярск,8,D,6,expansive_core
городской округ город Кулебаки,11,G,7,stable_core
городской округ город Кумертау,10,F,6,transition
городской округ город Курган,8,D,6,expansive_core
городской округ город Лабытнанги,1,A,2,expansive_core
городской округ город Лангепас,1,A,4,unresolved
городской округ город Лермонтов,10,F,6,transition
городской округ город Лесосибирск,8,D,4,transition
городской округ город Ливны,10,F,7,transition
городской округ город Липецк,8,D,6,expansive_core
городской округ город Магадан,1,A,2,expansive_core
городской округ город Майкоп,10,F,6,transition
городской округ город Мегион,1,A,4,expansive_core
городской округ город Медногорск,11,G,7,stable_core
городской округ город Минусинск,8,D,6,expansive_core
городской округ город Михайловка,10,F,0,transition
городской округ город Мичуринск,10,F,3,transition
городской округ город Можга,10,F,0,transition
городской округ город Моршанск,11,G,3,stable_core
городской округ город Муравленко,1,A,4,expansive_core
городской округ город Мурманск,9,E,6,transition
городской округ город Мценск,10,F,4,transition
городской округ город Набережные Челны,8,D,6,expansive_core
городской округ город Назарово,10,F,2,transition
городской округ город Нарьян-Мар,1,A,4,expansive_core
городской округ город Невинномысск,8,D,6,expansive_core
городской округ город Нефтекамск,8,D,6,expansive_core
городской округ город Нефтеюганск,1,A,4,expansive_core
городской округ город Нижневартовск,1,A,8,expansive_core
городской округ город Нижний Новгород,8,D,6,expansive_core
городской округ город Нижний Тагил,8,D,6,expansive_core
городской округ город Новоалтайск,8,D,6,expansive_core
городской округ город Новодвинск,10,F,7,transition
городской округ город Новомосковск,10,F,6,transition
городской округ город Новосибирск,8,D,6,expansive_core
городской округ город Новотроицк,10,F,4,transition
городской округ город Новоульяновск,11,G,7,stable_core
городской округ город Новочебоксарск,8,D,6,expansive_core
городской округ город Новый Уренгой,1,A,4,expansive_core
городской округ город Норильск,1,A,2,expansive_core
городской округ город Ноябрьск,1,A,4,expansive_core
городской округ город Нягань,1,A,4,expansive_core
городской округ город Обнинск,9,E,6,unresolved
городской округ город Обь,8,D,6,expansive_core
городской округ город Октябрьский,8,D,6,expansive_core
городской округ город Омск,8,D,6,expansive_core
городской округ город Оренбург,8,D,6,expansive_core
городской округ город Орск,10,F,4,transition
городской округ город Орёл,8,D,6,expansive_core
городской округ город Первомайск,11,G,1,stable_core
городской округ город Переславль-Залесский,10,F,6,transition
городской округ город Петровск-Забайкальский,10,F,5,transition
городской округ город Покачи,10,F,4,transition
городской округ город Псков,8,D,6,expansive_core
городской округ город Пыть-Ях,1,A,4,transition
городской округ город Радужный,10,F,4,transition
городской округ город Рассказово,11,G,1,stable_core
городской округ город Рубцовск,10,F,6,transition
городской округ город Рыбинск,8,D,4,expansive_core
городской округ город Рязань,8,D,6,expansive_core
городской округ город Салават,8,D,6,expansive_core
городской округ город Салехард,1,A,2,expansive_core
городской округ город Сарапул,8,D,6,expansive_core
городской округ город Саратов,8,D,6,expansive_core
городской округ город Саяногорск,10,F,2,transition
городской округ город Саянск,10,F,2,transition
городской округ город Свирск,11,G,5,stable_core
городской округ город Сибай,8,D,6,expansive_core
городской округ город Скопин,11,G,1,stable_core
городской округ город Слободской,11,G,4,transition
городской округ город Смоленск,8,D,6,expansive_core
городской округ город Сорск,11,G,7,unresolved
городской округ город Сосновоборск,8,D,6,expansive_core
городской округ город Ставрополь,8,D,6,expansive_core
городской округ город Стерлитамак,8,D,6,expansive_core
городской округ город Стрежевой,1,A,4,transition
городской округ город Сургут,1,A,6,expansive_core
городской округ город Тамбов,8,D,6,expansive_core
городской округ город Тверь,8,D,6,expansive_core
городской округ город Тобольск,8,D,6,expansive_core
городской округ город Томск,8,D,6,expansive_core
городской округ город Торжок,10,F,4,transition
городской округ город Тула,8,D,6,unresolved
городской округ город Тулун,10,F,5,transition
городской округ город Тюмень,8,D,6,unresolved
городской округ город Уварово,11,G,1,stable_core
городской округ город Ульяновск,8,D,6,expansive_core
городской округ город Урай,1,A,4,transition
городской округ город Урюпинск,11,G,3,stable_core
городской округ город Усолье-Сибирское,8,D,6,expansive_core
городской округ город Усть-Илимск,8,D,2,expansive_core
городской округ город Уфа,8,D,6,expansive_core
городской округ город Фролово,11,G,3,stable_core
городской округ город Хабаровск,1,A,8,expansive_core
городской округ город Ханты-Мансийск,1,A,6,stable_core
городской округ город Чебоксары,8,D,6,expansive_core
городской округ город Черемхово,10,F,2,transition
городской округ город Черногорск,10,F,0,transition
городской округ город Чкаловск,11,G,7,stable_core
городской округ город Шадринск,10,F,4,transition
городской округ город Шарыпово,10,F,4,transition
городской округ город Шарья,11,G,1,stable_core
городской округ город Шахунья,11,G,1,stable_core
городской округ город Шиханы,11,G,7,unresolved
городской округ город Шумерля,11,G,7,unresolved
городской округ город Югорск,8,D,6,expansive_core
городской округ город Якутск,1,A,2,expansive_core
городской округ город Ялуторовск,10,F,2,transition
городской округ город Яровое,10,F,5,transition
городской округ город Ярославль,8,D,6,expansive_core
городской округ город-герой Волгоград,8,D,6,expansive_core
городской округ город-курорт Ессентуки,8,D,6,expansive_core
городской округ город-курорт Железноводск,8,D,6,expansive_core
городской округ город-курорт Кисловодск,8,D,6,expansive_core
городской округ город-курорт Пятигорск,8,D,6,expansive_core
городской округ округ Муром,8,D,6,expansive_core
городской округ поселок Агинское,1,A,0,expansive_core
городской округ рабочий поселок Кольцово,4,micro,8,unresolved
муниципальный округ Александровский,11,G,7,stable_core
муниципальный округ Алнашский район,11,G,3,unresolved
муниципальный округ Андреапольский,11,G,1,stable_core
муниципальный округ Арбажский,10,F,0,transition
муниципальный округ Афанасьевский,11,G,3,unresolved
муниципальный округ Балезинский район,11,G,3,unresolved
муниципальный округ Бардымский,11,G,3,unresolved
муниципальный округ Бежецкий,11,G,7,unresolved
муниципальный округ Бельский,11,G,1,stable_core
муниципальный округ Березовский,11,G,5,stable_core
муниципальный округ Богородский,11,G,3,stable_core
муниципальный округ Бологовский,11,G,3,unresolved
муниципальный округ Большесосновский,11,G,3,stable_core
муниципальный округ Вавожский район,11,G,3,unresolved
муниципальный округ Верхнекамский,11,G,1,stable_core
муниципальный округ Весьегонский,11,G,3,stable_core
муниципальный округ Вилегодский,11,G,5,stable_core
муниципальный округ Волотовский,11,G,7,stable_core
муниципальный округ Вуктыл,10,F,4,transition
муниципальный округ Гайнский,11,G,1,stable_core
муниципальный округ Гвардейский,10,F,7,transition
муниципальный округ Граховский район,11,G,1,stable_core
муниципальный округ Губахинский,10,F,4,transition
муниципальный округ Гурьевский,8,D,6,expansive_core
муниципальный округ Дебёсский район,11,G,3,unresolved
муниципальный округ Демянский,11,G,1,stable_core
муниципальный округ Еловский,11,G,5,stable_core
муниципальный округ Жарковский,11,G,3,stable_core
муниципальный округ Завьяловский район,8,D,6,expansive_core
муниципальный округ Западнодвинский,11,G,1,stable_core
муниципальный округ Зеленоградский,9,E,8,unresolved
муниципальный округ Зубцовский,11,G,3,stable_core
муниципальный округ Игринский район,11,G,3,unresolved
муниципальный округ Калининский,9,E,6,unresolved
муниципальный округ Калязинский,11,G,7,unresolved
муниципальный округ Камбарский район,11,G,7,unresolved
муниципальный округ Карагайский,11,G,3,stable_core
муниципальный округ Каракулинский район,11,G,3,stable_core
муниципальный округ Каргопольский,11,G,3,unresolved
муниципальный округ Кезский район,11,G,3,unresolved
муниципальный округ Кесовогорский,11,G,1,stable_core
муниципальный округ Кизнерский район,11,G,5,unresolved
муниципальный округ Кикнурский,11,G,3,stable_core
муниципальный округ Кимрский,10,F,4,transition
муниципальный округ Кишертский,11,G,5,stable_core
муниципальный округ Киясовский район,11,G,3,unresolved
муниципальный округ Конаковский,10,F,4,transition
муниципальный округ Косинский,11,G,1,stable_core
муниципальный округ Кочевский,11,G,5,stable_core
муниципальный округ Красногородский,11,G,3,stable_core
муниципальный округ Красногорский район,11,G,3,stable_core
муниципальный округ Краснознаменский,11,G,7,stable_core
муниципальный округ Красноселькупский район,1,A,4,stable_core
муниципальный округ Краснохолмский,11,G,3,stable_core
муниципальный округ Крестецкий,11,G,3,stable_core
муниципальный округ Кувшиновский,11,G,3,stable_core
муниципальный округ Кудымкарский,10,F,0,transition
муниципальный округ Куединский,11,G,5,stable_core
муниципальный округ Кунгурский,10,F,6,transition
муниципальный округ Лебяжский,11,G,1,stable_core
муниципальный округ Лесной,11,G,1,stable_core
муниципальный округ Лихославльский,11,G,3,stable_core
муниципальный округ Локнянский,11,G,3,stable_core
муниципальный округ Лузский,11,G,3,stable_core
муниципальный округ Максатихинский,11,G,3,stable_core
муниципальный округ Макушинский,11,G,1,stable_core
муниципальный округ Малопургинский район,11,G,3,unresolved
муниципальный округ Марёвский,11,G,3,unresolved
муниципальный округ Молоковский,7,C,0,transition
муниципальный округ Мошенской,11,G,1,stable_core
муниципальный округ Мурашинский,11,G,7,stable_core
муниципальный округ Надымский район,1,A,4,expansive_core
муниципальный округ Невельский,11,G,5,stable_core
муниципальный округ Неманский,10,F,4,transition
муниципальный округ Нестеровский,10,F,0,transition
муниципальный округ Новоржевский,11,G,3,stable_core
муниципальный округ Озерский,11,G,3,unresolved
муниципальный округ Оленинский,11,G,1,stable_core
муниципальный округ Ольский,1,A,4,expansive_core
муниципальный округ Опаринский,11,G,1,stable_core
муниципальный округ Опочецкий,11,G,3,stable_core
муниципальный округ Ординский,11,G,1,stable_core
муниципальный округ Орловский,8,D,6,expansive_core
муниципальный округ Пеновский,11,G,3,stable_core
муниципальный округ Пермский,8,D,6,expansive_core
муниципальный округ Пестовский,11,G,7,unresolved
муниципальный округ Печорский,11,G,7,stable_core
муниципальный округ Пижанский,11,G,3,stable_core
муниципальный округ Полесский,11,G,0,unresolved
муниципальный округ Правдинский,11,G,7,stable_core
муниципальный округ Приуральский район,1,A,2,expansive_core
муниципальный округ Пуровский район,1,A,4,expansive_core
муниципальный округ Пыталовский,10,F,7,transition
муниципальный округ Рамешковский,11,G,1,stable_core
муниципальный округ Ржевский,10,F,6,transition
муниципальный округ Сандовский,7,C,0,transition
муниципальный округ Санчурский,11,G,3,stable_core
муниципальный округ Сарапульский район,10,F,0,transition
муниципальный округ Свечинский,11,G,7,stable_core
муниципальный округ Селижаровский,11,G,3,stable_core
муниципальный округ Селтинский район,11,G,3,unresolved
муниципальный округ Сивинский,11,G,1,stable_core
муниципальный округ Славский,11,G,3,unresolved
муниципальный округ Солецкий,11,G,3,stable_core
муниципальный округ Сонковский,11,G,1,stable_core
муниципальный округ Спировский,11,G,3,stable_core
муниципальный округ Старицкий,11,G,3,stable_core
муниципальный округ Струго-Красненский,10,F,7,transition
муниципальный округ Суетский район,11,G,1,stable_core
муниципальный округ Сюмсинский район,11,G,1,stable_core
муниципальный округ Тазовский район,1,A,4,expansive_core
муниципальный округ Торопецкий,11,G,1,stable_core
муниципальный округ Увинский район,11,G,0,transition
муниципальный округ Уинский,11,G,1,stable_core
муниципальный округ Унинский,11,G,1,stable_core
муниципальный округ Усинск,1,A,4,expansive_core
муниципальный округ Фаленский,11,G,3,stable_core
муниципальный округ Фировский,11,G,3,stable_core
муниципальный округ Хвойнинский,11,G,3,stable_core
муниципальный округ Чарышский район,11,G,3,stable_core
муниципальный округ Частинский,11,G,3,stable_core
муниципальный округ Черняховский,10,F,4,transition
муниципальный округ Шарканский район,11,G,3,unresolved
муниципальный округ Шумихинский,11,G,5,stable_core
муниципальный округ Шурышкарский район,1,A,2,expansive_core
муниципальный округ Юкаменский район,11,G,1,stable_core
муниципальный округ Юрлинский,11,G,7,stable_core
муниципальный округ Юсьвинский,11,G,5,stable_core
муниципальный округ Ягоднинский,1,A,2,stable_core
муниципальный округ Якшур-Бодьинский район,11,G,1,stable_core
муниципальный округ Ямальский район,1,A,4,expansive_core
муниципальный округ Ярский район,11,G,3,unresolved
муниципальный округ город Апатиты,1,A,4,expansive_core
муниципальный округ город Кировск,1,A,4,expansive_core
муниципальный округ город Мончегорск,1,A,4,expansive_core
муниципальный округ город Оленегорск,1,A,4,expansive_core
муниципальный округ город Полярные Зори,1,A,4,expansive_core
муниципальный округ город Славгород,10,F,0,transition
муниципальный район Город Краснокаменск и Краснокаменский район,10,F,4,transition
муниципальный район Заполярный район,1,A,2,expansive_core
муниципальный район Печора,1,A,4,transition
муниципальный район Сосногорск,10,F,4,transition
муниципальный район город Нерехта и Нерехтский район,11,G,7,stable_core
муниципальный район имени Лазо,11,G,5,stable_core
муниципальный район имени Полины Осипенко,1,A,2,expansive_core
