reference_mo,territory_id,year_from,year_to,geometry_match_status
Абазинский муниципальный район,196,2018,9999,MATCHED
Абанский муниципальный район,683,2018,9999,MATCHED
Абатский муниципальный район,2195,2018,9999,MATCHED
Абзелиловский муниципальный район,30,2018,9999,MATCHED
Агинский муниципальный район,605,2018,9999,MATCHED
Агрызский муниципальный район,356,2018,9999,MATCHED
Адамовский муниципальный район,1678,2018,9999,MATCHED
Азнакаевский муниципальный район,357,2018,9999,MATCHED
Азовский немецкий национальный муниципальный район,1633,2018,9999,MATCHED
Акбулакский муниципальный район,1679,2018,9999,MATCHED
Аксубаевский муниципальный район,358,2018,9999,MATCHED
Актанышский муниципальный район,359,2018,9999,MATCHED
Алагирский муниципальный район,346,2018,9999,MATCHED
Аларский муниципальный район,1170,2018,9999,MATCHED
Алданский муниципальный район,312,2018,9999,MATCHED
Александро-Невский муниципальный район,1857,2018,9999,MATCHED
Александрово-Гайский муниципальный район,1915,2018,9999,MATCHED
Александровский муниципальный округ,826,2018,9999,MATCHED
Аликовский муниципальный округ,484,2018,9999,MATCHED
Алькеевский муниципальный район,361,2018,9999,MATCHED
Альменевский муниципальный округ,1335,2018,9999,MATCHED
Альметьевский муниципальный район,362,2018,9999,MATCHED
Альшеевский муниципальный район,31,2018,9999,MATCHED
Амгинский муниципальный район,314,2018,9999,MATCHED
Амурский муниципальный район,844,2018,9999,MATCHED
Анадырский муниципальный район,2348,2018,9999,MATCHED
Андроповский муниципальный округ,827,2018,9999,MATCHED
Антроповский муниципальный район,1309,2018,9999,MATCHED
Анучинский муниципальный округ,787,2018,9999,MATCHED
Апанасенковский муниципальный округ,828,2018,9999,MATCHED
Апастовский муниципальный район,363,2018,9999,MATCHED
Аргаяшский муниципальный район,2292,2018,9999,MATCHED
Ардатовский муниципальный округ,1537,2018,9999,MATCHED
Ардатовский муниципальный район,287,2018,9999,MATCHED
Ардонский муниципальный район,347,2018,9999,MATCHED
Арзгирский муниципальный округ,829,2018,9999,MATCHED
Аркадакский муниципальный район,1916,2018,9999,MATCHED
Армизонский муниципальный район,2196,2018,9999,MATCHED
Аромашевский муниципальный район,2197,2018,9999,MATCHED
Арсеньевский муниципальный район,2171,2018,9999,MATCHED
Арский муниципальный район,364,2018,9999,MATCHED
Архангельский муниципальный район,32,2018,9999,MATCHED
Архаринский муниципальный округ,870,2018,9999,MATCHED
Асекеевский муниципальный район,1681,2018,9999,MATCHED
Асиновский муниципальный район,2149,2018,9999,MATCHED
Аскинский муниципальный район,33,2018,9999,MATCHED
Аткарский муниципальный район,1917,2018,9999,MATCHED
Атнинский муниципальный район,365,2018,9999,MATCHED
Атюрьевский муниципальный район,288,2018,9999,MATCHED
Атяшевский муниципальный район,289,2018,9999,MATCHED
Аургазинский муниципальный район,34,2018,9999,MATCHED
Ахтубинский муниципальный район,920,2018,9999,MATCHED
Ашинский муниципальный район,2293,2018,9999,MATCHED
Бабаевский муниципальный округ,1047,2018,9999,MATCHED
Бабушкинский муниципальный округ,1048,2018,9999,MATCHED
Бабынинский муниципальный район,1200,2018,9999,MATCHED
Бавлинский муниципальный район,366,2018,9999,MATCHED
Баганский муниципальный район,1602,2018,9999,MATCHED
Баевский муниципальный район,516,2018,9999,MATCHED
Базарно-Карабулакский муниципальный район,1918,2018,9999,MATCHED
Базарносызганский муниципальный район,2254,2018,9999,MATCHED
Бай-Тайгинский муниципальный район,401,2018,9999,MATCHED
Байкаловский муниципальный район,2039,2018,9999,MATCHED
Баймакский муниципальный район,35,2018,9999,MATCHED
Бакалинский муниципальный район,36,2018,9999,MATCHED
Бакчарский муниципальный район,2150,2018,9999,MATCHED
Балаганский муниципальный район,1144,2018,9999,MATCHED
Балаковский муниципальный район,1919,2018,9999,MATCHED
Балахнинский муниципальный округ,1539,2018,9999,MATCHED
Балахтинский муниципальный район,685,2018,9999,MATCHED
Балашовский муниципальный район,1920,2018,9999,MATCHED
Балейский муниципальный район,578,2018,9999,MATCHED
Балтайский муниципальный район,1921,2018,9999,MATCHED
Балтасинский муниципальный район,367,2018,9999,MATCHED
Балтачевский муниципальный район,37,2018,9999,MATCHED
Барабинский муниципальный район,1603,2018,9999,MATCHED
Барун-Хемчикский муниципальный район,402,2018,9999,MATCHED
Барышский муниципальный район,2255,2018,9999,MATCHED
Барятинский муниципальный район,1201,2018,9999,MATCHED
Батыревский муниципальный округ,485,2018,9999,MATCHED
Башмаковский муниципальный район,1737,2018,9999,MATCHED
Баяндаевский муниципальный район,1171,2018,9999,MATCHED
Бежаницкий муниципальный район,1766,2018,9999,MATCHED
Безенчукский муниципальный район,1885,2018,9999,MATCHED
Бейский муниципальный район,455,2018,9999,MATCHED
Бековский муниципальный район,1738,2018,9999,MATCHED
Белебеевский муниципальный район,38,2018,9999,MATCHED
Белевский муниципальный район,2172,2018,9999,MATCHED
Белинский муниципальный район,1739,2018,9999,MATCHED
Беловский муниципальный округ,1240,2018,9999,MATCHED
Белогорский муниципальный округ,871,2018,9999,MATCHED
Белокатайский муниципальный район,39,2018,9999,MATCHED
Беломорский муниципальный округ,208,2018,9999,MATCHED
Белорецкий муниципальный район,40,2018,9999,MATCHED
Белохолуницкий муниципальный район,1266,2018,9999,MATCHED
Белоярский муниципальный район,2229,2018,9999,MATCHED
Беляевский муниципальный район,1682,2018,9999,MATCHED
Бердюжский муниципальный район,2198,2018,9999,MATCHED
Бессоновский муниципальный район,1740,2018,9999,MATCHED
Бижбулякский муниципальный район,41,2018,9999,MATCHED
Бийский муниципальный район,517,2018,9999,MATCHED
Бикинский муниципальный район,846,2018,9999,MATCHED
Билибинский муниципальный район,2349,2018,9999,MATCHED
Бирилюсский муниципальный район,687,2018,9999,MATCHED
Биробиджанский муниципальный район,2339,2018,9999,MATCHED
Бирский муниципальный район,42,2018,9999,MATCHED
Благоварский муниципальный район,43,2018,9999,MATCHED
Благовещенский муниципальный округ,872,2018,9999,MATCHED
Благодарненский муниципальный округ,810,2018,9999,MATCHED
Богатовский муниципальный район,1886,2018,9999,MATCHED
Богородицкий муниципальный район,2173,2018,9999,MATCHED
Богородский муниципальный округ,1540,2018,9999,MATCHED
Боградский муниципальный район,456,2018,9999,MATCHED
Богучанский муниципальный район,689,2018,9999,MATCHED
Бокситогорский муниципальный район,1392,2018,9999,MATCHED
Болотнинский муниципальный район,1604,2018,9999,MATCHED
Болховский муниципальный район,1710,2018,9999,MATCHED
Большеберезниковский муниципальный район,290,2018,9999,MATCHED
Большеболдинский муниципальный округ,1541,2018,9999,MATCHED
Большеглушицкий муниципальный район,1887,2018,9999,MATCHED
Большемурашкинский муниципальный округ,1542,2018,9999,MATCHED
Большемуртинский муниципальный район,690,2018,9999,MATCHED
Большереченский муниципальный район,1634,2018,9999,MATCHED
Большесельский муниципальный район,2321,2018,9999,MATCHED
Большеуковский муниципальный район,1635,2018,9999,MATCHED
Большеулуйский муниципальный район,691,2018,9999,MATCHED
Большечерниговский муниципальный район,1888,2018,9999,MATCHED
Бондарский муниципальный округ,2078,2018,9999,MATCHED
Борзинский муниципальный район,579,2018,9999,MATCHED
Борисоглебский муниципальный район,2322,2018,9999,MATCHED
Боровичский муниципальный район,1577,2018,9999,MATCHED
Боровский муниципальный район,2647,2019,9999,MATCHED
Борский муниципальный район,1889,2018,9999,MATCHED
Боханский муниципальный район,1172,2018,9999,MATCHED
Братский муниципальный район,1146,2018,9999,MATCHED
Брединский муниципальный район,2294,2018,9999,MATCHED
Брейтовский муниципальный район,2323,2018,9999,MATCHED
Бугульминский муниципальный район,368,2018,9999,MATCHED
Бугурусланский муниципальный район,1683,2018,9999,MATCHED
Будённовский муниципальный округ,830,2018,9999,MATCHED
Буздякский муниципальный район,45,2018,9999,MATCHED
Буинский муниципальный район,369,2018,9999,MATCHED
Буйский муниципальный район,1310,2018,9999,MATCHED
Булунский муниципальный район,316,2018,9999,MATCHED
Бураевский муниципальный район,46,2018,9999,MATCHED
Бурейский муниципальный округ,873,2018,9999,MATCHED
Бурзянский муниципальный район,47,2018,9999,MATCHED
Бурлинский муниципальный район,519,2018,9999,MATCHED
Бутурлинский муниципальный округ,1543,2018,9999,MATCHED
Быковский муниципальный район,1014,2018,9999,MATCHED
Быстроистокский муниципальный район,520,2018,9999,MATCHED
Вагайский муниципальный район,2199,2018,9999,MATCHED
Вадинский муниципальный район,1741,2018,9999,MATCHED
Вадский муниципальный округ,1544,2018,9999,MATCHED
Валдайский муниципальный район,1578,2018,9999,MATCHED
Ванинский муниципальный район,847,2018,9999,MATCHED
Варгашинский муниципальный округ,1337,2018,9999,MATCHED
Варнавинский муниципальный округ,1545,2018,9999,MATCHED
Варненский муниципальный район,2295,2018,9999,MATCHED
Вачский муниципальный округ,1546,2018,9999,MATCHED
Велижский муниципальный район,2046,2018,9999,MATCHED
Великоустюгский муниципальный округ,1051,2018,9999,MATCHED
Вельский муниципальный район,897,2018,9999,MATCHED
Венгеровский муниципальный район,1605,2018,9999,MATCHED
Веневский муниципальный район,2174,2018,9999,MATCHED
Верхнебуреинский муниципальный район,848,2018,9999,MATCHED
Верхневилюйский муниципальный район,317,2018,9999,MATCHED
Верхнекетский муниципальный район,2151,2018,9999,MATCHED
Верхнеколымский муниципальный район,318,2018,9999,MATCHED
Верхнетоемский муниципальный округ,898,2018,9999,MATCHED
Верхнеуральский муниципальный район,2296,2018,9999,MATCHED
Верхнеуслонский муниципальный район,370,2018,9999,MATCHED
Верховажский муниципальный округ,1052,2018,9999,MATCHED
Верховский муниципальный район,1711,2018,9999,MATCHED
Верхошижемский муниципальный район,1269,2018,9999,MATCHED
Верхоянский муниципальный район,319,2018,9999,MATCHED
Ветлужский муниципальный округ,1547,2018,9999,MATCHED
Вешкаймский муниципальный район,2256,2018,9999,MATCHED
Викуловский муниципальный район,2200,2018,9999,MATCHED
Вилюйский муниципальный район,320,2018,9999,MATCHED
Виноградовский муниципальный округ,900,2018,9999,MATCHED
Вичугский муниципальный район,1113,2018,9999,MATCHED
Вожегодский муниципальный округ,1053,2018,9999,MATCHED
Вознесенский муниципальный округ,1548,2018,9999,MATCHED
Вологодский муниципальный округ,1054,2018,9999,MATCHED
Володарский муниципальный округ,1549,2018,9999,MATCHED
Волосовский муниципальный район,1393,2018,9999,MATCHED
Волховский муниципальный район,1394,2018,9999,MATCHED
Волчихинский муниципальный район,521,2018,9999,MATCHED
Вольский муниципальный район,1922,2018,9999,MATCHED
Воскресенский муниципальный округ,1551,2018,9999,MATCHED
Воскресенский муниципальный район,1923,2018,9999,MATCHED
Вохомский муниципальный район,1311,2018,9999,MATCHED
Всеволожский муниципальный район,1395,2018,9999,MATCHED
Вурнарский муниципальный округ,486,2018,9999,MATCHED
Выборгский муниципальный район,1396,2018,9999,MATCHED
Высокогорский муниципальный район,371,2018,9999,MATCHED
Вытегорский муниципальный район,1055,2018,9999,MATCHED
Вязниковский муниципальный район,992,2018,9999,MATCHED
Вятскополянский муниципальный район,1270,2018,9999,MATCHED
Гаврилов-Ямский муниципальный район,2324,2018,9999,MATCHED
Гаврилово-Посадский муниципальный район,1115,2018,9999,MATCHED
Гавриловский муниципальный округ,2079,2018,9999,MATCHED
Гагаринский муниципальный район,2048,2018,9999,MATCHED
Гагинский муниципальный округ,1552,2018,9999,MATCHED
Газимуро-Заводский муниципальный округ,580,2018,9999,MATCHED
Галичский муниципальный район,1312,2018,9999,MATCHED
Гатчинский муниципальный район,1397,2018,9999,MATCHED
Гафурийский муниципальный район,48,2018,9999,MATCHED
Гдовский муниципальный район,1768,2018,9999,MATCHED
Георгиевский муниципальный округ,811,2018,9999,MATCHED
Гиагинский муниципальный район,3,2018,9999,MATCHED
Глазуновский муниципальный район,1712,2018,9999,MATCHED
Глинковский муниципальный район,2049,2018,9999,MATCHED
Горномарийский муниципальный район,273,2018,9999,MATCHED
Горный муниципальный район,321,2018,9999,MATCHED
Городецкий муниципальный округ,1553,2018,9999,MATCHED
Городовиковский муниципальный район,181,2018,9999,MATCHED
Гороховецкий муниципальный район,993,2018,9999,MATCHED
Горьковский муниципальный район,1636,2018,9999,MATCHED
Грачёвский муниципальный округ,831,2018,9999,MATCHED
Грачёвский муниципальный район,1685,2018,9999,MATCHED
Грязинский муниципальный район,1413,2018,9999,MATCHED
Грязовецкий муниципальный округ,1056,2018,9999,MATCHED
Гурьевский муниципальный округ,1241,2018,9999,MATCHED
Гусь-Хрустальный муниципальный район,994,2018,9999,MATCHED
Давлекановский муниципальный район,49,2018,9999,MATCHED
Далматовский муниципальный округ,1338,2018,9999,MATCHED
Дальнеконстантиновский муниципальный округ,1554,2018,9999,MATCHED
Дальнереченский муниципальный район,788,2018,9999,MATCHED
Данковский муниципальный район,1414,2018,9999,MATCHED
Даровской муниципальный район,1271,2018,9999,MATCHED
Дедовичский муниципальный район,1769,2018,9999,MATCHED
Демидовский муниципальный район,2050,2018,9999,MATCHED
Дергачевский муниципальный район,1924,2018,9999,MATCHED
Дзун-Хемчикский муниципальный район,403,2018,9999,MATCHED
Дивеевский муниципальный округ,1555,2018,9999,MATCHED
Дигорский муниципальный район,348,2018,9999,MATCHED
Дновский муниципальный район,1770,2018,9999,MATCHED
Добринский муниципальный район,1415,2018,9999,MATCHED
Добровский муниципальный район,1416,2018,9999,MATCHED
Доволенский муниципальный район,1606,2018,9999,MATCHED
Долгоруковский муниципальный район,1417,2018,9999,MATCHED
Должанский муниципальный район,1714,2018,9999,MATCHED
Домбаровский муниципальный район,1686,2018,9999,MATCHED
Дорогобужский муниципальный район,2051,2018,9999,MATCHED
Дрожжановский муниципальный район,372,2018,9999,MATCHED
Дубовский муниципальный район,1017,2018,9999,MATCHED
Дуванский муниципальный район,50,2018,9999,MATCHED
Дульдургинский муниципальный район,606,2018,9999,MATCHED
Думиничский муниципальный район,1204,2018,9999,MATCHED
Духовницкий муниципальный район,1925,2018,9999,MATCHED
Духовщинский муниципальный район,2052,2018,9999,MATCHED
Дюртюлинский муниципальный район,51,2018,9999,MATCHED
Егорьевский муниципальный район,522,2018,9999,MATCHED
Екатериновский муниципальный район,1926,2018,9999,MATCHED
Елабужский муниципальный район,373,2018,9999,MATCHED
Еланский муниципальный район,1018,2018,9999,MATCHED
Елизовский муниципальный район,612,2018,9999,MATCHED
Елховский муниципальный район,1891,2018,9999,MATCHED
Ельниковский муниципальный район,293,2018,9999,MATCHED
Ельнинский муниципальный район,2053,2018,9999,MATCHED
Ельцовский муниципальный район,523,2018,9999,MATCHED
Еманжелинский муниципальный район,2297,2018,9999,MATCHED
Емельяновский муниципальный район,693,2018,9999,MATCHED
Енисейский муниципальный район,694,2018,9999,MATCHED
Енотаевский муниципальный район,922,2018,9999,MATCHED
Ермаковский муниципальный район,695,2018,9999,MATCHED
Ермекеевский муниципальный район,52,2018,9999,MATCHED
Ермишинский муниципальный район,1849,2018,9999,MATCHED
Ершичский муниципальный район,2054,2018,9999,MATCHED
Ершовский муниципальный район,1927,2018,9999,MATCHED
Еткульский муниципальный район,2298,2018,9999,MATCHED
Жердевский муниципальный округ,2080,2018,9999,MATCHED
Жигаловский муниципальный район,1147,2018,9999,MATCHED
Жиздринский муниципальный район,1205,2018,9999,MATCHED
Жирновский муниципальный район,1019,2018,9999,MATCHED
Жуковский муниципальный район,1206,2018,9999,MATCHED
Забайкальский муниципальный район,581,2018,9999,MATCHED
Завитинский муниципальный округ,874,2018,9999,MATCHED
Заволжский муниципальный район,1116,2018,9999,MATCHED
Завьяловский муниципальный район,524,2018,9999,MATCHED
Задонский муниципальный район,1419,2018,9999,MATCHED
Заинский муниципальный район,374,2018,9999,MATCHED
Заларинский муниципальный район,1148,2018,9999,MATCHED
Залегощенский муниципальный район,1715,2018,9999,MATCHED
Залесовский муниципальный округ,525,2018,9999,MATCHED
Заокский муниципальный район,2177,2018,9999,MATCHED
Захаровский муниципальный район,1850,2018,9999,MATCHED
Звениговский муниципальный район,274,2018,9999,MATCHED
Звериноголовский муниципальный округ,1339,2018,9999,MATCHED
Здвинский муниципальный район,1607,2018,9999,MATCHED
Зейский муниципальный округ,875,2018,9999,MATCHED
Зеленодольский муниципальный район,375,2018,9999,MATCHED
Зеленчукский муниципальный район,198,2018,9999,MATCHED
Земетчинский муниципальный район,1743,2018,9999,MATCHED
Зианчуринский муниципальный район,53,2018,9999,MATCHED
Зилаирский муниципальный район,54,2018,9999,MATCHED
Зиминский муниципальный район,1149,2018,9999,MATCHED
Змеиногорский муниципальный район,527,2018,9999,MATCHED
Знаменский муниципальный округ,2081,2018,9999,MATCHED
Зональный муниципальный район,542,2018,9999,MATCHED
Зубово-Полянский муниципальный район,294,2018,9999,MATCHED
Зуевский муниципальный район,1272,2018,9999,MATCHED
Зырянский муниципальный район,2152,2018,9999,MATCHED
Ибресинский муниципальный округ,487,2018,9999,MATCHED
Ивановский муниципальный округ,876,2018,9999,MATCHED
Ивановский муниципальный район,1117,2018,9999,MATCHED
Ивантеевский муниципальный район,1928,2018,9999,MATCHED
Иглинский муниципальный район,55,2018,9999,MATCHED
Идринский муниципальный район,696,2018,9999,MATCHED
Ижемский муниципальный район,230,2018,9999,MATCHED
Ижморский муниципальный округ,1242,2018,9999,MATCHED
Измалковский муниципальный район,1420,2018,9999,MATCHED
Износковский муниципальный район,1208,2018,9999,MATCHED
Изобильненский муниципальный округ,814,2018,9999,MATCHED
Икрянинский муниципальный район,923,2018,9999,MATCHED
Иланский муниципальный район,697,2018,9999,MATCHED
Илекский муниципальный район,1687,2018,9999,MATCHED
Илишевский муниципальный район,56,2018,9999,MATCHED
Иловлинский муниципальный район,1020,2018,9999,MATCHED
Ильинский муниципальный район,1118,2018,9999,MATCHED
Инжавинский муниципальный округ,2082,2018,9999,MATCHED
Инзенский муниципальный район,2257,2018,9999,MATCHED
Инсарский муниципальный район,295,2018,9999,MATCHED
Ипатовский муниципальный округ,815,2018,9999,MATCHED
Ирафский муниципальный район,349,2018,9999,MATCHED
Ирбейский муниципальный район,698,2018,9999,MATCHED
Иркутский муниципальный район,1150,2018,9999,MATCHED
Исаклинский муниципальный район,1892,2018,9999,MATCHED
Исетский муниципальный район,2202,2018,9999,MATCHED
Исилькульский муниципальный район,1638,2018,9999,MATCHED
Искитимский муниципальный район,1608,2018,9999,MATCHED
Иссинский муниципальный район,1744,2018,9999,MATCHED
Ичалковский муниципальный район,296,2018,9999,MATCHED
Ишимбайский муниципальный район,57,2018,9999,MATCHED
Ишимский муниципальный район,2203,2018,9999,MATCHED
Каа-Хемский муниципальный район,404,2018,9999,MATCHED
Кавалеровский муниципальный округ,789,2018,9999,MATCHED
Кадомский муниципальный район,1851,2018,9999,MATCHED
Кадошкинский муниципальный район,297,2018,9999,MATCHED
Кадуйский муниципальный округ,1057,2018,9999,MATCHED
Кадыйский муниципальный район,1313,2018,9999,MATCHED
Казанский муниципальный район,2204,2018,9999,MATCHED
Казачинский муниципальный район,699,2018,9999,MATCHED
Казачинско-Ленский муниципальный район,1151,2018,9999,MATCHED
Кайбицкий муниципальный район,376,2018,9999,MATCHED
Каларский муниципальный округ,582,2018,9999,MATCHED
Калачевский муниципальный район,1021,2018,9999,MATCHED
Калачинский муниципальный район,1639,2018,9999,MATCHED
Калганский муниципальный округ,583,2018,9999,MATCHED
Калевальский муниципальный район,209,2018,9999,MATCHED
Калининский муниципальный район,1929,2018,9999,MATCHED
Калманский муниципальный район,528,2018,9999,MATCHED
Калтасинский муниципальный район,58,2018,9999,MATCHED
Камешкирский муниципальный район,1746,2018,9999,MATCHED
Камешковский муниципальный район,995,2018,9999,MATCHED
Камско-Устьинский муниципальный район,377,2018,9999,MATCHED
Камызякский муниципальный район,924,2018,9999,MATCHED
Камышлинский муниципальный район,1893,2018,9999,MATCHED
Камышловский муниципальный район,2040,2018,9999,MATCHED
Кандалакшский муниципальный район,1518,2018,9999,MATCHED
Карагинский муниципальный район,618,2018,9999,MATCHED
Караидельский муниципальный район,59,2018,9999,MATCHED
Карасукский муниципальный район,1609,2018,9999,MATCHED
Каратузский муниципальный район,701,2018,9999,MATCHED
Каргапольский муниципальный округ,1340,2018,9999,MATCHED
Каргасокский муниципальный район,2153,2018,9999,MATCHED
Каргатский муниципальный район,1610,2018,9999,MATCHED
Кардымовский муниципальный район,2055,2018,9999,MATCHED
Кармаскалинский муниципальный район,60,2018,9999,MATCHED
Карсунский муниципальный район,2258,2018,9999,MATCHED
Карталинский муниципальный район,2299,2018,9999,MATCHED
Карымский муниципальный район,584,2018,9999,MATCHED
Касимовский муниципальный район,1852,2018,9999,MATCHED
Каслинский муниципальный район,2300,2018,9999,MATCHED
Катав-Ивановский муниципальный район,2301,2018,9999,MATCHED
Катайский муниципальный округ,1341,2018,9999,MATCHED
Катангский муниципальный район,1152,2018,9999,MATCHED
Качугский муниципальный район,1153,2018,9999,MATCHED
Кваркенский муниципальный район,1688,2018,9999,MATCHED
Кежемский муниципальный район,702,2018,9999,MATCHED
Кемеровский муниципальный округ,1243,2018,9999,MATCHED
Кемский муниципальный район,210,2018,9999,MATCHED
Кигинский муниципальный район,61,2018,9999,MATCHED
Кизильский муниципальный район,2302,2018,9999,MATCHED
Киквидзенский муниципальный район,1023,2018,9999,MATCHED
Килемарский муниципальный район,275,2018,9999,MATCHED
Кильмезский муниципальный район,1274,2018,9999,MATCHED
Кимовский муниципальный район,2179,2018,9999,MATCHED
Кингисеппский муниципальный район,1398,2018,9999,MATCHED
Кинель-Черкасский муниципальный район,1895,2018,9999,MATCHED
Кинельский муниципальный район,1894,2018,9999,MATCHED
Кинешемский муниципальный район,1119,2018,9999,MATCHED
Киреевский муниципальный район,2180,2018,9999,MATCHED
Киренский муниципальный район,1154,2018,9999,MATCHED
Киржачский муниципальный район,996,2018,9999,MATCHED
Кирилловский муниципальный округ,1058,2018,9999,MATCHED
Киришский муниципальный район,1399,2018,9999,MATCHED
Кирово-Чепецкий муниципальный район,1275,2018,9999,MATCHED
Кировский муниципальный округ,817,2018,9999,MATCHED
Кичменгско-Городецкий муниципальный округ,1059,2018,9999,MATCHED
Клепиковский муниципальный район,1853,2018,9999,MATCHED
Клетский муниципальный район,1024,2018,9999,MATCHED
Ключевский муниципальный район,530,2018,9999,MATCHED
Клявлинский муниципальный район,1896,2018,9999,MATCHED
Княгининский муниципальный округ,1556,2018,9999,MATCHED
Княжпогостский муниципальный район,231,2018,9999,MATCHED
Кобяйский муниципальный район,323,2018,9999,MATCHED
Ковдорский муниципальный округ,1512,2018,9999,MATCHED
Ковернинский муниципальный округ,1557,2018,9999,MATCHED
Ковылкинский муниципальный район,298,2018,9999,MATCHED
Кожевниковский муниципальный район,2154,2018,9999,MATCHED
Козельский муниципальный район,1209,2018,9999,MATCHED
Козловский муниципальный округ,489,2018,9999,MATCHED
Козульский муниципальный район,703,2018,9999,MATCHED
Койгородский муниципальный район,232,2018,9999,MATCHED
Кологривский муниципальный округ,1314,2018,9999,MATCHED
Колосовский муниципальный район,1640,2018,9999,MATCHED
Колпашевский муниципальный район,2155,2018,9999,MATCHED
Колпнянский муниципальный район,1717,2018,9999,MATCHED
Колыванский муниципальный район,1611,2018,9999,MATCHED
Колышлейский муниципальный район,1747,2018,9999,MATCHED
Кольский муниципальный район,1519,2018,9999,MATCHED
Кольчугинский муниципальный район,998,2018,9999,MATCHED
Комсомольский муниципальный округ,490,2018,9999,MATCHED
Кондинский муниципальный район,2231,2018,9999,MATCHED
Кондопожский муниципальный район,211,2018,9999,MATCHED
Коношский муниципальный район,902,2018,9999,MATCHED
Константиновский муниципальный район,877,2018,9999,MATCHED
Кораблинский муниципальный район,1854,2018,9999,MATCHED
Коркинский муниципальный округ,2303,2018,9999,MATCHED
Кормиловский муниципальный район,1641,2018,9999,MATCHED
Корткеросский муниципальный район,233,2018,9999,MATCHED
Косихинский муниципальный район,531,2018,9999,MATCHED
Костромской муниципальный район,1315,2018,9999,MATCHED
Котельниковский муниципальный район,1025,2018,9999,MATCHED
Котельничский муниципальный район,1276,2018,9999,MATCHED
Котласский муниципальный округ,903,2018,9999,MATCHED
Котовский муниципальный район,1026,2018,9999,MATCHED
Коченевский муниципальный район,1612,2018,9999,MATCHED
Кочковский муниципальный район,1613,2018,9999,MATCHED
Кочубеевский муниципальный округ,832,2018,9999,MATCHED
Кош-Агачский муниципальный район,11,2018,9999,MATCHED
Кошехабльский муниципальный район,4,2018,9999,MATCHED
Кошкинский муниципальный район,1897,2018,9999,MATCHED
Крапивинский муниципальный округ,1244,2018,9999,MATCHED
Краснобаковский муниципальный округ,1558,2018,9999,MATCHED
Красноборский муниципальный округ,904,2018,9999,MATCHED
Красногвардейский муниципальный округ,833,2018,9999,MATCHED
Красногорский муниципальный район,532,2018,9999,MATCHED
Краснозерский муниципальный район,1614,2018,9999,MATCHED
Краснозоренский муниципальный район,1718,2018,9999,MATCHED
Краснокамский муниципальный район,62,2018,9999,MATCHED
Краснокутский муниципальный район,1931,2018,9999,MATCHED
Краснооктябрьский муниципальный округ,1559,2018,9999,MATCHED
Краснопартизанский муниципальный район,1932,2018,9999,MATCHED
Красносельский муниципальный район,1316,2018,9999,MATCHED
Краснослободский муниципальный район,300,2018,9999,MATCHED
Краснотуранский муниципальный район,704,2018,9999,MATCHED
Красночетайский муниципальный округ,492,2018,9999,MATCHED
Красночикойский муниципальный район,586,2018,9999,MATCHED
Краснощёковский муниципальный район,533,2018,9999,MATCHED
Кривошеинский муниципальный район,2156,2018,9999,MATCHED
Кромской муниципальный район,1719,2018,9999,MATCHED
Крутинский муниципальный район,1642,2018,9999,MATCHED
Крутихинский муниципальный район,534,2018,9999,MATCHED
Кстовский муниципальный округ,1560,2018,9999,MATCHED
Кугарчинский муниципальный район,63,2018,9999,MATCHED
Куженерский муниципальный район,276,2018,9999,MATCHED
Кузоватовский муниципальный район,2259,2018,9999,MATCHED
Куйтунский муниципальный район,1155,2018,9999,MATCHED
Кукморский муниципальный район,378,2018,9999,MATCHED
Кулундинский муниципальный район,535,2018,9999,MATCHED
Куменский муниципальный район,1277,2018,9999,MATCHED
Кумылженский муниципальный район,1027,2018,9999,MATCHED
Кунашакский муниципальный район,2305,2018,9999,MATCHED
Купинский муниципальный район,1616,2018,9999,MATCHED
Курагинский муниципальный район,705,2018,9999,MATCHED
Куркинский муниципальный район,2181,2018,9999,MATCHED
Курманаевский муниципальный район,1690,2018,9999,MATCHED
Курский муниципальный округ,834,2018,9999,MATCHED
Куртамышский муниципальный округ,1343,2018,9999,MATCHED
Курьинский муниципальный район,536,2018,9999,MATCHED
Кусинский муниципальный район,3012,2023,9999,MATCHED
Кушнаренковский муниципальный район,65,2018,9999,MATCHED
Кызылский муниципальный район,405,2018,9999,MATCHED
Кыринский муниципальный район,587,2018,9999,MATCHED
Кытмановский муниципальный район,537,2018,9999,MATCHED
Кыштовский муниципальный район,1617,2018,9999,MATCHED
Лаганский муниципальный район,184,2018,9999,MATCHED
Лазовский муниципальный округ,792,2018,9999,MATCHED
Лаишевский муниципальный район,379,2018,9999,MATCHED
Лахденпохский муниципальный район,212,2018,9999,MATCHED
Лебедянский муниципальный район,1422,2018,9999,MATCHED
Лебяжьевский муниципальный округ,1344,2018,9999,MATCHED
Лев-Толстовский муниципальный район,1423,2018,9999,MATCHED
Левокумский муниципальный округ,835,2018,9999,MATCHED
Лежневский муниципальный район,1121,2018,9999,MATCHED
Лениногорский муниципальный район,380,2018,9999,MATCHED
Лиманский муниципальный район,926,2018,9999,MATCHED
Ловозерский муниципальный район,1520,2018,9999,MATCHED
Лодейнопольский муниципальный район,1401,2018,9999,MATCHED
Локтевский муниципальный район,538,2018,9999,MATCHED
Ломоносовский муниципальный район,1402,2018,9999,MATCHED
Лопатинский муниципальный район,1749,2018,9999,MATCHED
Лоухский муниципальный район,213,2018,9999,MATCHED
Лужский муниципальный район,1403,2018,9999,MATCHED
Лукояновский муниципальный округ,1561,2018,9999,MATCHED
Лунинский муниципальный район,1750,2018,9999,MATCHED
Лухский муниципальный район,1122,2018,9999,MATCHED
Лысковский муниципальный округ,1562,2018,9999,MATCHED
Лысогорский муниципальный район,1933,2018,9999,MATCHED
Любимский муниципальный район,2326,2018,9999,MATCHED
Любинский муниципальный район,1643,2018,9999,MATCHED
Любытинский муниципальный район,1582,2018,9999,MATCHED
Людиновский муниципальный район,1211,2018,9999,MATCHED
Лямбирский муниципальный район,301,2018,9999,MATCHED
Магдагачинский муниципальный район,878,2018,9999,MATCHED
Мазановский муниципальный район,879,2018,9999,MATCHED
Майкопский муниципальный район,6,2018,9999,MATCHED
Майминский муниципальный район,12,2018,9999,MATCHED
Майнский муниципальный район,2260,2018,9999,MATCHED
Майский муниципальный район,173,2018,9999,MATCHED
Макарьевский муниципальный район,1317,2018,9999,MATCHED
Малмыжский муниципальный район,1280,2018,9999,MATCHED
Малоархангельский муниципальный район,1722,2018,9999,MATCHED
Маловишерский муниципальный район,1583,2018,9999,MATCHED
Малодербетовский муниципальный район,185,2018,9999,MATCHED
Малосердобинский муниципальный район,1751,2018,9999,MATCHED
Малоярославецкий муниципальный район,1212,2018,9999,MATCHED
Мамадышский муниципальный район,381,2018,9999,MATCHED
Мамонтовский муниципальный район,539,2018,9999,MATCHED
Манский муниципальный район,706,2018,9999,MATCHED
Мантуровский муниципальный округ,2618,2019,9999,MATCHED
Мари-Турекский муниципальный район,277,2018,9999,MATCHED
Мариинский муниципальный округ,1246,2018,9999,MATCHED
Мариинско-Посадский муниципальный округ,493,2018,9999,MATCHED
Марксовский муниципальный район,1934,2018,9999,MATCHED
Марьяновский муниципальный район,1644,2018,9999,MATCHED
Маслянинский муниципальный район,1618,2018,9999,MATCHED
Матвеевский муниципальный район,1691,2018,9999,MATCHED
Мегино-Кангаласский муниципальный район,326,2018,9999,MATCHED
Медведевский муниципальный район,278,2018,9999,MATCHED
Медвежьегорский муниципальный район,214,2018,9999,MATCHED
Медынский муниципальный район,1213,2018,9999,MATCHED
Междуреченский муниципальный округ,1060,2018,9999,MATCHED
Межевской муниципальный округ,1319,2018,9999,MATCHED
Мезенский муниципальный округ,907,2018,9999,MATCHED
Меленковский муниципальный район,999,2018,9999,MATCHED
Мелеузовский муниципальный район,66,2018,9999,MATCHED
Менделеевский муниципальный район,382,2018,9999,MATCHED
Мензелинский муниципальный район,383,2018,9999,MATCHED
Мечетлинский муниципальный район,67,2018,9999,MATCHED
Мещовский муниципальный район,1214,2018,9999,MATCHED
Милославский муниципальный район,1855,2018,9999,MATCHED
Мильковский муниципальный округ,613,2018,9999,MATCHED
Минераловодский муниципальный округ,819,2018,9999,MATCHED
Мирнинский муниципальный район,327,2018,9999,MATCHED
Мишкинский муниципальный округ,1346,2018,9999,MATCHED
Мишкинский муниципальный район,68,2018,9999,MATCHED
Миякинский муниципальный район,69,2018,9999,MATCHED
Могойтуйский муниципальный район,607,2018,9999,MATCHED
Могочинский муниципальный округ,588,2018,9999,MATCHED
Моздокский муниципальный район,351,2018,9999,MATCHED
Мокроусовский муниципальный округ,1347,2018,9999,MATCHED
Мокшанский муниципальный район,1752,2018,9999,MATCHED
Молчановский муниципальный район,2157,2018,9999,MATCHED
Монастырщинский муниципальный район,2057,2018,9999,MATCHED
Моргаушский муниципальный округ,494,2018,9999,MATCHED
Мордовский муниципальный округ,2085,2018,9999,MATCHED
Моркинский муниципальный район,279,2018,9999,MATCHED
Мосальский муниципальный район,1215,2018,9999,MATCHED
Москаленский муниципальный район,1645,2018,9999,MATCHED
Мотыгинский муниципальный район,708,2018,9999,MATCHED
Мошковский муниципальный район,1619,2018,9999,MATCHED
Муезерский муниципальный район,215,2018,9999,MATCHED
Муромцевский муниципальный район,1646,2018,9999,MATCHED
Муслюмовский муниципальный район,384,2018,9999,MATCHED
Мучкапский муниципальный округ,2087,2018,9999,MATCHED
Мышкинский муниципальный район,2327,2018,9999,MATCHED
Нагайбакский муниципальный район,2307,2018,9999,MATCHED
Нагорский муниципальный район,1282,2018,9999,MATCHED
Надеждинский муниципальный район,794,2018,9999,MATCHED
Называевский муниципальный район,1647,2018,9999,MATCHED
Намский муниципальный район,329,2018,9999,MATCHED
Нанайский муниципальный район,852,2018,9999,MATCHED
Наримановский муниципальный район,927,2018,9999,MATCHED
Наровчатский муниципальный район,1753,2018,9999,MATCHED
Неверкинский муниципальный район,1754,2018,9999,MATCHED
Нейский муниципальный округ,1320,2018,9999,MATCHED
Некоузский муниципальный район,2328,2018,9999,MATCHED
Некрасовский муниципальный район,2329,2018,9999,MATCHED
Немецкий национальный муниципальный район,572,2018,9999,MATCHED
Нерчинский муниципальный район,589,2018,9999,MATCHED
Нерюнгринский муниципальный район,330,2018,9999,MATCHED
Нефтегорский муниципальный район,1900,2018,9999,MATCHED
Нефтекумский муниципальный округ,821,2018,9999,MATCHED
Нефтеюганский муниципальный район,2232,2018,9999,MATCHED
Нехаевский муниципальный район,1029,2018,9999,MATCHED
Нижневартовский муниципальный район,2233,2018,9999,MATCHED
Нижнеилимский муниципальный район,1157,2018,9999,MATCHED
Нижнеингашский муниципальный район,710,2018,9999,MATCHED
Нижнекамский муниципальный район,385,2018,9999,MATCHED
Нижнеколымский муниципальный район,331,2018,9999,MATCHED
Нижнеломовский муниципальный район,1755,2018,9999,MATCHED
Нижнеомский муниципальный район,1648,2018,9999,MATCHED
Нижнесергинский муниципальный район,2042,2018,9999,MATCHED
Нижнетавдинский муниципальный район,2205,2018,9999,MATCHED
Нижнеудинский муниципальный район,1158,2018,9999,MATCHED
Никифоровский муниципальный округ,2088,2018,9999,MATCHED
Никольский муниципальный округ,1061,2018,9999,MATCHED
Никольский муниципальный район,1756,2018,9999,MATCHED
Новгородский муниципальный район,1586,2018,9999,MATCHED
Новичихинский муниципальный район,541,2018,9999,MATCHED
Новоалександровский муниципальный округ,822,2018,9999,MATCHED
Новоаннинский муниципальный район,1031,2018,9999,MATCHED
Новобурасский муниципальный район,1935,2018,9999,MATCHED
Нововаршавский муниципальный район,1649,2018,9999,MATCHED
Новодеревеньковский муниципальный район,1724,2018,9999,MATCHED
Новодугинский муниципальный район,2058,2018,9999,MATCHED
Новониколаевский муниципальный район,1032,2018,9999,MATCHED
Новоорский муниципальный район,1692,2018,9999,MATCHED
Новоселицкий муниципальный округ,836,2018,9999,MATCHED
Новоселовский муниципальный район,711,2018,9999,MATCHED
Новосергиевский муниципальный район,1693,2018,9999,MATCHED
Новосибирский муниципальный район,1620,2018,9999,MATCHED
Новосильский муниципальный район,1725,2018,9999,MATCHED
Новосокольнический муниципальный район,1776,2018,9999,MATCHED
Новоспасский муниципальный район,2264,2018,9999,MATCHED
Новоторъяльский муниципальный район,280,2018,9999,MATCHED
Новоузенский муниципальный район,1936,2018,9999,MATCHED
Новошешминский муниципальный район,386,2018,9999,MATCHED
Нолинский муниципальный район,1284,2018,9999,MATCHED
Нукутский муниципальный район,1173,2018,9999,MATCHED
Нуримановский муниципальный район,70,2018,9999,MATCHED
Нурлатский муниципальный район,387,2018,9999,MATCHED
Нюксенский муниципальный округ,1062,2018,9999,MATCHED
Нюрбинский муниципальный район,324,2018,9999,MATCHED
Нязепетровский муниципальный район,2308,2018,9999,MATCHED
Няндомский муниципальный округ,908,2018,9999,MATCHED
Облученский муниципальный район,2341,2018,9999,MATCHED
Одесский муниципальный район,1650,2018,9999,MATCHED
Одоевский муниципальный район,2182,2018,9999,MATCHED
Озинский муниципальный район,1937,2018,9999,MATCHED
Оймяконский муниципальный район,332,2018,9999,MATCHED
Оконешниковский муниципальный район,1651,2018,9999,MATCHED
Октябрьский муниципальный округ,795,2018,9999,MATCHED
Окуловский муниципальный район,1587,2018,9999,MATCHED
Олекминский муниципальный район,333,2018,9999,MATCHED
Оленекский эвенкийский национальный муниципальный район,334,2018,9999,MATCHED
Оловяннинский муниципальный район,591,2018,9999,MATCHED
Олонецкий муниципальный район,216,2018,9999,MATCHED
Ольгинский муниципальный округ,796,2018,9999,MATCHED
Ольховский муниципальный район,1034,2018,9999,MATCHED
Ольхонский муниципальный район,1159,2018,9999,MATCHED
Олюторский муниципальный район,619,2018,9999,MATCHED
Омский муниципальный район,1652,2018,9999,MATCHED
Омутинский муниципальный район,2206,2018,9999,MATCHED
Омутнинский муниципальный район,1285,2018,9999,MATCHED
Онгудайский муниципальный район,13,2018,9999,MATCHED
Онежский муниципальный район,909,2018,9999,MATCHED
Ононский муниципальный округ,592,2018,9999,MATCHED
Орджоникидзевский муниципальный район,457,2018,9999,MATCHED
Ордынский муниципальный район,1621,2018,9999,MATCHED
Оричевский муниципальный район,1287,2018,9999,MATCHED
Орловский муниципальный район,1288,2018,9999,MATCHED
Оршанский муниципальный район,281,2018,9999,MATCHED
Осинский муниципальный район,1174,2018,9999,MATCHED
Островский муниципальный округ,1323,2018,9999,MATCHED
Островский муниципальный район,1778,2018,9999,MATCHED
Охотский муниципальный округ,854,2018,9999,MATCHED
Павинский муниципальный округ,1324,2018,9999,MATCHED
Павловский муниципальный округ,1563,2018,9999,MATCHED
Павлоградский муниципальный район,1653,2018,9999,MATCHED
Палехский муниципальный район,1123,2018,9999,MATCHED
Палласовский муниципальный район,1035,2018,9999,MATCHED
Панкрушихинский муниципальный район,544,2018,9999,MATCHED
Парабельский муниципальный район,2158,2018,9999,MATCHED
Параньгинский муниципальный район,282,2018,9999,MATCHED
Партизанский муниципальный округ,797,2018,9999,MATCHED
Партизанский муниципальный район,712,2018,9999,MATCHED
Парфеньевский муниципальный округ,1325,2018,9999,MATCHED
Парфинский муниципальный район,1588,2018,9999,MATCHED
Пачелмский муниципальный район,1757,2018,9999,MATCHED
Пензенский муниципальный район,1758,2018,9999,MATCHED
Первомайский муниципальный округ,2089,2018,9999,MATCHED
Переволоцкий муниципальный район,1697,2018,9999,MATCHED
Перелюбский муниципальный район,1938,2018,9999,MATCHED
Пестравский муниципальный район,1901,2018,9999,MATCHED
Пестречинский муниципальный район,388,2018,9999,MATCHED
Пестяковский муниципальный район,1124,2018,9999,MATCHED
Петровск-Забайкальский муниципальный район,593,2018,9999,MATCHED
Петровский муниципальный район,1939,2018,9999,MATCHED
Петропавловский муниципальный район,546,2018,9999,MATCHED
Петуховский муниципальный округ,1348,2018,9999,MATCHED
Петушинский муниципальный район,1001,2018,9999,MATCHED
Печенгский муниципальный округ,1521,2018,9999,MATCHED
Пий-Хемский муниципальный район,408,2018,9999,MATCHED
Пильнинский муниципальный округ,1564,2018,9999,MATCHED
Пировский муниципальный округ,713,2018,9999,MATCHED
Пителинский муниципальный район,1858,2018,9999,MATCHED
Питерский муниципальный район,1940,2018,9999,MATCHED
Питкярантский муниципальный округ,217,2018,9999,MATCHED
Пичаевский муниципальный округ,2091,2018,9999,MATCHED
Плавский муниципальный район,2183,2018,9999,MATCHED
Пластовский муниципальный район,2310,2018,9999,MATCHED
Плесецкий муниципальный округ,911,2018,9999,MATCHED
Плюсский муниципальный район,1781,2018,9999,MATCHED
Пограничный муниципальный округ,798,2018,9999,MATCHED
Поддорский муниципальный район,1590,2018,9999,MATCHED
Подосиновский муниципальный район,1290,2018,9999,MATCHED
Подпорожский муниципальный район,1404,2018,9999,MATCHED
Пожарский муниципальный округ,799,2018,9999,MATCHED
Покровский муниципальный район,1727,2018,9999,MATCHED
Половинский муниципальный округ,1349,2018,9999,MATCHED
Полтавский муниципальный район,1654,2018,9999,MATCHED
Поназыревский муниципальный округ,1326,2018,9999,MATCHED
Пономарёвский муниципальный район,1698,2018,9999,MATCHED
Порецкий муниципальный округ,495,2018,9999,MATCHED
Порховский муниципальный район,1782,2018,9999,MATCHED
Поспелихинский муниципальный район,547,2018,9999,MATCHED
Похвистневский муниципальный район,1902,2018,9999,MATCHED
Починковский муниципальный округ,1565,2018,9999,MATCHED
Починковский муниципальный район,2059,2018,9999,MATCHED
Пошехонский муниципальный район,2332,2018,9999,MATCHED
Правобережный муниципальный район,352,2018,9999,MATCHED
Предгорный муниципальный округ,2881,2022,9999,MATCHED
Приаргунский муниципальный округ,594,2018,9999,MATCHED
Прилузский муниципальный район,235,2018,9999,MATCHED
Приморский муниципальный округ,912,2018,9999,MATCHED
Приозерский муниципальный район,1405,2018,9999,MATCHED
Прионежский муниципальный район,218,2018,9999,MATCHED
Притобольный муниципальный округ,1350,2018,9999,MATCHED
Прокопьевский муниципальный округ,3007,2023,9999,MATCHED
Промышленновский муниципальный округ,1249,2018,9999,MATCHED
Пронский муниципальный район,1859,2018,9999,MATCHED
Пряжинский муниципальный район,219,2018,9999,MATCHED
Псковский муниципальный район,1783,2018,9999,MATCHED
Пугачевский муниципальный район,1941,2018,9999,MATCHED
Пудожский муниципальный район,220,2018,9999,MATCHED
Пустошкинский муниципальный район,1784,2018,9999,MATCHED
Путятинский муниципальный округ,1860,2018,9999,MATCHED
Пучежский муниципальный район,1126,2018,9999,MATCHED
Пушкиногорский муниципальный район,1785,2018,9999,MATCHED
Пыщугский муниципальный округ,1327,2018,9999,MATCHED
Радищевский муниципальный район,2266,2018,9999,MATCHED
Ребрихинский муниципальный район,548,2018,9999,MATCHED
Ржаксинский муниципальный округ,2093,2018,9999,MATCHED
Ровенский муниципальный район,1942,2018,9999,MATCHED
Родинский муниципальный район,549,2018,9999,MATCHED
Родниковский муниципальный район,1127,2018,9999,MATCHED
Ромненский муниципальный округ,882,2018,9999,MATCHED
Ромодановский муниципальный район,302,2018,9999,MATCHED
Рославльский муниципальный район,2060,2018,9999,MATCHED
Ростовский муниципальный район,2333,2018,9999,MATCHED
Ртищевский муниципальный район,1944,2018,9999,MATCHED
Рузаевский муниципальный район,303,2018,9999,MATCHED
Русско-Полянский муниципальный район,1655,2018,9999,MATCHED
Рыбновский муниципальный район,1861,2018,9999,MATCHED
Ряжский муниципальный округ,1862,2018,9999,MATCHED
Рязанский муниципальный район,1863,2018,9999,MATCHED
Сабинский муниципальный район,390,2018,9999,MATCHED
Савинский муниципальный район,1128,2018,9999,MATCHED
Сакмарский муниципальный район,1699,2018,9999,MATCHED
Салаватский муниципальный район,71,2018,9999,MATCHED
Самойловский муниципальный район,1945,2018,9999,MATCHED
Сампурский муниципальный округ,2094,2018,9999,MATCHED
Сапожковский муниципальный район,1864,2018,9999,MATCHED
Сараевский муниципальный район,1865,2018,9999,MATCHED
Саракташский муниципальный район,1700,2018,9999,MATCHED
Саргатский муниципальный район,1656,2018,9999,MATCHED
Сармановский муниципальный район,391,2018,9999,MATCHED
Сарпинский муниципальный район,188,2018,9999,MATCHED
Саткинский муниципальный район,2311,2018,9999,MATCHED
Сафакулевский муниципальный округ,1351,2018,9999,MATCHED
Сафоновский муниципальный район,2062,2018,9999,MATCHED
Саянский муниципальный район,715,2018,9999,MATCHED
Свердловский муниципальный район,1728,2018,9999,MATCHED
Светлинский муниципальный район,1701,2018,9999,MATCHED
Светлоярский муниципальный район,1037,2018,9999,MATCHED
Свободненский муниципальный район,883,2018,9999,MATCHED
Себежский муниципальный район,1787,2018,9999,MATCHED
Северо-Енисейский муниципальный район,716,2018,9999,MATCHED
Сегежский муниципальный округ,221,2018,9999,MATCHED
Седельниковский муниципальный район,1657,2018,9999,MATCHED
Селемджинский муниципальный район,884,2018,9999,MATCHED
Селивановский муниципальный район,1002,2018,9999,MATCHED
Сенгилеевский муниципальный район,2267,2018,9999,MATCHED
Серафимовичский муниципальный район,1038,2018,9999,MATCHED
Сергачский муниципальный округ,1566,2018,9999,MATCHED
Сергиевский муниципальный район,1904,2018,9999,MATCHED
Сердобский муниципальный район,1759,2018,9999,MATCHED
Сернурский муниципальный район,283,2018,9999,MATCHED
Серышевский муниципальный округ,885,2018,9999,MATCHED
Сеченовский муниципальный округ,1567,2018,9999,MATCHED
Сковородинский муниципальный округ,886,2018,9999,MATCHED
Сладковский муниципальный район,2207,2018,9999,MATCHED
Сланцевский муниципальный район,1406,2018,9999,MATCHED
Слободо-Туринский муниципальный район,2041,2018,9999,MATCHED
Слободской муниципальный район,1293,2018,9999,MATCHED
Слюдянский муниципальный район,1160,2018,9999,MATCHED
Смидовичский муниципальный район,2343,2018,9999,MATCHED
Собинский муниципальный район,1003,2018,9999,MATCHED
Соболевский муниципальный район,614,2018,9999,MATCHED
Советский муниципальный округ,825,2018,9999,MATCHED
Советско-Гаванский муниципальный район,856,2018,9999,MATCHED
Сокольский муниципальный округ,1063,2018,9999,MATCHED
Солигаличский муниципальный округ,1328,2018,9999,MATCHED
Солнечный муниципальный район,857,2018,9999,MATCHED
Солонешенский муниципальный район,555,2018,9999,MATCHED
Солтонский муниципальный район,556,2018,9999,MATCHED
Сорокинский муниципальный район,2208,2018,9999,MATCHED
Сортавальский муниципальный район,222,2018,9999,MATCHED
Сосновоборский муниципальный район,1760,2018,9999,MATCHED
Сосновский муниципальный район,2312,2018,9999,MATCHED
Спас-Деменский муниципальный район,1217,2018,9999,MATCHED
Спасский муниципальный округ,1569,2018,9999,MATCHED
Среднеахтубинский муниципальный район,1039,2018,9999,MATCHED
Среднеколымский муниципальный район,335,2018,9999,MATCHED
Сретенский муниципальный район,595,2018,9999,MATCHED
Ставропольский муниципальный район,1905,2018,9999,MATCHED
Становлянский муниципальный район,1425,2018,9999,MATCHED
Старожиловский муниципальный район,1869,2018,9999,MATCHED
Старокулаткинский муниципальный район,2268,2018,9999,MATCHED
Старомайнский муниципальный район,2269,2018,9999,MATCHED
Старополтавский муниципальный район,1040,2018,9999,MATCHED
Старорусский муниципальный район,1592,2018,9999,MATCHED
Старошайговский муниципальный район,304,2018,9999,MATCHED
Староюрьевский муниципальный округ,2096,2018,9999,MATCHED
Степновский муниципальный округ,838,2018,9999,MATCHED
Стерлибашевский муниципальный район,72,2018,9999,MATCHED
Стерлитамакский муниципальный район,73,2018,9999,MATCHED
Суворовский муниципальный район,2184,2018,9999,MATCHED
Судиславский муниципальный район,1329,2018,9999,MATCHED
Судогодский муниципальный район,1004,2018,9999,MATCHED
Суздальский муниципальный район,1005,2018,9999,MATCHED
Сузунский муниципальный район,1623,2018,9999,MATCHED
Сунский муниципальный район,1295,2018,9999,MATCHED
Сунтарский муниципальный район,336,2018,9999,MATCHED
Суоярвский муниципальный округ,223,2018,9999,MATCHED
Сургутский муниципальный район,2236,2018,9999,MATCHED
Суровикинский муниципальный район,1041,2018,9999,MATCHED
Сурский муниципальный район,2270,2018,9999,MATCHED
Сусанинский муниципальный район,1330,2018,9999,MATCHED
Сухиничский муниципальный район,1218,2018,9999,MATCHED
Сухобузимский муниципальный район,717,2018,9999,MATCHED
Сызранский муниципальный район,1906,2018,9999,MATCHED
Сыктывдинский муниципальный район,237,2018,9999,MATCHED
Сысольский муниципальный район,238,2018,9999,MATCHED
Сычевский муниципальный район,2064,2018,9999,MATCHED
Сямженский муниципальный округ,1064,2018,9999,MATCHED
Таборинский муниципальный район,2043,2018,9999,MATCHED
Табунский муниципальный район,558,2018,9999,MATCHED
Таврический муниципальный район,1658,2018,9999,MATCHED
Таймырский Долгано-Ненецкий муниципальный район,718,2018,9999,MATCHED
Тайшетский муниципальный район,1161,2018,9999,MATCHED
Тальменский муниципальный район,559,2018,9999,MATCHED
Тамалинский муниципальный район,1762,2018,9999,MATCHED
Тандинский муниципальный район,410,2018,9999,MATCHED
Тарногский муниципальный округ,1065,2018,9999,MATCHED
Тарский муниципальный район,1659,2018,9999,MATCHED
Тарусский муниципальный район,1219,2018,9999,MATCHED
Тасеевский муниципальный район,719,2018,9999,MATCHED
Татарский муниципальный район,1624,2018,9999,MATCHED
Татищевский муниципальный район,1948,2018,9999,MATCHED
Таттинский муниципальный район,337,2018,9999,MATCHED
Татышлинский муниципальный район,74,2018,9999,MATCHED
Тахтамукайский муниципальный район,7,2018,9999,MATCHED
Ташлинский муниципальный район,1703,2018,9999,MATCHED
Таштагольский муниципальный район,1250,2018,9999,MATCHED
Таштыпский муниципальный район,458,2018,9999,MATCHED
Тевризский муниципальный район,1660,2018,9999,MATCHED
Тегульдетский муниципальный район,2160,2018,9999,MATCHED
Тейковский муниципальный район,1129,2018,9999,MATCHED
Темкинский муниципальный район,2065,2018,9999,MATCHED
Темниковский муниципальный район,305,2018,9999,MATCHED
Теньгушевский муниципальный район,306,2018,9999,MATCHED
Тепло-Огаревский муниципальный район,2185,2018,9999,MATCHED
Тербунский муниципальный район,1426,2018,9999,MATCHED
Тереньгульский муниципальный район,2271,2018,9999,MATCHED
Тернейский муниципальный округ,801,2018,9999,MATCHED
Тетюшский муниципальный район,393,2018,9999,MATCHED
Теучежский муниципальный район,8,2018,9999,MATCHED
Тигильский муниципальный район,621,2018,9999,MATCHED
Тисульский муниципальный округ,1251,2018,9999,MATCHED
Тихвинский муниципальный район,1407,2018,9999,MATCHED
Тогульский муниципальный район,560,2018,9999,MATCHED
Тогучинский муниципальный район,1625,2018,9999,MATCHED
Тоджинский муниципальный район,413,2018,9999,MATCHED
Токарёвский муниципальный округ,2098,2018,9999,MATCHED
Томпонский муниципальный район,338,2018,9999,MATCHED
Томский муниципальный район,2161,2018,9999,MATCHED
Тонкинский муниципальный округ,1570,2018,9999,MATCHED
Тоншаевский муниципальный округ,1571,2018,9999,MATCHED
Топкинский муниципальный округ,1252,2018,9999,MATCHED
Топчихинский муниципальный район,561,2018,9999,MATCHED
Торбеевский муниципальный район,307,2018,9999,MATCHED
Тосненский муниципальный район,1408,2018,9999,MATCHED
Тотемский муниципальный округ,1066,2018,9999,MATCHED
Тоцкий муниципальный район,1704,2018,9999,MATCHED
Третьяковский муниципальный район,562,2018,9999,MATCHED
Троицкий муниципальный район,563,2018,9999,MATCHED
Троицко-Печорский муниципальный район,239,2018,9999,MATCHED
Троснянский муниципальный район,1730,2018,9999,MATCHED
Труновский муниципальный округ,839,2018,9999,MATCHED
Тужинский муниципальный район,1296,2018,9999,MATCHED
Туймазинский муниципальный район,75,2018,9999,MATCHED
Туркменский муниципальный округ,840,2018,9999,MATCHED
Турковский муниципальный район,1949,2018,9999,MATCHED
Турочакский муниципальный район,14,2018,9999,MATCHED
Туруханский муниципальный район,720,2018,9999,MATCHED
Тутаевский муниципальный район,2335,2018,9999,MATCHED
Тындинский муниципальный округ,888,2018,9999,MATCHED
Тюкалинский муниципальный район,1661,2018,9999,MATCHED
Тюльганский муниципальный район,1705,2018,9999,MATCHED
Тюлячинский муниципальный район,395,2018,9999,MATCHED
Тюменский муниципальный район,2210,2018,9999,MATCHED
Тюменцевский муниципальный район,564,2018,9999,MATCHED
Тюхтетский муниципальный округ,721,2018,9999,MATCHED
Тяжинский муниципальный округ,1253,2018,9999,MATCHED
Убинский муниципальный район,1626,2018,9999,MATCHED
Уватский муниципальный район,2211,2018,9999,MATCHED
Увельский муниципальный район,2314,2018,9999,MATCHED
Угличский муниципальный район,2336,2018,9999,MATCHED
Угловский муниципальный район,565,2018,9999,MATCHED
Угранский муниципальный район,2066,2018,9999,MATCHED
Удорский муниципальный район,240,2018,9999,MATCHED
Ужурский муниципальный район,722,2018,9999,MATCHED
Узловский муниципальный район,2186,2018,9999,MATCHED
Уйский муниципальный район,2315,2018,9999,MATCHED
Улаганский муниципальный район,15,2018,9999,MATCHED
Улуг-Хемский муниципальный район,414,2018,9999,MATCHED
Ульчский муниципальный район,859,2018,9999,MATCHED
Улётовский муниципальный район,598,2018,9999,MATCHED
Умётский муниципальный округ,2100,2018,9999,MATCHED
Упоровский муниципальный район,2212,2018,9999,MATCHED
Уренский муниципальный округ,1572,2018,9999,MATCHED
Уржумский муниципальный район,1298,2018,9999,MATCHED
Урицкий муниципальный район,1731,2018,9999,MATCHED
Урмарский муниципальный округ,496,2018,9999,MATCHED
Урупский муниципальный район,203,2018,9999,MATCHED
Усманский муниципальный район,1427,2018,9999,MATCHED
Усольский муниципальный район,1163,2018,9999,MATCHED
Усть-Абаканский муниципальный район,459,2018,9999,MATCHED
Усть-Алданский муниципальный район,339,2018,9999,MATCHED
Усть-Большерецкий муниципальный район,615,2018,9999,MATCHED
Усть-Вымский муниципальный район,241,2018,9999,MATCHED
Усть-Джегутинский муниципальный район,204,2018,9999,MATCHED
Усть-Илимский муниципальный район,1164,2018,9999,MATCHED
Усть-Ишимский муниципальный район,1662,2018,9999,MATCHED
Усть-Калманский муниципальный район,566,2018,9999,MATCHED
Усть-Камчатский муниципальный район,616,2018,9999,MATCHED
Усть-Канский муниципальный район,16,2018,9999,MATCHED
Усть-Коксинский муниципальный район,17,2018,9999,MATCHED
Усть-Кубинский муниципальный округ,1067,2018,9999,MATCHED
Усть-Куломский муниципальный район,242,2018,9999,MATCHED
Усть-Кутский муниципальный район,1165,2018,9999,MATCHED
Усть-Майский муниципальный район,340,2018,9999,MATCHED
Усть-Пристанский муниципальный район,567,2018,9999,MATCHED
Усть-Таркский муниципальный район,1627,2018,9999,MATCHED
Усть-Удинский муниципальный район,1166,2018,9999,MATCHED
Усть-Цилемский муниципальный район,243,2018,9999,MATCHED
Усть-Янский муниципальный район,341,2018,9999,MATCHED
Устьянский муниципальный округ,913,2018,9999,MATCHED
Устюженский муниципальный округ,1068,2018,9999,MATCHED
Уфимский муниципальный район,76,2018,9999,MATCHED
Ухоловский муниципальный район,1870,2018,9999,MATCHED
Учалинский муниципальный район,77,2018,9999,MATCHED
Уярский муниципальный район,723,2018,9999,MATCHED
Ферзиковский муниципальный район,1221,2018,9999,MATCHED
Фурмановский муниципальный район,1130,2018,9999,MATCHED
Хабаровский муниципальный район,860,2018,9999,MATCHED
Хабарский муниципальный район,568,2018,9999,MATCHED
Хабезский муниципальный район,205,2018,9999,MATCHED
Хайбуллинский муниципальный район,79,2018,9999,MATCHED
Хангаласский муниципальный район,342,2018,9999,MATCHED
Ханкайский муниципальный округ,802,2018,9999,MATCHED
Ханты-Мансийский муниципальный район,2237,2018,9999,MATCHED
Харабалинский муниципальный район,929,2018,9999,MATCHED
Харовский муниципальный округ,1069,2018,9999,MATCHED
Хасанский муниципальный округ,803,2018,9999,MATCHED
Хвалынский муниципальный район,1951,2018,9999,MATCHED
Хвастовичский муниципальный район,1222,2018,9999,MATCHED
Хворостянский муниципальный район,1907,2018,9999,MATCHED
Хилокский муниципальный район,599,2018,9999,MATCHED
Хиславичский муниципальный район,2067,2018,9999,MATCHED
Хлевенский муниципальный район,1428,2018,9999,MATCHED
Холм-Жирковский муниципальный район,2068,2018,9999,MATCHED
Холмогорский муниципальный округ,914,2018,9999,MATCHED
Холмский муниципальный район,1594,2018,9999,MATCHED
Хорольский муниципальный округ,804,2018,9999,MATCHED
Хотынецкий муниципальный район,1732,2018,9999,MATCHED
Целинный муниципальный округ,1352,2018,9999,MATCHED
Цивильский муниципальный округ,497,2018,9999,MATCHED
Чагодощенский муниципальный округ,1070,2018,9999,MATCHED
Чаинский муниципальный район,2162,2018,9999,MATCHED
Чамзинский муниципальный район,308,2018,9999,MATCHED
Чановский муниципальный район,1628,2018,9999,MATCHED
Чаплыгинский муниципальный район,1429,2018,9999,MATCHED
Частоозерский муниципальный округ,1353,2018,9999,MATCHED
Чебаркульский муниципальный район,2316,2018,9999,MATCHED
Чебоксарский муниципальный округ,498,2018,9999,MATCHED
Чебулинский муниципальный округ,1254,2018,9999,MATCHED
Чеди-Хольский муниципальный район,416,2018,9999,MATCHED
Чекмагушевский муниципальный район,80,2018,9999,MATCHED
Челно-Вершинский муниципальный район,1908,2018,9999,MATCHED
Чемальский муниципальный район,18,2018,9999,MATCHED
Чердаклинский муниципальный район,2274,2018,9999,MATCHED
Черемховский муниципальный район,1167,2018,9999,MATCHED
Черемшанский муниципальный район,396,2018,9999,MATCHED
Черепановский муниципальный район,1629,2018,9999,MATCHED
Череповецкий муниципальный район,1071,2018,9999,MATCHED
Черлакский муниципальный район,1663,2018,9999,MATCHED
Черниговский муниципальный округ,805,2018,9999,MATCHED
Черноярский муниципальный район,930,2018,9999,MATCHED
Чернский муниципальный район,2187,2018,9999,MATCHED
Чернышевский муниципальный район,600,2018,9999,MATCHED
Чернышковский муниципальный район,1044,2018,9999,MATCHED
Чесменский муниципальный район,2317,2018,9999,MATCHED
Чистоозерный муниципальный район,1630,2018,9999,MATCHED
Чистопольский муниципальный район,397,2018,9999,MATCHED
Читинский муниципальный район,601,2018,9999,MATCHED
Чишминский муниципальный район,81,2018,9999,MATCHED
Чойский муниципальный район,19,2018,9999,MATCHED
Чугуевский муниципальный округ,806,2018,9999,MATCHED
Чудовский муниципальный район,1595,2018,9999,MATCHED
Чулымский муниципальный район,1631,2018,9999,MATCHED
Чунский муниципальный район,1168,2018,9999,MATCHED
Чурапчинский муниципальный район,343,2018,9999,MATCHED
Чухломский муниципальный район,1331,2018,9999,MATCHED
Чучковский муниципальный район,1871,2018,9999,MATCHED
Шабалинский муниципальный район,1300,2018,9999,MATCHED
Шаблыкинский муниципальный район,1733,2018,9999,MATCHED
Шарангский муниципальный округ,1573,2018,9999,MATCHED
Шаранский муниципальный район,82,2018,9999,MATCHED
Шарлыкский муниципальный район,1706,2018,9999,MATCHED
Шатковский муниципальный округ,1574,2018,9999,MATCHED
Шатровский муниципальный округ,1355,2018,9999,MATCHED
Шацкий муниципальный район,1872,2018,9999,MATCHED
Шебалинский муниципальный район,20,2018,9999,MATCHED
Шегарский муниципальный район,2163,2018,9999,MATCHED
Шекснинский муниципальный район,1072,2018,9999,MATCHED
Шелаболихинский муниципальный район,557,2018,9999,MATCHED
Шелеховский муниципальный район,1169,2018,9999,MATCHED
Шелопугинский муниципальный район,602,2018,9999,MATCHED
Шемуршинский муниципальный округ,499,2018,9999,MATCHED
Шенкурский муниципальный округ,915,2018,9999,MATCHED
Шенталинский муниципальный район,1909,2018,9999,MATCHED
Шербакульский муниципальный район,1664,2018,9999,MATCHED
Шигонский муниципальный район,1910,2018,9999,MATCHED
Шилкинский муниципальный район,603,2018,9999,MATCHED
Шиловский муниципальный район,1873,2018,9999,MATCHED
Шимановский муниципальный округ,889,2018,9999,MATCHED
Шимский муниципальный район,1596,2018,9999,MATCHED
Шипуновский муниципальный район,571,2018,9999,MATCHED
Ширинский муниципальный район,460,2018,9999,MATCHED
Шкотовский муниципальный округ,807,2018,9999,MATCHED
Шовгеновский муниципальный район,9,2018,9999,MATCHED
Шпаковский муниципальный округ,841,2018,9999,MATCHED
Шуйский муниципальный район,1131,2018,9999,MATCHED
Шумячский муниципальный район,2069,2018,9999,MATCHED
Шушенский муниципальный район,725,2018,9999,MATCHED
Щекинский муниципальный район,2188,2018,9999,MATCHED
Щучанский муниципальный округ,1357,2018,9999,MATCHED
Эвенкийский муниципальный район,726,2018,9999,MATCHED
Энгельсский муниципальный район,1952,2018,9999,MATCHED
Эхирит-Булагатский муниципальный район,1175,2018,9999,MATCHED
Южский муниципальный район,1132,2018,9999,MATCHED
Юргамышский муниципальный округ,1358,2018,9999,MATCHED
Юргинский муниципальный район,2213,2018,9999,MATCHED
Юринский муниципальный район,285,2018,9999,MATCHED
Юрьев-Польский муниципальный район,1006,2018,9999,MATCHED
Юрьевецкий муниципальный район,1133,2018,9999,MATCHED
Юрьянский муниципальный район,1301,2018,9999,MATCHED
Юстинский муниципальный район,191,2018,9999,MATCHED
Ютазинский муниципальный район,398,2018,9999,MATCHED
Юхновский муниципальный район,1223,2018,9999,MATCHED
Ядринский муниципальный округ,501,2018,9999,MATCHED
Яйский муниципальный округ,1256,2018,9999,MATCHED
Яковлевский муниципальный округ,808,2018,9999,MATCHED
Яльчикский муниципальный округ,502,2018,9999,MATCHED
Янаульский муниципальный район,83,2018,9999,MATCHED
Янтиковский муниципальный округ,503,2018,9999,MATCHED
Яранский муниципальный район,1302,2018,9999,MATCHED
Ярковский муниципальный район,2215,2018,9999,MATCHED
Ярославский муниципальный район,2337,2018,9999,MATCHED
Ярцевский муниципальный район,2070,2018,9999,MATCHED
Ясногорский муниципальный район,2189,2018,9999,MATCHED
Яшкинский муниципальный округ,1257,2018,9999,MATCHED
внутригородская территория города федерального значения город Зеленогорск,2411,2018,9999,MATCHED
внутригородская территория города федерального значения город Колпино,2392,2018,9999,MATCHED
внутригородская территория города федерального значения город Красное Село,2403,2018,9999,MATCHED
внутригородская территория города федерального значения город Кронштадт,2410,2018,9999,MATCHED
внутригородская территория города федерального значения город Ломоносов,2422,2018,9999,MATCHED
внутригородская территория города федерального значения город Павловск,2437,2018,9999,MATCHED
внутригородская территория города федерального значения город Петергоф,2445,2018,9999,MATCHED
внутригородская территория города федерального значения город Пушкин,2447,2018,9999,MATCHED
внутригородская территория города федерального значения город Сестрорецк,2412,2018,9999,MATCHED
внутригородская территория города федерального значения городской округ Троицк,2587,2018,9999,MATCHED
внутригородская территория города федерального значения городской округ Щербинка,2588,2018,9999,MATCHED
внутригородская территория города федерального значения муниципальное образование Савелки,2538,2018,9999,MATCHED
внутригородская территория города федерального значения муниципальный округ Автово,2388,2018,9999,MATCHED
внутригородская территория города федерального значения муниципальный округ Адмиралтейский округ,2353,2018,9999,MATCHED
внутригородская территория города федерального значения муниципальный округ Академический,2558,2018,9999,MATCHED
внутригородская территория города федерального значения муниципальный округ Академическое,2379,2018,9999,MATCHED
внутригородская территория города федерального значения муниципальный округ Алексеевский,2510,2018,9999,MATCHED
внутригородская территория города федерального значения муниципальный округ Алтуфьевский,2511,2018,9999,MATCHED
внутригородская территория города федерального значения муниципальный округ Аптекарский остров,2442,2018,9999,MATCHED
внутригородская территория города федерального значения муниципальный округ Арбат,2535,2018,9999,MATCHED
внутригородская территория города федерального значения муниципальный округ Аэропорт,2494,2018,9999,MATCHED
внутригородская территория города федерального значения муниципальный округ Бабушкинский,2512,2018,9999,MATCHED
внутригородская территория города федерального значения муниципальный округ Балканский,2455,2018,9999,MATCHED
внутригородская территория города федерального значения муниципальный округ Басманный,2536,2018,9999,MATCHED
внутригородская территория города федерального значения муниципальный округ Беговой,2495,2018,9999,MATCHED
внутригородская территория города федерального значения муниципальный округ Бескудниковский,2496,2018,9999,MATCHED
внутригородская территория города федерального значения муниципальный округ Бибирево,2513,2018,9999,MATCHED
внутригородская территория города федерального значения муниципальный округ Бирюлево Восточное,2570,2018,9999,MATCHED
внутригородская территория города федерального значения муниципальный округ Бирюлево Западное,2571,2018,9999,MATCHED
внутригородская территория города федерального значения муниципальный округ Богородское,2462,2018,9999,MATCHED
внутригородская территория города федерального значения муниципальный округ Большая Охта,2399,2018,9999,MATCHED
внутригородская территория города федерального значения муниципальный округ Братеево,2572,2018,9999,MATCHED
внутригородская территория города федерального значения муниципальный округ Бутырский,2514,2018,9999,MATCHED
внутригородская территория города федерального значения муниципальный округ Васильевский,2358,2018,9999,MATCHED
внутригородская территория города федерального значения муниципальный округ Введенский,2439,2018,9999,MATCHED
внутригородская территория города федерального значения муниципальный округ Вешняки,2463,2018,9999,MATCHED
внутригородская территория города федерального значения муниципальный округ Владимирский округ,2461,2018,9999,MATCHED
внутригородская территория города федерального значения муниципальный округ Внуково,2478,2018,9999,MATCHED
внутригородская территория города федерального значения муниципальный округ Войковский,2497,2018,9999,MATCHED
внутригородская территория города федерального значения муниципальный округ Волковское,2450,2018,9999,MATCHED
внутригородская территория города федерального значения муниципальный округ Восточное Дегунино,2498,2018,9999,MATCHED
внутригородская территория города федерального значения муниципальный округ Восточное Измайлово,2464,2018,9999,MATCHED
внутригородская территория города федерального значения муниципальный округ Восточный,2465,2018,9999,MATCHED
внутригородская территория города федерального значения муниципальный округ Выхино-Жулебино,2546,2018,9999,MATCHED
внутригородская территория города федерального значения муниципальный округ Гавань,2359,2018,9999,MATCHED
внутригородская территория города федерального значения муниципальный округ Гагаринский,2559,2018,9999,MATCHED
внутригородская территория города федерального значения муниципальный округ Гагаринское,2424,2018,9999,MATCHED
внутригородская территория города федерального значения муниципальный округ Георгиевский,2453,2018,9999,MATCHED
внутригородская территория города федерального значения муниципальный округ Головинский,2499,2018,9999,MATCHED
внутригородская территория города федерального значения муниципальный округ Гольяново,2466,2018,9999,MATCHED
внутригородская территория города федерального значения муниципальный округ Горелово,2409,2018,9999,MATCHED
внутригородская территория города федерального значения муниципальный округ Гражданка,2378,2018,9999,MATCHED
внутригородская территория города федерального значения муниципальный округ Даниловский,2573,2018,9999,MATCHED
внутригородская территория города федерального значения муниципальный округ Дачное,2387,2018,9999,MATCHED
внутригородская территория города федерального значения муниципальный округ Дворцовый округ,2456,2018,9999,MATCHED
внутригородская территория города федерального значения муниципальный округ Дмитровский,2500,2018,9999,MATCHED
внутригородская территория города федерального значения муниципальный округ Донской,2574,2018,9999,MATCHED
внутригородская территория города федерального значения муниципальный округ Дорогомилово,2479,2018,9999,MATCHED
внутригородская территория города федерального значения муниципальный округ Екатерингофский,2356,2018,9999,MATCHED
внутригородская территория города федерального значения муниципальный округ Замоскворечье,2537,2018,9999,MATCHED
внутригородская территория города федерального значения муниципальный округ Западное Дегунино,2501,2018,9999,MATCHED
внутригородская территория города федерального значения муниципальный округ Звездное,2427,2018,9999,MATCHED
внутригородская территория города федерального значения муниципальный округ Зюзино,2560,2018,9999,MATCHED
внутригородская территория города федерального значения муниципальный округ Зябликово,2575,2018,9999,MATCHED
внутригородская территория города федерального значения муниципальный округ Ивановский,2429,2018,9999,MATCHED
внутригородская территория города федерального значения муниципальный округ Ивановское,2467,2018,9999,MATCHED
внутригородская территория города федерального значения муниципальный округ Измайлово,2468,2018,9999,MATCHED
внутригородская территория города федерального значения муниципальный округ Измайловское,2355,2018,9999,MATCHED
внутригородская территория города федерального значения муниципальный округ Капотня,2547,2018,9999,MATCHED
внутригородская территория города федерального значения муниципальный округ Княжево,2385,2018,9999,MATCHED
внутригородская территория города федерального значения муниципальный округ Коломна,2351,2018,9999,MATCHED
внутригородская территория города федерального значения муниципальный округ Коломяги,2377,2018,9999,MATCHED
внутригородская территория города федерального значения муниципальный округ Комендантский аэродром,2374,2018,9999,MATCHED
внутригородская территория города федерального значения муниципальный округ Константиновское,2408,2018,9999,MATCHED
внутригородская территория города федерального значения муниципальный округ Коньково,2561,2018,9999,MATCHED
внутригородская территория города федерального значения муниципальный округ Коптево,2502,2018,9999,MATCHED
внутригородская территория города федерального значения муниципальный округ Косино-Ухтомский,2469,2018,9999,MATCHED
внутригородская территория города федерального значения муниципальный округ Котловка,2562,2018,9999,MATCHED
внутригородская территория города федерального значения муниципальный округ Красненькая речка,2390,2018,9999,MATCHED
внутригородская территория города федерального значения муниципальный округ Красносельский,2539,2018,9999,MATCHED
внутригородская территория города федерального значения муниципальный округ Кронверкское,2440,2018,9999,MATCHED
внутригородская территория города федерального значения муниципальный округ Крылатское,2480,2018,9999,MATCHED
внутригородская территория города федерального значения муниципальный округ Крюково,2491,2018,9999,MATCHED
внутригородская территория города федерального значения муниципальный округ Кузьминки,2548,2018,9999,MATCHED
внутригородская территория города федерального значения муниципальный округ Кунцево,2481,2018,9999,MATCHED
внутригородская территория города федерального значения муниципальный округ Купчино,2452,2018,9999,MATCHED
внутригородская территория города федерального значения муниципальный округ Куркино,2527,2018,9999,MATCHED
внутригородская территория города федерального значения муниципальный округ Ланское,2373,2018,9999,MATCHED
внутригородская территория города федерального значения муниципальный округ Лахта-Ольгино,2371,2018,9999,MATCHED
внутригородская территория города федерального значения муниципальный округ Левобережный,2503,2018,9999,MATCHED
внутригородская территория города федерального значения муниципальный округ Лефортово,2549,2018,9999,MATCHED
внутригородская территория города федерального значения муниципальный округ Лианозово,2515,2018,9999,MATCHED
внутригородская территория города федерального значения муниципальный округ Лиговка-Ямская,2460,2018,9999,MATCHED
внутригородская территория города федерального значения муниципальный округ Литейный округ,2458,2018,9999,MATCHED
внутригородская территория города федерального значения муниципальный округ Ломоносовский,2563,2018,9999,MATCHED
внутригородская территория города федерального значения муниципальный округ Лосиноостровский,2516,2018,9999,MATCHED
внутригородская территория города федерального значения муниципальный округ Люблино,2550,2018,9999,MATCHED
внутригородская территория города федерального значения муниципальный округ Малая Охта,2400,2018,9999,MATCHED
внутригородская территория города федерального значения муниципальный округ Марфино,2517,2018,9999,MATCHED
внутригородская территория города федерального значения муниципальный округ Марьина роща,2518,2018,9999,MATCHED
внутригородская территория города федерального значения муниципальный округ Марьино,2551,2018,9999,MATCHED
внутригородская территория города федерального значения муниципальный округ Матушкино,2492,2018,9999,MATCHED
внутригородская территория города федерального значения муниципальный округ Метрогородок,2472,2018,9999,MATCHED
внутригородская территория города федерального значения муниципальный округ Мещанский,2540,2018,9999,MATCHED
внутригородская территория города федерального значения муниципальный округ Митино,2528,2018,9999,MATCHED
внутригородская территория города федерального значения муниципальный округ Можайский,2482,2018,9999,MATCHED
внутригородская территория города федерального значения муниципальный округ Молжаниновский,2504,2018,9999,MATCHED
внутригородская территория города федерального значения муниципальный округ Морские ворота,2391,2018,9999,MATCHED
внутригородская территория города федерального значения муниципальный округ Морской,2360,2018,9999,MATCHED
внутригородская территория города федерального значения муниципальный округ Москворечье-Сабурово,2576,2018,9999,MATCHED
внутригородская территория города федерального значения муниципальный округ Московская застава,2423,2018,9999,MATCHED
внутригородская территория города федерального значения муниципальный округ Нагатино-Садовники,2577,2018,9999,MATCHED
внутригородская территория города федерального значения муниципальный округ Нагатинский затон,2578,2018,9999,MATCHED
внутригородская территория города федерального значения муниципальный округ Нагорный,2579,2018,9999,MATCHED
внутригородская территория города федерального значения муниципальный округ Нарвский округ,2389,2018,9999,MATCHED
внутригородская территория города федерального значения муниципальный округ Народный,2432,2018,9999,MATCHED
внутригородская территория города федерального значения муниципальный округ Невская застава,2428,2018,9999,MATCHED
внутригородская территория города федерального значения муниципальный округ Невский округ,2434,2018,9999,MATCHED
внутригородская территория города федерального значения муниципальный округ Некрасовка,2552,2018,9999,MATCHED
внутригородская территория города федерального значения муниципальный округ Нижегородский,2553,2018,9999,MATCHED
внутригородская территория города федерального значения муниципальный округ Ново-Переделкино,2483,2018,9999,MATCHED
внутригородская территория города федерального значения муниципальный округ Новогиреево,2470,2018,9999,MATCHED
внутригородская территория города федерального значения муниципальный округ Новоизмайловское,2425,2018,9999,MATCHED
внутригородская территория города федерального значения муниципальный округ Новокосино,2471,2018,9999,MATCHED
внутригородская территория города федерального значения муниципальный округ Обручевский,2564,2018,9999,MATCHED
внутригородская территория города федерального значения муниципальный округ Обуховский,2430,2018,9999,MATCHED
внутригородская территория города федерального значения муниципальный округ Озеро Долгое,2375,2018,9999,MATCHED
внутригородская территория города федерального значения муниципальный округ Оккервиль,2435,2018,9999,MATCHED
внутригородская территория города федерального значения муниципальный округ Орехово-Борисово Северное,2580,2018,9999,MATCHED
внутригородская территория города федерального значения муниципальный округ Орехово-Борисово Южное,2581,2018,9999,MATCHED
внутригородская территория города федерального значения муниципальный округ Останкинский,2519,2018,9999,MATCHED
внутригородская территория города федерального значения муниципальный округ Остров Декабристов,2361,2018,9999,MATCHED
внутригородская территория города федерального значения муниципальный округ Отрадное,2520,2018,9999,MATCHED
внутригородская территория города федерального значения муниципальный округ Очаково-Матвеевское,2484,2018,9999,MATCHED
внутригородская территория города федерального значения муниципальный округ Перово,2473,2018,9999,MATCHED
внутригородская территория города федерального значения муниципальный округ Печатники,2554,2018,9999,MATCHED
внутригородская территория города федерального значения муниципальный округ Пискаревка,2382,2018,9999,MATCHED
внутригородская территория города федерального значения муниципальный округ Покровское-Стрешнево,2529,2018,9999,MATCHED
внутригородская территория города федерального значения муниципальный округ Полюстрово,2398,2018,9999,MATCHED
внутригородская территория города федерального значения муниципальный округ Пороховые,2401,2018,9999,MATCHED
внутригородская территория города федерального значения муниципальный округ Посадский,2441,2018,9999,MATCHED
внутригородская территория города федерального значения муниципальный округ Правобережный,2436,2018,9999,MATCHED
внутригородская территория города федерального значения муниципальный округ Преображенское,2477,2018,9999,MATCHED
внутригородская территория города федерального значения муниципальный округ Пресненский,2541,2018,9999,MATCHED
внутригородская территория города федерального значения муниципальный округ Прометей,2384,2018,9999,MATCHED
внутригородская территория города федерального значения муниципальный округ Проспект Вернадского,2485,2018,9999,MATCHED
внутригородская территория города федерального значения муниципальный округ Пулковский меридиан,2426,2018,9999,MATCHED
внутригородская территория города федерального значения муниципальный округ Раменки,2486,2018,9999,MATCHED
внутригородская территория города федерального значения муниципальный округ Ржевка,2402,2018,9999,MATCHED
внутригородская территория города федерального значения муниципальный округ Ростокино,2521,2018,9999,MATCHED
внутригородская территория города федерального значения муниципальный округ Рыбацкое,2431,2018,9999,MATCHED
внутригородская территория города федерального значения муниципальный округ Рязанский,2555,2018,9999,MATCHED
внутригородская территория города федерального значения муниципальный округ Савеловский,2505,2018,9999,MATCHED
внутригородская территория города федерального значения муниципальный округ Сампсониевское,2364,2018,9999,MATCHED
внутригородская территория города федерального значения муниципальный округ Светлановское,2365,2018,9999,MATCHED
внутригородская территория города федерального значения муниципальный округ Свиблово,2522,2018,9999,MATCHED
внутригородская территория города федерального значения муниципальный округ Северное Бутово,2565,2018,9999,MATCHED
внутригородская территория города федерального значения муниципальный округ Северное Измайлово,2474,2018,9999,MATCHED
внутригородская территория города федерального значения муниципальный округ Северное Медведково,2523,2018,9999,MATCHED
внутригородская территория города федерального значения муниципальный округ Северное Тушино,2530,2018,9999,MATCHED
внутригородская территория города федерального значения муниципальный округ Семеновский,2354,2018,9999,MATCHED
внутригородская территория города федерального значения муниципальный округ Сенной округ,2352,2018,9999,MATCHED
внутригородская территория города федерального значения муниципальный округ Сергиевское,2368,2018,9999,MATCHED
внутригородская территория города федерального значения муниципальный округ Силино,2493,2018,9999,MATCHED
внутригородская территория города федерального значения муниципальный округ Смольнинское,2459,2018,9999,MATCHED
внутригородская территория города федерального значения муниципальный округ Сокол,2506,2018,9999,MATCHED
внутригородская территория города федерального значения муниципальный округ Соколиная гора,2475,2018,9999,MATCHED
внутригородская территория города федерального значения муниципальный округ Сокольники,2476,2018,9999,MATCHED
внутригородская территория города федерального значения муниципальный округ Солнцево,2487,2018,9999,MATCHED
внутригородская территория города федерального значения муниципальный округ Сосновая поляна,2406,2018,9999,MATCHED
внутригородская территория города федерального значения муниципальный округ Сосновское,2366,2018,9999,MATCHED
внутригородская территория города федерального значения муниципальный округ Старое Крюково,2586,2018,9999,MATCHED
внутригородская территория города федерального значения муниципальный округ Строгино,2531,2018,9999,MATCHED
внутригородская территория города федерального значения муниципальный округ Таганский,2542,2018,9999,MATCHED
внутригородская территория города федерального значения муниципальный округ Тверской,2543,2018,9999,MATCHED
внутригородская территория города федерального значения муниципальный округ Текстильщики,2556,2018,9999,MATCHED
внутригородская территория города федерального значения муниципальный округ Теплый Стан,2566,2018,9999,MATCHED
внутригородская территория города федерального значения муниципальный округ Тимирязевский,2507,2018,9999,MATCHED
внутригородская территория города федерального значения муниципальный округ Тропарево-Никулино,2488,2018,9999,MATCHED
внутригородская территория города федерального значения муниципальный округ Ульянка,2386,2018,9999,MATCHED
внутригородская территория города федерального значения муниципальный округ Урицк,2407,2018,9999,MATCHED
внутригородская территория города федерального значения муниципальный округ Филевский парк,2489,2018,9999,MATCHED
внутригородская территория города федерального значения муниципальный округ Фили-Давыдково,2490,2018,9999,MATCHED
внутригородская территория города федерального значения муниципальный округ Финляндский округ,2380,2018,9999,MATCHED
внутригородская территория города федерального значения муниципальный округ Хамовники,2544,2018,9999,MATCHED
внутригородская территория города федерального значения муниципальный округ Ховрино,2508,2018,9999,MATCHED
внутригородская территория города федерального значения муниципальный округ Хорошево-Мневники,2532,2018,9999,MATCHED
внутригородская территория города федерального значения муниципальный округ Хорошевский,2509,2018,9999,MATCHED
внутригородская территория города федерального значения муниципальный округ Царицыно,2582,2018,9999,MATCHED
внутригородская территория города федерального значения муниципальный округ Черемушки,2567,2018,9999,MATCHED
внутригородская территория города федерального значения муниципальный округ Чертаново Северное,2583,2018,9999,MATCHED
внутригородская территория города федерального значения муниципальный округ Чертаново Центральное,2584,2018,9999,MATCHED
внутригородская территория города федерального значения муниципальный округ Чертаново Южное,2585,2018,9999,MATCHED
внутригородская территория города федерального значения муниципальный округ Чкаловское,2444,2018,9999,MATCHED
внутригородская территория города федерального значения муниципальный округ Шувалово-Озерки,2369,2018,9999,MATCHED
внутригородская территория города федерального значения муниципальный округ Щукино,2533,2018,9999,MATCHED
внутригородская территория города федерального значения муниципальный округ Юго-Запад,2404,2018,9999,MATCHED
внутригородская территория города федерального значения муниципальный округ Южно-Приморский,2405,2018,9999,MATCHED
внутригородская территория города федерального значения муниципальный округ Южное Бутово,2568,2018,9999,MATCHED
внутригородская территория города федерального значения муниципальный округ Южное Медведково,2525,2018,9999,MATCHED
внутригородская территория города федерального значения муниципальный округ Южное Тушино,2534,2018,9999,MATCHED
внутригородская территория города федерального значения муниципальный округ Южнопортовый,2557,2018,9999,MATCHED
внутригородская территория города федерального значения муниципальный округ Юнтолово,2376,2018,9999,MATCHED
внутригородская территория города федерального значения муниципальный округ Якиманка,2545,2018,9999,MATCHED
внутригородская территория города федерального значения муниципальный округ Ярославский,2526,2018,9999,MATCHED
внутригородская территория города федерального значения муниципальный округ Ясенево,2569,2018,9999,MATCHED
внутригородская территория города федерального значения муниципальный округ округ Петровский,2443,2018,9999,MATCHED
внутригородская территория города федерального значения муниципальный округ № 15,2367,2018,9999,MATCHED
внутригородская территория города федерального значения муниципальный округ № 21,2381,2018,9999,MATCHED
внутригородская территория города федерального значения муниципальный округ № 54,2433,2018,9999,MATCHED
внутригородская территория города федерального значения муниципальный округ № 65,2372,2018,9999,MATCHED
внутригородская территория города федерального значения муниципальный округ № 7,2357,2018,9999,MATCHED
внутригородская территория города федерального значения муниципальный округ № 72,2451,2018,9999,MATCHED
внутригородская территория города федерального значения муниципальный округ № 78,2457,2018,9999,MATCHED
внутригородская территория города федерального значения поселение Внуковское,2589,2018,9999,MATCHED
внутригородская территория города федерального значения поселение Вороновское,2591,2018,9999,MATCHED
внутригородская территория города федерального значения поселение Воскресенское,2590,2018,9999,MATCHED
внутригородская территория города федерального значения поселение Десеновское,2592,2018,9999,MATCHED
внутригородская территория города федерального значения поселение Киевский,2593,2018,9999,MATCHED
внутригородская территория города федерального значения поселение Кокошкино,2595,2018,9999,MATCHED
внутригородская территория города федерального значения поселение Краснопахорское,2596,2018,9999,MATCHED
внутригородская территория города федерального значения поселение Марушкинское,2597,2018,9999,MATCHED
внутригородская территория города федерального значения поселение Михайлово-Ярцевское,2598,2018,9999,MATCHED
внутригородская территория города федерального значения поселение Московский,2599,2018,9999,MATCHED
"внутригородская территория города федерального значения поселение Мосрентген""""",2600,2018,9999,MATCHED
внутригородская территория города федерального значения поселение Новофедоровское,2601,2018,9999,MATCHED
внутригородская территория города федерального значения поселение Первомайское,2602,2018,9999,MATCHED
внутригородская территория города федерального значения поселение Рязановское,2604,2018,9999,MATCHED
внутригородская территория города федерального значения поселение Сосенское,2605,2018,9999,MATCHED
внутригородская территория города федерального значения поселение Филимонковское,2606,2018,9999,MATCHED
внутригородская территория города федерального значения поселение Щаповское,2607,2018,9999,MATCHED
внутригородская территория города федерального значения поселок Левашово,2362,2018,9999,MATCHED
внутригородская территория города федерального значения поселок Лисий Нос,2370,2018,9999,MATCHED
внутригородская территория города федерального значения поселок Металлострой,2393,2018,9999,MATCHED
внутригородская территория города федерального значения поселок Парголово,2363,2018,9999,MATCHED
внутригородская территория города федерального значения поселок Песочный,2416,2018,9999,MATCHED
внутригородская территория города федерального значения поселок Понтонный,2395,2018,9999,MATCHED
внутригородская территория города федерального значения поселок Стрельна,2446,2018,9999,MATCHED
внутригородская территория города федерального значения поселок Шушары,2449,2018,9999,MATCHED
городской округ Абдулинский,1666,2018,9999,MATCHED
городской округ Алапаевское,2015,2018,9999,MATCHED
городской округ Александровск-Сахалинский район,1954,2018,9999,MATCHED
городской округ Анадырь,2344,2018,9999,MATCHED
городской округ Ангарский,1135,2018,9999,MATCHED
городской округ Анжеро-Судженский,1225,2018,9999,MATCHED
городской округ Анивский,1955,2018,9999,MATCHED
городской округ Арамильский,2033,2018,9999,MATCHED
городской округ Арсеньевский,776,2018,9999,MATCHED
городской округ Артинский,2017,2018,9999,MATCHED
городской округ Асбестовский,1974,2018,9999,MATCHED
городской округ Ачитский,2018,2018,9999,MATCHED
городской округ Баксан,168,2018,9999,MATCHED
городской округ Балашиха,1439,2018,9999,MATCHED
городской округ Балтийский,1184,2018,9999,MATCHED
городской округ Беловский,1226,2018,9999,MATCHED
городской округ Белоярский,2019,2018,9999,MATCHED
городской округ Бисертский,2027,2018,9999,MATCHED
городской округ Богданович,1978,2018,9999,MATCHED
городской округ Богородский,1496,2018,9999,MATCHED
городской округ Большой Камень,778,2018,9999,MATCHED
городской округ Бронницы,1440,2018,9999,MATCHED
городской округ Великий Новгород,1575,2018,9999,MATCHED
городской округ Верещагинский,738,2018,9999,MATCHED
городской округ Верхнесалдинский,1981,2018,9999,MATCHED
городской округ Верхнеуфалейский,2276,2018,9999,MATCHED
городской округ Верхний Тагил,1992,2018,9999,MATCHED
городской округ Верхняя Пышма,1979,2018,9999,MATCHED
городской округ Верхняя Тура,1997,2018,9999,MATCHED
городской округ Верхотурский,2021,2018,9999,MATCHED
городской округ Вичуга,1108,2018,9999,MATCHED
городской округ Владивостокский,775,2018,9999,MATCHED
городской округ Волоколамский,1489,2018,9999,MATCHED
городской округ Волчанский,1989,2018,9999,MATCHED
городской округ Воркута,225,2018,9999,MATCHED
городской округ Воротынский,1550,2018,9999,MATCHED
городской округ Воскресенск,1490,2018,9999,MATCHED
городской округ Вышневолоцкий,2710,2020,9999,MATCHED
городской округ Гайский,1669,2018,9999,MATCHED
городской округ Гаринский,2022,2018,9999,MATCHED
городской округ Голышмановский,2201,2018,9999,MATCHED
городской округ Горнозаводский,739,2018,9999,MATCHED
городской округ Гусевский,1187,2018,9999,MATCHED
городской округ Дальнегорский,779,2018,9999,MATCHED
городской округ Дальнереченский,780,2018,9999,MATCHED
городской округ Дегтярск,2007,2018,9999,MATCHED
городской округ Дзержинский,1443,2018,9999,MATCHED
городской округ Дмитровский,1491,2018,9999,MATCHED
городской округ Добрянский,741,2018,9999,MATCHED
городской округ Долгопрудный,1444,2018,9999,MATCHED
городской округ Долинский,1956,2018,9999,MATCHED
городской округ Домодедово,1445,2018,9999,MATCHED
городской округ Дубна,1446,2018,9999,MATCHED
городской округ Егорьевск,1447,2018,9999,MATCHED
городской округ Жигулевск,1875,2018,9999,MATCHED
городской округ Жуковский,1448,2018,9999,MATCHED
городской округ Заводоуковский,2191,2018,9999,MATCHED
городской округ Зарайск,1449,2018,9999,MATCHED
городской округ Заречный,1982,2018,9999,MATCHED
городской округ Зима,1137,2018,9999,MATCHED
городской округ Златоустовский,3011,2023,9999,MATCHED
городской округ Иваново,1107,2018,9999,MATCHED
городской округ Ивдельский,1983,2018,9999,MATCHED
городской округ Ильинский,743,2018,9999,MATCHED
городской округ Инта,227,2018,9999,MATCHED
городской округ Ирбитское,2023,2018,9999,MATCHED
городской округ Истра,1453,2018,9999,MATCHED
городской округ Калтанский,1228,2018,9999,MATCHED
городской округ Каменский,2024,2018,9999,MATCHED
городской округ Камышловский,1987,2018,9999,MATCHED
городской округ Карабашский,2278,2018,9999,MATCHED
городской округ Карачаевский,195,2018,9999,MATCHED
городской округ Карпинск,1988,2018,9999,MATCHED
городской округ Качканарский,1990,2018,9999,MATCHED
городской округ Кашинский,2121,2018,9999,MATCHED
городской округ Кашира,1454,2018,9999,MATCHED
городской округ Кемеровский,1224,2018,9999,MATCHED
городской округ Кинель,1876,2018,9999,MATCHED
городской округ Кинешма,1109,2018,9999,MATCHED
городской округ Кировградский,1991,2018,9999,MATCHED
городской округ Киселевский,1229,2018,9999,MATCHED
городской округ Клин,1492,2018,9999,MATCHED
городской округ Коломна,2808,2021,9999,MATCHED
городской округ Копейский,2279,2018,9999,MATCHED
городской округ Королёв,1456,2018,9999,MATCHED
городской округ Корсаковский,1957,2018,9999,MATCHED
городской округ Костомукшский,207,2018,9999,MATCHED
городской округ Котельники,1457,2018,9999,MATCHED
городской округ Котлас,892,2018,9999,MATCHED
городской округ Кохма,1110,2018,9999,MATCHED
городской округ Красновишерский,747,2018,9999,MATCHED
городской округ Красногорск,1459,2018,9999,MATCHED
городской округ Краснокамский,748,2018,9999,MATCHED
городской округ Краснотурьинск,1993,2018,9999,MATCHED
городской округ Красноуральск,1994,2018,9999,MATCHED
городской округ Красноуфимск,1995,2018,9999,MATCHED
городской округ Красноуфимский округ,2025,2018,9999,MATCHED
городской округ Кувандыкский,1670,2018,9999,MATCHED
городской округ Курильский,1958,2018,9999,MATCHED
городской округ Кушвинский,1996,2018,9999,MATCHED
городской округ Кыштымский,2280,2018,9999,MATCHED
городской округ Ленинск-Кузнецкий,1230,2018,9999,MATCHED
городской округ Ленинский,1493,2018,9999,MATCHED
городской округ Лесозаводский,781,2018,9999,MATCHED
городской округ Лобня,1461,2018,9999,MATCHED
городской округ Лосино-Петровский,2648,2019,9999,MATCHED
городской округ Лотошино,1494,2018,9999,MATCHED
городской округ Луховицы,1463,2018,9999,MATCHED
городской округ Лысьвенский,731,2018,9999,MATCHED
городской округ Лыткарино,1464,2018,9999,MATCHED
городской округ Люберцы,1465,2018,9999,MATCHED
городской округ Магнитогорский,2281,2018,9999,MATCHED
городской округ Макаровский,1959,2018,9999,MATCHED
городской округ Малышевский,1975,2018,9999,MATCHED
городской округ Мамоновский,1178,2018,9999,MATCHED
городской округ Междуреченский,1231,2018,9999,MATCHED
городской округ Миасский,2282,2018,9999,MATCHED
городской округ Можайский,1495,2018,9999,MATCHED
городской округ Мысковский,1232,2018,9999,MATCHED
городской округ Мытищи,1467,2018,9999,MATCHED
городской округ Навашинский,1529,2018,9999,MATCHED
городской округ Нальчик,167,2018,9999,MATCHED
городской округ Наро-Фоминский,1468,2018,9999,MATCHED
городской округ Находкинский,782,2018,9999,MATCHED
городской округ Невельский,1960,2018,9999,MATCHED
городской округ Невьянский,1999,2018,9999,MATCHED
городской округ Нелидовский,2131,2018,9999,MATCHED
городской округ Нижнетуринский,2002,2018,9999,MATCHED
городской округ Нижняя Салда,2001,2018,9999,MATCHED
городской округ Новокузнецкий,1233,2018,9999,MATCHED
городской округ Новокуйбышевск,1877,2018,9999,MATCHED
городской округ Новолялинский,2028,2018,9999,MATCHED
городской округ Ногликский,1961,2018,9999,MATCHED
городской округ Нытвенский,751,2018,9999,MATCHED
городской округ Одинцовский,2651,2020,9999,MATCHED
городской округ Октябрьск,1878,2018,9999,MATCHED
городской округ Октябрьский,752,2018,9999,MATCHED
городской округ Орехово-Зуевский,2652,2020,9999,MATCHED
городской округ Осинниковский,1234,2018,9999,MATCHED
городской округ Осинский,754,2018,9999,MATCHED
городской округ Осташковский,2105,2018,9999,MATCHED
городской округ Отрадный,1879,2018,9999,MATCHED
городской округ Оханский,755,2018,9999,MATCHED
городской округ Охинский,1962,2018,9999,MATCHED
городской округ Очерский,756,2018,9999,MATCHED
городской округ Партизанский,783,2018,9999,MATCHED
городской округ Пелым,1984,2018,9999,MATCHED
городской округ Первоуральск,2004,2018,9999,MATCHED
городской округ Перевозский,1530,2018,9999,MATCHED
городской округ Пермский,727,2018,9999,MATCHED
городской округ Петрозаводский,206,2018,9999,MATCHED
городской округ Петропавловск-Камчатский,608,2018,9999,MATCHED
городской округ Пионерский,1179,2018,9999,MATCHED
городской округ Подольск,1472,2018,9999,MATCHED
городской округ Полевской,2005,2018,9999,MATCHED
городской округ Полысаевский,1235,2018,9999,MATCHED
городской округ Поронайский,1963,2018,9999,MATCHED
городской округ Похвистнево,1880,2018,9999,MATCHED
городской округ Прокопьевский,1236,2018,9999,MATCHED
городской округ Протвино,1473,2018,9999,MATCHED
городской округ Прохладный,169,2018,9999,MATCHED
городской округ Пушкинский,2814,2021,9999,MATCHED
городской округ Пущино,1474,2018,9999,MATCHED
городской округ Пышминский,2030,2018,9999,MATCHED
городской округ Раменский,1500,2018,9999,MATCHED
городской округ Ревда,2006,2018,9999,MATCHED
городской округ Режевской,2008,2018,9999,MATCHED
городской округ Реутов,1475,2018,9999,MATCHED
городской округ Рефтинский,1976,2018,9999,MATCHED
городской округ Рузский,1477,2018,9999,MATCHED
городской округ Самара,1874,2018,9999,MATCHED
городской округ Светловский,1180,2018,9999,MATCHED
городской округ Светлогорский,1190,2018,9999,MATCHED
городской округ Северодвинск,896,2018,9999,MATCHED
городской округ Североуральский,2009,2018,9999,MATCHED
городской округ Семеновский,1532,2018,9999,MATCHED
городской округ Сергиево-Посадский,1501,2018,9999,MATCHED
городской округ Серебряные Пруды,1478,2018,9999,MATCHED
городской округ Серовский,2010,2018,9999,MATCHED
городской округ Серпухов,2644,2019,9999,MATCHED
городской округ Смирныховский,1965,2018,9999,MATCHED
городской округ Советский,1181,2018,9999,MATCHED
городской округ Сокольский,1535,2018,9999,MATCHED
городской округ Соликамский,2620,2019,9999,MATCHED
городской округ Солнечногорск,3013,2023,9999,MATCHED
городской округ Соль-Илецкий,1674,2018,9999,MATCHED
городской округ Сорочинский,1675,2018,9999,MATCHED
городской округ Сосновоборский,1409,2018,9999,MATCHED
городской округ Сосьвинский,2031,2018,9999,MATCHED
городской округ Спасск-Дальний,784,2018,9999,MATCHED
городской округ Среднеуральск,1980,2018,9999,MATCHED
городской округ Ступино,1480,2018,9999,MATCHED
городской округ Суксунский,760,2018,9999,MATCHED
городской округ Сухой Лог,2011,2018,9999,MATCHED
городской округ Сызрань,1881,2018,9999,MATCHED
городской округ Сыктывкар,224,2018,9999,MATCHED
городской округ Сысертский,2032,2018,9999,MATCHED
городской округ Тавдинский,2012,2018,9999,MATCHED
городской округ Тайгинский,1237,2018,9999,MATCHED
городской округ Талдомский,1504,2018,9999,MATCHED
городской округ Талицкий,2034,2018,9999,MATCHED
городской округ Тейково,1111,2018,9999,MATCHED
городской округ Томаринский,1966,2018,9999,MATCHED
городской округ Троицкий,2286,2018,9999,MATCHED
городской округ Тугулымский,2035,2018,9999,MATCHED
городской округ Туринский,2036,2018,9999,MATCHED
городской округ Тымовский,1967,2018,9999,MATCHED
городской округ Углегорский,1968,2018,9999,MATCHED
городской округ Удомельский,2109,2018,9999,MATCHED
городской округ Уссурийский,785,2018,9999,MATCHED
городской округ Усть-Катавский,2287,2018,9999,MATCHED
городской округ Ухта,229,2018,9999,MATCHED
городской округ Фрязино,1481,2018,9999,MATCHED
городской округ Холмский,1969,2018,9999,MATCHED
городской округ Чайковский,763,2018,9999,MATCHED
городской округ Чапаевск,1883,2018,9999,MATCHED
городской округ Чебаркульский,2288,2018,9999,MATCHED
городской округ Челябинский,2275,2018,9999,MATCHED
городской округ Чердынский,765,2018,9999,MATCHED
городской округ Черкесский,194,2018,9999,MATCHED
городской округ Черноголовка,1483,2018,9999,MATCHED
городской округ Чернушинский,766,2018,9999,MATCHED
городской округ Чехов,1484,2018,9999,MATCHED
городской округ Чусовской,767,2018,9999,MATCHED
городской округ Шалинский,2037,2018,9999,MATCHED
городской округ Шатура,2813,2021,9999,MATCHED
городской округ Шаховская,1486,2018,9999,MATCHED
городской округ Шуя,1112,2018,9999,MATCHED
городской округ Щёлково,2649,2019,9999,MATCHED
городской округ Эгвекинот,2345,2018,9999,MATCHED
городской округ Электросталь,1488,2018,9999,MATCHED
городской округ Южно-Курильский,1970,2018,9999,MATCHED
городской округ Южноуральский,2289,2018,9999,MATCHED
городской округ Юргинский,1238,2018,9999,MATCHED
городской округ Ясненский,1676,2018,9999,MATCHED
городской округ город Абаза,449,2018,9999,MATCHED
городской округ город Абакан,448,2018,9999,MATCHED
городской округ город Агидель,22,2018,9999,MATCHED
городской округ город Адыгейск,2,2018,9999,MATCHED
городской округ город Алапаевск,1972,2018,9999,MATCHED
городской округ город Алатырь,479,2018,9999,MATCHED
городской округ город Алейск,505,2018,9999,MATCHED
городской округ город Алексин,2165,2018,9999,MATCHED
городской округ город Арзамас,3005,2023,9999,MATCHED
городской округ город Архангельск,890,2018,9999,MATCHED
городской округ город Астрахань,918,2018,9999,MATCHED
городской округ город Ачинск,667,2018,9999,MATCHED
городской округ город Барнаул,504,2018,9999,MATCHED
городской округ город Белокуриха,506,2018,9999,MATCHED
городской округ город Бердск,1598,2018,9999,MATCHED
городской округ город Березники,2621,2019,9999,MATCHED
городской округ город Бийск,507,2018,9999,MATCHED
городской округ город Биробиджан,2338,2018,9999,MATCHED
городской округ город Боготол,668,2018,9999,MATCHED
городской округ город Бор,1525,2018,9999,MATCHED
городской округ город Бородино,669,2018,9999,MATCHED
городской округ город Братск,1136,2018,9999,MATCHED
городской округ город Бугуруслан,1667,2018,9999,MATCHED
городской округ город Бузулук,1668,2018,9999,MATCHED
городской округ город Буй,1304,2018,9999,MATCHED
городской округ город Великие Луки,1765,2018,9999,MATCHED
городской округ город Владикавказ,345,2018,9999,MATCHED
городской округ город Владимир,986,2018,9999,MATCHED
городской округ город Волгореченск,1305,2018,9999,MATCHED
городской округ город Волжск,270,2018,9999,MATCHED
городской округ город Волжский,1008,2018,9999,MATCHED
городской округ город Воткинск,419,2018,9999,MATCHED
городской округ город Выкса,1526,2018,9999,MATCHED
городской округ город Вятские Поляны,1259,2018,9999,MATCHED
городской округ город Галич,1306,2018,9999,MATCHED
городской округ город Глазов,420,2018,9999,MATCHED
городской округ город Горно-Алтайск,10,2018,9999,MATCHED
городской округ город Губкинский,2879,2022,9999,MATCHED
городской округ город Гусь-Хрустальный,987,2018,9999,MATCHED
городской округ город Десногорск,2045,2018,9999,MATCHED
городской округ город Дзержинск,1527,2018,9999,MATCHED
городской округ город Дивногорск,670,2018,9999,MATCHED
городской округ город Димитровград,2252,2018,9999,MATCHED
городской округ город Донской,2167,2018,9999,MATCHED
городской округ город Екатеринбург,1971,2018,9999,MATCHED
городской округ город Елец,1411,2018,9999,MATCHED
городской округ город Енисейск,671,2018,9999,MATCHED
городской округ город Ефремов,2168,2018,9999,MATCHED
городской округ город Заринск,508,2018,9999,MATCHED
городской округ город Ижевск,418,2018,9999,MATCHED
городской округ город Ирбит,1985,2018,9999,MATCHED
городской округ город Иркутск,1134,2018,9999,MATCHED
городской округ город Искитим,1599,2018,9999,MATCHED
городской округ город Ишим,2192,2018,9999,MATCHED
городской округ город Йошкар-Ола,269,2018,9999,MATCHED
городской округ город Казань,354,2018,9999,MATCHED
городской округ город Калининград,1176,2018,9999,MATCHED
городской округ город Калуга,1198,2018,9999,MATCHED
городской округ город Каменск-Уральский,1986,2018,9999,MATCHED
городской округ город Камышин,1009,2018,9999,MATCHED
городской округ город Канаш,480,2018,9999,MATCHED
городской округ город Канск,674,2018,9999,MATCHED
городской округ город Касимов,1846,2018,9999,MATCHED
городской округ город Кедровый,2145,2018,9999,MATCHED
городской округ город Кизел,745,2018,9999,MATCHED
городской округ город Киров,1258,2018,9999,MATCHED
городской округ город Кирово-Чепецк,1260,2018,9999,MATCHED
городской округ город Кирсанов,2072,2018,9999,MATCHED
городской округ город Ковров,988,2018,9999,MATCHED
городской округ город Когалым,2217,2018,9999,MATCHED
городской округ город Козьмодемьянск,271,2018,9999,MATCHED
городской округ город Комсомольск-на-Амуре,843,2018,9999,MATCHED
городской округ город Коряжма,891,2018,9999,MATCHED
городской округ город Кострома,1303,2018,9999,MATCHED
городской округ город Котельнич,1261,2018,9999,MATCHED
городской округ город Котовск,2073,2018,9999,MATCHED
городской округ город Красноярск,666,2018,9999,MATCHED
городской округ город Кулебаки,1528,2018,9999,MATCHED
городской округ город Кумертау,23,2018,9999,MATCHED
городской округ город Курган,1333,2018,9999,MATCHED
городской округ город Лабытнанги,2880,2022,9999,MATCHED
городской округ город Лангепас,2218,2018,9999,MATCHED
городской округ город Лермонтов,818,2018,9999,MATCHED
городской округ город Лесосибирск,675,2018,9999,MATCHED
городской округ город Ливны,1708,2018,9999,MATCHED
городской округ город Липецк,1410,2018,9999,MATCHED
городской округ город Магадан,1430,2018,9999,MATCHED
городской округ город Майкоп,1,2018,9999,MATCHED
городской округ город Мегион,2219,2018,9999,MATCHED
городской округ город Медногорск,1671,2018,9999,MATCHED
городской округ город Минусинск,676,2018,9999,MATCHED
городской округ город Михайловка,1010,2018,9999,MATCHED
городской округ город Мичуринск,2074,2018,9999,MATCHED
городской округ город Можга,421,2018,9999,MATCHED
городской округ город Моршанск,2075,2018,9999,MATCHED
городской округ город Муравленко,2241,2018,9999,MATCHED
городской округ город Мурманск,1506,2018,9999,MATCHED
городской округ город Мценск,1709,2018,9999,MATCHED
городской округ город Набережные Челны,355,2018,9999,MATCHED
городской округ город Назарово,677,2018,9999,MATCHED
городской округ город Нарьян-Мар,916,2018,9999,MATCHED
городской округ город Невинномысск,820,2018,9999,MATCHED
городской округ город Нефтекамск,25,2018,9999,MATCHED
городской округ город Нефтеюганск,2220,2018,9999,MATCHED
городской округ город Нижневартовск,2221,2018,9999,MATCHED
городской округ город Нижний Новгород,1523,2018,9999,MATCHED
городской округ город Нижний Тагил,2000,2018,9999,MATCHED
городской округ город Новоалтайск,509,2018,9999,MATCHED
городской округ город Новодвинск,895,2018,9999,MATCHED
городской округ город Новомосковск,2169,2018,9999,MATCHED
городской округ город Новосибирск,1597,2018,9999,MATCHED
городской округ город Новотроицк,1672,2018,9999,MATCHED
городской округ город Новоульяновск,2253,2018,9999,MATCHED
городской округ город Новочебоксарск,481,2018,9999,MATCHED
городской округ город Новый Уренгой,2242,2018,9999,MATCHED
городской округ город Норильск,678,2018,9999,MATCHED
городской округ город Ноябрьск,2243,2018,9999,MATCHED
городской округ город Нягань,2222,2018,9999,MATCHED
городской округ город Обнинск,2646,2019,9999,MATCHED
городской округ город Обь,1600,2018,9999,MATCHED
городской округ город Октябрьский,26,2018,9999,MATCHED
городской округ город Омск,1632,2018,9999,MATCHED
городской округ город Оренбург,1665,2018,9999,MATCHED
городской округ город Орск,1673,2018,9999,MATCHED
городской округ город Орёл,1707,2018,9999,MATCHED
городской округ город Первомайск,1534,2018,9999,MATCHED
городской округ город Переславль-Залесский,2619,2019,9999,MATCHED
городской округ город Петровск-Забайкальский,574,2018,9999,MATCHED
городской округ город Покачи,2223,2018,9999,MATCHED
городской округ город Псков,1764,2018,9999,MATCHED
городской округ город Пыть-Ях,2224,2018,9999,MATCHED
городской округ город Радужный,2225,2018,9999,MATCHED
городской округ город Рассказово,2076,2018,9999,MATCHED
городской округ город Рубцовск,510,2018,9999,MATCHED
городской округ город Рыбинск,2320,2018,9999,MATCHED
городской округ город Рязань,1845,2018,9999,MATCHED
городской округ город Салават,27,2018,9999,MATCHED
городской округ город Салехард,2238,2018,9999,MATCHED
городской округ город Сарапул,422,2018,9999,MATCHED
городской округ город Саратов,2887,2023,9999,MATCHED
городской округ город Саяногорск,450,2018,9999,MATCHED
городской округ город Саянск,1138,2018,9999,MATCHED
городской округ город Свирск,1143,2018,9999,MATCHED
городской округ город Сибай,28,2018,9999,MATCHED
городской округ город Скопин,1848,2018,9999,MATCHED
городской округ город Слободской,1262,2018,9999,MATCHED
городской округ город Смоленск,2044,2018,9999,MATCHED
городской округ город Сорск,451,2018,9999,MATCHED
городской округ город Сосновоборск,679,2018,9999,MATCHED
городской округ город Ставрополь,809,2018,9999,MATCHED
городской округ город Стерлитамак,29,2018,9999,MATCHED
городской округ город Стрежевой,2146,2018,9999,MATCHED
городской округ город Сургут,2226,2018,9999,MATCHED
городской округ город Тамбов,3009,2023,9999,MATCHED
городской округ город Тверь,2101,2018,9999,MATCHED
городской округ город Тобольск,2193,2018,9999,MATCHED
городской округ город Томск,2144,2018,9999,MATCHED
городской округ город Торжок,2108,2018,9999,MATCHED
городской округ город Тула,2164,2018,9999,MATCHED
городской округ город Тулун,1139,2018,9999,MATCHED
городской округ город Тюмень,2190,2018,9999,MATCHED
городской округ город Уварово,2077,2018,9999,MATCHED
городской округ город Ульяновск,2251,2018,9999,MATCHED
городской округ город Урай,2227,2018,9999,MATCHED
городской округ город Урюпинск,1011,2018,9999,MATCHED
городской округ город Усолье-Сибирское,1140,2018,9999,MATCHED
городской округ город Усть-Илимск,1141,2018,9999,MATCHED
городской округ город Уфа,21,2018,9999,MATCHED
городской округ город Фролово,1012,2018,9999,MATCHED
городской округ город Хабаровск,842,2018,9999,MATCHED
городской округ город Ханты-Мансийск,2216,2018,9999,MATCHED
городской округ город Чебоксары,478,2018,9999,MATCHED
городской округ город Черемхово,1142,2018,9999,MATCHED
городской округ город Черногорск,452,2018,9999,MATCHED
городской округ город Чкаловск,1536,2018,9999,MATCHED
городской округ город Шадринск,1334,2018,9999,MATCHED
городской округ город Шарыпово,680,2018,9999,MATCHED
городской округ город Шарья,1308,2018,9999,MATCHED
городской округ город Шахунья,1533,2018,9999,MATCHED
городской округ город Шиханы,1912,2018,9999,MATCHED
городской округ город Шумерля,482,2018,9999,MATCHED
городской округ город Югорск,2228,2018,9999,MATCHED
городской округ город Якутск,309,2018,9999,MATCHED
городской округ город Ялуторовск,2194,2018,9999,MATCHED
городской округ город Яровое,512,2018,9999,MATCHED
городской округ город Ярославль,2318,2018,9999,MATCHED
городской округ город-герой Волгоград,1007,2018,9999,MATCHED
городской округ город-курорт Ессентуки,812,2018,9999,MATCHED
городской округ город-курорт Железноводск,813,2018,9999,MATCHED
городской округ город-курорт Кисловодск,2876,2022,9999,MATCHED
городской округ город-курорт Пятигорск,824,2018,9999,MATCHED
городской округ округ Муром,989,2018,9999,MATCHED
городской округ поселок Агинское,604,2018,9999,MATCHED
городской округ рабочий поселок Кольцово,1601,2018,9999,MATCHED
муниципальный округ Александровский,734,2018,9999,MATCHED
муниципальный округ Алнашский район,423,2018,9999,MATCHED
муниципальный округ Андреапольский,2110,2018,9999,MATCHED
муниципальный округ Арбажский,1264,2018,9999,MATCHED
муниципальный округ Афанасьевский,1265,2018,9999,MATCHED
муниципальный округ Балезинский район,424,2018,9999,MATCHED
муниципальный округ Бардымский,735,2018,9999,MATCHED
муниципальный округ Бежецкий,2111,2018,9999,MATCHED
муниципальный округ Бельский,2112,2018,9999,MATCHED
муниципальный округ Березовский,736,2018,9999,MATCHED
муниципальный округ Богородский,1267,2018,9999,MATCHED
муниципальный округ Бологовский,2113,2018,9999,MATCHED
муниципальный округ Большесосновский,737,2018,9999,MATCHED
муниципальный округ Вавожский район,425,2018,9999,MATCHED
муниципальный округ Верхнекамский,1268,2018,9999,MATCHED
муниципальный округ Весьегонский,2114,2018,9999,MATCHED
муниципальный округ Вилегодский,899,2018,9999,MATCHED
муниципальный округ Волотовский,1579,2018,9999,MATCHED
муниципальный округ Вуктыл,226,2018,9999,MATCHED
муниципальный округ Гайнский,769,2018,9999,MATCHED
муниципальный округ Гвардейский,1185,2018,9999,MATCHED
муниципальный округ Граховский район,428,2018,9999,MATCHED
муниципальный округ Губахинский,2886,2023,9999,MATCHED
муниципальный округ Гурьевский,1186,2018,9999,MATCHED
муниципальный округ Дебёсский район,429,2018,9999,MATCHED
муниципальный округ Демянский,1580,2018,9999,MATCHED
муниципальный округ Еловский,742,2018,9999,MATCHED
муниципальный округ Жарковский,2116,2018,9999,MATCHED
муниципальный округ Завьяловский район,430,2018,9999,MATCHED
муниципальный округ Западнодвинский,2117,2018,9999,MATCHED
муниципальный округ Зеленоградский,1188,2018,9999,MATCHED
муниципальный округ Зубцовский,2118,2018,9999,MATCHED
муниципальный округ Игринский район,431,2018,9999,MATCHED
муниципальный округ Калининский,2119,2018,9999,MATCHED
муниципальный округ Калязинский,2120,2018,9999,MATCHED
муниципальный округ Камбарский район,432,2018,9999,MATCHED
муниципальный округ Карагайский,744,2018,9999,MATCHED
муниципальный округ Каракулинский район,433,2018,9999,MATCHED
муниципальный округ Каргопольский,901,2018,9999,MATCHED
муниципальный округ Кезский район,434,2018,9999,MATCHED
муниципальный округ Кесовогорский,2122,2018,9999,MATCHED
муниципальный округ Кизнерский район,435,2018,9999,MATCHED
муниципальный округ Кикнурский,1273,2018,9999,MATCHED
муниципальный округ Кимрский,2883,2023,9999,MATCHED
муниципальный округ Кишертский,746,2018,9999,MATCHED
муниципальный округ Киясовский район,436,2018,9999,MATCHED
муниципальный округ Конаковский,2124,2018,9999,MATCHED
муниципальный округ Косинский,770,2018,9999,MATCHED
муниципальный округ Кочевский,771,2018,9999,MATCHED
муниципальный округ Красногородский,1771,2018,9999,MATCHED
муниципальный округ Красногорский район,437,2018,9999,MATCHED
муниципальный округ Краснознаменский,1189,2018,9999,MATCHED
муниципальный округ Красноселькупский район,2244,2018,9999,MATCHED
муниципальный округ Краснохолмский,2125,2018,9999,MATCHED
муниципальный округ Крестецкий,1581,2018,9999,MATCHED
муниципальный округ Кувшиновский,2126,2018,9999,MATCHED
муниципальный округ Кудымкарский,2885,2023,9999,MATCHED
муниципальный округ Куединский,749,2018,9999,MATCHED
муниципальный округ Кунгурский,2809,2021,9999,MATCHED
муниципальный округ Лебяжский,1278,2018,9999,MATCHED
муниципальный округ Лесной,2127,2018,9999,MATCHED
муниципальный округ Лихославльский,2128,2018,9999,MATCHED
муниципальный округ Локнянский,1773,2018,9999,MATCHED
муниципальный округ Лузский,1279,2018,9999,MATCHED
муниципальный округ Максатихинский,2129,2018,9999,MATCHED
муниципальный округ Макушинский,1345,2018,9999,MATCHED
муниципальный округ Малопургинский район,438,2018,9999,MATCHED
муниципальный округ Марёвский,1584,2018,9999,MATCHED
муниципальный округ Молоковский,2130,2018,9999,MATCHED
муниципальный округ Мошенской,1585,2018,9999,MATCHED
муниципальный округ Мурашинский,1281,2018,9999,MATCHED
муниципальный округ Надымский район,2245,2018,9999,MATCHED
муниципальный округ Невельский,1774,2018,9999,MATCHED
муниципальный округ Неманский,1191,2018,9999,MATCHED
муниципальный округ Нестеровский,1192,2018,9999,MATCHED
муниципальный округ Новоржевский,1775,2018,9999,MATCHED
муниципальный округ Озерский,1193,2018,9999,MATCHED
муниципальный округ Оленинский,2132,2018,9999,MATCHED
муниципальный округ Ольский,1431,2018,9999,MATCHED
муниципальный округ Опаринский,1286,2018,9999,MATCHED
муниципальный округ Опочецкий,1777,2018,9999,MATCHED
муниципальный округ Ординский,753,2018,9999,MATCHED
муниципальный округ Орловский,1726,2018,9999,MATCHED
муниципальный округ Пеновский,2133,2018,9999,MATCHED
муниципальный округ Пермский,757,2018,9999,MATCHED
муниципальный округ Пестовский,1589,2018,9999,MATCHED
муниципальный округ Печорский,1780,2018,9999,MATCHED
муниципальный округ Пижанский,1289,2018,9999,MATCHED
муниципальный округ Полесский,1194,2018,9999,MATCHED
муниципальный округ Правдинский,1195,2018,9999,MATCHED
муниципальный округ Приуральский район,2872,2022,9999,MATCHED
муниципальный округ Пуровский район,2882,2022,9999,MATCHED
муниципальный округ Пыталовский,1786,2018,9999,MATCHED
муниципальный округ Рамешковский,2134,2018,9999,MATCHED
муниципальный округ Ржевский,2884,2023,9999,MATCHED
муниципальный округ Сандовский,2136,2018,9999,MATCHED
муниципальный округ Санчурский,1291,2018,9999,MATCHED
муниципальный округ Сарапульский район,440,2018,9999,MATCHED
муниципальный округ Свечинский,1292,2018,9999,MATCHED
муниципальный округ Селижаровский,2137,2018,9999,MATCHED
муниципальный округ Селтинский район,441,2018,9999,MATCHED
муниципальный округ Сивинский,758,2018,9999,MATCHED
муниципальный округ Славский,1196,2018,9999,MATCHED
муниципальный округ Солецкий,1591,2018,9999,MATCHED
муниципальный округ Сонковский,2138,2018,9999,MATCHED
муниципальный округ Спировский,2139,2018,9999,MATCHED
муниципальный округ Старицкий,2140,2018,9999,MATCHED
муниципальный округ Струго-Красненский,1788,2018,9999,MATCHED
муниципальный округ Суетский район,553,2018,9999,MATCHED
муниципальный округ Сюмсинский район,442,2018,9999,MATCHED
муниципальный округ Тазовский район,2248,2018,9999,MATCHED
муниципальный округ Торопецкий,2142,2018,9999,MATCHED
муниципальный округ Увинский район,443,2018,9999,MATCHED
муниципальный округ Уинский,761,2018,9999,MATCHED
муниципальный округ Унинский,1297,2018,9999,MATCHED
муниципальный округ Усинск,228,2018,9999,MATCHED
муниципальный округ Фаленский,1299,2018,9999,MATCHED
муниципальный округ Фировский,2143,2018,9999,MATCHED
муниципальный округ Хвойнинский,1593,2018,9999,MATCHED
муниципальный округ Чарышский район,570,2018,9999,MATCHED
муниципальный округ Частинский,764,2018,9999,MATCHED
муниципальный округ Черняховский,1197,2018,9999,MATCHED
муниципальный округ Шарканский район,444,2018,9999,MATCHED
муниципальный округ Шумихинский,1356,2018,9999,MATCHED
муниципальный округ Шурышкарский район,2249,2018,9999,MATCHED
муниципальный округ Юкаменский район,445,2018,9999,MATCHED
муниципальный округ Юрлинский,773,2018,9999,MATCHED
муниципальный округ Юсьвинский,774,2018,9999,MATCHED
муниципальный округ Ягоднинский,1438,2018,9999,MATCHED
муниципальный округ Якшур-Бодьинский район,446,2018,9999,MATCHED
муниципальный округ Ямальский район,2250,2018,9999,MATCHED
муниципальный округ Ярский район,447,2018,9999,MATCHED
муниципальный округ город Апатиты,1507,2018,9999,MATCHED
муниципальный округ город Кировск,1508,2018,9999,MATCHED
муниципальный округ город Мончегорск,1509,2018,9999,MATCHED
муниципальный округ город Оленегорск,1510,2018,9999,MATCHED
муниципальный округ город Полярные Зори,1511,2018,9999,MATCHED
муниципальный округ город Славгород,511,2018,9999,MATCHED
муниципальный район Город Краснокаменск и Краснокаменский район,585,2018,9999,MATCHED
муниципальный район Заполярный район,917,2018,9999,MATCHED
муниципальный район Печора,234,2018,9999,MATCHED
муниципальный район Сосногорск,236,2018,9999,MATCHED
муниципальный район город Нерехта и Нерехтский район,1321,2018,9999,MATCHED
муниципальный район имени Лазо,851,2018,9999,MATCHED
муниципальный район имени Полины Осипенко,855,2018,9999,MATCHED
