,2023-01-01,2023-02-01,2023-03-01,2023-04-01,2023-05-01,2023-06-01,2023-07-01,2023-08-01,2023-09-01,2023-10-01,2023-11-01,2023-12-01,2024-01-01,2024-02-01,2024-03-01,2024-04-01,2024-05-01,2024-06-01,2024-07-01,2024-08-01,2024-09-01,2024-10-01,2024-11-01,2024-12-01
Абазинский муниципальный район,22,22,22,22,22,23,23,23,23,23,23,21,21,21,21,21,3,3,3,3,1,1,1,1
Абанский муниципальный район,22,22,22,22,22,23,23,23,13,13,13,21,21,21,21,21,3,3,3,3,1,1,1,1
Абатский муниципальный район,22,22,22,22,22,23,23,23,13,13,13,21,21,21,21,21,3,3,3,2,1,1,1,1
Абзелиловский муниципальный район,22,22,22,22,13,13,13,13,13,13,13,13,13,13,13,13,3,3,3,3,2,2,1,1
Агинский муниципальный район,22,22,22,22,22,23,23,23,13,13,13,21,21,21,21,21,3,3,2,2,1,1,1,1
Агрызский муниципальный район,22,22,22,22,23,23,23,23,23,13,13,21,21,21,21,21,3,3,3,3,1,1,1,1
Адамовский муниципальный район,22,22,22,22,22,23,23,23,13,13,13,21,21,21,21,21,3,3,3,3,1,1,1,1
Азнакаевский муниципальный район,22,22,22,22,22,23,23,23,23,13,13,21,21,21,21,21,3,3,3,3,2,2,1,1
Азовский немецкий национальный муниципальный район,22,22,22,22,22,23,23,23,23,13,13,21,21,21,21,21,3,3,3,3,1,1,1,1
Акбулакский муниципальный район,22,22,22,22,22,23,23,23,23,13,13,21,21,21,21,21,3,3,3,3,1,1,1,1
Аксубаевский муниципальный район,22,22,22,22,22,23,23,23,23,13,13,21,21,21,21,21,3,3,3,3,1,1,1,1
Актанышский муниципальный район,22,22,22,22,23,23,23,23,23,13,13,21,21,21,21,21,3,3,3,3,1,1,1,1
Алагирский муниципальный район,22,22,22,22,22,23,23,23,23,23,23,21,21,21,21,21,3,3,3,3,1,1,1,1
Аларский муниципальный район,22,22,22,22,22,23,23,23,13,13,13,21,21,21,21,21,3,3,3,2,1,1,1,1
Алданский муниципальный район,22,22,22,22,22,23,23,23,13,13,13,21,21,21,21,21,3,3,2,2,2,2,1,1
Александро-Невский муниципальный район,22,22,22,22,22,23,23,23,23,13,13,21,21,21,21,21,3,3,3,1,1,1,1,1
Александрово-Гайский муниципальный район,22,22,22,22,22,23,23,23,23,13,13,21,21,21,21,21,3,3,3,3,1,1,1,1
Александровский муниципальный округ,22,22,22,22,22,23,23,23,23,13,13,21,21,21,21,21,3,3,3,3,1,1,1,1
Аликовский муниципальный округ,22,22,22,22,23,23,23,23,23,13,13,21,21,21,21,21,3,3,3,3,1,1,1,1
Алькеевский муниципальный район,22,22,22,22,23,23,23,23,23,13,13,21,21,21,21,21,3,3,3,3,1,1,1,1
Альменевский муниципальный округ,22,22,22,22,22,23,23,23,13,13,13,21,21,21,21,21,21,3,3,1,1,1,1,1
Альметьевский муниципальный район,22,22,22,22,22,23,23,23,23,13,13,21,21,21,21,21,3,3,2,2,2,2,1,1
Альшеевский муниципальный район,22,22,22,22,23,23,23,23,23,13,13,21,21,21,21,21,3,3,3,3,1,1,1,1
Амгинский муниципальный район,22,22,22,22,22,23,23,23,13,13,13,21,21,21,21,21,3,3,2,2,1,1,1,1
Амурский муниципальный район,22,22,22,22,22,23,23,23,13,13,13,21,21,21,21,21,3,3,2,2,1,1,1,1
Андроповский муниципальный округ,22,22,22,22,22,23,23,23,23,13,13,21,21,21,21,21,3,3,3,3,1,1,1,1
Антроповский муниципальный район,22,22,22,22,22,23,23,23,23,13,13,21,21,21,21,21,3,3,3,1,1,1,1,1
Анучинский муниципальный округ,22,22,22,22,22,23,23,23,13,13,13,21,21,21,21,21,3,3,2,2,1,1,1,1
Апанасенковский муниципальный округ,22,22,22,22,22,23,23,23,23,13,13,21,21,21,21,21,3,3,3,3,1,1,1,1
Апастовский муниципальный район,22,22,22,22,23,23,23,23,23,13,13,21,21,21,21,21,3,3,3,3,1,1,1,1
Аргаяшский муниципальный район,22,22,22,22,22,23,23,23,23,13,13,21,21,21,21,21,3,3,3,3,1,1,1,1
Ардатовский муниципальный округ,22,22,22,22,22,23,23,23,23,13,13,21,21,21,21,21,3,3,3,3,1,1,1,1
Ардатовский муниципальный район,22,22,22,22,22,23,23,23,23,13,13,21,21,21,21,21,3,3,3,3,1,1,1,1
Ардонский муниципальный район,22,22,22,22,22,22,23,23,23,23,23,21,21,21,21,21,3,3,3,3,1,1,1,1
Арзгирский муниципальный округ,22,22,22,22,22,23,23,23,23,13,13,21,21,21,21,21,3,3,3,3,1,1,1,1
Аркадакский муниципальный район,22,22,22,22,22,23,23,23,23,13,13,21,21,21,21,21,3,3,3,3,1,1,1,1
Армизонский муниципальный район,22,22,22,22,22,23,23,23,13,13,13,21,21,21,21,21,21,3,3,3,1,1,1,1
Аромашевский муниципальный район,22,22,22,22,22,23,23,23,13,13,13,21,21,21,21,21,21,3,3,3,1,1,1,1
Арсеньевский муниципальный район,22,22,22,22,22,23,23,23,23,13,13,21,21,21,21,21,3,3,3,3,1,1,1,1
Арский муниципальный район,22,22,22,22,23,23,23,23,23,13,13,21,21,21,21,21,3,3,3,3,1,1,1,1
Архангельский муниципальный район,22,22,22,22,23,23,23,23,23,13,13,21,21,21,21,21,3,3,3,3,1,1,1,1
Архаринский муниципальный округ,22,22,22,22,22,23,23,23,13,13,13,21,21,21,21,21,3,3,2,2,1,1,1,1
Асекеевский муниципальный район,22,22,22,22,22,23,23,23,23,13,13,21,21,21,21,21,3,3,3,3,1,1,1,1
Асиновский муниципальный район,22,22,22,22,22,23,23,23,23,13,13,21,21,21,21,21,3,3,3,3,1,1,1,1
Аскинский муниципальный район,22,22,22,22,23,23,23,23,23,13,13,21,21,21,21,21,3,3,3,3,1,1,1,1
Аткарский муниципальный район,22,22,22,22,22,23,23,23,23,13,13,21,21,21,21,21,3,3,3,3,1,1,1,1
Атнинский муниципальный район,22,22,22,22,23,23,23,23,23,13,13,21,21,21,21,21,3,3,3,3,1,1,1,1
Атюрьевский муниципальный район,22,22,22,22,22,23,23,23,23,13,13,21,21,21,21,21,3,3,3,1,1,1,1,1
Атяшевский муниципальный район,22,22,22,22,22,23,23,23,23,13,13,21,21,21,21,21,3,3,3,3,1,1,1,1
Аургазинский муниципальный район,22,22,22,22,23,23,23,23,23,13,13,21,21,21,21,21,3,3,3,3,1,1,1,1
Ахтубинский муниципальный район,22,22,22,22,22,23,23,23,23,13,13,21,21,21,21,21,3,3,3,3,1,1,1,1
Ашинский муниципальный район,22,22,22,22,22,23,23,23,23,13,13,21,21,21,21,21,3,3,3,3,1,1,1,1
Бабаевский муниципальный округ,22,22,22,22,22,23,23,23,23,13,13,21,21,21,21,21,3,3,3,2,1,1,1,1
Бабушкинский муниципальный округ,22,22,22,22,22,23,23,23,13,13,13,21,21,21,21,21,3,3,3,3,1,1,1,1
Бабынинский муниципальный район,22,22,22,22,22,23,23,23,23,13,13,21,21,21,21,21,3,3,3,3,1,1,1,1
Бавлинский муниципальный район,22,22,22,22,22,23,23,23,23,13,13,21,21,21,21,21,3,3,3,3,1,1,1,1
Баганский муниципальный район,22,22,22,22,22,23,23,23,13,13,13,21,21,21,21,21,21,3,3,3,1,1,1,1
Баевский муниципальный район,22,22,22,22,22,23,23,23,13,13,13,21,21,21,21,21,21,3,3,3,1,1,1,1
Базарно-Карабулакский муниципальный район,22,22,22,22,22,23,23,23,23,13,13,21,21,21,21,21,3,3,3,3,1,1,1,1
Базарносызганский муниципальный район,22,22,22,22,22,23,23,23,23,13,13,21,21,21,21,21,3,3,3,1,1,1,1,1
Бай-Тайгинский муниципальный район,22,22,22,22,22,23,23,23,13,13,13,21,21,21,21,21,3,3,2,2,1,1,1,1
Байкаловский муниципальный район,22,22,22,22,22,23,23,23,13,13,13,21,21,21,21,21,3,3,3,3,1,1,1,1
Баймакский муниципальный район,22,22,22,22,22,23,13,13,13,13,13,13,13,13,13,13,3,3,3,3,2,2,1,1
Бакалинский муниципальный район,22,22,22,22,23,23,23,23,23,13,13,21,21,21,21,21,3,3,3,3,1,1,1,1
Бакчарский муниципальный район,22,22,22,22,22,23,23,23,13,13,13,21,21,21,21,21,21,3,3,2,1,1,1,1
Балаганский муниципальный район,22,22,22,22,22,23,23,23,13,13,13,21,21,21,21,21,21,3,3,2,1,1,1,1
Балаковский муниципальный район,22,22,22,22,22,23,23,23,23,13,13,21,21,21,21,21,3,3,2,2,2,2,1,1
Балахнинский муниципальный округ,22,22,22,22,22,23,23,23,23,13,13,21,21,21,21,21,3,3,3,2,2,2,1,1
Балахтинский муниципальный район,22,22,22,22,22,23,23,23,13,13,13,21,21,21,21,21,3,3,3,2,1,1,1,1
Балашовский муниципальный район,22,22,22,22,22,23,23,23,13,13,13,13,21,21,21,21,3,3,3,3,2,2,1,1
Балейский муниципальный район,22,22,22,22,22,23,23,23,13,13,13,21,21,21,21,21,3,3,2,2,1,1,1,1
Балтайский муниципальный район,22,22,22,22,22,23,23,23,23,13,13,21,21,21,21,21,3,3,3,3,1,1,1,1
Балтасинский муниципальный район,22,22,22,22,23,23,23,23,23,13,13,21,21,21,21,21,3,3,3,3,1,1,1,1
Балтачевский муниципальный район,22,22,22,22,23,23,23,23,23,13,13,21,21,21,21,21,3,3,3,3,1,1,1,1
Барабинский муниципальный район,22,22,22,22,22,23,23,23,23,13,13,21,21,21,21,21,3,3,3,2,1,1,1,1
Барун-Хемчикский муниципальный район,22,22,22,22,22,23,23,23,13,13,13,21,21,21,21,21,3,3,2,2,1,1,1,1
Барышский муниципальный район,22,22,22,22,22,23,23,23,23,13,13,21,21,21,21,21,3,3,3,3,1,1,1,1
Барятинский муниципальный район,22,22,22,22,22,23,23,23,23,13,13,21,21,21,21,21,3,3,3,1,1,1,1,1
Батыревский муниципальный округ,22,22,22,22,23,23,23,23,23,13,13,21,21,21,21,21,3,3,3,3,1,1,1,1
Башмаковский муниципальный район,22,22,22,22,22,23,23,23,23,13,13,21,21,21,21,21,3,3,3,3,1,1,1,1
Баяндаевский муниципальный район,22,22,22,22,22,23,23,23,13,13,13,21,21,21,21,21,3,3,3,2,1,1,1,1
Бежаницкий муниципальный район,22,22,22,22,22,23,23,23,23,13,13,21,21,21,21,21,3,3,3,3,1,1,1,1
Безенчукский муниципальный район,22,22,22,22,22,23,23,23,23,13,13,21,21,21,21,21,3,3,3,3,1,1,1,1
Бейский муниципальный район,22,22,22,22,22,23,23,23,13,13,13,21,21,21,21,21,3,3,3,2,1,1,1,1
Бековский муниципальный район,22,22,22,22,22,23,23,23,13,13,13,21,21,21,21,21,3,3,3,3,1,1,1,1
Белебеевский муниципальный район,22,22,22,22,22,23,23,23,23,13,13,21,21,21,21,21,3,3,3,2,2,2,1,1
Белевский муниципальный район,22,22,22,22,22,23,23,23,13,13,13,21,21,21,21,21,3,3,3,3,1,1,1,1
Белинский муниципальный район,22,22,22,22,22,23,23,23,23,13,13,21,21,21,21,21,3,3,3,3,1,1,1,1
Беловский муниципальный округ,22,22,22,22,23,23,23,23,23,13,13,21,21,21,21,21,2,2,2,2,1,1,1,1
Белогорский муниципальный округ,22,22,22,22,22,23,23,23,13,13,13,21,21,21,21,21,3,3,2,2,1,1,1,1
Белокатайский муниципальный район,22,22,22,22,23,23,23,23,23,13,13,21,21,21,21,21,3,3,3,3,1,1,1,1
Беломорский муниципальный округ,22,22,22,22,22,23,23,23,23,13,13,21,21,21,21,21,3,3,3,2,1,1,1,1
Белорецкий муниципальный район,22,22,22,22,22,23,23,23,23,13,13,21,21,21,21,21,3,3,3,2,2,2,1,1
Белохолуницкий муниципальный район,22,22,22,22,22,23,23,23,23,13,13,21,21,21,21,21,3,3,3,3,1,1,1,1
Белоярский муниципальный район,22,22,22,22,22,23,23,23,23,13,13,21,21,21,21,21,3,3,2,2,2,2,1,1
Беляевский муниципальный район,22,22,22,22,22,23,23,23,23,13,13,21,21,21,21,3,3,3,3,3,1,1,1,1
Бердюжский муниципальный район,22,22,22,22,22,23,23,23,13,13,13,21,21,21,21,21,21,3,3,3,1,1,1,1
Бессоновский муниципальный район,22,22,22,22,22,23,23,23,23,13,13,21,21,21,21,21,3,3,3,3,2,2,1,1
Бижбулякский муниципальный район,22,22,22,22,23,23,23,23,23,13,13,21,21,21,21,21,3,3,3,3,1,1,1,1
Бийский муниципальный район,22,22,22,22,23,23,23,23,23,13,13,21,21,21,21,21,3,3,3,3,1,1,1,1
Бикинский муниципальный район,22,22,22,22,22,23,23,23,13,13,13,21,21,21,21,21,3,3,2,2,1,1,1,1
Билибинский муниципальный район,22,22,22,22,22,23,23,23,13,13,13,21,21,21,21,21,3,2,2,2,2,2,1,1
Бирилюсский муниципальный район,22,22,22,22,22,23,23,23,13,13,13,21,21,21,21,21,21,3,3,2,1,1,1,1
Биробиджанский муниципальный район,22,22,22,22,22,23,23,23,13,13,13,21,21,21,21,21,3,3,2,2,1,1,1,1
Бирский муниципальный район,22,22,22,22,22,23,23,23,23,13,13,21,21,21,21,21,3,3,3,2,2,2,1,1
Благоварский муниципальный район,22,22,22,22,22,23,23,23,23,13,13,21,21,21,21,21,3,3,3,3,1,1,1,1
Благовещенский муниципальный округ,5,5,5,5,5,5,5,4,4,4,4,4,4,4,4,4,3,2,2,2,2,2,2,2
Богатовский муниципальный район,22,22,22,22,22,23,23,23,23,13,13,21,21,21,21,21,3,3,3,3,1,1,1,1
Богородицкий муниципальный район,22,22,22,22,22,23,23,23,13,13,13,21,21,21,21,21,3,3,3,3,1,1,1,1
Богородский муниципальный округ,22,22,22,22,22,23,23,23,23,13,13,21,21,21,21,21,3,3,3,2,2,2,1,1
Боградский муниципальный район,22,22,22,22,22,23,23,23,13,13,13,21,21,21,21,21,21,3,3,3,1,1,1,1
Богучанский муниципальный район,22,22,22,22,22,23,23,23,23,13,13,21,21,21,21,21,3,3,2,2,1,1,1,1
Бокситогорский муниципальный район,22,22,22,22,22,23,23,23,23,13,13,21,21,21,21,21,3,3,3,3,1,1,1,1
Болотнинский муниципальный район,22,22,22,22,22,23,23,23,23,13,13,21,21,21,21,21,3,3,3,2,1,1,1,1
Болховский муниципальный район,22,22,22,22,22,23,23,23,23,13,13,21,21,21,21,21,3,3,3,3,1,1,1,1
Большеберезниковский муниципальный район,22,22,22,22,22,23,23,23,23,13,13,21,21,21,21,21,3,3,3,1,1,1,1,1
Большеболдинский муниципальный округ,22,22,22,22,22,23,23,23,23,13,13,21,21,21,21,21,3,3,3,3,1,1,1,1
Большеглушицкий муниципальный район,22,22,22,22,22,23,23,23,23,13,13,21,21,21,21,21,3,3,3,3,1,1,1,1
Большемурашкинский муниципальный округ,22,22,22,22,22,23,23,23,23,13,13,21,21,21,21,21,3,3,3,3,1,1,1,1
Большемуртинский муниципальный район,22,22,22,22,22,23,23,23,13,13,13,21,21,21,21,21,3,3,3,2,1,1,1,1
Большереченский муниципальный район,22,22,22,22,22,23,23,23,13,13,13,21,21,21,21,21,3,3,3,3,1,1,1,1
Большесельский муниципальный район,22,22,22,22,22,23,23,23,23,13,13,21,21,21,21,21,3,3,3,3,1,1,1,1
Большеуковский муниципальный район,22,22,22,22,22,23,23,23,13,13,13,21,21,21,21,21,21,3,3,3,1,1,1,1
Большеулуйский муниципальный район,25,25,25,25,25,25,25,25,25,25,25,21,21,21,21,21,3,2,2,2,2,1,1,1
Большечерниговский муниципальный район,22,22,22,22,22,23,23,23,23,13,13,21,21,21,21,21,3,3,3,3,1,1,1,1
Бондарский муниципальный округ,22,22,22,22,22,23,23,23,23,13,13,21,21,21,21,21,3,3,3,1,1,1,1,1
Борзинский муниципальный район,22,22,22,22,22,23,23,23,13,13,13,21,21,21,21,21,3,3,2,2,1,1,1,1
Борисоглебский муниципальный район,22,22,22,22,22,23,23,23,23,13,13,21,21,21,21,21,3,3,3,3,1,1,1,1
Боровичский муниципальный район,22,22,22,22,22,23,23,23,23,13,13,21,21,21,21,21,3,3,3,2,2,2,1,1
Боровский муниципальный район,22,22,22,22,22,23,23,23,23,13,13,21,21,21,21,21,3,3,3,2,2,2,1,1
Борский муниципальный район,22,22,22,22,22,23,23,23,23,13,13,21,21,21,21,21,3,3,3,3,1,1,1,1
Боханский муниципальный район,22,22,22,22,22,23,23,23,13,13,13,21,21,21,21,21,3,3,3,2,1,1,1,1
Братский муниципальный район,22,22,22,22,22,23,23,23,13,13,13,21,21,21,21,21,3,3,3,3,1,1,1,1
Брединский муниципальный район,22,22,22,22,22,23,23,23,23,13,13,21,21,21,21,21,3,3,3,3,1,1,1,1
Брейтовский муниципальный район,22,22,22,22,22,23,23,23,23,13,13,21,21,21,21,21,3,3,3,1,1,1,1,1
Бугульминский муниципальный район,22,22,22,22,22,23,23,23,23,13,13,21,21,21,21,21,3,3,3,2,2,2,1,1
Бугурусланский муниципальный район,22,22,22,22,22,23,23,23,23,13,13,21,21,21,21,21,3,3,3,3,1,1,1,1
Будённовский муниципальный округ,22,22,22,22,22,23,23,23,23,13,13,21,21,21,21,21,3,3,3,2,2,2,1,1
Буздякский муниципальный район,22,22,22,22,23,23,23,23,23,13,13,21,21,21,21,21,3,3,3,3,1,1,1,1
Буинский муниципальный район,22,22,22,22,23,23,23,23,23,13,13,21,21,21,21,21,3,3,3,3,1,1,1,1
Буйский муниципальный район,22,22,22,22,22,23,23,23,23,13,13,21,21,21,21,21,3,3,3,3,1,1,1,1
Булунский муниципальный район,22,22,22,22,22,23,23,23,13,13,13,21,21,21,21,21,3,2,2,2,2,2,1,1
Бураевский муниципальный район,22,22,22,22,23,23,23,23,23,13,13,13,21,21,21,21,3,3,3,3,1,1,1,1
Бурейский муниципальный округ,22,22,22,22,22,23,23,23,13,13,13,21,21,21,21,21,3,3,2,2,1,1,1,1
Бурзянский муниципальный район,22,22,22,22,23,23,23,23,23,13,13,21,21,21,21,21,3,3,3,3,1,1,1,1
Бурлинский муниципальный район,22,22,22,22,22,23,23,23,13,13,13,21,21,21,21,21,21,3,3,3,1,1,1,1
Бутурлинский муниципальный округ,22,22,22,22,22,23,23,23,23,13,13,21,21,21,21,21,3,3,3,3,1,1,1,1
Быковский муниципальный район,22,22,22,22,22,23,23,23,23,13,13,21,21,21,21,21,3,3,3,3,1,1,1,1
Быстроистокский муниципальный район,22,22,22,22,22,23,23,23,13,13,13,21,21,21,21,21,21,3,3,3,1,1,1,1
Вагайский муниципальный район,22,22,22,22,22,23,23,23,23,13,13,21,21,21,21,21,3,3,3,2,1,1,1,1
Вадинский муниципальный район,22,22,22,22,22,23,23,23,23,13,13,21,21,21,21,21,3,3,3,1,1,1,1,1
Вадский муниципальный округ,22,22,22,22,22,23,23,23,23,13,13,21,21,21,21,21,3,3,3,3,1,1,1,1
Валдайский муниципальный район,22,22,22,22,22,23,23,23,23,13,13,21,21,21,21,21,3,3,3,3,1,1,1,1
Ванинский муниципальный район,22,22,22,22,22,23,23,23,13,13,13,21,21,21,21,21,3,3,2,2,2,2,1,1
Варгашинский муниципальный округ,22,22,22,22,22,23,23,23,13,13,13,13,21,21,21,21,3,3,3,3,1,1,1,1
Варнавинский муниципальный округ,22,22,22,22,22,23,23,23,27,27,27,27,27,27,27,27,27,27,27,27,27,1,1,1
Варненский муниципальный район,22,22,22,22,22,23,23,23,23,13,13,21,21,21,21,21,3,3,3,3,1,1,1,1
Вачский муниципальный округ,22,22,22,22,22,23,23,23,23,13,13,21,21,21,21,21,3,3,3,3,1,1,1,1
Велижский муниципальный район,22,22,22,22,22,23,23,23,23,13,13,21,21,21,21,21,3,3,3,3,1,1,1,1
Великоустюгский муниципальный округ,22,22,22,22,22,23,23,23,23,13,13,21,21,21,21,21,3,3,3,2,1,2,1,1
Вельский муниципальный район,22,22,22,22,22,23,23,23,23,13,13,21,21,21,21,21,3,3,3,2,1,1,1,1
Венгеровский муниципальный район,22,22,22,22,22,23,23,23,13,13,13,21,21,21,21,21,21,3,3,3,1,1,1,1
Веневский муниципальный район,22,22,22,22,22,23,23,23,13,13,13,21,21,21,21,21,3,3,3,3,1,1,1,1
Верхнебуреинский муниципальный район,22,22,22,22,22,23,23,23,13,13,13,21,21,21,21,21,3,2,2,2,2,2,1,1
Верхневилюйский муниципальный район,22,22,22,22,22,23,23,23,13,13,13,21,21,21,21,21,3,3,2,2,1,1,1,1
Верхнекетский муниципальный район,22,22,22,23,23,23,23,23,13,13,13,21,21,21,21,21,3,3,3,2,1,1,1,1
Верхнеколымский муниципальный район,22,22,22,22,22,23,23,23,13,13,13,21,21,21,21,21,3,2,2,2,2,2,1,1
Верхнетоемский муниципальный округ,22,22,22,22,22,23,23,23,23,13,13,21,21,21,21,21,3,3,3,3,1,1,1,1
Верхнеуральский муниципальный район,22,22,22,22,22,23,23,23,23,13,13,21,21,21,21,21,3,3,3,3,1,1,1,1
Верхнеуслонский муниципальный район,5,5,5,5,5,5,5,5,5,5,5,5,5,5,5,5,5,5,5,5,5,5,5,5
Верховажский муниципальный округ,22,22,22,22,22,23,23,23,13,13,13,21,21,21,21,21,3,3,3,3,1,1,1,1
Верховский муниципальный район,22,22,22,22,22,23,23,23,23,13,13,21,21,21,21,21,3,3,3,3,1,1,1,1
Верхошижемский муниципальный район,22,22,22,22,22,23,23,23,23,13,13,21,21,21,21,21,3,3,3,1,1,1,1,1
Верхоянский муниципальный район,22,22,22,22,22,23,23,23,13,13,13,21,21,21,21,21,3,2,2,2,2,2,1,1
Ветлужский муниципальный округ,22,22,22,22,22,23,23,23,23,13,13,21,21,21,21,21,3,3,3,3,1,1,1,1
Вешкаймский муниципальный район,22,22,22,22,22,23,23,23,23,13,13,21,21,21,21,21,3,3,3,3,1,1,1,1
Викуловский муниципальный район,22,22,22,22,22,23,23,23,13,13,13,21,21,21,21,21,3,3,3,3,1,1,1,1
Вилюйский муниципальный район,22,22,22,22,22,23,23,23,13,13,13,21,21,21,21,21,3,3,2,2,1,1,1,1
Виноградовский муниципальный округ,22,22,22,22,22,23,23,23,23,13,13,21,21,21,21,21,3,3,3,3,1,1,1,1
Вичугский муниципальный район,22,22,22,22,22,23,23,23,23,13,13,21,21,21,21,21,3,3,3,3,1,1,1,1
Вожегодский муниципальный округ,22,22,22,22,22,23,23,23,23,13,13,21,21,21,21,21,3,3,3,3,1,1,1,1
Вознесенский муниципальный округ,22,22,22,22,22,23,23,23,23,13,13,21,21,21,21,21,3,3,3,3,1,1,1,1
Вологодский муниципальный округ,22,22,22,22,8,8,23,23,13,13,13,13,13,13,8,8,3,3,3,3,2,2,1,1
Володарский муниципальный округ,22,22,22,22,22,23,23,23,23,13,13,21,21,21,21,21,3,3,3,3,2,2,1,1
Волосовский муниципальный район,22,22,22,22,22,23,23,23,23,13,13,21,21,21,21,21,3,3,3,3,1,1,1,1
Волховский муниципальный район,22,22,22,22,22,23,23,23,23,13,13,21,21,21,21,21,3,3,3,2,2,2,1,1
Волчихинский муниципальный район,22,22,22,22,22,23,23,23,13,13,13,21,21,21,21,21,3,3,3,3,1,1,1,1
Вольский муниципальный район,22,22,22,22,22,23,23,23,23,13,13,21,21,21,21,21,3,3,3,2,2,2,1,1
Воскресенский муниципальный округ,22,22,22,22,22,23,23,23,23,13,13,21,21,21,21,21,3,3,3,3,1,1,1,1
Воскресенский муниципальный район,22,22,22,22,22,23,23,23,23,13,13,21,21,21,21,21,3,3,3,1,1,1,1,1
Вохомский муниципальный район,22,22,22,22,22,23,23,23,23,13,13,21,21,21,21,21,3,3,3,1,1,1,1,1
Всеволожский муниципальный район,22,22,22,22,22,23,23,23,23,13,13,21,21,21,21,21,3,3,2,2,2,2,1,1
Вурнарский муниципальный округ,22,22,22,22,22,23,23,23,23,13,13,21,21,21,21,21,3,3,3,3,1,1,1,1
Выборгский муниципальный район,22,22,22,22,22,23,23,23,23,13,13,21,21,21,21,21,3,3,2,2,2,2,1,1
Высокогорский муниципальный район,22,22,22,22,22,23,23,23,23,13,13,21,21,21,21,21,3,3,3,2,2,2,1,1
Вытегорский муниципальный район,22,22,22,22,22,23,23,23,23,13,13,21,21,21,21,21,3,3,3,2,1,1,1,1
Вязниковский муниципальный район,22,22,22,22,22,23,23,23,23,13,13,21,21,21,21,21,3,3,3,2,2,2,1,1
Вятскополянский муниципальный район,22,22,22,22,22,23,23,23,23,13,13,21,21,21,21,21,3,3,3,3,1,1,1,1
Гаврилов-Ямский муниципальный район,22,22,22,22,22,23,23,23,23,13,13,21,21,21,21,21,3,3,3,3,1,1,1,1
Гаврилово-Посадский муниципальный район,22,22,22,22,22,23,23,23,23,13,13,21,21,21,21,21,3,3,3,3,1,1,1,1
Гавриловский муниципальный округ,22,22,22,22,22,23,23,23,23,13,13,21,21,21,21,21,3,3,3,1,1,1,1,1
Гагаринский муниципальный район,22,22,22,22,22,23,23,23,23,13,13,21,21,21,21,21,3,3,3,3,2,2,1,1
Гагинский муниципальный округ,22,22,22,22,22,23,23,23,23,13,13,21,21,21,21,21,3,3,3,1,1,1,1,1
Газимуро-Заводский муниципальный округ,22,22,22,22,22,23,23,23,13,13,13,21,21,21,21,21,2,2,2,2,2,2,1,1
Галичский муниципальный район,22,22,22,22,22,23,23,23,23,13,13,21,21,21,21,21,3,3,3,1,1,1,1,1
Гатчинский муниципальный район,22,22,22,22,22,23,23,23,23,13,13,21,21,21,21,21,3,3,2,2,2,2,1,1
Гафурийский муниципальный район,22,22,22,22,23,23,23,23,23,13,13,21,21,21,21,21,3,3,3,3,1,1,1,1
Гдовский муниципальный район,22,22,22,22,22,23,23,23,23,13,13,21,21,21,21,21,3,3,3,3,1,1,1,1
Гиагинский муниципальный район,22,22,22,22,22,23,23,23,23,13,13,21,21,21,21,21,3,3,3,3,1,1,1,1
Глазуновский муниципальный район,22,22,22,22,22,23,23,23,23,13,13,21,21,21,21,21,3,3,3,3,1,1,1,1
Глинковский муниципальный район,22,22,22,22,22,23,23,23,23,13,13,21,21,21,21,21,3,3,3,1,1,1,1,1
Горномарийский муниципальный район,22,22,22,22,23,23,23,23,23,13,13,21,21,21,21,21,3,3,3,3,1,1,1,1
Горный муниципальный район,22,22,22,22,22,23,23,23,13,13,13,21,21,21,21,21,3,3,2,2,1,1,1,1
Городецкий муниципальный округ,22,22,22,22,22,23,23,23,23,13,13,21,21,21,21,21,3,3,3,2,2,2,1,1
Городовиковский муниципальный район,22,22,22,22,22,23,23,23,23,13,13,21,21,21,21,21,3,3,3,3,1,1,1,1
Гороховецкий муниципальный район,22,22,22,22,22,23,23,23,13,13,13,21,21,21,21,21,3,3,3,3,1,1,1,1
Горьковский муниципальный район,22,22,22,22,22,23,23,23,13,13,13,21,21,21,21,21,3,3,3,3,1,1,1,1
Грачёвский муниципальный округ,22,22,22,22,22,23,23,23,23,13,13,21,21,21,21,21,3,3,3,3,1,1,1,1
Грачёвский муниципальный район,22,22,22,22,22,23,23,23,23,13,13,21,21,21,21,21,3,3,3,3,1,1,1,1
Грязинский муниципальный район,22,22,22,22,22,23,23,23,23,13,13,21,21,21,21,21,3,3,3,3,2,2,1,1
Грязовецкий муниципальный округ,22,22,22,22,22,23,23,23,23,13,13,21,21,21,21,21,3,3,3,3,1,1,1,1
Гурьевский муниципальный округ,22,22,22,22,22,23,23,23,23,13,13,21,21,21,21,21,3,3,3,2,1,1,1,1
Гусь-Хрустальный муниципальный район,22,22,22,22,22,23,23,23,23,13,13,21,21,21,21,21,3,3,3,3,3,3,3,3
Давлекановский муниципальный район,22,22,22,22,22,23,23,23,23,13,13,21,21,21,21,21,3,3,3,3,1,1,1,1
Далматовский муниципальный округ,22,22,22,22,22,23,23,23,13,13,13,13,21,21,21,21,3,3,3,3,1,1,1,1
Дальнеконстантиновский муниципальный округ,22,22,22,22,22,23,23,23,13,13,13,21,21,21,21,21,3,3,3,3,1,1,1,1
Дальнереченский муниципальный район,22,22,22,22,22,23,23,13,13,13,13,21,21,21,21,21,3,3,2,2,1,1,1,1
Данковский муниципальный район,22,22,22,22,22,23,23,23,23,13,13,21,21,21,21,21,3,3,3,3,1,1,1,1
Даровской муниципальный район,22,22,22,22,22,23,23,23,23,13,13,21,21,21,21,21,3,3,3,1,1,1,1,1
Дедовичский муниципальный район,22,22,22,22,22,23,23,23,13,13,13,21,21,21,21,21,3,3,3,3,1,1,1,1
Демидовский муниципальный район,22,22,22,22,22,23,23,23,23,13,13,21,21,21,21,21,3,3,3,3,1,1,1,1
Дергачевский муниципальный район,22,22,22,22,22,23,23,23,23,13,13,21,21,21,21,21,3,3,3,3,1,1,1,1
Дзун-Хемчикский муниципальный район,22,22,22,22,22,23,23,23,13,13,13,21,21,21,21,21,3,3,2,2,1,1,1,1
Дивеевский муниципальный округ,22,22,22,22,22,23,23,23,23,13,13,21,21,21,21,21,3,3,3,3,1,1,1,1
Дигорский муниципальный район,22,22,22,22,22,22,23,23,23,23,23,21,21,21,21,21,3,3,3,3,1,1,1,1
Дновский муниципальный район,22,22,22,22,22,23,23,23,23,13,13,21,21,21,21,21,3,3,3,3,1,1,1,1
Добринский муниципальный район,22,22,22,22,22,23,23,23,13,13,13,21,21,21,21,21,3,3,3,3,1,1,1,1
Доволенский муниципальный район,22,22,22,22,22,23,23,23,13,13,13,21,21,21,21,21,3,3,3,3,1,1,1,1
Долгоруковский муниципальный район,22,22,22,22,22,23,23,23,23,13,13,21,21,21,21,21,3,3,3,3,1,1,1,1
Должанский муниципальный район,22,22,22,22,22,23,23,23,23,13,13,21,21,21,21,21,3,3,3,3,1,1,1,1
Домбаровский муниципальный район,22,22,22,22,22,23,23,23,13,13,13,21,21,21,21,21,3,3,3,3,1,1,1,1
Дорогобужский муниципальный район,22,22,22,22,22,23,23,23,23,13,13,21,21,21,21,21,3,3,3,3,1,1,1,1
Дрожжановский муниципальный район,22,22,22,22,22,23,23,23,23,13,13,21,21,21,21,21,3,3,3,3,1,1,1,1
Дубовский муниципальный район,22,22,22,22,22,23,23,23,23,13,13,21,21,21,21,21,3,3,3,3,1,1,1,1
Дуванский муниципальный район,22,22,22,22,23,23,23,23,23,13,13,21,21,21,21,21,3,3,3,3,1,1,1,1
Дульдургинский муниципальный район,22,22,22,22,22,23,23,23,13,13,13,21,21,21,21,21,3,3,2,2,1,1,1,1
Думиничский муниципальный район,22,22,22,22,22,23,23,23,23,13,13,21,21,21,21,21,3,3,3,3,1,1,1,1
Духовницкий муниципальный район,22,22,22,22,22,23,23,23,23,13,13,21,21,21,21,21,3,3,3,3,1,1,1,1
Духовщинский муниципальный район,22,22,22,22,22,23,23,23,23,13,13,21,21,21,21,21,3,3,3,3,1,1,1,1
Дюртюлинский муниципальный район,22,22,22,22,22,23,23,23,23,13,13,21,21,21,21,21,3,3,3,2,2,2,1,1
Егорьевский муниципальный район,22,22,22,22,22,23,23,23,13,13,13,21,21,21,21,21,3,3,3,3,1,1,1,1
Екатериновский муниципальный район,22,22,22,22,22,23,23,23,23,13,13,21,21,21,21,21,3,3,3,3,1,1,1,1
Елабужский муниципальный район,5,5,5,5,5,5,5,23,23,4,4,4,4,4,4,4,3,2,2,2,2,2,1,1
Еланский муниципальный район,22,22,22,22,22,23,23,23,23,13,13,21,21,21,21,21,3,3,3,3,1,1,1,1
Елизовский муниципальный район,22,22,22,22,22,23,23,23,23,13,13,21,21,21,21,21,3,3,2,2,2,2,1,1
Елховский муниципальный район,22,22,22,22,22,23,23,23,23,13,13,21,21,21,21,21,3,3,3,3,1,1,1,1
Ельниковский муниципальный район,22,22,22,22,22,23,23,23,23,13,13,21,21,21,21,21,3,3,3,3,1,1,1,1
Ельнинский муниципальный район,22,22,22,22,22,23,23,23,23,13,13,21,21,21,21,21,3,3,3,3,1,1,1,1
Ельцовский муниципальный район,22,22,22,22,22,23,23,23,13,13,13,13,13,13,13,13,3,3,3,3,1,1,1,1
Еманжелинский муниципальный район,22,22,22,22,22,23,23,23,23,13,13,21,21,21,21,21,3,3,3,3,1,1,1,1
Емельяновский муниципальный район,22,22,22,22,22,23,23,23,23,13,13,21,21,21,21,21,3,3,2,2,2,2,1,1
Енисейский муниципальный район,22,22,22,22,23,23,23,23,23,13,13,21,21,21,21,21,3,3,3,2,1,1,1,1
Енотаевский муниципальный район,29,29,29,29,29,29,29,29,29,21,21,21,21,21,21,1,1,1,1,1,1,1,1,1
Ермаковский муниципальный район,22,22,22,22,22,23,23,23,13,13,13,21,21,21,21,21,3,3,3,2,1,1,1,1
Ермекеевский муниципальный район,22,22,22,22,23,23,23,23,23,13,13,21,21,21,21,21,3,3,3,3,1,1,1,1
Ермишинский муниципальный район,22,22,22,22,22,23,23,23,23,13,13,21,21,21,21,21,3,3,3,3,1,1,1,1
Ершичский муниципальный район,22,22,22,22,22,23,23,23,23,13,13,21,21,21,21,21,3,3,3,1,1,1,1,1
Ершовский муниципальный район,23,23,23,23,23,23,23,23,13,13,13,21,21,21,21,21,3,3,3,3,1,1,1,1
Еткульский муниципальный район,22,22,22,22,22,23,23,23,23,13,13,21,21,21,21,21,3,3,3,3,1,1,1,1
Жердевский муниципальный округ,22,22,22,22,22,23,23,23,13,13,13,21,21,21,21,21,3,3,3,3,1,1,1,1
Жигаловский муниципальный район,22,22,22,22,22,23,23,23,13,13,13,21,21,21,21,21,3,2,2,2,2,2,1,1
Жиздринский муниципальный район,22,22,22,22,22,23,23,23,23,13,13,21,21,21,21,21,3,3,3,3,1,1,1,1
Жирновский муниципальный район,22,22,22,22,22,23,23,23,23,13,13,21,21,21,21,21,3,3,3,3,1,1,1,1
Жуковский муниципальный район,22,22,22,22,23,23,23,23,23,21,21,21,21,21,21,21,21,3,3,2,2,2,1,1
Забайкальский муниципальный район,22,22,22,22,22,23,23,23,13,13,13,21,21,21,21,21,3,3,2,2,1,1,1,1
Завитинский муниципальный округ,22,22,22,22,22,23,23,23,13,13,13,21,21,21,21,21,3,3,2,2,1,1,1,1
Заволжский муниципальный район,22,22,22,22,22,23,23,23,23,13,13,21,21,21,21,21,3,3,3,3,1,1,1,1
Завьяловский муниципальный район,22,22,22,22,22,23,23,23,13,13,13,21,21,21,21,21,3,3,3,3,1,1,1,1
Задонский муниципальный район,22,22,22,22,22,23,23,23,13,13,13,21,21,21,21,21,3,3,3,3,1,1,1,1
Заинский муниципальный район,22,22,22,22,22,23,23,23,23,13,13,21,21,21,21,21,3,3,3,2,2,2,1,1
Заларинский муниципальный район,22,22,22,22,22,23,23,23,13,13,13,21,21,21,21,21,3,3,3,2,1,1,1,1
Залегощенский муниципальный район,22,22,22,22,22,23,23,23,23,13,13,21,21,21,21,21,3,3,3,3,1,1,1,1
Залесовский муниципальный округ,22,22,22,22,22,23,23,23,13,13,13,21,21,21,21,21,21,3,3,3,1,1,1,1
Заокский муниципальный район,22,22,22,22,22,23,23,23,13,13,13,21,21,21,21,21,3,3,3,3,1,1,1,1
Захаровский муниципальный район,22,22,22,22,22,23,23,23,23,13,13,21,21,21,21,21,3,3,3,3,1,1,1,1
Звениговский муниципальный район,22,22,22,22,22,23,23,23,23,13,13,21,21,21,21,21,3,3,3,3,1,1,1,1
Звериноголовский муниципальный округ,22,22,22,22,22,23,23,23,13,13,13,21,21,21,21,21,3,3,3,3,1,1,1,1
Здвинский муниципальный район,22,22,22,22,22,23,23,23,13,13,13,21,21,21,21,21,21,3,3,3,1,1,1,1
Зейский муниципальный округ,22,22,22,22,22,23,23,23,13,13,13,21,21,21,21,21,3,2,2,2,2,2,1,1
Зеленодольский муниципальный район,22,22,22,22,22,23,23,23,23,13,13,21,21,21,21,21,3,3,2,2,2,2,1,1
Зеленчукский муниципальный район,22,22,22,22,22,23,23,23,23,13,13,21,21,21,21,21,1,1,1,1,1,1,1,1
Земетчинский муниципальный район,22,22,22,22,22,23,23,23,23,13,13,21,21,21,21,21,3,3,3,3,1,1,1,1
Зианчуринский муниципальный район,22,22,22,22,23,23,23,23,23,13,13,21,21,21,21,21,3,3,3,3,1,1,1,1
Зилаирский муниципальный район,22,22,22,22,23,23,23,23,23,13,13,21,21,21,21,21,3,3,3,3,1,1,1,1
Зиминский муниципальный район,22,22,22,22,22,23,23,23,13,13,13,21,21,21,21,21,3,3,3,2,1,1,1,1
Змеиногорский муниципальный район,22,22,22,22,22,23,23,23,23,13,13,21,21,21,21,21,3,3,3,2,1,1,1,1
Знаменский муниципальный округ,22,22,22,22,22,23,23,23,23,13,13,21,21,21,21,21,3,3,3,3,1,1,1,1
Зональный муниципальный район,22,22,22,22,22,23,23,13,13,13,13,21,21,21,21,21,3,3,3,3,1,1,1,1
Зубово-Полянский муниципальный район,22,22,22,22,22,13,13,13,13,13,13,13,13,13,3,3,3,3,3,3,3,3,3,3
Зуевский муниципальный район,22,22,22,22,22,23,23,23,23,13,13,21,21,21,21,21,3,3,3,3,1,1,1,1
Зырянский муниципальный район,22,22,22,22,22,23,23,23,13,13,13,21,21,21,21,21,21,3,3,3,1,1,1,1
Ибресинский муниципальный округ,22,22,22,22,23,23,23,23,23,13,13,21,21,21,21,21,3,3,3,3,1,1,1,1
Ивановский муниципальный округ,22,22,22,22,22,23,23,23,13,13,13,21,21,21,21,21,3,3,2,2,1,1,1,1
Ивановский муниципальный район,8,8,8,8,8,8,8,8,8,8,8,8,8,8,8,8,3,3,3,3,2,2,1,1
Ивантеевский муниципальный район,22,22,22,22,22,23,23,23,23,13,13,21,21,21,21,21,3,3,3,3,1,1,1,1
Иглинский муниципальный район,22,22,22,22,22,23,23,23,23,13,13,21,21,21,21,21,3,3,3,2,2,2,1,1
Идринский муниципальный район,22,22,22,22,22,23,23,23,13,13,13,21,21,21,21,21,21,3,3,3,1,1,1,1
Ижемский муниципальный район,22,22,22,22,22,23,23,23,13,13,13,21,21,21,21,21,3,3,3,2,1,1,1,1
Ижморский муниципальный округ,22,22,22,22,22,23,23,23,13,13,13,21,21,21,21,21,21,3,3,3,1,1,1,1
Износковский муниципальный район,22,22,22,22,22,23,23,23,23,13,13,21,21,21,21,21,3,3,3,1,1,1,1,1
Икрянинский муниципальный район,22,22,22,22,6,6,6,6,6,6,6,6,6,6,6,6,6,6,6,6,6,6,6,6
Иланский муниципальный район,22,22,22,22,22,23,23,23,23,13,13,21,21,21,21,21,3,3,3,2,1,1,1,1
Илекский муниципальный район,22,22,22,22,22,23,23,23,23,13,13,21,21,21,21,21,3,3,3,3,1,1,1,1
Илишевский муниципальный район,22,22,22,22,23,23,23,23,23,13,13,21,21,21,21,21,3,3,3,3,1,1,1,1
Иловлинский муниципальный район,22,22,22,22,22,23,23,23,23,13,13,21,21,21,21,21,3,3,3,3,1,1,1,1
Ильинский муниципальный район,22,22,22,22,22,23,23,23,23,13,13,21,21,21,21,21,3,3,3,1,1,1,1,1
Инжавинский муниципальный округ,22,22,22,22,22,23,23,23,13,13,13,21,21,21,21,21,3,3,3,3,1,1,1,1
Инзенский муниципальный район,22,22,22,22,22,23,23,23,23,13,13,21,21,21,21,21,3,3,3,3,1,1,1,1
Инсарский муниципальный район,22,22,22,22,22,23,23,23,23,13,13,21,21,21,21,21,3,3,3,3,1,1,1,1
Ирафский муниципальный район,22,22,22,22,22,23,23,23,23,23,23,21,21,21,21,21,3,3,3,3,1,1,1,1
Ирбейский муниципальный район,22,22,22,22,22,23,23,23,13,13,13,21,21,21,21,21,21,3,3,2,1,1,1,1
Иркутский муниципальный район,5,5,5,5,5,5,5,5,5,13,13,21,21,21,21,21,3,2,2,2,2,2,1,1
Исаклинский муниципальный район,22,22,22,22,22,23,23,23,23,13,13,21,21,21,21,21,3,3,3,3,1,1,1,1
Исетский муниципальный район,22,22,22,22,22,23,23,23,13,13,13,21,21,21,21,21,3,3,3,2,1,1,1,1
Исилькульский муниципальный район,22,22,22,22,22,23,23,23,13,13,13,21,21,21,21,21,3,3,3,3,1,1,1,1
Искитимский муниципальный район,22,22,22,22,22,23,23,23,13,13,13,21,21,21,21,21,3,3,3,3,1,1,1,1
Иссинский муниципальный район,22,22,22,22,22,23,23,23,23,13,13,21,21,21,21,21,3,3,3,3,1,1,1,1
Ичалковский муниципальный район,22,22,22,22,22,23,23,23,23,13,13,21,21,21,21,21,3,3,3,3,1,1,1,1
Ишимбайский муниципальный район,22,22,22,22,22,23,23,23,23,13,13,21,21,21,21,21,3,3,3,2,2,2,1,1
Ишимский муниципальный район,22,22,22,22,22,23,23,23,23,13,13,21,21,21,21,21,3,3,3,3,1,1,1,1
Каа-Хемский муниципальный район,22,22,22,22,22,23,23,23,13,13,13,21,21,21,21,21,3,3,3,2,1,1,1,1
Кавалеровский муниципальный округ,22,22,22,22,22,23,23,23,13,13,13,21,21,21,21,21,3,3,2,2,1,1,1,1
Кадомский муниципальный район,22,22,22,22,22,23,23,23,23,13,13,21,21,21,21,21,3,3,3,1,1,1,1,1
Кадошкинский муниципальный район,22,22,22,22,22,23,23,23,23,13,13,21,21,21,21,21,3,3,3,1,1,1,1,1
Кадуйский муниципальный округ,22,22,22,22,22,23,23,23,23,13,13,21,21,21,21,21,3,3,3,1,1,1,1,1
Кадыйский муниципальный район,22,22,22,22,22,23,23,23,23,13,13,21,21,21,21,21,3,3,3,1,1,1,1,1
Казанский муниципальный район,22,22,22,22,22,23,23,23,13,13,13,21,21,21,21,21,3,3,3,2,1,1,1,1
Казачинский муниципальный район,22,22,22,22,22,23,23,23,13,13,13,21,21,21,21,21,21,3,3,2,1,1,1,1
Казачинско-Ленский муниципальный район,22,22,22,22,22,23,23,23,13,13,13,21,21,21,21,21,3,2,2,2,1,1,1,1
Кайбицкий муниципальный район,22,22,22,22,22,23,23,23,23,13,13,13,21,21,21,21,3,3,3,3,1,1,1,1
Каларский муниципальный округ,22,22,22,22,22,23,23,23,13,13,13,21,21,21,21,21,3,2,2,2,2,2,1,1
Калачевский муниципальный район,22,22,22,22,22,23,23,23,23,13,13,21,21,21,21,21,3,3,3,3,1,1,1,1
Калачинский муниципальный район,22,22,22,22,22,23,23,23,13,13,13,21,21,21,21,21,3,3,3,3,1,1,1,1
Калганский муниципальный округ,22,22,22,22,22,23,23,23,13,13,13,21,21,21,21,21,3,3,2,2,1,1,1,1
Калевальский муниципальный район,22,22,22,22,22,23,23,23,13,13,13,21,21,21,21,21,3,3,3,2,1,1,1,1
Калининский муниципальный район,22,22,22,22,22,23,23,23,23,13,13,21,21,21,21,21,3,3,3,3,1,1,1,1
Калманский муниципальный район,22,22,22,22,22,23,23,23,13,13,13,21,21,21,21,21,3,3,3,3,1,1,1,1
Калтасинский муниципальный район,22,22,22,22,23,23,23,23,23,13,13,21,21,21,21,21,3,3,3,3,1,1,1,1
Камешкирский муниципальный район,22,22,22,22,22,23,23,23,23,13,13,21,21,21,21,21,3,3,3,1,1,1,1,1
Камешковский муниципальный район,22,22,22,22,22,23,23,23,23,13,13,21,21,21,21,21,3,3,3,3,1,1,1,1
Камско-Устьинский муниципальный район,22,22,22,22,22,23,23,23,23,13,13,21,21,21,21,21,3,3,3,3,1,1,1,1
Камызякский муниципальный район,22,22,22,22,6,6,6,6,6,6,6,6,6,6,6,6,6,6,6,6,6,6,6,6
Камышлинский муниципальный район,22,22,22,22,22,23,23,23,23,13,13,21,21,21,21,21,3,3,3,3,1,1,1,1
Камышловский муниципальный район,22,22,22,22,22,23,23,23,23,13,13,21,21,21,21,21,3,3,3,3,1,1,1,1
Кандалакшский муниципальный район,22,22,22,22,22,23,23,23,23,13,13,21,21,21,21,21,3,3,2,2,2,2,1,1
Караидельский муниципальный район,22,22,22,22,23,23,23,23,23,13,13,21,21,21,21,21,3,3,3,3,1,1,1,1
Карасукский муниципальный район,22,22,22,22,22,23,23,23,23,13,13,21,21,21,21,21,3,3,3,2,1,1,1,1
Каратузский муниципальный район,22,22,22,22,22,23,23,23,13,13,13,21,21,21,21,21,21,3,3,2,1,1,1,1
Каргапольский муниципальный округ,22,22,22,22,22,23,23,23,13,13,13,21,21,21,21,21,3,3,3,3,1,1,1,1
Каргасокский муниципальный район,22,22,22,22,22,23,23,23,23,13,13,21,21,21,21,21,21,2,2,2,1,1,1,1
Каргатский муниципальный район,22,22,22,22,22,23,23,23,13,13,13,21,21,21,21,21,3,3,3,3,1,1,1,1
Кардымовский муниципальный район,22,22,22,22,22,23,23,23,23,13,13,21,21,21,21,21,3,3,3,3,1,1,1,1
Кармаскалинский муниципальный район,22,22,22,22,23,23,23,23,23,13,13,21,21,21,21,21,3,3,3,3,1,1,1,1
Карсунский муниципальный район,22,22,22,22,22,23,23,23,23,13,13,21,21,21,21,21,3,3,3,3,1,1,1,1
Карталинский муниципальный район,22,22,22,22,22,23,23,23,23,13,13,21,21,21,21,21,3,3,3,3,1,1,1,1
Карымский муниципальный район,22,22,22,22,22,23,23,23,13,13,13,21,21,21,21,21,3,3,2,2,1,1,1,1
Касимовский муниципальный район,22,22,22,22,22,23,23,23,13,13,13,21,21,21,21,21,3,3,3,3,1,1,1,1
Каслинский муниципальный район,22,22,22,22,22,23,23,23,23,13,13,21,21,21,21,21,3,3,3,3,1,1,1,1
Катав-Ивановский муниципальный район,22,22,22,22,22,23,23,23,23,13,13,21,21,21,21,21,3,3,3,3,1,1,1,1
Катайский муниципальный округ,22,22,22,22,22,23,23,23,23,13,13,21,21,21,21,21,3,3,3,3,1,1,1,1
Катангский муниципальный район,22,22,22,22,22,23,23,23,13,13,13,21,21,21,21,21,3,2,2,2,2,2,1,1
Качугский муниципальный район,22,22,22,22,22,23,23,23,13,13,13,21,21,21,21,21,3,3,3,2,1,1,1,1
Кваркенский муниципальный район,22,22,22,22,22,23,23,23,13,13,13,21,21,21,21,21,3,3,3,3,1,1,1,1
Кежемский муниципальный район,22,22,22,22,22,23,23,23,23,13,13,21,21,21,21,21,3,2,2,2,1,1,1,1
Кемеровский муниципальный округ,8,8,8,8,13,13,13,13,13,13,13,13,21,21,21,21,3,3,3,2,2,2,1,1
Кемский муниципальный район,22,22,22,22,22,23,23,23,23,13,13,21,21,21,21,21,3,3,3,2,1,1,1,1
Кигинский муниципальный район,22,22,22,22,23,23,23,23,23,13,13,21,21,21,21,21,3,3,3,3,1,1,1,1
Кизильский муниципальный район,22,22,22,22,22,23,23,23,23,13,13,21,21,21,21,21,3,3,3,3,1,1,1,1
Киквидзенский муниципальный район,22,22,22,22,22,23,23,23,23,13,13,21,21,21,21,21,3,3,3,3,1,1,1,1
Килемарский муниципальный район,22,22,22,22,22,23,23,23,13,13,13,21,21,21,21,21,3,3,3,3,1,1,1,1
Кильмезский муниципальный район,22,22,22,22,22,23,23,23,23,13,13,21,21,21,21,21,3,3,3,1,1,1,1,1
Кимовский муниципальный район,22,22,22,22,22,23,23,23,13,13,13,21,21,21,21,21,3,3,3,3,1,1,1,1
Кингисеппский муниципальный район,22,22,5,5,5,5,5,23,23,4,4,4,4,4,4,4,3,2,2,2,2,2,1,1
Кинель-Черкасский муниципальный район,22,22,22,22,22,23,23,23,23,13,13,21,21,21,21,21,3,3,3,3,1,1,1,1
Кинельский муниципальный район,22,22,22,22,22,23,23,23,13,13,13,21,21,21,21,21,3,3,3,3,1,1,1,1
Кинешемский муниципальный район,22,22,22,22,22,23,23,23,13,13,13,13,21,21,21,21,3,3,3,3,1,1,1,1
Киреевский муниципальный район,22,22,22,22,22,23,23,23,13,13,13,21,21,21,21,21,3,3,3,3,1,1,1,1
Киренский муниципальный район,22,22,22,22,22,23,23,23,13,13,13,21,21,21,21,21,3,2,2,2,1,1,1,1
Киржачский муниципальный район,22,22,22,22,22,23,23,23,23,13,13,21,21,21,21,21,3,3,3,2,2,2,1,1
Кирилловский муниципальный округ,22,22,22,22,22,23,23,23,13,13,13,21,21,21,21,21,3,3,3,3,1,1,1,1
Киришский муниципальный район,22,22,22,5,5,5,5,5,5,4,4,4,4,4,4,4,4,4,1,1,1,1,1,1
Кирово-Чепецкий муниципальный район,22,22,22,22,22,23,23,23,23,13,13,21,21,21,21,21,3,3,3,3,1,1,1,1
Кичменгско-Городецкий муниципальный округ,22,22,22,22,22,23,23,23,13,13,13,21,21,21,21,21,3,3,3,3,1,1,1,1
Клепиковский муниципальный район,22,22,22,22,22,23,23,23,23,13,13,21,21,21,21,21,3,3,3,3,1,1,1,1
Клетский муниципальный район,22,22,22,22,22,23,23,23,23,13,13,21,21,21,21,21,3,3,3,3,1,1,1,1
Ключевский муниципальный район,22,22,22,22,22,23,23,23,13,13,13,21,21,21,21,21,3,3,3,3,1,1,1,1
Клявлинский муниципальный район,22,22,22,22,22,23,23,23,23,13,13,21,21,21,21,21,3,3,3,3,1,1,1,1
Княгининский муниципальный округ,22,22,22,22,22,23,23,23,23,13,13,21,21,21,21,21,3,3,3,3,1,1,1,1
Княжпогостский муниципальный район,22,22,22,22,22,23,23,23,23,13,13,21,21,21,21,21,3,3,3,2,1,1,1,1
Ковдорский муниципальный округ,22,22,22,22,22,23,23,23,23,13,13,21,21,21,21,21,3,3,2,2,2,2,1,1
Ковернинский муниципальный округ,22,22,22,22,22,23,23,23,23,13,13,21,21,21,21,21,3,3,3,3,1,1,1,1
Ковылкинский муниципальный район,22,22,22,22,22,23,23,23,23,13,13,21,21,21,21,21,3,3,3,3,1,1,1,1
Кожевниковский муниципальный район,22,22,22,22,22,23,23,23,23,3,3,3,3,3,3,3,3,3,3,3,3,1,1,1
Козельский муниципальный район,22,22,22,22,22,23,23,23,13,13,13,21,21,21,21,21,3,3,3,3,1,1,1,1
Козловский муниципальный округ,22,22,22,22,22,23,23,23,23,13,13,21,21,21,21,21,3,3,3,3,1,1,1,1
Козульский муниципальный район,22,22,22,22,22,23,23,23,13,13,13,21,21,21,21,21,21,3,3,2,1,1,1,1
Койгородский муниципальный район,22,22,22,22,22,23,23,23,23,13,13,21,21,21,21,21,3,3,3,3,1,1,1,1
Кологривский муниципальный округ,22,22,22,22,22,23,23,23,23,13,13,21,21,21,21,21,3,3,3,1,1,1,1,1
Колосовский муниципальный район,22,22,22,22,22,23,23,23,13,13,13,21,21,21,21,21,21,3,3,3,1,1,1,1
Колпашевский муниципальный район,22,22,22,22,22,23,23,23,23,13,13,21,21,21,21,21,3,3,3,2,1,1,1,1
Колпнянский муниципальный район,23,23,23,23,23,23,23,23,23,13,13,21,21,21,21,21,3,3,3,3,1,1,1,1
Колыванский муниципальный район,22,22,22,22,22,23,23,23,13,13,13,21,21,21,21,21,3,3,3,2,1,1,1,1
Колышлейский муниципальный район,22,22,22,22,22,23,23,23,23,13,13,21,21,21,21,21,3,3,3,3,1,1,1,1
Кольский муниципальный район,22,22,22,22,22,23,23,23,23,13,13,21,21,21,21,21,3,3,2,2,2,2,1,1
Кольчугинский муниципальный район,22,22,22,22,22,23,23,23,23,13,13,21,21,21,21,21,3,3,3,2,2,2,1,1
Комсомольский муниципальный округ,22,22,22,22,23,23,23,23,23,13,13,21,21,21,21,21,3,3,3,3,1,1,1,1
Кондинский муниципальный район,22,22,22,22,22,23,23,23,23,13,13,21,21,21,21,21,3,3,2,2,2,2,1,1
Кондопожский муниципальный район,22,22,22,22,22,23,23,23,23,13,13,21,21,21,21,21,3,3,3,2,1,1,1,1
Коношский муниципальный район,22,22,22,22,22,23,23,23,23,13,13,21,21,21,21,21,3,3,3,2,1,1,1,1
Константиновский муниципальный район,22,22,22,22,22,23,23,23,13,13,13,21,21,21,21,21,3,3,2,2,1,1,1,1
Кораблинский муниципальный район,22,22,22,22,22,23,23,23,23,13,13,21,21,21,21,21,3,3,3,1,1,1,1,1
Коркинский муниципальный округ,22,22,22,22,22,23,23,23,23,13,13,21,21,21,21,21,3,3,3,3,1,2,1,1
Кормиловский муниципальный район,22,22,22,22,22,23,23,23,13,13,13,21,21,21,21,21,3,3,3,3,1,1,1,1
Корткеросский муниципальный район,22,22,22,22,22,23,23,23,23,13,13,21,21,21,21,21,3,3,3,3,1,1,1,1
Косихинский муниципальный район,22,22,22,22,22,23,23,23,13,13,13,21,21,21,21,21,3,3,3,3,1,1,1,1
Костромской муниципальный район,8,8,8,8,8,8,8,8,8,8,8,8,8,8,8,8,8,8,8,8,8,8,8,8
Котельниковский муниципальный район,22,22,22,22,22,23,23,23,13,13,13,21,21,21,21,21,21,3,3,3,1,1,1,1
Котельничский муниципальный район,22,22,22,22,22,23,23,23,23,13,13,21,21,21,21,21,3,3,3,3,1,1,1,1
Котласский муниципальный округ,22,22,22,22,22,23,23,23,23,13,13,21,21,21,21,21,3,3,3,1,1,1,1,1
Котовский муниципальный район,22,22,22,22,22,23,23,23,23,13,13,21,21,21,21,21,3,3,3,3,1,1,1,1
Коченевский муниципальный район,22,22,22,22,22,23,23,23,23,13,13,21,21,21,21,21,3,3,3,2,1,1,1,1
Кочковский муниципальный район,22,22,22,22,22,23,23,23,13,13,13,21,21,21,21,21,21,3,3,3,1,1,1,1
Кочубеевский муниципальный округ,22,22,22,22,22,23,23,23,23,13,13,21,21,21,21,21,3,3,3,3,1,1,1,1
Кош-Агачский муниципальный район,22,22,22,22,22,23,23,23,13,13,13,21,21,21,21,21,3,3,2,2,1,1,1,1
Кошехабльский муниципальный район,22,22,22,22,23,23,23,23,23,13,13,21,21,21,21,21,3,3,3,3,1,1,1,1
Кошкинский муниципальный район,22,22,22,22,22,23,23,23,23,13,13,21,21,21,21,21,3,3,3,3,1,1,1,1
Крапивинский муниципальный округ,22,22,22,22,22,23,23,23,13,13,13,21,21,21,21,21,3,3,3,2,1,1,1,1
Краснобаковский муниципальный округ,22,22,22,22,22,23,23,23,23,13,13,21,21,21,21,21,3,3,3,3,1,1,1,1
Красноборский муниципальный округ,22,22,22,22,22,23,23,23,23,13,13,21,21,21,21,21,3,3,3,3,1,1,1,1
Красногвардейский муниципальный округ,22,22,22,22,22,23,23,23,23,13,13,21,21,21,21,21,3,3,3,3,1,1,1,1
Красногорский муниципальный район,22,22,22,22,22,23,23,23,13,13,13,21,21,21,21,21,3,3,3,3,1,1,1,1
Краснозерский муниципальный район,22,22,22,22,22,23,23,23,13,13,13,21,21,21,21,21,3,3,3,2,1,1,1,1
Краснозоренский муниципальный район,22,22,22,22,22,23,23,23,23,13,13,21,21,21,21,21,3,3,3,1,1,1,1,1
Краснокамский муниципальный район,22,22,22,22,23,23,23,23,23,13,13,21,21,21,21,21,3,3,3,3,1,1,1,1
Краснокутский муниципальный район,22,22,22,22,22,23,23,23,23,13,13,21,21,21,21,21,3,3,3,3,1,1,1,1
Краснооктябрьский муниципальный округ,22,22,22,22,22,23,23,23,23,13,13,21,21,21,21,21,3,3,3,3,1,1,1,1
Краснопартизанский муниципальный район,22,22,22,22,22,23,23,23,23,13,13,21,21,21,21,21,3,3,3,3,1,1,1,1
Красносельский муниципальный район,22,22,22,22,22,23,23,23,23,13,13,21,21,21,21,21,3,3,3,3,1,1,1,1
Краснослободский муниципальный район,22,22,22,22,22,23,23,23,23,13,13,21,21,21,21,21,3,3,3,3,1,1,1,1
Краснотуранский муниципальный район,22,22,22,22,22,23,23,23,13,13,13,21,21,21,21,21,21,3,3,2,1,1,1,1
Красночетайский муниципальный округ,22,22,22,22,23,23,23,23,23,13,13,21,21,21,21,21,3,3,3,3,1,1,1,1
Красночикойский муниципальный район,22,22,22,22,22,23,23,23,13,13,13,21,21,21,21,21,3,3,2,2,1,1,1,1
Краснощёковский муниципальный район,22,22,22,22,22,23,23,23,13,13,13,21,21,21,21,21,3,3,3,3,1,1,1,1
Кривошеинский муниципальный район,22,22,22,22,22,23,23,23,13,13,13,21,21,21,21,21,21,3,3,2,1,1,1,1
Кромской муниципальный район,22,22,22,22,22,23,23,23,23,13,13,21,21,21,21,21,3,3,3,3,1,1,1,1
Крутинский муниципальный район,22,22,22,22,22,23,23,23,13,13,13,21,21,21,21,21,3,3,3,3,1,1,1,1
Крутихинский муниципальный район,22,22,22,22,22,23,23,23,13,13,13,21,21,21,21,21,21,3,3,3,1,1,1,1
Кстовский муниципальный округ,22,22,22,22,22,23,23,23,23,13,13,21,21,21,21,21,3,3,2,2,2,2,1,1
Кугарчинский муниципальный район,22,22,22,22,23,23,23,23,23,13,13,21,21,21,21,21,3,3,3,3,1,1,1,1
Куженерский муниципальный район,22,22,22,22,23,23,23,23,23,13,13,21,21,21,21,21,3,3,3,3,1,1,1,1
Кузоватовский муниципальный район,22,22,22,22,22,23,23,23,23,13,13,21,21,21,21,21,3,3,3,3,1,1,1,1
Куйтунский муниципальный район,22,22,22,22,22,23,23,23,13,13,13,21,21,21,21,21,3,3,3,2,1,1,1,1
Кукморский муниципальный район,22,22,22,22,23,23,23,23,23,13,13,21,21,21,21,21,3,3,3,3,1,1,1,1
Кулундинский муниципальный район,22,22,22,22,22,23,23,23,13,13,13,21,21,21,21,21,3,3,3,2,1,1,1,1
Куменский муниципальный район,22,22,22,22,22,23,23,23,23,13,13,21,21,21,21,21,3,3,3,3,1,1,1,1
Кумылженский муниципальный район,22,22,22,22,22,23,23,23,23,13,13,21,21,21,21,21,3,3,3,3,1,1,1,1
Кунашакский муниципальный район,22,22,22,22,22,23,23,23,23,13,13,21,21,21,21,21,3,3,3,3,1,1,1,1
Купинский муниципальный район,22,22,22,22,22,23,23,23,23,13,13,21,21,21,21,21,3,3,3,2,1,1,1,1
Курагинский муниципальный район,22,22,22,22,22,23,23,23,13,13,13,21,21,21,21,21,3,3,3,2,1,1,1,1
Куркинский муниципальный район,22,22,22,22,22,23,23,23,23,13,13,21,21,21,21,21,3,3,3,3,1,1,1,1
Курманаевский муниципальный район,22,22,22,22,22,23,23,23,23,13,13,21,21,21,21,21,3,3,3,3,1,1,1,1
Курский муниципальный округ,22,22,22,22,22,23,23,23,23,13,13,21,21,21,21,21,1,1,1,1,1,1,1,1
Куртамышский муниципальный округ,22,22,22,22,22,23,23,23,13,13,13,21,21,21,21,21,3,3,3,3,1,1,1,1
Курьинский муниципальный район,22,22,22,22,22,23,23,23,13,13,13,21,21,21,21,21,21,3,3,3,1,1,1,1
Кусинский муниципальный район,22,22,22,22,22,23,23,23,23,13,13,21,21,21,21,21,3,3,3,3,1,1,1,1
Кушнаренковский муниципальный район,22,22,22,22,23,23,23,23,23,13,13,21,21,21,21,21,3,3,3,3,1,1,1,1
Кызылский муниципальный район,22,22,22,22,22,23,23,23,13,13,13,21,21,21,21,21,3,3,2,2,1,1,1,1
Кыринский муниципальный район,22,22,22,22,22,23,23,23,13,13,13,21,21,21,21,21,3,3,2,2,1,1,1,1
Кытмановский муниципальный район,22,22,22,22,22,23,23,23,13,13,13,21,21,21,21,21,21,3,3,3,1,1,1,1
Кыштовский муниципальный район,22,22,22,22,22,23,23,23,13,13,13,21,21,21,21,21,21,3,3,3,1,1,1,1
Лаганский муниципальный район,22,22,22,22,22,23,23,23,23,13,13,21,21,21,21,21,3,3,3,3,1,1,1,1
Лазовский муниципальный округ,22,22,22,22,22,23,23,23,13,13,13,21,21,21,21,21,3,3,2,2,1,1,1,1
Лаишевский муниципальный район,5,5,5,5,5,5,5,23,23,4,4,4,4,4,4,4,3,2,2,2,2,2,1,1
Лахденпохский муниципальный район,22,22,22,22,22,23,23,23,23,13,13,21,21,21,21,21,3,3,3,2,1,1,1,1
Лебедянский муниципальный район,22,22,22,22,22,23,23,23,23,13,13,21,21,21,21,21,3,3,3,3,1,1,1,1
Лебяжьевский муниципальный округ,22,22,22,22,22,23,23,23,13,13,13,21,21,21,21,21,21,3,3,1,1,1,1,1
Лев-Толстовский муниципальный район,22,22,22,22,22,23,23,23,23,13,13,21,21,21,21,21,3,3,3,3,1,1,1,1
Левокумский муниципальный округ,22,22,22,22,22,23,23,23,23,13,13,21,21,21,21,21,3,3,3,3,1,1,1,1
Лежневский муниципальный район,22,22,22,22,22,23,23,23,23,13,13,21,21,21,21,21,3,3,3,3,1,1,1,1
Лениногорский муниципальный район,22,22,22,22,22,23,23,23,23,13,13,21,21,21,21,21,3,3,3,2,2,2,1,1
Лиманский муниципальный район,22,22,22,22,22,23,23,23,23,13,13,21,21,21,21,21,3,3,3,3,1,1,1,1
Ловозерский муниципальный район,22,22,22,22,22,23,23,23,23,13,13,21,21,21,21,21,3,2,2,2,1,1,1,1
Лодейнопольский муниципальный район,22,22,22,22,22,23,23,23,23,13,13,21,21,21,21,21,3,3,3,3,1,1,1,1
Локтевский муниципальный район,22,22,22,22,22,23,23,23,13,13,13,21,21,21,21,21,3,3,3,3,1,1,1,1
Ломоносовский муниципальный район,22,22,5,5,5,5,5,23,23,4,4,4,4,4,4,4,3,2,2,2,2,2,1,1
Лопатинский муниципальный район,22,22,22,22,22,23,23,23,23,13,13,21,21,21,21,21,3,3,3,1,1,1,1,1
Лоухский муниципальный район,22,22,22,22,22,23,23,23,23,13,13,21,21,21,21,21,3,2,2,2,1,1,1,1
Лужский муниципальный район,22,22,22,22,5,5,5,5,5,5,13,4,4,4,4,4,4,4,3,3,1,1,1,1
Лукояновский муниципальный округ,22,22,22,22,22,23,23,23,23,13,13,21,21,21,21,21,3,3,3,3,1,1,1,1
Лунинский муниципальный район,22,22,22,22,22,23,23,23,23,13,13,21,21,21,21,21,3,3,3,3,1,1,1,1
Лухский муниципальный район,22,22,22,22,22,23,23,23,23,13,13,21,21,21,21,21,3,3,3,1,1,1,1,1
Лысковский муниципальный округ,22,22,22,22,22,23,23,23,23,13,13,21,21,21,21,21,3,3,3,3,1,1,1,1
Лысогорский муниципальный район,22,22,22,22,22,23,23,23,23,13,13,21,21,21,21,21,3,3,3,3,1,1,1,1
Любимский муниципальный район,22,22,22,22,22,23,23,23,23,13,13,21,21,21,21,21,3,3,3,3,1,1,1,1
Любинский муниципальный район,22,22,22,22,22,23,23,23,23,13,13,21,21,21,21,21,3,3,3,3,1,1,1,1
Любытинский муниципальный район,22,22,22,22,22,23,23,23,23,13,13,21,21,21,21,21,3,3,3,3,1,1,1,1
Людиновский муниципальный район,22,22,22,22,22,23,23,23,23,13,13,21,21,21,21,21,3,3,3,3,1,1,1,1
Лямбирский муниципальный район,22,22,22,22,22,23,23,23,23,13,13,21,21,21,21,21,3,3,3,3,2,2,1,1
Магдагачинский муниципальный район,22,22,22,22,22,23,23,23,13,13,13,21,21,21,21,21,3,3,2,2,1,1,1,1
Мазановский муниципальный район,22,22,22,22,22,23,23,23,13,13,13,21,21,21,21,21,3,3,2,2,1,1,1,1
Майкопский муниципальный район,22,22,22,22,22,23,23,23,23,13,13,21,21,21,21,3,3,3,3,3,3,3,3,3
Майминский муниципальный район,22,22,22,22,22,23,23,23,23,23,23,21,21,21,21,2,2,2,2,2,1,1,1,1
Майнский муниципальный район,22,22,22,22,22,23,23,23,23,13,13,21,21,21,21,21,3,3,3,3,1,1,1,1
Майский муниципальный район,6,6,6,6,6,6,6,6,6,6,6,6,6,6,6,6,6,6,6,6,6,6,6,6
Макарьевский муниципальный район,22,22,22,22,22,23,23,23,23,13,13,21,21,21,21,21,3,3,3,3,1,1,1,1
Малмыжский муниципальный район,22,22,22,22,22,23,23,23,23,13,13,21,21,21,21,21,3,3,3,3,1,1,1,1
Малоархангельский муниципальный район,22,22,22,22,22,23,23,23,23,13,13,21,21,21,21,21,3,3,3,1,1,1,1,1
Маловишерский муниципальный район,22,22,22,22,22,23,23,23,23,13,13,21,21,21,21,21,3,3,3,3,1,1,1,1
Малодербетовский муниципальный район,22,22,22,22,22,23,23,23,23,13,13,21,21,21,21,21,3,3,3,3,1,1,1,1
Малосердобинский муниципальный район,22,22,22,22,22,23,23,23,23,13,13,21,21,21,21,21,3,3,3,1,1,1,1,1
Малоярославецкий муниципальный район,22,22,22,22,22,23,23,23,23,13,13,21,21,21,21,21,3,3,3,2,2,2,1,1
Мамадышский муниципальный район,22,22,22,22,23,23,23,23,23,13,13,21,21,21,21,21,3,3,3,3,1,1,1,1
Мамонтовский муниципальный район,22,22,22,22,22,23,23,23,13,13,13,21,21,21,21,21,3,3,3,3,1,1,1,1
Манский муниципальный район,22,22,22,22,22,23,23,23,13,13,13,21,21,21,21,21,3,3,3,3,1,1,1,1
Мантуровский муниципальный округ,22,22,22,22,22,23,23,23,23,13,13,21,21,21,21,21,3,3,3,3,1,1,1,1
Мари-Турекский муниципальный район,22,22,22,22,23,23,23,23,23,13,13,21,21,21,21,21,3,3,3,3,1,1,1,1
Мариинский муниципальный округ,22,22,22,22,22,23,23,23,23,13,13,21,21,21,21,21,3,3,3,2,1,1,1,1
Мариинско-Посадский муниципальный округ,22,22,22,22,23,23,23,23,23,13,13,21,21,21,21,21,3,3,3,3,1,1,1,1
Марксовский муниципальный район,22,22,22,22,22,23,23,23,23,13,13,21,21,21,21,21,3,3,3,3,1,1,1,1
Марьяновский муниципальный район,22,22,22,22,22,23,23,23,13,13,13,21,21,21,21,21,3,3,3,3,1,1,1,1
Маслянинский муниципальный район,22,22,22,22,22,23,23,23,23,13,13,21,21,21,21,21,3,3,3,2,1,1,1,1
Матвеевский муниципальный район,22,22,22,22,22,23,23,23,23,13,13,21,21,21,21,21,3,3,3,3,1,1,1,1
Мегино-Кангаласский муниципальный район,22,22,22,22,22,23,23,23,13,13,13,21,21,21,21,21,3,3,2,2,1,1,1,1
Медведевский муниципальный район,22,22,22,22,22,23,23,23,23,13,13,21,21,21,21,21,3,3,3,2,2,2,1,1
Медвежьегорский муниципальный район,22,22,22,22,22,23,23,23,23,13,13,21,21,21,21,21,3,3,3,2,1,1,1,1
Медынский муниципальный район,22,22,22,22,22,23,23,23,13,13,13,21,21,21,21,21,3,3,3,3,1,1,1,1
Междуреченский муниципальный округ,22,22,22,22,22,23,23,23,23,13,13,21,21,21,21,21,3,3,3,1,1,1,1,1
Межевской муниципальный округ,22,22,22,22,22,23,23,23,23,13,13,21,21,21,21,21,3,3,3,1,1,1,1,1
Мезенский муниципальный округ,25,25,25,25,25,25,25,25,25,25,25,21,21,21,21,21,21,2,2,2,1,1,1,1
Меленковский муниципальный район,22,22,22,22,22,23,23,23,13,13,13,21,21,21,21,21,3,3,3,3,1,1,1,1
Мелеузовский муниципальный район,22,22,22,22,22,23,23,23,23,13,13,21,21,21,21,21,3,3,3,2,2,2,1,1
Менделеевский муниципальный район,22,22,22,22,22,23,23,23,23,13,13,21,21,21,21,21,3,3,3,3,1,1,1,1
Мензелинский муниципальный район,22,22,22,22,23,23,23,23,23,13,13,21,21,21,21,21,3,3,3,3,1,1,1,1
Мечетлинский муниципальный район,22,22,22,22,23,23,23,23,23,13,13,21,21,21,21,21,3,3,3,3,1,1,1,1
Мещовский муниципальный район,22,22,22,22,22,23,23,23,23,13,13,21,21,21,21,21,3,3,3,3,1,1,1,1
Милославский муниципальный район,22,22,22,22,22,23,23,23,23,13,13,21,21,21,21,21,3,3,3,1,1,1,1,1
Мильковский муниципальный округ,22,22,22,22,22,23,23,23,13,13,13,21,21,21,21,21,3,2,2,2,2,2,1,1
Мирнинский муниципальный район,22,22,22,22,22,23,23,23,23,13,13,21,21,21,21,21,3,3,2,2,2,2,1,1
Мишкинский муниципальный округ,22,22,22,22,22,23,23,23,13,13,13,21,21,21,21,21,3,3,3,3,1,1,1,1
Мишкинский муниципальный район,22,22,22,22,23,23,23,23,23,13,13,21,21,21,21,21,3,3,3,3,1,1,1,1
Миякинский муниципальный район,22,22,22,22,23,23,23,23,23,13,13,21,21,21,21,21,3,3,3,3,1,1,1,1
Могойтуйский муниципальный район,22,22,22,22,22,23,23,23,13,13,13,21,21,21,21,21,3,3,2,2,1,1,1,1
Могочинский муниципальный округ,22,22,22,22,22,23,23,23,13,13,13,21,21,21,21,21,3,3,2,2,1,1,1,1
Моздокский муниципальный район,22,22,22,22,22,23,23,23,13,13,13,13,21,21,21,21,3,3,3,3,2,2,1,1
Мокроусовский муниципальный округ,22,22,22,22,22,23,23,23,13,13,13,21,21,21,21,21,21,3,3,1,1,1,1,1
Мокшанский муниципальный район,22,22,22,22,22,23,23,23,23,13,13,21,21,21,21,21,3,3,3,3,1,1,1,1
Молчановский муниципальный район,22,22,22,22,22,23,23,23,13,13,13,21,21,21,21,21,21,3,3,2,1,1,1,1
Монастырщинский муниципальный район,22,22,22,22,22,23,23,23,23,13,13,21,21,21,21,21,3,3,3,1,1,1,1,1
Моргаушский муниципальный округ,22,22,22,22,22,23,23,23,30,30,30,30,30,30,30,30,3,3,3,3,1,1,1,1
Мордовский муниципальный округ,22,22,22,22,22,23,23,23,23,13,13,21,21,21,21,21,3,3,3,3,1,1,1,1
Моркинский муниципальный район,22,22,22,22,23,23,23,23,23,13,13,21,21,21,21,21,3,3,3,3,1,1,1,1
Мосальский муниципальный район,22,22,22,22,22,23,23,23,23,13,13,21,21,21,21,21,3,3,3,3,1,1,1,1
Москаленский муниципальный район,22,22,22,22,22,23,23,23,13,13,13,21,21,21,21,21,3,3,3,3,1,1,1,1
Мотыгинский муниципальный район,22,22,22,22,22,23,23,23,13,13,13,21,21,21,21,21,3,2,2,2,1,1,1,1
Мошковский муниципальный район,22,22,22,22,22,23,23,23,23,13,13,21,21,21,21,21,21,3,3,2,1,1,1,1
Муезерский муниципальный район,22,22,22,22,22,23,23,23,13,13,13,21,21,21,21,21,3,3,3,2,1,1,1,1
Муромцевский муниципальный район,22,22,22,22,22,23,23,23,13,13,13,21,21,21,21,21,3,3,3,3,1,1,1,1
Муслюмовский муниципальный район,22,22,22,22,23,23,23,23,23,13,13,21,21,21,21,21,3,3,3,3,1,1,1,1
Мучкапский муниципальный округ,22,22,22,22,22,23,23,23,23,13,13,21,21,21,21,21,3,3,3,3,1,1,1,1
Мышкинский муниципальный район,22,22,22,22,22,23,23,23,23,13,13,21,21,21,21,21,3,3,3,3,1,1,1,1
Нагайбакский муниципальный район,22,22,22,22,22,23,23,23,23,13,13,21,21,21,21,21,3,3,3,3,1,1,1,1
Нагорский муниципальный район,22,22,22,22,13,13,13,13,13,13,13,21,21,21,21,21,3,3,3,1,1,1,1,1
Надеждинский муниципальный район,22,22,22,22,22,23,23,23,13,13,13,21,21,21,21,21,3,3,2,2,1,1,1,1
Называевский муниципальный район,22,22,22,22,22,23,23,23,13,13,13,21,21,21,21,21,21,3,3,3,1,1,1,1
Намский муниципальный район,22,22,22,22,22,23,23,23,13,13,13,21,21,21,21,21,3,3,2,2,1,1,1,1
Нанайский муниципальный район,22,22,22,22,22,23,23,23,13,13,13,21,21,21,21,21,3,3,2,2,1,1,1,1
Наримановский муниципальный район,22,22,22,22,22,23,23,23,23,23,21,21,21,21,21,21,21,3,3,2,2,1,1,1
Наровчатский муниципальный район,22,22,22,22,22,23,23,23,23,13,13,21,21,21,21,21,3,3,3,1,1,1,1,1
Неверкинский муниципальный район,22,22,22,22,23,23,23,23,23,13,13,21,21,21,21,21,3,3,3,1,1,1,1,1
Нейский муниципальный округ,22,22,22,22,22,23,23,23,23,13,13,21,21,21,21,21,3,3,3,3,1,1,1,1
Некоузский муниципальный район,22,22,22,22,22,23,23,23,23,13,13,21,21,21,21,21,21,3,3,3,1,1,1,1
Некрасовский муниципальный район,22,22,22,22,22,23,23,23,23,13,13,21,21,21,21,21,3,3,3,3,1,1,1,1
Немецкий национальный муниципальный район,22,22,22,22,22,23,23,23,13,13,13,21,21,21,21,21,3,3,3,3,1,1,1,1
Нерчинский муниципальный район,22,22,22,22,22,23,23,23,13,13,13,21,21,21,21,21,3,3,2,2,1,1,1,1
Нерюнгринский муниципальный район,22,22,22,22,22,23,23,23,23,13,13,21,21,21,21,21,3,3,2,2,2,2,1,1
Нефтегорский муниципальный район,22,22,22,22,22,23,23,23,23,13,13,21,21,21,21,21,3,3,3,3,1,1,1,1
Нефтеюганский муниципальный район,22,22,22,22,22,23,23,23,23,13,13,21,21,21,21,21,3,3,2,2,2,2,1,1
Нехаевский муниципальный район,22,22,22,22,22,23,23,23,23,13,13,21,21,21,21,21,3,3,3,3,1,1,1,1
Нижневартовский муниципальный район,22,22,22,22,22,23,23,23,23,13,13,21,21,21,21,21,3,3,2,2,2,2,1,1
Нижнеилимский муниципальный район,22,22,22,22,22,23,23,23,23,13,13,21,21,21,21,21,3,3,2,2,1,1,1,1
Нижнеингашский муниципальный район,22,22,22,22,22,23,23,23,13,13,13,21,21,21,21,21,3,3,3,2,1,1,1,1
Нижнекамский муниципальный район,22,22,22,22,22,23,23,23,23,13,13,21,21,21,21,21,3,3,2,2,2,2,1,1
Нижнеколымский муниципальный район,22,22,22,22,22,23,23,23,13,13,13,21,21,21,21,21,3,2,2,2,2,2,1,1
Нижнеломовский муниципальный район,22,22,22,22,22,23,23,23,13,13,13,21,21,21,21,21,3,3,3,3,1,1,1,1
Нижнеомский муниципальный район,22,22,22,22,22,23,23,23,13,13,13,21,21,21,21,21,21,3,3,3,1,1,1,1
Нижнесергинский муниципальный район,22,22,22,22,22,23,23,23,23,13,13,21,21,21,21,21,3,3,3,3,1,1,1,1
Нижнетавдинский муниципальный район,22,22,22,22,22,23,23,23,23,13,13,21,21,21,21,21,3,3,3,2,1,1,1,1
Нижнеудинский муниципальный район,22,22,22,22,22,23,23,23,23,13,13,21,21,21,21,21,3,3,3,2,1,1,1,1
Никифоровский муниципальный округ,22,22,22,22,22,23,23,23,13,13,13,21,21,21,21,21,3,3,3,3,1,1,1,1
Никольский муниципальный округ,22,22,22,22,22,23,23,23,13,13,13,21,21,21,21,21,3,3,3,3,1,1,1,1
Никольский муниципальный район,22,22,22,22,22,23,23,23,23,13,13,21,21,21,21,21,3,3,3,3,1,1,1,1
Новгородский муниципальный район,22,22,22,22,22,23,23,23,23,13,13,21,21,21,21,21,3,3,3,2,2,2,1,1
Новичихинский муниципальный район,22,22,22,22,22,23,23,23,13,13,13,21,21,21,21,21,3,3,3,3,1,1,1,1
Новоаннинский муниципальный район,22,22,22,22,22,23,23,23,13,13,13,21,21,21,3,3,3,3,3,3,3,3,3,3
Новобурасский муниципальный район,22,22,22,22,22,23,23,23,23,13,13,21,21,21,21,21,3,3,3,3,1,1,1,1
Нововаршавский муниципальный район,22,22,22,22,22,23,23,23,13,13,13,21,21,21,21,21,3,3,3,3,1,1,1,1
Новодеревеньковский муниципальный район,22,22,22,22,22,23,23,23,23,13,13,21,21,21,21,21,3,3,3,3,1,1,1,1
Новодугинский муниципальный район,22,22,22,22,22,23,23,23,23,13,13,21,21,21,21,21,3,3,3,1,1,1,1,1
Новониколаевский муниципальный район,22,22,22,22,22,23,23,23,23,13,13,21,21,21,21,21,3,3,3,3,1,1,1,1
Новоорский муниципальный район,22,22,22,22,22,23,23,23,23,13,13,21,21,21,21,21,3,3,3,3,1,1,1,1
Новоселицкий муниципальный округ,22,22,22,22,22,23,23,23,23,13,13,21,21,21,21,21,3,3,3,3,1,1,1,1
Новоселовский муниципальный район,22,22,22,22,22,23,23,23,13,13,13,21,21,21,21,21,21,3,3,2,1,1,1,1
Новосергиевский муниципальный район,22,22,22,22,22,23,23,23,23,13,13,21,21,21,21,21,3,3,3,3,1,1,1,1
Новосибирский муниципальный район,8,8,8,8,8,8,8,8,8,8,8,8,8,8,8,8,3,3,3,3,2,2,1,1
Новосильский муниципальный район,22,22,22,22,22,23,23,23,23,13,13,21,21,21,21,21,3,3,3,1,1,1,1,1
Новосокольнический муниципальный район,22,22,22,22,22,23,23,23,23,13,13,21,21,21,21,21,3,3,3,3,1,1,1,1
Новоспасский муниципальный район,22,22,22,22,22,23,23,23,23,13,13,21,21,21,21,21,3,3,3,3,1,1,1,1
Новоторъяльский муниципальный район,22,22,22,22,22,23,23,23,23,13,13,21,21,21,21,21,3,3,3,3,1,1,1,1
Новоузенский муниципальный район,22,22,22,22,22,23,23,23,23,23,13,21,21,21,21,21,3,3,3,3,1,1,1,1
Новошешминский муниципальный район,22,22,22,22,22,23,23,23,23,23,13,13,21,21,21,21,3,3,3,3,1,1,1,1
Нолинский муниципальный район,22,22,22,22,22,23,23,23,23,13,13,21,21,21,21,21,3,3,3,3,1,1,1,1
Нукутский муниципальный район,22,22,22,22,22,23,23,23,13,13,13,21,21,21,21,21,3,3,3,2,1,1,1,1
Нуримановский муниципальный район,22,22,22,22,22,23,23,23,23,13,13,21,21,21,21,21,3,3,3,3,1,1,1,1
Нурлатский муниципальный район,22,22,22,22,23,23,23,23,23,13,13,21,21,21,21,21,3,3,3,3,2,2,1,1
Нюксенский муниципальный округ,22,22,22,22,22,23,23,23,23,13,13,21,21,21,21,21,3,3,3,3,1,1,1,1
Нязепетровский муниципальный район,22,22,22,22,22,23,23,23,23,13,13,21,21,21,21,21,3,3,3,3,1,1,1,1
Няндомский муниципальный округ,22,22,22,22,22,23,23,23,23,13,13,21,21,21,21,21,3,3,3,2,1,1,1,1
Облученский муниципальный район,22,22,22,22,22,23,23,23,13,13,13,21,21,21,21,21,3,3,2,2,1,1,1,1
Одесский муниципальный район,22,22,22,22,22,23,23,23,13,13,13,21,21,21,21,21,3,3,3,3,1,1,1,1
Одоевский муниципальный район,22,22,22,22,22,23,23,23,23,13,13,21,21,21,21,21,3,3,3,3,1,1,1,1
Озинский муниципальный район,22,22,22,22,22,23,23,23,23,13,13,21,21,21,21,21,3,3,3,3,1,1,1,1
Оймяконский муниципальный район,22,22,22,22,22,23,23,23,13,13,13,21,21,21,21,21,3,2,2,2,2,2,1,1
Оконешниковский муниципальный район,22,22,22,22,22,23,23,23,13,13,13,21,21,21,21,21,21,3,3,3,1,1,1,1
Октябрьский муниципальный округ,22,22,22,22,22,23,23,23,13,13,13,21,21,21,21,21,3,3,2,2,1,1,1,1
Окуловский муниципальный район,22,22,22,22,22,23,23,23,23,13,13,21,21,21,21,21,3,3,3,3,1,1,1,1
Олекминский муниципальный район,22,22,22,22,22,23,23,23,13,13,13,21,21,21,21,21,3,2,2,2,2,2,1,1
Оленекский эвенкийский национальный муниципальный район,22,22,22,22,22,23,23,23,13,13,13,21,21,21,21,21,3,2,2,2,2,2,1,1
Оловяннинский муниципальный район,22,22,22,22,22,23,23,23,13,13,13,21,21,21,21,21,3,3,2,2,1,1,1,1
Олонецкий муниципальный район,22,22,22,22,22,23,23,23,23,13,13,21,21,21,21,21,3,3,3,2,1,1,1,1
Ольгинский муниципальный округ,22,22,22,22,22,23,23,23,13,13,13,21,21,21,21,21,3,3,2,2,1,1,1,1
Ольховский муниципальный район,22,22,22,22,22,23,23,23,23,13,13,21,21,21,21,21,3,3,3,3,1,1,1,1
Ольхонский муниципальный район,22,22,22,22,22,23,23,23,13,13,13,21,21,21,21,21,3,3,3,2,1,1,1,1
Омский муниципальный район,22,22,22,22,22,22,23,23,23,13,13,21,21,21,21,21,3,3,3,2,2,2,2,2
Омутинский муниципальный район,22,22,22,22,22,23,23,23,13,13,13,21,21,21,21,21,3,3,3,2,1,1,1,1
Омутнинский муниципальный район,22,22,22,22,22,23,23,23,23,13,13,21,21,21,21,21,3,3,3,3,1,1,1,1
Онгудайский муниципальный район,22,22,22,22,22,23,23,23,13,13,13,21,21,21,21,21,3,3,3,2,1,1,1,1
Онежский муниципальный район,22,22,22,22,22,23,23,23,23,13,13,21,21,21,21,21,3,3,3,3,1,1,1,1
Ононский муниципальный округ,22,22,22,22,22,23,23,23,13,13,13,13,21,21,21,21,3,3,2,2,1,1,1,1
Орджоникидзевский муниципальный район,22,22,22,22,22,23,23,23,13,13,13,21,21,21,21,21,21,3,3,3,1,1,1,1
Ордынский муниципальный район,22,22,22,22,22,23,23,23,23,13,13,21,21,21,21,21,3,3,3,2,1,1,1,1
Оричевский муниципальный район,22,22,22,22,22,23,23,23,23,13,13,21,21,21,21,21,3,3,3,3,1,1,1,1
Орловский муниципальный район,22,22,22,22,22,23,23,23,23,13,13,21,21,21,21,21,3,3,3,3,1,1,1,1
Оршанский муниципальный район,22,22,22,22,22,23,23,23,23,13,13,21,21,21,21,21,3,3,3,3,1,1,1,1
Осинский муниципальный район,22,22,22,22,22,23,23,23,13,13,13,21,21,21,21,21,3,3,3,2,1,1,1,1
Островский муниципальный округ,22,22,22,22,22,23,23,23,23,13,13,21,21,21,21,21,3,3,3,3,1,1,1,1
Островский муниципальный район,22,22,22,22,22,23,23,23,23,13,13,21,21,21,21,21,3,3,3,3,1,1,1,1
Павинский муниципальный округ,22,22,22,22,22,23,23,23,23,13,13,21,21,21,21,21,3,3,3,1,1,1,1,1
Павловский муниципальный округ,22,22,22,22,22,23,23,23,23,13,13,21,21,21,21,21,3,3,3,2,2,2,1,1
Павлоградский муниципальный район,22,22,22,22,22,23,23,23,13,13,13,21,21,21,21,21,3,3,3,3,1,1,1,1
Палехский муниципальный район,22,22,22,22,22,23,23,23,23,13,13,21,21,21,21,21,3,3,3,3,1,1,1,1
Палласовский муниципальный район,22,22,22,22,22,23,23,23,23,13,13,21,21,21,21,21,3,3,3,3,1,1,1,1
Панкрушихинский муниципальный район,22,22,22,22,22,23,23,23,13,13,13,21,21,21,21,21,3,3,3,3,1,1,1,1
Парабельский муниципальный район,22,22,22,22,22,23,23,23,23,13,13,21,21,21,21,21,3,2,2,2,1,1,1,1
Параньгинский муниципальный район,22,22,22,22,22,23,23,23,23,13,13,21,21,21,21,21,3,3,3,3,1,1,1,1
Партизанский муниципальный округ,22,22,22,22,22,23,23,23,13,13,13,21,21,21,21,21,3,3,2,2,1,1,1,1
Партизанский муниципальный район,22,22,22,22,22,23,23,23,13,13,13,21,21,21,21,21,21,3,3,3,1,1,1,1
Парфеньевский муниципальный округ,22,22,22,22,22,23,23,23,23,13,13,21,21,21,21,21,3,3,3,1,1,1,1,1
Парфинский муниципальный район,22,22,22,22,22,23,23,23,23,13,13,21,21,21,21,21,3,3,3,3,1,1,1,1
Пачелмский муниципальный район,22,22,22,22,22,23,23,23,23,13,13,21,21,21,21,21,3,3,3,1,1,1,1,1
Пензенский муниципальный район,22,22,22,22,22,23,23,23,23,13,13,21,21,21,21,21,3,3,3,2,2,2,1,1
Первомайский муниципальный округ,22,22,22,22,22,23,23,23,13,13,13,21,21,21,21,21,3,3,3,3,1,1,1,1
Переволоцкий муниципальный район,22,22,22,22,22,23,23,23,23,13,13,21,21,21,21,21,3,3,3,3,1,1,1,1
Перелюбский муниципальный район,22,22,22,22,22,23,23,23,23,13,13,21,21,21,21,21,3,3,3,3,1,1,1,1
Пестравский муниципальный район,22,22,22,22,22,23,23,23,23,13,13,21,21,21,21,21,3,3,3,3,1,1,1,1
Пестречинский муниципальный район,22,22,22,22,22,23,23,23,23,13,13,21,21,21,21,21,3,3,3,2,2,2,1,1
Пестяковский муниципальный район,22,22,22,22,22,23,23,23,23,13,13,21,21,21,21,21,3,3,3,1,1,1,1,1
Петровск-Забайкальский муниципальный район,22,22,22,22,22,23,23,23,13,13,13,21,21,21,21,21,3,3,2,2,1,1,1,1
Петровский муниципальный район,22,22,22,22,22,23,23,23,23,13,13,21,21,21,21,21,3,3,3,3,1,1,1,1
Петропавловский муниципальный район,22,22,22,22,22,23,23,23,13,13,13,21,21,21,21,21,21,3,3,3,1,1,1,1
Петуховский муниципальный округ,22,22,22,22,22,23,23,23,13,13,13,21,21,21,21,21,21,3,3,3,1,1,1,1
Петушинский муниципальный район,22,22,22,22,22,23,23,23,23,13,13,21,21,21,21,21,3,3,3,2,2,2,1,1
Печенгский муниципальный округ,22,22,22,22,22,23,23,23,23,13,13,21,21,21,21,21,3,3,2,2,2,2,1,1
Пий-Хемский муниципальный район,22,22,22,22,22,23,23,23,13,13,13,21,21,21,21,21,3,3,3,2,1,1,1,1
Пильнинский муниципальный округ,22,22,22,22,22,23,23,23,23,13,13,21,21,21,21,21,3,3,3,3,1,1,1,1
Пировский муниципальный округ,22,22,22,22,22,23,23,23,13,13,13,21,21,21,21,21,21,3,3,2,1,1,1,1
Пителинский муниципальный район,22,22,22,22,22,23,23,23,23,13,13,21,21,21,21,21,3,3,3,1,1,1,1,1
Питерский муниципальный район,22,22,22,22,22,23,23,23,23,13,13,21,21,21,21,21,3,3,3,3,1,1,1,1
Питкярантский муниципальный округ,22,22,22,22,22,23,23,23,23,13,13,21,21,21,21,21,3,3,3,2,1,1,1,1
Пичаевский муниципальный округ,22,22,22,22,22,23,23,23,23,13,13,21,21,21,21,21,3,3,3,1,1,1,1,1
Плавский муниципальный район,22,22,22,22,22,23,23,23,23,13,13,21,21,21,21,21,3,3,3,3,1,1,1,1
Пластовский муниципальный район,22,22,22,22,22,23,23,23,13,13,13,21,21,21,21,21,3,3,3,3,1,1,1,1
Плесецкий муниципальный округ,22,22,22,22,22,23,23,23,23,13,13,21,21,21,21,21,3,3,3,2,1,1,1,1
Плюсский муниципальный район,22,22,22,22,22,23,23,23,23,13,13,21,21,21,21,21,3,3,3,1,1,1,1,1
Пограничный муниципальный округ,22,22,22,22,22,23,23,23,13,13,13,21,21,21,21,21,3,3,2,2,1,1,1,1
Поддорский муниципальный район,22,22,22,22,22,23,23,23,23,13,13,21,21,21,21,21,3,3,3,1,1,1,1,1
Подосиновский муниципальный район,22,22,22,22,22,23,23,23,13,13,13,21,21,21,21,21,3,3,3,3,1,1,1,1
Подпорожский муниципальный район,22,22,22,22,22,23,23,23,23,13,13,21,21,21,21,21,3,3,3,3,1,1,1,1
Пожарский муниципальный округ,22,22,22,22,22,23,23,23,13,13,13,21,21,21,21,21,3,3,2,2,1,1,1,1
Покровский муниципальный район,22,22,22,22,22,23,23,23,23,13,13,21,21,21,21,21,3,3,3,3,1,1,1,1
Половинский муниципальный округ,22,22,22,22,22,23,23,23,13,13,13,21,21,21,21,21,3,3,3,1,1,1,1,1
Полтавский муниципальный район,22,22,22,22,22,23,23,23,13,13,13,21,21,21,21,21,3,3,3,3,1,1,1,1
Поназыревский муниципальный округ,22,22,22,22,22,23,23,23,23,13,13,21,21,21,21,21,3,3,3,3,1,1,1,1
Пономарёвский муниципальный район,22,22,22,22,22,23,23,23,23,13,13,21,21,21,21,21,3,3,3,3,1,1,1,1
Порецкий муниципальный округ,22,22,22,22,22,23,23,23,23,13,13,21,21,21,21,21,3,3,3,3,1,1,1,1
Порховский муниципальный район,22,22,22,22,22,23,23,23,23,13,13,21,21,21,21,21,3,3,3,3,1,1,1,1
Поспелихинский муниципальный район,22,22,22,22,22,23,23,23,13,13,13,21,21,21,21,21,3,3,3,3,1,1,1,1
Похвистневский муниципальный район,22,22,22,22,22,23,23,23,23,13,13,21,21,21,21,21,3,3,3,3,1,1,1,1
Починковский муниципальный округ,22,22,22,22,22,23,23,23,23,13,13,21,21,21,21,21,3,3,3,3,1,1,1,1
Починковский муниципальный район,22,22,22,22,22,23,23,23,23,13,13,21,21,21,21,21,3,3,3,3,1,1,1,1
Пошехонский муниципальный район,22,22,22,22,22,23,23,23,23,13,13,21,21,21,21,21,3,3,3,3,1,1,1,1
Правобережный муниципальный район,22,22,22,22,22,22,23,23,23,23,23,21,21,21,21,21,3,3,3,3,1,1,1,1
Предгорный муниципальный округ,22,22,22,22,22,23,23,23,23,13,13,21,21,21,21,21,3,3,3,2,2,2,1,1
Приаргунский муниципальный округ,22,22,22,22,22,23,23,23,13,13,13,21,21,21,21,21,3,3,2,2,1,1,1,1
Прилузский муниципальный район,22,22,22,22,22,23,23,23,23,13,13,21,21,21,21,21,3,3,3,3,1,1,1,1
Приморский муниципальный округ,22,22,22,22,22,23,23,23,23,13,13,21,4,4,4,4,3,2,2,2,2,2,1,1
Приозерский муниципальный район,22,22,22,22,22,22,23,23,23,23,21,21,21,21,21,21,3,3,3,3,1,1,1,1
Прионежский муниципальный район,22,22,22,5,5,5,5,23,23,13,13,21,21,21,4,4,3,2,2,2,1,1,1,1
Притобольный муниципальный округ,22,22,22,22,22,23,23,23,13,13,13,21,21,21,21,21,21,3,3,1,1,1,1,1
Прокопьевский муниципальный округ,22,22,22,22,22,23,23,23,13,13,13,21,21,21,21,21,21,3,3,3,2,2,1,1
Промышленновский муниципальный округ,22,22,22,22,22,23,23,23,23,13,13,21,21,21,21,21,3,3,3,2,1,1,1,1
Пронский муниципальный район,22,22,22,22,23,23,23,23,13,13,13,21,21,21,21,21,3,3,3,3,1,1,1,1
Пряжинский муниципальный район,22,22,22,22,22,23,23,23,23,13,13,21,21,21,21,21,3,3,3,2,1,1,1,1
Псковский муниципальный район,8,8,8,8,8,8,23,23,13,13,13,13,13,13,13,13,3,3,3,3,3,1,1,1
Пугачевский муниципальный район,22,22,22,22,22,23,23,23,23,13,13,21,21,21,21,21,3,3,3,3,1,1,1,1
Пудожский муниципальный район,22,22,22,22,22,23,23,23,23,13,13,21,21,21,21,21,3,3,3,3,1,1,1,1
Пустошкинский муниципальный район,22,22,22,22,22,23,23,23,23,13,13,21,21,21,21,21,3,3,3,1,1,1,1,1
Путятинский муниципальный округ,22,22,22,22,22,23,23,23,23,13,13,21,21,21,21,21,3,3,3,1,1,1,1,1
Пучежский муниципальный район,22,22,22,22,22,23,23,23,23,13,13,21,21,21,21,21,3,3,3,1,1,1,1,1
Пушкиногорский муниципальный район,22,22,22,22,22,23,23,23,23,13,13,21,21,21,21,21,3,3,3,3,1,1,1,1
Пыщугский муниципальный округ,22,22,22,22,22,23,23,23,23,13,13,21,21,21,21,21,3,3,3,1,1,1,1,1
Радищевский муниципальный район,22,22,22,22,22,23,23,23,23,13,13,21,21,21,21,21,3,3,3,3,1,1,1,1
Ребрихинский муниципальный район,22,22,22,22,22,23,23,23,13,13,13,21,21,21,21,21,3,3,3,3,1,1,1,1
Ржаксинский муниципальный округ,22,22,22,22,22,23,23,23,23,13,13,21,21,21,21,21,3,3,3,3,1,1,1,1
Ровенский муниципальный район,22,22,22,22,22,23,23,23,23,13,13,21,21,21,21,21,3,3,3,3,1,1,1,1
Родинский муниципальный район,22,22,22,22,22,23,23,23,13,13,13,21,21,21,21,21,21,3,3,3,1,1,1,1
Родниковский муниципальный район,22,22,22,22,22,23,23,23,13,13,13,21,21,21,21,21,3,3,3,3,1,1,1,1
Ромненский муниципальный округ,22,22,22,22,22,23,23,23,13,13,13,21,21,21,21,21,3,3,2,2,1,1,1,1
Ромодановский муниципальный район,22,22,22,22,22,23,23,23,23,13,13,13,21,21,21,21,3,3,3,3,1,1,1,1
Рославльский муниципальный район,22,22,22,22,22,23,23,23,23,13,13,21,21,21,21,21,3,3,3,2,2,2,1,1
Ростовский муниципальный район,22,22,22,22,22,23,23,23,23,13,13,21,21,21,21,21,3,3,3,2,2,2,1,1
Ртищевский муниципальный район,22,22,22,22,22,23,23,23,23,13,13,21,21,21,21,21,3,3,3,3,1,1,1,1
Рузаевский муниципальный район,22,22,22,22,22,23,23,23,23,13,13,21,21,21,21,21,3,3,3,3,2,2,1,1
Русско-Полянский муниципальный район,22,22,22,22,22,23,23,23,13,13,13,21,21,21,21,21,3,3,3,3,1,1,1,1
Рыбновский муниципальный район,23,23,23,23,23,23,23,23,23,23,4,4,4,4,4,4,4,3,3,3,2,2,2,2
Ряжский муниципальный округ,22,22,22,22,22,23,23,23,13,13,13,21,21,21,21,21,3,3,3,3,1,1,1,1
Рязанский муниципальный район,8,8,8,8,8,8,8,8,8,8,8,8,8,8,8,8,3,3,3,3,2,2,1,1
Сабинский муниципальный район,22,22,22,22,23,23,23,23,23,13,13,21,21,21,21,21,3,3,3,3,1,1,1,1
Савинский муниципальный район,22,22,22,22,22,23,23,23,23,13,13,21,21,21,21,3,3,3,3,3,1,1,1,1
Сакмарский муниципальный район,22,22,22,22,22,23,23,23,23,13,13,21,21,21,21,21,3,3,3,3,1,1,1,1
Салаватский муниципальный район,22,22,22,22,23,23,23,23,23,13,13,21,21,21,21,21,3,3,3,3,1,1,1,1
Самойловский муниципальный район,22,22,22,22,22,23,23,23,23,13,13,21,21,21,21,21,3,3,3,3,1,1,1,1
Сампурский муниципальный округ,22,22,22,22,22,23,23,23,23,13,13,21,21,21,21,21,3,3,3,3,1,1,1,1
Сапожковский муниципальный район,22,22,22,22,22,23,23,23,23,13,13,21,21,21,21,21,3,3,3,1,1,1,1,1
Сараевский муниципальный район,22,22,22,22,22,23,23,23,23,13,13,21,21,21,21,21,3,3,3,1,1,1,1,1
Саракташский муниципальный район,22,22,22,22,22,23,23,23,23,13,13,21,21,21,21,21,3,3,3,3,1,1,1,1
Саргатский муниципальный район,22,22,22,22,22,23,23,23,13,13,13,21,21,21,21,21,3,3,3,3,1,1,1,1
Сармановский муниципальный район,22,22,22,22,23,23,23,23,23,13,13,21,21,21,21,21,3,3,3,3,1,1,1,1
Сарпинский муниципальный район,22,22,22,22,22,23,23,23,23,13,13,21,21,21,21,21,3,3,3,3,1,1,1,1
Саткинский муниципальный район,22,22,22,22,22,23,23,23,23,13,13,21,21,21,21,21,3,3,3,2,2,2,1,1
Сафакулевский муниципальный округ,22,22,22,22,22,23,23,23,23,13,13,21,21,21,21,21,3,3,3,3,1,1,1,1
Сафоновский муниципальный район,22,22,22,22,22,23,23,23,23,13,13,21,21,21,21,21,3,3,3,2,2,2,1,1
Саянский муниципальный район,22,22,22,22,22,23,23,23,13,13,13,21,21,21,21,21,21,3,3,2,1,1,1,1
Свердловский муниципальный район,22,22,22,22,22,23,23,23,23,13,13,21,21,21,21,21,3,3,3,3,1,1,1,1
Светлинский муниципальный район,23,23,23,23,23,23,23,13,13,13,13,13,13,13,13,3,3,3,3,3,1,1,1,1
Светлоярский муниципальный район,22,22,22,22,22,23,23,23,23,13,13,21,21,21,21,21,3,3,3,3,1,1,1,1
Свободненский муниципальный район,22,22,22,22,22,23,23,23,23,13,13,21,21,21,21,21,2,2,2,2,2,1,1,1
Себежский муниципальный район,22,22,22,22,22,23,23,23,23,13,13,21,21,21,21,21,3,3,3,3,1,1,1,1
Северо-Енисейский муниципальный район,22,22,22,22,22,23,23,23,13,13,13,21,21,21,21,21,3,2,2,2,2,2,1,1
Сегежский муниципальный округ,22,22,22,22,22,23,23,23,23,13,13,21,21,21,21,21,3,3,3,2,1,1,1,1
Седельниковский муниципальный район,22,22,22,22,22,23,23,23,13,13,13,21,21,21,21,21,21,3,3,3,1,1,1,1
Селемджинский муниципальный район,22,22,22,22,22,23,23,23,13,13,13,21,21,21,21,21,3,2,2,2,2,2,1,1
Селивановский муниципальный район,22,22,22,22,22,23,23,23,23,13,13,21,21,21,21,21,3,3,3,3,1,1,1,1
Сенгилеевский муниципальный район,22,22,22,22,22,23,23,23,23,13,13,13,21,21,21,21,3,3,3,3,1,1,1,1
Серафимовичский муниципальный район,22,22,22,22,22,23,23,23,23,13,13,21,21,21,21,21,3,3,3,3,1,1,1,1
Сергачский муниципальный округ,22,22,22,22,22,23,23,23,23,13,13,21,21,21,21,21,3,3,3,3,1,1,1,1
Сергиевский муниципальный район,22,22,22,22,22,23,23,23,23,13,13,21,21,21,21,21,3,3,3,3,1,1,1,1
Сердобский муниципальный район,22,22,22,22,22,23,23,23,23,13,13,21,21,21,21,21,3,3,3,3,1,1,1,1
Сернурский муниципальный район,22,22,22,22,22,23,23,23,23,13,13,21,21,21,21,21,3,3,3,3,1,1,1,1
Серышевский муниципальный округ,22,22,22,22,22,23,23,23,13,13,13,21,21,21,21,21,3,3,2,2,1,1,1,1
Сеченовский муниципальный округ,22,22,22,22,22,23,23,23,23,13,13,21,21,21,21,21,3,3,3,3,1,1,1,1
Сковородинский муниципальный округ,22,22,22,22,22,23,23,23,13,13,13,21,21,21,21,21,3,3,2,2,1,1,1,1
Сладковский муниципальный район,22,22,22,22,22,23,23,23,13,13,13,21,21,21,21,21,21,3,3,3,1,1,1,1
Сланцевский муниципальный район,22,22,22,22,22,23,23,23,23,13,13,21,21,21,21,21,3,3,3,3,2,2,1,1
Слободо-Туринский муниципальный район,22,22,22,22,22,23,23,23,13,13,13,21,21,21,21,21,3,3,3,3,1,1,1,1
Слободской муниципальный район,22,22,22,22,22,23,23,23,23,13,13,21,21,21,21,21,3,3,3,3,1,1,1,1
Слюдянский муниципальный район,22,22,22,22,22,23,23,23,23,13,13,21,21,21,21,21,3,3,2,2,1,1,1,1
Смидовичский муниципальный район,22,22,22,22,22,23,23,23,13,13,13,21,21,21,21,21,3,3,2,2,1,1,1,1
Собинский муниципальный район,22,22,22,22,22,23,23,23,23,13,13,21,21,21,21,21,3,3,3,3,1,1,1,1
Соболевский муниципальный район,22,22,22,22,22,23,23,23,13,13,13,21,21,21,21,21,3,2,2,2,2,2,1,1
Советско-Гаванский муниципальный район,22,22,22,22,22,23,23,23,13,13,13,21,21,21,21,21,3,3,2,2,1,1,1,1
Сокольский муниципальный округ,22,22,22,22,22,23,23,23,23,13,13,21,21,21,21,21,3,3,3,3,1,2,1,1
Солигаличский муниципальный округ,22,22,22,22,22,23,23,23,23,13,13,21,21,21,21,21,3,3,3,3,1,1,1,1
Солнечный муниципальный район,15,15,15,15,15,15,15,15,15,15,15,15,15,15,15,15,15,15,15,15,15,15,15,15
Солонешенский муниципальный район,22,22,22,22,22,23,23,23,13,13,13,21,21,21,21,21,21,3,3,3,1,1,1,1
Солтонский муниципальный район,22,22,22,22,22,22,22,13,13,13,13,21,21,21,21,21,21,21,1,1,1,1,1,1
Сорокинский муниципальный район,22,22,22,22,22,23,23,23,13,13,13,21,21,21,21,21,21,3,3,3,1,1,1,1
Сортавальский муниципальный район,22,22,22,22,22,23,23,23,23,13,13,21,21,21,21,21,3,3,3,3,2,2,1,1
Сосновоборский муниципальный район,22,22,22,22,22,23,23,23,23,13,13,21,21,21,21,21,3,3,3,3,1,1,1,1
Сосновский муниципальный район,22,22,22,22,22,23,23,23,23,13,13,21,21,21,21,21,3,3,2,2,2,2,1,1
Спас-Деменский муниципальный район,22,22,22,22,22,23,23,23,23,13,13,21,21,21,21,21,3,3,3,3,1,1,1,1
Спасский муниципальный округ,22,22,22,22,22,23,23,23,23,13,13,21,21,21,21,21,3,3,3,3,1,1,1,1
Среднеахтубинский муниципальный район,22,22,22,22,22,23,23,23,23,13,13,21,21,21,21,21,3,3,3,2,2,2,1,1
Среднеколымский муниципальный район,22,22,22,22,22,23,23,23,13,13,13,21,21,21,21,21,3,2,2,2,2,2,1,1
Сретенский муниципальный район,22,22,22,22,22,23,23,23,13,13,13,21,21,21,21,21,3,3,2,2,1,1,1,1
Ставропольский муниципальный район,8,8,8,8,8,8,8,8,8,8,8,8,8,8,8,8,3,3,3,3,2,2,1,1
Старожиловский муниципальный район,22,22,22,22,22,23,23,23,23,13,13,21,21,21,21,21,3,3,3,3,1,1,1,1
Старокулаткинский муниципальный район,22,22,22,22,22,23,23,23,23,13,13,21,21,21,21,21,3,3,3,1,1,1,1,1
Старомайнский муниципальный район,22,22,22,22,22,23,23,23,23,13,13,21,21,21,21,21,3,3,3,1,1,1,1,1
Старополтавский муниципальный район,22,22,22,22,22,23,23,23,23,13,13,21,21,21,21,21,3,3,3,3,1,1,1,1
Старорусский муниципальный район,22,22,22,22,22,23,23,23,23,13,13,21,21,21,21,21,3,3,3,3,1,2,1,1
Старошайговский муниципальный район,22,22,22,22,22,23,23,23,23,13,13,21,21,21,21,21,3,3,3,1,1,1,1,1
Староюрьевский муниципальный округ,22,22,22,22,22,23,23,23,23,13,13,21,21,21,21,21,3,3,3,1,1,1,1,1
Степновский муниципальный округ,22,22,22,22,22,23,23,23,23,13,13,21,21,21,21,21,3,3,3,3,1,1,1,1
Стерлибашевский муниципальный район,22,22,22,22,23,23,23,23,23,13,13,21,21,21,21,21,3,3,3,3,1,1,1,1
Стерлитамакский муниципальный район,8,8,8,8,8,8,23,23,13,13,13,13,13,13,8,8,3,3,3,3,2,2,1,1
Суворовский муниципальный район,22,22,22,22,22,23,23,23,23,21,21,21,21,21,21,21,3,3,3,3,1,1,1,1
Судиславский муниципальный район,22,22,22,22,22,23,23,23,23,13,13,21,21,21,21,21,3,3,3,3,1,1,1,1
Судогодский муниципальный район,22,22,22,22,22,23,23,23,13,13,13,13,21,21,21,3,3,3,3,3,1,1,1,1
Суздальский муниципальный район,22,22,22,22,22,23,23,23,23,13,13,21,21,21,21,21,3,3,3,2,2,2,1,1
Сузунский муниципальный район,22,22,22,22,22,23,23,23,23,13,13,21,21,21,21,21,3,3,3,2,1,1,1,1
Сунский муниципальный район,22,22,22,22,22,23,23,23,23,13,13,21,21,21,21,21,3,3,3,1,1,1,1,1
Сунтарский муниципальный район,22,22,22,22,22,23,23,23,13,13,13,21,21,21,21,21,21,3,2,2,1,1,1,1
Суоярвский муниципальный округ,22,22,22,22,22,23,23,23,23,13,13,21,21,21,21,21,3,3,3,2,1,1,1,1
Сургутский муниципальный район,22,22,5,5,5,5,5,23,23,4,4,4,4,4,4,4,3,2,2,2,2,2,1,1
Суровикинский муниципальный район,22,22,22,22,22,23,23,23,23,13,13,21,21,21,21,21,3,3,3,3,1,1,1,1
Сурский муниципальный район,22,22,22,22,22,23,23,23,23,13,13,21,21,21,21,21,3,3,3,3,1,1,1,1
Сусанинский муниципальный район,22,22,22,22,22,23,23,23,23,13,13,21,21,21,21,21,3,3,3,1,1,1,1,1
Сухиничский муниципальный район,22,22,22,22,22,23,23,23,13,13,13,21,21,21,21,21,3,3,3,3,1,1,1,1
Сухобузимский муниципальный район,22,22,22,22,22,23,23,23,13,13,13,21,21,21,21,21,3,3,3,2,1,1,1,1
Сызранский муниципальный район,26,26,26,26,26,26,26,26,26,26,26,26,26,26,26,26,26,26,26,1,1,1,1,1
Сыктывдинский муниципальный район,22,22,22,22,22,23,23,23,23,13,13,21,21,21,21,21,3,3,3,2,1,1,1,1
Сысольский муниципальный район,22,22,22,22,22,23,23,23,23,13,13,21,21,21,21,21,3,3,3,3,1,1,1,1
Сычевский муниципальный район,22,22,22,22,22,23,23,23,23,13,13,21,21,21,21,21,3,3,3,3,1,1,1,1
Сямженский муниципальный округ,22,22,22,22,22,23,23,23,23,13,13,21,21,21,21,21,3,3,3,3,1,1,1,1
Таборинский муниципальный район,22,22,22,22,22,23,23,23,23,13,13,21,21,21,21,21,3,3,3,1,1,1,1,1
Табунский муниципальный район,22,22,22,22,22,23,23,23,13,13,13,21,21,21,21,21,21,3,3,3,1,1,1,1
Таврический муниципальный район,22,22,22,22,22,23,23,23,13,13,13,21,21,21,21,21,3,3,3,3,1,1,1,1
Тайшетский муниципальный район,22,22,22,22,22,23,23,23,23,13,13,21,21,21,21,21,3,3,2,2,1,1,1,1
Тальменский муниципальный район,22,22,22,22,22,23,23,23,23,13,13,21,21,21,21,21,3,3,3,3,1,1,1,1
Тамалинский муниципальный район,22,22,22,22,22,23,23,23,23,13,13,21,21,21,21,21,3,3,3,3,1,1,1,1
Тандинский муниципальный район,22,22,22,22,22,23,23,23,13,13,13,21,21,21,21,21,3,3,2,2,1,1,1,1
Тарногский муниципальный округ,22,22,22,22,22,23,23,23,13,13,13,21,21,21,21,21,3,3,3,3,1,1,1,1
Тарский муниципальный район,22,22,22,22,22,23,23,23,23,13,13,21,21,21,21,21,3,3,3,2,1,1,1,1
Тарусский муниципальный район,22,22,22,22,22,23,23,23,13,13,13,21,21,21,21,21,3,3,3,3,1,1,1,1
Тасеевский муниципальный район,22,22,22,22,22,23,23,23,13,13,13,21,21,21,21,21,21,3,3,2,1,1,1,1
Татарский муниципальный район,22,22,22,22,22,23,23,23,23,13,13,21,21,21,21,21,3,3,3,2,1,1,1,1
Татищевский муниципальный район,22,22,22,22,22,23,23,23,23,13,13,21,21,21,21,21,3,3,3,3,1,1,1,1
Таттинский муниципальный район,22,22,22,22,22,23,23,23,13,13,13,21,21,21,21,21,3,3,2,2,1,1,1,1
Татышлинский муниципальный район,22,22,22,22,23,23,23,23,23,13,13,13,21,21,21,21,3,3,3,3,1,1,1,1
Тахтамукайский муниципальный район,22,22,22,22,22,23,23,23,23,13,13,21,21,21,21,21,3,3,2,2,2,2,1,1
Ташлинский муниципальный район,22,22,22,22,22,23,23,23,23,13,13,21,21,21,21,21,3,3,3,3,1,1,1,1
Таштагольский муниципальный район,22,22,22,22,22,23,23,23,23,13,13,21,21,21,21,21,3,3,2,2,1,1,1,1
Таштыпский муниципальный район,22,22,22,22,22,23,23,23,13,13,13,21,21,21,21,21,3,3,3,2,1,1,1,1
Тевризский муниципальный район,22,22,22,22,22,23,23,23,13,13,13,21,21,21,21,21,3,3,3,3,1,1,1,1
Тегульдетский муниципальный район,22,22,22,22,22,23,23,23,13,13,13,21,21,21,21,21,21,3,3,2,1,1,1,1
Тейковский муниципальный район,22,22,22,22,22,23,23,23,23,13,13,21,21,21,21,21,3,3,3,1,1,1,1,1
Темкинский муниципальный район,22,22,22,22,22,23,23,23,23,13,13,21,21,21,21,21,3,3,3,1,1,1,1,1
Темниковский муниципальный район,22,22,22,22,22,23,23,23,23,13,13,21,21,21,21,21,3,3,3,3,1,1,1,1
Теньгушевский муниципальный район,22,22,22,22,22,23,23,23,23,13,13,21,21,21,21,21,3,3,3,3,1,1,1,1
Тепло-Огаревский муниципальный район,22,22,22,22,22,23,23,23,23,13,13,21,21,21,21,21,3,3,3,3,1,1,1,1
Тербунский муниципальный район,22,22,22,22,22,23,23,23,13,13,13,13,21,21,3,3,3,3,3,3,1,1,1,1
Тереньгульский муниципальный район,22,22,22,22,22,23,23,23,23,13,13,21,21,21,21,21,3,3,3,1,1,1,1,1
Тернейский муниципальный округ,22,22,22,22,22,23,23,23,13,13,13,21,21,21,21,21,3,3,2,2,1,1,1,1
Тетюшский муниципальный район,22,22,22,22,22,23,23,23,23,13,13,21,21,21,21,21,3,3,3,3,1,1,1,1
Теучежский муниципальный район,22,22,22,22,22,23,23,23,23,13,13,21,21,21,4,4,3,3,3,3,1,1,1,1
Тигильский муниципальный район,22,22,22,22,22,23,23,23,13,13,13,21,21,21,21,21,3,2,2,2,2,2,1,1
Тисульский муниципальный округ,22,22,22,22,22,23,23,23,13,13,13,21,21,21,21,21,3,3,3,2,1,1,1,1
Тихвинский муниципальный район,22,22,22,22,22,23,23,23,23,13,13,21,21,21,21,21,3,3,3,2,2,2,1,1
Тогульский муниципальный район,22,22,22,22,22,23,23,23,13,13,13,21,21,21,21,21,3,3,3,3,1,1,1,1
Тогучинский муниципальный район,22,22,22,22,22,23,23,23,23,13,13,21,21,21,21,21,3,3,3,2,1,1,1,1
Тоджинский муниципальный район,23,23,23,23,23,23,23,23,23,21,21,21,21,21,21,21,21,2,2,2,1,1,1,1
Токарёвский муниципальный округ,22,22,22,22,22,23,23,23,23,13,13,21,21,21,21,21,3,3,3,3,1,1,1,1
Томпонский муниципальный район,22,22,22,22,22,23,23,23,13,13,13,21,21,21,21,21,3,2,2,2,2,2,1,1
Томский муниципальный район,5,5,5,5,5,5,5,5,5,5,5,5,5,5,5,5,5,5,5,5,5,5,5,5
Тонкинский муниципальный округ,22,22,22,22,22,23,23,23,23,13,13,21,21,21,21,21,3,3,3,3,1,1,1,1
Тоншаевский муниципальный округ,22,22,22,22,22,23,23,23,23,13,13,21,21,21,21,21,3,3,3,3,1,1,1,1
Топкинский муниципальный округ,22,22,22,22,22,23,23,23,23,13,13,21,21,21,21,21,3,3,3,2,2,2,1,1
Топчихинский муниципальный район,22,22,22,22,22,23,23,23,13,13,13,21,21,21,21,21,3,3,3,3,1,1,1,1
Торбеевский муниципальный район,22,22,22,22,22,23,23,23,23,13,13,21,21,21,21,21,3,3,3,3,1,1,1,1
Тосненский муниципальный район,22,22,22,22,22,23,23,23,23,13,13,21,21,21,21,21,3,3,2,2,2,2,1,1
Тотемский муниципальный округ,22,22,22,22,22,23,23,23,23,13,13,21,21,21,21,21,3,3,3,3,1,1,1,1
Тоцкий муниципальный район,22,22,22,22,22,23,23,23,23,13,13,21,21,21,21,21,3,3,3,3,1,1,1,1
Третьяковский муниципальный район,22,22,22,22,22,23,23,23,13,13,13,21,21,21,21,21,3,3,3,3,1,1,1,1
Троицкий муниципальный район,22,22,22,22,22,23,23,23,13,13,13,21,21,21,21,21,3,3,3,3,1,1,1,1
Троицко-Печорский муниципальный район,22,22,22,22,22,23,23,23,13,13,13,21,21,21,21,21,21,3,3,3,1,1,1,1
Троснянский муниципальный район,22,22,22,22,22,23,23,23,23,13,13,21,21,21,21,21,3,3,3,1,1,1,1,1
Труновский муниципальный округ,22,22,22,22,22,23,23,23,23,13,13,21,21,21,21,21,3,3,3,3,1,1,1,1
Тужинский муниципальный район,22,22,22,22,22,23,23,23,23,13,13,21,21,21,21,21,3,3,3,1,1,1,1,1
Туймазинский муниципальный район,22,22,22,22,22,23,23,23,23,13,13,21,21,21,21,21,3,3,3,2,2,2,1,1
Туркменский муниципальный округ,22,22,22,22,22,23,23,23,23,13,13,21,21,21,21,21,3,3,3,3,1,1,1,1
Турковский муниципальный район,22,22,22,22,22,23,23,23,23,13,13,21,21,21,21,21,3,3,3,3,1,1,1,1
Турочакский муниципальный район,22,22,22,22,22,23,23,23,13,13,13,21,21,21,21,21,3,3,3,2,1,1,1,1
Тутаевский муниципальный район,22,22,22,22,22,23,23,23,23,13,13,21,21,21,21,21,3,3,3,2,2,2,1,1
Тындинский муниципальный округ,22,22,22,22,22,23,23,23,13,13,13,21,21,21,21,21,3,2,2,2,2,2,1,1
Тюкалинский муниципальный район,22,22,22,22,22,23,23,23,13,13,13,21,21,21,21,21,3,3,3,3,1,1,1,1
Тюльганский муниципальный район,22,22,22,22,22,23,23,23,23,13,13,21,21,21,21,21,3,3,3,3,1,1,1,1
Тюлячинский муниципальный район,22,22,22,22,23,23,23,23,23,13,13,21,21,21,21,21,3,3,3,3,1,1,1,1
Тюменский муниципальный район,8,8,8,8,8,8,8,8,8,8,8,8,8,8,8,8,3,3,3,3,2,2,1,1
Тюменцевский муниципальный район,22,22,22,22,22,23,23,23,13,13,13,21,21,21,21,21,3,3,3,3,1,1,1,1
Тюхтетский муниципальный округ,22,22,22,22,22,23,23,23,13,13,13,21,21,21,21,21,21,3,3,2,1,1,1,1
Тяжинский муниципальный округ,22,22,22,22,22,23,23,23,13,13,13,21,21,21,21,21,3,3,3,3,1,1,1,1
Убинский муниципальный район,22,22,22,22,22,23,23,23,13,13,13,21,21,21,21,21,3,3,3,3,1,1,1,1
Уватский муниципальный район,22,22,22,22,22,23,23,23,23,13,13,21,21,21,21,21,3,2,2,2,1,1,1,1
Увельский муниципальный район,22,22,22,22,22,23,23,23,23,13,13,21,21,21,21,21,3,3,3,3,1,1,1,1
Угличский муниципальный район,22,22,22,22,22,23,23,23,23,13,13,21,21,21,21,21,3,3,3,2,2,2,1,1
Угловский муниципальный район,22,22,22,22,22,23,23,23,13,13,13,21,21,21,21,21,3,3,3,3,1,1,1,1
Угранский муниципальный район,22,22,22,22,22,23,23,23,23,13,13,21,21,21,21,21,3,3,3,3,1,1,1,1
Удорский муниципальный район,22,22,22,22,22,23,23,23,23,13,13,21,21,21,21,21,3,3,3,3,1,1,1,1
Ужурский муниципальный район,22,22,22,22,22,23,23,23,23,13,13,21,21,21,21,21,3,3,3,2,1,1,1,1
Узловский муниципальный район,22,22,22,22,22,23,23,23,23,13,13,21,21,21,21,21,3,3,3,2,2,2,1,1
Уйский муниципальный район,22,22,22,22,22,23,23,23,23,13,13,21,21,21,21,21,3,3,3,3,1,1,1,1
Улаганский муниципальный район,22,22,22,22,22,22,23,23,13,13,13,21,21,21,21,21,3,3,3,2,1,1,1,1
Улуг-Хемский муниципальный район,22,22,22,22,22,23,23,23,13,13,13,21,21,21,21,21,3,3,2,2,1,1,1,1
Ульчский муниципальный район,22,22,22,22,22,23,23,23,13,13,13,21,21,21,21,21,3,3,2,2,1,1,1,1
Улётовский муниципальный район,22,22,22,22,22,23,23,23,13,13,13,21,21,21,21,21,3,3,2,2,1,1,1,1
Умётский муниципальный округ,22,22,22,22,22,23,23,23,23,13,13,21,21,21,21,21,3,3,3,3,1,1,1,1
Упоровский муниципальный район,22,22,22,22,22,23,23,23,13,13,13,21,21,21,21,21,3,3,3,2,1,1,1,1
Уренский муниципальный округ,22,22,22,22,22,23,23,23,23,13,13,21,21,21,21,21,3,3,3,3,1,1,1,1
Уржумский муниципальный район,22,22,22,22,22,23,23,23,23,13,13,21,21,21,21,21,3,3,3,3,1,1,1,1
Урицкий муниципальный район,22,22,22,22,22,23,23,23,13,13,13,13,21,21,21,21,3,3,3,3,1,1,1,1
Урмарский муниципальный округ,22,22,22,22,23,23,23,23,23,13,13,21,21,21,21,21,3,3,3,3,1,1,1,1
Урупский муниципальный район,13,13,13,13,13,13,13,13,13,13,13,17,17,17,17,17,17,17,17,17,17,17,17,17
Усманский муниципальный район,22,22,22,22,22,23,23,23,23,13,13,21,21,21,21,21,3,3,3,3,1,1,1,1
Усольский муниципальный район,10,10,10,10,10,10,10,10,10,10,10,10,10,10,10,10,10,10,10,10,10,10,10,10
Усть-Абаканский муниципальный район,22,22,22,22,22,23,23,23,23,13,13,21,21,21,21,21,3,3,3,2,1,1,1,1
Усть-Алданский муниципальный район,22,22,22,22,22,23,23,23,13,13,13,21,21,21,21,21,3,3,2,2,1,1,1,1
Усть-Большерецкий муниципальный район,22,22,22,22,22,23,23,23,13,13,13,21,21,21,21,21,3,2,2,2,2,2,1,1
Усть-Вымский муниципальный район,22,22,22,22,22,23,23,23,23,13,13,21,21,21,21,21,3,3,3,3,1,1,1,1
Усть-Джегутинский муниципальный район,22,22,22,22,22,23,23,23,23,3,3,3,3,3,3,3,3,3,3,3,3,3,3,3
Усть-Илимский муниципальный район,22,22,22,22,25,25,25,25,25,13,13,21,21,21,21,21,3,2,2,2,1,1,1,1
Усть-Ишимский муниципальный район,23,23,23,23,23,23,23,13,13,13,13,21,21,21,21,21,21,3,3,3,1,1,1,1
Усть-Калманский муниципальный район,22,22,22,22,22,23,23,23,13,13,13,21,21,21,21,21,21,3,3,3,1,1,1,1
Усть-Камчатский муниципальный район,22,22,22,22,22,23,23,23,13,13,13,21,21,21,21,21,3,2,2,2,2,2,1,1
Усть-Канский муниципальный район,22,22,22,22,22,23,23,23,13,13,13,21,21,21,21,21,3,3,3,2,1,1,1,1
Усть-Коксинский муниципальный район,22,22,22,22,22,23,23,23,13,13,13,21,21,21,21,21,3,3,3,2,1,1,1,1
Усть-Кубинский муниципальный округ,22,22,22,22,22,23,23,23,23,13,13,21,21,21,21,21,3,3,3,3,1,1,1,1
Усть-Куломский муниципальный район,22,22,22,22,22,23,23,23,13,13,13,21,21,21,21,21,3,3,3,2,1,1,1,1
Усть-Кутский муниципальный район,22,22,22,22,22,23,23,23,23,13,13,21,21,21,21,21,3,3,2,2,2,2,1,1
Усть-Майский муниципальный район,22,22,22,22,22,23,23,23,13,13,13,21,21,21,21,21,3,2,2,2,2,2,1,1
Усть-Пристанский муниципальный район,22,22,22,22,22,23,23,23,13,13,13,21,21,21,21,21,21,3,3,3,1,1,1,1
Усть-Таркский муниципальный район,22,22,22,22,22,23,23,23,13,13,13,21,21,21,21,21,3,3,3,3,1,1,1,1
Усть-Удинский муниципальный район,22,22,22,22,22,23,23,23,13,13,13,21,21,21,21,21,3,3,3,2,1,1,1,1
Усть-Цилемский муниципальный район,22,22,22,22,22,23,23,23,13,13,13,21,21,21,21,21,21,3,3,2,1,1,1,1
Усть-Янский муниципальный район,22,22,22,22,22,23,23,23,13,13,13,21,21,21,21,21,3,2,2,2,2,2,1,1
Устьянский муниципальный округ,22,22,22,22,22,23,23,23,23,13,13,21,21,21,21,21,3,3,3,2,1,1,1,1
Устюженский муниципальный округ,22,22,22,22,22,23,23,23,23,13,13,21,21,21,21,21,3,3,3,3,1,1,1,1
Уфимский муниципальный район,8,8,8,8,8,8,8,8,8,8,8,8,8,8,8,8,3,3,3,3,2,2,1,1
Ухоловский муниципальный район,22,22,22,22,22,23,23,23,23,13,13,21,21,21,21,21,3,3,3,1,1,1,1,1
Учалинский муниципальный район,22,22,22,22,22,23,23,23,23,13,13,21,21,21,21,21,3,3,3,2,2,2,1,1
Уярский муниципальный район,22,22,22,22,22,23,23,23,13,13,13,21,21,21,21,21,3,3,3,2,1,1,1,1
Ферзиковский муниципальный район,22,22,22,22,22,23,23,23,23,13,13,21,21,21,21,21,3,3,3,3,1,1,1,1
Фурмановский муниципальный район,22,22,22,22,22,23,23,23,23,13,13,21,21,21,21,21,3,3,3,3,1,1,1,1
Хабаровский муниципальный район,5,5,5,5,5,5,5,5,5,5,5,5,4,4,4,4,3,2,2,2,2,2,1,1
Хабарский муниципальный район,22,22,22,22,22,23,23,23,13,13,13,21,21,21,21,21,3,3,3,3,1,1,1,1
Хабезский муниципальный район,22,22,22,22,22,23,23,23,23,23,23,21,21,21,21,21,3,3,3,3,1,1,1,1
Хайбуллинский муниципальный район,22,22,22,22,22,23,23,23,23,13,13,21,21,21,21,21,3,3,3,3,1,1,1,1
Хангаласский муниципальный район,22,22,22,22,22,23,23,23,13,13,13,21,21,21,21,21,3,3,2,2,1,1,1,1
Ханкайский муниципальный округ,22,22,22,22,22,23,23,23,13,13,13,21,21,21,21,21,3,3,2,2,1,1,1,1
Ханты-Мансийский муниципальный район,22,22,22,5,5,5,5,5,5,5,5,5,5,5,5,5,5,5,5,5,5,5,5,5
Харабалинский муниципальный район,22,22,22,22,22,23,23,23,23,13,13,21,21,21,21,21,3,3,3,3,1,1,1,1
Харовский муниципальный округ,22,22,22,22,22,23,23,23,13,13,13,21,21,21,21,21,3,3,3,3,1,1,1,1
Хасанский муниципальный округ,22,22,22,22,22,23,23,23,13,13,13,21,21,21,21,21,3,3,2,2,1,1,1,1
Хвалынский муниципальный район,22,22,22,22,22,23,23,23,23,13,13,21,21,21,21,21,3,3,3,3,1,1,1,1
Хвастовичский муниципальный район,22,22,22,22,22,23,23,23,23,13,13,21,21,21,21,21,3,3,3,1,1,1,1,1
Хворостянский муниципальный район,22,22,22,22,22,23,23,23,23,13,13,21,21,21,21,21,3,3,3,3,1,1,1,1
Хилокский муниципальный район,22,22,22,22,22,23,23,23,13,13,13,21,21,21,21,21,3,3,2,2,1,1,1,1
Хиславичский муниципальный район,22,22,22,22,22,23,23,23,23,13,13,21,21,21,21,21,3,3,3,1,1,1,1,1
Хлевенский муниципальный район,22,22,22,22,22,23,23,23,13,13,13,21,21,21,21,21,3,3,3,3,1,1,1,1
Холм-Жирковский муниципальный район,22,22,22,22,22,23,23,23,23,13,13,21,21,21,21,21,3,3,3,3,1,1,1,1
Холмогорский муниципальный округ,22,22,22,22,22,23,23,23,23,13,21,21,21,21,21,21,3,3,3,3,1,1,1,1
Холмский муниципальный район,22,22,22,22,22,23,23,23,23,13,13,21,21,21,21,21,3,3,3,1,1,1,1,1
Хорольский муниципальный округ,22,22,22,22,22,23,23,23,13,13,13,21,21,21,21,21,3,3,2,2,1,1,1,1
Хотынецкий муниципальный район,22,22,22,22,22,23,23,23,23,13,13,21,21,21,21,21,3,3,3,3,1,1,1,1
Целинный муниципальный округ,22,22,22,22,22,23,23,23,13,13,13,21,21,21,21,21,21,3,3,1,1,1,1,1
Цивильский муниципальный округ,22,22,22,22,22,23,23,23,23,13,13,21,21,21,21,21,3,3,3,3,1,1,1,1
Чагодощенский муниципальный округ,22,22,22,22,22,23,23,23,23,13,13,21,21,21,21,21,3,3,3,3,1,1,1,1
Чаинский муниципальный район,22,22,22,22,22,23,23,23,13,13,13,21,21,21,21,21,21,3,3,2,1,1,1,1
Чамзинский муниципальный район,22,22,22,22,22,23,23,23,23,13,13,21,21,21,21,21,3,3,3,3,1,1,1,1
Чановский муниципальный район,22,22,22,22,22,23,23,23,13,13,13,21,21,21,21,21,3,3,3,2,1,1,1,1
Чаплыгинский муниципальный район,22,22,22,22,22,23,23,23,13,13,13,21,21,21,21,21,3,3,3,3,1,1,1,1
Частоозерский муниципальный округ,22,22,22,22,22,23,23,23,13,13,13,21,21,21,21,21,21,3,3,3,1,1,1,1
Чебаркульский муниципальный район,22,22,22,22,22,23,23,23,23,13,13,21,21,21,21,21,3,3,3,3,1,1,1,1
Чебоксарский муниципальный округ,22,22,22,22,22,23,23,23,23,13,13,21,21,21,21,21,3,3,3,2,2,2,1,1
Чебулинский муниципальный округ,22,22,22,22,22,23,23,23,13,13,13,21,21,21,21,21,3,3,3,2,1,1,1,1
Чеди-Хольский муниципальный район,22,22,22,22,22,23,23,23,13,13,13,21,21,21,21,21,3,3,2,2,1,1,1,1
Чекмагушевский муниципальный район,22,22,22,22,23,23,23,23,23,13,13,21,21,21,21,21,3,3,3,3,1,1,1,1
Челно-Вершинский муниципальный район,22,22,22,22,22,23,23,23,23,13,13,21,21,21,21,21,3,3,3,3,1,1,1,1
Чемальский муниципальный район,22,22,22,22,22,23,23,23,13,13,13,21,21,21,21,21,3,3,3,2,1,1,1,1
Чердаклинский муниципальный район,22,22,22,22,22,23,23,23,23,13,13,21,21,21,21,21,3,3,3,3,1,1,1,1
Черемховский муниципальный район,22,22,22,22,22,23,23,23,13,13,13,21,21,21,21,21,3,3,3,2,1,1,1,1
Черемшанский муниципальный район,22,22,22,22,23,23,23,23,23,13,13,21,21,21,21,21,3,3,3,3,1,1,1,1
Черепановский муниципальный район,22,22,22,22,22,23,23,23,23,13,13,21,21,21,21,21,3,3,3,2,1,1,1,1
Череповецкий муниципальный район,8,8,8,8,13,13,13,13,13,13,13,13,13,13,8,8,3,3,3,3,2,2,1,1
Черлакский муниципальный район,22,22,22,22,22,23,23,23,13,13,13,21,21,21,21,21,3,3,3,3,1,1,1,1
Черниговский муниципальный округ,22,22,22,22,22,23,23,23,13,13,13,21,21,21,21,21,3,3,2,2,1,1,1,1
Черноярский муниципальный район,22,22,22,22,22,23,23,23,23,13,13,21,21,21,21,21,3,3,3,3,3,3,1,1
Чернский муниципальный район,22,22,22,22,22,23,23,23,23,13,13,21,21,21,21,21,3,3,3,3,1,1,1,1
Чернышевский муниципальный район,22,22,22,22,22,23,23,23,13,13,13,21,21,21,21,21,3,3,2,2,1,1,1,1
Чернышковский муниципальный район,22,22,22,22,22,23,23,23,23,13,13,21,21,21,21,21,3,3,3,3,1,1,1,1
Чесменский муниципальный район,22,22,22,22,22,23,23,23,13,13,13,21,21,21,21,21,3,3,3,3,1,1,1,1
Чистоозерный муниципальный район,22,22,22,22,22,23,23,23,13,13,13,21,21,21,21,21,3,3,3,3,1,1,1,1
Чистопольский муниципальный район,22,22,22,22,22,23,23,23,23,13,13,21,21,21,21,21,3,3,3,2,2,2,1,1
Читинский муниципальный район,22,22,22,22,22,23,23,23,23,13,13,21,21,21,21,21,3,3,3,2,2,2,1,1
Чишминский муниципальный район,22,22,22,22,22,23,23,23,23,13,13,21,21,21,21,21,3,3,3,2,2,2,1,1
Чойский муниципальный район,22,22,22,22,22,23,23,23,13,13,13,21,21,21,21,21,21,3,3,2,1,1,1,1
Чугуевский муниципальный округ,22,22,22,22,22,23,23,23,13,13,13,21,21,21,21,21,3,3,2,2,1,1,1,1
Чудовский муниципальный район,22,22,22,22,22,23,23,23,23,13,13,21,21,21,21,21,3,3,3,3,1,1,1,1
Чулымский муниципальный район,22,22,22,22,22,23,23,23,23,13,13,21,21,21,21,21,3,3,3,2,1,1,1,1
Чунский муниципальный район,22,22,22,22,22,23,23,23,23,13,13,21,21,21,21,21,3,3,3,2,1,1,1,1
Чурапчинский муниципальный район,22,22,22,22,22,23,23,23,13,13,13,21,21,21,21,21,3,3,2,2,1,1,1,1
Чухломский муниципальный район,22,22,22,22,22,23,23,23,23,13,13,21,21,21,21,21,3,3,3,1,1,1,1,1
Чучковский муниципальный район,22,22,22,22,22,23,23,23,23,13,13,21,21,21,21,21,3,3,3,1,1,1,1,1
Шабалинский муниципальный район,22,22,22,22,22,23,23,23,23,13,13,21,21,21,21,21,3,3,3,3,1,1,1,1
Шаблыкинский муниципальный район,22,22,22,22,22,23,23,23,23,13,13,21,21,21,21,21,3,3,3,1,1,1,1,1
Шарангский муниципальный округ,22,22,22,22,22,23,23,23,23,13,13,21,21,21,21,21,3,3,3,3,1,1,1,1
Шаранский муниципальный район,22,22,22,22,23,23,23,23,23,13,13,21,21,21,21,21,3,3,3,3,1,1,1,1
Шарлыкский муниципальный район,22,22,22,22,22,23,23,23,23,13,13,21,21,21,21,21,3,3,3,3,1,1,1,1
Шатковский муниципальный округ,22,22,22,22,22,23,23,23,23,13,13,21,21,21,21,21,3,3,3,3,1,1,1,1
Шатровский муниципальный округ,22,22,22,22,22,23,23,23,13,13,13,21,21,21,21,21,3,3,3,3,1,1,1,1
Шацкий муниципальный район,22,22,22,22,22,23,23,23,23,13,13,21,21,21,21,21,3,3,3,3,1,1,1,1
Шебалинский муниципальный район,22,22,22,22,22,23,23,23,13,13,13,21,21,21,21,21,3,3,3,2,1,1,1,1
Шегарский муниципальный район,22,22,22,22,22,23,23,23,13,13,13,21,21,21,21,21,3,3,3,3,1,1,1,1
Шекснинский муниципальный район,22,22,22,22,22,23,23,23,23,13,13,21,21,21,21,21,3,3,3,3,1,1,1,1
Шелаболихинский муниципальный район,22,22,22,22,22,23,23,23,13,13,13,21,21,21,21,21,21,3,3,3,1,1,1,1
Шелеховский муниципальный район,22,22,22,22,22,23,23,23,23,13,13,21,21,21,21,21,3,3,2,2,2,2,1,1
Шелопугинский муниципальный район,22,22,22,22,22,23,23,23,13,13,13,21,21,21,21,21,3,3,2,2,1,1,1,1
Шемуршинский муниципальный округ,22,22,22,22,23,23,23,23,23,13,13,21,21,21,21,21,3,3,3,3,1,1,1,1
Шенкурский муниципальный округ,22,22,22,22,22,23,23,23,13,13,13,21,21,21,21,21,3,3,3,3,1,1,1,1
Шенталинский муниципальный район,22,22,22,22,22,23,23,23,23,13,13,21,21,21,21,21,3,3,3,3,1,1,1,1
Шербакульский муниципальный район,22,22,22,22,22,23,23,23,13,13,13,21,21,21,21,21,3,3,3,3,1,1,1,1
Шигонский муниципальный район,22,22,22,22,22,23,23,23,23,13,13,21,21,21,21,21,3,3,3,3,1,1,1,1
Шилкинский муниципальный район,22,22,22,22,22,23,23,23,13,13,13,21,21,21,21,21,3,3,2,2,1,1,1,1
Шиловский муниципальный район,22,22,22,22,22,23,23,23,13,13,13,21,21,21,21,21,3,3,3,3,1,1,1,1
Шимановский муниципальный округ,22,22,22,22,22,23,23,23,13,13,13,21,21,21,21,21,3,2,2,2,2,2,1,1
Шимский муниципальный район,22,22,22,22,22,23,23,23,13,13,13,21,21,21,21,21,3,3,3,3,1,1,1,1
Шипуновский муниципальный район,22,22,22,22,22,23,23,23,13,13,13,21,21,21,21,21,3,3,3,3,1,1,1,1
Ширинский муниципальный район,22,22,22,22,22,23,23,23,13,13,13,21,21,21,21,21,3,3,3,2,1,1,1,1
Шкотовский муниципальный округ,22,22,22,22,22,23,23,23,13,13,13,21,21,21,21,21,3,3,2,2,1,1,1,1
Шовгеновский муниципальный район,22,22,22,22,23,23,23,23,23,13,13,21,21,21,21,21,3,3,3,3,1,1,1,1
Шпаковский муниципальный округ,22,22,22,22,22,23,23,23,23,13,13,21,21,21,21,21,3,3,2,2,2,2,1,1
Шуйский муниципальный район,22,22,22,22,23,23,23,23,23,13,13,21,21,21,21,21,3,3,3,3,2,2,1,1
Шумячский муниципальный район,22,22,22,22,23,23,23,23,23,13,13,21,21,21,21,21,3,3,3,3,1,1,1,1
Шушенский муниципальный район,22,22,22,22,22,23,23,23,23,13,13,21,21,21,21,21,3,3,3,2,1,1,1,1
Щекинский муниципальный район,22,22,22,22,22,23,23,23,23,13,13,21,21,21,21,21,3,3,3,2,2,2,1,1
Щучанский муниципальный округ,22,22,22,22,22,23,23,23,13,13,13,21,21,21,21,21,3,3,3,3,1,1,1,1
Энгельсский муниципальный район,22,22,22,22,22,23,23,23,23,13,13,21,21,21,21,21,3,3,2,2,2,2,1,1
Эхирит-Булагатский муниципальный район,22,22,22,22,22,23,23,23,13,13,13,21,21,21,21,21,3,3,3,2,1,1,1,1
Южский муниципальный район,22,22,22,22,22,23,23,23,23,13,13,21,21,21,21,21,3,3,3,3,1,1,1,1
Юргамышский муниципальный округ,22,22,22,22,22,23,23,23,13,13,13,21,21,21,21,21,3,3,3,3,1,1,1,1
Юргинский муниципальный район,22,22,22,22,22,23,23,23,13,13,13,21,21,21,21,21,21,3,3,3,1,1,1,1
Юринский муниципальный район,22,22,22,22,22,23,23,23,23,13,13,21,21,21,21,21,3,3,3,1,1,1,1,1
Юрьев-Польский муниципальный район,22,22,22,22,22,23,23,23,13,13,13,13,21,21,21,21,3,3,3,3,1,1,1,1
Юрьевецкий муниципальный район,22,22,22,22,22,23,23,23,23,13,13,21,21,21,21,21,3,3,3,3,1,1,1,1
Юрьянский муниципальный район,22,22,22,22,22,23,23,23,23,13,13,21,21,21,21,21,3,3,3,3,1,1,1,1
Юстинский муниципальный район,22,22,22,22,22,23,23,23,23,13,13,21,21,21,21,21,3,3,3,3,1,1,1,1
Ютазинский муниципальный район,22,22,22,22,22,23,23,23,23,13,13,21,21,21,21,21,3,3,3,3,1,1,1,1
Юхновский муниципальный район,22,22,22,22,22,23,23,23,23,13,13,21,21,21,21,21,3,3,3,3,1,1,1,1
Ядринский муниципальный округ,22,22,22,22,22,23,23,23,23,13,13,21,21,21,21,21,3,3,3,3,1,1,1,1
Яйский муниципальный округ,22,22,22,22,22,23,23,23,13,13,13,21,21,21,21,21,3,3,3,2,1,1,1,1
Яковлевский муниципальный округ,22,22,22,22,22,23,23,23,13,13,13,21,21,21,21,21,3,3,2,2,1,1,1,1
Яльчикский муниципальный округ,22,22,22,22,23,23,23,23,23,13,13,13,21,21,21,21,3,3,3,3,1,1,1,1
Янаульский муниципальный район,22,22,22,22,23,23,23,23,23,13,13,21,21,21,21,21,3,3,3,3,1,1,1,1
Янтиковский муниципальный округ,22,22,22,22,23,23,23,23,23,13,13,21,21,21,21,21,3,3,3,3,1,1,1,1
Яранский муниципальный район,22,22,22,22,23,23,23,23,23,13,13,21,21,21,21,21,3,3,3,3,1,1,1,1
Ярковский муниципальный район,22,22,22,22,22,23,23,23,23,13,13,21,21,21,21,21,3,3,3,2,1,1,1,1
Ярославский муниципальный район,8,8,8,8,8,8,8,8,8,8,8,8,8,8,8,8,3,3,3,3,2,2,1,1
Ярцевский муниципальный район,22,22,22,22,22,23,23,23,23,13,13,21,21,21,21,21,3,3,3,2,1,2,1,1
Ясногорский муниципальный район,22,22,22,22,22,23,23,23,23,13,13,21,21,21,21,21,3,3,3,3,2,2,1,1
Яшкинский муниципальный округ,22,22,22,22,22,23,23,23,13,13,13,21,21,21,21,21,3,3,3,2,1,1,1,1
внутригородская территория города федерального значения город Зеленогорск,5,5,5,5,5,5,5,23,23,4,4,4,4,4,4,4,3,2,2,2,2,2,2,2
внутригородская территория города федерального значения город Колпино,22,22,5,5,5,5,5,23,23,4,4,4,4,4,4,4,3,2,2,2,2,2,1,1
внутригородская территория города федерального значения город Красное Село,5,5,5,5,5,5,5,23,23,4,4,4,4,4,4,4,3,2,2,2,2,2,2,2
внутригородская территория города федерального значения город Кронштадт,5,5,5,5,5,5,5,23,23,4,4,4,4,4,4,4,3,2,2,2,2,2,2,2
внутригородская территория города федерального значения город Ломоносов,5,5,5,5,5,5,5,23,23,4,4,4,4,4,4,4,3,2,2,2,2,2,2,2
внутригородская территория города федерального значения город Павловск,5,5,5,5,5,5,5,23,23,4,4,4,4,4,4,4,3,2,2,2,2,2,2,2
внутригородская территория города федерального значения город Петергоф,5,5,5,5,5,5,5,23,23,4,4,4,4,4,4,4,3,2,2,2,2,2,2,2
внутригородская территория города федерального значения город Пушкин,5,5,5,5,5,5,5,5,23,4,4,4,4,4,4,4,4,2,2,2,2,2,2,2
внутригородская территория города федерального значения город Сестрорецк,5,5,5,5,5,5,5,23,23,4,4,4,4,4,4,4,3,2,2,2,2,2,2,2
внутригородская территория города федерального значения городской округ Троицк,24,24,24,24,24,24,24,23,23,4,4,4,4,4,4,4,3,2,2,2,2,2,2,2
внутригородская территория города федерального значения городской округ Щербинка,24,24,24,24,24,24,24,23,23,4,4,4,4,4,4,4,3,2,2,2,2,2,2,2
внутригородская территория города федерального значения муниципальное образование Савелки,24,24,24,24,24,24,24,23,23,4,4,4,4,4,4,4,3,2,2,2,2,2,2,2
внутригородская территория города федерального значения муниципальный округ Автово,5,5,5,5,5,5,5,23,23,4,4,4,4,4,4,4,3,2,2,2,2,2,2,2
внутригородская территория города федерального значения муниципальный округ Адмиралтейский округ,5,5,5,5,5,5,5,23,23,4,4,4,4,4,4,4,3,2,2,2,2,2,2,2
внутригородская территория города федерального значения муниципальный округ Академический,24,24,24,24,24,24,24,23,23,4,4,4,4,4,4,4,3,2,2,2,2,2,2,2
внутригородская территория города федерального значения муниципальный округ Академическое,5,5,5,5,5,5,5,4,4,4,4,4,4,4,4,4,4,2,2,2,2,2,2,2
внутригородская территория города федерального значения муниципальный округ Алексеевский,24,24,24,24,24,24,24,23,23,4,4,4,4,4,4,4,3,2,2,2,2,2,2,2
внутригородская территория города федерального значения муниципальный округ Алтуфьевский,24,24,24,24,24,24,24,23,23,4,4,4,4,4,4,4,3,2,2,2,2,2,2,2
внутригородская территория города федерального значения муниципальный округ Аптекарский остров,5,5,5,5,5,5,5,23,23,4,4,4,4,4,4,4,3,2,2,2,2,2,2,2
внутригородская территория города федерального значения муниципальный округ Арбат,24,24,24,24,24,24,24,23,23,4,4,4,4,4,4,4,3,2,2,2,2,2,2,2
внутригородская территория города федерального значения муниципальный округ Аэропорт,24,24,24,24,24,24,24,23,23,4,4,4,4,4,4,4,3,2,2,2,2,2,2,2
внутригородская территория города федерального значения муниципальный округ Бабушкинский,24,24,24,24,24,24,24,23,23,4,4,4,4,4,4,4,3,2,2,2,2,2,2,2
внутригородская территория города федерального значения муниципальный округ Балканский,5,5,5,5,5,5,5,23,23,4,4,4,4,4,4,4,3,2,2,2,2,2,2,2
внутригородская территория города федерального значения муниципальный округ Басманный,24,24,24,24,24,24,24,23,23,4,4,4,4,4,4,4,3,2,2,2,2,2,2,2
внутригородская территория города федерального значения муниципальный округ Беговой,24,24,24,24,24,24,24,23,23,4,4,4,4,4,4,4,3,2,2,2,2,2,2,2
внутригородская территория города федерального значения муниципальный округ Бескудниковский,24,24,24,24,24,24,24,23,23,4,4,4,4,4,4,4,3,2,2,2,2,2,2,2
внутригородская территория города федерального значения муниципальный округ Бибирево,24,24,24,24,24,24,24,23,23,4,4,4,4,4,4,4,3,2,2,2,2,2,2,2
внутригородская территория города федерального значения муниципальный округ Бирюлево Восточное,24,24,24,24,24,24,24,23,23,4,4,4,4,4,4,4,3,2,2,2,2,2,2,2
внутригородская территория города федерального значения муниципальный округ Бирюлево Западное,24,24,24,24,24,24,24,23,23,4,4,4,4,4,4,4,3,2,2,2,2,2,2,2
внутригородская территория города федерального значения муниципальный округ Богородское,24,24,24,24,24,24,24,23,23,4,4,4,4,4,4,4,3,2,2,2,2,2,2,2
внутригородская территория города федерального значения муниципальный округ Большая Охта,5,5,5,5,5,5,5,23,23,4,4,4,4,4,4,4,3,2,2,2,2,2,2,2
внутригородская территория города федерального значения муниципальный округ Братеево,24,24,24,24,24,24,24,23,23,4,4,4,4,4,4,4,3,2,2,2,2,2,2,2
внутригородская территория города федерального значения муниципальный округ Бутырский,24,24,24,24,24,24,24,23,23,4,4,4,4,4,4,4,3,2,2,2,2,2,2,2
внутригородская территория города федерального значения муниципальный округ Васильевский,5,5,5,5,5,5,5,23,23,4,4,4,4,4,4,4,3,2,2,2,2,2,2,2
внутригородская территория города федерального значения муниципальный округ Введенский,5,5,5,5,5,5,5,23,23,4,4,4,4,4,4,4,3,2,2,2,2,2,2,2
внутригородская территория города федерального значения муниципальный округ Вешняки,24,24,24,24,24,24,24,23,23,4,4,4,4,4,4,4,3,2,2,2,2,2,2,2
внутригородская территория города федерального значения муниципальный округ Владимирский округ,5,5,5,5,5,5,5,23,23,4,4,4,4,4,4,4,3,2,2,2,2,2,2,2
внутригородская территория города федерального значения муниципальный округ Внуково,5,5,5,5,5,5,5,23,23,4,4,4,4,4,4,4,3,2,2,2,2,2,2,2
внутригородская территория города федерального значения муниципальный округ Войковский,24,24,24,24,24,24,24,23,23,4,4,4,4,4,4,4,3,2,2,2,2,2,2,2
внутригородская территория города федерального значения муниципальный округ Волковское,5,5,5,5,5,5,5,23,23,4,4,4,4,4,4,4,3,2,2,2,2,2,2,2
внутригородская территория города федерального значения муниципальный округ Восточное Дегунино,24,24,24,24,24,24,24,23,23,23,4,4,4,4,4,4,3,2,2,2,2,2,2,2
внутригородская территория города федерального значения муниципальный округ Восточное Измайлово,24,24,24,24,24,24,24,23,23,4,4,4,4,4,4,4,3,2,2,2,2,2,2,2
внутригородская территория города федерального значения муниципальный округ Восточный,5,5,5,5,5,5,5,23,23,4,4,4,4,4,4,4,3,2,2,2,2,2,2,2
внутригородская территория города федерального значения муниципальный округ Выхино-Жулебино,22,22,22,22,22,23,23,23,23,13,13,21,21,21,21,21,3,2,2,2,2,2,1,1
внутригородская территория города федерального значения муниципальный округ Гавань,5,5,5,5,5,5,5,23,23,4,4,4,4,4,4,4,3,2,2,2,2,2,2,2
внутригородская территория города федерального значения муниципальный округ Гагаринский,24,24,24,24,24,24,24,23,23,4,4,4,4,4,4,4,3,2,2,2,2,2,2,2
внутригородская территория города федерального значения муниципальный округ Гагаринское,5,5,5,5,5,5,5,23,23,4,4,4,4,4,4,4,3,2,2,2,2,2,2,2
внутригородская территория города федерального значения муниципальный округ Георгиевский,5,5,5,5,5,5,5,23,23,4,4,4,4,4,4,4,3,2,2,2,2,2,2,2
внутригородская территория города федерального значения муниципальный округ Головинский,24,24,24,24,24,24,24,23,23,4,4,4,4,4,4,4,3,2,2,2,2,2,2,2
внутригородская территория города федерального значения муниципальный округ Гольяново,24,24,24,24,24,24,24,23,23,4,4,4,4,4,4,4,3,2,2,2,2,2,2,2
внутригородская территория города федерального значения муниципальный округ Горелово,5,5,5,5,5,5,5,23,23,4,4,4,4,4,4,4,3,2,2,2,2,2,2,2
внутригородская территория города федерального значения муниципальный округ Гражданка,5,5,5,5,5,5,5,23,23,4,4,4,4,4,4,4,3,2,2,2,2,2,2,2
внутригородская территория города федерального значения муниципальный округ Даниловский,24,24,24,24,24,24,24,23,23,4,4,4,4,4,4,4,3,2,2,2,2,2,2,2
внутригородская территория города федерального значения муниципальный округ Дачное,5,5,5,5,5,5,5,23,23,4,4,4,4,4,4,4,3,2,2,2,2,2,2,2
внутригородская территория города федерального значения муниципальный округ Дворцовый округ,5,5,5,5,5,5,5,23,23,4,4,4,4,4,4,4,3,2,2,2,2,2,2,2
внутригородская территория города федерального значения муниципальный округ Дмитровский,24,24,24,24,24,24,24,23,23,4,4,4,4,4,4,4,3,2,2,2,2,2,2,2
внутригородская территория города федерального значения муниципальный округ Донской,24,24,24,24,24,24,24,23,23,4,4,4,4,4,4,4,3,2,2,2,2,2,2,2
внутригородская территория города федерального значения муниципальный округ Дорогомилово,24,24,24,24,24,24,24,23,23,4,4,4,4,4,4,4,3,2,2,2,2,2,2,2
внутригородская территория города федерального значения муниципальный округ Екатерингофский,5,5,5,5,5,5,5,23,23,4,4,4,4,4,4,4,3,2,2,2,2,2,2,2
внутригородская территория города федерального значения муниципальный округ Замоскворечье,24,24,24,24,24,24,24,23,23,4,4,4,4,4,4,4,3,2,2,2,2,2,2,2
внутригородская территория города федерального значения муниципальный округ Западное Дегунино,24,24,24,24,24,24,24,23,23,4,4,4,4,4,4,4,3,2,2,2,2,2,2,2
внутригородская территория города федерального значения муниципальный округ Звездное,5,5,5,5,5,5,5,23,23,4,4,4,4,4,4,4,3,2,2,2,2,2,2,2
внутригородская территория города федерального значения муниципальный округ Зюзино,24,24,24,24,24,24,4,4,4,4,4,4,4,4,4,4,2,2,2,2,2,2,2,2
внутригородская территория города федерального значения муниципальный округ Зябликово,24,24,24,24,24,24,24,23,23,4,4,4,4,4,4,4,3,2,2,2,2,2,2,2
внутригородская территория города федерального значения муниципальный округ Ивановский,5,5,5,5,5,5,5,23,23,4,4,4,4,4,4,4,3,2,2,2,2,2,2,2
внутригородская территория города федерального значения муниципальный округ Ивановское,24,24,24,24,24,24,24,23,23,4,4,4,4,4,4,4,3,2,2,2,2,2,2,2
внутригородская территория города федерального значения муниципальный округ Измайлово,24,24,24,24,24,24,24,23,23,4,4,4,4,4,4,4,3,2,2,2,2,2,2,2
внутригородская территория города федерального значения муниципальный округ Измайловское,5,5,5,5,5,5,5,23,23,4,4,4,4,4,4,4,3,2,2,2,2,2,2,2
внутригородская территория города федерального значения муниципальный округ Капотня,5,5,5,5,5,5,5,23,23,4,4,4,4,4,4,4,3,2,2,2,2,2,2,2
внутригородская территория города федерального значения муниципальный округ Княжево,5,5,5,5,5,5,5,23,23,4,4,4,4,4,4,4,3,2,2,2,2,2,2,2
внутригородская территория города федерального значения муниципальный округ Коломна,14,14,14,14,14,14,14,14,14,14,14,14,14,14,14,14,14,14,14,14,14,14,14,14
внутригородская территория города федерального значения муниципальный округ Коломяги,5,5,5,5,5,5,5,5,23,4,4,4,4,4,4,4,4,2,2,2,2,2,2,2
внутригородская территория города федерального значения муниципальный округ Комендантский аэродром,5,5,5,5,5,5,5,23,23,4,4,4,4,4,4,4,3,2,2,2,2,2,2,2
внутригородская территория города федерального значения муниципальный округ Константиновское,5,5,5,5,5,5,5,23,23,4,4,4,4,4,4,4,3,2,2,2,2,2,2,2
внутригородская территория города федерального значения муниципальный округ Коньково,24,24,24,24,24,24,24,23,23,4,4,4,4,4,4,4,3,2,2,2,2,2,2,2
внутригородская территория города федерального значения муниципальный округ Коптево,24,24,24,24,24,24,24,23,23,4,4,4,4,4,4,4,3,2,2,2,2,2,2,2
внутригородская территория города федерального значения муниципальный округ Косино-Ухтомский,24,24,24,24,24,24,24,23,23,4,4,4,4,4,4,4,3,2,2,2,2,2,2,2
внутригородская территория города федерального значения муниципальный округ Котловка,24,24,24,24,24,24,24,23,23,4,4,4,4,4,4,4,3,2,2,2,2,2,2,2
внутригородская территория города федерального значения муниципальный округ Красненькая речка,5,5,5,5,5,5,5,23,23,4,4,4,4,4,4,4,3,2,2,2,2,2,2,2
внутригородская территория города федерального значения муниципальный округ Красносельский,24,24,24,24,24,24,24,23,23,4,4,4,4,4,4,4,3,2,2,2,2,2,2,2
внутригородская территория города федерального значения муниципальный округ Кронверкское,5,5,5,5,5,5,5,23,23,4,4,4,4,4,4,4,3,2,2,2,2,2,2,2
внутригородская территория города федерального значения муниципальный округ Крылатское,24,24,24,24,24,24,24,23,23,4,4,4,4,4,4,4,3,2,2,2,2,2,2,2
внутригородская территория города федерального значения муниципальный округ Крюково,24,24,24,24,24,24,24,23,23,4,4,4,4,4,4,4,3,2,2,2,2,2,2,2
внутригородская территория города федерального значения муниципальный округ Кузьминки,24,24,24,24,24,24,24,23,23,4,4,4,4,4,4,4,3,2,2,2,2,2,2,2
внутригородская территория города федерального значения муниципальный округ Кунцево,24,24,24,24,24,24,24,23,23,4,4,4,4,4,4,4,3,2,2,2,2,2,2,2
внутригородская территория города федерального значения муниципальный округ Купчино,5,5,5,5,5,5,5,23,23,4,4,4,4,4,4,4,3,2,2,2,2,2,2,2
внутригородская территория города федерального значения муниципальный округ Куркино,16,16,16,16,16,16,16,16,16,16,16,16,16,16,16,16,16,16,16,16,16,16,16,16
внутригородская территория города федерального значения муниципальный округ Ланское,5,5,5,5,5,5,5,23,23,4,4,4,4,4,4,4,3,2,2,2,2,2,2,2
внутригородская территория города федерального значения муниципальный округ Лахта-Ольгино,18,18,18,18,18,18,18,18,18,18,18,18,18,18,18,18,18,18,18,18,18,18,18,18
внутригородская территория города федерального значения муниципальный округ Левобережный,24,24,24,24,24,24,24,24,24,4,4,4,4,4,4,4,4,4,4,4,4,4,4,4
внутригородская территория города федерального значения муниципальный округ Лефортово,24,24,24,24,24,24,24,23,23,4,4,4,4,4,4,4,3,2,2,2,2,2,2,2
внутригородская территория города федерального значения муниципальный округ Лианозово,24,24,24,24,24,24,24,23,23,4,4,4,4,4,4,4,3,2,2,2,2,2,2,2
внутригородская территория города федерального значения муниципальный округ Лиговка-Ямская,5,5,5,5,5,5,5,23,23,4,4,4,4,4,4,4,3,2,2,2,2,2,2,2
внутригородская территория города федерального значения муниципальный округ Литейный округ,5,5,5,5,5,5,5,23,23,4,4,4,4,4,4,4,3,2,2,2,2,2,2,2
внутригородская территория города федерального значения муниципальный округ Ломоносовский,24,24,24,24,24,24,24,24,24,4,4,4,4,4,4,4,4,4,4,4,4,4,4,4
внутригородская территория города федерального значения муниципальный округ Лосиноостровский,24,24,24,24,24,24,24,23,23,4,4,4,4,4,4,4,3,2,2,2,2,2,2,2
внутригородская территория города федерального значения муниципальный округ Люблино,24,24,24,24,24,24,24,24,4,4,4,4,4,4,4,4,4,4,2,2,2,2,2,2
внутригородская территория города федерального значения муниципальный округ Малая Охта,5,5,5,5,5,5,5,23,23,4,4,4,4,4,4,4,3,2,2,2,2,2,2,2
внутригородская территория города федерального значения муниципальный округ Марфино,24,24,24,24,24,24,24,23,23,4,4,4,4,4,4,4,3,2,2,2,2,2,2,2
внутригородская территория города федерального значения муниципальный округ Марьина роща,24,24,24,24,24,24,24,23,23,4,4,4,4,4,4,4,3,2,2,2,2,2,2,2
внутригородская территория города федерального значения муниципальный округ Марьино,24,24,24,24,24,24,24,24,4,4,4,4,4,4,4,4,4,2,2,2,2,2,2,2
внутригородская территория города федерального значения муниципальный округ Матушкино,24,24,24,24,24,24,24,23,23,4,4,4,4,4,4,4,3,2,2,2,2,2,2,2
внутригородская территория города федерального значения муниципальный округ Метрогородок,24,24,24,24,24,24,24,23,23,4,4,4,4,4,4,4,3,2,2,2,2,2,2,2
внутригородская территория города федерального значения муниципальный округ Мещанский,24,24,24,24,24,24,24,23,23,4,4,4,4,4,4,4,3,2,2,2,2,2,2,2
внутригородская территория города федерального значения муниципальный округ Митино,24,24,24,24,24,24,24,23,23,4,4,4,4,4,4,4,3,2,2,2,2,2,2,2
внутригородская территория города федерального значения муниципальный округ Можайский,24,24,24,24,24,24,24,23,23,4,4,4,4,4,4,4,3,2,2,2,2,2,2,2
внутригородская территория города федерального значения муниципальный округ Молжаниновский,5,5,5,5,5,5,5,23,23,4,4,4,4,4,4,4,3,2,2,2,2,2,2,2
внутригородская территория города федерального значения муниципальный округ Морские ворота,5,5,5,5,5,5,5,23,23,4,4,4,4,4,4,4,3,2,2,2,2,2,2,2
внутригородская территория города федерального значения муниципальный округ Морской,5,5,5,5,5,5,5,23,23,4,4,4,4,4,4,4,3,2,2,2,2,2,2,2
внутригородская территория города федерального значения муниципальный округ Москворечье-Сабурово,24,24,24,24,24,24,24,23,23,4,4,4,4,4,4,4,3,2,2,2,2,2,2,2
внутригородская территория города федерального значения муниципальный округ Московская застава,5,5,5,5,5,5,5,23,23,4,4,4,4,4,4,4,3,2,2,2,2,2,2,2
внутригородская территория города федерального значения муниципальный округ Нагатино-Садовники,24,24,24,24,24,24,24,23,23,4,4,4,4,4,4,4,3,2,2,2,2,2,2,2
внутригородская территория города федерального значения муниципальный округ Нагатинский затон,24,24,24,24,24,24,24,23,23,4,4,4,4,4,4,4,3,2,2,2,2,2,2,2
внутригородская территория города федерального значения муниципальный округ Нагорный,24,24,24,24,24,24,24,23,23,4,4,4,4,4,4,4,3,2,2,2,2,2,2,2
внутригородская территория города федерального значения муниципальный округ Нарвский округ,5,5,5,5,5,5,5,23,23,4,4,4,4,4,4,4,3,2,2,2,2,2,2,2
внутригородская территория города федерального значения муниципальный округ Народный,5,5,5,5,5,5,5,23,23,4,4,4,4,4,4,4,3,2,2,2,2,2,2,2
внутригородская территория города федерального значения муниципальный округ Невская застава,5,5,5,5,5,5,5,23,23,4,4,4,4,4,4,4,3,2,2,2,2,2,2,2
внутригородская территория города федерального значения муниципальный округ Невский округ,5,5,5,5,5,5,5,23,23,4,4,4,4,4,4,4,3,2,2,2,2,2,2,2
внутригородская территория города федерального значения муниципальный округ Некрасовка,24,24,24,24,24,24,24,23,23,4,4,4,4,4,4,2,2,2,2,2,2,2,2,2
внутригородская территория города федерального значения муниципальный округ Нижегородский,24,24,24,24,24,24,24,23,23,4,4,4,4,4,4,4,3,2,2,2,2,2,2,2
внутригородская территория города федерального значения муниципальный округ Ново-Переделкино,24,24,24,24,24,24,24,23,23,4,4,4,4,4,4,4,3,2,2,2,2,2,2,2
внутригородская территория города федерального значения муниципальный округ Новогиреево,24,24,24,24,24,24,24,23,23,4,4,4,4,4,4,4,3,2,2,2,2,2,2,2
внутригородская территория города федерального значения муниципальный округ Новоизмайловское,5,5,5,5,5,5,5,23,23,4,4,4,4,4,4,4,3,2,2,2,2,2,2,2
внутригородская территория города федерального значения муниципальный округ Новокосино,24,24,24,24,24,24,24,23,23,4,4,4,4,4,4,4,3,2,2,2,2,2,2,2
внутригородская территория города федерального значения муниципальный округ Обручевский,24,24,24,24,24,24,24,23,23,4,4,4,4,4,4,4,3,2,2,2,2,2,2,2
внутригородская территория города федерального значения муниципальный округ Обуховский,5,5,5,5,5,5,5,23,23,4,4,4,4,4,4,4,3,2,2,2,2,2,2,2
внутригородская территория города федерального значения муниципальный округ Озеро Долгое,5,5,5,5,5,5,5,23,23,4,4,4,4,4,4,4,3,2,2,2,2,2,2,2
внутригородская территория города федерального значения муниципальный округ Оккервиль,5,5,5,5,5,5,5,23,23,4,4,4,4,4,4,4,3,2,2,2,2,2,2,2
внутригородская территория города федерального значения муниципальный округ Орехово-Борисово Северное,24,24,24,24,24,24,24,23,23,4,4,4,4,4,4,4,3,2,2,2,2,2,2,2
внутригородская территория города федерального значения муниципальный округ Орехово-Борисово Южное,24,24,24,24,24,24,24,23,23,4,4,4,4,4,4,4,3,2,2,2,2,2,2,2
внутригородская территория города федерального значения муниципальный округ Останкинский,24,24,24,24,24,24,24,23,23,4,4,4,4,4,4,4,3,2,2,2,2,2,2,2
внутригородская территория города федерального значения муниципальный округ Остров Декабристов,5,5,5,5,5,5,5,23,23,4,4,4,4,4,4,4,3,2,2,2,2,2,2,2
внутригородская территория города федерального значения муниципальный округ Отрадное,24,24,24,24,24,24,24,23,23,4,4,4,4,4,4,4,3,2,2,2,2,2,2,2
внутригородская территория города федерального значения муниципальный округ Очаково-Матвеевское,24,24,24,24,24,24,24,23,23,4,4,4,4,4,4,4,3,2,2,2,2,2,2,2
внутригородская территория города федерального значения муниципальный округ Перово,24,24,24,24,24,24,24,23,23,4,4,4,4,4,4,4,3,2,2,2,2,2,2,2
внутригородская территория города федерального значения муниципальный округ Печатники,24,24,24,24,24,24,24,23,23,4,4,4,4,4,4,4,3,2,2,2,2,2,2,2
внутригородская территория города федерального значения муниципальный округ Пискаревка,5,5,5,5,5,5,5,5,23,4,4,4,4,4,4,4,4,2,2,2,2,2,2,2
внутригородская территория города федерального значения муниципальный округ Покровское-Стрешнево,24,24,24,24,24,24,24,23,23,4,4,4,4,4,4,4,3,2,2,2,2,2,2,2
внутригородская территория города федерального значения муниципальный округ Полюстрово,5,5,5,5,5,5,5,23,23,4,4,4,4,4,4,4,3,2,2,2,2,2,2,2
внутригородская территория города федерального значения муниципальный округ Пороховые,22,22,5,5,5,5,5,23,23,4,4,4,4,4,4,4,3,2,2,2,2,2,1,1
внутригородская территория города федерального значения муниципальный округ Посадский,5,5,5,5,5,5,5,23,23,4,4,4,4,4,4,4,3,2,2,2,2,2,2,2
внутригородская территория города федерального значения муниципальный округ Правобережный,5,5,5,5,5,5,4,4,4,4,4,4,4,4,4,4,4,2,2,2,2,2,2,2
внутригородская территория города федерального значения муниципальный округ Преображенское,24,24,24,24,24,24,24,23,23,4,4,4,4,4,4,4,3,2,2,2,2,2,2,2
внутригородская территория города федерального значения муниципальный округ Пресненский,24,24,24,24,24,24,24,23,23,4,4,4,4,4,4,4,3,2,2,2,2,2,2,2
внутригородская территория города федерального значения муниципальный округ Прометей,5,5,5,5,5,5,5,23,23,4,4,4,4,4,4,4,3,2,2,2,2,2,2,2
внутригородская территория города федерального значения муниципальный округ Проспект Вернадского,24,24,24,24,24,24,24,23,23,4,4,4,4,4,4,4,3,2,2,2,2,2,2,2
внутригородская территория города федерального значения муниципальный округ Пулковский меридиан,5,5,5,5,5,5,5,5,4,4,4,4,4,4,4,4,4,4,4,4,2,2,2,2
внутригородская территория города федерального значения муниципальный округ Раменки,24,24,24,24,24,24,24,23,23,4,4,4,4,4,4,4,3,2,2,2,2,2,2,2
внутригородская территория города федерального значения муниципальный округ Ржевка,5,5,5,5,5,5,5,23,23,4,4,4,4,4,4,4,3,2,2,2,2,2,2,2
внутригородская территория города федерального значения муниципальный округ Ростокино,24,24,24,24,24,24,24,23,23,4,4,4,4,4,4,4,3,2,2,2,2,2,2,2
внутригородская территория города федерального значения муниципальный округ Рыбацкое,5,5,5,5,5,5,5,23,23,4,4,4,4,4,4,4,3,2,2,2,2,2,2,2
внутригородская территория города федерального значения муниципальный округ Рязанский,24,24,24,24,24,24,24,23,23,4,4,4,4,4,4,4,3,2,2,2,2,2,2,2
внутригородская территория города федерального значения муниципальный округ Савеловский,24,24,24,24,24,24,24,23,23,4,4,4,4,4,4,4,3,2,2,2,2,2,2,2
внутригородская территория города федерального значения муниципальный округ Сампсониевское,5,5,5,5,5,5,5,23,23,4,4,4,4,4,4,4,3,2,2,2,2,2,2,2
внутригородская территория города федерального значения муниципальный округ Светлановское,5,5,5,5,5,5,5,5,23,4,4,4,4,4,4,4,4,2,2,2,2,2,2,2
внутригородская территория города федерального значения муниципальный округ Свиблово,24,24,24,24,24,23,23,23,23,4,4,4,4,4,4,4,3,2,2,2,2,2,2,2
внутригородская территория города федерального значения муниципальный округ Северное Бутово,24,24,24,24,24,24,24,23,23,4,4,4,4,4,4,4,3,2,2,2,2,2,2,2
внутригородская территория города федерального значения муниципальный округ Северное Измайлово,24,24,24,24,24,24,24,23,23,4,4,4,4,4,4,4,3,2,2,2,2,2,2,2
внутригородская территория города федерального значения муниципальный округ Северное Медведково,24,24,24,24,24,24,24,23,23,4,4,4,4,4,4,4,3,2,2,2,2,2,2,2
внутригородская территория города федерального значения муниципальный округ Северное Тушино,24,24,24,24,24,24,24,23,23,4,4,4,4,4,4,4,3,2,2,2,2,2,2,2
внутригородская территория города федерального значения муниципальный округ Семеновский,5,5,5,5,5,5,5,23,23,4,4,4,4,4,4,4,3,2,2,2,2,2,2,2
внутригородская территория города федерального значения муниципальный округ Сенной округ,5,5,5,5,5,5,5,23,23,4,4,4,4,4,4,4,3,2,2,2,2,2,2,2
внутригородская территория города федерального значения муниципальный округ Сергиевское,5,5,5,5,5,5,5,5,23,4,4,4,4,4,4,4,4,2,2,2,2,2,2,2
внутригородская территория города федерального значения муниципальный округ Силино,24,24,24,24,24,24,24,23,23,4,4,4,4,4,4,4,3,2,2,2,2,2,2,2
внутригородская территория города федерального значения муниципальный округ Смольнинское,5,5,5,5,5,5,5,23,23,4,4,4,4,4,4,4,3,2,2,2,2,2,2,2
внутригородская территория города федерального значения муниципальный округ Сокол,9,9,9,9,9,9,9,9,9,9,9,9,9,9,9,9,9,9,9,9,9,9,9,9
внутригородская территория города федерального значения муниципальный округ Соколиная гора,24,24,24,24,24,24,24,23,23,4,4,4,4,4,4,4,3,2,2,2,2,2,2,2
внутригородская территория города федерального значения муниципальный округ Сокольники,24,24,24,24,24,24,24,23,23,4,4,4,4,4,4,4,3,2,2,2,2,2,2,2
внутригородская территория города федерального значения муниципальный округ Солнцево,24,24,24,24,24,24,24,23,23,4,4,4,4,4,4,4,3,2,2,2,2,2,2,2
внутригородская территория города федерального значения муниципальный округ Сосновая поляна,7,7,7,7,7,7,7,7,7,7,7,7,7,7,7,7,7,7,7,7,7,7,7,7
внутригородская территория города федерального значения муниципальный округ Сосновское,5,5,5,5,5,5,5,23,23,4,4,4,4,4,4,4,3,2,2,2,2,2,2,2
внутригородская территория города федерального значения муниципальный округ Старое Крюково,24,24,24,24,24,24,24,23,23,4,4,4,4,4,4,4,3,2,2,2,2,2,2,2
внутригородская территория города федерального значения муниципальный округ Строгино,24,24,24,24,24,24,24,23,23,4,4,4,4,4,4,4,3,2,2,2,2,2,2,2
внутригородская территория города федерального значения муниципальный округ Таганский,24,24,24,24,24,24,24,23,23,4,4,4,4,4,4,4,3,2,2,2,2,2,2,2
внутригородская территория города федерального значения муниципальный округ Тверской,24,24,24,24,24,24,24,23,23,4,4,4,4,4,4,4,3,2,2,2,2,2,2,2
внутригородская территория города федерального значения муниципальный округ Текстильщики,24,24,24,24,24,24,24,24,4,4,4,4,4,4,4,4,4,2,2,2,2,2,2,2
внутригородская территория города федерального значения муниципальный округ Теплый Стан,24,24,24,24,24,24,24,23,23,4,4,4,4,4,4,4,3,2,2,2,2,2,2,2
внутригородская территория города федерального значения муниципальный округ Тимирязевский,24,24,24,24,24,24,24,23,23,4,4,4,4,4,4,4,3,2,2,2,2,2,2,2
внутригородская территория города федерального значения муниципальный округ Тропарево-Никулино,24,24,24,24,24,24,24,24,24,24,24,4,4,4,4,4,4,4,4,4,4,4,4,4
внутригородская территория города федерального значения муниципальный округ Ульянка,5,5,5,5,5,5,5,23,23,4,4,4,4,4,4,4,3,2,2,2,2,2,2,2
внутригородская территория города федерального значения муниципальный округ Урицк,5,5,5,5,5,5,5,23,23,4,4,4,4,4,4,4,3,2,2,2,2,2,2,2
внутригородская территория города федерального значения муниципальный округ Филевский парк,24,24,24,24,24,24,24,23,23,4,4,4,4,4,4,4,3,2,2,2,2,2,2,2
внутригородская территория города федерального значения муниципальный округ Фили-Давыдково,24,24,24,24,24,24,24,23,23,4,4,4,4,4,4,4,3,2,2,2,2,2,2,2
внутригородская территория города федерального значения муниципальный округ Финляндский округ,5,5,5,5,5,5,5,23,23,4,4,4,4,4,4,4,3,2,2,2,2,2,2,2
внутригородская территория города федерального значения муниципальный округ Хамовники,24,24,24,24,24,24,24,23,23,4,4,4,4,4,4,4,3,2,2,2,2,2,2,2
внутригородская территория города федерального значения муниципальный округ Ховрино,24,24,24,24,24,24,24,23,23,4,4,4,4,4,4,4,3,2,2,2,2,2,2,2
внутригородская территория города федерального значения муниципальный округ Хорошево-Мневники,24,24,24,24,24,24,24,23,23,4,4,4,4,4,4,4,3,2,2,2,2,2,2,2
внутригородская территория города федерального значения муниципальный округ Хорошевский,24,24,24,24,24,24,24,23,23,4,4,4,4,4,4,4,3,2,2,2,2,2,2,2
внутригородская территория города федерального значения муниципальный округ Царицыно,24,24,24,24,24,24,24,23,23,4,4,4,4,4,4,4,3,2,2,2,2,2,2,2
внутригородская территория города федерального значения муниципальный округ Черемушки,24,24,24,24,24,24,24,23,23,4,4,4,4,4,4,4,3,2,2,2,2,2,2,2
внутригородская территория города федерального значения муниципальный округ Чертаново Северное,24,24,24,24,24,24,24,24,4,4,4,4,4,4,4,4,2,2,2,2,2,2,2,2
внутригородская территория города федерального значения муниципальный округ Чертаново Центральное,24,24,24,24,24,24,24,23,23,4,4,4,4,4,4,4,3,2,2,2,2,2,2,2
внутригородская территория города федерального значения муниципальный округ Чертаново Южное,24,24,24,24,24,24,24,23,23,4,4,4,4,4,4,4,3,2,2,2,2,2,2,2
внутригородская территория города федерального значения муниципальный округ Чкаловское,5,5,5,5,5,5,5,23,23,4,4,4,4,4,4,4,3,2,2,2,2,2,2,2
внутригородская территория города федерального значения муниципальный округ Шувалово-Озерки,5,5,5,5,5,5,5,23,23,4,4,4,4,4,4,4,3,2,2,2,2,2,2,2
внутригородская территория города федерального значения муниципальный округ Щукино,24,24,24,24,24,24,24,23,23,4,4,4,4,4,4,4,3,2,2,2,2,2,2,2
внутригородская территория города федерального значения муниципальный округ Юго-Запад,5,5,5,5,5,5,5,23,23,4,4,4,4,4,4,4,3,2,2,2,2,2,2,2
внутригородская территория города федерального значения муниципальный округ Южно-Приморский,5,5,5,5,5,5,23,23,23,4,4,4,4,4,4,4,3,2,2,2,2,2,2,2
внутригородская территория города федерального значения муниципальный округ Южное Бутово,22,22,22,22,22,23,23,23,23,21,21,21,21,21,21,2,2,2,2,2,2,2,2,2
внутригородская территория города федерального значения муниципальный округ Южное Медведково,24,24,24,24,24,24,24,23,23,4,4,4,4,4,4,4,3,2,2,2,2,2,2,2
внутригородская территория города федерального значения муниципальный округ Южное Тушино,24,24,24,24,24,24,24,23,23,4,4,4,4,4,4,4,3,2,2,2,2,2,2,2
внутригородская территория города федерального значения муниципальный округ Южнопортовый,24,24,24,24,24,24,24,23,23,4,4,4,4,4,4,4,3,2,2,2,2,2,2,2
внутригородская территория города федерального значения муниципальный округ Юнтолово,5,5,5,5,5,5,5,4,4,4,4,4,4,4,4,4,4,2,2,2,2,2,2,2
внутригородская территория города федерального значения муниципальный округ Якиманка,24,24,24,24,24,24,24,23,23,4,4,4,4,4,4,4,3,2,2,2,2,2,2,2
внутригородская территория города федерального значения муниципальный округ Ярославский,24,24,24,24,24,24,24,23,23,4,4,4,4,4,4,4,2,2,2,2,2,2,2,2
внутригородская территория города федерального значения муниципальный округ Ясенево,24,24,24,24,24,24,24,23,23,4,4,4,4,4,4,4,3,2,2,2,2,2,2,2
внутригородская территория города федерального значения муниципальный округ округ Петровский,5,5,5,5,5,5,5,23,23,4,4,4,4,4,4,4,3,2,2,2,2,2,2,2
внутригородская территория города федерального значения муниципальный округ № 15,5,5,5,5,5,5,5,23,23,4,4,4,4,4,4,4,3,2,2,2,2,2,2,2
внутригородская территория города федерального значения муниципальный округ № 21,5,5,5,5,5,5,5,23,23,4,4,4,4,4,4,4,3,2,2,2,2,2,2,2
внутригородская территория города федерального значения муниципальный округ № 54,5,5,5,5,5,5,5,23,23,4,4,4,4,4,4,4,3,2,2,2,2,2,2,2
внутригородская территория города федерального значения муниципальный округ № 65,5,5,5,5,5,5,5,5,5,5,5,5,5,5,5,5,5,5,2,2,2,2,2,2
внутригородская территория города федерального значения муниципальный округ № 7,5,5,5,5,5,5,5,23,23,4,4,4,4,4,4,4,3,2,2,2,2,2,2,2
внутригородская территория города федерального значения муниципальный округ № 72,5,5,5,5,5,5,5,23,23,4,4,4,4,4,4,4,3,2,2,2,2,2,2,2
внутригородская территория города федерального значения муниципальный округ № 78,5,5,5,5,5,5,5,23,23,4,4,4,4,4,4,4,3,2,2,2,2,2,2,2
внутригородская территория города федерального значения поселение Внуковское,12,12,12,12,12,12,12,12,12,12,12,12,12,12,12,12,12,12,12,12,12,12,12,12
внутригородская территория города федерального значения поселение Вороновское,5,5,5,5,5,5,5,23,23,4,4,4,4,4,4,4,3,2,2,2,2,2,2,2
внутригородская территория города федерального значения поселение Воскресенское,5,5,5,5,5,5,5,23,23,4,4,4,4,4,4,4,3,2,2,2,2,2,2,2
внутригородская территория города федерального значения поселение Десеновское,5,5,5,5,5,5,5,23,23,4,4,4,4,4,4,4,3,2,2,2,2,2,2,2
внутригородская территория города федерального значения поселение Киевский,5,5,5,5,5,5,5,23,23,4,4,4,4,4,4,4,3,2,2,2,2,2,2,2
внутригородская территория города федерального значения поселение Краснопахорское,5,5,5,5,5,5,5,23,23,4,4,4,4,4,4,4,3,2,2,2,2,2,2,2
внутригородская территория города федерального значения поселение Марушкинское,5,5,5,5,5,5,5,23,23,4,4,4,4,4,4,4,3,2,2,2,2,2,2,2
внутригородская территория города федерального значения поселение Михайлово-Ярцевское,5,5,5,5,5,5,5,23,23,4,4,4,4,4,4,4,3,2,2,2,2,2,2,2
внутригородская территория города федерального значения поселение Московский,24,24,24,24,24,24,24,23,23,4,4,4,4,4,4,4,3,2,2,2,2,2,2,2
"внутригородская территория города федерального значения поселение Мосрентген""""",5,5,5,5,5,5,5,23,23,4,4,4,4,4,4,4,3,2,2,2,2,2,2,2
внутригородская территория города федерального значения поселение Первомайское,5,5,5,5,5,5,5,23,23,4,4,4,4,4,4,4,3,2,2,2,2,2,2,2
внутригородская территория города федерального значения поселение Рязановское,5,5,5,5,24,24,24,23,23,4,4,4,4,4,4,4,3,2,2,2,2,2,2,2
внутригородская территория города федерального значения поселение Сосенское,24,24,24,24,24,24,24,23,23,4,4,4,4,4,4,4,3,2,2,2,2,2,2,2
внутригородская территория города федерального значения поселение Филимонковское,5,5,5,5,5,5,5,23,23,4,4,4,4,4,4,4,3,2,2,2,2,2,2,2
внутригородская территория города федерального значения поселение Щаповское,5,5,5,5,5,5,5,23,23,4,4,4,4,4,4,4,3,2,2,2,2,2,2,2
внутригородская территория города федерального значения поселок Левашово,5,5,5,5,5,5,5,23,23,4,4,4,4,4,4,4,3,2,2,2,2,2,2,2
внутригородская территория города федерального значения поселок Лисий Нос,5,5,5,5,5,5,5,23,23,4,4,4,4,4,4,4,3,2,2,2,2,2,2,2
внутригородская территория города федерального значения поселок Металлострой,5,5,5,5,5,5,5,23,23,4,4,4,4,4,4,4,3,2,2,2,2,2,2,2
внутригородская территория города федерального значения поселок Парголово,7,7,7,7,7,7,7,7,7,7,7,7,7,7,7,7,7,7,7,7,7,7,7,7
внутригородская территория города федерального значения поселок Песочный,5,5,5,5,5,5,5,23,23,4,4,4,4,4,4,4,3,2,2,2,2,2,2,2
внутригородская территория города федерального значения поселок Понтонный,5,5,5,5,5,5,5,23,23,4,4,4,4,4,4,4,3,2,2,2,2,2,2,2
внутригородская территория города федерального значения поселок Стрельна,5,5,5,5,5,5,5,5,4,4,4,4,4,4,4,4,4,2,2,2,2,2,2,2
внутригородская территория города федерального значения поселок Шушары,5,5,5,5,5,5,5,5,5,5,4,4,4,4,4,4,4,2,2,2,2,2,2,2
городской округ Абдулинский,22,22,22,22,22,23,23,23,23,13,13,21,21,21,21,21,3,3,3,3,1,1,1,1
городской округ Алапаевское,22,22,22,22,22,23,23,23,23,13,13,21,21,21,21,21,3,3,3,3,1,1,1,1
городской округ Александровск-Сахалинский район,22,22,22,22,22,23,23,23,13,13,13,21,21,21,21,21,3,3,2,2,1,1,1,1
городской округ Ангарский,22,22,22,22,22,23,23,23,23,13,13,21,21,21,21,21,3,3,2,2,2,2,1,1
городской округ Анжеро-Судженский,22,22,22,22,22,23,23,23,23,13,13,21,21,21,21,21,3,3,3,2,2,2,1,1
городской округ Анивский,22,22,22,22,22,23,23,23,13,13,13,21,21,21,21,21,3,3,2,2,1,1,1,1
городской округ Арамильский,22,22,22,22,22,23,23,23,23,13,13,21,21,21,4,4,3,3,3,3,2,2,1,1
городской округ Арсеньевский,22,22,22,22,22,23,23,23,13,13,13,21,21,21,21,21,3,3,2,2,2,2,1,1
городской округ Артинский,22,22,22,22,23,23,23,23,23,13,13,21,21,21,21,21,3,3,3,3,1,1,1,1
городской округ Асбестовский,22,22,22,22,22,23,23,23,23,13,13,21,21,21,21,21,3,3,3,2,2,2,1,1
городской округ Ачитский,22,22,22,23,23,23,23,23,23,13,13,13,21,21,21,3,3,3,3,3,3,3,3,3
городской округ Баксан,22,22,22,22,22,23,23,23,23,23,23,21,21,21,21,21,3,3,3,3,1,1,1,1
городской округ Балашиха,22,22,22,22,22,23,23,23,23,13,13,21,21,21,21,21,3,3,2,2,2,2,1,1
городской округ Балтийский,8,8,8,22,22,23,23,23,13,13,13,13,13,13,13,13,13,13,13,1,1,1,1,1
городской округ Беловский,22,22,22,22,22,23,23,23,23,13,13,21,21,21,21,21,3,3,2,2,2,2,1,1
городской округ Белоярский,22,22,22,22,22,23,23,23,23,13,13,21,21,21,21,21,3,3,3,3,1,1,1,1
городской округ Бисертский,22,22,22,22,22,23,23,23,23,13,13,21,21,21,21,21,3,3,3,3,1,1,1,1
городской округ Богданович,22,22,22,22,22,23,23,23,23,13,13,21,21,21,21,21,3,3,3,3,1,2,1,1
городской округ Богородский,22,22,22,22,22,23,23,23,23,13,13,21,21,21,21,21,3,3,2,2,2,2,1,1
городской округ Большой Камень,22,22,22,22,22,23,23,23,13,13,13,21,21,21,21,21,3,3,2,2,2,2,1,1
городской округ Бронницы,5,5,5,5,5,5,5,5,23,4,4,4,4,4,4,4,2,2,2,2,2,2,2,2
городской округ Великий Новгород,22,22,22,22,22,23,23,23,23,13,13,21,21,21,21,21,3,3,2,2,2,2,1,1
городской округ Верещагинский,22,22,22,22,22,23,23,23,23,13,13,21,21,21,21,21,3,3,3,3,1,1,1,1
городской округ Верхнесалдинский,22,22,22,22,22,23,23,23,23,13,13,21,21,21,21,21,3,3,3,3,2,2,1,1
городской округ Верхнеуфалейский,22,22,22,22,22,23,23,23,23,13,13,21,21,21,21,21,3,3,3,3,1,1,1,1
городской округ Верхний Тагил,22,22,22,22,22,23,23,23,23,13,13,21,21,21,21,21,3,3,3,3,1,1,1,1
городской округ Верхняя Пышма,22,22,5,5,5,5,5,23,23,4,4,4,4,4,4,4,3,2,2,2,2,2,1,1
городской округ Верхняя Тура,22,22,22,22,22,23,23,23,23,13,13,21,21,21,21,21,21,3,3,3,1,1,1,1
городской округ Верхотурский,22,22,22,22,22,23,23,23,23,13,13,21,21,21,21,21,3,3,3,3,1,1,1,1
городской округ Вичуга,22,22,22,22,22,23,23,23,23,13,13,21,21,21,21,21,3,3,3,3,1,1,1,1
городской округ Владивостокский,22,22,22,22,22,23,23,23,23,13,13,21,21,21,21,21,3,3,2,2,2,2,1,1
городской округ Волоколамский,22,22,22,22,22,23,23,23,23,13,13,21,21,21,21,21,3,3,3,2,2,2,1,1
городской округ Волчанский,22,22,22,22,22,23,23,23,23,13,13,21,21,21,21,21,3,3,3,3,1,1,1,1
городской округ Воркута,22,22,22,22,22,23,23,23,23,13,13,21,21,21,21,21,3,3,2,2,2,2,1,1
городской округ Воротынский,22,22,22,22,22,23,23,23,23,13,13,21,21,21,21,21,3,3,3,3,1,1,1,1
городской округ Воскресенск,22,22,22,22,22,23,23,23,23,13,13,21,21,21,21,21,3,3,2,2,2,2,1,1
городской округ Вышневолоцкий,22,22,22,22,22,23,23,23,23,13,13,21,21,21,21,21,3,3,3,2,2,2,1,1
городской округ Гайский,22,22,22,22,22,23,23,23,23,13,13,21,21,21,21,21,3,3,3,3,1,1,1,1
городской округ Гаринский,22,22,22,22,25,25,25,25,13,13,13,21,21,21,21,21,21,2,2,2,1,1,1,1
городской округ Голышмановский,22,22,22,22,22,23,23,23,13,13,13,21,21,21,21,21,3,3,3,2,1,1,1,1
городской округ Горнозаводский,22,22,22,22,22,23,23,23,23,13,13,21,21,21,21,21,3,3,3,3,1,1,1,1
городской округ Гусевский,22,22,22,22,22,23,23,23,23,13,13,21,21,21,21,21,21,3,3,3,1,1,1,1
городской округ Дальнегорский,22,22,22,22,22,23,23,23,13,13,13,21,21,21,21,21,3,3,2,2,1,1,1,1
городской округ Дальнереченский,22,22,22,22,22,23,23,23,13,13,13,21,21,21,21,21,3,3,2,2,1,1,1,1
городской округ Дегтярск,22,22,22,22,22,23,23,23,23,13,13,21,21,21,21,21,3,3,3,3,1,1,1,1
городской округ Дзержинский,24,24,24,24,24,24,24,23,23,4,4,4,4,4,4,4,3,2,2,2,2,2,2,2
городской округ Дмитровский,22,22,22,22,22,23,23,23,23,13,13,21,21,21,21,21,3,3,2,2,2,2,1,1
городской округ Добрянский,22,22,22,22,22,23,23,23,23,13,13,21,21,21,21,21,3,3,3,3,2,2,1,1
городской округ Долгопрудный,24,24,24,24,24,24,24,23,23,4,4,4,4,4,4,4,3,2,2,2,2,2,2,2
городской округ Долинский,22,22,22,22,22,23,23,23,13,13,13,21,21,21,21,21,3,3,2,2,1,1,1,1
городской округ Домодедово,22,22,22,22,22,23,23,23,23,13,13,21,21,21,21,21,3,3,2,2,2,2,1,1
городской округ Дубна,22,22,24,24,24,24,24,23,23,4,4,4,4,4,4,4,3,2,2,2,2,2,2,2
городской округ Егорьевск,22,22,22,22,22,23,23,23,23,13,13,21,21,21,21,21,3,3,3,2,2,2,1,1
городской округ Жигулевск,22,22,22,22,22,23,23,23,23,13,13,21,21,21,21,21,3,3,3,2,2,2,1,1
городской округ Жуковский,22,22,22,22,22,23,23,23,23,13,13,21,21,21,21,21,3,2,2,2,2,2,1,1
городской округ Заводоуковский,22,22,22,22,22,23,23,23,23,13,13,21,21,21,21,21,3,3,3,3,1,1,1,1
городской округ Зарайск,22,22,22,22,22,23,23,23,13,13,13,21,21,21,21,21,3,3,3,3,1,1,1,1
городской округ Заречный,22,22,22,22,22,23,23,23,23,13,13,21,21,21,21,21,3,3,3,3,2,2,1,1
городской округ Зима,22,22,22,22,22,23,23,23,23,13,13,21,21,21,21,21,3,3,3,2,1,1,1,1
городской округ Златоустовский,22,22,22,22,22,23,23,23,23,13,13,21,21,21,21,21,3,3,3,2,2,2,1,1
городской округ Иваново,22,22,22,22,22,23,23,23,23,13,13,21,21,21,21,21,3,3,2,2,2,2,1,1
городской округ Ивдельский,22,22,22,22,22,23,23,23,23,13,13,21,21,21,21,21,3,3,3,2,1,1,1,1
городской округ Ильинский,22,22,22,22,22,23,23,23,23,13,13,21,21,21,21,21,3,3,3,3,1,1,1,1
городской округ Инта,22,22,22,22,22,23,23,23,23,13,13,21,21,21,21,21,3,2,2,2,2,2,1,1
городской округ Ирбитское,22,22,22,22,22,23,23,23,23,13,13,21,21,21,21,21,3,3,3,3,3,3,1,1
городской округ Истра,22,22,22,22,22,23,23,23,23,13,13,21,21,21,21,21,3,3,2,2,2,2,1,1
городской округ Калтанский,22,22,22,22,22,23,23,23,23,13,13,21,21,21,21,21,3,3,3,2,1,1,1,1
городской округ Каменский,22,22,22,22,23,23,23,23,23,13,13,21,21,21,21,21,3,3,3,3,2,2,1,1
городской округ Камышловский,22,22,22,22,22,23,23,23,23,13,13,21,21,21,21,21,3,3,3,3,1,1,1,1
городской округ Карабашский,22,22,22,22,22,23,23,23,23,13,13,21,21,21,21,21,3,3,3,3,1,1,1,1
городской округ Карачаевский,22,22,22,22,22,23,23,23,23,23,23,21,21,21,21,21,3,3,3,3,1,1,1,1
городской округ Карпинск,22,22,22,22,22,23,23,23,23,13,13,21,21,21,21,21,3,3,3,3,1,1,1,1
городской округ Качканарский,22,22,22,22,22,23,23,23,23,13,13,21,21,21,21,21,3,3,3,3,2,2,1,1
городской округ Кашинский,22,22,22,22,22,23,23,23,13,13,13,21,21,21,21,21,3,3,3,3,1,1,1,1
городской округ Кашира,22,22,22,22,22,23,23,23,23,13,13,21,21,21,21,21,3,3,3,2,2,2,1,1
городской округ Кемеровский,22,22,22,22,22,23,23,23,23,13,13,21,21,21,21,21,3,3,2,2,2,2,1,1
городской округ Кинель,22,22,22,22,22,23,23,23,23,13,13,21,21,21,21,21,3,3,3,2,2,2,1,1
городской округ Кинешма,22,22,22,22,22,23,23,23,23,13,13,21,21,21,21,21,3,3,3,2,2,2,1,1
городской округ Кировградский,22,22,22,22,22,23,23,23,23,13,13,21,21,21,21,21,3,3,3,3,1,1,1,1
городской округ Киселевский,22,22,22,22,22,23,23,23,23,13,13,21,21,21,21,21,3,3,2,2,2,2,1,1
городской округ Клин,22,22,22,22,22,23,23,23,23,13,13,21,21,21,21,21,3,3,2,2,2,2,1,1
городской округ Коломна,22,22,22,22,22,23,23,23,23,13,13,21,21,21,21,21,3,3,2,2,2,2,1,1
городской округ Копейский,22,22,22,22,22,23,23,23,23,13,13,21,21,21,21,21,3,3,2,2,2,2,1,1
городской округ Королёв,22,22,22,22,22,23,23,23,23,13,13,21,21,21,21,21,3,3,2,2,2,2,1,1
городской округ Корсаковский,22,22,22,22,22,23,23,23,13,13,13,21,21,21,21,21,3,3,2,2,2,2,1,1
городской округ Костомукшский,22,22,22,22,22,23,23,23,23,13,13,21,21,21,21,21,3,3,2,2,2,2,1,1
городской округ Котельники,24,24,24,24,24,24,24,23,23,4,4,4,4,4,4,4,3,2,2,2,2,2,2,2
городской округ Котлас,22,22,22,22,22,23,23,23,23,13,13,21,21,21,21,21,3,3,3,2,2,2,1,1
городской округ Кохма,22,22,22,22,22,23,23,23,23,13,13,21,21,21,21,21,3,3,3,3,2,2,1,1
городской округ Красновишерский,22,22,22,22,22,23,23,23,13,13,13,21,21,21,21,21,3,3,3,3,1,1,1,1
городской округ Красногорск,22,22,22,22,22,23,23,23,23,13,13,21,21,21,21,21,3,3,2,2,2,2,1,1
городской округ Краснокамский,22,22,22,22,22,23,23,23,23,13,13,21,21,21,21,21,3,3,3,2,2,2,1,1
городской округ Краснотурьинск,22,22,22,22,22,23,23,23,23,13,13,21,21,21,21,21,3,3,3,2,2,2,1,1
городской округ Красноуральск,22,22,22,22,22,23,23,23,23,13,13,21,21,21,21,21,3,3,3,3,1,1,1,1
городской округ Красноуфимск,22,22,22,22,22,23,23,23,23,13,13,21,21,21,21,21,3,3,3,3,2,2,1,1
городской округ Красноуфимский округ,22,22,22,22,22,23,23,23,23,13,13,21,21,21,21,21,3,3,3,3,1,1,1,1
городской округ Кувандыкский,22,22,22,22,22,23,23,23,23,13,13,21,21,21,21,21,3,3,3,3,1,1,1,1
городской округ Курильский,22,22,22,22,22,23,23,23,13,13,13,21,21,21,21,21,3,2,2,2,2,2,1,1
городской округ Кушвинский,22,22,22,22,22,23,23,23,23,13,13,21,21,21,21,21,3,3,3,3,1,1,1,1
городской округ Кыштымский,22,22,22,22,22,23,23,23,23,13,13,21,21,21,21,21,3,3,3,3,1,2,1,1
городской округ Ленинск-Кузнецкий,22,22,22,22,22,23,23,23,23,13,13,21,21,21,21,21,3,3,2,2,2,2,1,1
городской округ Ленинский,22,22,22,22,22,23,23,23,23,13,13,21,21,21,21,21,3,3,2,2,2,2,1,1
городской округ Лесозаводский,22,22,22,22,22,23,23,23,13,13,13,21,21,21,21,21,3,3,2,2,1,1,1,1
городской округ Лобня,24,24,24,24,24,24,24,23,23,4,4,4,4,4,4,4,3,2,2,2,2,2,2,2
городской округ Лосино-Петровский,22,22,22,22,22,23,23,23,23,13,13,21,21,21,21,21,3,3,3,2,2,2,1,1
городской округ Лотошино,22,22,22,22,22,23,23,23,13,13,13,21,21,21,21,21,3,3,3,3,1,1,1,1
городской округ Луховицы,22,22,22,22,22,23,23,23,23,13,13,21,21,21,21,21,3,3,3,2,2,2,1,1
городской округ Лысьвенский,22,22,22,22,22,23,23,23,23,13,13,21,21,21,21,21,3,3,3,2,2,2,1,1
городской округ Лыткарино,24,24,24,24,24,24,24,23,23,4,4,4,4,4,4,4,3,2,2,2,2,2,2,2
городской округ Люберцы,22,22,22,22,22,23,23,23,23,13,13,21,21,21,21,21,3,3,2,2,2,2,1,1
городской округ Магнитогорский,22,22,22,22,22,23,23,23,23,13,13,21,21,21,21,21,3,3,2,2,2,2,1,1
городской округ Макаровский,22,22,22,22,22,23,23,23,13,13,13,21,21,21,21,21,3,3,2,2,1,1,1,1
городской округ Малышевский,22,22,22,22,22,23,23,23,23,13,13,21,21,21,21,21,3,3,3,3,1,1,1,1
городской округ Мамоновский,22,22,22,22,22,22,22,23,23,13,13,21,21,21,21,21,3,3,3,3,1,1,1,1
городской округ Междуреченский,22,22,22,22,22,23,23,23,23,13,13,21,21,21,21,21,3,3,2,2,2,2,1,1
городской округ Миасский,22,22,22,22,22,23,23,23,23,13,13,21,21,21,21,21,3,3,2,2,2,2,1,1
городской округ Можайский,22,22,22,22,22,23,23,23,23,13,13,21,21,21,21,21,3,3,3,2,2,2,1,1
городской округ Мысковский,22,22,22,22,22,23,23,23,23,13,13,21,21,21,21,21,3,3,3,2,1,1,1,1
городской округ Мытищи,22,22,22,22,22,23,23,23,23,13,13,21,21,21,21,21,3,3,2,2,2,2,1,1
городской округ Навашинский,22,22,22,22,22,23,23,23,23,13,13,21,21,21,21,21,3,3,3,3,1,1,1,1
городской округ Нальчик,22,22,22,22,22,23,23,23,23,13,13,21,21,21,21,21,3,3,3,2,2,2,1,1
городской округ Наро-Фоминский,22,22,22,22,22,23,23,23,23,13,13,21,21,21,21,21,3,3,2,2,2,2,1,1
городской округ Находкинский,22,22,22,22,22,23,23,23,23,13,13,21,21,21,21,21,3,3,2,2,2,2,1,1
городской округ Невельский,22,22,22,22,22,23,23,23,13,13,13,21,21,21,21,21,3,3,2,2,1,1,1,1
городской округ Невьянский,22,22,22,22,22,23,23,23,23,13,13,21,21,21,21,21,3,3,3,3,2,2,1,1
городской округ Нелидовский,22,22,22,22,22,23,23,23,23,13,13,21,21,21,21,21,3,3,3,3,1,1,1,1
городской округ Нижнетуринский,22,22,22,22,22,23,23,23,23,13,13,21,21,21,21,21,3,3,3,3,1,1,1,1
городской округ Нижняя Салда,22,22,22,22,22,23,23,23,23,13,13,21,21,21,21,21,21,3,3,3,1,1,1,1
городской округ Новокузнецкий,22,22,22,22,22,23,23,23,23,13,13,21,21,21,21,21,3,3,2,2,2,2,1,1
городской округ Новокуйбышевск,22,22,22,22,22,23,23,23,23,13,13,21,21,21,21,21,3,3,2,2,2,2,1,1
городской округ Новолялинский,22,22,22,22,22,23,23,23,13,13,13,21,21,21,21,21,3,3,3,3,1,1,1,1
городской округ Ногликский,22,22,22,22,22,23,23,23,13,13,13,21,21,21,21,21,3,2,2,2,2,2,1,1
городской округ Нытвенский,22,22,22,22,22,23,23,23,23,13,13,21,21,21,21,21,3,3,3,3,1,1,1,1
городской округ Одинцовский,22,22,22,22,22,23,23,23,23,13,13,21,21,21,21,21,3,3,2,2,2,2,1,1
городской округ Октябрьск,22,22,22,22,22,23,23,23,23,13,13,21,21,21,21,21,3,3,3,3,1,1,1,1
городской округ Октябрьский,22,22,22,22,22,23,23,23,23,13,13,13,21,21,21,21,3,3,3,3,1,1,1,1
городской округ Орехово-Зуевский,22,22,22,22,22,23,23,23,23,13,13,21,21,21,21,21,3,3,2,2,2,2,1,1
городской округ Осинниковский,22,22,22,22,22,23,23,23,23,13,13,21,21,21,21,21,3,3,3,2,2,2,1,1
городской округ Осинский,22,22,22,22,22,23,23,23,23,13,13,21,21,21,21,21,3,3,3,3,1,1,1,1
городской округ Осташковский,22,22,22,22,22,23,23,23,23,13,13,21,21,21,21,21,3,3,3,3,1,1,1,1
городской округ Отрадный,22,22,22,22,22,23,23,23,23,13,13,21,21,21,21,21,3,3,3,3,2,2,1,1
городской округ Оханский,22,22,22,22,22,23,23,23,13,13,13,21,21,21,21,21,3,3,3,3,1,1,1,1
городской округ Охинский,22,22,22,22,22,23,23,23,13,13,13,21,21,21,21,21,3,2,2,2,2,2,1,1
городской округ Очерский,22,22,22,22,22,23,23,23,23,13,13,21,21,21,21,21,3,3,3,3,1,1,1,1
городской округ Партизанский,22,22,22,22,22,23,23,23,13,13,13,21,21,21,21,21,3,3,2,2,1,1,1,1
городской округ Пелым,25,25,25,25,25,25,25,25,25,25,25,21,21,21,21,21,21,2,2,2,1,1,1,1
городской округ Первоуральск,22,22,22,22,22,23,23,23,23,13,13,21,21,21,21,21,3,3,2,2,2,2,1,1
городской округ Перевозский,22,22,22,22,22,23,23,23,23,13,13,21,21,21,21,21,3,3,3,3,1,1,1,1
городской округ Пермский,22,22,22,22,22,23,23,23,23,13,13,21,21,21,21,21,3,3,2,2,2,2,1,1
городской округ Петрозаводский,22,22,22,22,22,23,23,23,23,13,13,21,21,21,21,21,3,3,2,2,2,2,1,1
городской округ Петропавловск-Камчатский,22,22,22,22,22,23,23,23,23,13,13,21,21,21,21,21,3,3,2,2,2,2,1,1
городской округ Пионерский,22,22,22,22,22,23,23,23,23,13,13,21,21,21,21,21,21,3,3,3,1,1,1,1
городской округ Подольск,22,22,22,22,22,23,23,23,23,13,13,21,21,21,21,21,3,3,2,2,2,2,1,1
городской округ Полевской,22,22,22,22,22,23,23,23,23,13,13,21,21,21,21,21,3,3,3,2,2,2,1,1
городской округ Полысаевский,22,22,22,22,22,23,23,23,23,13,13,21,21,21,21,21,3,3,3,2,1,1,1,1
городской округ Поронайский,22,22,22,22,22,23,23,23,13,13,13,21,21,21,21,21,3,3,2,2,1,1,1,1
городской округ Похвистнево,22,22,22,22,22,23,23,23,23,13,13,21,21,21,21,21,3,3,3,3,1,1,1,1
городской округ Прокопьевский,22,22,22,22,22,23,23,23,23,13,13,21,21,21,21,21,3,3,2,2,2,2,1,1
городской округ Протвино,22,22,22,22,22,23,23,23,23,23,4,4,4,4,4,4,3,3,3,3,2,2,2,2
городской округ Прохладный,22,22,22,22,22,23,23,23,23,23,23,23,21,21,21,21,3,3,3,3,3,3,3,3
городской округ Пушкинский,22,22,22,22,22,23,23,23,23,13,13,21,21,21,21,21,3,3,2,2,2,2,1,1
городской округ Пущино,22,22,22,22,22,23,23,23,23,23,4,4,4,4,4,4,3,3,3,3,2,2,2,2
городской округ Пышминский,22,22,22,22,22,23,23,23,13,13,13,21,21,21,21,21,3,3,3,3,1,1,1,1
городской округ Раменский,22,22,22,22,22,23,23,23,23,13,13,21,21,21,21,21,3,3,2,2,2,2,1,1
городской округ Ревда,22,22,22,22,22,23,23,23,23,13,13,21,21,21,21,21,3,3,3,2,2,2,1,1
городской округ Режевской,22,22,22,22,22,23,23,23,23,13,13,21,21,21,21,21,3,3,3,3,1,2,1,1
городской округ Реутов,22,22,22,22,22,23,23,23,23,13,13,21,21,21,21,21,3,2,2,2,2,2,1,1
городской округ Рефтинский,22,22,22,22,22,23,23,23,23,13,13,21,21,21,21,21,3,3,3,3,1,1,1,1
городской округ Рузский,22,22,22,22,22,23,23,23,23,13,13,21,21,21,21,21,3,3,3,2,2,2,1,1
городской округ Самара,22,22,22,22,22,23,23,23,23,13,13,21,21,21,21,21,3,3,2,2,2,2,1,1
городской округ Светловский,20,20,20,20,20,20,20,20,20,20,20,20,20,20,20,20,20,20,20,20,20,20,20,20
городской округ Светлогорский,22,22,5,5,5,5,5,4,4,4,4,4,4,4,4,4,3,2,2,2,2,2,2,2
городской округ Северодвинск,22,22,22,22,22,23,23,23,23,13,13,21,21,21,21,21,3,3,2,2,2,2,1,1
городской округ Североуральский,22,22,22,22,22,23,23,23,23,13,13,21,21,21,21,21,3,3,3,3,1,1,1,1
городской округ Семеновский,22,22,22,22,22,23,23,23,23,13,13,21,21,21,21,21,3,3,3,3,1,1,1,1
городской округ Сергиево-Посадский,22,22,22,22,22,23,23,23,23,13,13,21,21,21,21,21,3,3,2,2,2,2,1,1
городской округ Серебряные Пруды,22,22,22,22,22,23,23,23,13,13,13,21,21,21,21,21,3,3,3,3,1,1,1,1
городской округ Серовский,22,22,22,22,22,23,23,23,23,13,13,21,21,21,21,21,3,3,2,2,2,2,1,1
городской округ Серпухов,22,22,22,22,22,23,23,23,23,13,13,21,21,21,21,21,3,3,2,2,2,2,1,1
городской округ Смирныховский,22,22,22,22,22,23,23,23,13,13,13,21,21,21,21,21,3,3,2,2,1,1,1,1
городской округ Советский,22,22,22,22,22,23,23,23,23,13,13,21,21,21,21,21,21,3,3,3,1,1,1,1
городской округ Сокольский,22,22,22,22,22,23,23,23,23,13,13,21,21,21,21,21,3,3,3,3,1,1,1,1
городской округ Соликамский,22,22,22,22,22,23,23,23,23,13,13,21,21,21,21,21,3,3,2,2,2,2,1,1
городской округ Солнечногорск,22,22,22,22,22,23,23,23,23,13,13,21,21,21,21,21,3,3,2,2,2,2,1,1
городской округ Соль-Илецкий,22,22,22,22,22,23,23,23,23,13,13,21,21,21,21,21,3,3,3,3,1,1,1,1
городской округ Сорочинский,22,22,22,22,22,23,23,23,23,13,13,21,21,21,21,21,3,3,3,3,1,1,1,1
городской округ Сосновоборский,22,22,5,5,5,5,5,23,23,4,4,4,4,4,4,4,3,2,2,2,2,2,1,1
городской округ Сосьвинский,22,22,22,22,22,23,23,23,23,13,13,21,21,21,21,21,3,3,3,3,1,1,1,1
городской округ Спасск-Дальний,22,22,22,22,22,23,23,23,13,13,13,21,21,21,21,21,3,3,2,2,1,1,1,1
городской округ Среднеуральск,22,22,22,22,22,23,23,23,23,13,13,21,21,21,21,21,3,3,3,3,2,2,1,1
городской округ Ступино,22,22,22,22,22,23,23,23,23,13,13,21,21,21,21,21,3,3,2,2,2,2,1,1
городской округ Суксунский,23,23,23,23,23,23,23,23,23,21,21,21,21,21,21,21,3,3,3,3,1,1,1,1
городской округ Сухой Лог,22,22,22,22,22,23,23,23,23,13,13,21,21,21,21,21,3,3,3,3,2,2,1,1
городской округ Сызрань,22,22,22,22,22,23,23,23,23,13,13,21,21,21,21,21,3,3,2,2,2,2,1,1
городской округ Сыктывкар,22,22,22,22,22,23,23,23,23,13,13,21,21,21,21,21,3,3,2,2,2,2,1,1
городской округ Сысертский,22,22,22,22,22,23,23,23,23,13,13,21,21,21,21,21,3,3,3,2,2,2,1,1
городской округ Тавдинский,22,22,22,22,22,23,23,23,23,13,13,21,21,21,21,21,3,3,3,3,1,1,1,1
городской округ Тайгинский,22,22,22,22,22,23,23,23,23,13,13,21,21,21,21,21,3,3,3,2,1,1,1,1
городской округ Талдомский,22,22,22,22,22,23,23,23,23,13,13,21,21,21,21,21,3,3,3,2,2,2,1,1
городской округ Талицкий,22,22,22,22,22,23,23,23,23,13,13,21,21,21,21,21,3,3,3,3,1,1,1,1
городской округ Тейково,22,22,22,22,22,23,23,23,23,13,13,21,21,21,21,21,3,3,3,3,2,2,1,1
городской округ Томаринский,22,22,22,22,22,23,23,23,13,13,13,21,21,21,21,21,3,3,2,2,1,1,1,1
городской округ Троицкий,22,22,22,22,22,23,23,23,23,13,13,21,21,21,21,21,3,3,3,2,2,2,1,1
городской округ Тугулымский,22,22,22,22,22,23,23,23,13,13,13,21,21,21,21,21,3,3,3,3,1,1,1,1
городской округ Туринский,22,22,22,22,22,23,23,23,23,13,13,21,21,21,21,21,3,3,3,3,1,1,1,1
городской округ Тымовский,22,22,22,22,22,23,23,23,13,13,13,21,21,21,21,21,3,3,2,2,1,1,1,1
городской округ Углегорский,22,22,22,22,22,23,23,23,13,13,13,21,21,21,21,21,3,2,2,2,2,2,1,1
городской округ Удомельский,22,22,22,22,22,23,23,23,23,13,13,21,21,21,21,21,3,3,3,3,2,2,1,1
городской округ Уссурийский,22,22,22,22,22,23,23,23,23,13,13,21,21,21,21,21,3,3,2,2,2,2,1,1
городской округ Усть-Катавский,22,22,22,22,22,23,23,23,23,13,13,21,21,21,21,21,3,3,3,3,1,1,1,1
городской округ Фрязино,24,24,24,24,24,24,24,23,23,4,4,4,4,4,4,4,3,2,2,2,2,2,2,2
городской округ Холмский,22,22,22,22,22,23,23,23,13,13,13,21,21,21,21,21,3,3,2,2,1,1,1,1
городской округ Чайковский,22,22,22,22,22,23,23,23,23,13,13,21,21,21,21,21,3,3,3,2,2,2,1,1
городской округ Чапаевск,22,22,22,22,22,23,23,23,23,13,13,21,21,21,21,21,3,3,3,2,2,2,1,1
городской округ Чебаркульский,22,22,22,22,22,23,23,23,23,13,13,21,21,21,21,21,3,3,3,2,2,2,1,1
городской округ Челябинский,22,22,22,22,22,23,23,23,23,13,13,21,21,21,21,21,3,3,2,2,2,2,1,1
городской округ Чердынский,22,22,22,22,22,23,23,23,13,13,13,21,21,21,21,21,21,3,3,3,1,1,1,1
городской округ Черкесский,22,22,22,22,22,23,23,23,23,13,13,21,21,21,21,21,3,3,3,2,2,2,1,1
городской округ Черноголовка,5,5,5,5,5,5,5,23,23,4,4,4,4,4,4,4,3,2,2,2,2,2,2,2
городской округ Чернушинский,22,22,22,22,22,23,23,23,23,13,13,21,21,21,21,21,3,3,3,3,2,2,1,1
городской округ Чехов,22,22,22,22,22,23,23,23,23,13,13,21,21,21,21,21,3,3,2,2,2,2,1,1
городской округ Чусовской,22,22,22,22,22,23,23,23,23,13,13,21,21,21,21,21,3,3,3,2,2,2,1,1
городской округ Шалинский,22,22,22,22,22,23,23,23,13,13,13,21,21,21,21,21,3,3,3,3,1,1,1,1
городской округ Шатура,22,22,22,22,22,23,23,23,23,13,13,21,21,21,21,21,3,3,3,2,2,2,1,1
городской округ Шаховская,22,22,22,22,22,23,23,23,13,13,13,21,21,21,21,21,3,3,3,3,1,1,1,1
городской округ Шуя,22,22,22,22,22,23,23,23,23,13,13,21,21,21,21,21,3,3,3,2,2,2,1,1
городской округ Щёлково,22,22,22,22,22,23,23,23,23,13,13,21,21,21,21,21,3,3,2,2,2,2,1,1
городской округ Электросталь,22,22,22,22,22,23,23,23,23,4,4,4,4,4,4,4,3,2,2,2,2,2,2,2
городской округ Южно-Курильский,22,22,22,22,22,23,23,23,13,13,13,21,21,21,21,21,3,2,2,2,2,2,1,1
городской округ Южноуральский,22,22,22,22,22,23,23,23,23,13,13,21,21,21,21,21,3,3,3,3,1,2,1,1
городской округ Юргинский,22,22,22,22,22,23,23,23,23,13,13,21,21,21,21,21,3,3,3,2,2,2,1,1
городской округ Ясненский,22,22,22,22,22,23,23,23,23,13,13,21,21,21,21,21,21,3,3,3,1,1,1,1
городской округ город Абаза,22,22,22,22,22,23,23,23,13,13,13,21,21,21,21,21,3,3,3,2,1,1,1,1
городской округ город Абакан,22,22,22,22,22,23,23,23,23,13,13,21,21,21,21,21,3,3,2,2,2,2,1,1
городской округ город Агидель,22,22,22,22,22,23,23,23,21,21,21,21,21,21,21,21,21,21,3,3,1,1,1,1
городской округ город Адыгейск,22,22,22,22,22,23,23,23,23,23,23,21,21,21,21,21,3,3,3,3,1,1,1,1
городской округ город Алапаевск,22,22,22,22,22,23,23,23,23,13,13,21,21,21,21,21,3,3,3,3,1,2,1,1
городской округ город Алатырь,22,22,22,22,22,23,23,23,23,13,13,21,21,21,21,21,3,3,3,3,1,1,1,1
городской округ город Алейск,22,22,22,22,22,23,23,23,23,13,13,21,21,21,21,21,3,3,3,2,1,1,1,1
городской округ город Алексин,22,22,22,22,22,23,23,23,23,13,13,21,21,21,21,21,3,3,3,2,2,2,1,1
городской округ город Арзамас,22,22,22,22,22,23,23,23,23,13,13,21,21,21,21,21,3,3,3,2,2,2,1,1
городской округ город Архангельск,22,22,22,22,22,23,23,23,23,13,13,21,21,21,21,21,3,3,2,2,2,2,1,1
городской округ город Астрахань,22,22,22,22,22,23,23,23,23,13,13,21,21,21,21,21,3,3,2,2,2,2,1,1
городской округ город Ачинск,22,22,22,22,22,23,23,23,23,13,13,21,21,21,21,21,3,3,2,2,2,2,1,1
городской округ город Барнаул,22,22,22,22,22,23,23,23,23,13,13,21,21,21,21,21,3,3,2,2,2,2,1,1
городской округ город Белокуриха,22,22,22,22,22,23,23,23,13,13,13,21,21,21,21,21,3,3,3,2,1,1,1,1
городской округ город Бердск,22,22,22,22,22,23,23,23,23,13,13,21,21,21,21,21,3,3,2,2,2,2,1,1
городской округ город Березники,22,22,22,22,22,23,23,23,23,13,13,21,21,21,21,21,3,3,2,2,2,2,1,1
городской округ город Бийск,22,22,22,22,22,23,23,23,23,13,13,21,21,21,21,21,3,3,2,2,2,2,1,1
городской округ город Биробиджан,22,22,22,22,22,23,23,23,13,13,13,21,21,21,21,21,3,3,2,2,2,2,1,1
городской округ город Боготол,22,22,22,22,22,23,23,23,23,13,13,21,21,21,21,21,3,3,3,2,1,1,1,1
городской округ город Бор,22,22,22,22,22,23,23,23,23,13,13,21,21,21,21,21,3,3,3,2,2,2,1,1
городской округ город Бородино,22,22,22,22,22,23,23,23,23,13,13,21,21,21,21,21,3,3,3,2,1,1,1,1
городской округ город Братск,22,22,22,22,22,23,23,23,23,13,13,21,21,21,21,21,3,3,2,2,2,2,1,1
городской округ город Бугуруслан,22,22,22,22,22,23,23,23,23,13,13,21,21,21,21,21,3,3,3,2,2,2,1,1
городской округ город Бузулук,22,22,22,22,22,23,23,23,23,13,13,21,21,21,21,21,3,3,3,2,2,2,1,1
городской округ город Буй,22,22,22,22,22,23,23,23,23,13,13,21,21,21,21,21,3,3,3,3,1,1,1,1
городской округ город Великие Луки,22,22,22,22,22,23,23,23,23,13,13,21,21,21,21,21,3,3,3,2,2,2,1,1
городской округ город Владикавказ,22,22,22,22,22,23,23,23,23,13,13,21,21,21,21,21,3,3,3,2,2,2,1,1
городской округ город Владимир,22,22,22,22,22,23,23,23,23,13,13,21,21,21,21,21,3,3,2,2,2,2,1,1
городской округ город Волгореченск,11,11,11,11,11,11,11,11,11,11,11,11,11,11,11,11,11,11,11,11,11,11,11,11
городской округ город Волжск,22,22,22,22,22,23,23,23,23,13,13,21,21,21,21,21,3,3,3,3,2,2,1,1
городской округ город Волжский,22,22,22,22,22,23,23,23,23,13,13,21,21,21,21,21,3,3,2,2,2,2,1,1
городской округ город Воткинск,22,22,22,22,22,23,23,23,23,13,13,21,21,21,21,21,3,3,3,2,2,2,1,1
городской округ город Выкса,22,22,22,22,22,23,23,23,23,13,13,21,21,21,21,21,3,3,3,2,2,2,1,1
городской округ город Вятские Поляны,22,22,22,22,22,23,23,23,23,13,13,21,21,21,21,21,3,3,3,3,1,1,1,1
городской округ город Галич,22,22,22,22,22,23,23,23,23,13,13,21,21,21,21,21,3,3,3,3,1,1,1,1
городской округ город Глазов,22,22,22,22,22,23,23,23,23,13,13,21,21,21,21,21,3,3,3,2,2,2,1,1
городской округ город Горно-Алтайск,22,22,22,22,22,23,23,23,23,13,13,21,21,21,21,21,3,3,2,2,2,2,1,1
городской округ город Губкинский,22,22,22,22,22,23,23,23,23,13,13,21,21,21,21,21,3,3,2,2,2,2,1,1
городской округ город Гусь-Хрустальный,22,22,22,22,22,23,23,23,23,13,13,21,21,21,21,21,3,3,3,2,2,2,1,1
городской округ город Десногорск,22,22,22,22,22,23,23,23,23,13,13,21,21,21,21,21,3,3,3,3,2,2,1,1
городской округ город Дзержинск,22,22,22,22,22,23,23,23,23,13,13,21,21,21,21,21,3,3,2,2,2,2,1,1
городской округ город Дивногорск,22,22,22,22,22,23,23,23,23,13,13,21,21,21,21,21,3,3,3,2,1,2,1,1
городской округ город Димитровград,22,22,22,22,22,23,23,23,23,13,13,21,21,21,21,21,3,3,3,2,2,2,1,1
городской округ город Донской,22,22,22,22,22,23,23,23,23,13,13,21,21,21,21,21,3,3,3,2,2,2,1,1
городской округ город Екатеринбург,22,22,22,22,22,23,23,23,23,13,13,21,21,21,21,21,3,3,2,2,2,2,1,1
городской округ город Елец,22,22,22,22,22,23,23,23,23,13,13,21,21,21,21,21,3,3,3,2,2,2,1,1
городской округ город Енисейск,22,22,22,22,22,23,23,23,23,13,13,21,21,21,21,21,3,3,3,2,1,1,1,1
городской округ город Ефремов,22,22,22,22,22,23,23,23,23,13,13,21,21,21,21,21,3,3,3,2,2,2,1,1
городской округ город Заринск,22,22,22,22,22,23,23,23,23,13,13,21,21,21,21,21,3,3,3,2,2,2,1,1
городской округ город Ижевск,22,22,22,22,22,23,23,23,23,13,13,21,21,21,21,21,3,3,2,2,2,2,1,1
городской округ город Ирбит,22,22,22,22,22,23,23,23,23,13,13,21,21,21,21,21,3,3,3,3,1,2,1,1
городской округ город Иркутск,22,22,22,22,22,23,23,23,23,13,13,21,21,21,21,21,3,3,2,2,2,2,1,1
городской округ город Искитим,22,22,22,22,22,23,23,23,23,13,13,21,21,21,21,21,3,3,3,2,2,2,1,1
городской округ город Ишим,22,22,22,22,22,23,23,23,23,13,13,21,21,21,21,21,3,3,3,2,2,2,1,1
городской округ город Йошкар-Ола,22,22,22,22,22,23,23,23,23,13,13,21,21,21,21,21,3,3,2,2,2,2,1,1
городской округ город Казань,22,22,22,22,22,23,23,23,23,13,13,21,21,21,21,21,3,3,2,2,2,2,1,1
городской округ город Калининград,22,22,22,22,22,23,23,23,23,13,13,21,21,21,21,21,3,3,2,2,2,2,1,1
городской округ город Калуга,22,22,22,22,22,23,23,23,23,13,13,21,21,21,21,21,3,3,2,2,2,2,1,1
городской округ город Каменск-Уральский,22,22,22,22,22,23,23,23,23,13,13,21,21,21,21,21,3,3,2,2,2,2,1,1
городской округ город Камышин,22,22,22,22,22,23,23,23,23,13,13,21,21,21,21,21,3,3,3,2,2,2,1,1
городской округ город Канаш,22,22,22,22,22,23,23,23,23,13,13,21,21,21,21,21,3,3,3,3,2,2,1,1
городской округ город Канск,22,22,22,22,22,23,23,23,23,13,13,21,21,21,21,21,3,3,2,2,2,2,1,1
городской округ город Касимов,22,22,22,22,22,23,23,23,23,13,13,21,21,21,21,21,3,3,3,3,1,1,1,1
городской округ город Кедровый,22,22,25,25,25,25,25,25,25,25,25,21,21,21,21,21,21,2,2,2,2,2,2,2
городской округ город Кизел,22,22,22,22,22,23,23,23,13,13,13,21,21,21,21,21,3,3,3,3,1,1,1,1
городской округ город Киров,22,22,22,22,22,23,23,23,23,13,13,21,21,21,21,21,3,3,2,2,2,2,1,1
городской округ город Кирово-Чепецк,22,22,22,22,22,23,23,23,23,13,13,21,21,21,21,21,3,3,3,2,2,2,1,1
городской округ город Кирсанов,22,22,22,22,22,23,23,23,13,13,13,21,21,21,21,21,3,3,3,3,1,1,1,1
городской округ город Ковров,22,22,22,22,22,23,23,23,23,13,13,21,21,21,21,21,3,3,2,2,2,2,1,1
городской округ город Когалым,22,22,22,22,22,23,23,23,23,13,13,21,21,21,21,21,3,3,2,2,2,2,1,1
городской округ город Козьмодемьянск,22,22,22,22,22,23,23,23,23,13,13,21,21,21,21,21,3,3,3,3,1,1,1,1
городской округ город Комсомольск-на-Амуре,22,22,22,22,22,23,23,23,23,13,13,21,21,21,21,21,3,3,2,2,2,2,1,1
городской округ город Коряжма,22,22,22,22,22,23,23,23,23,13,13,21,21,21,21,21,3,3,3,3,1,1,1,1
городской округ город Кострома,22,22,22,22,22,23,23,23,23,13,13,21,21,21,21,21,3,3,2,2,2,2,1,1
городской округ город Котельнич,22,22,22,22,22,23,23,23,23,13,13,21,21,21,21,21,3,3,3,3,1,1,1,1
городской округ город Котовск,22,22,22,22,22,23,23,23,13,13,13,21,21,21,21,21,3,3,3,3,1,1,1,1
городской округ город Красноярск,22,22,22,22,22,23,23,23,23,13,13,21,21,21,21,21,3,3,2,2,2,2,1,1
городской округ город Кулебаки,22,22,22,22,22,23,23,23,13,13,13,21,21,21,21,21,3,3,3,3,1,1,1,1
городской округ город Кумертау,22,22,22,22,22,23,23,23,23,13,13,21,21,21,21,21,3,3,3,2,2,2,1,1
городской округ город Курган,22,22,22,22,22,23,23,23,23,13,13,21,21,21,21,21,3,3,2,2,2,2,1,1
городской округ город Лабытнанги,22,22,22,22,22,23,23,23,23,13,13,21,21,21,21,21,3,3,2,2,2,2,1,1
городской округ город Лангепас,22,22,22,22,22,23,23,23,23,13,13,21,21,21,21,21,3,3,2,2,2,2,1,1
городской округ город Лермонтов,22,22,22,22,22,23,23,23,23,13,13,21,21,21,21,21,3,3,3,3,1,1,1,1
городской округ город Лесосибирск,22,22,22,22,22,23,23,23,23,13,13,21,21,21,21,21,3,3,2,2,2,2,1,1
городской округ город Ливны,22,22,22,22,22,23,23,23,23,13,13,21,21,21,21,21,3,3,3,3,1,1,1,1
городской округ город Липецк,22,22,22,22,22,23,23,23,23,13,13,21,21,21,21,21,3,3,2,2,2,2,1,1
городской округ город Магадан,22,22,22,22,22,23,23,23,23,13,13,21,21,21,21,21,3,3,2,2,2,2,1,1
городской округ город Майкоп,22,22,22,22,22,23,23,23,23,13,13,21,21,21,21,21,3,3,3,2,2,2,1,1
городской округ город Мегион,22,22,22,22,22,23,23,23,23,13,13,21,21,21,21,21,3,3,2,2,2,2,1,1
городской округ город Медногорск,22,22,22,22,22,23,23,23,23,13,13,21,21,21,21,21,3,3,3,3,1,1,1,1
городской округ город Минусинск,22,22,22,22,22,23,23,23,23,13,13,21,21,21,21,21,3,3,2,2,2,2,1,1
городской округ город Михайловка,22,22,22,22,22,23,23,23,23,13,13,21,21,21,21,21,3,3,3,2,2,2,1,1
городской округ город Мичуринск,22,22,22,22,22,23,23,23,23,13,13,21,21,21,21,21,3,3,3,3,2,2,1,1
городской округ город Можга,22,22,22,22,22,23,23,23,23,13,13,21,21,21,21,21,3,3,3,2,2,2,1,1
городской округ город Моршанск,22,22,22,22,22,23,23,23,13,13,13,21,21,21,3,3,3,3,3,3,3,3,3,3
городской округ город Муравленко,22,22,22,22,22,23,23,23,23,13,13,21,21,21,21,21,3,3,2,2,2,2,1,1
городской округ город Мурманск,22,22,22,22,22,23,23,23,23,13,13,21,21,21,21,21,3,3,2,2,2,2,1,1
городской округ город Мценск,22,22,22,22,22,23,23,23,23,13,13,21,21,21,21,21,3,3,3,3,2,2,1,1
городской округ город Набережные Челны,22,22,22,22,22,23,23,23,23,13,13,21,21,21,21,21,3,3,2,2,2,2,1,1
городской округ город Назарово,22,22,22,22,22,23,23,23,23,13,13,21,21,21,21,21,3,3,3,2,1,1,1,1
городской округ город Нарьян-Мар,22,22,22,22,22,23,23,23,13,13,13,21,21,21,21,21,3,3,2,2,2,2,1,1
городской округ город Невинномысск,22,22,22,22,22,23,23,23,23,13,13,21,21,21,21,21,3,3,2,2,2,2,1,1
городской округ город Нефтекамск,22,22,22,22,22,23,23,23,23,13,13,21,21,21,21,21,3,3,3,2,2,2,1,1
городской округ город Нефтеюганск,22,22,22,22,22,23,23,23,23,13,13,21,21,21,21,21,3,3,2,2,2,2,1,1
городской округ город Нижневартовск,22,22,22,22,22,23,23,23,23,13,13,21,21,21,21,21,3,3,2,2,2,2,1,1
городской округ город Нижний Новгород,22,22,22,22,22,23,23,23,23,13,13,21,21,21,21,21,3,3,2,2,2,2,1,1
городской округ город Нижний Тагил,22,22,22,22,22,23,23,23,23,13,13,21,21,21,21,21,3,3,2,2,2,2,1,1
городской округ город Новоалтайск,22,22,22,22,22,23,23,23,23,13,13,21,21,21,21,21,3,3,3,2,2,2,1,1
городской округ город Новодвинск,22,22,22,22,22,23,23,23,23,13,13,21,21,21,21,21,3,3,3,3,1,1,1,1
городской округ город Новомосковск,22,22,22,22,22,23,23,23,23,13,13,21,21,21,21,21,3,3,2,2,2,2,1,1
городской округ город Новосибирск,22,22,22,22,22,23,23,23,23,13,13,21,21,21,21,21,3,3,2,2,2,2,1,1
городской округ город Новотроицк,22,22,22,22,22,23,23,23,23,13,13,21,21,21,21,21,3,3,3,2,2,2,1,1
городской округ город Новоульяновск,22,22,22,22,22,23,23,23,23,13,13,21,21,21,21,21,3,3,3,3,1,1,1,1
городской округ город Новочебоксарск,22,22,22,22,22,23,23,23,23,13,13,21,21,21,21,21,3,3,3,2,2,2,1,1
городской округ город Новый Уренгой,22,22,22,22,22,23,23,23,23,13,13,21,21,21,21,21,3,3,2,2,2,2,1,1
городской округ город Ноябрьск,22,22,22,22,22,23,23,23,23,13,13,21,21,21,21,21,3,3,2,2,2,2,1,1
городской округ город Нягань,22,22,22,22,22,23,23,23,23,13,13,21,21,21,21,21,3,3,2,2,2,2,1,1
городской округ город Обнинск,22,22,22,22,22,23,23,23,23,13,13,21,21,21,21,21,3,3,2,2,2,2,1,1
городской округ город Обь,22,22,22,22,22,23,23,23,23,13,13,21,21,21,21,21,3,3,2,2,2,2,1,1
городской округ город Октябрьский,22,22,22,22,22,23,23,23,23,13,13,21,21,21,21,21,3,3,3,2,2,2,1,1
городской округ город Омск,22,22,22,22,22,23,23,23,23,13,13,21,21,21,21,21,3,3,2,2,2,2,1,1
городской округ город Оренбург,22,22,22,22,22,23,23,23,23,13,13,21,21,21,21,21,3,3,2,2,2,2,1,1
городской округ город Орск,22,22,22,22,22,23,23,23,23,13,13,21,21,21,21,21,3,3,2,2,2,2,1,1
городской округ город Орёл,22,22,22,22,22,23,23,23,23,13,13,21,21,21,21,21,3,3,2,2,2,2,1,1
городской округ город Первомайск,22,22,22,22,22,23,23,23,23,13,13,21,21,21,21,21,3,3,3,3,1,1,1,1
городской округ город Переславль-Залесский,22,22,22,22,22,23,23,23,23,13,13,21,21,21,21,21,3,3,3,2,2,2,1,1
городской округ город Петровск-Забайкальский,22,22,22,22,22,23,23,23,13,13,13,21,21,21,21,21,3,3,2,2,1,1,1,1
городской округ город Покачи,22,22,22,22,22,23,23,23,23,13,13,21,21,21,21,21,3,3,2,2,2,2,1,1
городской округ город Псков,22,22,22,22,22,23,23,23,23,13,13,21,21,21,21,21,3,3,2,2,2,2,1,1
городской округ город Пыть-Ях,22,22,22,22,22,23,23,23,23,13,13,21,21,21,21,21,3,3,2,2,2,2,1,1
городской округ город Радужный,22,22,22,22,22,23,23,23,23,13,13,13,21,21,21,21,3,3,2,2,2,2,1,1
городской округ город Рассказово,22,22,22,22,22,23,23,23,13,13,13,21,21,21,21,3,3,3,3,3,3,3,3,3
городской округ город Рубцовск,22,22,22,22,22,23,23,23,23,13,13,21,21,21,21,21,3,3,2,2,2,2,1,1
городской округ город Рыбинск,22,22,22,22,22,23,23,23,23,13,13,21,21,21,21,21,3,3,2,2,2,2,1,1
городской округ город Рязань,22,22,22,22,22,23,23,23,23,13,13,21,21,21,21,21,3,3,2,2,2,2,1,1
городской округ город Салават,22,22,22,22,22,23,23,23,23,13,13,21,21,21,21,21,3,3,2,2,2,2,1,1
городской округ город Салехард,22,22,22,22,22,23,23,23,23,13,13,21,21,21,21,21,3,3,2,2,2,2,1,1
городской округ город Сарапул,22,22,22,22,22,23,23,23,23,13,13,21,21,21,21,21,3,3,3,2,2,2,1,1
городской округ город Саратов,22,22,22,22,22,23,23,23,23,13,13,21,21,21,21,21,3,3,2,2,2,2,1,1
городской округ город Саяногорск,22,22,22,22,22,23,23,23,23,13,13,21,21,21,21,21,3,3,2,2,1,1,1,1
городской округ город Саянск,22,22,22,22,22,23,23,23,23,13,13,21,21,21,21,21,3,3,3,2,1,1,1,1
городской округ город Свирск,22,22,22,23,23,23,23,23,23,13,13,21,21,21,21,21,3,3,3,2,1,1,1,1
городской округ город Сибай,22,22,22,22,22,23,23,23,23,13,13,21,21,21,21,21,3,3,3,2,2,2,1,1
городской округ город Скопин,22,22,22,22,22,23,23,23,13,13,13,21,21,21,21,21,3,3,3,3,1,1,1,1
городской округ город Слободской,22,22,22,22,22,23,23,23,23,13,13,21,21,21,21,21,3,3,3,3,1,1,1,1
городской округ город Смоленск,22,22,22,22,22,23,23,23,23,13,13,21,21,21,21,21,3,3,2,2,2,2,1,1
городской округ город Сорск,22,22,22,22,22,23,23,23,13,13,13,21,21,21,21,21,3,3,3,2,1,1,1,1
городской округ город Сосновоборск,22,22,22,22,22,23,23,23,23,13,13,21,21,21,21,21,3,3,2,2,2,2,1,1
городской округ город Ставрополь,22,22,22,22,22,23,23,23,23,13,13,21,21,21,21,21,3,3,2,2,2,2,1,1
городской округ город Стерлитамак,22,22,22,22,22,23,23,23,23,13,13,21,21,21,21,21,3,3,2,2,2,2,1,1
городской округ город Стрежевой,22,22,22,22,22,23,23,23,23,13,13,21,21,21,21,21,3,3,2,2,2,2,1,1
городской округ город Сургут,22,22,22,22,22,23,23,23,23,13,13,21,21,21,21,21,3,3,2,2,2,2,1,1
городской округ город Тамбов,22,22,22,22,22,23,23,23,23,13,13,21,21,21,21,21,3,3,2,2,2,2,1,1
городской округ город Тверь,22,22,22,22,22,23,23,23,23,13,13,21,21,21,21,21,3,3,2,2,2,2,1,1
городской округ город Тобольск,22,22,22,22,22,23,23,23,23,13,13,21,21,21,21,21,3,3,2,2,2,2,1,1
городской округ город Томск,22,22,22,22,22,23,23,23,23,13,13,21,21,21,21,21,3,3,2,2,2,2,1,1
городской округ город Торжок,22,22,22,22,22,23,23,23,23,13,13,21,21,21,21,21,3,3,3,2,2,2,1,1
городской округ город Тула,22,22,22,22,22,23,23,23,23,13,13,21,21,21,21,21,3,3,2,2,2,2,1,1
городской округ город Тулун,22,22,22,22,22,23,23,23,13,13,13,21,21,21,21,21,3,3,2,2,1,1,1,1
городской округ город Тюмень,22,22,22,22,22,23,23,23,23,13,13,21,21,21,21,21,3,3,2,2,2,2,1,1
городской округ город Уварово,22,22,22,22,22,23,23,23,23,13,13,21,21,21,21,21,3,3,3,3,1,1,1,1
городской округ город Ульяновск,22,22,22,22,22,23,23,23,23,13,13,21,21,21,21,21,3,3,2,2,2,2,1,1
городской округ город Урай,22,22,22,22,22,23,23,23,23,13,13,21,21,21,21,21,3,3,2,2,2,2,1,1
городской округ город Урюпинск,22,22,22,22,22,23,23,23,23,13,13,21,21,21,21,21,3,3,3,3,1,1,1,1
городской округ город Усолье-Сибирское,22,22,22,22,22,23,23,23,23,13,13,21,21,21,21,21,3,3,2,2,2,2,1,1
городской округ город Усть-Илимск,22,22,22,22,22,23,23,23,23,13,13,21,21,21,21,21,3,3,2,2,2,2,1,1
городской округ город Уфа,22,22,22,22,22,23,23,23,23,13,13,21,21,21,21,21,3,3,2,2,2,2,1,1
городской округ город Фролово,22,22,22,22,22,23,23,23,23,13,13,21,21,21,21,21,3,3,3,3,1,1,1,1
городской округ город Хабаровск,22,22,22,22,22,23,23,23,23,13,13,21,21,21,21,21,3,3,2,2,2,2,1,1
городской округ город Ханты-Мансийск,22,22,22,22,22,23,23,23,23,13,13,21,21,21,21,21,3,3,2,2,2,2,1,1
городской округ город Чебоксары,22,22,22,22,22,23,23,23,23,13,13,21,21,21,21,21,3,3,2,2,2,2,1,1
городской округ город Черемхово,22,22,22,22,22,23,23,23,23,13,13,21,21,21,21,21,3,3,3,2,1,1,1,1
городской округ город Черногорск,22,22,22,22,22,23,23,23,23,13,13,21,21,21,21,21,3,3,2,2,2,2,1,1
городской округ город Чкаловск,22,22,22,22,22,23,23,23,23,13,13,21,21,21,21,21,3,3,3,3,1,1,1,1
городской округ город Шадринск,22,22,22,22,22,23,23,23,23,13,13,21,21,21,21,21,3,3,3,2,2,2,1,1
городской округ город Шарыпово,22,22,22,22,22,23,23,23,23,13,13,21,21,21,21,21,3,3,3,2,1,1,1,1
городской округ город Шарья,22,22,22,22,22,23,23,23,23,13,13,21,21,21,21,21,3,3,3,3,1,1,1,1
городской округ город Шахунья,22,22,22,22,22,23,23,23,23,13,13,21,21,21,21,21,3,3,3,3,1,1,1,1
городской округ город Шиханы,22,22,22,22,22,23,23,23,23,13,13,21,21,21,21,21,3,3,3,3,1,1,1,1
городской округ город Шумерля,22,22,22,22,22,23,23,23,23,13,13,21,21,21,21,21,3,3,3,3,1,1,1,1
городской округ город Югорск,22,22,22,22,22,23,23,23,23,13,13,21,21,21,21,21,3,3,2,2,2,2,1,1
городской округ город Якутск,22,22,22,22,22,23,23,23,23,13,13,21,21,21,21,21,3,3,2,2,2,2,1,1
городской округ город Ялуторовск,22,22,22,22,22,23,23,23,23,13,13,21,21,21,21,21,3,3,3,3,1,2,1,1
городской округ город Яровое,22,22,22,22,22,23,23,23,13,13,13,21,21,21,21,21,3,3,3,2,1,1,1,1
городской округ город Ярославль,22,22,22,22,22,23,23,23,23,13,13,21,21,21,21,21,3,3,2,2,2,2,1,1
городской округ город-герой Волгоград,22,22,22,22,22,23,23,23,23,13,13,21,21,21,21,21,3,3,2,2,2,2,1,1
городской округ город-курорт Ессентуки,22,22,22,22,22,23,23,23,13,13,13,13,21,21,21,21,3,3,3,3,2,2,1,1
городской округ город-курорт Железноводск,22,22,22,22,22,23,23,23,13,13,13,13,21,21,21,21,3,3,3,3,2,2,1,1
городской округ город-курорт Кисловодск,22,22,22,22,22,23,23,23,23,13,13,21,21,21,21,21,3,3,2,2,2,2,1,1
городской округ город-курорт Пятигорск,22,22,22,22,22,23,23,23,23,13,13,21,21,21,21,21,3,3,2,2,2,2,1,1
городской округ округ Муром,22,22,22,22,22,23,23,23,23,13,13,21,21,21,21,21,3,3,3,2,2,2,1,1
городской округ поселок Агинское,22,22,22,22,22,23,23,23,13,13,13,21,21,21,21,21,3,3,2,2,1,1,1,1
городской округ рабочий поселок Кольцово,22,22,22,22,22,23,23,23,23,4,4,4,4,4,4,4,4,4,4,4,4,4,4,4
муниципальный округ Александровский,22,22,22,22,22,23,23,23,23,13,13,21,21,21,21,21,3,3,3,3,1,1,1,1
муниципальный округ Алнашский район,22,22,22,22,23,23,23,23,23,13,13,21,21,21,21,21,3,3,3,3,1,1,1,1
муниципальный округ Андреапольский,22,22,22,22,22,23,23,23,23,13,13,21,21,21,21,21,3,3,3,3,1,1,1,1
муниципальный округ Арбажский,22,22,22,22,23,23,23,23,23,13,13,21,21,21,21,21,3,3,3,3,1,1,1,1
муниципальный округ Афанасьевский,22,22,22,22,23,23,23,23,23,13,13,21,21,21,21,21,3,3,3,3,1,1,1,1
муниципальный округ Балезинский район,22,22,22,22,22,23,23,23,23,13,13,21,21,21,21,21,3,3,3,3,1,1,1,1
муниципальный округ Бардымский,22,22,22,22,22,23,23,23,23,13,13,21,21,21,21,21,3,3,3,3,1,1,1,1
муниципальный округ Бежецкий,22,22,22,22,22,23,23,23,23,13,13,21,21,21,21,21,3,3,3,3,1,1,1,1
муниципальный округ Бельский,22,22,22,22,22,23,23,23,23,13,13,21,21,21,21,21,3,3,3,1,1,1,1,1
муниципальный округ Березовский,22,22,22,22,22,23,23,23,23,13,13,21,21,21,21,21,3,3,3,3,1,1,1,1
муниципальный округ Богородский,22,22,22,22,13,13,13,13,13,13,13,13,13,13,21,21,3,3,3,1,1,1,1,1
муниципальный округ Бологовский,22,22,22,22,22,23,23,23,23,23,21,21,21,21,21,21,3,3,3,3,1,1,1,1
муниципальный округ Большесосновский,22,22,22,22,22,23,23,23,23,13,13,21,21,21,21,21,3,3,3,3,1,1,1,1
муниципальный округ Вавожский район,22,22,22,22,22,23,23,23,23,13,13,21,21,21,21,21,3,3,3,3,1,1,1,1
муниципальный округ Верхнекамский,22,22,22,22,22,23,23,23,23,13,13,21,21,21,21,21,3,3,3,3,1,1,1,1
муниципальный округ Весьегонский,22,22,22,22,22,23,23,23,23,13,13,21,21,21,21,21,3,3,3,3,1,1,1,1
муниципальный округ Вилегодский,22,22,22,22,22,23,23,23,23,13,13,21,21,21,21,21,3,3,3,3,1,1,1,1
муниципальный округ Волотовский,22,22,22,22,22,23,23,23,23,13,13,21,21,21,21,21,3,3,1,1,1,1,1,1
муниципальный округ Вуктыл,22,22,22,22,22,23,23,23,23,13,13,21,21,21,21,21,2,2,2,2,2,2,2,2
муниципальный округ Гайнский,22,22,22,22,22,23,23,23,13,13,13,21,21,21,21,21,3,3,3,3,1,1,1,1
муниципальный округ Гвардейский,22,22,22,22,22,23,23,23,23,13,13,21,21,21,21,21,3,3,3,3,1,1,1,1
муниципальный округ Граховский район,22,22,22,22,22,23,23,23,23,13,13,21,21,21,21,21,3,3,3,3,1,1,1,1
муниципальный округ Губахинский,22,22,22,22,22,23,23,23,23,13,13,21,21,21,21,21,3,3,3,3,1,2,1,1
муниципальный округ Гурьевский,5,5,5,5,5,5,5,5,5,13,13,21,21,21,21,21,3,2,2,2,2,2,1,1
муниципальный округ Дебёсский район,22,22,22,22,22,23,23,23,23,13,13,21,21,21,21,21,3,3,3,3,1,1,1,1
муниципальный округ Демянский,22,22,22,22,22,23,23,23,23,13,13,21,21,21,21,21,3,3,3,3,1,1,1,1
муниципальный округ Еловский,22,22,22,22,22,23,23,23,23,13,13,21,21,21,21,21,3,3,3,3,1,1,1,1
муниципальный округ Жарковский,22,22,22,22,22,23,23,23,23,13,13,21,21,21,21,21,3,3,3,1,1,1,1,1
муниципальный округ Завьяловский район,22,22,22,22,22,23,23,23,23,13,13,21,21,21,21,21,3,3,3,2,2,2,1,1
муниципальный округ Западнодвинский,22,22,22,22,22,23,23,23,23,13,13,21,21,21,21,21,3,3,3,3,1,1,1,1
муниципальный округ Зеленоградский,22,22,5,5,5,5,5,4,4,4,4,4,4,4,4,4,3,2,2,2,2,2,2,2
муниципальный округ Зубцовский,22,22,22,22,22,23,23,23,23,13,13,21,21,21,21,21,3,3,3,3,1,1,1,1
муниципальный округ Игринский район,22,22,22,22,22,23,23,23,23,13,13,21,21,21,21,21,3,3,3,3,1,1,1,1
муниципальный округ Калининский,22,22,22,22,22,23,23,23,23,13,13,21,21,21,21,21,3,3,3,3,2,2,1,1
муниципальный округ Калязинский,22,22,22,22,22,23,23,23,23,13,13,21,21,21,21,21,3,3,3,3,1,1,1,1
муниципальный округ Камбарский район,22,22,22,22,22,23,23,23,23,13,13,21,21,21,21,21,3,3,3,3,3,3,1,1
муниципальный округ Карагайский,22,22,22,22,23,23,23,23,23,13,13,21,21,21,21,21,3,3,3,3,1,1,1,1
муниципальный округ Каракулинский район,22,22,22,22,22,23,23,23,23,13,13,21,21,21,21,21,3,3,3,3,1,1,1,1
муниципальный округ Каргопольский,22,22,22,22,22,23,23,23,23,13,13,21,21,21,21,21,3,3,3,3,1,1,1,1
муниципальный округ Кезский район,22,22,22,22,22,23,23,23,23,13,13,21,21,21,21,21,3,3,3,3,1,1,1,1
муниципальный округ Кесовогорский,19,19,19,19,19,19,19,19,19,19,19,19,19,19,19,19,19,19,19,19,19,19,19,19
муниципальный округ Кизнерский район,22,22,22,22,23,23,23,23,23,13,13,21,21,21,21,21,3,3,3,3,1,1,1,1
муниципальный округ Кикнурский,22,22,22,22,22,23,23,23,23,13,13,21,21,21,21,21,3,3,3,1,1,1,1,1
муниципальный округ Кимрский,22,22,22,22,22,23,23,23,23,13,13,21,21,21,21,21,3,3,3,2,2,2,1,1
муниципальный округ Кишертский,22,22,22,22,22,23,23,23,23,13,13,21,21,21,21,21,3,3,3,3,1,1,1,1
муниципальный округ Киясовский район,22,22,22,22,23,23,23,23,23,13,13,21,21,21,21,21,3,3,3,3,1,1,1,1
муниципальный округ Конаковский,22,22,22,22,22,23,23,23,23,13,13,21,21,21,21,21,3,3,3,2,2,2,1,1
муниципальный округ Косинский,22,22,22,22,22,23,23,23,23,13,13,21,21,21,21,21,21,3,3,3,1,1,1,1
муниципальный округ Кочевский,22,22,22,22,22,23,23,23,23,13,13,21,21,21,21,21,3,3,3,3,1,1,1,1
муниципальный округ Красногородский,22,22,22,22,22,23,23,23,23,13,13,21,21,21,21,21,3,3,3,3,1,1,1,1
муниципальный округ Красногорский район,22,22,22,22,22,23,23,23,23,13,13,21,21,21,21,21,3,3,3,3,1,1,1,1
муниципальный округ Краснознаменский,22,22,22,22,22,23,23,23,23,13,13,21,21,21,21,21,3,3,3,3,1,1,1,1
муниципальный округ Красноселькупский район,22,22,22,22,22,23,23,23,13,13,13,21,21,21,21,21,3,2,2,2,2,2,1,1
муниципальный округ Краснохолмский,22,22,22,22,22,23,23,23,23,13,13,21,21,21,21,21,3,3,3,1,1,1,1,1
муниципальный округ Крестецкий,22,22,22,22,22,23,23,23,23,13,13,21,21,21,21,21,3,3,3,3,1,1,1,1
муниципальный округ Кувшиновский,22,22,22,22,22,23,23,23,23,13,13,21,21,21,21,21,3,3,3,3,1,1,1,1
муниципальный округ Кудымкарский,22,22,22,22,22,23,23,23,23,13,13,21,21,21,21,21,3,3,3,3,2,2,1,1
муниципальный округ Куединский,22,22,22,22,22,23,23,23,23,13,13,21,21,21,21,21,3,3,3,3,1,1,1,1
муниципальный округ Кунгурский,22,22,22,22,22,23,23,23,23,13,13,21,21,21,21,21,3,3,3,2,2,2,1,1
муниципальный округ Лебяжский,22,22,22,22,22,23,23,23,23,13,13,21,21,21,21,21,3,3,3,3,1,1,1,1
муниципальный округ Лесной,22,22,22,22,22,23,23,23,23,13,13,21,21,21,21,21,3,3,3,1,1,1,1,1
муниципальный округ Лихославльский,22,22,22,22,22,23,23,23,13,13,13,21,21,21,21,21,3,3,3,3,1,1,1,1
муниципальный округ Локнянский,22,22,22,22,22,23,23,23,23,13,13,21,21,21,21,21,3,3,3,1,1,1,1,1
муниципальный округ Лузский,22,22,22,22,22,23,23,23,13,13,13,21,21,21,21,21,3,3,3,3,1,1,1,1
муниципальный округ Максатихинский,22,22,22,22,22,23,23,23,23,13,13,21,21,21,21,21,3,3,3,3,1,1,1,1
муниципальный округ Макушинский,22,22,22,22,22,23,23,23,13,13,13,21,21,21,21,21,21,3,3,3,1,1,1,1
муниципальный округ Малопургинский район,22,22,22,22,23,23,23,23,23,13,13,21,21,21,21,21,3,3,3,3,1,1,1,1
муниципальный округ Марёвский,22,22,22,22,22,23,23,23,23,13,13,21,21,21,21,21,3,3,3,1,1,1,1,1
муниципальный округ Молоковский,22,22,22,22,22,23,23,23,23,13,13,21,21,21,21,21,1,1,1,1,1,1,1,1
муниципальный округ Мошенской,22,22,22,22,22,23,23,23,23,13,13,21,21,21,21,21,3,3,3,1,1,1,1,1
муниципальный округ Мурашинский,22,22,22,22,22,23,23,23,23,13,13,21,21,21,21,21,3,3,3,3,1,1,1,1
муниципальный округ Надымский район,22,22,22,22,22,23,23,23,23,13,13,21,21,21,21,21,3,3,2,2,2,2,1,1
муниципальный округ Невельский,22,22,22,22,22,23,23,23,23,13,13,21,21,21,21,21,3,3,3,3,1,1,1,1
муниципальный округ Неманский,22,22,22,22,22,23,23,23,23,13,13,21,21,21,21,21,3,3,3,3,1,1,1,1
муниципальный округ Нестеровский,22,22,22,22,22,23,23,23,23,13,13,21,21,21,21,21,3,3,3,3,1,1,1,1
муниципальный округ Новоржевский,22,22,22,22,22,23,23,23,23,13,13,21,21,21,21,21,3,3,3,3,1,1,1,1
муниципальный округ Озерский,22,22,22,22,22,23,23,23,23,13,13,21,21,21,21,21,3,3,3,3,1,1,1,1
муниципальный округ Оленинский,22,22,22,22,22,23,23,23,23,13,13,21,21,21,21,21,3,3,3,1,1,1,1,1
муниципальный округ Ольский,22,22,22,22,22,23,23,23,13,13,13,21,21,21,21,21,3,2,2,2,2,2,1,1
муниципальный округ Опаринский,22,22,22,22,22,23,23,23,23,13,13,21,21,21,21,21,3,3,3,1,1,1,1,1
муниципальный округ Опочецкий,22,22,22,22,22,23,23,23,23,13,13,21,21,21,21,21,3,3,3,3,1,1,1,1
муниципальный округ Ординский,22,22,22,22,22,23,23,23,13,13,13,21,21,21,21,21,3,3,3,3,1,1,1,1
муниципальный округ Орловский,8,8,8,8,8,8,8,8,8,8,8,8,8,8,8,8,3,3,3,3,2,2,1,1
муниципальный округ Пеновский,22,22,22,22,22,23,23,23,23,13,13,21,21,21,21,21,3,3,3,3,1,1,1,1
муниципальный округ Пермский,8,8,8,8,8,8,8,8,8,8,8,8,8,8,8,8,3,3,3,3,2,2,1,1
муниципальный округ Пестовский,22,22,22,22,22,23,23,23,23,13,13,21,21,21,21,21,3,3,3,3,1,1,1,1
муниципальный округ Печорский,22,22,22,22,22,23,23,23,13,13,13,21,21,21,21,21,3,3,3,3,1,1,1,1
муниципальный округ Пижанский,22,22,22,22,23,23,23,23,23,13,13,21,21,21,21,21,3,3,3,3,1,1,1,1
муниципальный округ Полесский,28,28,28,28,28,28,28,28,28,28,28,21,21,21,21,21,3,3,3,3,1,1,1,1
муниципальный округ Правдинский,22,22,22,22,22,23,23,23,23,13,13,21,21,21,21,21,3,3,3,3,1,1,1,1
муниципальный округ Приуральский район,22,22,22,22,22,23,23,23,13,13,13,21,21,21,21,21,3,2,2,2,2,2,1,1
муниципальный округ Пуровский район,22,22,22,22,22,23,23,23,23,13,13,21,21,21,21,21,3,3,2,2,2,2,1,1
муниципальный округ Пыталовский,22,22,22,23,23,23,23,23,23,13,13,21,21,21,21,21,3,3,3,3,1,1,1,1
муниципальный округ Рамешковский,22,22,22,22,22,23,23,23,23,13,13,21,21,21,21,21,3,3,3,3,1,1,1,1
муниципальный округ Ржевский,22,22,22,22,22,23,23,23,23,13,13,21,21,21,21,21,3,3,3,2,2,2,1,1
муниципальный округ Сандовский,22,22,22,22,22,23,23,23,23,13,13,21,21,21,21,21,3,3,3,1,1,1,1,1
муниципальный округ Санчурский,22,22,22,22,22,23,23,23,23,13,13,21,21,21,21,21,3,3,3,1,1,1,1,1
муниципальный округ Сарапульский район,22,22,22,22,22,23,23,23,23,13,13,21,21,21,21,21,3,3,3,3,1,1,1,1
муниципальный округ Свечинский,22,22,22,22,22,23,23,23,23,13,13,21,21,21,21,21,3,3,3,3,1,1,1,1
муниципальный округ Селижаровский,22,22,22,22,22,23,23,23,23,13,13,21,21,21,21,21,3,3,3,3,1,1,1,1
муниципальный округ Селтинский район,22,22,22,22,22,23,23,23,23,13,13,21,21,21,21,21,3,3,3,3,1,1,1,1
муниципальный округ Сивинский,22,22,22,22,22,23,23,23,13,13,13,21,21,21,21,21,3,3,3,3,1,1,1,1
муниципальный округ Славский,22,22,22,22,22,23,23,23,23,13,13,21,21,21,21,21,3,3,3,3,1,1,1,1
муниципальный округ Солецкий,22,22,22,22,22,23,23,23,23,13,13,21,21,21,21,21,3,3,3,3,1,1,1,1
муниципальный округ Сонковский,22,22,22,22,22,23,23,23,23,13,13,21,21,21,21,21,3,3,3,1,1,1,1,1
муниципальный округ Спировский,22,22,22,22,22,23,23,23,23,13,13,21,21,21,21,21,3,3,3,3,1,1,1,1
муниципальный округ Старицкий,22,22,22,22,22,23,23,23,13,13,13,21,21,21,21,21,3,3,3,3,1,1,1,1
муниципальный округ Струго-Красненский,22,22,22,22,22,23,23,23,23,13,13,21,21,21,21,21,3,3,3,3,1,1,1,1
муниципальный округ Суетский район,22,22,22,22,22,23,23,23,13,13,13,21,21,21,21,21,21,3,3,2,1,1,1,1
муниципальный округ Сюмсинский район,22,22,22,22,22,23,23,23,23,13,13,21,21,21,21,21,3,3,3,3,1,1,1,1
муниципальный округ Тазовский район,22,22,22,22,22,23,23,23,23,13,13,21,21,21,21,21,3,2,2,2,2,2,1,1
муниципальный округ Торопецкий,22,22,22,22,22,23,23,23,23,13,13,21,21,21,21,21,3,3,3,3,1,1,1,1
муниципальный округ Увинский район,22,22,22,22,22,23,23,23,23,13,13,21,21,21,21,21,3,3,3,3,2,2,1,1
муниципальный округ Уинский,22,22,22,22,22,23,23,23,23,13,13,21,21,21,21,21,3,3,3,3,1,1,1,1
муниципальный округ Унинский,22,22,22,22,13,13,13,13,13,13,13,21,21,21,21,21,3,3,3,1,1,1,1,1
муниципальный округ Усинск,22,22,22,22,22,23,23,23,23,13,13,21,21,21,21,21,3,3,2,2,2,2,1,1
муниципальный округ Фаленский,22,22,22,22,22,23,23,23,23,13,13,21,21,21,21,21,3,3,3,3,1,1,1,1
муниципальный округ Фировский,22,22,22,22,22,23,23,23,23,13,13,21,21,21,21,21,3,3,3,3,1,1,1,1
муниципальный округ Хвойнинский,22,22,22,22,22,23,23,23,23,13,13,21,21,21,21,21,3,3,3,3,1,1,1,1
муниципальный округ Чарышский район,22,22,22,22,22,23,23,23,13,13,13,21,21,21,21,21,3,3,3,3,1,1,1,1
муниципальный округ Частинский,22,22,22,22,22,23,23,23,23,13,13,21,21,21,21,21,3,3,3,3,1,1,1,1
муниципальный округ Черняховский,22,22,22,22,22,23,23,23,23,13,13,21,21,21,21,21,21,3,3,3,1,1,1,1
муниципальный округ Шарканский район,23,23,23,23,23,23,23,23,23,13,13,13,13,13,13,13,13,13,13,13,13,13,13,13
муниципальный округ Шумихинский,22,22,22,22,22,23,23,23,13,13,13,21,21,21,21,21,3,3,3,3,1,1,1,1
муниципальный округ Шурышкарский район,22,22,22,22,23,23,23,23,13,13,13,21,21,21,21,21,3,2,2,2,2,2,1,1
муниципальный округ Юкаменский район,22,22,22,22,23,23,23,23,23,13,13,21,21,21,21,21,3,3,3,3,1,1,1,1
муниципальный округ Юрлинский,22,22,22,22,22,23,23,23,23,13,13,21,21,21,21,21,3,3,3,3,1,1,1,1
муниципальный округ Юсьвинский,22,22,22,22,22,23,23,23,23,13,13,21,21,21,21,21,3,3,3,3,1,1,1,1
муниципальный округ Ягоднинский,22,22,22,22,22,23,23,23,13,13,13,21,21,21,21,21,3,2,2,2,2,2,1,1
муниципальный округ Якшур-Бодьинский район,22,22,22,22,22,23,23,23,23,13,13,21,21,21,21,21,3,3,3,3,1,1,1,1
муниципальный округ Ямальский район,22,22,22,22,22,23,23,23,13,13,13,21,21,21,21,21,3,2,2,2,2,2,1,1
муниципальный округ Ярский район,22,22,22,22,23,23,23,23,23,13,13,21,21,21,21,21,3,3,3,3,1,1,1,1
муниципальный округ город Апатиты,22,22,22,22,22,23,23,23,23,13,13,21,21,21,21,21,3,3,2,2,2,2,1,1
муниципальный округ город Кировск,22,22,22,22,22,23,23,23,23,13,13,21,21,21,21,21,3,3,2,2,2,2,1,1
муниципальный округ город Мончегорск,22,22,22,22,22,23,23,23,23,13,13,21,21,21,21,21,3,3,2,2,2,2,1,1
муниципальный округ город Оленегорск,22,22,22,22,22,23,23,23,23,13,13,21,21,21,21,21,3,3,2,2,2,2,1,1
муниципальный округ город Полярные Зори,22,22,22,22,22,23,23,23,23,13,13,21,21,21,21,21,3,2,2,2,2,2,1,1
муниципальный округ город Славгород,22,22,22,22,22,23,23,23,23,13,13,21,21,21,21,21,3,3,3,2,1,1,1,1
муниципальный район Город Краснокаменск и Краснокаменский район,22,22,22,22,22,23,23,23,13,13,13,21,21,21,21,21,3,3,2,2,1,1,1,1
муниципальный район Заполярный район,22,22,22,22,22,23,23,23,13,13,13,21,21,21,21,21,3,2,2,2,2,2,1,1
муниципальный район Печора,22,22,22,22,22,23,23,23,23,13,13,21,21,21,21,21,3,3,2,2,2,2,1,1
муниципальный район Сосногорск,22,22,22,22,22,23,23,23,23,13,13,21,21,21,21,21,3,3,3,2,1,1,1,1
муниципальный район город Нерехта и Нерехтский район,22,22,22,22,22,23,23,23,23,13,13,21,21,21,21,21,3,3,3,3,1,1,1,1
муниципальный район имени Лазо,22,22,22,22,22,23,23,23,13,13,13,21,21,21,21,21,3,3,2,2,1,1,1,1
муниципальный район имени Полины Осипенко,22,22,22,22,22,23,23,23,13,13,13,21,21,21,21,21,3,2,2,2,2,2,1,1
