month,ARI,NMI,K,seed,adjacent_ARI,adjacent_NMI,same_label_share
2023-01-01,0.7405955504664945,0.7213620567061658,8,0,,,
2023-02-01,0.7405955504664945,0.7213620567061658,8,0,1.0,1.0,1.0
2023-03-01,0.7330369894402506,0.720133391845688,9,0,0.8910460051085102,0.8864246480829167,0.9564075630252101
2023-04-01,0.6964002383143345,0.7175367700195938,9,0,0.8836773064763614,0.8773039201704161,0.9506302521008403
2023-05-01,0.6386716698149021,0.6977571030752585,9,0,0.8914312387876564,0.8845294059322144,0.9543067226890757
2023-06-01,0.6050304366355284,0.6863457475066955,9,0,0.9007974004065314,0.9024562862302068,0.9621848739495799
2023-07-01,0.5794516393912612,0.6832629672492582,10,0,0.9474338521174505,0.9365658830983964,0.976890756302521
2023-08-01,0.5626710695355179,0.6755675491947376,11,0,0.8995162082460202,0.8874036207582716,0.9448529411764706
2023-09-01,0.5575202005514438,0.6677589677336839,12,0,0.8936437975148753,0.8750135954867936,0.9269957983193278
2023-10-01,0.5888160537857239,0.6782284456222812,12,0,0.8587880549733934,0.8669937258932578,0.9217436974789915
2023-11-01,0.5631345574508407,0.6697653233399639,12,0,0.8289611926389902,0.8572835046973651,0.9149159663865546
2023-12-01,0.5535055040524909,0.6595093850528856,12,0,0.7624204745023314,0.832109299718203,0.8834033613445378
2024-01-01,0.5488584302864908,0.6425488357596617,12,0,0.7211816269005343,0.8171070738170031,0.832983193277311
2024-02-01,0.550266970858072,0.6647215880049901,11,0,0.7376026904929344,0.8062785314346007,0.8130252100840336
2024-03-01,0.5059051930126426,0.6725167109694503,10,0,0.7952837405351858,0.8256536002543349,0.8760504201680672
2024-04-01,0.39159545928427164,0.6385060461032892,10,0,0.7513635114930206,0.8133821197940722,0.8897058823529411
2024-05-01,0.374108469308736,0.6292087260324251,10,0,0.7831073317661237,0.8303148971044111,0.907563025210084
2024-06-01,0.3967045457756566,0.652372741563297,9,0,0.8404616927344915,0.8553033576693521,0.9301470588235294
2024-07-01,0.4405822338022162,0.680761909567847,9,0,0.891602482207178,0.8874006663196786,0.9532563025210085
2024-08-01,0.5070991875956193,0.7174719161990223,9,0,0.8843987187380058,0.8861995201741507,0.9485294117647058
2024-09-01,0.5779836624737762,0.7648220507533698,9,0,0.8838129322010083,0.8807447153164235,0.9501050420168067
2024-10-01,0.6367368161382797,0.7778060992195556,9,0,0.8914907960752559,0.9035831717050922,0.9627100840336135
2024-11-01,0.7047769940063069,0.7921104565231675,9,0,0.884694289146491,0.9014004218898549,0.9595588235294118
2024-12-01,0.7047769940063069,0.7921104565231675,9,0,1.0,1.0,1.0
2023-01-01,0.5159332914588964,0.6439024621820848,5,1,,,
2023-02-01,0.5159332914588964,0.6439024621820848,5,1,1.0,1.0,1.0
2023-03-01,0.5305898874375966,0.6329886874980668,5,1,0.9606976456430985,0.9182129115676637,0.9810924369747899
2023-04-01,0.5839813219305622,0.6623590011196903,5,1,0.938333321711986,0.9057540327714806,0.976890756302521
2023-05-01,0.6687390325289687,0.7003360696551332,5,1,0.8671516999380877,0.8641611075217194,0.9527310924369747
2023-06-01,0.6648070853294494,0.7020880598308558,6,1,0.9074051490525951,0.8948463643370829,0.9684873949579832
2023-07-01,0.5924028921886435,0.6736790364927957,6,1,0.9148097106857488,0.9058828386927562,0.9721638655462185
2023-08-01,0.5382849765984999,0.6632298389209038,6,1,0.9253330717765755,0.9111530540288536,0.9747899159663865
2023-09-01,0.5083848797726219,0.6547625963288518,6,1,0.9081903213549287,0.8980623278171354,0.970063025210084
2023-10-01,0.4859996246363415,0.6428165861224713,6,1,0.9254860492774656,0.9192449406220253,0.9763655462184874
2023-11-01,0.46461568589162866,0.6324460868757279,9,1,0.9340893445259442,0.9098920863507897,0.9758403361344538
2023-12-01,0.4292283860706024,0.614227047865922,12,1,0.9861761802212458,0.9786938728058295,0.9910714285714286
2024-01-01,0.0029746336571211764,0.06193178664952666,12,1,0.017667089216937062,0.1162066308663244,0.037815126050420166
2024-02-01,0.48093463888811905,0.6273573327345112,12,1,0.020124969461517005,0.1358036155425946,0.27836134453781514
2024-03-01,0.48178567146551315,0.6460921357878311,11,1,0.9796472207208012,0.9706246343627799,0.9852941176470589
2024-04-01,0.5012388319488174,0.6526000029596652,8,1,0.6841681299678947,0.8110385081083038,0.8482142857142857
2024-05-01,0.7280394499572169,0.7057532331984799,8,1,0.7828001380595401,0.8295063517021269,0.8891806722689075
2024-06-01,0.7556942080736905,0.7008471302131443,8,1,0.9302799289428624,0.9050564834707426,0.9711134453781513
2024-07-01,0.7544646215165193,0.6908988437606042,8,1,0.9192354566760358,0.8839441714776648,0.9690126050420168
2024-08-01,0.7675427284393249,0.7111798134855275,8,1,0.9451487593384928,0.9157355187230453,0.9789915966386554
2024-09-01,0.7985431347944533,0.7321223997189025,8,1,0.952639321856717,0.9249119874281614,0.9821428571428571
2024-10-01,0.8009686204737674,0.7345286658522246,8,1,0.9334538477156463,0.9125197550200875,0.9763655462184874
2024-11-01,0.7778993506618662,0.7241157747816637,8,1,0.9283026916775448,0.8980271529884148,0.9721638655462185
2024-12-01,0.7778993506618662,0.7241157747816637,8,1,1.0,1.0,1.0
2023-01-01,0.6192831064649155,0.6968327880717273,7,2,,,
2023-02-01,0.6192831064649155,0.6968327880717273,7,2,1.0,1.0,1.0
2023-03-01,0.5998572997210486,0.6688183891672147,7,2,0.8544430105891675,0.8605268901597368,0.9427521008403361
2023-04-01,0.5995653624153455,0.6636110113620699,7,2,0.890273840637218,0.876566023678445,0.9548319327731093
2023-05-01,0.6068161941725082,0.6536648675928217,7,2,0.8981740619595583,0.8975329371613077,0.960609243697479
2023-06-01,0.618941413823897,0.6694145884954292,8,2,0.9034206693448823,0.8915818918297179,0.9600840336134454
2023-07-01,0.5943280559260324,0.6667660493245423,9,2,0.92782854808676,0.9022050355968525,0.9642857142857143
2023-08-01,0.5659192123380552,0.6691943676979646,10,2,0.926707564284024,0.8995732663665225,0.9653361344537815
2023-09-01,0.5559350462521988,0.6713572363063955,11,2,0.9017519683224355,0.891170159335228,0.9553571428571429
2023-10-01,0.5409503531682338,0.6643922297442336,11,2,0.871581083215879,0.8823484470857497,0.9432773109243697
2023-11-01,0.526990450644855,0.6664555043887771,12,2,0.8547034730418916,0.8548477456977611,0.9290966386554622
2023-12-01,0.48061232358705597,0.651115622962873,12,2,0.8794232490222983,0.8767852863273995,0.9348739495798319
2024-01-01,0.43213539617763935,0.6321794027891131,12,2,0.8431517732410478,0.851364740026084,0.9206932773109243
2024-02-01,0.4264650878064935,0.6047270522633569,12,2,0.8186047090113964,0.8446455605517228,0.8907563025210085
2024-03-01,0.34723021885822153,0.5690175682896821,12,2,0.6364147132703174,0.7855508935573683,0.7883403361344538
2024-04-01,0.3001936743016273,0.531683655832868,13,2,0.6211206735134885,0.7648073967443475,0.7935924369747899
2024-05-01,0.3710313935917261,0.5591137135498001,13,2,0.7881797057073897,0.8165960046050177,0.8792016806722689
2024-06-01,0.3800748068659226,0.5960522802307774,11,2,0.9131436015896109,0.8933890744664441,0.9590336134453782
2024-07-01,0.3941515003463297,0.6221381735661285,11,2,0.9362172712593326,0.9135039187458805,0.9716386554621849
2024-08-01,0.4035518036279224,0.6289446869349864,11,2,0.9307496543239008,0.9218656457035708,0.9742647058823529
2024-09-01,0.4078647657920538,0.6396694531157111,11,2,0.9212037346421568,0.9045976066141627,0.9690126050420168
2024-10-01,0.4213104885447782,0.640683685323027,11,2,0.93627611613401,0.9140372892830505,0.9721638655462185
2024-11-01,0.4446128215330966,0.650164492206792,11,2,0.8831537434350508,0.877640127915535,0.9564075630252101
2024-12-01,0.4446128215330966,0.650164492206792,11,2,1.0,1.0,1.0
2023-01-01,0.6214983920446799,0.7172419524388689,6,3,,,
2023-02-01,0.6214983920446799,0.7172419524388689,6,3,1.0,1.0,1.0
2023-03-01,0.6428130257720838,0.7087281427668162,6,3,0.9291666007429613,0.8985507727858792,0.9705882352941176
2023-04-01,0.6719784843647116,0.7013151446851449,6,3,0.9198629552119106,0.891673858055042,0.9679621848739496
2023-05-01,0.6831703022978248,0.6871024991261461,7,3,0.8828492218842512,0.8663759830718459,0.9537815126050421
2023-06-01,0.6659194220331818,0.6768738680399479,7,3,0.9138762197887554,0.9013958793216681,0.9600840336134454
2023-07-01,0.632026905935567,0.6794650247512081,7,3,0.9117627893871982,0.8888872138689035,0.9564075630252101
2023-08-01,0.5562293247395137,0.664739077421064,7,3,0.8706127707754526,0.8668815244231146,0.9406512605042017
2023-09-01,0.531738402492983,0.6664351744368455,7,3,0.8613554952746112,0.8700475910851263,0.9438025210084033
2023-10-01,0.5246035419428628,0.6719991147048133,7,3,0.9154615088321213,0.8984650797022383,0.9621848739495799
2023-11-01,0.4853082436843672,0.6547398328982597,7,3,0.9331971374182417,0.9120061754282068,0.9695378151260504
2023-12-01,0.4337110850547399,0.634417867447205,7,3,0.9077148403125648,0.9025520732121363,0.9616596638655462
2024-01-01,0.3616213102606498,0.5940939258310715,9,3,0.8650893512266992,0.882244627309489,0.9432773109243697
2024-02-01,0.3528269684518804,0.5758992619455887,9,3,0.8661586737322042,0.8993774170530245,0.9396008403361344
2024-03-01,0.34418733828221837,0.570690196721798,9,3,0.7573655456663607,0.8361327664244131,0.8644957983193278
2024-04-01,0.41644215110988575,0.590069575688673,11,3,0.7576037991299958,0.8258803010779394,0.8287815126050421
2024-05-01,0.4081702029723378,0.5879985284572858,12,3,0.9866454355783584,0.9724345531767247,0.9868697478991597
2024-06-01,0.024521655791145413,0.07860657123800797,12,3,0.02170111498481064,0.13113990063389916,0.3004201680672269
2024-07-01,0.6944914870284282,0.6363943220691157,11,3,0.043666200988130136,0.17805507999566342,0.0430672268907563
2024-08-01,0.6845827611451756,0.649846732348773,10,3,0.9867389733637818,0.9713770637591952,0.993172268907563
2024-09-01,0.6872445614292517,0.6696734768069087,9,3,0.9654236662952813,0.9350827517390372,0.9858193277310925
2024-10-01,0.6780240450763488,0.6721014892468129,8,3,0.9809902503451564,0.9637263892046971,0.9936974789915967
2024-11-01,0.6723129000646803,0.6781351627354104,8,3,0.9802907787468101,0.9607903201880046,0.993172268907563
2024-12-01,0.6723129000646803,0.6781351627354104,8,3,1.0,1.0,1.0
2023-01-01,0.22191007304982643,0.4226320395759492,5,4,,,
2023-02-01,0.22191007304982643,0.4226320395759492,5,4,1.0,1.0,1.0
2023-03-01,0.2204184439003643,0.4140026542040782,6,4,0.9919952331853676,0.9815506887434439,0.9978991596638656
2023-04-01,0.0015877615805030606,0.01301205645366908,8,4,0.02396615660687143,0.06146976968594835,0.805672268907563
2023-05-01,0.0013208775343910963,0.020096906679551912,8,4,0.6207466185473528,0.5951517729078454,0.9900210084033614
2023-06-01,0.5224032216951624,0.6419820731501558,10,4,0.004668256974397125,0.053486220522262935,0.01838235294117647
2023-07-01,0.5097491376999703,0.652056564369122,10,4,1.0,1.0,1.0
2023-08-01,0.48018890424353095,0.6455370807510796,8,4,0.8871564624740405,0.8937897794307375,0.9585084033613446
2023-09-01,0.48295521781986983,0.6453964536969073,9,4,0.9310887800903402,0.9197835910584178,0.9737394957983193
2023-10-01,0.48172101944318385,0.6457861084749763,9,4,0.9355106634283223,0.9180923342550615,0.9747899159663865
2023-11-01,0.47728549215866656,0.6342022730922373,9,4,0.924621383709832,0.905200099199226,0.9705882352941176
2023-12-01,0.4620892423149252,0.6177509986508541,9,4,0.91980272594814,0.9013913176734691,0.9663865546218487
2024-01-01,0.42780392066844164,0.6191711102310355,9,4,0.908344065189599,0.8788545389852402,0.9411764705882353
2024-02-01,0.4185445762842522,0.6070908118556682,9,4,0.8825860161216117,0.8636965228991147,0.9217436974789915
2024-03-01,0.39896290553961533,0.6205558235665126,9,4,0.7857429628174335,0.8317326397071916,0.8881302521008403
2024-04-01,0.38334569355857395,0.5960479918522816,11,4,0.7113492712145507,0.8097351343299514,0.8776260504201681
2024-05-01,0.3998599052935675,0.5849489110481216,11,4,0.5941986282504049,0.7588405936005265,0.8350840336134454
2024-06-01,0.5858699530741985,0.6330670947277816,11,4,0.6242781458712083,0.7521225084778949,0.8245798319327731
2024-07-01,0.5947272765071153,0.6468750819481758,11,4,0.9773278138534398,0.9512222292591974,0.9847689075630253
2024-08-01,0.039502895529859326,0.14041174938224069,11,4,0.13358345320851947,0.27608528600434695,0.6906512605042017
2024-09-01,0.6889914091415009,0.6781901627982935,10,4,0.06318048150930325,0.21057650056380622,0.06039915966386555
2024-10-01,0.6815148413921402,0.6796618033186053,10,4,0.9772566490696298,0.9644372065945394,0.9889705882352942
2024-11-01,0.67786827634039,0.6758142913608383,9,4,0.9722021662504087,0.9508755034724656,0.9900210084033614
2024-12-01,0.67786827634039,0.6758142913608383,9,4,1.0,1.0,1.0
2023-01-01,0.5764495168372435,0.6514898553784515,6,5,,,
2023-02-01,0.5764495168372435,0.6514898553784515,6,5,1.0,1.0,1.0
2023-03-01,0.5482752150876363,0.630425844756816,6,5,0.8906231932353331,0.8773180533845768,0.9590336134453782
2023-04-01,0.5175630233586818,0.6195624044439564,7,5,0.9207127438824337,0.9037275679751681,0.970063025210084
2023-05-01,0.5076388710716438,0.6055224820112938,7,5,0.8904466401499685,0.8835282296672183,0.9590336134453782
2023-06-01,0.5060493584780468,0.6226568785518504,9,5,0.931434380223562,0.9098810841858928,0.9711134453781513
2023-07-01,0.4773288269143201,0.6314117136304994,9,5,0.9065633042520171,0.8971564286490012,0.960609243697479
2023-08-01,0.43296393661989596,0.6284567428287297,10,5,0.8396510949802745,0.8701423328883128,0.9311974789915967
2023-09-01,0.4606147348951808,0.6363868846589618,10,5,0.7706626428202978,0.8509537559885871,0.8965336134453782
2023-10-01,0.5527523645636856,0.6603196274250561,11,5,0.7652179089682912,0.8476084149084773,0.8986344537815126
2023-11-01,0.5600789682732695,0.6654805503822993,11,5,0.8101686706611195,0.8545621134786208,0.9217436974789915
2023-12-01,0.49110939096182504,0.6375181601556624,14,5,0.9861891014211317,0.97807137162493,0.990546218487395
2024-01-01,0.0037959352270145763,0.0766061012115268,13,5,0.019733822276741655,0.13220600517247244,0.28991596638655465
2024-02-01,0.4233796441829964,0.6004417992754026,13,5,0.040617602280835975,0.15172967937873116,0.06460084033613446
2024-03-01,0.5143492120494555,0.6268963743779392,12,5,0.968400407042197,0.9591063979261788,0.9821428571428571
2024-04-01,0.7067062534394071,0.6915934185498038,11,5,0.9039829459258953,0.8570773567230184,0.9448529411764706
2024-05-01,0.8357459080715002,0.7279318703929569,9,5,0.9447549929256998,0.8965542509845641,0.967436974789916
2024-06-01,0.8386790436535834,0.7348981858622722,9,5,0.9549006543422291,0.9294966014094832,0.9805672268907563
2024-07-01,0.8331022641297521,0.7481238627440242,9,5,0.9639927663567007,0.9413864587103669,0.9842436974789915
2024-08-01,0.8208004399708347,0.7506533335928894,9,5,0.9548934576467728,0.9369460417461375,0.9816176470588235
2024-09-01,0.8335985709372815,0.7653745867129716,9,5,0.9252552349910731,0.9016470565232358,0.9695378151260504
2024-10-01,0.825221729701696,0.768238807409929,9,5,0.9618279929653942,0.9397179786275681,0.9842436974789915
2024-11-01,0.8271540675576458,0.7782616644531869,9,5,0.9598262304681918,0.9346176715654072,0.9826680672268907
2024-12-01,0.8271540675576458,0.7782616644531869,9,5,1.0,1.0,1.0
2023-01-01,0.5909888413229223,0.6970895264398501,7,6,,,
2023-02-01,0.5909888413229223,0.6970895264398501,7,6,1.0,1.0,1.0
2023-03-01,0.5880403443732193,0.6847586386284727,7,6,0.9489578393891351,0.9216039729880899,0.9805672268907563
2023-04-01,0.6082544326643314,0.6898745304122734,7,6,0.9564867370838206,0.9280162939967537,0.9821428571428571
2023-05-01,0.6162248955343802,0.6811559968441909,7,6,0.9506895713367253,0.9172205040474147,0.9747899159663865
2023-06-01,0.6026598843204238,0.6760941200709659,7,6,0.9453847938971843,0.9071117509611156,0.9705882352941176
2023-07-01,0.5518066879103022,0.6455218251919862,7,6,0.9301762999542162,0.9050173503434177,0.9637605042016807
2023-08-01,0.4922224170370258,0.6183395026365317,10,6,0.8817140778281872,0.8881695560590863,0.9438025210084033
2023-09-01,0.48585323250263956,0.6302567353543759,10,6,0.8316679769676133,0.8521234697603508,0.9238445378151261
2023-10-01,0.487025714412778,0.6455373411785806,10,6,0.7757735793010399,0.8127938082858228,0.8823529411764706
2023-11-01,0.420768945007321,0.6251979956147006,10,6,0.7038921676066047,0.8042435121100439,0.8476890756302521
2023-12-01,0.37413546917960905,0.601853919960355,10,6,0.721094875119139,0.8181659173648245,0.8387605042016807
2024-01-01,0.36366302364711817,0.59041593812825,10,6,0.7584708253916544,0.8224055392813435,0.8550420168067226
2024-02-01,0.38228097877079265,0.605525689695562,10,6,0.8420752336820723,0.8739687162892794,0.9159663865546218
2024-03-01,0.4612390576403415,0.6324217045132821,9,6,0.8670847073570543,0.87795759025335,0.9464285714285714
2024-04-01,0.5603501002278468,0.6608106891777478,8,6,0.8388998774956765,0.8572335220857709,0.9338235294117647
2024-05-01,0.6041616716663097,0.6634590262330272,8,6,0.830541097871293,0.8452484795358908,0.9233193277310925
2024-06-01,0.6714255581087654,0.6753652605778011,8,6,0.8427728420565704,0.850557201865171,0.9233193277310925
2024-07-01,0.7368046571758717,0.7021766748288679,8,6,0.9076894136921364,0.893636178332813,0.9527310924369747
2024-08-01,0.7884546582465417,0.7419917829094846,8,6,0.9325794457148716,0.8902000643480744,0.9611344537815126
2024-09-01,0.8247263876563152,0.7649114294032046,8,6,0.9408554946045224,0.8959507329747669,0.9679621848739496
2024-10-01,0.8341285770396318,0.7692201248224358,8,6,0.9633333169806235,0.9263817955355659,0.9810924369747899
2024-11-01,0.8474367722210399,0.7860843658039304,8,6,0.9390663049578156,0.9030072447971114,0.9726890756302521
2024-12-01,0.8474367722210399,0.7860843658039304,8,6,1.0,1.0,1.0
2023-01-01,0.6512112081876398,0.7416495887625636,6,7,,,
2023-02-01,0.6512112081876398,0.7416495887625636,6,7,1.0,1.0,1.0
2023-03-01,0.650295774658791,0.7181917203710239,6,7,0.9266646833420652,0.8904002833532052,0.9684873949579832
2023-04-01,0.6920505137429791,0.7387169468262352,7,7,0.956371024046505,0.9336633081630625,0.9831932773109243
2023-05-01,0.6959400231731593,0.7400496220741913,8,7,0.9363523605948638,0.9146827628521744,0.976890756302521
2023-06-01,0.6758226791090242,0.7287436446129527,8,7,0.9401543685873336,0.9143042106302776,0.9726890756302521
2023-07-01,0.6125986592636499,0.7031982697862036,9,7,0.9137033161350188,0.8973386871457906,0.9590336134453782
2023-08-01,0.514500086216158,0.6695592445771391,9,7,0.8047906131184515,0.8398927170786976,0.9065126050420168
2023-09-01,0.46993315202617575,0.6525018729080866,9,7,0.6866368402310175,0.8074535914968863,0.854516806722689
2023-10-01,0.4959782552521571,0.6499167450849276,11,7,0.6531880183154749,0.8048606303351317,0.8256302521008403
2023-11-01,0.5077779269316028,0.671660690417261,11,7,0.7664631556469161,0.8290722071340744,0.8776260504201681
2023-12-01,0.4449977410258773,0.6530031089586985,11,7,0.851522277902876,0.8637583952123459,0.9206932773109243
2024-01-01,0.3925339875879911,0.6276734371641272,11,7,0.8029299996329885,0.838269604917308,0.9028361344537815
2024-02-01,0.4019088399188584,0.6337177205464054,10,7,0.7772022963844761,0.8405775440907072,0.9023109243697479
2024-03-01,0.41854885270370956,0.619972520629985,10,7,0.8109212041846114,0.8622599795034297,0.9185924369747899
2024-04-01,0.4008624500121852,0.603884669952276,11,7,0.8444325379090704,0.8663074060253645,0.9222689075630253
2024-05-01,0.3665293873187307,0.5983317333992021,11,7,0.8492776283554353,0.8657223246466462,0.9185924369747899
2024-06-01,0.3468488437659795,0.6139291201138005,11,7,0.8615343908862941,0.8641004368426791,0.9254201680672269
2024-07-01,0.31600850216516696,0.6215931049943207,11,7,0.805764148829863,0.8393628144757339,0.8849789915966386
2024-08-01,0.40178846319303263,0.6467100817089726,11,7,0.7321183783071115,0.8332435973066472,0.8623949579831933
2024-09-01,0.5767257314160948,0.7143405564082189,10,7,0.7230247002080892,0.8255888384269519,0.8786764705882353
2024-10-01,0.673282908914214,0.7412256676693241,10,7,0.8332060272541436,0.868157304869866,0.9348739495798319
2024-11-01,0.7720521190389014,0.7756241669987575,9,7,0.8515643543267872,0.8784726715596822,0.9417016806722689
2024-12-01,0.7720521190389014,0.7756241669987575,9,7,1.0,1.0,1.0
2023-01-01,0.6380581790942571,0.7084746692002997,7,8,,,
2023-02-01,0.6380581790942571,0.7084746692002997,7,8,1.0,1.0,1.0
2023-03-01,0.6040171906808219,0.682285800679823,7,8,0.9178725855358866,0.8762374466951998,0.9590336134453782
2023-04-01,0.6057381464788106,0.687322407634948,7,8,0.9288979336412212,0.9127967101172682,0.9711134453781513
2023-05-01,0.5911880294000721,0.69342973119887,8,8,0.9069644189108604,0.8880160010702802,0.960609243697479
2023-06-01,0.5462215802465742,0.6853011335128438,8,8,0.9060183710890436,0.9019122801095638,0.9632352941176471
2023-07-01,0.4752629562905525,0.6734563863104028,8,8,0.8593685519659165,0.8839525519036424,0.9401260504201681
2023-08-01,0.45478404360758723,0.6672759229502213,8,8,0.7875755435642648,0.8480587687116563,0.904936974789916
2023-09-01,0.5490295275542045,0.6979938878619266,9,8,0.7868757160110398,0.8553870348965118,0.9107142857142857
2023-10-01,0.6410857851038374,0.7257508736415055,9,8,0.7950256583740433,0.8427286498071672,0.9159663865546218
2023-11-01,0.5885809826501053,0.6944898878156051,9,8,0.8759829805277894,0.8867708767784537,0.9427521008403361
2023-12-01,0.4838587384642899,0.6581843149988555,9,8,0.8462255055562505,0.8572998214865912,0.9107142857142857
2024-01-01,0.4274411829074732,0.636361247616979,9,8,0.8216235668780264,0.8378276805282303,0.8933823529411765
2024-02-01,0.45930662387295346,0.63605340583292,10,8,0.8596883442109289,0.8608778275599976,0.9196428571428571
2024-03-01,0.47102258081332476,0.6292320656610957,10,8,0.8513962098061801,0.8520044865459198,0.9180672268907563
2024-04-01,0.37516172853032337,0.5934658332335074,9,8,0.8360254049073602,0.8406420076757373,0.8949579831932774
2024-05-01,0.3469062185082501,0.5924267040506149,9,8,0.7934887430465238,0.8348611350174554,0.8939075630252101
2024-06-01,0.3989078065251517,0.6031903199577795,9,8,0.6197358014715442,0.7733878507103389,0.8240546218487395
2024-07-01,0.5603014965712879,0.6560004550133969,9,8,0.6824033342634935,0.7930725775567447,0.8440126050420168
2024-08-01,0.6274665144259263,0.6988291879489736,9,8,0.8837947108978683,0.8891404624022331,0.9480042016806722
2024-09-01,0.6503002734015663,0.726096114584357,9,8,0.9311658899188753,0.9206017670657569,0.9732142857142857
2024-10-01,0.6401883929378593,0.7301828190962889,9,8,0.9638726754904222,0.9348954914216565,0.9816176470588235
2024-11-01,0.6270827496836099,0.7161506088287314,9,8,0.9460784387867586,0.9211951587030914,0.9763655462184874
2024-12-01,0.6270827496836099,0.7161506088287314,9,8,1.0,1.0,1.0
2023-01-01,0.5297599527831593,0.7055624646125883,8,9,,,
2023-02-01,0.5297599527831593,0.7055624646125883,8,9,1.0,1.0,1.0
2023-03-01,0.5254353933603001,0.6922280786470093,8,9,0.8751690767940131,0.8647366671260375,0.9511554621848739
2023-04-01,0.5181287889729934,0.6820536763293549,8,9,0.8478635423249584,0.8421869357668447,0.9396008403361344
2023-05-01,0.49300655030095014,0.6732123103526362,8,9,0.870490880964229,0.8610622091890077,0.9396008403361344
2023-06-01,0.45447077015877824,0.6824479410254836,8,9,0.8188248722842681,0.8661330881867374,0.9222689075630253
2023-07-01,0.4807073339063794,0.7010751930876341,9,9,0.8032987387964493,0.8766420315286687,0.9196428571428571
2023-08-01,0.5663361271725245,0.715365539825937,9,9,0.7892181180360628,0.8503110464703003,0.9154411764705882
2023-09-01,0.624300092460791,0.7139424243782444,10,9,0.7900498423637056,0.8586939027025308,0.907563025210084
2023-10-01,0.6340143821541488,0.7086335544403927,11,9,0.8216810376485879,0.8384813403277186,0.8970588235294118
2023-11-01,0.5872605053056937,0.7011008141705153,11,9,0.8553472011687003,0.8592153536578317,0.9065126050420168
2023-12-01,0.4955139769015845,0.6705717352675987,11,9,0.8567489277446765,0.8607530257967966,0.8881302521008403
2024-01-01,0.4311637475242428,0.6387151205096679,11,9,0.7743352869682762,0.8411361275941772,0.8581932773109243
2024-02-01,0.4106603727847151,0.6263651790200475,11,9,0.6272670468200193,0.8069497443565596,0.8140756302521008
2024-03-01,0.5254653222101291,0.6736576389138547,9,9,0.6487778557831329,0.7946304101432685,0.8261554621848739
2024-04-01,0.6715948989228709,0.6994224623994009,9,9,0.837282849762663,0.8474306006767374,0.9164915966386554
2024-05-01,0.7856173589870787,0.7444756791701048,10,9,0.8858993782330862,0.8618493651090605,0.9453781512605042
2024-06-01,0.8248413895806713,0.7659432047218562,10,9,0.9207534595142598,0.8877095414451401,0.957983193277311
2024-07-01,0.8230352006794475,0.7734685483068113,10,9,0.9554700773899718,0.9292265415008416,0.9805672268907563
2024-08-01,0.833413441313855,0.7982327515022464,8,9,0.9564757143457124,0.9297606925347727,0.9810924369747899
2024-09-01,0.8416741665422254,0.8097943025260588,8,9,0.9561589846347438,0.9319136039414037,0.9826680672268907
2024-10-01,0.8485908761908899,0.8204704068574951,8,9,0.9576068256970369,0.9355906852216196,0.9831932773109243
2024-11-01,0.848392483085165,0.8208601764059659,8,9,0.95977667005125,0.9324276308933708,0.9831932773109243
2024-12-01,0.848392483085165,0.8208601764059659,8,9,1.0,1.0,1.0
2023-01-01,0.005182948566690314,0.041511870016832084,8,10,,,
2023-02-01,0.005378285776516065,0.04620180349923706,8,10,0.9454510517378104,0.9125924780221324,0.9978991596638656
2023-03-01,0.6616896173858502,0.6953305748121524,9,10,0.010903391125621692,0.05843049940112775,0.026785714285714284
2023-04-01,0.7142286119225317,0.7219332667859366,10,10,0.9918164961704202,0.9840029038503221,0.9936974789915967
2023-05-01,0.7188700572169281,0.7158222938205425,9,10,0.9132925688183039,0.8828449215449088,0.9600840336134454
2023-06-01,0.7137880247591747,0.7269398534843062,10,10,0.9254935479750933,0.9103574786641889,0.9695378151260504
2023-07-01,0.682764566777666,0.7212590414308667,10,10,0.9462053495766897,0.9300276571008771,0.976890756302521
2023-08-01,0.5913242430613893,0.7003854819757308,10,10,0.9047243021939662,0.8957875718842881,0.9585084033613446
2023-09-01,0.5792144344632679,0.7097849278007377,10,10,0.8637600755094614,0.8762586087106402,0.9411764705882353
2023-10-01,0.5856920797577271,0.7065526345062189,11,10,0.8261111259889203,0.8563517882642652,0.9290966386554622
2023-11-01,0.5645917338848562,0.699179506817828,11,10,0.8245474403671833,0.854211353623751,0.9285714285714286
2023-12-01,0.5387619260117457,0.7040159992472025,11,10,0.8460141507154503,0.862171146078219,0.9348739495798319
2024-01-01,0.43449435630156313,0.6475736852626752,12,10,0.862197941498483,0.8705897241859494,0.9327731092436975
2024-02-01,0.3528217818760539,0.604423589415321,13,10,0.7639023359685368,0.8357428100608554,0.8634453781512605
2024-03-01,0.36655501119867306,0.6097307602619917,13,10,0.7310580085660495,0.8271885694561446,0.8350840336134454
2024-04-01,0.4795817031961023,0.6363140680684534,13,10,0.7761210740700267,0.834263378661547,0.8718487394957983
2024-05-01,0.5147877367252879,0.6570070584563538,13,10,0.9168229253682488,0.9055939240121975,0.9585084033613446
2024-06-01,0.5254079998925827,0.6833165064578314,11,10,0.9070510240046448,0.8954615336093822,0.9600840336134454
2024-07-01,0.5505168870154726,0.704608262543066,11,10,0.9283968287495095,0.9180020794238603,0.9711134453781513
2024-08-01,0.6141269588796044,0.7285297604827028,11,10,0.8936431566286894,0.9016739122129992,0.9595588235294118
2024-09-01,0.6881241643558013,0.7444523309141542,11,10,0.8567987459250077,0.8755687021986908,0.944327731092437
2024-10-01,0.7500960695745099,0.7487360313815354,11,10,0.8005782679952383,0.8468946576457019,0.9206932773109243
2024-11-01,0.7837939143542038,0.7848901050491044,11,10,0.8078441259408403,0.8332128482365743,0.9159663865546218
2024-12-01,0.7837939143542038,0.7848901050491044,11,10,1.0,1.0,1.0
2023-01-01,0.6326685472275002,0.6725150164872521,6,11,,,
2023-02-01,0.6326685472275002,0.6725150164872521,6,11,1.0,1.0,1.0
2023-03-01,0.5782075825778367,0.6477384119728232,6,11,0.8859973968227725,0.8818897529879351,0.960609243697479
2023-04-01,0.5282909014278221,0.6257104288791523,6,11,0.9181543790392304,0.9060401357309593,0.9711134453781513
2023-05-01,0.5130341344171241,0.6060823675850607,6,11,0.9074801845977585,0.8965783074421247,0.9658613445378151
2023-06-01,0.5086847356891713,0.6170180910356309,7,11,0.914152821231887,0.894879684191591,0.9648109243697479
2023-07-01,0.5004782043419138,0.6270693672671593,7,11,0.9314440984530474,0.9240825060831394,0.9737394957983193
2023-08-01,0.5054519156905622,0.6332005883571914,8,11,0.9366422621071138,0.9249059277393747,0.9763655462184874
2023-09-01,0.5036421999238573,0.6340671733439392,9,11,0.9295182437014685,0.8993475367721314,0.9695378151260504
2023-10-01,0.5036432757964173,0.6380874671934068,9,11,0.9245101559195198,0.9129146222881163,0.9716386554621849
2023-11-01,0.47665743480072326,0.6254559168518243,10,11,0.9480102652902078,0.9331633911687652,0.9789915966386554
2023-12-01,0.41522403864324353,0.5897233438761386,11,11,0.8849877695578305,0.8928714765119505,0.9585084033613446
2024-01-01,0.33944868575128606,0.5605512063077388,11,11,0.841720928274188,0.8619116784243058,0.9422268907563025
2024-02-01,0.3171546200445837,0.5375699753318315,12,11,0.9718647135150257,0.9644034225540791,0.9816176470588235
2024-03-01,0.018618831720930082,0.09448995344786072,12,11,0.02168111340274598,0.14050801123558987,0.05934873949579832
2024-04-01,0.557951888418604,0.5994986244335754,12,11,0.09083426689945585,0.2283358374643845,0.6302521008403361
2024-05-01,0.6763231561417373,0.6360591472342113,11,11,0.9785783461504324,0.9635194733331087,0.9879201680672269
2024-06-01,0.733639538261651,0.6822025087687523,11,11,0.9532548317431856,0.9180159314439791,0.9800420168067226
2024-07-01,0.7388669366876925,0.7046201041677945,11,11,0.9575392646985181,0.9207075537361983,0.9826680672268907
2024-08-01,0.7260640399684585,0.7279217549806897,11,11,0.9712910886427931,0.944867388049237,0.9889705882352942
2024-09-01,0.7223348619992147,0.7505255610498708,11,11,0.9716819805318486,0.9468302212485878,0.9884453781512605
2024-10-01,0.6998805433194575,0.726280150977622,11,11,0.974848189379167,0.9432790772221495,0.9884453781512605
2024-11-01,0.6904824177041757,0.7119668459334351,11,11,0.976935375344438,0.9453037869216331,0.9894957983193278
2024-12-01,0.6904824177041757,0.7119668459334351,11,11,1.0,1.0,1.0
2023-01-01,0.5391941470065565,0.6541067040346104,5,12,,,
2023-02-01,0.5391941470065565,0.6541067040346104,5,12,1.0,1.0,1.0
2023-03-01,0.556961030024472,0.649034631727591,5,12,0.9280673916667098,0.8923293115819824,0.9737394957983193
2023-04-01,0.6051907437109365,0.6661660500368861,5,12,0.9171340321811324,0.8782058406092125,0.9690126050420168
2023-05-01,0.6187944773230314,0.6724475965488128,5,12,0.9506598399534322,0.9284928225511185,0.9831932773109243
2023-06-01,0.5898147100435851,0.6614378074501993,6,12,0.9531294035198006,0.9248869941673162,0.9826680672268907
2023-07-01,0.533288330433561,0.6473789584320498,6,12,0.961684484264475,0.9425103682933834,0.9868697478991597
2023-08-01,0.4649836795097604,0.6195649049760742,6,12,0.9611089472088098,0.9412117685003164,0.9868697478991597
2023-09-01,0.43115644480741544,0.6161172548354704,7,12,0.9484596875817018,0.9220994694308714,0.9810924369747899
2023-10-01,0.4270924928953516,0.6116850860056974,7,12,0.9402274669438909,0.9056509039402673,0.9747899159663865
2023-11-01,0.42482227176344467,0.6064852914881675,8,12,0.9266074967055399,0.8859131118682864,0.9695378151260504
2023-12-01,0.41973933541710606,0.6141066972539867,8,12,0.9194284251398601,0.8947585224961603,0.9716386554621849
2024-01-01,0.3864647451093731,0.5911320821324831,8,12,0.9733969457256112,0.9615990086421177,0.9858193277310925
2024-02-01,0.01541891788690616,0.09827180170217299,8,12,0.049829419954709984,0.149808448964598,0.0546218487394958
2024-03-01,0.30538151188604584,0.47094139230322996,9,12,0.1249684408553049,0.25682818911471295,0.7037815126050421
2024-04-01,0.42236436330547467,0.4962154833593994,9,12,0.9869628760839563,0.9701936470366447,0.9942226890756303
2024-05-01,0.5473151714742212,0.5405260635097481,10,12,0.9480412853846067,0.9071721085890254,0.9800420168067226
2024-06-01,0.5599523705913702,0.5416545018404713,11,12,0.9670960669749967,0.9500648926924152,0.9837184873949579
2024-07-01,0.019695477843497865,0.05982928197897651,10,12,0.036553748245494594,0.1287639509998079,0.052521008403361345
2024-08-01,0.6013450565239237,0.5787193760238495,10,12,0.05557823908286361,0.16620112175419202,0.634453781512605
2024-09-01,0.6087390097674944,0.5950189513460388,9,12,0.9862762963117221,0.9693394839257125,0.9921218487394958
2024-10-01,0.600577730421748,0.5977372585008964,9,12,0.9553152488724032,0.9158889153392017,0.9852941176470589
2024-11-01,0.594358260211063,0.5889120085849879,9,12,0.9836340929241225,0.9653458287048745,0.9947478991596639
2024-12-01,0.594358260211063,0.5889120085849879,9,12,1.0,1.0,1.0
2023-01-01,0.6889170038368052,0.7404155638672342,7,13,,,
2023-02-01,0.6889170038368052,0.7404155638672342,7,13,1.0,1.0,1.0
2023-03-01,0.6620250898283822,0.7179291711304003,7,13,0.9083271016071961,0.8812839153902243,0.957983193277311
2023-04-01,0.6502705838955966,0.7210963544574687,7,13,0.9349246323016397,0.9064100119698614,0.970063025210084
2023-05-01,0.6242289477745305,0.7378477767427479,7,13,0.9008935933315311,0.8835975956667439,0.9590336134453782
2023-06-01,0.6019275390667795,0.7309243008193483,8,13,0.9548779480069409,0.9304344808367417,0.9742647058823529
2023-07-01,0.5442736069964671,0.7130863481279314,8,13,0.9098732630084905,0.9004608106783221,0.9564075630252101
2023-08-01,0.48993436538806934,0.6910484356740517,8,13,0.8490935411300045,0.8747409895683269,0.9285714285714286
2023-09-01,0.4885341609966784,0.6713592721919056,9,13,0.8050686765764448,0.8565335448719131,0.9122899159663865
2023-10-01,0.5374406023322631,0.6659220493964183,9,13,0.6917324070638168,0.80923352652114,0.8676470588235294
2023-11-01,0.4939388821285477,0.65147849354984,9,13,0.6581642630947739,0.8051530003591924,0.8476890756302521
2023-12-01,0.4559730093827984,0.6618964111389852,9,13,0.7754447926750241,0.8384030700466245,0.8881302521008403
2024-01-01,0.40837171073099193,0.6393106370373751,9,13,0.9104092205975124,0.8931206390190117,0.9516806722689075
2024-02-01,0.4354359743123849,0.6467294044048791,9,13,0.8865905053005033,0.8822562750670796,0.944327731092437
2024-03-01,0.4949059481886181,0.6648307120456427,8,13,0.8957102716331894,0.9033810704638657,0.9564075630252101
2024-04-01,0.5345806949330156,0.669702932094852,9,13,0.8404629947227513,0.8621515822381582,0.9285714285714286
2024-05-01,0.5247089076354698,0.6743087263934737,9,13,0.7771482906748967,0.8287260715512236,0.9017857142857143
2024-06-01,0.49547219354264055,0.647726694934324,9,13,0.762284146270685,0.8362002736047527,0.9044117647058824
2024-07-01,0.5219289267291528,0.6547704841764441,9,13,0.750881640488439,0.8357010174366202,0.8970588235294118
2024-08-01,0.6291110398906635,0.6807355335061709,9,13,0.7676139639863607,0.8615033859711053,0.9028361344537815
2024-09-01,0.7474481299207252,0.7208625375982494,9,13,0.8135318175553655,0.8472256509951682,0.9191176470588235
2024-10-01,0.7633732842283529,0.7337841853876813,8,13,0.9174028427842428,0.8873561421291333,0.9627100840336135
2024-11-01,0.758017011830043,0.7299714716323042,8,13,0.9529952021413708,0.9130944561920747,0.9774159663865546
2024-12-01,0.758017011830043,0.7299714716323042,8,13,1.0,1.0,1.0
2023-01-01,0.6356700155376823,0.6533648583461018,6,14,,,
2023-02-01,0.6356700155376823,0.6533648583461018,6,14,1.0,1.0,1.0
2023-03-01,0.653550303772409,0.6498876586954804,7,14,0.9368175498864261,0.9076437356441862,0.9737394957983193
2023-04-01,0.710693762714243,0.6964267937541067,7,14,0.8932691160517193,0.8639851580108115,0.9501050420168067
2023-05-01,0.6582354699157497,0.6757658939284114,7,14,0.9100877753151138,0.8886398453124993,0.9553571428571429
2023-06-01,0.6024877057625802,0.6625421904082877,8,14,0.8886171164408032,0.8861189661550768,0.9459033613445378
2023-07-01,0.557213230835912,0.6515586098540294,9,14,0.8816532204981168,0.8904134196736542,0.9490546218487395
2023-08-01,0.5453235029824465,0.6457914831749969,10,14,0.8788339469572339,0.8736605035730751,0.9438025210084033
2023-09-01,0.5507392423792321,0.6408736468550588,11,14,0.8550328008853453,0.8569474787891389,0.9248949579831933
2023-10-01,0.5312073126872238,0.6408044380116555,11,14,0.8439943507979137,0.8515546845364099,0.917016806722689
2023-11-01,0.49576506265232495,0.6517463987654917,11,14,0.7930354844918388,0.8275097365728356,0.8760504201680672
2023-12-01,0.4671202031009013,0.6515886761719009,12,14,0.7978752400908646,0.8367501729877794,0.8881302521008403
2024-01-01,0.44302424446995176,0.6439196196211074,12,14,0.7902969304026992,0.8428719929375987,0.9002100840336135
2024-02-01,0.44307758172175066,0.6504345830118988,12,14,0.7277354535436621,0.8242603691014195,0.8728991596638656
2024-03-01,0.5019876105223942,0.6582807528000645,12,14,0.7403393140112958,0.8251844973217144,0.875
2024-04-01,0.6630393649949238,0.6809795919173803,12,14,0.7442328074143058,0.7998307060853068,0.8618697478991597
2024-05-01,0.748316593831974,0.6863698933385054,12,14,0.8519579484785688,0.8289486306153114,0.9044117647058824
2024-06-01,0.7868508335810416,0.7048449502277438,12,14,0.9023511811138035,0.8593251385935022,0.9348739495798319
2024-07-01,0.7836326686827686,0.7155845215534238,12,14,0.9521071259639331,0.922460314993382,0.9684873949579832
2024-08-01,0.7877161480383237,0.7341426282131257,11,14,0.9565964370850196,0.9356242526578054,0.9821428571428571
2024-09-01,0.7707252003401266,0.7142629875846371,10,14,0.9390378887753436,0.9073478834219334,0.9747899159663865
2024-10-01,0.7694864113019076,0.71237336330292,10,14,0.943497264205904,0.9223534648690338,0.9784663865546218
2024-11-01,0.7908241367552135,0.731609197219563,10,14,0.9420956631509518,0.908934038882049,0.9763655462184874
2024-12-01,0.7908241367552135,0.731609197219563,10,14,1.0,1.0,1.0
2023-01-01,0.6256694421796436,0.7226285397437876,8,15,,,
2023-02-01,0.6256694421796436,0.7226285397437876,8,15,1.0,1.0,1.0
2023-03-01,0.5936302072836513,0.6948622701465496,8,15,0.9284733261477008,0.9036389866741684,0.9679621848739496
2023-04-01,0.5562629027693882,0.6831359956489551,8,15,0.9050098447722793,0.8876319900014726,0.9616596638655462
2023-05-01,0.5169368405254939,0.687369660897484,8,15,0.8732262846437572,0.8642472838256668,0.9396008403361344
2023-06-01,0.47335820695998926,0.6936071094824436,8,15,0.8233525641468356,0.8552775958843606,0.9191176470588235
2023-07-01,0.504221076742038,0.7115860303909414,8,15,0.7856857044833049,0.8514289677081031,0.9091386554621849
2023-08-01,0.5875836109121824,0.7157709468493872,10,15,0.73973995292333,0.8422727254069952,0.8996848739495799
2023-09-01,0.6189051333309424,0.7233368747274627,10,15,0.7436561503536483,0.8511429763035742,0.9012605042016807
2023-10-01,0.5643098709951635,0.7169515265929304,11,15,0.8065635829560607,0.8435996465733803,0.9122899159663865
2023-11-01,0.4707173793041512,0.6867260737667615,11,15,0.8669602003557094,0.875251839332154,0.9243697478991597
2023-12-01,0.40278865970754596,0.6611885637548397,11,15,0.8727056237203417,0.8543673043094309,0.9065126050420168
2024-01-01,0.3930759933555395,0.6708493535778722,11,15,0.9080369629112088,0.8589400932395804,0.9154411764705882
2024-02-01,0.48370610601885256,0.6890084235008719,10,15,0.9152241618719833,0.8939589921443754,0.9548319327731093
2024-03-01,0.5921036496489186,0.7045763001015575,9,15,0.9118630571157784,0.9060595781170716,0.9632352941176471
2024-04-01,0.6511356247855632,0.7006584807666579,10,15,0.8991259314156573,0.8964568314887238,0.9553571428571429
2024-05-01,0.5196937347465683,0.690006008475843,10,15,0.7299034354134754,0.8476323374873214,0.8823529411764706
2024-06-01,0.5449854512957912,0.6933297938750397,10,15,0.6076177110484202,0.8108266013148955,0.8172268907563025
2024-07-01,0.738755183239824,0.7527005075207566,10,15,0.7343451675588124,0.838007648356211,0.8834033613445378
2024-08-01,0.8473021372585503,0.8032337594623224,10,15,0.8767386975884299,0.873954662102047,0.9417016806722689
2024-09-01,0.8883420244341561,0.8231052128314346,10,15,0.9199089779355042,0.8968019268980048,0.9558823529411765
2024-10-01,0.883527076280562,0.8284037604418157,9,15,0.9724178408776057,0.9498366666570388,0.9852941176470589
2024-11-01,0.890180122100349,0.8484470995528867,9,15,0.9577610249844356,0.9401134831358092,0.9821428571428571
2024-12-01,0.890180122100349,0.8484470995528867,9,15,1.0,1.0,1.0
2023-01-01,0.7646555778832563,0.7596117441441461,7,16,,,
2023-02-01,0.7646555778832563,0.7596117441441461,7,16,1.0,1.0,1.0
2023-03-01,0.7586667240298415,0.7308568620151891,7,16,0.9154233503451653,0.8742343990989245,0.9553571428571429
2023-04-01,0.777772696291398,0.7397356369546214,7,16,0.911799101592754,0.8838936561303814,0.957983193277311
2023-05-01,0.7573257385603374,0.7293002819559108,8,16,0.9148002957126281,0.8914245020118792,0.9637605042016807
2023-06-01,0.7608414168217671,0.7366184851708932,9,16,0.9359654815988404,0.9213511337388303,0.9742647058823529
2023-07-01,0.7259851804745565,0.7198842563304367,9,16,0.8888568005420543,0.899093016384973,0.9564075630252101
2023-08-01,0.7101938804319904,0.7171879733241002,9,16,0.8898539047822025,0.8891563968844528,0.9558823529411765
2023-09-01,0.7129508482786198,0.7310098361531824,9,16,0.9208536666325916,0.9147588134115184,0.9695378151260504
2023-10-01,0.6860914311832097,0.7173847386638943,10,16,0.8982527873618212,0.8790174825967427,0.9480042016806722
2023-11-01,0.6144227399061307,0.6804988488173883,11,16,0.8567267996511105,0.866265952928064,0.9238445378151261
2023-12-01,0.5127988717341639,0.6471275710086045,11,16,0.7866219423274561,0.8279133068346299,0.881827731092437
2024-01-01,0.39851525657918874,0.5991772713949153,11,16,0.663461933676011,0.7852072055955366,0.8377100840336135
2024-02-01,0.38339407236750966,0.5736606012030113,11,16,0.6351854520841139,0.7857187488662308,0.8340336134453782
2024-03-01,0.4794288514797454,0.5895994068593806,11,16,0.7523982525809252,0.8072686022033143,0.8665966386554622
2024-04-01,0.5704171702791967,0.5908185904282892,11,16,0.7756218067899496,0.7893453709651497,0.875
2024-05-01,0.6900891893013456,0.6304521663724622,11,16,0.8169004207635318,0.8099788609869479,0.904936974789916
2024-06-01,0.7417784914525668,0.6677694229819835,11,16,0.9004668731281197,0.8500192791676255,0.9417016806722689
2024-07-01,0.738320215686033,0.6860002672950828,10,16,0.9468760924625566,0.8907269189128255,0.9637605042016807
2024-08-01,0.7248026720899449,0.6873316753825949,10,16,0.9757446811042441,0.9375799586646244,0.9816176470588235
2024-09-01,0.7362655616606468,0.7043859748915902,10,16,0.9591213298389739,0.9268550574744339,0.979516806722689
2024-10-01,0.7147484597146426,0.6952145017126812,10,16,0.9645876827605762,0.9263867903989296,0.9805672268907563
2024-11-01,0.6927876544641225,0.6929453520771891,10,16,0.9620368626485895,0.9377717607178687,0.9831932773109243
2024-12-01,0.6927876544641225,0.6929453520771891,10,16,1.0,1.0,1.0
2023-01-01,0.6470619518718541,0.7039797693372617,7,17,,,
2023-02-01,0.6470619518718541,0.7039797693372617,7,17,1.0,1.0,1.0
2023-03-01,0.6534380100246303,0.6794948403519011,9,17,0.9326268200611639,0.9052912838431645,0.9716386554621849
2023-04-01,0.6851284963366631,0.6960030836256954,9,17,0.9286847156368748,0.8989203180130196,0.9648109243697479
2023-05-01,0.6402969094515636,0.6735990146705941,9,17,0.8670548641725606,0.8687468150862424,0.9327731092436975
2023-06-01,0.5679179918650503,0.6607742348889147,9,17,0.8449464153825784,0.8601512011705874,0.928046218487395
2023-07-01,0.5015667643187591,0.6425695059295595,10,17,0.8270901582727895,0.8572716314817593,0.9217436974789915
2023-08-01,0.46623303245734826,0.6237365717381685,10,17,0.7693011496020038,0.8370726865410448,0.8870798319327731
2023-09-01,0.3645769630057331,0.5833314040120796,11,17,0.6865019517221145,0.8040743423156659,0.8235294117647058
2023-10-01,0.4056421442319331,0.6015514003632888,11,17,0.6778292241024603,0.797772806315094,0.8077731092436975
2023-11-01,0.462051052161833,0.6413638905487403,11,17,0.8195184151457414,0.8550821615463867,0.8975840336134454
2023-12-01,0.4509450578784211,0.6345319033637972,11,17,0.9083009936175755,0.9077528845211447,0.9595588235294118
2024-01-01,0.4258226340843167,0.6354004186421945,10,17,0.9152666277759515,0.9092442222597179,0.9621848739495799
2024-02-01,0.43402275043169386,0.6325453318225207,10,17,0.9178047368800775,0.8864835603964327,0.9511554621848739
2024-03-01,0.47663709625349115,0.6461857531415592,10,17,0.9375984872884862,0.9093493513016165,0.9658613445378151
2024-04-01,0.4932086650023845,0.6319752061041816,10,17,0.8496334261893977,0.84859452151123,0.9222689075630253
2024-05-01,0.43387618057999877,0.6294971723655831,10,17,0.7249207109263243,0.8035946444483526,0.8560924369747899
2024-06-01,0.4907922867481831,0.6531679092496624,10,17,0.6337485449550163,0.7933969501203675,0.8203781512605042
2024-07-01,0.6989360158271691,0.7228887080199814,10,17,0.7204345626743621,0.815602497483231,0.8576680672268907
2024-08-01,0.8066584546859817,0.7685525745304826,10,17,0.8799736644989892,0.8814503535770964,0.9417016806722689
2024-09-01,0.86001034298437,0.8066337773334444,10,17,0.9527341571234041,0.9349342371477252,0.979516806722689
2024-10-01,0.8489684158029996,0.7962364255810616,9,17,0.94940226751526,0.9211288614406553,0.9784663865546218
2024-11-01,0.8397549908713275,0.8017432901507823,9,17,0.9614671684199082,0.932819940212373,0.9831932773109243
2024-12-01,0.8397549908713275,0.8017432901507823,9,17,1.0,1.0,1.0
2023-01-01,0.6027385508111076,0.6540015736748883,7,18,,,
2023-02-01,0.6027385508111076,0.6540015736748883,7,18,1.0,1.0,1.0
2023-03-01,0.6265863600782182,0.6469931393580233,7,18,0.9477725151260586,0.9149171400433257,0.9737394957983193
2023-04-01,0.7039103487950216,0.6894533508926856,7,18,0.9253554640585648,0.89012182128188,0.960609243697479
2023-05-01,0.7412607218765335,0.7058520852648955,8,18,0.9096496367993188,0.8747847794030922,0.9543067226890757
2023-06-01,0.7227315242685235,0.7060747843430485,9,18,0.9348561629974668,0.9076238158734254,0.9695378151260504
2023-07-01,0.6652317352634669,0.680616540037793,9,18,0.9314696260466647,0.9142188628239192,0.970063025210084
2023-08-01,0.5925425504989396,0.660332922547531,9,18,0.926293772977529,0.9183633305011715,0.9679621848739496
2023-09-01,0.48463211269114403,0.6117167736480631,9,18,0.7534077487128571,0.8382259346568434,0.881827731092437
2023-10-01,0.4197991821821819,0.6094735056789663,11,18,0.6729217291474465,0.8278808106788503,0.8282563025210085
2023-11-01,0.4080243840140185,0.6221454579102781,12,18,0.6802121504680496,0.8111926092695639,0.8503151260504201
2023-12-01,0.3687453578248171,0.6197445040739556,12,18,0.8018633544651492,0.8288858359825905,0.884453781512605
2024-01-01,0.34097549711828157,0.6153931089943139,12,18,0.8757842878799631,0.8350386266622434,0.8897058823529411
2024-02-01,0.42699974817413056,0.624024007992071,11,18,0.9362404089369131,0.8679567476188964,0.9112394957983193
2024-03-01,0.5589947427014934,0.6340221146247675,11,18,0.9086963887108321,0.8691111619748145,0.9222689075630253
2024-04-01,0.638323295452973,0.6572073918733528,11,18,0.8484828132068399,0.8159685960513178,0.8960084033613446
2024-05-01,0.5847370995341107,0.6662663338476246,13,18,0.782251126346035,0.813767426096267,0.8902310924369747
2024-06-01,0.4885061181521527,0.667083939333018,12,18,0.5883993769109471,0.7841111074913483,0.8224789915966386
2024-07-01,0.6525848442130933,0.7022549657478621,11,18,0.6236817275443434,0.8004327739106543,0.8156512605042017
2024-08-01,0.7299751416041391,0.7364476381433698,11,18,0.8691398726785553,0.8899942594195731,0.9422268907563025
2024-09-01,0.7563540744752418,0.7697587259053417,11,18,0.9465140274958981,0.9232348346014154,0.9774159663865546
2024-10-01,0.7501266644977437,0.7662679785640983,11,18,0.9752656407158875,0.9514539924935508,0.9879201680672269
2024-11-01,0.7308863445729172,0.7561880920123076,11,18,0.9648144936259797,0.9354509710675512,0.9842436974789915
2024-12-01,0.7308863445729172,0.7561880920123076,11,18,1.0,1.0,1.0
2023-01-01,0.6706170922935584,0.7401370890906647,7,19,,,
2023-02-01,0.6706170922935584,0.7401370890906647,7,19,1.0,1.0,1.0
2023-03-01,0.6708829824378298,0.7313741825462466,7,19,0.8677410074835568,0.8565273195476136,0.9485294117647058
2023-04-01,0.6837181322238894,0.728108288482622,7,19,0.8745678353567857,0.8741734476034873,0.9522058823529411
2023-05-01,0.7001894341843867,0.746745735948832,7,19,0.9150831340134927,0.8972921831049786,0.9637605042016807
2023-06-01,0.7072345686090223,0.7605205623082242,7,19,0.9327252481383452,0.911208919419099,0.9695378151260504
2023-07-01,0.6468043502115041,0.7430098756100455,8,19,0.9278216420963954,0.9055555476064616,0.9653361344537815
2023-08-01,0.6183002752242596,0.7491277681975151,9,19,0.9458530790163016,0.927516850929944,0.9763655462184874
2023-09-01,0.5876412784093771,0.7376377947751309,9,19,0.9120971948827139,0.9127306901729418,0.9632352941176471
2023-10-01,0.5258816395398973,0.6933932635211293,9,19,0.8101377109904702,0.8536059329031818,0.9096638655462185
2023-11-01,0.4418846979554933,0.6492953043821937,9,19,0.6294751940505412,0.7869309993382658,0.8125
2023-12-01,0.4281786533314771,0.6513724155435116,9,19,0.6125082114268597,0.8048629467713119,0.8182773109243697
2024-01-01,0.37637403590789387,0.6183836936130613,10,19,0.7366506379831778,0.8227609097715735,0.8813025210084033
2024-02-01,0.4061325721469465,0.6221138667529175,10,19,0.8417464482891438,0.8590950116170063,0.9285714285714286
2024-03-01,0.48865819172552877,0.6443667806502292,9,19,0.9256520927546102,0.9124185431573203,0.9658613445378151
2024-04-01,0.6380581489118583,0.6754163206395323,11,19,0.9662009096028444,0.9248430816784621,0.979516806722689
2024-05-01,0.7726415693914888,0.7091875162301112,10,19,0.9609687952233558,0.9159849755436824,0.9774159663865546
2024-06-01,0.7940486967544397,0.7280736146848713,10,19,0.9727403494353162,0.968027355838412,0.9868697478991597
2024-07-01,0.02193744118063245,0.07466711553802265,11,19,0.02580197384292679,0.10530836718943185,0.04831932773109244
2024-08-01,0.6853813983340004,0.652179830890559,10,19,0.06141252717752751,0.19498279513356362,0.6034663865546218
2024-09-01,0.6956618639453407,0.6806556987772043,10,19,0.9807642237419175,0.9614622763678737,0.9889705882352942
2024-10-01,0.6908443124893783,0.6814392544088074,10,19,0.9645505254847743,0.9368338722996874,0.9879201680672269
2024-11-01,0.6819440339248058,0.686284710017181,10,19,0.985143811069454,0.9643260486357673,0.9942226890756303
2024-12-01,0.6819440339248058,0.686284710017181,10,19,1.0,1.0,1.0
2023-01-01,0.5582360215244077,0.6888875779025462,8,20,,,
2023-02-01,0.5582360215244077,0.6888875779025462,8,20,1.0,1.0,1.0
2023-03-01,0.5751909313617322,0.6779342981180393,8,20,0.933578338035145,0.9048191895957672,0.9726890756302521
2023-04-01,0.6152175324605479,0.6969928907406839,8,20,0.9508137516389076,0.9261484770686452,0.9800420168067226
2023-05-01,0.6129666974985513,0.6815811550160145,8,20,0.9320827661486979,0.906563849570611,0.9726890756302521
2023-06-01,0.5842842273486716,0.6614406275416908,10,20,0.9398762894179163,0.9127869051498774,0.9753151260504201
2023-07-01,0.5456308874767091,0.6544673313016828,11,20,0.9443362867904739,0.9272464412539648,0.9774159663865546
2023-08-01,0.47553004227657114,0.6361005841766891,12,20,0.8992556628382922,0.8931588862507961,0.9453781512605042
2023-09-01,0.4201963824735254,0.6021728211103771,13,20,0.7442066638234343,0.7927612910007066,0.8419117647058824
2023-10-01,0.45111989161977023,0.6152959764712128,14,20,0.6565690687247544,0.7587660093414091,0.8130252100840336
2023-11-01,0.4424592295146741,0.6185870542524103,14,20,0.7497713305822007,0.816352407289039,0.8765756302521008
2023-12-01,0.4053449825328092,0.610651380232352,13,20,0.7390782116147839,0.8259811546099746,0.8492647058823529
2024-01-01,0.3885553475426516,0.5998563054771833,13,20,0.6729876207243591,0.7911748662254375,0.8282563025210085
2024-02-01,0.406701953370834,0.6104405805147094,12,20,0.7776836670415024,0.8452131541580019,0.875
2024-03-01,0.4439101697603825,0.6248855113875169,12,20,0.8304793203566598,0.8535921310387631,0.9012605042016807
2024-04-01,0.4310172683606942,0.6083231862879884,12,20,0.8433188827646051,0.8583373895529123,0.930672268907563
2024-05-01,0.40456099841003296,0.6064010449189825,12,20,0.9028561060211642,0.90438421038093,0.9616596638655462
2024-06-01,0.3899098725467484,0.6309907694592515,12,20,0.8909968733895399,0.8941446079621318,0.9585084033613446
2024-07-01,0.40629167683966577,0.6559655013387957,12,20,0.9242727656123636,0.9091509508540415,0.9684873949579832
2024-08-01,0.41868394503777767,0.6627908418407897,11,20,0.9162541205051296,0.9112807716612571,0.9684873949579832
2024-09-01,0.4364970575559409,0.6651306823517105,11,20,0.9146102784783802,0.9053087589273459,0.9663865546218487
2024-10-01,0.4716932755755397,0.6675415109792836,11,20,0.9118108772633131,0.9040104245131505,0.9648109243697479
2024-11-01,0.5004427173240523,0.6896583589207895,11,20,0.9234866176618474,0.9169491134973583,0.970063025210084
2024-12-01,0.5004427173240523,0.6896583589207895,11,20,1.0,1.0,1.0
2023-01-01,0.47231043824867996,0.6671003604461663,7,21,,,
2023-02-01,0.47231043824867996,0.6671003604461663,7,21,1.0,1.0,1.0
2023-03-01,0.49182667365933036,0.662375078887659,7,21,0.9293971214500926,0.8678905510869876,0.9621848739495799
2023-04-01,0.5430998950765482,0.6818600860815265,7,21,0.9202546709771053,0.891388478697498,0.967436974789916
2023-05-01,0.5815966189437637,0.6996347290543395,9,21,0.938212291784739,0.9014979568699206,0.9721638655462185
2023-06-01,0.5775078392303171,0.7066187129932557,9,21,0.9583087699017228,0.929853894643482,0.9821428571428571
2023-07-01,0.5515659741799641,0.7055755677432957,10,21,0.9457156156023196,0.9253129342900479,0.9784663865546218
2023-08-01,0.47863653945600615,0.6665285572479392,10,21,0.9009603202869586,0.9014617272364143,0.9600840336134454
2023-09-01,0.3935589971326983,0.6368999753319268,10,21,0.7597866655695222,0.8254808324638615,0.8886554621848739
2023-10-01,0.4753598858029164,0.6537000141679699,10,21,0.6229613537944212,0.7887519668021457,0.8272058823529411
2023-11-01,0.53248816037487,0.6671129920405835,11,21,0.6561568437054411,0.7892600521273627,0.8387605042016807
2023-12-01,0.4606038067288051,0.6497454916269441,11,21,0.7799913210939349,0.8255481508453428,0.8771008403361344
2024-01-01,0.40499311042962866,0.6387012655230642,11,21,0.8818110947069503,0.8696744275795956,0.9243697478991597
2024-02-01,0.43349940576139534,0.6464798672661197,11,21,0.9301770604031463,0.9100947005554313,0.960609243697479
2024-03-01,0.4916404079474764,0.6476851637451412,11,21,0.9087249456056062,0.8941494369045189,0.9380252100840336
2024-04-01,0.4676155534455723,0.6257287205640587,11,21,0.8084420902076315,0.8180783939595503,0.881827731092437
2024-05-01,0.3538420437576357,0.6172221159216278,11,21,0.6541341526731579,0.801254702667748,0.8114495798319328
2024-06-01,0.5154926298967301,0.6785234822380339,11,21,0.6321246222044028,0.8107182475162177,0.8188025210084033
2024-07-01,0.6691559426659258,0.7498309838906394,10,21,0.7973914531235844,0.8584557215945323,0.9117647058823529
2024-08-01,0.7301327874371867,0.789973607851381,10,21,0.9236575631706122,0.919427481063248,0.9663865546218487
2024-09-01,0.7592970035162985,0.799974290824021,10,21,0.9353902276293237,0.9201595776267659,0.9705882352941176
2024-10-01,0.7752611218323092,0.8066415435051012,10,21,0.9525068639920636,0.9347669241535119,0.9774159663865546
2024-11-01,0.8073989026929568,0.8463935073431181,10,21,0.9153564438740732,0.9033122301624675,0.9648109243697479
2024-12-01,0.8073989026929568,0.8463935073431181,10,21,1.0,1.0,1.0
2023-01-01,0.4604934813436853,0.6767369421893238,6,22,,,
2023-02-01,0.4604934813436853,0.6767369421893238,6,22,1.0,1.0,1.0
2023-03-01,0.47363224375685725,0.6586748125404366,6,22,0.945059516538786,0.9158366762864814,0.9779411764705882
2023-04-01,0.5157576161863988,0.67019759396272,7,22,0.911990231071655,0.8860811190998583,0.9679621848739496
2023-05-01,0.5348799170052198,0.6494233533114993,7,22,0.8257903849691801,0.820441210295665,0.9301470588235294
2023-06-01,0.4949244800523924,0.639444106839075,7,22,0.7536225574380063,0.8160940584280025,0.9023109243697479
2023-07-01,0.42286455232666303,0.619109014249944,7,22,0.7087386378443907,0.8174527531758115,0.884453781512605
2023-08-01,0.4162769851324643,0.6103960557278891,7,22,0.7277807588271628,0.8262579166604882,0.8944327731092437
2023-09-01,0.4441161247176778,0.6290867755202645,8,22,0.7913386498374237,0.8612936286062167,0.9180672268907563
2023-10-01,0.4682579049692423,0.6467520081085844,8,22,0.7586387179833163,0.8363105614653266,0.8975840336134454
2023-11-01,0.4650645468051605,0.6694072083903847,8,22,0.8280693527743797,0.8752885763399644,0.9259453781512605
2023-12-01,0.4350282381195452,0.6677922729577013,8,22,0.8827778280323455,0.8893183896784242,0.9495798319327731
2024-01-01,0.3954128962948771,0.646757037045232,8,22,0.9376329001408046,0.9171885438223305,0.9742647058823529
2024-02-01,0.4465751233749526,0.6596096780658124,8,22,0.9711252590801337,0.9528538935269522,0.9873949579831933
2024-03-01,0.5265581745901907,0.6670981002494788,8,22,0.9448126231698782,0.9272145272001889,0.9800420168067226
2024-04-01,0.6853034843085177,0.7137587742874512,11,22,0.9232596816512033,0.8920683626707918,0.9695378151260504
2024-05-01,0.790921609073281,0.7268660690148002,12,22,0.9845735890520942,0.9766637773588746,0.9894957983193278
2024-06-01,0.024077563037139624,0.068995521531889,11,22,0.03145623590089588,0.10786027203596198,0.03571428571428571
2024-07-01,0.6693903952383803,0.600230491842262,11,22,0.05015522933434317,0.1593994252486679,0.5913865546218487
2024-08-01,0.6519140278955696,0.6015966121704216,11,22,0.9882925998179457,0.9760014036853778,0.993172268907563
2024-09-01,0.6498266118287062,0.5965403907542444,10,22,0.9454211551309182,0.9080700442317504,0.9816176470588235
2024-10-01,0.6322500662659449,0.5943807674252313,10,22,0.9735984221385143,0.9470697868219515,0.990546218487395
2024-11-01,0.6260069144815078,0.5994412281632118,10,22,0.9731350921274979,0.9521815905556447,0.9915966386554622
2024-12-01,0.6260069144815078,0.5994412281632118,10,22,1.0,1.0,1.0
2023-01-01,0.47767598273050027,0.5943148387725713,5,23,,,
2023-02-01,0.47767598273050027,0.5943148387725713,5,23,1.0,1.0,1.0
2023-03-01,0.5011173295024747,0.6001065240546987,5,23,0.9628309230577837,0.9395818072090215,0.9873949579831933
2023-04-01,0.5452539583493825,0.6089525815214482,5,23,0.9312318857898796,0.8905041015660352,0.9747899159663865
2023-05-01,0.5673235942487304,0.6116217997547873,5,23,0.946469331237321,0.9217278168688888,0.9821428571428571
2023-06-01,0.5516123332980397,0.6182290997716247,6,23,0.9681879948078255,0.9448451545893203,0.9884453781512605
2023-07-01,0.49695461853031975,0.5932893780828485,6,23,0.9770219891541716,0.962430287969136,0.9921218487394958
2023-08-01,0.42265768040708124,0.5742399186175972,8,23,0.9545288402695482,0.9346117850494013,0.9842436974789915
2023-09-01,0.38350436983611313,0.5710006673097261,8,23,0.9510987064993877,0.9323281220049252,0.9837184873949579
2023-10-01,0.37088460987555677,0.5728374506853211,9,23,0.9613363261987465,0.9336899791229267,0.9858193277310925
2023-11-01,0.36670409765810974,0.5796018278910313,9,23,0.9677816291342953,0.9479555123081301,0.9889705882352942
2023-12-01,0.32981971004980043,0.5566826057719413,11,23,0.983710727192894,0.9770138904920259,0.9915966386554622
2024-01-01,0.004373654441449319,0.07187528076798569,10,23,0.038826448966937224,0.14917273585298998,0.04884453781512605
2024-02-01,0.42081466968475945,0.5918689009653221,10,23,0.03059032065272885,0.15907761636168313,0.19695378151260504
2024-03-01,0.5060557819950671,0.6223258661475507,8,23,0.9788214442416429,0.9612470028184694,0.9837184873949579
2024-04-01,0.6747505843796847,0.6618894864836089,9,23,0.8566195101060383,0.8261737114906644,0.9206932773109243
2024-05-01,0.8229309592478858,0.7222362485842546,9,23,0.9107558506035389,0.8654214424562756,0.9474789915966386
2024-06-01,0.8329852331411756,0.7311832896722114,9,23,0.9645520264097931,0.9254695337758382,0.9805672268907563
2024-07-01,0.8373828384333891,0.7626132651655216,9,23,0.9601119736154681,0.9248013018258555,0.979516806722689
2024-08-01,0.8396466843369387,0.7786374312845702,9,23,0.973537522704884,0.9503631375737798,0.9879201680672269
2024-09-01,0.8610664515621916,0.8035932187236308,9,23,0.9561134928679196,0.9239967266336991,0.9816176470588235
2024-10-01,0.8487177346957524,0.794476889269356,9,23,0.9521330864870567,0.9265224817439419,0.9816176470588235
2024-11-01,0.8468707919008805,0.800929897966446,9,23,0.9333179762637872,0.9060902510114083,0.9747899159663865
2024-12-01,0.8468707919008805,0.800929897966446,9,23,1.0,1.0,1.0
2023-01-01,0.7309638027999815,0.7788411524053007,7,24,,,
2023-02-01,0.7309638027999815,0.7788411524053007,7,24,1.0,1.0,1.0
2023-03-01,0.7345205229424032,0.7644426250321487,7,24,0.917931043501777,0.8952062279994316,0.9658613445378151
2023-04-01,0.7919292527696623,0.7934631982327025,7,24,0.9363173786559644,0.9150084867389638,0.9742647058823529
2023-05-01,0.8024446763724157,0.793297563974216,8,24,0.9088369269038222,0.8776796785883976,0.9590336134453782
2023-06-01,0.7536057449647705,0.7582340854880155,10,24,0.9295297028491033,0.900357933764078,0.9642857142857143
2023-07-01,0.7170053145931987,0.7555884134282159,10,24,0.9435611065691119,0.9213673735669653,0.9516806722689075
2023-08-01,0.6328856005603178,0.7368025249946782,10,24,0.9220037333251229,0.8897261851974014,0.9359243697478992
2023-09-01,0.5592449117158705,0.7226652582352454,10,24,0.9378853747294903,0.9058468160026009,0.9590336134453782
2023-10-01,0.5298496351824596,0.7222686716551003,10,24,0.898922510941661,0.8821004068079593,0.9448529411764706
2023-11-01,0.5099931645851744,0.7026281856332113,10,24,0.9019416392403288,0.8880133878835278,0.944327731092437
2023-12-01,0.47529185404718266,0.682246285380163,11,24,0.8830990835193783,0.8842052644099834,0.9401260504201681
2024-01-01,0.42553855102457255,0.6423403974275893,11,24,0.8092998937887879,0.8558654368610564,0.904936974789916
2024-02-01,0.3951143387048309,0.6185503763022587,11,24,0.7408207950544347,0.829321389344271,0.8723739495798319
2024-03-01,0.3889034524606693,0.6171771395076483,11,24,0.7279763125240972,0.8251331736066922,0.8771008403361344
2024-04-01,0.4138062318729692,0.6351944607930065,11,24,0.7620527640911848,0.8356290377690178,0.9033613445378151
2024-05-01,0.5057116814058662,0.6792382215015511,11,24,0.7876630147412782,0.8566541774873311,0.9180672268907563
2024-06-01,0.6591938016647593,0.7448843344656224,11,24,0.7868677104770532,0.8423368503811745,0.9101890756302521
2024-07-01,0.7299327302916574,0.7745786405809872,11,24,0.8945432189479253,0.8943322821240577,0.9527310924369747
2024-08-01,0.788829881165444,0.8119878038511226,11,24,0.9207678019490666,0.9111159435153308,0.9648109243697479
2024-09-01,0.8105414168960013,0.8237259003522158,11,24,0.9327105095239103,0.9239750576377869,0.9716386554621849
2024-10-01,0.8598204489895891,0.8472307457994234,10,24,0.9211141705656426,0.9081957333419453,0.9658613445378151
2024-11-01,0.8699775661112347,0.8589744533513668,10,24,1.0,1.0,1.0
2024-12-01,0.021394148890465876,0.06795452010371164,10,24,0.023381227961769495,0.07863219504066409,0.49789915966386555
2023-01-01,0.5814683467210399,0.7083224407631232,8,25,,,
2023-02-01,0.5814683467210399,0.7083224407631232,8,25,1.0,1.0,1.0
2023-03-01,0.5701076208536076,0.6906506773855119,9,25,0.9062205245212018,0.8722127931580074,0.9558823529411765
2023-04-01,0.5511324013882297,0.6858145109853591,9,25,0.8775814986366359,0.8826682803430311,0.946953781512605
2023-05-01,0.49708161344418655,0.6952092580814202,9,25,0.7970273067761928,0.8463824020075563,0.9133403361344538
2023-06-01,0.48140493672788126,0.7024665618436176,9,25,0.8496388412903201,0.8890919635819485,0.944327731092437
2023-07-01,0.4868539556540326,0.711353844333145,9,25,0.7972623180923745,0.8595216065365189,0.9243697478991597
2023-08-01,0.5186888445502829,0.7083423913129228,9,25,0.7795939549733559,0.8651832368118071,0.9233193277310925
2023-09-01,0.5796151392765491,0.7201246824460827,9,25,0.795300870776378,0.8687926564150511,0.9233193277310925
2023-10-01,0.5769413606847624,0.7151191113696258,9,25,0.7954210848916423,0.8436811827061391,0.8986344537815126
2023-11-01,0.5593185735352106,0.7247500183970683,10,25,0.8656807359153372,0.8688099312709812,0.9175420168067226
2023-12-01,0.5117500703727194,0.7156886760960819,10,25,0.9228801484964795,0.8941640533561301,0.9485294117647058
2024-01-01,0.4606953684849737,0.6859043520391311,11,25,0.907746097833002,0.8841460329742211,0.9432773109243697
2024-02-01,0.44746835587043626,0.6647835166287731,11,25,0.8754981557920428,0.8810195692818533,0.9322478991596639
2024-03-01,0.45945701356794594,0.6637392746328843,11,25,0.8641275709351411,0.8787008352599578,0.930672268907563
2024-04-01,0.4708357240141913,0.6585028398781182,12,25,0.8360601280281527,0.8639211466397636,0.9243697478991597
2024-05-01,0.4400967765226206,0.6701497699200362,12,25,0.7306394924624375,0.849940551699991,0.8928571428571429
2024-06-01,0.5390032283564836,0.6983127460065234,12,25,0.6590497535026336,0.829839661957153,0.8434873949579832
2024-07-01,0.706753824289295,0.7551949672559385,11,25,0.7884598601705521,0.8759864436268603,0.9017857142857143
2024-08-01,0.7613910717159299,0.7916182182772666,10,25,0.9262481689579757,0.9158392710253388,0.9669117647058824
2024-09-01,0.7622070843160283,0.7807438234633702,10,25,0.942034491709285,0.91394859817648,0.9695378151260504
2024-10-01,0.7472624424953438,0.7685338007084591,10,25,0.9507413826164587,0.9300755912992571,0.9774159663865546
2024-11-01,0.7408120640438777,0.7805944794519375,10,25,0.9057086094742257,0.8846165694245348,0.9569327731092437
2024-12-01,0.7408120640438777,0.7805944794519375,10,25,1.0,1.0,1.0
2023-01-01,0.6499961422066167,0.753748235298801,7,26,,,
2023-02-01,0.6499961422066167,0.753748235298801,7,26,1.0,1.0,1.0
2023-03-01,0.5835760412160539,0.7248786801457177,7,26,0.8820638739858291,0.8816063379826488,0.9558823529411765
2023-04-01,0.5189868653149307,0.7058056325209497,7,26,0.8981757312899851,0.8990253466697203,0.9648109243697479
2023-05-01,0.4940697912957033,0.6868477634648137,7,26,0.8716931620283738,0.8716836046177268,0.9543067226890757
2023-06-01,0.4922071373878341,0.6865901865661957,7,26,0.8795278213720757,0.8914636836579258,0.9590336134453782
2023-07-01,0.48449050340821087,0.6881429657485307,8,26,0.878523899239026,0.8964505752712869,0.9585084033613446
2023-08-01,0.5005928445737524,0.7018218525604738,8,26,0.9265504626254235,0.9221969974563264,0.9716386554621849
2023-09-01,0.5487449870206419,0.7157485257912034,8,26,0.9007287102930619,0.9112019665767426,0.960609243697479
2023-10-01,0.5686437788074904,0.7010934933026433,9,26,0.8615512086559561,0.8769409761282206,0.9401260504201681
2023-11-01,0.5315764142128018,0.6908203183095681,9,26,0.8330049200154668,0.8570929764814817,0.9180672268907563
2023-12-01,0.5159060202643505,0.6766692054577725,9,26,0.7550042063579754,0.8177903277762965,0.8718487394957983
2024-01-01,0.4761887826537348,0.6324702058957283,9,26,0.7179990065647778,0.8178687038611345,0.8618697478991597
2024-02-01,0.3656506904232431,0.5921898330627355,10,26,0.7215014885358468,0.8289120829144114,0.8771008403361344
2024-03-01,0.35507773573827656,0.5737628268973284,10,26,0.7232238681275733,0.8392847509376895,0.8728991596638656
2024-04-01,0.47603011087966324,0.6079099530652159,10,26,0.7707509997200107,0.8363567964718988,0.8860294117647058
2024-05-01,0.605610522727776,0.6593112959845073,10,26,0.8682152209499664,0.8788500108681981,0.9385504201680672
2024-06-01,0.6429071822869838,0.7004716442952167,9,26,0.9396112525218753,0.9221266686866264,0.9737394957983193
2024-07-01,0.6888496701256616,0.7367660412915219,9,26,0.92203829035472,0.9011038319830773,0.9669117647058824
2024-08-01,0.7299285585632754,0.7618844638262732,9,26,0.9555148377108909,0.9468309354395859,0.9837184873949579
2024-09-01,0.7700997320648062,0.7756882398108732,9,26,0.9270472184082249,0.9169562403442736,0.9726890756302521
2024-10-01,0.7919244630860099,0.7782396966256592,9,26,0.9254098784516845,0.9055892308970727,0.9690126050420168
2024-11-01,0.804380659766018,0.7910058667718162,9,26,0.9489575554752328,0.9288001505815838,0.9784663865546218
2024-12-01,0.804380659766018,0.7910058667718162,9,26,1.0,1.0,1.0
2023-01-01,0.5205910038412018,0.6493081124968922,8,27,,,
2023-02-01,0.5205910038412018,0.6493081124968922,8,27,1.0,1.0,1.0
2023-03-01,0.4967571595302656,0.6354885392840662,8,27,0.9194638835423637,0.9018612044596906,0.9679621848739496
2023-04-01,0.49149240454228127,0.6333447528149246,8,27,0.9321007432256753,0.9150125164905016,0.9726890756302521
2023-05-01,0.515457971096732,0.6323046975967599,9,27,0.8752136071889124,0.8642659527351518,0.9464285714285714
2023-06-01,0.5396248145978257,0.651168335173844,10,27,0.8982115630012304,0.8812253876324678,0.9432773109243697
2023-07-01,0.5394607440424931,0.6714723481039517,10,27,0.8789778673515474,0.8525491571868239,0.9044117647058824
2023-08-01,0.5144827844508377,0.6632324220603076,10,27,0.8795495143405604,0.860285501916436,0.9154411764705882
2023-09-01,0.47684373065309943,0.6439051231576814,11,27,0.8595556456997723,0.8574662343141614,0.9154411764705882
2023-10-01,0.43111749812110534,0.6284292821652798,11,27,0.7677260128658167,0.8293510761659323,0.8902310924369747
2023-11-01,0.3906190067555158,0.6319116404665008,12,27,0.6596520233202143,0.7806752292333626,0.8308823529411765
2023-12-01,0.4297024923985363,0.63716178083233,12,27,0.7235116507496794,0.8134530026718356,0.8240546218487395
2024-01-01,0.41418477192356495,0.6368399581940254,11,27,0.8304497907572919,0.8522703198033729,0.8986344537815126
2024-02-01,0.38570422240642366,0.622455241273089,10,27,0.8607583813326195,0.8751235179185524,0.9406512605042017
2024-03-01,0.4246488413129603,0.6223904732359131,10,27,0.8536357211904514,0.8667292442520245,0.9411764705882353
2024-04-01,0.46737119488795953,0.6415523680560575,10,27,0.9043440815076331,0.9012561179407625,0.9600840336134454
2024-05-01,0.45456643940646074,0.6377317065701351,10,27,0.8976907368492891,0.8969985961505555,0.9569327731092437
2024-06-01,0.4643554987887023,0.649266788648528,10,27,0.8813980539763167,0.8807901674936222,0.9490546218487395
2024-07-01,0.44699803289185663,0.6323508934541178,10,27,0.8682494543604509,0.8697876595843848,0.9343487394957983
2024-08-01,0.4552102594625247,0.6398492213268919,10,27,0.8309854001120546,0.8665239497425656,0.9017857142857143
2024-09-01,0.4899836970798317,0.6764143609507014,10,27,0.8081568414329184,0.8481710569271601,0.8944327731092437
2024-10-01,0.4820456798926322,0.6766431607329472,10,27,0.8665707432847709,0.8775845960040395,0.9453781512605042
2024-11-01,0.4703490225230944,0.6828785401892973,10,27,0.9137274820704798,0.9135343728692439,0.9684873949579832
2024-12-01,0.4703490225230944,0.6828785401892973,10,27,1.0,1.0,1.0
2023-01-01,0.6159043231274555,0.6972895650033923,6,28,,,
2023-02-01,0.6159043231274555,0.6972895650033923,6,28,1.0,1.0,1.0
2023-03-01,0.6331135612027411,0.6779245633633392,7,28,0.9334457420035671,0.9034305718298055,0.9716386554621849
2023-04-01,0.6724603414728656,0.6886648277030152,7,28,0.930750793903202,0.9027755147914842,0.9732142857142857
2023-05-01,0.6708352682416434,0.694555919755096,7,28,0.9670207584737578,0.9521066589017402,0.9863445378151261
2023-06-01,0.6234388062060232,0.6750266752839628,7,28,0.904845143626271,0.885801117861854,0.9600840336134454
2023-07-01,0.5455881645729072,0.6427293824328909,7,28,0.8647951202500271,0.8764466502872292,0.9359243697478992
2023-08-01,0.4991708732772443,0.6188941167455985,7,28,0.8504360260188574,0.8751724653109064,0.9332983193277311
2023-09-01,0.4967631437736665,0.6201933430500561,8,28,0.846247739065322,0.8592294449656777,0.9338235294117647
2023-10-01,0.48073786713283057,0.6319505304564794,9,28,0.8184495358048928,0.8478284247566359,0.9196428571428571
2023-11-01,0.4333847001210749,0.6230577582821625,11,28,0.7799723712003214,0.8538173008845817,0.8692226890756303
2023-12-01,0.41822723501138104,0.6210088121268054,11,28,0.7150050443783129,0.8120870790670895,0.8272058823529411
2024-01-01,0.37323275114702475,0.6010255013908495,11,28,0.7354428046002399,0.8145317941051161,0.8539915966386554
2024-02-01,0.3983824936775155,0.6000272277730228,11,28,0.8563460050277002,0.8597972751628707,0.9149159663865546
2024-03-01,0.4786231615401127,0.6042979062824163,10,28,0.8685497991437277,0.8472811394233685,0.9112394957983193
2024-04-01,0.5224188756879069,0.6047564559782975,10,28,0.8583561275024669,0.840692100359139,0.9028361344537815
2024-05-01,0.5142289398659935,0.6184893444453053,11,28,0.841487288245593,0.8409504515473586,0.9065126050420168
2024-06-01,0.50455723904312,0.646700700529021,10,28,0.8369917136581135,0.8502367840490253,0.9238445378151261
2024-07-01,0.4812355033072883,0.649259494056305,10,28,0.81880966446361,0.8404479980359758,0.9248949579831933
2024-08-01,0.4668983688237667,0.6581640444810926,10,28,0.8932227117360889,0.898959345101811,0.9616596638655462
2024-09-01,0.4508373249741082,0.6490094683260667,10,28,0.9001948793837712,0.9094184488843805,0.9627100840336135
2024-10-01,0.44424094982773027,0.6524320994469605,10,28,0.9236225917136537,0.9278180283798453,0.9726890756302521
2024-11-01,0.44408851100526153,0.6517832608741287,10,28,0.9126177465630962,0.9060794021291801,0.967436974789916
2024-12-01,0.44408851100526153,0.6517832608741287,10,28,1.0,1.0,1.0
2023-01-01,0.6947179973641721,0.72769711690706,7,29,,,
2023-02-01,0.6947179973641721,0.72769711690706,7,29,1.0,1.0,1.0
2023-03-01,0.717830992689044,0.7246163198622735,7,29,0.9215479690805368,0.8922388633017552,0.9653361344537815
2023-04-01,0.7451163498818134,0.74359230240734,7,29,0.9273873396718902,0.8979461423245468,0.967436974789916
2023-05-01,0.7494299769906687,0.7597374397233625,7,29,0.903211628999437,0.8795694868839112,0.9595588235294118
2023-06-01,0.7442269952085814,0.7607545515356434,8,29,0.9366980867600654,0.9156746770787139,0.9737394957983193
2023-07-01,0.6936065588296448,0.7388899087249554,8,29,0.9253200901304559,0.913866649079562,0.9711134453781513
2023-08-01,0.6409611422117191,0.724118806226856,9,29,0.920304837248801,0.9194066473598898,0.9705882352941176
2023-09-01,0.6144629206608752,0.7259000064850836,10,29,0.9059737953682828,0.8953418659108814,0.9637605042016807
2023-10-01,0.577063125057943,0.7196076112860486,10,29,0.9109474142161932,0.905059480824452,0.9663865546218487
2023-11-01,0.5271711432886895,0.6941131610846072,10,29,0.903833252642444,0.8833668162843294,0.9506302521008403
2023-12-01,0.4726020426784133,0.6631288593841959,11,29,0.8581217800021518,0.8605465154066043,0.9311974789915967
2024-01-01,0.4623196516999554,0.6345736704256413,11,29,0.731144791287577,0.8276110660666972,0.8613445378151261
2024-02-01,0.5214164314822567,0.6461334159187695,11,29,0.691526833023962,0.8181299890629408,0.8203781512605042
2024-03-01,0.6025942514216337,0.6571107094460746,11,29,0.7396622646869067,0.8362929095866432,0.8734243697478992
2024-04-01,0.5560580832156897,0.6243131941327216,11,29,0.770608248764799,0.8042135576192712,0.884453781512605
2024-05-01,0.559254581862434,0.6440316701823501,10,29,0.8486572914221171,0.8352565802484755,0.9154411764705882
2024-06-01,0.6167217058250589,0.6580994041354314,10,29,0.8597425696446569,0.8566649243408224,0.9290966386554622
2024-07-01,0.7154046688494806,0.6936032016989984,10,29,0.8379113186418232,0.8554159480851996,0.9275210084033614
2024-08-01,0.7931090344876685,0.7547989780266968,10,29,0.8950622664586267,0.8931688177702889,0.9564075630252101
2024-09-01,0.7942036571878882,0.7776940648468618,9,29,0.9484487689062494,0.9283672526189667,0.9800420168067226
2024-10-01,0.7781465512545519,0.7742099656359472,9,29,0.9491128668491794,0.9212773441988847,0.979516806722689
2024-11-01,0.7831701225849885,0.7866422706365424,9,29,0.9455750518354457,0.9304511833893006,0.9810924369747899
2024-12-01,0.7831701225849885,0.7866422706365424,9,29,1.0,1.0,1.0
2023-01-01,0.5955495368122276,0.7316343233933801,8,30,,,
2023-02-01,0.5955495368122276,0.7316343233933801,8,30,1.0,1.0,1.0
2023-03-01,0.5916839292781596,0.710713074523499,8,30,0.8628740590599789,0.8634766499487427,0.9501050420168067
2023-04-01,0.6191204427891152,0.7340856491899902,8,30,0.8633088604437793,0.8693928380514325,0.9464285714285714
2023-05-01,0.6552127095742775,0.753792817267889,8,30,0.8577420532587924,0.8683049900389623,0.9385504201680672
2023-06-01,0.6614342989729621,0.7410755077253611,10,30,0.8921891506994308,0.894789142653658,0.9506302521008403
2023-07-01,0.6265561180862701,0.7048545842744345,10,30,0.8728117114246821,0.8811946749691242,0.9406512605042017
2023-08-01,0.5743367640906208,0.6788001862437504,11,30,0.8289657109325638,0.8521679956819695,0.9206932773109243
2023-09-01,0.5288276791839119,0.6700755967750631,11,30,0.7579594806347264,0.8412674299807903,0.8986344537815126
2023-10-01,0.45991585289917514,0.664330432153861,11,30,0.6624148373930777,0.7898133623140862,0.8592436974789915
2023-11-01,0.3933135405866311,0.6450754692985283,11,30,0.672429713906489,0.8049642457701561,0.8587184873949579
2023-12-01,0.3956673505445192,0.6419784094448707,11,30,0.7785225127679468,0.8390677464939993,0.9007352941176471
2024-01-01,0.3792724194493673,0.6478403191870037,11,30,0.8813737420018362,0.888152333385038,0.9480042016806722
2024-02-01,0.4317627723129361,0.6592367384307319,9,30,0.9472399331019391,0.9217595489239715,0.976890756302521
2024-03-01,0.5334534806849297,0.6952910627417285,9,30,0.9588554775201237,0.9331220949136244,0.9831932773109243
2024-04-01,0.6822611287689532,0.727091828010027,10,30,0.9546592570578581,0.9179439884885593,0.9789915966386554
2024-05-01,0.7804011275853407,0.7272525470888842,10,30,0.9523411563061104,0.918982771800664,0.979516806722689
2024-06-01,0.7887699419610886,0.7244052981973238,10,30,0.9203588924704065,0.8863382475593536,0.9684873949579832
2024-07-01,0.7728622408666767,0.7157583875523282,11,30,0.9730893454106992,0.9690571460089644,0.9873949579831933
2024-08-01,0.025464822595905916,0.08215533992053876,11,30,0.030887660871616127,0.11328338880614862,0.04254201680672269
2024-09-01,0.6148444700737571,0.5758291783077372,10,30,0.0803697203720555,0.20240625271031953,0.6407563025210085
2024-10-01,0.6135845200676834,0.5897997600145872,9,30,0.9819041190965756,0.9671114050921764,0.9915966386554622
2024-11-01,0.6083618479601672,0.6004362542701124,9,30,0.9646995017936463,0.9396751703573659,0.9889705882352942
2024-12-01,0.6083618479601672,0.6004362542701124,9,30,1.0,1.0,1.0
2023-01-01,0.47483765442454445,0.688959986698697,7,31,,,
2023-02-01,0.47483765442454445,0.688959986698697,7,31,1.0,1.0,1.0
2023-03-01,0.49783789294762854,0.6779536011725673,7,31,0.9206385316289778,0.8911620757339915,0.9653361344537815
2023-04-01,0.5615833822875235,0.6995356427626722,8,31,0.8976692598341388,0.884053504317537,0.9564075630252101
2023-05-01,0.6185315779639616,0.7052210464910634,8,31,0.8224644363940433,0.8396908583809943,0.9243697478991597
2023-06-01,0.5117721870899548,0.6685130949606252,8,31,0.7370941358932166,0.8225608966626254,0.8802521008403361
2023-07-01,0.4615013383638727,0.6506926874884355,8,31,0.5794256653272778,0.7921515950794539,0.8019957983193278
2023-08-01,0.5367420645887873,0.6664081074141293,8,31,0.6557440207408329,0.8218398490321054,0.8377100840336135
2023-09-01,0.5632532194355256,0.6910554187221803,8,31,0.8761276963197959,0.8991268670606277,0.9432773109243697
2023-10-01,0.5823040943761512,0.7127027753872899,8,31,0.903327398986147,0.87721265518624,0.9459033613445378
2023-11-01,0.5793856617866908,0.7237729431360568,8,31,0.949246784207571,0.9286227470823009,0.9763655462184874
2023-12-01,0.5493110593343022,0.7176341032371303,8,31,0.9328695857540618,0.9006159387451746,0.9637605042016807
2024-01-01,0.48794803588506075,0.686863273318238,8,31,0.9417170160857748,0.9167785818462784,0.9711134453781513
2024-02-01,0.4461423596192231,0.6574012216385725,8,31,0.9234088997787302,0.9131377754530209,0.9611344537815126
2024-03-01,0.457202950315436,0.6370568419536321,8,31,0.8429146200114077,0.8672689289731014,0.9159663865546218
2024-04-01,0.47483302586476994,0.6438934940449682,8,31,0.7590732259065328,0.820290174877515,0.8807773109243697
2024-05-01,0.4892788165711341,0.665744971237995,8,31,0.7148716354799115,0.8243932941764752,0.8860294117647058
2024-06-01,0.5484262752333752,0.6858413628135359,8,31,0.6218452091730273,0.8043628337839608,0.8529411764705882
2024-07-01,0.7010661210398013,0.7333272800802045,8,31,0.696949982121722,0.8076320541669803,0.8644957983193278
2024-08-01,0.720535269423172,0.7627118985248748,8,31,0.886224115238085,0.8969123034993722,0.9543067226890757
2024-09-01,0.7225113700751441,0.7703725304052723,8,31,0.9559350961719987,0.9256845945189428,0.9800420168067226
2024-10-01,0.6943892754632887,0.7605679255075908,7,31,0.9514332685044717,0.9087584778176416,0.9732142857142857
2024-11-01,0.6698202900054884,0.7698778908241054,7,31,0.9622985585165863,0.9270965932624462,0.9789915966386554
2024-12-01,0.6698202900054884,0.7698778908241054,7,31,1.0,1.0,1.0
2023-01-01,0.38785161513359495,0.5379615546637546,4,32,,,
2023-02-01,0.38785161513359495,0.5379615546637546,4,32,1.0,1.0,1.0
2023-03-01,0.4014977555501011,0.5474209389177352,5,32,0.974101096431275,0.9480254563012553,0.9921218487394958
2023-04-01,0.4203412215106918,0.546914891939432,5,32,0.9548166490379592,0.9133269021417382,0.9852941176470589
2023-05-01,0.4274472051839992,0.5430665079448056,8,32,0.9644248894111697,0.9405091288268327,0.9831932773109243
2023-06-01,0.0155300788799643,0.045767916160094096,9,32,0.012092705503626178,0.1238317987025118,0.04831932773109244
2023-07-01,0.46268052002911697,0.5733641463070154,9,32,0.05823225778595206,0.1425130042376682,0.5997899159663865
2023-08-01,0.40006672123060943,0.5614210855573682,8,32,0.9900567801409083,0.9815236282518892,0.9947478991596639
2023-09-01,0.3390487003674948,0.546425702801435,9,32,0.8908667779714016,0.861745608561773,0.9516806722689075
2023-10-01,0.31571348685624945,0.545542091999252,9,32,0.8785766206597501,0.8667571317064576,0.9506302521008403
2023-11-01,0.31401740942983397,0.5411215088298587,10,32,0.9929756576566814,0.9878150149517044,0.9968487394957983
2023-12-01,0.0009606171182179157,0.0260983266763665,9,32,0.006657761885279445,0.06522783253763818,0.07720588235294118
2024-01-01,0.0013473540620365686,0.029320312064532558,9,32,0.7464344503557395,0.6722776178276566,0.9889705882352942
2024-02-01,0.37079343266729026,0.5900389933922799,9,32,0.010314233520390173,0.06066212419950508,0.027836134453781514
2024-03-01,0.47391470819395387,0.631339366044116,8,32,0.9966252201477411,0.9915550417744554,0.9978991596638656
2024-04-01,0.6194212707780103,0.6571498874799205,9,32,0.9424899839248662,0.9140893611463154,0.9763655462184874
2024-05-01,0.7510519998985146,0.6956530017062517,10,32,0.974142895147943,0.9429214874316032,0.9873949579831933
2024-06-01,0.805278005878755,0.7295211966649598,9,32,0.9423999943557047,0.9190255240116288,0.9789915966386554
2024-07-01,0.797771394000676,0.7281087729241448,8,32,0.8884098186415113,0.8811177495910073,0.960609243697479
2024-08-01,0.8225421294702362,0.7690302561863372,8,32,0.9175557154145803,0.9033253864931109,0.9716386554621849
2024-09-01,0.8222642643703194,0.780542397685005,8,32,0.9370812005342106,0.9099863972543473,0.976890756302521
2024-10-01,0.805281295970377,0.7734429838224013,8,32,0.9590444069140295,0.9390023376846568,0.9858193277310925
2024-11-01,0.7970822638070276,0.7714673952279738,8,32,0.9616415193791163,0.9382690362030971,0.9858193277310925
2024-12-01,0.7970822638070276,0.7714673952279738,8,32,1.0,1.0,1.0
2023-01-01,0.559667783524335,0.6991156040290838,8,33,,,
2023-02-01,0.559667783524335,0.6991156040290838,8,33,1.0,1.0,1.0
2023-03-01,0.5324003629983336,0.6785215299779601,8,33,0.8722882290951604,0.8621832115699278,0.9464285714285714
2023-04-01,0.520887423994141,0.6831961330737023,8,33,0.9000537205739125,0.8877640159065685,0.9585084033613446
2023-05-01,0.5000080347398749,0.6731382344987347,8,33,0.8436849517865086,0.8631414848866928,0.9359243697478992
2023-06-01,0.5011933374271065,0.685430133560521,9,33,0.8236037199957131,0.8562023288151873,0.9301470588235294
2023-07-01,0.5384048366816814,0.698303306373433,10,33,0.8934739277266549,0.9021564218649551,0.9600840336134454
2023-08-01,0.6240234991517135,0.7311748634538815,10,33,0.9117953563111413,0.9120192516888367,0.9663865546218487
2023-09-01,0.6724006760556325,0.7439304840359756,11,33,0.9190232706082498,0.9195362388787093,0.970063025210084
2023-10-01,0.6779680168618892,0.7508533825181429,12,33,0.9065054074142819,0.9047767133894569,0.9574579831932774
2023-11-01,0.6207384604331763,0.7211303242181442,13,33,0.8543512685810296,0.8749506289376746,0.9185924369747899
2023-12-01,0.5541393306178358,0.6976272925150959,13,33,0.7946477066067513,0.8445221448719156,0.8849789915966386
2024-01-01,0.4632158680700696,0.6572621651841358,13,33,0.7126163112130492,0.8330040958175352,0.851890756302521
2024-02-01,0.44054327000498567,0.6360068277877726,13,33,0.7094129125161039,0.8132315292507001,0.8644957983193278
2024-03-01,0.4993227840037036,0.6170504778324554,13,33,0.8012639516458268,0.8238703548935613,0.8786764705882353
2024-04-01,0.5428258139609807,0.6311316408001348,13,33,0.8774465561125822,0.8496349307303701,0.8991596638655462
2024-05-01,0.5064293671446977,0.6285905665527726,13,33,0.8626522238373933,0.843080586318111,0.9028361344537815
2024-06-01,0.4917259699988031,0.6485635515444922,11,33,0.8486829177012645,0.8452053650574121,0.917016806722689
2024-07-01,0.46426738117893634,0.6510071277585516,10,33,0.8274044379072111,0.8685731517341103,0.9275210084033614
2024-08-01,0.4544963626173785,0.6538267219921752,10,33,0.8649729880152274,0.891043983792109,0.9474789915966386
2024-09-01,0.4554250348548005,0.673854216670975,10,33,0.8727925035117795,0.8809032869410783,0.9511554621848739
2024-10-01,0.4521434497519006,0.676772326870632,9,33,0.9176569119113618,0.9115385430625756,0.9695378151260504
2024-11-01,0.4425217431827993,0.6615697231472611,9,33,0.9072760767675366,0.8965862973267165,0.9642857142857143
2024-12-01,0.4425217431827993,0.6615697231472611,9,33,1.0,1.0,1.0
2023-01-01,0.7034359774611955,0.7049502919782981,8,34,,,
2023-02-01,0.7034359774611955,0.7049502919782981,8,34,1.0,1.0,1.0
2023-03-01,0.7401908476373867,0.7249188658590576,8,34,0.8899760535295853,0.867557661694914,0.9459033613445378
2023-04-01,0.7670258881429821,0.7330123569982703,9,34,0.900769254839057,0.8891148307734121,0.9564075630252101
2023-05-01,0.7460480074927031,0.7281245061347674,9,34,0.8959537336276695,0.8851261593816476,0.9522058823529411
2023-06-01,0.680943005158823,0.7181376212996005,9,34,0.8598049313639269,0.885741125336052,0.9359243697478992
2023-07-01,0.5773935388348002,0.6973639456469723,11,34,0.7811367293913635,0.8698756125055161,0.8975840336134454
2023-08-01,0.5356491028863454,0.6813712596091638,11,34,0.7246362136979793,0.8405256936115354,0.8807773109243697
2023-09-01,0.5697269885083197,0.6699641604013261,11,34,0.7216223457233325,0.8346890722268092,0.8707983193277311
2023-10-01,0.5569335431761928,0.6848061379275905,11,34,0.7538814170278533,0.8298013990056632,0.8728991596638656
2023-11-01,0.4644814369089235,0.6556528054462228,12,34,0.8382498683216876,0.8518852607967837,0.9086134453781513
2023-12-01,0.369200051641312,0.6243769141616224,11,34,0.8866379978559066,0.8629248569157493,0.9243697478991597
2024-01-01,0.32197175169784314,0.5979147213259707,11,34,0.9118441045724271,0.861910960626149,0.9301470588235294
2024-02-01,0.41794269679554313,0.6092213689141667,11,34,0.9027503847769113,0.8646756831814465,0.9290966386554622
2024-03-01,0.5093709128859,0.6214425809199029,11,34,0.8751095737648064,0.8460023266479618,0.9180672268907563
2024-04-01,0.5385386412873686,0.6248609505810685,10,34,0.8535303520475483,0.8470197052874593,0.9243697478991597
2024-05-01,0.46695744702230846,0.6196510516588549,11,34,0.793957249638695,0.8436076997633708,0.9107142857142857
2024-06-01,0.3733818053245102,0.6124928984140364,11,34,0.654240822636802,0.803694901650564,0.8266806722689075
2024-07-01,0.5370742147743632,0.6503583793849584,11,34,0.6574406805109302,0.7772140757390703,0.7988445378151261
2024-08-01,0.657199308837711,0.6960091432378203,10,34,0.8584487912972618,0.8710978473615935,0.9296218487394958
2024-09-01,0.7147950362695371,0.7328925007790016,10,34,0.9119226354127458,0.8826241235383889,0.9616596638655462
2024-10-01,0.734584907692416,0.7339083594457068,10,34,0.9475398397519739,0.9226960406349842,0.976890756302521
2024-11-01,0.7364143150623544,0.7394730044566744,10,34,0.9284493458595453,0.8922899074427337,0.967436974789916
2024-12-01,0.7364143150623544,0.7394730044566744,10,34,1.0,1.0,1.0
2023-01-01,0.6762584342082222,0.6964570169295364,8,35,,,
2023-02-01,0.6762584342082222,0.6964570169295364,8,35,1.0,1.0,1.0
2023-03-01,0.6863597051026881,0.6881954573437068,9,35,0.9127355512289483,0.8922183000117183,0.9621848739495799
2023-04-01,0.7490509875624679,0.7297196647343156,9,35,0.9180509849359633,0.8907730294374031,0.9632352941176471
2023-05-01,0.7626719255746954,0.7278229832753356,9,35,0.9319790535744139,0.9006400056641681,0.960609243697479
2023-06-01,0.7367831455463753,0.716799748023956,10,35,0.8951211287716301,0.8734126388450388,0.9438025210084033
2023-07-01,0.5678682038588796,0.6559453802903995,11,35,0.7292229009995248,0.8313877847411064,0.8739495798319328
2023-08-01,0.4360880018915323,0.6280346795220774,12,35,0.6277820464264766,0.8240203350953148,0.8251050420168067
2023-09-01,0.47983441156461837,0.6341756010713284,12,35,0.6955824928523912,0.8125533454466682,0.8382352941176471
2023-10-01,0.5304452477568399,0.6670303283867626,12,35,0.8537803990011573,0.8543045601128979,0.9080882352941176
2023-11-01,0.5390939024030167,0.6917252899133666,12,35,0.9012572818882043,0.8765903669986844,0.9390756302521008
2023-12-01,0.5099627158274579,0.6908434765360421,13,35,0.9066331568981165,0.879461662671209,0.9459033613445378
2024-01-01,0.4337042202576225,0.646303291403593,13,35,0.9271124631292114,0.8997667918803472,0.9595588235294118
2024-02-01,0.4049122101569675,0.6342456666594989,12,35,0.9237304473152775,0.8890560014332811,0.9432773109243697
2024-03-01,0.45353359424609335,0.6472256524190252,12,35,0.9062072206377181,0.8758341021970214,0.9191176470588235
2024-04-01,0.48582947971107593,0.6489505660915404,12,35,0.772184430298589,0.8031132566930391,0.8629201680672269
2024-05-01,0.4491945245097099,0.6576653586365261,12,35,0.6376195591192693,0.7843088578258864,0.8240546218487395
2024-06-01,0.6025398983571799,0.6817395897401795,11,35,0.566472004438427,0.7803755702396287,0.8014705882352942
2024-07-01,0.7638861621940425,0.7198336076281663,11,35,0.7175133630745001,0.8022643853740496,0.8676470588235294
2024-08-01,0.8149679430653903,0.7593325016123424,11,35,0.8826611500330854,0.8665660134096276,0.9411764705882353
2024-09-01,0.798657374026694,0.768039879544106,10,35,0.9380072036783514,0.9114493035810769,0.9721638655462185
2024-10-01,0.7799958329060801,0.7611679748118862,10,35,0.970780388187363,0.9435576523673154,0.9858193277310925
2024-11-01,0.7718490127595243,0.7591784614449879,10,35,0.9710718910309978,0.9518603726395645,0.9879201680672269
2024-12-01,0.7718490127595243,0.7591784614449879,10,35,1.0,1.0,1.0
2023-01-01,0.5664412805728085,0.7275169901488453,8,36,,,
2023-02-01,0.5664412805728085,0.7275169901488453,8,36,1.0,1.0,1.0
2023-03-01,0.5355863834099656,0.6973519134619194,8,36,0.896058598916093,0.8859156683620925,0.9553571428571429
2023-04-01,0.5304766087568796,0.7092010862241257,8,36,0.8863944322842038,0.8859989806734216,0.9532563025210085
2023-05-01,0.5113948710703325,0.701771409840819,8,36,0.8850379782115078,0.877843034723418,0.9501050420168067
2023-06-01,0.5260291585289348,0.7131365504196324,10,36,0.886414990852278,0.8941083547321056,0.9553571428571429
2023-07-01,0.570071055919686,0.724020739352693,10,36,0.8895395360860082,0.9082275642222142,0.9595588235294118
2023-08-01,0.6513386952427016,0.7521706941293564,11,36,0.8883686843435992,0.8963375969767892,0.9574579831932774
2023-09-01,0.6882865722615347,0.757102344531577,12,36,0.9174244404270901,0.9176586612088597,0.9663865546218487
2023-10-01,0.683271251617011,0.7531659113899226,12,36,0.8753010536101574,0.8746275193262186,0.9353991596638656
2023-11-01,0.5757478480203874,0.7265358215005674,13,36,0.764330839450909,0.8425157903394976,0.8734243697478992
2023-12-01,0.5265637856704621,0.7030801432329299,14,36,0.6339618136916807,0.8031283177875356,0.8345588235294118
2024-01-01,0.4669056507821505,0.6702831127061798,15,36,0.7250233093425672,0.8072063379186661,0.8592436974789915
2024-02-01,0.4418270476009819,0.6435463694640059,15,36,0.8458417706020824,0.8332712313994355,0.8912815126050421
2024-03-01,0.5234933428177815,0.6394578755568208,15,36,0.8420803875961121,0.8133663579031395,0.868172268907563
2024-04-01,0.6474513337906344,0.6649111921324267,15,36,0.8608744683674656,0.8153173720281446,0.8671218487394958
2024-05-01,0.6902655363205585,0.7022210907341077,14,36,0.8818240957848804,0.8550761068901592,0.9175420168067226
2024-06-01,0.6494225082633698,0.7089463394248446,11,36,0.8827243106627113,0.8732167993515962,0.9438025210084033
2024-07-01,0.5398032823798784,0.6941704550777015,11,36,0.7402350531849224,0.840392205344555,0.8939075630252101
2024-08-01,0.5539408177356393,0.7029807989922789,11,36,0.5929556938115068,0.8031799555823266,0.8177521008403361
2024-09-01,0.7001016717369988,0.7342411661328835,11,36,0.6951063138323975,0.8194663776751375,0.8576680672268907
2024-10-01,0.7269893233096846,0.7480415399344763,11,36,0.8592448654870181,0.8729653792191162,0.9406512605042017
2024-11-01,0.7113517020213741,0.7600895847890161,10,36,0.9428577771181229,0.919418744515706,0.9753151260504201
2024-12-01,0.7113517020213741,0.7600895847890161,10,36,1.0,1.0,1.0
2023-01-01,0.6801610173244879,0.7218138242801012,7,37,,,
2023-02-01,0.6801610173244879,0.7218138242801012,7,37,1.0,1.0,1.0
2023-03-01,0.7160184179800074,0.7277681490088648,7,37,0.9088989117899766,0.8715757585862718,0.9564075630252101
2023-04-01,0.7843136214262909,0.7722560136822508,7,37,0.9207193376833624,0.8943919353317364,0.9669117647058824
2023-05-01,0.7770199180067646,0.7614128197671859,9,37,0.9255201282454473,0.9026122716043062,0.967436974789916
2023-06-01,0.7519123289867672,0.7469588913842343,9,37,0.9269989724059347,0.9108125989366033,0.9690126050420168
2023-07-01,0.7164661998048083,0.7347787721137802,9,37,0.8886033247862015,0.8976552805873382,0.9480042016806722
2023-08-01,0.6532762720623922,0.716074819943597,9,37,0.8771277490859599,0.8773059382291852,0.9406512605042017
2023-09-01,0.5418597910050864,0.6620766441134857,10,37,0.8701468531466134,0.8700684607562545,0.9417016806722689
2023-10-01,0.4527610854617006,0.6346475031655348,10,37,0.7854009122447702,0.827103261185466,0.9023109243697479
2023-11-01,0.42833475935430626,0.6199749691219517,10,37,0.7037634030489701,0.8112874009510816,0.8665966386554622
2023-12-01,0.4472176068164378,0.636712487904513,10,37,0.7157956229651078,0.819820275940954,0.8613445378151261
2024-01-01,0.40297893125116374,0.6446789033894009,11,37,0.8243403975565428,0.8517871013329585,0.9196428571428571
2024-02-01,0.45263148552865773,0.6706003639236618,11,37,0.9149648579812152,0.9059393161949321,0.9663865546218487
2024-03-01,0.5580148467073353,0.7095223492283455,11,37,0.9470155146380123,0.9341894514566673,0.9810924369747899
2024-04-01,0.7156890706950612,0.7486336363736414,11,37,0.940563197468889,0.9173265511787781,0.9758403361344538
2024-05-01,0.8058323051200359,0.7521088750583378,12,37,0.97572499983092,0.9631353067678649,0.9837184873949579
2024-06-01,0.04053118438972006,0.11410812205473207,13,37,0.05254024267405745,0.1753566302233126,0.05409663865546219
2024-07-01,0.6976970761005473,0.6678348754859991,13,37,0.08250562579690202,0.23526143784290476,0.6171218487394958
2024-08-01,0.6849883404477909,0.669149638624393,12,37,0.9883809569912962,0.9689584210033585,0.9915966386554622
2024-09-01,0.6794163770873274,0.6661592685312588,10,37,0.9655478301016511,0.9396116849762096,0.9873949579831933
2024-10-01,0.6657202204118247,0.6648654680668509,10,37,0.9851196021020024,0.9682065118600363,0.9947478991596639
2024-11-01,0.6601046157977642,0.6751161484206742,10,37,0.980956763240658,0.9564047538881206,0.9926470588235294
2024-12-01,0.6601046157977642,0.6751161484206742,10,37,1.0,1.0,1.0
2023-01-01,0.5949858961215794,0.7221936771358343,7,38,,,
2023-02-01,0.5949858961215794,0.7221936771358343,7,38,1.0,1.0,1.0
2023-03-01,0.507738868693148,0.685137859592183,7,38,0.8040097166128835,0.8501089796893638,0.9259453781512605
2023-04-01,0.49073280618342235,0.6946481273838678,7,38,0.8082440792915057,0.8600053950487933,0.9317226890756303
2023-05-01,0.49546425386796483,0.7047986848377569,7,38,0.8853160325140123,0.8907557278908529,0.9569327731092437
2023-06-01,0.4873124382288571,0.6895751446648465,9,38,0.8971995339454112,0.8979765568463955,0.960609243697479
2023-07-01,0.47281683353686443,0.6722563358593749,9,38,0.9099618506700934,0.9066714842383504,0.9590336134453782
2023-08-01,0.4378588261069389,0.6551589108261463,9,38,0.9167441791236193,0.9102721850401057,0.9642857142857143
2023-09-01,0.4274858645508797,0.6442315862339975,11,38,0.909146967906984,0.9024969393067717,0.957983193277311
2023-10-01,0.40606679348263697,0.6354546657077401,11,38,0.8301118278646326,0.8470857498106337,0.9138655462184874
2023-11-01,0.39675711973256134,0.6302754399055298,11,38,0.6767958336649825,0.8055413214976844,0.8314075630252101
2023-12-01,0.43470914712261377,0.6583272595240931,11,38,0.5959297589056718,0.8034989405795518,0.8009453781512605
2024-01-01,0.4089784314563553,0.6616015768934446,11,38,0.7746002322525556,0.8275612344644544,0.8707983193277311
2024-02-01,0.4520710823768512,0.6663274599135705,11,38,0.9094867524823098,0.8852474504467857,0.9396008403361344
2024-03-01,0.5279585635879297,0.6752482572929388,10,38,0.9290817394395682,0.8988083196484498,0.9501050420168067
2024-04-01,0.5370641960145396,0.6719668849983799,10,38,0.854742293973146,0.8624830493109936,0.9206932773109243
2024-05-01,0.5176051681446141,0.6992309564465898,10,38,0.6446321145104582,0.7850467346424206,0.8455882352941176
2024-06-01,0.6061784262784946,0.7158684650944861,10,38,0.6663938729374043,0.8145182208246714,0.8623949579831933
2024-07-01,0.7368364441544645,0.7339912672712837,10,38,0.787619850419232,0.8603162980408978,0.9054621848739496
2024-08-01,0.7835893915451297,0.7473418567727819,10,38,0.8931697627153482,0.8923277717278837,0.9532563025210085
2024-09-01,0.7973700423445946,0.7598650161037732,10,38,0.959941164775552,0.9321758501683572,0.9800420168067226
2024-10-01,0.789591657569336,0.7554627769854387,10,38,0.9648505766812369,0.9350408851539412,0.9842436974789915
2024-11-01,0.7904712186380781,0.7669080107074219,10,38,0.946390408187343,0.9081412574945935,0.9758403361344538
2024-12-01,0.7904712186380781,0.7669080107074219,10,38,1.0,1.0,1.0
2023-01-01,0.6842309754649689,0.76004839037672,8,39,,,
2023-02-01,0.6842309754649689,0.76004839037672,8,39,1.0,1.0,1.0
2023-03-01,0.6857455961138527,0.730189321897842,8,39,0.9298382542626606,0.8856670058896875,0.957983193277311
2023-04-01,0.7578311703285902,0.7583218676894858,8,39,0.8914042326055392,0.8655049291010897,0.9480042016806722
2023-05-01,0.7894565656724112,0.7729540441830337,8,39,0.8890768826811454,0.8638363471514097,0.9406512605042017
2023-06-01,0.783472626623542,0.7813882020374865,8,39,0.932105645338092,0.9125924598899992,0.9690126050420168
2023-07-01,0.7334207199614607,0.7646857880460413,9,39,0.963591471699835,0.9515625586496983,0.9826680672268907
2023-08-01,0.6410051122558812,0.7319348464628974,10,39,0.8936525919692636,0.9045115043150534,0.9522058823529411
2023-09-01,0.5486931082491058,0.7056918850916869,10,39,0.7860443541099019,0.8522771975718735,0.9017857142857143
2023-10-01,0.5105679338400392,0.6889835575271113,10,39,0.687856771959571,0.822578205023204,0.8576680672268907
2023-11-01,0.5112072037333354,0.6774180879980768,10,39,0.687514397284691,0.8234345071224678,0.8513655462184874
2023-12-01,0.47376570023179526,0.6668878237268311,10,39,0.8022308918106633,0.8527575515423265,0.8912815126050421
2024-01-01,0.39775389121578947,0.6311367501002264,11,39,0.8668853765329356,0.8739982498623569,0.9164915966386554
2024-02-01,0.41461728614166676,0.6290162614376741,11,39,0.8914485766356116,0.880953585780875,0.9375
2024-03-01,0.4744713882925131,0.626617696443916,11,39,0.8875851177030614,0.8643223657161127,0.9285714285714286
2024-04-01,0.5349351140997444,0.6255457106918206,9,39,0.8958182062293615,0.8530334682350095,0.9154411764705882
2024-05-01,0.5279965006007391,0.639272401968841,10,39,0.8299124434533267,0.8402781497829386,0.8965336134453782
2024-06-01,0.5056130097223326,0.6491510101870677,10,39,0.8015060448816037,0.8306450053705213,0.8991596638655462
2024-07-01,0.4922036377503541,0.668618688824547,9,39,0.8805683429295744,0.8926896523691275,0.9511554621848739
2024-08-01,0.4762233365119883,0.6711154155250457,9,39,0.8904139794596895,0.9076255201433432,0.9616596638655462
2024-09-01,0.4920062111862016,0.6818477900735187,9,39,0.7064883280879479,0.8374319337958368,0.8897058823529411
2024-10-01,0.7192017168651184,0.7470862155672723,9,39,0.6608264896001746,0.8209756043435396,0.8256302521008403
2024-11-01,0.7107845724638187,0.7436313063124508,9,39,0.9959081432275276,0.9929765815959682,0.9984243697478992
2024-12-01,0.01624400083104674,0.04921473649592971,9,39,0.03216382505966233,0.07611042276788477,0.6129201680672269
2023-01-01,0.5476876791132088,0.6959229129242169,7,40,,,
2023-02-01,0.5476876791132088,0.6959229129242169,7,40,1.0,1.0,1.0
2023-03-01,0.5598631105528729,0.6894171224845841,7,40,0.8334700540651855,0.8424709414525169,0.9364495798319328
2023-04-01,0.5509866512932424,0.6948547222983846,7,40,0.875226770381099,0.8751728018551956,0.9548319327731093
2023-05-01,0.5496639506332943,0.6917314581879304,7,40,0.8753889566003942,0.8789574734071506,0.9553571428571429
2023-06-01,0.5325847920262764,0.6768178147515068,7,40,0.9266178689581218,0.9210196473813933,0.9737394957983193
2023-07-01,0.5119710553798954,0.6742003908960199,9,40,0.9199563516664152,0.9200740093095094,0.9705882352941176
2023-08-01,0.5009941913969124,0.6645353233261303,9,40,0.9438537659658494,0.9313086890869215,0.9726890756302521
2023-09-01,0.5098898887729113,0.6481845892543757,9,40,0.8465281765782808,0.8518237320916007,0.9080882352941176
2023-10-01,0.4924409176749252,0.6365438090051019,9,40,0.7011677388030649,0.7819644478077664,0.8392857142857143
2023-11-01,0.3796710389115422,0.6035926724688139,9,40,0.5439381990880396,0.7594457280447964,0.7935924369747899
2023-12-01,0.3539069437646697,0.6114127853154437,9,40,0.6135341794443269,0.7716834702470518,0.8203781512605042
2024-01-01,0.3349150647183693,0.6146872485100221,9,40,0.807541426688919,0.8223959057681404,0.9028361344537815
2024-02-01,0.3892047524841139,0.6247372730680234,9,40,0.9276649756526073,0.8780383831095279,0.9522058823529411
2024-03-01,0.46792124694585907,0.6411039803677249,9,40,0.9220296714531393,0.8959839884161032,0.9527310924369747
2024-04-01,0.5389530235586136,0.6490963368801895,10,40,0.8443485591478662,0.8615932567403478,0.9322478991596639
2024-05-01,0.4888397161206885,0.6391491512826332,9,40,0.6693027713310348,0.8048609889703674,0.8566176470588235
2024-06-01,0.5173262698314751,0.6472874153811501,9,40,0.5845863502172625,0.7783682600650963,0.8125
2024-07-01,0.6862596514058942,0.6943474495273071,8,40,0.7315220922413938,0.8151354082309664,0.8660714285714286
2024-08-01,0.750023956460969,0.7337094016340024,8,40,0.9170614122311708,0.9099679702914981,0.9616596638655462
2024-09-01,0.80518169406763,0.7717040841419145,8,40,0.9264920666191588,0.8982654413541454,0.9695378151260504
2024-10-01,0.8022209549404914,0.7644251062645752,8,40,0.9348669227622858,0.9070003551748577,0.9742647058823529
2024-11-01,0.7869830062931231,0.7544781680524328,8,40,0.915353643971855,0.8839504392869064,0.9663865546218487
2024-12-01,0.7869830062931231,0.7544781680524328,8,40,1.0,1.0,1.0
2023-01-01,0.7098932592943104,0.7538596370159402,6,41,,,
2023-02-01,0.7098932592943104,0.7538596370159402,6,41,1.0,1.0,1.0
2023-03-01,0.7171281818995615,0.740354368892511,6,41,0.9233001986988877,0.894655381979581,0.9648109243697479
2023-04-01,0.7675050556289359,0.758278745947609,6,41,0.92632971323278,0.9046925034216352,0.9716386554621849
2023-05-01,0.7892494814441627,0.7700832362183874,6,41,0.944737378932394,0.9304973952297357,0.9800420168067226
2023-06-01,0.7809602245902907,0.7697533426275512,9,41,0.9215825317825527,0.9070795741478119,0.967436974789916
2023-07-01,0.6534142295141061,0.7203342592686819,9,41,0.8647140366392146,0.8788735092138918,0.9364495798319328
2023-08-01,0.4751481421624887,0.6632786881435726,9,41,0.737121046588152,0.8312782577122774,0.8744747899159664
2023-09-01,0.44064112520519577,0.6476921609079387,9,41,0.6540339868555324,0.7998692631289639,0.8492647058823529
2023-10-01,0.5166622294981559,0.6757892200000086,9,41,0.6866076304504173,0.8071257805301599,0.8581932773109243
2023-11-01,0.5261674427761136,0.6929350882879026,9,41,0.8476946282331599,0.8413518693104606,0.9086134453781513
2023-12-01,0.5214100970784848,0.6994283388591997,9,41,0.8800824802706037,0.8506697819802026,0.914390756302521
2024-01-01,0.4754361362948616,0.6788605292870421,9,41,0.9285499106495196,0.8939239770993578,0.9553571428571429
2024-02-01,0.47008680287102345,0.6782250861876559,9,41,0.9575085678834244,0.9339247479175512,0.976890756302521
2024-03-01,0.528679387905086,0.6955837504142487,9,41,0.9356105733478176,0.9183815515398905,0.9721638655462185
2024-04-01,0.661773629182509,0.7285671661714734,10,41,0.9150652679393758,0.878843081068554,0.957983193277311
2024-05-01,0.7438707740283256,0.7374856062970133,12,41,0.9941233175053811,0.9918475091592671,0.9963235294117647
2024-06-01,0.00822123359334222,0.04372834895721681,12,41,0.008752374023754953,0.06515582413955665,0.018907563025210083
2024-07-01,0.00793142612496733,0.045427098852286005,11,41,0.9323835794093905,0.8614844566517571,0.9936974789915967
2024-08-01,0.7198856642794692,0.6533234791179563,11,41,0.013175723674205593,0.08923010936706699,0.04936974789915966
2024-09-01,0.7195934527860126,0.6552493222423741,10,41,0.9975011024487178,0.995618510814122,0.9989495798319328
2024-10-01,0.6751179543599443,0.6455317200569185,10,41,0.9135463116646155,0.872148138210769,0.9627100840336135
2024-11-01,0.6582974951219251,0.6439343926636821,10,41,0.9763242359233417,0.9535943028929522,0.990546218487395
2024-12-01,0.6582974951219251,0.6439343926636821,10,41,1.0,1.0,1.0
2023-01-01,0.5887697782567041,0.6513145097086528,6,42,,,
2023-02-01,0.5887697782567041,0.6513145097086528,6,42,1.0,1.0,1.0
2023-03-01,0.6000004405513617,0.6418829060022674,6,42,0.9437012778045499,0.9205034632330172,0.9779411764705882
2023-04-01,0.6417516783362788,0.6628127610033678,6,42,0.9229265960473527,0.8994143932942866,0.9716386554621849
2023-05-01,0.6180412827399534,0.6380789434719687,6,42,0.9019694157011332,0.8774720863859108,0.9621848739495799
2023-06-01,0.6225486249770447,0.6513400345566613,7,42,0.9309008851282123,0.9090272106974632,0.9726890756302521
2023-07-01,0.6424257933541544,0.6864949584745774,8,42,0.9360590986917564,0.9201910580935371,0.9747899159663865
2023-08-01,0.6110750650069054,0.6753102174658233,8,42,0.9413857132217182,0.9305840460071797,0.9774159663865546
2023-09-01,0.5652546351180802,0.6506983021547565,9,42,0.8799537768730599,0.8857564869826549,0.9438025210084033
2023-10-01,0.5458256072775186,0.6586443372561958,9,42,0.7401070428634821,0.8011332839530682,0.8723739495798319
2023-11-01,0.4803823178296736,0.6358402973712889,9,42,0.6722109421149953,0.7817436934832762,0.8125
2023-12-01,0.4529536798483576,0.6143072786547762,9,42,0.7213911230776398,0.8105142731665538,0.8466386554621849
2024-01-01,0.4069478545720889,0.609092147278283,9,42,0.7818944543486437,0.8235008809134976,0.9012605042016807
2024-02-01,0.4091383427802242,0.6156585337413117,9,42,0.910711672543698,0.9033077409420041,0.9611344537815126
2024-03-01,0.4550839703604445,0.6158421738058515,9,42,0.8839618792568723,0.8786581457687743,0.9380252100840336
2024-04-01,0.5128292250898553,0.6140749568011274,10,42,0.8986634886521874,0.8801449345594334,0.9411764705882353
2024-05-01,0.5449540574703039,0.6254013277741752,9,42,0.8977718790437333,0.8855578808981878,0.9353991596638656
2024-06-01,0.6058464439307462,0.6588222172449004,9,42,0.8924476065775084,0.8822012328101441,0.9417016806722689
2024-07-01,0.6548067584761281,0.6940712537074865,9,42,0.9334497631238199,0.9104773064730599,0.9658613445378151
2024-08-01,0.6849464449783749,0.7177036503243887,8,42,0.9375528240424309,0.9092614738405519,0.9705882352941176
2024-09-01,0.7344054364073754,0.7403421193186117,8,42,0.9143915677676214,0.898272075517096,0.9627100840336135
2024-10-01,0.7460053507309501,0.7393966703060284,8,42,0.9143553482341522,0.8895643423778966,0.9600840336134454
2024-11-01,0.7434751329809243,0.7400104376168408,8,42,0.937887060784674,0.8929940533127857,0.9642857142857143
2024-12-01,0.7434751329809243,0.7400104376168408,8,42,1.0,1.0,1.0
2023-01-01,0.6465873698929602,0.7226019630329176,6,43,,,
2023-02-01,0.6465873698929602,0.7226019630329176,6,43,1.0,1.0,1.0
2023-03-01,0.6231871508401385,0.6967665263233612,6,43,0.9474589262146678,0.9182526941612715,0.9784663865546218
2023-04-01,0.6489463804341733,0.7270654106345111,6,43,0.9247361030191499,0.903426792722995,0.9721638655462185
2023-05-01,0.6462975838129146,0.7474260891464308,7,43,0.9197255683007755,0.8935753227366067,0.9679621848739496
2023-06-01,0.5902848485371143,0.7330557502905831,8,43,0.9042697536627144,0.8973284262038724,0.9532563025210085
2023-07-01,0.5067695625365062,0.7066332460738332,8,43,0.8431310987990069,0.8697182107705232,0.9285714285714286
2023-08-01,0.480511291708304,0.6804915768645428,8,43,0.8204312036743149,0.8661319753335052,0.9254201680672269
2023-09-01,0.47255888961037,0.6636029819691524,8,43,0.7467341953941429,0.8439957304059129,0.9012605042016807
2023-10-01,0.469769703863823,0.6639500824114497,9,43,0.6852197485679357,0.8095777152420933,0.8776260504201681
2023-11-01,0.4421616112367943,0.6737305091499255,9,43,0.7548487544257766,0.8209831098757092,0.8996848739495799
2023-12-01,0.36875372197754597,0.6587160367468948,10,43,0.8891869665118436,0.8905370306131504,0.9317226890756303
2024-01-01,0.3272816896244455,0.6390172092728094,10,43,0.8766351168596821,0.8452889987371376,0.9138655462184874
2024-02-01,0.4138762001493309,0.6503860027074913,10,43,0.8941216230428913,0.8531953267465907,0.9107142857142857
2024-03-01,0.5622544008447525,0.6707720350525941,11,43,0.9197862537060374,0.8810727344543753,0.9264705882352942
2024-04-01,0.660673625345789,0.6811734471859189,11,43,0.9078266198741702,0.8737297650363692,0.9506302521008403
2024-05-01,0.5905369914774808,0.6725258948757833,9,43,0.7923784548043838,0.8356731909580472,0.904936974789916
2024-06-01,0.4868226121066523,0.6621232034922885,9,43,0.6318280127670017,0.7961404976220688,0.8371848739495799
2024-07-01,0.5792956497137967,0.689833999216216,10,43,0.6220750810526852,0.7984464546358382,0.8392857142857143
2024-08-01,0.6573114309502274,0.7059805343675515,10,43,0.8099209793429141,0.8611602450474319,0.9206932773109243
2024-09-01,0.7324430376874924,0.7436143126915681,10,43,0.867752836715318,0.8677571476356823,0.9427521008403361
2024-10-01,0.7491705089600204,0.7595131476207594,10,43,0.9374575841267251,0.9196398879882862,0.9726890756302521
2024-11-01,0.7287829070673103,0.748892089021821,9,43,0.9610444046942436,0.9241286163789006,0.9810924369747899
2024-12-01,0.7287829070673103,0.748892089021821,9,43,1.0,1.0,1.0
2023-01-01,0.011222485463778128,0.07180076209571108,9,44,,,
2023-02-01,0.5760046009466262,0.6908684841969698,9,44,0.01040030272670781,0.08897704923488263,0.28361344537815125
2023-03-01,0.564728084455435,0.6911981036343071,9,44,0.9995368013795947,0.9984616597410559,0.9994747899159664
2023-04-01,0.5172855843275738,0.6608000226829709,9,44,0.7232077169778421,0.7965530091869929,0.8167016806722689
2023-05-01,0.5098260469405391,0.6971837530158529,10,44,0.819851802362417,0.8523251504181242,0.8876050420168067
2023-06-01,0.505686053551559,0.7103738307639248,10,44,0.90610096992572,0.9114041991489243,0.9627100840336135
2023-07-01,0.5484788522074077,0.7420265509187319,10,44,0.9211399901628874,0.9257857649162394,0.9690126050420168
2023-08-01,0.6043964147053026,0.7494669667559738,10,44,0.9084605258546536,0.9093956591109711,0.9600840336134454
2023-09-01,0.6200864121604682,0.7423196987710686,11,44,0.8642126205726495,0.8797136997787,0.9301470588235294
2023-10-01,0.5908957640234477,0.7132142005067676,11,44,0.8035552309047245,0.8450905709641391,0.8949579831932774
2023-11-01,0.5456740380762818,0.684483440093035,11,44,0.7631490657553683,0.8271776171667564,0.8639705882352942
2023-12-01,0.4838692639047043,0.6667046233182041,12,44,0.756303081368192,0.8358328512493759,0.8797268907563025
2024-01-01,0.4396934150673217,0.6407466728217628,12,44,0.7926085399880637,0.8269282034294244,0.8891806722689075
2024-02-01,0.42222194775314065,0.6175807711984128,11,44,0.7860033721917179,0.8184434181344482,0.8665966386554622
2024-03-01,0.4316240254178413,0.6038382742718946,11,44,0.7370820935712568,0.8160321577668895,0.8665966386554622
2024-04-01,0.4465508947036935,0.5980450679670313,10,44,0.7853204142950398,0.8332898665923729,0.8902310924369747
2024-05-01,0.4472163316095706,0.5967185147355435,10,44,0.7789477981945098,0.811313298789757,0.8660714285714286
2024-06-01,0.4822235657427335,0.6295070386433652,10,44,0.8168626301771397,0.8449309179282752,0.8902310924369747
2024-07-01,0.49062108919110037,0.6594122202328433,9,44,0.8704038130290955,0.8854944304399855,0.9401260504201681
2024-08-01,0.4828093944627776,0.679374177998213,8,44,0.8842125103722764,0.9076610065918765,0.9611344537815126
2024-09-01,0.4736632577559033,0.6870631821901468,8,44,0.8735018889086813,0.8952373806897933,0.9569327731092437
2024-10-01,0.4666001934145203,0.6778737558699612,8,44,0.9270413545088427,0.9294553596850654,0.9758403361344538
2024-11-01,0.4648392141166829,0.6835726133414357,8,44,0.9285380419365967,0.9194835063618743,0.9732142857142857
2024-12-01,0.4648392141166829,0.6835726133414357,8,44,1.0,1.0,1.0
2023-01-01,0.7784218449988648,0.8014406399708418,10,45,,,
2023-02-01,0.7784218449988648,0.8014406399708418,10,45,1.0,1.0,1.0
2023-03-01,0.7859328567383718,0.7852447663068993,10,45,0.925157519505847,0.9036710192150976,0.9648109243697479
2023-04-01,0.8016841165358782,0.786796302993107,10,45,0.9298301011340524,0.90765385760774,0.9658613445378151
2023-05-01,0.6824316954969252,0.7387703364495581,10,45,0.8340007594939348,0.8687820096615497,0.9259453781512605
2023-06-01,0.4986413869418889,0.6990437960271018,11,45,0.6970548292397507,0.8401980905904165,0.8503151260504201
2023-07-01,0.5512850339273453,0.7093937028963536,11,45,0.6602551631425317,0.8340968962288524,0.8103991596638656
2023-08-01,0.6158747271543087,0.7404544919134323,12,45,0.754007275252274,0.8379486218103439,0.8891806722689075
2023-09-01,0.5904703504859957,0.7393698964978536,12,45,0.8978173344116217,0.8906010105385685,0.9522058823529411
2023-10-01,0.5678805038533941,0.7287600572326629,12,45,0.9316617883816856,0.9098456772860103,0.9658613445378151
2023-11-01,0.5693415181771168,0.7350888633233674,12,45,0.9459783798421396,0.9148834402623158,0.9690126050420168
2023-12-01,0.5401072445333589,0.718025702549177,13,45,0.9154174450256665,0.8989458231769166,0.9543067226890757
2024-01-01,0.46448407702673916,0.6873038120719803,13,45,0.8774083122839087,0.8987576087768513,0.9411764705882353
2024-02-01,0.47177288893564945,0.6783619216412822,11,45,0.8764717515368236,0.8890694081970619,0.9432773109243697
2024-03-01,0.5302701662895153,0.6766305688590466,11,45,0.90439359678452,0.9097351461670682,0.9485294117647058
2024-04-01,0.49402115142659087,0.6580656302958107,12,45,0.8193320092104583,0.8682409123426287,0.9080882352941176
2024-05-01,0.3824271520803872,0.6306505661152436,12,45,0.6949469967523895,0.8381011830909981,0.8524159663865546
2024-06-01,0.46211110271297845,0.6303580641309794,12,45,0.5891822476886724,0.7968812055156895,0.8103991596638656
2024-07-01,0.5884171588885123,0.6444960445565657,12,45,0.750444846846558,0.8360391705573248,0.8855042016806722
2024-08-01,0.626073598811435,0.6590890287422356,12,45,0.8899542773532957,0.8831545432683248,0.946953781512605
2024-09-01,0.646655408112514,0.6673654846857939,12,45,0.9516883850286343,0.9349661082361685,0.9758403361344538
2024-10-01,0.6464582691347539,0.6627270510264275,12,45,0.9336025117825146,0.9000525204797093,0.9653361344537815
2024-11-01,0.6346400993929397,0.6622438829806162,12,45,0.9509315412046758,0.9149197942576934,0.9737394957983193
2024-12-01,0.6346400993929397,0.6622438829806162,12,45,1.0,1.0,1.0
2023-01-01,0.4718809678813426,0.5930310550948418,5,46,,,
2023-02-01,0.4718809678813426,0.5930310550948418,5,46,1.0,1.0,1.0
2023-03-01,0.48547205821734873,0.5907639627200899,5,46,0.9610739080319385,0.9326055296275458,0.9863445378151261
2023-04-01,0.5195190802933946,0.5979993840928611,5,46,0.9506647956642765,0.9149023056517308,0.9816176470588235
2023-05-01,0.539042271994939,0.602964353571093,5,46,0.9642662782486084,0.9362787840599637,0.9868697478991597
2023-06-01,0.5308935302080127,0.6100114063213993,6,46,0.966722070968678,0.938543548932878,0.9873949579831933
2023-07-01,0.47764943983272207,0.5925508178640364,6,46,0.9554457875035286,0.9313447970133553,0.9847689075630253
2023-08-01,0.4194787808801282,0.5881444626209666,7,46,0.943043014253549,0.9165529213044302,0.9805672268907563
2023-09-01,0.38021009143130424,0.5680466249321418,7,46,0.9855663471125937,0.9767711083177187,0.9926470588235294
2023-10-01,0.0071176076029394065,0.07074706239204293,8,46,0.01856825032586809,0.11873212673948838,0.0467436974789916
2023-11-01,0.006827408956231051,0.05671181891067864,10,46,0.6572241560023225,0.6123624307876688,0.9784663865546218
2023-12-01,0.00671098856062228,0.057318677275954084,10,46,0.9746532482241119,0.9520457986506706,0.9984243697478992
2024-01-01,0.0021093705856440248,0.036916364482305265,11,46,0.4544046321845197,0.4037838667815332,0.9742647058823529
2024-02-01,0.3239132508681183,0.5436328218228116,10,46,0.0044551237095271,0.06205992613833087,0.028361344537815126
2024-03-01,0.3481754448109325,0.5622211330342491,9,46,0.9895458683492038,0.9837725424604585,0.993172268907563
2024-04-01,0.41689055741882936,0.5794622866036798,7,46,0.8770155385705781,0.8795357145185358,0.9564075630252101
2024-05-01,0.4828056526547516,0.6070459852073469,8,46,0.8947489515093794,0.8899459395715841,0.9632352941176471
2024-06-01,0.5089973940976977,0.6411990287177443,8,46,0.9228050490471904,0.9141491698688502,0.9737394957983193
2024-07-01,0.5165606545365483,0.6622728637782325,8,46,0.933511837255482,0.9144118158156137,0.9742647058823529
2024-08-01,0.5229387881206015,0.6745970022975997,8,46,0.9468059683665845,0.9324336799412496,0.9805672268907563
2024-09-01,0.516749684593898,0.6640850865676798,8,46,0.938577397162751,0.9170392993197809,0.9763655462184874
2024-10-01,0.5423023765706542,0.6841080389359248,8,46,0.9301433447989292,0.907348121785647,0.9716386554621849
2024-11-01,0.5534045823757064,0.7004862573486936,8,46,0.9320034434391071,0.9085129696415943,0.9726890756302521
2024-12-01,0.5534045823757064,0.7004862573486936,8,46,1.0,1.0,1.0
2023-01-01,0.47391940213710904,0.6654827754464806,5,47,,,
2023-02-01,0.47391940213710904,0.6654827754464806,5,47,1.0,1.0,1.0
2023-03-01,0.42589914488637876,0.6399985135938518,5,47,0.9258589687134581,0.9016471718916635,0.9742647058823529
2023-04-01,0.38532354238244343,0.6284561467194387,5,47,0.9327628003984808,0.9124979221829848,0.9779411764705882
2023-05-01,0.3829323496891779,0.6214585939712739,7,47,0.9168211105927669,0.9002385870505925,0.9721638655462185
2023-06-01,0.39998377558218906,0.6206079017488114,9,47,0.8858772103802679,0.8792866824164874,0.9627100840336135
2023-07-01,0.36899625607983466,0.5868707010703346,9,47,0.9677043421341042,0.9525036025633169,0.9779411764705882
2023-08-01,0.016318632037168518,0.09542245172373608,10,47,0.027980719675791913,0.15401580052415126,0.058298319327731093
2023-09-01,0.5409911196675802,0.6783785410397623,11,47,0.0415674100263299,0.18122115273406897,0.4684873949579832
2023-10-01,0.5555697501466299,0.6978900474225749,11,47,0.9876972889941213,0.9741323549185269,0.9894957983193278
2023-11-01,0.5454506269961098,0.691107600182292,9,47,0.93832311562599,0.9204825954263288,0.9742647058823529
2023-12-01,0.5233820528615465,0.6840219327746396,9,47,0.9513388813874905,0.924728896828803,0.9779411764705882
2024-01-01,0.46295507072172093,0.6568430567437377,9,47,0.9628962280100366,0.9496653476738758,0.9863445378151261
2024-02-01,0.4327359388259653,0.6420912685854485,10,47,0.9587397198831463,0.9411505623981965,0.9842436974789915
2024-03-01,0.4671899709318021,0.6475111819692193,10,47,0.9546979154865274,0.9307275995439512,0.9805672268907563
2024-04-01,0.5658938309615656,0.6737466529407258,12,47,0.9490928700652309,0.921846541561298,0.9774159663865546
2024-05-01,0.656516130226734,0.6886548585654382,12,47,0.9932310811456482,0.986792886865068,0.9947478991596639
2024-06-01,0.010601246482408117,0.04235110835201986,10,47,0.009508975403579615,0.06233469677034308,0.025735294117647058
2024-07-01,0.012096074618769133,0.040864884615728014,10,47,0.742310288536347,0.6328696989194251,0.9873949579831933
2024-08-01,0.01701422920930844,0.08750136240854799,9,47,0.4897502078571304,0.4802271340652495,0.9695378151260504
2024-09-01,0.7233984344764102,0.692702337061259,9,47,0.009604241811254402,0.11651815456365029,0.04411764705882353
2024-10-01,0.7407276794485352,0.7065739229474906,9,47,0.9956139747375334,0.9898529611636345,0.9978991596638656
2024-11-01,0.7513852784156747,0.7204723060305619,8,47,0.9627399417574058,0.9400793426600095,0.9884453781512605
2024-12-01,0.7513852784156747,0.7204723060305619,8,47,1.0,1.0,1.0
2023-01-01,0.5381689230064576,0.6364483789550859,6,48,,,
2023-02-01,0.5381689230064576,0.6364483789550859,6,48,1.0,1.0,1.0
2023-03-01,0.5306701142580434,0.6154760435716805,8,48,0.8808849586171942,0.846449997378542,0.9459033613445378
2023-04-01,0.5249234322942716,0.6094531513433502,8,48,0.8825319061664808,0.8747728194511575,0.9527310924369747
2023-05-01,0.4938299051954355,0.5889349134760477,8,48,0.8569115273178557,0.8526279722053113,0.9364495798319328
2023-06-01,0.48814136430338617,0.593428517997885,9,48,0.8028290874272082,0.8358373569804073,0.9007352941176471
2023-07-01,0.531040205726645,0.6238064794487627,9,48,0.7780257212294451,0.8139620919445838,0.8786764705882353
2023-08-01,0.5852051129869279,0.6669324337594325,9,48,0.8134042693766999,0.8401865757229694,0.9086134453781513
2023-09-01,0.5870293466402962,0.6765611078100644,10,48,0.8291544784662185,0.8589776280586918,0.9254201680672269
2023-10-01,0.5247711908912336,0.6630685723621266,10,48,0.7788699277339993,0.8239902766923343,0.8723739495798319
2023-11-01,0.4991631997463225,0.667966870950115,10,48,0.7615687750878681,0.8240921840605867,0.8319327731092437
2023-12-01,0.4854855942669076,0.6664465544978142,10,48,0.7491201685671985,0.8368076957279355,0.875
2024-01-01,0.4030011646643822,0.6434109394060713,11,48,0.834840191097567,0.8632808606980225,0.9222689075630253
2024-02-01,0.40682507704494275,0.6367814114652571,10,48,0.9078803514920889,0.8937743191605801,0.9485294117647058
2024-03-01,0.4663501161529704,0.6396610421781403,10,48,0.944736730621755,0.9240296059976201,0.9616596638655462
2024-04-01,0.48643384877546986,0.6293971805082211,10,48,0.8950938958671553,0.8797826809798965,0.9369747899159664
2024-05-01,0.3963065493518212,0.6196157325171343,10,48,0.7142747106086894,0.8090392086931867,0.8550420168067226
2024-06-01,0.5125121078368331,0.6231217979982738,9,48,0.596351690025478,0.7837605703844716,0.8025210084033614
2024-07-01,0.7271826517639922,0.6639848218183744,9,48,0.6662174932912408,0.7905192871082029,0.8398109243697479
2024-08-01,0.76979867871427,0.6985836733581138,9,48,0.8844064487962062,0.8881901242763887,0.9459033613445378
2024-09-01,0.776302177614658,0.7154956427478436,9,48,0.9613748897613431,0.9359645920136367,0.9826680672268907
2024-10-01,0.7520191862660031,0.7103469689674006,9,48,0.9655573747679319,0.93952379469514,0.9852941176470589
2024-11-01,0.7277879199446362,0.6904168411959084,9,48,0.9616422938136941,0.9261453728999964,0.9826680672268907
2024-12-01,0.7277879199446362,0.6904168411959084,9,48,1.0,1.0,1.0
2023-01-01,0.7161725768076499,0.7463114176262865,6,49,,,
2023-02-01,0.7161725768076499,0.7463114176262865,6,49,1.0,1.0,1.0
2023-03-01,0.7135802350428151,0.7282499630463694,6,49,0.9368693139448196,0.9144830804418971,0.9747899159663865
2023-04-01,0.7586187370059154,0.7460251110871301,6,49,0.9472476094526643,0.9254752116289467,0.9789915966386554
2023-05-01,0.7570112285965422,0.7357659454766414,7,49,0.9527318321651601,0.9319784791288762,0.9747899159663865
2023-06-01,0.7149329506387664,0.7201864492711003,8,49,0.8973521324599995,0.8756120874231691,0.9438025210084033
2023-07-01,0.6099797380225567,0.6974517512614713,8,49,0.8546598185725225,0.8676885866179835,0.9290966386554622
2023-08-01,0.5392661424736185,0.6753424705865739,9,49,0.8768026474343715,0.8844386146163051,0.946953781512605
2023-09-01,0.5359468504574589,0.6736195709678653,10,49,0.9071720616937021,0.9011515440434456,0.9600840336134454
2023-10-01,0.5387455604736039,0.687106799436553,10,49,0.8920652272231038,0.8836137649964435,0.9417016806722689
2023-11-01,0.4777093474811632,0.663689770363439,10,49,0.8187429837914681,0.8498616536151629,0.8944327731092437
2023-12-01,0.4151204231144711,0.6314168708565379,10,49,0.7340911185149743,0.8451591117599162,0.8634453781512605
2024-01-01,0.39536742385490736,0.6155133062194296,10,49,0.642410628996394,0.7997786962394728,0.8125
2024-02-01,0.4228047010377506,0.6424188809660429,10,49,0.7468325685224617,0.8153523907389016,0.8686974789915967
2024-03-01,0.5032266512859463,0.692487567216689,10,49,0.8470702175242597,0.8754122179889968,0.9233193277310925
2024-04-01,0.608343288679861,0.7364242884507086,9,49,0.9304815831693104,0.908405905822478,0.967436974789916
2024-05-01,0.7021726884477236,0.746840348172632,9,49,0.9481848227570956,0.9243960810141848,0.9747899159663865
2024-06-01,0.7293396183396472,0.7301871129198776,9,49,0.9387094047767492,0.9115305333041306,0.9705882352941176
2024-07-01,0.7548382833581342,0.7364665296827794,9,49,0.9357554963984387,0.9175276508339328,0.9690126050420168
2024-08-01,0.7992093350493654,0.7621733784528295,9,49,0.9195647291472301,0.90422708226883,0.9600840336134454
2024-09-01,0.8313199002592718,0.7797305279347585,9,49,0.9367399261531136,0.9047953010846423,0.9684873949579832
2024-10-01,0.8370297416189711,0.776968327432124,9,49,0.944462374385587,0.9272524491081788,0.9758403361344538
2024-11-01,0.8354636414807036,0.7892023538039961,9,49,0.9314373679469455,0.8902707296097639,0.9663865546218487
2024-12-01,0.8354636414807036,0.7892023538039961,9,49,1.0,1.0,1.0
