,2023-01-01,2023-02-01,2023-03-01,2023-04-01,2023-05-01,2023-06-01,2023-07-01,2023-08-01,2023-09-01,2023-10-01,2023-11-01,2023-12-01,2024-01-01,2024-02-01,2024-03-01,2024-04-01,2024-05-01,2024-06-01,2024-07-01,2024-08-01,2024-09-01,2024-10-01,2024-11-01,2024-12-01
Абазинский муниципальный район,0,0,5,5,5,6,6,6,6,6,6,6,10,10,10,12,12,14,14,14,14,14,15,15
Абанский муниципальный район,0,0,5,5,5,7,7,7,7,9,9,9,9,10,10,12,12,12,14,14,14,15,15,15
Абатский муниципальный район,0,0,5,5,5,7,7,7,7,9,9,9,9,10,10,12,12,12,14,14,14,15,15,15
Абзелиловский муниципальный район,0,0,5,5,5,7,7,7,7,9,9,9,9,10,10,12,12,12,14,14,14,15,15,15
Агинский муниципальный район,5,5,3,5,5,3,3,7,7,7,13,13,13,10,10,13,13,12,13,13,13,13,13,15
Агрызский муниципальный район,0,0,5,5,5,7,7,7,7,9,9,9,9,10,10,12,12,12,14,14,14,15,15,15
Адамовский муниципальный район,0,0,5,5,5,7,7,7,7,9,9,9,9,10,10,12,12,12,14,14,14,15,15,15
Азнакаевский муниципальный район,0,0,5,5,5,7,7,7,7,8,9,9,9,10,10,12,12,12,14,14,14,15,15,15
Азовский немецкий национальный муниципальный район,0,0,5,5,5,7,7,7,7,9,9,9,9,10,10,12,12,12,14,14,14,15,15,15
Акбулакский муниципальный район,0,0,5,5,5,7,7,7,7,9,9,9,9,10,10,12,12,12,14,14,14,15,15,15
Аксубаевский муниципальный район,0,0,5,5,5,7,7,7,7,9,9,9,9,10,10,12,12,12,14,14,14,15,15,15
Актанышский муниципальный район,0,0,5,5,5,7,7,7,7,9,9,9,9,10,10,12,12,12,14,14,14,15,15,15
Алагирский муниципальный район,0,5,5,5,5,6,6,6,6,6,6,6,10,10,10,12,12,14,14,14,14,14,15,15
Аларский муниципальный район,0,0,5,5,5,7,7,7,7,9,9,9,9,10,10,12,12,12,14,14,14,15,15,15
Алданский муниципальный район,3,3,3,3,3,3,3,3,3,3,13,13,13,13,13,13,13,13,13,13,13,13,13,13
Александро-Невский муниципальный район,0,0,5,5,5,7,7,7,7,9,9,9,9,10,10,12,12,12,14,14,14,15,15,15
Александрово-Гайский муниципальный район,0,0,5,5,5,7,7,7,7,9,9,9,9,10,10,12,12,12,14,14,14,15,15,15
Александровский муниципальный округ,0,0,5,5,5,7,7,7,7,9,9,9,9,10,10,12,12,12,14,14,14,15,15,15
Аликовский муниципальный округ,0,0,5,5,5,7,7,7,7,9,9,9,9,10,10,12,12,12,14,14,14,15,15,15
Алькеевский муниципальный район,0,0,5,5,5,7,7,7,7,9,9,9,9,10,10,12,12,12,14,14,14,15,15,15
Альменевский муниципальный округ,0,0,5,5,5,7,7,7,7,9,9,9,9,10,10,12,12,12,14,14,14,15,15,15
Альметьевский муниципальный район,0,0,2,2,2,2,2,2,2,8,8,8,8,11,11,12,12,12,14,14,14,15,15,15
Альшеевский муниципальный район,0,0,5,5,5,7,7,7,7,8,9,9,9,10,10,12,12,12,14,14,14,15,15,15
Амгинский муниципальный район,3,3,3,3,3,3,3,3,3,3,13,13,13,13,13,13,13,13,13,13,13,13,13,13
Амурский муниципальный район,0,3,3,5,5,3,3,3,3,9,9,8,8,10,13,13,13,13,14,13,13,13,13,13
Анадырский муниципальный район,3,3,3,3,3,3,3,3,3,3,13,13,13,13,13,13,13,13,13,13,13,13,13,13
Андроповский муниципальный округ,0,0,5,5,5,7,7,7,7,9,9,9,9,10,10,12,12,12,14,14,14,15,15,15
Антроповский муниципальный район,0,0,0,5,5,7,7,7,7,9,9,9,9,10,10,12,12,12,14,14,14,15,15,15
Анучинский муниципальный округ,3,3,5,5,5,3,7,3,3,3,9,9,9,10,10,12,12,12,14,13,13,15,15,15
Апанасенковский муниципальный округ,0,0,5,5,5,7,7,7,7,9,9,9,9,10,10,12,12,12,14,14,14,15,15,15
Апастовский муниципальный район,0,0,5,5,5,7,7,7,7,9,9,9,9,10,10,12,12,12,14,14,14,15,15,15
Аргаяшский муниципальный район,0,0,5,5,5,7,7,7,7,9,9,9,9,10,10,12,12,12,14,14,14,15,15,15
Ардатовский муниципальный округ,0,0,5,5,5,7,7,7,7,9,9,9,9,10,10,12,12,12,14,14,14,15,15,15
Ардатовский муниципальный район,0,0,5,5,5,7,7,7,7,9,9,9,9,10,10,12,12,12,14,14,14,15,15,15
Ардонский муниципальный район,5,5,5,5,5,6,6,6,6,6,6,6,10,10,10,12,12,14,14,14,14,14,15,15
Арзгирский муниципальный округ,0,0,5,5,5,7,7,7,7,9,9,9,9,10,10,12,12,12,14,14,14,15,15,15
Аркадакский муниципальный район,0,0,5,5,5,7,7,7,7,9,9,9,9,10,10,12,12,12,14,14,14,15,15,15
Армизонский муниципальный район,0,0,5,5,5,7,7,7,7,9,9,9,9,10,10,12,12,12,14,14,14,15,15,15
Аромашевский муниципальный район,0,0,5,5,5,7,7,7,7,9,9,9,9,10,10,12,12,12,14,14,14,15,15,15
Арсеньевский муниципальный район,0,0,5,5,5,7,7,7,7,9,9,9,9,10,10,12,12,12,14,14,14,15,15,15
Арский муниципальный район,0,0,5,5,5,7,7,7,7,9,9,9,9,10,10,12,12,12,14,14,14,15,15,15
Архангельский муниципальный район,0,0,5,5,5,7,7,7,7,9,9,9,9,10,10,12,12,12,14,14,14,15,15,15
Архаринский муниципальный округ,3,3,3,5,5,3,3,3,3,3,9,9,9,10,10,12,12,12,13,13,13,15,15,15
Асекеевский муниципальный район,0,0,5,5,5,7,7,7,7,9,9,9,9,10,10,12,12,12,14,14,14,15,15,15
Асиновский муниципальный район,0,0,5,5,5,3,3,7,7,3,9,9,9,10,10,12,12,12,13,14,13,15,15,15
Аскинский муниципальный район,0,0,5,5,5,7,7,7,7,9,9,9,9,10,10,12,12,12,14,14,14,15,15,15
Аткарский муниципальный район,0,0,5,5,5,7,7,7,7,9,9,9,9,10,10,12,12,12,14,14,14,15,15,15
Атнинский муниципальный район,0,0,5,5,5,7,7,7,7,9,9,9,9,10,10,12,12,12,14,14,14,15,15,15
Атюрьевский муниципальный район,0,0,5,5,7,7,7,7,7,9,9,9,9,10,10,12,12,12,14,14,14,15,15,15
Атяшевский муниципальный район,0,0,5,5,5,7,7,7,7,9,9,9,9,10,10,12,12,12,14,14,14,15,15,15
Аургазинский муниципальный район,0,0,5,5,5,7,7,7,7,9,9,9,9,9,10,12,12,12,14,14,14,15,15,15
Ахтубинский муниципальный район,0,0,5,5,5,7,7,7,7,9,9,9,9,10,10,12,12,12,14,14,14,15,15,15
Ашинский муниципальный район,0,0,5,5,5,7,7,7,7,9,9,9,9,10,10,12,12,12,14,14,14,15,15,15
Бабаевский муниципальный округ,0,0,5,5,5,7,7,7,7,9,9,9,9,10,10,12,12,12,14,14,14,15,15,15
Бабушкинский муниципальный округ,0,0,5,5,5,7,7,7,7,9,9,9,9,10,10,12,12,12,14,14,14,15,15,15
Бабынинский муниципальный район,0,0,5,5,5,7,7,7,7,9,9,9,9,10,10,12,12,12,14,14,14,15,15,15
Бавлинский муниципальный район,0,0,5,5,5,7,7,7,7,9,9,9,9,10,10,12,12,12,14,14,14,15,15,15
Баганский муниципальный район,0,0,5,5,5,7,7,7,7,9,9,9,9,10,10,12,12,12,14,14,14,15,15,15
Баевский муниципальный район,0,0,5,5,5,7,7,7,7,9,9,9,9,10,10,12,12,12,14,14,14,15,15,15
Базарно-Карабулакский муниципальный район,0,0,5,5,5,7,7,7,7,9,9,9,9,10,10,12,12,12,14,14,14,15,15,15
Базарносызганский муниципальный район,0,0,5,5,5,7,7,7,7,9,9,9,9,10,10,12,12,12,14,14,14,15,15,15
Бай-Тайгинский муниципальный район,5,5,5,5,5,7,7,7,7,7,9,9,9,10,10,12,12,12,13,14,14,15,15,15
Байкаловский муниципальный район,0,0,5,5,5,7,7,7,7,9,9,9,9,10,10,12,12,12,14,14,14,15,15,15
Баймакский муниципальный район,0,0,5,5,5,7,7,7,7,7,9,9,9,10,10,12,12,12,14,14,14,15,15,15
Бакалинский муниципальный район,0,0,5,5,5,7,7,7,7,9,9,9,9,10,10,12,12,12,14,14,14,15,15,15
Бакчарский муниципальный район,0,0,5,5,5,7,7,7,7,9,9,9,9,10,10,12,12,12,14,14,14,15,15,15
Балаганский муниципальный район,0,0,5,5,5,7,7,7,7,9,9,9,9,10,10,12,12,12,14,14,14,15,15,15
Балаковский муниципальный район,0,0,5,2,2,2,2,2,7,8,8,8,8,11,11,12,12,12,14,14,14,15,15,15
Балахнинский муниципальный округ,0,0,5,5,5,7,7,7,7,9,9,8,8,10,10,12,12,12,14,14,14,15,15,15
Балахтинский муниципальный район,0,0,5,5,5,7,7,7,7,8,9,8,9,10,10,12,12,12,14,14,14,15,15,15
Балашовский муниципальный район,0,0,5,5,5,7,7,7,7,9,9,9,9,10,10,12,12,12,14,14,14,15,15,15
Балейский муниципальный район,0,0,2,2,2,2,2,2,7,8,8,8,8,10,10,12,12,12,13,13,13,15,15,15
Балтайский муниципальный район,0,0,5,5,5,7,7,7,7,9,9,9,9,10,10,12,12,12,14,14,14,15,15,15
Балтасинский муниципальный район,0,0,5,5,5,7,7,7,7,9,9,9,9,10,10,12,12,12,14,14,14,15,15,15
Балтачевский муниципальный район,0,0,5,5,5,7,7,7,7,9,9,9,9,10,10,12,12,12,14,14,14,15,15,15
Барабинский муниципальный район,0,0,5,5,5,7,7,7,7,9,9,9,9,10,10,12,12,12,14,14,14,15,15,15
Барун-Хемчикский муниципальный район,5,5,5,5,5,7,7,7,7,7,9,9,9,10,10,12,12,12,14,14,14,13,15,15
Барышский муниципальный район,0,0,5,5,5,7,7,7,7,9,9,9,9,10,10,12,12,12,14,14,14,15,15,15
Барятинский муниципальный район,0,0,5,5,5,7,7,7,7,9,9,9,9,10,10,12,12,12,14,14,14,15,15,15
Батыревский муниципальный округ,0,0,5,5,5,7,7,7,7,9,9,9,9,10,10,12,12,12,14,14,14,15,15,15
Башмаковский муниципальный район,0,0,5,5,5,7,7,7,7,9,9,9,9,10,10,12,12,12,14,14,14,15,15,15
Баяндаевский муниципальный район,5,5,5,5,5,7,7,7,7,7,9,9,9,10,10,12,12,12,14,14,14,14,15,15
Бежаницкий муниципальный район,0,0,5,5,5,7,7,7,7,9,9,9,9,10,10,12,12,12,14,14,14,15,15,15
Безенчукский муниципальный район,0,0,5,5,5,7,7,7,7,9,9,9,9,10,10,12,12,12,14,14,14,15,15,15
Бейский муниципальный район,0,0,5,5,5,7,7,7,7,9,9,9,9,10,10,12,12,12,14,14,14,15,15,15
Бековский муниципальный район,0,0,5,5,5,7,7,7,7,9,9,9,9,10,10,12,12,12,14,14,14,15,15,15
Белебеевский муниципальный район,0,0,2,2,2,2,2,2,7,8,8,8,8,10,10,12,12,12,14,14,14,15,15,15
Белевский муниципальный район,0,0,5,5,5,7,7,7,7,9,9,9,9,10,10,12,12,12,14,14,14,15,15,15
Белинский муниципальный район,0,0,5,5,5,7,7,7,7,9,9,9,9,10,10,12,12,12,14,14,14,15,15,15
Беловский муниципальный округ,0,0,5,5,5,7,7,7,7,9,9,9,9,10,10,12,12,12,14,14,14,15,15,15
Белогорский муниципальный округ,3,3,3,5,5,3,3,3,3,3,13,13,13,10,10,12,12,12,13,13,13,15,15,15
Белокатайский муниципальный район,0,0,5,5,5,7,7,7,7,9,9,9,9,10,10,12,12,12,14,14,14,15,15,15
Беломорский муниципальный округ,0,0,5,5,5,7,7,7,7,9,9,9,9,10,10,12,12,12,14,14,14,15,15,15
Белорецкий муниципальный район,0,0,5,5,5,7,7,7,7,8,8,8,8,10,10,12,12,12,14,14,14,15,15,15
Белохолуницкий муниципальный район,0,0,5,5,5,7,7,7,7,9,9,9,9,10,10,12,12,12,14,14,14,15,15,15
Белоярский муниципальный район,0,0,2,5,2,2,2,2,2,13,13,13,13,13,13,13,13,13,13,13,13,13,13,13
Беляевский муниципальный район,0,0,5,5,5,7,7,7,7,9,9,9,9,10,10,10,12,12,12,12,12,15,15,15
Бердюжский муниципальный район,0,0,5,5,5,7,7,7,7,9,9,9,9,10,10,12,12,12,14,14,14,15,15,15
Бессоновский муниципальный район,0,0,5,5,5,7,7,7,7,9,9,9,9,10,10,12,12,12,14,14,14,15,15,15
Бижбулякский муниципальный район,0,0,5,5,5,7,7,7,7,9,9,9,9,10,10,12,12,12,14,14,14,15,15,15
Бийский муниципальный район,0,0,5,5,5,7,7,7,7,9,9,9,9,10,10,12,12,12,14,14,14,15,15,15
Бикинский муниципальный район,0,2,3,2,2,2,2,3,3,8,13,13,13,10,13,13,13,13,13,13,13,13,13,13
Билибинский муниципальный район,3,3,3,3,3,3,3,3,3,3,13,13,13,13,13,13,13,13,13,13,13,13,13,13
Бирилюсский муниципальный район,0,0,5,5,5,7,7,7,7,9,9,9,9,10,10,12,12,14,14,14,14,15,15,15
Биробиджанский муниципальный район,3,3,3,3,5,7,3,3,3,3,13,13,13,13,10,13,13,13,13,13,13,13,13,13
Бирский муниципальный район,0,0,5,5,2,2,2,2,2,8,8,8,8,10,10,12,12,12,14,14,14,15,15,15
Благоварский муниципальный район,0,0,5,5,5,7,7,7,7,9,9,9,9,10,10,12,12,12,14,14,14,15,15,15
Благовещенский муниципальный округ,3,3,3,3,3,3,3,3,3,3,13,13,13,13,13,13,13,13,13,13,13,13,13,13
Благодарненский муниципальный округ,0,0,5,5,5,7,7,7,7,9,9,9,9,10,10,12,12,12,14,14,14,15,15,15
Богатовский муниципальный район,0,0,5,5,5,7,7,7,7,9,9,9,9,10,10,12,12,12,14,14,14,15,15,15
Богородицкий муниципальный район,0,0,5,5,5,7,7,7,7,9,9,8,9,10,10,12,12,12,14,14,14,15,15,15
Богородский муниципальный округ,0,0,5,5,5,7,7,7,7,9,9,8,8,10,10,12,12,12,14,14,14,15,15,15
Боградский муниципальный район,0,0,5,5,5,7,7,7,7,9,9,9,9,10,10,12,12,12,14,14,14,15,15,15
Богучанский муниципальный район,0,0,5,5,5,7,7,7,7,9,9,9,9,10,10,12,12,12,14,14,14,15,15,15
Бокситогорский муниципальный район,0,0,5,5,5,7,7,7,7,9,9,9,9,10,10,12,12,12,14,14,14,15,15,15
Болотнинский муниципальный район,0,0,5,5,5,7,7,7,7,9,9,9,9,10,10,12,12,12,14,14,14,15,15,15
Болховский муниципальный район,0,0,5,5,5,7,7,7,7,9,9,9,9,10,10,12,12,12,14,14,14,15,15,15
Большеберезниковский муниципальный район,0,0,5,5,5,7,7,7,7,9,9,9,9,10,10,12,12,12,14,14,14,15,15,15
Большеболдинский муниципальный округ,0,0,5,5,5,7,7,7,7,9,9,9,9,10,10,12,12,12,14,14,14,15,15,15
Большеглушицкий муниципальный район,0,0,5,5,5,7,7,7,7,9,9,9,9,10,10,12,12,12,14,14,14,15,15,15
Большемурашкинский муниципальный округ,0,0,5,5,5,7,7,7,7,9,9,9,9,10,10,12,12,12,14,14,14,15,15,15
Большемуртинский муниципальный район,0,0,5,5,5,5,7,7,7,9,9,9,9,10,10,12,12,12,14,14,14,15,15,15
Большереченский муниципальный район,0,0,5,5,5,7,7,7,7,9,9,9,9,10,10,12,12,12,14,14,14,15,15,15
Большесельский муниципальный район,0,0,5,5,5,7,7,7,7,9,9,9,9,10,10,12,12,12,14,14,14,15,15,15
Большеуковский муниципальный район,0,0,5,5,5,7,7,7,7,9,9,9,9,10,10,12,12,12,14,14,14,15,15,15
Большеулуйский муниципальный район,0,0,5,5,5,7,7,7,7,9,9,9,9,10,10,12,12,12,14,14,14,15,15,15
Большечерниговский муниципальный район,0,0,5,5,5,7,7,7,7,9,9,9,9,10,10,12,12,12,14,14,14,15,15,15
Бондарский муниципальный округ,0,0,5,5,5,7,7,7,7,9,9,9,9,10,10,12,12,12,14,14,14,15,15,15
Борзинский муниципальный район,0,0,5,2,2,2,3,3,3,8,8,13,8,10,10,12,12,12,13,13,13,15,15,15
Борисоглебский муниципальный район,0,0,5,5,5,7,7,7,7,9,9,9,9,10,10,12,12,12,14,14,14,15,15,15
Боровичский муниципальный район,0,0,5,5,5,7,7,7,7,9,9,8,8,10,10,12,12,12,14,14,14,15,15,15
Боровский муниципальный район,0,0,5,5,5,7,7,7,7,9,9,8,8,10,10,12,12,12,14,14,14,15,15,15
Борский муниципальный район,0,0,5,5,5,7,7,7,7,9,9,9,9,10,10,12,12,12,14,14,14,15,15,15
Боханский муниципальный район,0,5,5,5,5,7,7,7,7,9,9,9,9,10,10,12,12,12,14,14,14,15,15,15
Братский муниципальный район,0,0,5,5,5,7,7,7,7,9,9,9,9,10,10,12,12,12,14,14,14,15,15,15
Брединский муниципальный район,0,0,5,5,5,7,7,7,7,9,9,9,9,10,10,12,12,12,14,14,14,15,15,15
Брейтовский муниципальный район,0,0,5,5,5,7,7,7,7,9,9,9,9,10,10,12,12,12,14,14,14,15,15,15
Бугульминский муниципальный район,0,0,2,2,2,2,2,2,7,8,8,8,8,10,11,12,12,12,14,14,14,15,15,15
Бугурусланский муниципальный район,0,0,5,5,5,7,7,7,7,9,9,9,9,10,10,12,12,12,14,14,14,15,15,15
Будённовский муниципальный округ,0,0,5,5,5,7,7,7,7,9,9,9,9,10,10,12,12,12,14,14,14,15,15,15
Буздякский муниципальный район,0,0,5,5,5,7,7,7,7,9,9,9,9,10,10,12,12,12,14,14,14,15,15,15
Буинский муниципальный район,0,0,5,5,5,7,7,7,7,9,9,9,9,10,10,12,12,12,14,14,14,15,15,15
Буйский муниципальный район,0,0,5,5,5,7,7,7,7,9,9,9,9,10,10,12,12,12,14,14,14,15,15,15
Булунский муниципальный район,3,3,3,3,3,3,3,3,3,3,13,13,13,13,13,13,13,13,13,13,13,13,13,13
Бураевский муниципальный район,0,0,5,5,5,7,7,7,7,9,9,9,9,10,10,12,12,12,14,14,14,15,15,15
Бурейский муниципальный округ,3,3,3,5,5,3,3,3,3,3,13,13,9,10,10,12,12,12,13,13,13,15,15,15
Бурзянский муниципальный район,0,0,5,5,5,7,7,7,7,9,9,9,9,10,10,12,12,12,14,14,14,15,15,15
Бурлинский муниципальный район,0,0,5,5,5,7,7,7,7,9,9,9,9,10,10,12,12,12,14,14,14,15,15,15
Бутурлинский муниципальный округ,0,0,5,5,5,7,7,7,7,9,9,9,9,10,10,12,12,12,14,14,14,15,15,15
Быковский муниципальный район,0,0,5,5,5,7,7,7,7,9,9,9,9,10,10,12,12,12,14,14,14,15,15,15
Быстроистокский муниципальный район,0,0,5,5,5,7,7,7,7,9,9,9,9,10,10,12,12,12,14,14,14,15,15,15
Вагайский муниципальный район,0,0,5,5,5,7,7,7,7,9,9,9,9,10,10,12,12,12,14,14,14,15,15,15
Вадинский муниципальный район,0,0,5,5,5,7,7,7,7,7,9,9,9,10,10,12,12,12,14,14,14,15,15,15
Вадский муниципальный округ,0,0,5,5,5,7,7,7,7,9,9,9,9,10,10,12,12,12,14,14,14,15,15,15
Валдайский муниципальный район,0,0,5,5,5,7,7,7,7,9,9,9,9,10,10,12,12,12,14,14,14,15,15,15
Ванинский муниципальный район,3,3,3,3,3,3,3,3,3,3,13,13,13,13,13,13,13,13,13,13,13,13,13,13
Варгашинский муниципальный округ,0,0,5,5,5,7,7,7,7,9,9,9,9,10,10,12,12,12,14,14,14,15,15,15
Варнавинский муниципальный округ,0,0,5,5,5,7,7,7,7,9,9,9,9,10,10,12,12,12,14,14,14,15,15,15
Варненский муниципальный район,0,0,5,5,5,7,7,7,7,9,9,9,9,10,10,12,12,12,14,14,14,15,15,15
Вачский муниципальный округ,0,0,5,5,5,7,7,7,7,9,9,9,9,10,10,12,12,12,14,14,14,15,15,15
Велижский муниципальный район,0,0,5,5,5,7,7,7,7,9,9,9,9,10,10,12,12,12,14,14,14,15,15,15
Великоустюгский муниципальный округ,0,0,5,5,5,7,7,7,7,9,9,9,9,10,10,12,12,12,14,14,14,15,15,15
Вельский муниципальный район,0,0,5,5,5,7,7,7,7,9,9,8,8,10,10,12,12,12,14,14,14,15,15,15
Венгеровский муниципальный район,0,0,5,5,5,7,7,7,7,9,9,9,9,10,10,12,12,12,14,14,14,15,15,15
Веневский муниципальный район,0,0,5,5,5,7,7,7,7,9,9,9,9,10,10,12,12,12,14,14,14,15,15,15
Верхнебуреинский муниципальный район,3,3,3,3,3,3,3,3,3,3,13,13,13,13,13,13,13,13,13,13,13,13,13,13
Верхневилюйский муниципальный район,3,3,3,3,3,3,3,3,3,3,13,13,13,13,13,13,13,13,13,13,13,13,13,13
Верхнекетский муниципальный район,0,5,5,5,5,7,7,7,7,9,9,9,9,10,10,12,12,12,14,14,15,15,15,15
Верхнеколымский муниципальный район,3,3,3,3,3,3,3,3,3,3,13,13,13,13,13,13,13,13,13,13,13,13,13,13
Верхнетоемский муниципальный округ,0,0,3,5,5,7,7,7,7,9,9,9,9,10,10,12,12,12,14,14,14,15,15,15
Верхнеуральский муниципальный район,0,0,5,5,5,7,7,7,7,9,9,9,9,10,10,12,12,12,14,14,14,15,15,15
Верхнеуслонский муниципальный район,0,0,2,2,5,7,7,2,7,9,9,9,8,13,10,12,12,12,12,14,14,15,15,15
Верховажский муниципальный округ,0,0,5,5,5,7,7,7,7,9,9,9,9,10,10,12,12,12,14,14,14,15,15,15
Верховский муниципальный район,0,0,5,5,5,7,7,7,7,9,9,9,9,10,10,12,12,12,14,14,14,15,15,15
Верхошижемский муниципальный район,0,0,5,5,5,7,7,7,7,9,9,9,9,10,10,12,12,12,14,14,14,15,15,15
Верхоянский муниципальный район,3,3,3,3,3,3,3,3,3,3,13,13,13,13,13,13,13,13,13,13,13,13,13,13
Ветлужский муниципальный округ,0,0,5,5,5,7,7,7,7,9,9,9,9,10,10,12,12,12,14,14,14,15,15,15
Вешкаймский муниципальный район,0,0,5,5,5,7,7,7,7,9,9,9,9,10,10,12,12,12,14,14,14,15,15,15
Викуловский муниципальный район,0,0,5,5,5,7,7,7,7,9,9,9,9,10,10,12,12,12,14,14,15,15,15,15
Вилюйский муниципальный район,3,3,3,3,3,3,3,3,3,3,13,13,13,13,13,13,13,13,13,13,13,13,13,13
Виноградовский муниципальный округ,0,0,5,5,5,7,7,7,7,9,9,9,9,10,10,12,12,12,14,14,14,15,15,15
Вичугский муниципальный район,0,0,5,5,5,7,7,7,7,9,9,9,9,10,10,12,12,12,14,14,14,15,15,15
Вожегодский муниципальный округ,0,0,5,5,5,7,7,7,7,9,9,9,9,10,10,12,12,12,14,14,14,15,15,15
Вознесенский муниципальный округ,0,0,5,5,5,7,7,7,7,9,9,9,9,10,10,12,12,12,14,14,14,15,15,15
Вологодский муниципальный округ,0,0,5,2,2,2,2,2,7,8,8,8,8,11,11,12,12,12,14,14,14,15,15,15
Володарский муниципальный округ,0,0,5,5,5,7,7,7,7,9,9,9,8,10,10,12,12,12,14,14,14,15,15,15
Волосовский муниципальный район,0,0,5,5,5,7,7,7,7,9,9,9,9,10,10,12,12,12,14,14,14,15,15,15
Волховский муниципальный район,0,0,5,5,2,7,7,7,7,9,9,8,8,10,10,12,12,12,14,14,14,15,15,15
Волчихинский муниципальный район,0,0,5,5,5,7,7,7,7,9,9,9,9,10,10,12,12,12,14,14,14,15,15,15
Вольский муниципальный район,0,0,5,5,5,7,7,7,7,9,9,9,9,10,10,12,12,12,14,14,14,15,15,15
Воскресенский муниципальный округ,0,0,5,5,5,7,7,7,7,9,9,9,9,10,10,12,12,12,14,14,14,15,15,15
Воскресенский муниципальный район,0,5,5,5,5,7,7,7,7,9,9,9,9,9,10,12,12,12,14,14,14,15,15,15
Вохомский муниципальный район,0,0,5,5,5,7,7,7,7,9,9,9,9,10,10,12,12,12,14,14,14,15,15,15
Всеволожский муниципальный район,1,1,1,4,4,4,4,4,4,8,8,8,8,11,11,11,11,11,16,16,16,16,16,16
Вурнарский муниципальный округ,0,0,5,5,5,7,7,7,7,9,9,9,9,10,10,12,12,12,14,14,14,15,15,15
Выборгский муниципальный район,0,2,2,2,2,2,2,2,2,8,8,8,8,11,11,11,11,11,14,16,16,16,16,16
Высокогорский муниципальный район,0,0,5,5,5,7,7,2,2,8,8,8,8,10,10,12,12,12,14,14,14,15,15,15
Вытегорский муниципальный район,0,0,5,5,5,7,7,7,7,9,9,9,9,10,10,12,12,12,14,14,14,15,15,15
Вязниковский муниципальный район,0,0,5,5,5,7,7,7,7,9,9,9,9,10,10,12,12,12,14,14,14,15,15,15
Вятскополянский муниципальный район,0,0,5,5,5,7,7,7,7,9,9,9,9,10,10,12,12,12,14,14,14,15,15,15
Гаврилов-Ямский муниципальный район,0,0,5,5,5,7,7,7,7,9,9,9,9,10,10,12,12,12,14,14,14,15,15,15
Гаврилово-Посадский муниципальный район,0,0,5,5,5,7,7,7,7,9,9,9,9,10,10,12,12,12,14,14,14,15,15,15
Гавриловский муниципальный округ,0,0,5,5,5,7,7,7,7,9,9,9,9,10,10,12,12,12,14,14,14,15,15,15
Гагаринский муниципальный район,0,0,5,5,5,7,7,7,7,9,9,8,8,10,10,12,12,12,14,14,14,15,15,15
Гагинский муниципальный округ,0,0,5,5,5,7,7,7,7,7,9,9,9,10,10,12,12,12,14,14,14,15,15,15
Газимуро-Заводский муниципальный округ,3,3,3,3,3,3,3,3,3,3,13,13,13,13,13,13,13,13,13,13,13,13,13,13
Галичский муниципальный район,0,5,5,5,5,7,7,7,7,9,9,9,9,10,10,12,12,12,14,14,14,15,15,15
Гатчинский муниципальный район,0,2,2,2,2,2,2,2,2,8,8,8,8,11,11,11,11,11,14,16,16,16,16,16
Гафурийский муниципальный район,0,0,5,5,5,7,7,7,7,9,9,9,9,10,10,12,12,12,14,14,14,15,15,15
Гдовский муниципальный район,0,0,5,5,5,7,7,7,7,9,9,9,9,10,10,12,12,12,14,14,14,15,15,15
Георгиевский муниципальный округ,0,0,5,5,5,7,2,2,7,9,9,9,9,10,10,12,12,14,14,14,14,15,15,15
Гиагинский муниципальный район,0,0,5,5,5,7,7,7,7,9,9,9,9,10,10,12,12,12,14,14,14,15,15,15
Глазуновский муниципальный район,0,0,5,5,5,7,7,7,7,9,9,9,9,10,10,12,12,12,14,14,14,15,15,15
Глинковский муниципальный район,0,0,5,5,5,7,7,7,7,9,9,9,9,10,10,12,12,12,14,14,14,15,15,15
Горномарийский муниципальный район,0,0,5,5,5,7,7,7,7,9,9,9,9,10,10,12,12,12,14,14,14,15,15,15
Горный муниципальный район,3,0,3,5,5,3,7,3,3,9,13,13,13,10,13,13,13,13,13,13,13,13,13,13
Городецкий муниципальный округ,0,0,5,5,5,7,7,7,7,9,9,8,8,10,10,12,12,12,14,14,14,15,15,15
Городовиковский муниципальный район,0,0,5,5,5,7,7,7,7,9,9,9,9,10,10,12,12,12,14,14,14,15,15,15
Гороховецкий муниципальный район,0,0,5,5,5,7,7,7,7,9,9,9,9,10,10,12,12,12,14,14,14,15,15,15
Горьковский муниципальный район,0,0,5,5,5,3,7,7,7,9,9,9,9,10,10,12,12,12,14,14,14,15,15,15
Грачёвский муниципальный округ,0,0,5,5,5,7,7,7,7,9,9,9,9,10,10,12,12,12,14,14,14,15,15,15
Грачёвский муниципальный район,0,0,5,5,5,7,7,7,7,9,9,9,9,10,10,12,12,12,14,14,14,15,15,15
Грязинский муниципальный район,0,0,5,5,5,7,7,7,7,9,9,9,9,10,10,12,12,12,14,14,14,15,15,15
Грязовецкий муниципальный округ,0,0,5,5,5,7,7,7,7,9,9,9,9,10,10,12,12,12,14,14,14,15,15,15
Гурьевский муниципальный округ,0,0,5,5,5,7,7,7,7,9,9,9,9,10,10,12,12,12,14,14,14,15,15,15
Гусь-Хрустальный муниципальный район,0,0,5,5,5,7,7,7,7,9,9,9,9,10,10,10,12,12,14,14,15,15,15,15
Давлекановский муниципальный район,0,0,5,5,5,7,7,7,7,8,9,9,9,10,10,12,12,12,14,14,14,15,15,15
Далматовский муниципальный округ,0,0,5,5,5,7,7,7,7,9,9,9,9,10,10,12,12,12,14,14,14,15,15,15
Дальнеконстантиновский муниципальный округ,0,0,5,5,5,7,7,7,7,9,9,9,9,10,10,12,12,12,14,14,14,15,15,15
Дальнереченский муниципальный район,0,0,0,5,5,7,7,7,7,7,7,7,9,13,13,13,13,13,13,13,13,15,15,15
Данковский муниципальный район,0,0,5,5,5,7,7,7,7,9,9,9,9,10,10,12,12,12,14,14,14,15,15,15
Даровской муниципальный район,0,0,5,5,5,7,7,7,7,9,9,9,9,10,10,12,12,12,14,14,14,15,15,15
Дедовичский муниципальный район,0,0,5,5,5,7,7,7,7,9,9,9,9,10,10,12,12,12,14,14,14,15,15,15
Демидовский муниципальный район,0,0,5,5,5,7,7,7,7,9,9,9,9,10,10,12,12,12,14,14,14,15,15,15
Дергачевский муниципальный район,0,0,5,5,5,7,7,7,7,9,9,9,9,10,10,12,12,12,14,14,14,15,15,15
Дзун-Хемчикский муниципальный район,5,5,5,5,5,7,7,7,7,7,9,9,9,10,10,12,12,12,14,14,14,13,15,15
Дивеевский муниципальный округ,0,0,5,5,5,7,7,7,7,9,9,9,9,10,10,12,12,12,14,14,14,15,15,15
Дигорский муниципальный район,0,5,5,5,5,7,6,6,6,6,6,6,10,10,10,12,12,12,14,14,14,14,15,15
Дновский муниципальный район,0,0,5,5,5,7,7,7,7,9,9,9,9,10,10,12,12,12,14,14,14,15,15,15
Добринский муниципальный район,0,0,5,5,5,7,7,7,7,9,9,9,9,10,10,12,12,12,14,14,14,15,15,15
Добровский муниципальный район,0,0,5,5,5,7,7,7,7,9,9,9,9,10,10,12,12,12,14,14,14,15,15,15
Доволенский муниципальный район,0,0,5,5,5,7,7,7,7,9,9,9,9,10,10,12,12,12,14,14,14,15,15,15
Долгоруковский муниципальный район,0,0,5,5,5,7,7,7,7,9,9,9,9,10,10,12,12,12,14,14,14,15,15,15
Должанский муниципальный район,0,0,5,5,5,7,7,7,7,9,9,9,9,10,10,12,12,12,14,14,14,15,15,15
Домбаровский муниципальный район,0,0,5,5,5,7,7,7,7,9,9,9,9,10,10,12,12,12,14,14,14,15,15,15
Дорогобужский муниципальный район,0,0,5,5,5,7,7,7,7,9,9,9,9,10,10,12,12,12,14,14,14,15,15,15
Дрожжановский муниципальный район,0,0,5,5,5,7,7,7,7,9,9,9,9,10,10,12,12,12,14,14,14,15,15,15
Дубовский муниципальный район,0,0,5,5,5,7,7,7,7,9,9,9,9,10,10,12,12,12,14,14,14,15,15,15
Дуванский муниципальный район,0,0,5,5,5,7,7,7,7,9,9,9,9,10,10,12,12,12,14,14,14,15,15,15
Дульдургинский муниципальный район,0,0,5,5,5,7,3,7,7,7,9,13,13,13,13,12,12,13,13,13,14,15,15,15
Думиничский муниципальный район,0,0,5,5,5,7,7,7,7,9,9,9,9,10,10,12,12,12,14,14,14,15,15,15
Духовницкий муниципальный район,0,0,5,5,5,7,7,7,7,9,9,9,9,10,10,12,12,12,14,14,14,15,15,15
Духовщинский муниципальный район,0,0,5,5,5,7,7,7,7,9,9,9,9,10,10,12,12,12,14,14,14,15,15,15
Дюртюлинский муниципальный район,0,0,5,5,2,2,7,7,7,8,8,8,8,10,10,12,12,12,14,14,14,15,15,15
Егорьевский муниципальный район,0,0,5,5,5,7,7,7,7,9,9,9,9,10,10,12,12,12,14,14,14,15,15,15
Екатериновский муниципальный район,0,0,5,5,5,7,7,7,7,9,9,9,9,10,10,12,12,12,14,14,14,15,15,15
Елабужский муниципальный район,0,0,2,2,2,2,2,2,2,8,8,8,8,11,11,12,12,12,14,14,14,15,15,15
Еланский муниципальный район,0,0,5,5,5,7,7,7,7,9,9,9,9,10,10,12,12,12,14,14,14,15,15,15
Елизовский муниципальный район,3,3,3,3,3,3,3,3,3,3,13,13,13,13,13,13,13,13,13,13,13,13,13,13
Елховский муниципальный район,0,0,5,5,5,7,7,7,7,9,9,9,9,10,10,12,12,12,14,14,14,15,15,15
Ельниковский муниципальный район,0,0,5,5,5,7,7,7,7,9,9,9,9,10,10,12,12,12,14,14,14,15,15,15
Ельнинский муниципальный район,0,0,5,5,5,7,7,7,7,9,9,9,9,10,10,12,12,12,14,14,14,15,15,15
Ельцовский муниципальный район,0,0,5,5,5,7,7,7,7,9,9,10,10,10,10,12,12,12,12,14,14,15,15,15
Еманжелинский муниципальный район,0,0,5,5,5,7,7,7,7,9,9,9,9,10,10,12,12,12,14,14,14,15,15,15
Емельяновский муниципальный район,0,0,2,2,2,2,2,2,7,8,8,8,11,11,11,12,12,12,14,14,14,15,15,15
Енисейский муниципальный район,3,0,5,5,5,7,7,7,7,9,9,9,9,10,10,12,12,12,13,14,14,15,15,15
Енотаевский муниципальный район,0,0,5,5,5,7,7,7,7,9,9,9,9,10,10,12,12,12,14,14,14,15,15,15
Ермаковский муниципальный район,0,0,5,5,5,7,7,7,7,9,9,9,9,10,10,12,12,12,14,14,14,15,15,15
Ермекеевский муниципальный район,0,0,5,5,5,7,7,7,7,9,9,9,9,10,10,12,12,12,14,14,14,15,15,15
Ермишинский муниципальный район,0,0,5,5,5,7,7,7,7,9,9,9,9,10,10,12,12,12,14,14,14,15,15,15
Ершичский муниципальный район,0,0,5,5,5,7,7,7,7,9,9,9,9,10,10,12,12,12,14,14,14,15,15,15
Ершовский муниципальный район,0,0,5,5,5,7,7,7,7,9,9,9,9,10,10,12,12,12,14,14,14,15,15,15
Еткульский муниципальный район,0,0,5,5,5,7,7,7,7,9,9,9,9,10,10,12,12,12,14,14,14,15,15,15
Жердевский муниципальный округ,0,0,5,5,5,7,7,7,7,9,9,9,9,10,10,12,12,12,14,14,14,15,15,15
Жигаловский муниципальный район,0,5,5,5,5,2,2,7,7,9,9,8,8,10,10,12,12,12,14,14,14,15,15,15
Жиздринский муниципальный район,0,0,5,5,5,7,7,7,7,9,9,9,9,10,10,12,12,12,14,14,14,15,15,15
Жирновский муниципальный район,0,0,5,5,5,7,7,7,7,9,9,9,9,10,10,12,12,12,14,14,14,15,15,15
Жуковский муниципальный район,0,0,5,5,5,7,7,7,7,9,9,9,9,10,10,12,12,12,14,14,14,15,15,15
Забайкальский муниципальный район,0,2,2,2,2,2,2,2,7,8,8,8,13,10,11,12,12,12,14,14,14,15,15,15
Завитинский муниципальный округ,3,3,3,5,5,3,3,3,3,3,9,9,9,10,10,12,12,12,13,13,13,15,15,15
Заволжский муниципальный район,0,0,5,5,5,7,7,7,7,9,9,9,9,10,10,12,12,12,14,14,14,15,15,15
Завьяловский муниципальный район,0,0,5,5,5,7,7,7,7,9,9,9,9,10,10,12,12,12,14,14,14,15,15,15
Задонский муниципальный район,0,0,5,5,5,7,7,7,7,9,9,9,9,10,10,12,12,12,14,14,14,15,15,15
Заинский муниципальный район,0,0,5,5,5,7,7,7,7,8,9,9,9,10,10,12,12,12,14,14,14,15,15,15
Заларинский муниципальный район,0,0,5,5,5,7,7,7,7,9,9,9,9,10,10,12,12,12,14,14,14,15,15,15
Залегощенский муниципальный район,0,0,5,5,5,7,7,7,7,9,9,9,9,10,10,12,12,12,14,14,14,15,15,15
Залесовский муниципальный округ,0,0,5,5,5,7,7,7,7,9,9,9,9,10,10,12,12,12,14,14,14,15,15,15
Заокский муниципальный район,0,0,5,5,5,7,7,7,7,9,9,8,8,10,10,12,12,12,14,14,14,15,15,15
Захаровский муниципальный район,0,0,5,5,5,7,7,7,7,7,9,9,9,10,10,12,12,12,14,14,14,15,15,15
Звениговский муниципальный район,0,0,5,5,5,7,7,7,7,9,9,9,9,10,10,12,12,12,14,14,14,15,15,15
Звериноголовский муниципальный округ,0,0,5,5,5,7,7,7,7,9,9,9,9,10,10,12,12,12,14,14,14,15,15,15
Здвинский муниципальный район,0,0,5,5,5,7,7,7,7,9,9,9,9,10,10,12,12,12,14,14,14,15,15,15
Зейский муниципальный округ,3,3,3,3,3,3,3,3,3,3,13,13,13,13,13,13,13,13,13,13,13,13,13,13
Зеленодольский муниципальный район,0,0,2,2,2,2,2,2,2,8,8,8,8,11,11,12,12,12,14,14,14,15,15,15
Зеленчукский муниципальный район,0,0,5,5,5,7,7,7,7,7,9,9,10,10,10,12,12,12,14,14,14,14,15,15
Земетчинский муниципальный район,0,0,5,5,5,7,7,7,7,9,9,9,9,10,10,12,12,12,14,14,14,15,15,15
Зианчуринский муниципальный район,0,0,5,5,5,7,7,7,7,9,9,9,9,10,10,12,12,12,14,14,14,15,15,15
Зилаирский муниципальный район,0,0,5,5,5,7,7,7,7,9,9,9,10,10,10,12,12,12,14,14,14,15,15,15
Зиминский муниципальный район,0,3,5,5,5,7,7,7,7,9,9,9,9,10,10,12,12,12,14,14,14,15,15,15
Змеиногорский муниципальный район,0,0,5,5,5,7,7,7,7,9,9,9,9,10,10,12,12,12,14,14,14,15,15,15
Знаменский муниципальный округ,0,0,5,5,5,7,7,7,7,9,9,9,9,10,10,12,12,12,14,14,14,15,15,15
Зональный муниципальный район,0,0,5,5,5,7,7,7,7,9,9,9,9,10,10,12,12,12,14,14,14,15,15,15
Зубово-Полянский муниципальный район,0,0,5,5,5,7,7,7,7,9,9,9,9,10,10,12,12,12,14,14,14,15,15,15
Зуевский муниципальный район,0,0,5,5,5,7,7,7,7,9,9,9,9,10,10,12,12,12,14,14,14,15,15,15
Зырянский муниципальный район,0,0,5,5,5,7,7,7,7,9,9,9,9,10,10,12,12,12,14,14,14,15,15,15
Ибресинский муниципальный округ,0,0,5,5,5,7,7,7,7,9,9,9,9,10,10,12,12,12,14,14,14,15,15,15
Ивановский муниципальный округ,3,3,3,3,3,3,3,3,3,3,13,13,13,10,10,12,12,12,13,13,13,15,15,15
Ивановский муниципальный район,0,0,2,2,2,2,2,2,2,9,8,8,8,11,11,11,12,11,14,14,14,15,15,15
Ивантеевский муниципальный район,0,0,5,5,5,7,7,7,7,9,9,9,9,10,10,12,12,12,14,14,14,15,15,15
Иглинский муниципальный район,0,0,5,5,5,2,7,7,7,9,8,8,8,10,10,12,12,12,14,14,14,15,15,15
Идринский муниципальный район,0,0,5,5,5,7,7,7,7,9,9,9,9,10,10,12,12,12,14,14,14,15,15,15
Ижемский муниципальный район,0,0,5,5,5,7,7,7,7,9,9,9,9,10,10,12,12,12,14,14,14,15,15,15
Ижморский муниципальный округ,0,0,5,5,5,7,7,7,7,9,9,9,9,10,10,12,12,12,14,14,14,15,15,15
Измалковский муниципальный район,0,0,5,5,5,7,7,7,7,9,9,9,9,10,10,12,12,12,14,14,14,15,15,15
Износковский муниципальный район,0,0,5,5,5,7,7,7,7,9,9,9,9,10,10,12,12,12,14,14,14,15,15,15
Изобильненский муниципальный округ,0,0,5,5,5,7,7,7,7,9,9,9,9,10,10,12,12,12,14,14,14,15,15,15
Икрянинский муниципальный район,0,0,5,5,5,7,7,7,7,9,9,9,9,10,10,12,12,12,14,14,14,15,15,15
Иланский муниципальный район,0,0,5,5,5,7,7,7,7,9,9,9,9,10,10,12,12,12,14,14,14,15,15,15
Илекский муниципальный район,0,0,5,5,5,7,7,7,7,9,9,9,9,10,10,12,12,12,14,14,14,15,15,15
Илишевский муниципальный район,0,0,5,5,5,7,7,7,7,9,9,9,9,10,10,12,12,12,14,14,14,15,15,15
Иловлинский муниципальный район,0,0,5,5,5,7,7,7,7,9,9,9,9,10,10,12,12,12,14,14,14,15,15,15
Ильинский муниципальный район,0,0,5,5,5,5,7,7,7,9,9,9,9,10,10,12,12,14,14,14,14,15,15,15
Инжавинский муниципальный округ,0,0,5,5,5,7,7,7,7,9,9,9,9,10,10,12,12,12,14,14,14,15,15,15
Инзенский муниципальный район,0,0,5,5,5,7,7,7,7,9,9,9,9,10,10,12,12,12,14,14,14,15,15,15
Инсарский муниципальный район,0,0,5,5,5,7,7,7,7,9,9,9,9,10,10,12,12,12,14,14,14,15,15,15
Ипатовский муниципальный округ,0,0,5,5,5,7,7,7,7,9,9,9,9,10,10,12,12,12,14,14,14,15,15,15
Ирафский муниципальный район,0,0,5,5,5,7,7,7,7,7,9,9,9,10,10,12,12,12,14,14,14,14,15,15
Ирбейский муниципальный район,0,0,5,5,5,7,7,7,7,9,9,9,9,10,10,12,12,12,14,14,14,15,15,15
Иркутский муниципальный район,0,0,2,2,2,2,2,2,2,8,8,8,8,11,11,11,12,12,14,16,16,15,15,15
Исаклинский муниципальный район,0,0,5,5,5,7,7,7,7,9,9,9,9,10,10,12,12,12,14,14,14,15,15,15
Исетский муниципальный район,0,0,5,5,5,7,7,7,7,9,9,9,9,10,10,12,12,12,14,14,14,15,15,15
Исилькульский муниципальный район,0,0,5,5,5,7,7,7,7,9,9,9,9,10,10,12,12,12,14,14,14,15,15,15
Искитимский муниципальный район,0,0,5,5,5,7,7,7,7,9,9,9,9,10,10,12,12,12,14,14,14,15,15,15
Иссинский муниципальный район,0,0,5,5,5,7,7,7,7,9,9,9,9,10,12,12,12,12,14,14,14,14,15,15
Ичалковский муниципальный район,0,0,5,5,5,7,7,7,7,9,9,9,9,10,10,12,12,12,14,14,14,15,15,15
Ишимбайский муниципальный район,0,0,2,2,2,2,2,2,2,8,8,8,8,11,11,12,12,12,14,14,14,15,15,15
Ишимский муниципальный район,0,0,5,5,5,7,7,7,7,9,9,9,9,10,10,12,12,12,14,14,14,15,15,15
Каа-Хемский муниципальный район,0,5,5,5,5,7,7,7,7,7,9,9,9,10,10,12,12,12,12,14,14,14,15,15
Кавалеровский муниципальный округ,3,3,3,5,5,3,3,3,3,3,13,13,13,10,10,12,12,12,13,13,13,15,15,15
Кадомский муниципальный район,0,0,5,5,5,7,7,7,7,7,9,9,9,10,10,12,12,12,14,14,14,15,15,15
Кадошкинский муниципальный район,0,0,5,5,5,7,7,7,7,9,9,9,9,10,10,12,12,12,14,14,14,15,15,15
Кадуйский муниципальный округ,0,0,5,5,5,7,7,7,7,9,9,9,9,10,10,12,12,12,14,14,14,15,15,15
Кадыйский муниципальный район,0,0,5,5,5,7,7,7,7,9,9,9,9,10,10,12,12,12,14,14,14,15,15,15
Казанский муниципальный район,0,0,5,5,5,7,7,7,7,9,9,9,9,10,10,12,12,12,14,14,14,15,15,15
Казачинский муниципальный район,0,0,5,5,5,7,7,7,7,9,9,9,9,10,10,12,12,12,14,14,14,15,15,15
Казачинско-Ленский муниципальный район,3,3,3,5,5,7,7,7,7,9,9,9,9,10,10,12,12,12,14,14,14,15,15,15
Кайбицкий муниципальный район,0,0,5,5,5,7,7,7,7,9,9,9,9,10,10,12,12,12,14,14,14,15,15,15
Каларский муниципальный округ,0,3,3,3,3,3,3,3,3,3,13,13,8,13,13,13,13,13,13,13,13,13,13,13
Калачевский муниципальный район,0,0,5,5,5,7,7,7,7,9,9,9,9,10,10,12,12,12,14,14,14,15,15,15
Калачинский муниципальный район,0,0,5,5,5,7,7,7,7,9,9,9,9,10,10,12,12,12,14,14,14,15,15,15
Калганский муниципальный округ,0,5,5,5,3,3,3,3,3,3,13,13,13,13,13,13,13,13,13,13,14,15,15,15
Калевальский муниципальный район,5,5,5,5,5,5,7,7,7,7,7,7,9,10,10,12,12,12,14,14,14,15,15,15
Калининский муниципальный район,0,0,5,5,5,7,7,7,7,9,9,9,9,10,10,12,12,12,14,14,14,15,15,15
Калманский муниципальный район,0,0,5,5,5,7,7,7,7,9,9,9,9,10,10,12,12,12,14,14,14,15,15,15
Калтасинский муниципальный район,0,0,5,5,5,7,7,7,7,9,9,9,9,10,10,12,12,12,14,14,14,15,15,15
Камешкирский муниципальный район,0,0,5,5,5,7,7,7,7,9,9,9,9,10,10,12,12,12,14,14,14,15,15,15
Камешковский муниципальный район,0,0,5,5,5,7,7,7,7,9,9,9,9,10,10,12,12,12,14,14,14,15,15,15
Камско-Устьинский муниципальный район,0,0,5,5,5,7,7,7,7,9,9,9,9,10,10,12,12,12,14,14,14,15,15,15
Камызякский муниципальный район,0,0,5,5,5,7,7,7,7,9,9,9,9,10,10,12,12,12,14,14,14,15,15,15
Камышлинский муниципальный район,0,0,5,5,5,7,7,7,7,9,9,9,9,10,10,12,12,12,14,14,14,15,15,15
Камышловский муниципальный район,0,0,5,2,2,2,2,3,2,8,8,8,13,10,11,12,12,12,13,14,14,15,15,15
Кандалакшский муниципальный район,0,0,2,5,2,2,2,2,2,13,13,13,13,13,13,13,13,13,13,13,13,13,13,13
Карагинский муниципальный район,3,3,3,3,3,3,3,3,3,3,13,13,13,13,13,13,13,13,13,13,13,13,13,13
Караидельский муниципальный район,0,0,5,5,5,7,7,7,7,9,9,9,9,10,10,12,12,12,14,14,14,15,15,15
Карасукский муниципальный район,0,0,5,5,5,7,7,7,7,9,9,9,9,10,10,12,12,12,14,14,14,15,15,15
Каратузский муниципальный район,0,0,5,5,5,7,7,7,7,9,9,9,9,10,10,12,12,12,14,14,14,15,15,15
Каргапольский муниципальный округ,0,0,5,5,5,7,7,7,7,9,9,9,9,10,10,12,12,12,14,14,14,15,15,15
Каргасокский муниципальный район,0,0,5,5,5,5,5,5,7,7,7,9,9,10,10,10,12,13,13,13,13,13,13,15
Каргатский муниципальный район,0,0,5,5,5,7,7,7,7,9,9,9,9,10,10,12,12,12,14,14,14,15,15,15
Кардымовский муниципальный район,0,0,5,5,5,7,7,7,7,9,9,9,9,10,10,12,12,12,14,14,14,15,15,15
Кармаскалинский муниципальный район,0,0,5,5,5,7,7,7,7,9,9,9,9,10,10,12,12,12,14,14,14,15,15,15
Карсунский муниципальный район,0,0,5,5,5,7,7,7,7,9,9,9,9,10,10,12,12,12,14,14,14,15,15,15
Карталинский муниципальный район,0,0,5,5,5,7,7,7,7,9,9,9,9,10,10,12,12,12,14,14,14,15,15,15
Карымский муниципальный район,0,0,5,5,2,2,7,7,7,8,8,8,9,10,10,12,12,12,13,13,13,15,15,15
Касимовский муниципальный район,0,0,5,5,5,7,7,7,7,9,9,9,9,10,10,12,12,12,14,14,14,15,15,15
Каслинский муниципальный район,0,0,5,5,5,7,7,7,7,9,9,9,9,10,10,12,12,12,14,14,14,15,15,15
Катав-Ивановский муниципальный район,0,0,5,5,5,7,7,7,7,9,9,9,9,10,10,12,12,12,14,14,14,15,15,15
Катайский муниципальный округ,0,0,5,5,5,7,7,7,7,9,9,9,9,10,10,12,12,12,14,14,14,15,15,15
Катангский муниципальный район,3,3,3,3,3,3,3,3,3,3,13,13,13,13,10,13,13,13,13,13,13,13,13,13
Качугский муниципальный район,0,0,5,5,5,7,7,7,7,8,9,9,9,10,10,12,12,12,14,14,14,15,15,15
Кваркенский муниципальный район,0,0,5,5,5,7,7,7,7,9,9,9,9,10,10,12,12,12,14,14,14,15,15,15
Кежемский муниципальный район,0,0,0,5,5,7,7,7,7,9,9,9,9,10,10,12,12,12,14,14,14,15,15,15
Кемеровский муниципальный округ,0,0,2,2,2,2,2,2,2,8,8,8,8,11,11,11,12,12,14,14,14,15,15,15
Кемский муниципальный район,0,0,5,5,5,7,7,7,7,9,9,9,9,10,10,12,12,12,14,14,14,15,15,15
Кигинский муниципальный район,0,0,5,5,5,7,7,7,7,9,9,9,9,10,10,12,12,12,14,14,14,15,15,15
Кизильский муниципальный район,0,0,5,5,5,7,7,7,7,9,9,9,9,10,10,12,12,12,14,14,14,15,15,15
Киквидзенский муниципальный район,0,0,5,5,5,7,7,7,7,9,9,9,9,10,10,12,12,12,14,14,14,15,15,15
Килемарский муниципальный район,0,0,5,5,5,7,7,7,7,9,9,9,9,10,10,12,12,12,14,14,14,15,15,15
Кильмезский муниципальный район,0,0,5,5,5,7,7,7,7,9,9,9,9,10,10,12,12,12,14,14,14,15,15,15
Кимовский муниципальный район,0,0,5,5,5,7,7,7,7,9,9,9,9,10,10,12,12,12,14,14,14,15,15,15
Кингисеппский муниципальный район,0,0,2,2,2,2,2,2,2,13,13,13,13,13,13,13,13,13,13,16,13,13,13,13
Кинель-Черкасский муниципальный район,0,0,5,5,5,7,7,7,7,9,9,9,9,10,10,12,12,12,14,14,14,15,15,15
Кинельский муниципальный район,0,0,5,5,5,7,7,7,7,9,9,9,9,10,10,12,12,12,14,14,14,15,15,15
Кинешемский муниципальный район,0,0,5,5,5,7,7,7,7,9,9,9,9,10,10,12,12,12,14,14,14,15,15,15
Киреевский муниципальный район,0,0,5,5,5,7,7,7,7,9,9,9,9,10,10,12,12,12,14,14,14,15,15,15
Киренский муниципальный район,3,3,3,5,5,7,7,3,7,9,9,8,9,10,10,12,12,12,14,14,14,15,15,15
Киржачский муниципальный район,0,0,5,5,5,7,7,7,7,9,9,8,8,10,10,12,12,12,14,14,14,15,15,15
Кирилловский муниципальный округ,0,0,5,5,5,7,7,7,7,7,9,9,9,10,10,12,12,12,14,14,14,15,15,15
Киришский муниципальный район,0,0,5,5,2,2,2,2,2,13,13,13,13,10,13,13,13,13,13,13,13,13,13,13
Кирово-Чепецкий муниципальный район,0,0,5,5,5,7,7,7,7,9,9,9,9,10,10,12,12,12,14,14,14,15,15,15
Кировский муниципальный округ,0,0,5,5,5,7,7,7,7,9,9,9,9,9,10,12,12,12,12,14,14,15,15,15
Кичменгско-Городецкий муниципальный округ,0,0,5,5,5,7,7,7,7,9,9,9,9,10,10,12,12,12,14,14,14,15,15,15
Клепиковский муниципальный район,0,0,5,5,5,7,7,7,7,9,9,9,9,10,10,12,12,12,14,14,14,15,15,15
Клетский муниципальный район,0,0,5,5,5,7,7,7,7,9,9,9,9,10,10,12,12,12,14,14,14,15,15,15
Ключевский муниципальный район,0,0,5,5,5,7,7,7,7,9,9,9,9,10,10,12,12,12,14,14,14,15,15,15
Клявлинский муниципальный район,0,0,5,5,5,7,7,7,7,9,9,9,9,10,10,12,12,12,14,14,14,15,15,15
Княгининский муниципальный округ,0,0,5,5,5,7,7,7,7,9,9,9,9,10,10,12,12,12,14,14,14,15,15,15
Княжпогостский муниципальный район,0,0,5,5,5,7,7,7,7,9,9,9,8,10,10,12,12,12,14,14,14,15,15,15
Кобяйский муниципальный район,3,3,3,3,3,3,3,3,3,3,13,13,13,13,13,13,13,13,13,13,13,13,13,13
Ковдорский муниципальный округ,0,0,2,2,2,2,2,2,2,13,13,13,13,13,13,13,13,13,13,13,13,13,13,13
Ковернинский муниципальный округ,0,0,5,5,5,7,7,7,7,9,9,9,9,10,10,12,12,12,14,14,14,15,15,15
Ковылкинский муниципальный район,0,0,5,5,5,7,7,7,7,9,9,9,9,10,10,12,12,12,14,14,14,15,15,15
Кожевниковский муниципальный район,0,0,5,5,5,7,7,7,7,9,9,9,9,10,10,12,12,12,14,14,14,15,15,15
Козельский муниципальный район,0,0,5,5,5,7,7,7,7,9,9,9,9,10,10,12,12,12,14,14,14,15,15,15
Козловский муниципальный округ,0,0,5,5,5,7,7,7,7,9,9,9,9,10,10,12,12,12,14,14,14,15,15,15
Козульский муниципальный район,0,0,5,5,5,7,7,7,7,9,9,9,9,10,10,12,12,12,14,14,14,15,15,15
Койгородский муниципальный район,0,0,5,5,5,7,7,7,7,9,9,9,9,10,10,12,12,12,14,14,14,15,15,15
Кологривский муниципальный округ,0,0,5,5,5,7,7,7,7,9,9,9,9,10,10,12,12,12,14,14,14,15,15,15
Колосовский муниципальный район,0,0,5,5,5,7,7,7,7,9,9,9,9,10,10,12,12,12,14,14,14,15,15,15
Колпашевский муниципальный район,0,3,5,5,5,7,7,7,7,9,9,9,9,10,10,12,12,12,14,14,14,15,15,15
Колпнянский муниципальный район,0,0,0,5,5,7,7,7,7,9,9,9,9,10,10,12,12,12,14,14,14,15,15,15
Колыванский муниципальный район,0,0,5,5,5,7,7,7,7,9,9,9,9,10,10,12,12,12,14,14,14,15,15,15
Колышлейский муниципальный район,0,0,5,5,5,7,7,7,7,9,9,9,9,10,10,12,12,12,14,14,14,15,15,15
Кольский муниципальный район,0,0,2,5,2,2,2,2,2,9,13,8,13,13,13,13,13,13,13,13,14,15,15,15
Кольчугинский муниципальный район,0,0,5,5,5,7,7,7,7,9,9,8,8,10,10,12,12,12,14,14,14,15,15,15
Комсомольский муниципальный округ,0,0,5,5,5,7,7,7,7,9,9,9,9,10,10,12,12,12,14,14,14,15,15,15
Кондинский муниципальный район,0,0,5,5,5,7,7,7,7,9,9,8,8,10,10,12,12,12,14,14,14,15,15,15
Кондопожский муниципальный район,0,0,2,2,2,2,2,7,7,8,8,8,8,10,10,12,12,12,14,14,14,15,15,15
Коношский муниципальный район,0,0,5,5,5,7,7,7,7,9,9,9,9,10,10,12,12,12,14,14,14,15,15,15
Константиновский муниципальный район,3,3,3,5,5,3,3,3,3,3,9,9,9,10,10,12,12,12,13,13,13,15,15,15
Кораблинский муниципальный район,0,0,5,5,5,7,7,7,7,9,9,9,9,10,10,12,12,12,14,14,14,15,15,15
Коркинский муниципальный округ,0,0,5,5,5,7,7,7,7,9,9,9,9,10,10,12,12,12,14,14,14,15,15,15
Кормиловский муниципальный район,0,0,5,5,5,7,7,7,7,9,9,9,9,10,10,12,12,12,14,14,14,15,15,15
Корткеросский муниципальный район,0,0,5,5,5,7,7,7,9,9,9,9,9,10,10,12,12,12,14,14,14,15,15,15
Косихинский муниципальный район,0,0,5,5,5,7,7,7,7,9,9,9,9,10,10,12,12,12,14,14,14,15,15,15
Костромской муниципальный район,0,0,5,5,5,7,7,7,7,9,9,8,8,10,10,12,12,12,14,14,14,15,15,15
Котельниковский муниципальный район,0,0,5,5,5,7,7,7,7,9,9,9,9,10,10,12,12,12,14,14,14,15,15,15
Котельничский муниципальный район,0,0,5,5,5,3,7,7,7,9,9,9,9,10,10,12,12,12,14,14,14,15,15,15
Котласский муниципальный округ,0,0,5,5,5,7,7,7,7,9,9,9,9,10,10,12,12,12,14,14,14,15,15,15
Котовский муниципальный район,0,0,5,5,5,7,7,7,7,9,9,9,9,10,10,12,12,12,14,14,14,15,15,15
Коченевский муниципальный район,0,0,5,5,5,7,7,7,7,9,9,9,9,10,10,12,12,12,14,14,14,15,15,15
Кочковский муниципальный район,0,0,5,5,5,7,7,7,7,9,9,9,9,10,10,12,12,12,14,14,14,15,15,15
Кочубеевский муниципальный округ,0,0,5,5,5,7,7,7,7,9,9,9,9,10,10,12,12,12,14,14,14,15,15,15
Кош-Агачский муниципальный район,5,5,5,5,5,7,7,7,7,7,13,9,9,10,10,12,12,12,14,14,14,13,13,15
Кошехабльский муниципальный район,0,0,5,5,5,7,7,7,7,9,9,9,9,10,10,12,12,12,14,14,14,15,15,15
Кошкинский муниципальный район,0,0,5,5,5,7,7,7,7,9,9,9,9,10,10,12,12,12,14,14,14,15,15,15
Крапивинский муниципальный округ,0,0,5,5,5,7,7,7,7,9,9,9,9,10,10,12,12,12,14,14,14,15,15,15
Краснобаковский муниципальный округ,0,0,5,5,5,7,7,7,7,9,9,9,9,10,10,12,12,12,14,14,14,15,15,15
Красноборский муниципальный округ,0,0,5,5,5,7,7,7,7,9,9,9,9,10,10,12,12,12,14,14,14,15,15,15
Красногвардейский муниципальный округ,0,0,5,5,5,7,7,7,7,9,9,9,9,10,10,12,12,12,14,14,14,15,15,15
Красногорский муниципальный район,0,0,5,5,5,7,7,7,7,9,9,9,9,10,10,12,12,12,14,14,14,15,15,15
Краснозерский муниципальный район,0,0,5,5,5,7,7,7,7,9,9,9,9,10,10,12,12,12,14,14,14,15,15,15
Краснозоренский муниципальный район,0,0,5,5,5,7,7,7,7,9,9,9,9,10,10,12,12,12,14,14,14,15,15,15
Краснокамский муниципальный район,0,0,5,5,5,7,7,7,7,9,9,9,9,10,10,12,12,12,14,14,14,15,15,15
Краснокутский муниципальный район,0,0,5,5,5,7,7,7,7,9,9,9,9,10,10,12,12,12,14,14,14,15,15,15
Краснооктябрьский муниципальный округ,0,0,5,5,5,7,7,7,7,9,9,9,9,10,10,12,12,12,14,14,14,15,15,15
Краснопартизанский муниципальный район,0,0,5,5,5,7,7,7,7,9,9,9,9,10,10,12,12,12,14,14,14,15,15,15
Красносельский муниципальный район,0,0,5,5,5,7,7,7,7,9,9,9,9,10,10,12,12,12,14,14,14,15,15,15
Краснослободский муниципальный район,0,0,5,5,5,7,7,7,7,9,9,9,9,10,10,12,12,12,14,14,14,15,15,15
Краснотуранский муниципальный район,0,0,5,5,5,7,7,7,7,9,9,9,9,10,10,12,12,12,14,14,14,15,15,15
Красночетайский муниципальный округ,0,0,5,5,5,7,7,7,7,9,9,9,10,10,10,12,12,12,14,14,14,15,15,15
Красночикойский муниципальный район,0,0,5,5,5,7,3,7,7,9,8,13,13,10,10,12,12,12,13,13,15,15,15,15
Краснощёковский муниципальный район,0,0,5,5,5,7,7,7,7,9,9,9,9,10,10,12,12,12,14,14,14,15,15,15
Кривошеинский муниципальный район,0,0,5,5,5,7,7,7,7,9,9,9,9,10,10,12,12,12,14,14,14,15,15,15
Кромской муниципальный район,0,0,5,5,5,7,7,7,7,9,9,9,9,10,10,12,12,12,14,14,14,15,15,15
Крутинский муниципальный район,0,0,5,5,5,7,7,7,7,9,9,9,9,10,10,12,12,12,14,14,14,15,15,15
Крутихинский муниципальный район,0,0,5,5,5,7,7,7,7,9,9,9,9,10,10,12,12,12,14,14,14,15,15,15
Кстовский муниципальный округ,0,0,2,2,2,2,2,2,2,8,8,8,8,11,11,11,12,12,14,14,14,15,15,15
Кугарчинский муниципальный район,0,0,5,5,5,7,7,7,7,9,9,9,9,10,10,12,12,12,14,14,14,14,15,15
Куженерский муниципальный район,0,0,5,5,5,7,7,7,7,9,9,9,9,10,10,12,12,12,14,14,14,15,15,15
Кузоватовский муниципальный район,0,0,5,5,5,7,7,7,7,9,9,9,9,10,10,12,12,12,14,14,14,15,15,15
Куйтунский муниципальный район,0,0,5,5,5,7,7,7,9,9,9,9,9,10,10,12,12,12,14,14,14,15,15,15
Кукморский муниципальный район,0,0,5,5,5,7,7,7,7,9,9,9,9,10,10,12,12,12,14,14,14,15,15,15
Кулундинский муниципальный район,0,0,5,5,5,7,7,7,7,9,9,9,9,10,10,12,12,12,14,14,14,15,15,15
Куменский муниципальный район,0,3,3,5,5,7,7,7,7,9,9,9,9,10,10,12,12,12,14,14,14,15,15,15
Кумылженский муниципальный район,0,0,5,5,5,7,7,7,7,9,9,9,9,10,10,12,12,12,14,14,14,15,15,15
Кунашакский муниципальный район,0,0,5,5,5,7,7,7,7,9,9,9,9,10,10,12,12,12,14,14,14,15,15,15
Купинский муниципальный район,0,0,5,5,5,7,7,7,7,9,9,9,9,10,10,12,12,12,14,14,14,15,15,15
Курагинский муниципальный район,0,0,5,5,5,7,7,7,7,9,9,9,9,10,10,12,12,12,14,14,14,15,15,15
Куркинский муниципальный район,0,0,5,5,5,7,7,7,7,9,9,9,9,10,10,12,12,12,14,14,14,15,15,15
Курманаевский муниципальный район,0,0,5,5,5,7,7,7,7,9,9,9,9,10,10,12,12,12,14,14,14,15,15,15
Курский муниципальный округ,0,0,5,7,7,7,7,7,7,7,9,9,9,10,10,12,12,12,14,14,14,14,15,15
Куртамышский муниципальный округ,0,0,5,5,5,7,7,7,7,9,9,9,9,10,10,12,12,12,14,14,14,15,15,15
Курьинский муниципальный район,0,0,5,5,5,7,7,7,7,9,9,9,9,10,10,12,12,12,14,14,14,15,15,15
Кусинский муниципальный район,0,0,5,5,5,7,7,7,7,9,9,9,9,10,10,12,12,12,14,14,14,15,15,15
Кушнаренковский муниципальный район,0,0,5,5,5,7,7,7,7,9,9,9,9,10,10,12,12,12,14,14,14,15,15,15
Кызылский муниципальный район,5,5,5,5,5,7,7,7,7,7,13,13,9,10,13,13,13,13,13,13,13,13,13,15
Кыринский муниципальный район,5,5,5,5,5,3,3,3,3,3,13,13,13,13,13,13,12,12,13,13,14,15,15,15
Кытмановский муниципальный район,0,0,5,5,5,7,7,7,7,9,9,9,9,10,10,12,12,12,14,14,14,15,15,15
Кыштовский муниципальный район,0,0,5,5,5,7,7,7,7,9,9,9,9,10,10,12,12,12,14,14,14,15,15,15
Лаганский муниципальный район,0,0,5,5,5,7,7,7,7,9,9,9,9,10,10,12,12,12,14,14,14,15,15,15
Лазовский муниципальный округ,3,3,3,5,5,3,3,3,3,3,9,9,9,10,12,12,12,12,12,14,14,15,15,15
Лаишевский муниципальный район,0,0,2,2,2,2,2,2,2,8,8,8,8,11,11,11,12,12,14,14,14,15,15,15
Лахденпохский муниципальный район,0,0,5,5,5,7,7,7,7,9,9,9,9,10,10,12,12,12,14,14,14,15,15,15
Лебедянский муниципальный район,0,0,5,5,5,7,7,7,7,9,9,9,9,10,10,12,12,12,14,14,14,15,15,15
Лебяжьевский муниципальный округ,0,0,5,5,5,7,7,7,7,9,9,9,9,10,10,12,12,12,14,14,14,15,15,15
Лев-Толстовский муниципальный район,0,0,5,5,5,7,7,7,7,9,9,9,9,10,10,12,12,12,14,14,14,15,15,15
Левокумский муниципальный округ,0,0,5,5,5,7,7,7,7,9,9,9,9,10,10,12,12,12,14,14,14,15,15,15
Лежневский муниципальный район,0,0,5,5,5,7,7,7,9,9,9,9,9,10,10,12,12,12,14,14,14,15,15,15
Лениногорский муниципальный район,0,0,5,2,2,2,2,2,7,8,8,8,8,10,11,12,12,12,14,14,14,15,15,15
Лиманский муниципальный район,0,0,5,5,5,7,7,7,7,9,9,9,9,10,10,12,12,12,14,14,14,15,15,15
Ловозерский муниципальный район,0,0,5,5,5,5,5,5,5,5,9,10,10,10,10,12,12,12,14,14,14,15,15,15
Лодейнопольский муниципальный район,0,0,5,5,5,7,7,7,7,9,9,8,8,10,10,12,12,12,14,14,14,15,15,15
Локтевский муниципальный район,0,0,5,5,5,7,7,7,7,9,9,9,9,10,10,12,12,12,14,14,14,15,15,15
Ломоносовский муниципальный район,0,2,2,2,2,2,2,2,2,8,8,8,8,11,11,11,11,11,14,16,16,16,16,16
Лопатинский муниципальный район,0,0,5,5,5,7,7,7,7,7,9,9,9,10,10,12,12,12,14,14,14,15,15,15
Лоухский муниципальный район,0,0,5,5,5,7,7,7,7,9,9,9,9,10,10,12,12,12,14,14,14,15,15,15
Лужский муниципальный район,0,0,2,2,2,2,2,2,2,8,8,8,8,11,11,11,12,11,14,16,16,16,16,13
Лукояновский муниципальный округ,0,0,5,5,5,7,7,7,7,9,9,9,9,10,10,12,12,12,14,14,14,15,15,15
Лунинский муниципальный район,0,0,5,5,5,7,7,7,7,7,9,9,9,10,10,12,12,12,14,14,14,15,15,15
Лухский муниципальный район,0,0,5,5,5,7,7,7,7,7,9,9,9,9,9,12,12,14,14,14,14,14,15,15
Лысковский муниципальный округ,0,0,5,5,5,7,7,7,7,9,9,9,9,10,10,12,12,12,14,14,14,15,15,15
Лысогорский муниципальный район,0,0,5,5,5,7,7,7,7,9,9,9,9,10,10,12,12,12,14,14,14,15,15,15
Любимский муниципальный район,0,0,5,5,5,7,7,7,7,9,9,9,9,10,10,12,12,12,14,14,14,15,15,15
Любинский муниципальный район,0,0,5,5,5,7,7,7,7,9,9,9,9,10,10,12,12,12,14,14,14,15,15,15
Любытинский муниципальный район,0,0,5,5,5,7,7,7,7,9,9,9,9,10,10,12,12,12,14,14,14,15,15,15
Людиновский муниципальный район,0,0,5,5,5,7,7,7,7,9,9,9,9,10,10,12,12,12,14,14,14,15,15,15
Лямбирский муниципальный район,0,0,5,5,5,7,7,7,7,9,9,9,9,10,10,12,12,12,14,14,14,15,15,15
Магдагачинский муниципальный район,3,3,3,5,5,3,3,3,3,3,13,13,13,10,10,12,12,12,13,13,13,15,15,15
Мазановский муниципальный район,3,3,3,3,3,3,3,3,3,3,13,13,13,13,13,13,12,12,13,13,13,15,15,15
Майкопский муниципальный район,5,5,5,5,5,7,7,7,7,7,9,9,9,10,10,12,12,12,12,14,14,15,15,15
Майминский муниципальный район,0,0,5,5,2,2,2,2,7,8,8,8,8,10,11,12,12,12,14,14,14,15,15,15
Майнский муниципальный район,0,0,5,5,5,7,7,7,7,9,9,9,9,10,10,12,12,12,14,14,14,15,15,15
Майский муниципальный район,0,0,5,5,7,7,7,7,7,9,9,9,9,10,10,12,12,12,14,14,14,14,15,15
Макарьевский муниципальный район,0,0,5,5,5,7,7,7,7,9,9,9,9,10,10,12,12,12,14,14,14,15,15,15
Малмыжский муниципальный район,0,0,5,5,5,7,7,7,7,9,9,9,9,10,10,12,12,12,14,14,14,15,15,15
Малоархангельский муниципальный район,0,0,5,5,5,7,7,7,7,9,9,9,9,10,10,12,12,12,14,14,14,15,15,15
Маловишерский муниципальный район,0,0,5,5,5,7,7,7,7,9,9,9,9,10,10,12,12,12,14,14,14,15,15,15
Малодербетовский муниципальный район,0,0,5,7,7,7,7,7,7,7,9,9,9,9,10,12,12,12,14,14,14,15,15,15
Малосердобинский муниципальный район,0,0,5,5,5,7,7,7,7,7,9,9,9,10,10,12,12,12,14,14,14,15,15,15
Малоярославецкий муниципальный район,0,0,5,5,5,7,7,7,7,9,9,8,8,10,10,12,12,12,14,14,14,15,15,15
Мамадышский муниципальный район,0,0,5,5,5,7,7,7,7,9,9,9,9,10,10,12,12,12,14,14,14,15,15,15
Мамонтовский муниципальный район,0,0,5,5,5,7,7,7,7,9,9,9,9,10,10,12,12,12,14,14,14,15,15,15
Манский муниципальный район,0,0,5,5,5,7,7,7,7,9,9,9,9,10,10,12,12,12,14,14,14,15,15,15
Мантуровский муниципальный округ,0,0,5,5,5,7,7,7,7,9,9,9,9,10,10,12,12,12,14,14,14,15,15,15
Мари-Турекский муниципальный район,0,0,5,5,5,7,7,7,7,9,9,9,9,10,10,12,12,12,14,14,14,15,15,15
Мариинский муниципальный округ,0,0,5,5,5,7,7,7,7,9,9,9,9,10,10,12,12,12,14,14,14,15,15,15
Мариинско-Посадский муниципальный округ,0,0,5,5,7,7,7,7,7,9,9,9,9,10,10,12,12,12,14,14,14,15,15,15
Марксовский муниципальный район,0,0,5,5,5,7,7,7,7,9,9,9,9,10,10,12,12,12,14,14,14,15,15,15
Марьяновский муниципальный район,0,0,5,5,5,7,7,7,7,9,9,9,9,10,10,12,12,12,14,14,14,15,15,15
Маслянинский муниципальный район,0,0,5,5,5,7,7,7,7,9,9,9,9,10,10,12,12,12,14,14,14,15,15,15
Матвеевский муниципальный район,0,0,5,5,5,7,7,7,7,9,9,9,9,10,10,12,12,12,14,14,14,15,15,15
Мегино-Кангаласский муниципальный район,3,3,3,3,3,3,3,3,3,3,13,13,13,13,13,13,13,13,13,13,13,13,13,13
Медведевский муниципальный район,0,0,5,2,2,2,2,2,2,8,8,8,8,11,11,12,12,12,14,14,14,15,15,15
Медвежьегорский муниципальный район,0,0,5,5,5,7,7,7,7,9,9,9,9,10,10,12,12,12,14,14,14,15,15,15
Медынский муниципальный район,0,0,5,5,5,7,7,7,7,9,9,9,9,10,10,12,12,12,14,14,14,15,15,15
Междуреченский муниципальный округ,0,0,5,5,7,7,7,7,7,7,9,9,9,10,10,10,12,12,14,14,14,14,15,15
Межевской муниципальный округ,0,0,5,5,5,7,7,7,7,9,9,9,9,10,10,12,12,12,14,14,14,15,15,15
Мезенский муниципальный округ,3,3,3,5,5,3,3,3,3,3,9,9,10,10,10,12,12,12,14,14,14,15,15,15
Меленковский муниципальный район,0,0,5,5,5,7,7,7,7,9,9,9,9,10,10,12,12,12,14,14,14,15,15,15
Мелеузовский муниципальный район,0,0,5,5,2,2,2,2,2,8,8,8,8,11,11,12,12,12,14,14,14,15,15,15
Менделеевский муниципальный район,0,0,5,5,5,7,7,7,7,9,9,9,9,10,10,12,12,12,14,14,14,15,15,15
Мензелинский муниципальный район,0,0,5,5,5,7,7,7,7,9,9,9,9,10,10,12,12,12,14,14,14,15,15,15
Мечетлинский муниципальный район,0,0,5,5,5,7,7,7,7,9,9,9,9,10,10,12,12,12,14,13,14,15,15,15
Мещовский муниципальный район,0,0,5,5,5,7,7,7,7,9,9,9,9,10,10,12,12,12,14,14,14,15,15,15
Милославский муниципальный район,0,0,5,5,5,7,7,7,7,9,9,9,9,10,10,12,12,12,14,14,14,15,15,15
Мильковский муниципальный округ,3,3,3,3,3,3,3,3,3,3,13,13,13,13,13,13,13,13,13,13,13,13,13,13
Минераловодский муниципальный округ,0,0,2,2,2,7,2,2,7,8,8,8,8,10,11,12,12,12,14,14,14,15,15,15
Мирнинский муниципальный район,0,0,2,5,2,2,3,2,2,13,13,13,13,13,13,13,13,13,13,13,13,13,13,13
Мишкинский муниципальный округ,0,0,5,5,5,7,7,7,7,9,9,9,9,10,10,12,12,12,14,14,14,15,15,15
Мишкинский муниципальный район,0,0,5,5,5,7,7,7,7,9,9,9,9,10,10,12,12,12,14,14,14,15,15,15
Миякинский муниципальный район,0,0,5,5,5,7,7,7,7,9,9,9,9,10,10,12,12,12,14,14,14,15,15,15
Могойтуйский муниципальный район,5,5,5,5,5,7,7,7,7,7,13,13,13,10,10,13,12,12,13,13,13,13,13,15
Могочинский муниципальный округ,3,3,3,5,5,3,3,3,3,3,13,13,13,10,10,12,12,12,13,13,13,15,15,15
Моздокский муниципальный район,0,0,5,5,5,7,2,2,7,9,9,9,9,10,10,12,12,12,14,14,14,15,15,15
Мокроусовский муниципальный округ,0,0,5,5,5,7,7,7,7,7,9,9,9,10,10,12,12,12,14,14,14,15,15,15
Мокшанский муниципальный район,0,0,5,5,5,7,7,7,7,9,9,9,9,10,10,12,12,12,14,14,14,15,15,15
Молчановский муниципальный район,0,0,5,5,5,7,7,7,7,9,9,9,9,10,10,12,12,12,14,14,14,15,15,15
Монастырщинский муниципальный район,0,0,5,5,5,7,7,7,7,9,9,9,9,10,10,12,12,12,14,14,14,15,15,15
Моргаушский муниципальный округ,0,0,5,5,5,7,7,7,7,9,9,9,9,10,10,12,12,12,14,14,14,15,15,15
Мордовский муниципальный округ,0,0,5,5,5,7,7,7,7,9,9,9,9,10,10,12,12,12,14,14,14,15,15,15
Моркинский муниципальный район,0,0,5,5,5,7,7,7,7,9,9,9,9,10,10,12,12,12,14,14,14,15,15,15
Мосальский муниципальный район,0,0,5,5,5,7,7,7,7,9,9,9,9,10,10,12,12,12,14,14,14,15,15,15
Москаленский муниципальный район,0,0,5,5,5,7,7,7,7,9,9,9,9,10,10,12,12,12,14,14,14,15,15,15
Мотыгинский муниципальный район,3,3,3,5,5,3,3,3,3,3,9,9,9,10,10,12,12,12,14,14,14,15,15,15
Мошковский муниципальный район,0,0,5,5,5,7,7,7,7,9,9,9,9,10,10,12,12,12,12,14,14,15,15,15
Муезерский муниципальный район,0,0,5,5,5,7,7,7,7,9,9,9,9,10,10,12,12,12,14,14,14,15,15,15
Муромцевский муниципальный район,0,0,5,5,5,7,7,7,7,9,9,9,9,10,10,12,12,12,14,14,14,15,15,15
Муслюмовский муниципальный район,0,0,5,5,5,7,7,7,7,9,9,9,9,10,10,12,12,12,14,14,14,15,15,15
Мучкапский муниципальный округ,0,0,5,5,5,7,7,7,7,9,9,9,9,10,10,12,12,12,14,14,14,15,15,15
Мышкинский муниципальный район,0,0,5,5,5,7,7,7,7,9,9,9,9,10,10,12,12,12,14,14,14,15,15,15
Нагайбакский муниципальный район,0,0,5,5,5,7,7,7,7,9,9,9,9,10,10,12,12,12,14,14,14,15,15,15
Нагорский муниципальный район,0,0,5,5,3,3,3,3,3,3,9,9,9,10,10,12,12,12,14,14,14,15,15,15
Надеждинский муниципальный район,3,3,3,5,5,3,3,3,3,3,13,13,13,10,10,12,13,13,13,13,13,13,15,13
Называевский муниципальный район,0,0,5,5,5,7,7,7,7,9,9,9,9,10,10,12,12,12,14,14,14,15,15,15
Намский муниципальный район,3,3,3,3,3,3,3,3,3,3,13,13,13,13,13,13,13,13,13,13,13,13,13,13
Нанайский муниципальный район,3,3,3,5,5,3,3,3,3,3,9,9,9,10,12,12,12,12,13,13,14,15,15,15
Наримановский муниципальный район,0,0,5,5,5,7,2,2,2,8,8,8,8,10,10,12,12,12,14,14,14,15,15,15
Наровчатский муниципальный район,0,0,5,5,5,7,7,7,7,9,9,9,9,10,10,12,12,12,14,14,14,15,15,15
Неверкинский муниципальный район,0,0,5,5,5,7,7,7,7,9,9,9,9,10,10,12,12,12,14,14,14,15,15,15
Нейский муниципальный округ,0,0,5,5,5,7,7,7,7,9,9,9,9,10,10,12,12,12,14,14,14,15,15,15
Некоузский муниципальный район,0,0,5,5,5,7,7,7,7,9,9,9,9,10,10,12,12,14,14,14,14,15,15,15
Некрасовский муниципальный район,0,0,5,5,5,7,7,7,7,9,9,9,9,10,10,12,12,12,14,14,14,15,15,15
Немецкий национальный муниципальный район,0,0,5,5,5,7,7,7,7,9,9,9,9,10,10,12,12,12,14,14,14,15,15,15
Нерчинский муниципальный район,0,3,3,5,5,3,3,3,3,3,13,9,9,10,10,12,12,12,13,13,13,15,15,15
Нерюнгринский муниципальный район,3,3,3,3,3,3,3,3,3,3,13,13,13,13,13,13,13,13,13,13,13,13,13,13
Нефтегорский муниципальный район,0,0,5,5,5,7,7,7,7,9,9,9,9,10,10,12,12,12,14,14,14,15,15,15
Нефтекумский муниципальный округ,0,0,5,5,5,7,7,7,7,9,9,9,9,10,10,12,12,12,14,14,14,15,15,15
Нефтеюганский муниципальный район,0,0,2,5,2,2,2,2,2,9,13,8,13,13,13,13,13,13,13,13,14,15,13,13
Нехаевский муниципальный район,0,0,5,5,5,7,7,7,7,9,9,9,9,10,10,12,12,12,14,14,14,15,15,15
Нижневартовский муниципальный район,0,0,2,5,2,7,2,2,7,9,8,8,8,13,13,12,13,13,13,13,14,15,15,15
Нижнеилимский муниципальный район,0,0,5,5,5,7,7,7,7,9,9,9,9,10,10,12,12,12,14,14,14,15,15,15
Нижнеингашский муниципальный район,0,0,5,5,5,7,7,7,7,9,9,9,9,10,10,12,12,12,14,14,14,15,15,15
Нижнекамский муниципальный район,0,0,2,2,2,2,2,2,2,8,8,8,8,11,11,12,12,12,14,14,14,15,15,15
Нижнеколымский муниципальный район,3,3,3,3,3,3,3,3,3,3,13,13,13,13,13,13,13,13,13,13,13,13,13,13
Нижнеломовский муниципальный район,0,0,5,5,5,7,7,7,7,9,9,9,9,10,10,12,12,12,14,14,14,15,15,15
Нижнеомский муниципальный район,0,0,5,5,5,7,7,7,7,9,9,9,9,10,10,12,12,12,14,14,14,15,15,15
Нижнесергинский муниципальный район,0,0,5,5,5,7,7,7,7,9,9,9,9,10,10,12,12,12,14,14,14,15,15,15
Нижнетавдинский муниципальный район,0,0,5,5,5,7,7,7,7,9,9,9,9,10,10,12,12,12,14,14,14,15,15,15
Нижнеудинский муниципальный район,0,0,5,5,5,7,7,7,7,9,9,9,9,10,10,12,12,12,14,14,14,15,15,15
Никифоровский муниципальный округ,0,0,5,5,5,7,7,7,7,9,9,9,9,10,10,12,12,12,14,14,14,15,15,15
Никольский муниципальный округ,0,0,5,5,5,7,7,7,7,9,9,9,9,10,10,12,12,12,14,14,14,15,15,15
Никольский муниципальный район,0,0,5,5,5,7,7,7,7,9,9,9,9,10,10,12,12,12,14,14,14,15,15,15
Новгородский муниципальный район,0,0,2,2,2,2,2,2,2,8,8,8,8,11,11,12,12,12,14,14,14,15,15,15
Новичихинский муниципальный район,0,0,5,5,5,7,7,7,7,9,9,9,9,10,10,12,12,12,14,14,14,15,15,15
Новоалександровский муниципальный округ,0,0,5,5,5,7,7,7,7,9,9,9,9,10,10,12,12,12,14,14,14,15,15,15
Новоаннинский муниципальный район,0,0,5,5,5,7,7,7,7,9,9,9,9,10,10,12,12,12,14,14,14,15,15,15
Новобурасский муниципальный район,0,0,5,5,5,7,7,7,7,9,9,9,9,10,10,12,12,12,14,14,14,15,15,15
Нововаршавский муниципальный район,0,0,5,5,5,7,7,7,7,9,9,9,9,10,10,12,12,12,14,14,14,15,15,15
Новодеревеньковский муниципальный район,0,0,5,5,5,7,7,7,7,9,9,9,9,10,10,12,12,12,14,14,14,15,15,15
Новодугинский муниципальный район,0,0,5,5,5,7,7,7,7,9,9,9,9,10,10,12,12,12,14,14,14,15,15,15
Новониколаевский муниципальный район,0,0,5,5,5,7,7,7,7,9,9,9,9,10,10,12,12,12,14,14,14,15,15,15
Новоорский муниципальный район,0,0,5,5,7,7,7,7,7,9,9,9,9,10,10,12,12,12,14,14,14,15,15,15
Новоселицкий муниципальный округ,0,0,5,5,5,7,7,7,7,9,9,9,9,10,10,12,12,12,14,14,14,15,15,15
Новоселовский муниципальный район,0,0,5,5,5,7,7,7,7,9,9,9,9,10,10,12,12,12,14,14,14,15,15,15
Новосергиевский муниципальный район,0,0,5,5,5,7,7,7,7,9,9,9,9,10,10,12,12,12,14,14,14,15,15,15
Новосибирский муниципальный район,0,0,2,2,2,2,2,2,2,8,8,8,8,11,11,11,12,12,14,14,14,15,15,15
Новосильский муниципальный район,0,0,5,5,5,7,7,7,7,9,9,9,9,10,10,12,12,12,14,14,14,15,15,15
Новосокольнический муниципальный район,0,0,5,5,5,7,7,7,7,9,9,9,9,10,10,12,12,12,14,14,14,15,15,15
Новоспасский муниципальный район,0,0,0,5,5,7,7,7,7,9,9,9,9,10,10,12,12,12,14,14,14,15,15,15
Новоторъяльский муниципальный район,0,0,5,5,5,7,7,7,7,9,9,9,9,10,10,12,12,12,14,14,14,15,15,15
Новоузенский муниципальный район,0,0,5,5,5,6,6,6,6,6,6,9,10,10,10,12,12,14,14,14,14,15,15,15
Новошешминский муниципальный район,0,0,5,5,5,7,7,7,7,9,9,9,9,10,10,12,12,12,14,14,14,15,15,15
Нолинский муниципальный район,0,0,5,5,5,7,7,7,7,9,9,9,9,10,10,12,12,12,14,14,14,15,15,15
Нукутский муниципальный район,0,0,5,5,5,7,7,7,7,9,9,9,9,10,10,12,12,12,14,14,14,15,15,15
Нуримановский муниципальный район,0,0,5,5,5,7,7,7,7,9,9,9,9,10,10,12,12,12,14,14,14,15,15,15
Нурлатский муниципальный район,0,0,5,5,5,7,7,7,7,8,9,9,9,10,10,12,12,12,14,14,14,15,15,15
Нюксенский муниципальный округ,0,0,5,5,5,7,7,7,7,9,9,9,9,10,10,12,12,12,14,14,14,15,15,15
Нюрбинский муниципальный район,3,3,3,3,3,3,3,3,3,3,13,13,13,13,13,13,13,13,13,13,13,13,13,13
Нязепетровский муниципальный район,0,0,5,5,5,7,7,7,7,9,9,9,9,10,10,12,12,12,14,14,14,15,15,15
Няндомский муниципальный округ,0,0,5,5,5,7,7,7,7,9,9,9,8,10,10,12,12,12,14,14,14,15,15,15
Облученский муниципальный район,3,3,3,3,3,3,3,3,3,3,13,13,13,10,13,13,13,13,13,13,13,13,13,13
Одесский муниципальный район,0,0,5,5,5,7,7,7,7,9,9,9,9,10,10,12,12,12,14,14,14,15,15,15
Одоевский муниципальный район,0,0,5,5,5,7,7,7,7,9,9,9,9,10,10,12,12,12,14,14,14,15,15,15
Озинский муниципальный район,0,5,5,5,5,7,7,7,7,9,9,9,9,10,10,12,12,12,14,14,14,15,15,15
Оймяконский муниципальный район,3,3,3,3,3,3,3,3,3,3,13,13,13,13,13,13,13,13,13,13,13,13,13,13
Оконешниковский муниципальный район,0,0,5,5,5,7,7,7,7,9,9,9,9,10,10,12,12,12,14,14,14,15,15,15
Октябрьский муниципальный округ,3,3,3,5,5,3,3,3,3,3,9,9,9,10,10,12,12,12,13,13,13,15,15,15
Окуловский муниципальный район,0,0,5,5,5,7,7,7,7,9,9,9,9,10,10,12,12,12,14,14,14,15,15,15
Олекминский муниципальный район,0,0,2,5,2,3,3,2,3,13,13,13,13,13,13,13,13,13,13,13,13,13,13,13
Оленекский эвенкийский национальный муниципальный район,3,3,3,3,3,3,3,3,3,3,13,13,13,13,13,13,13,13,13,13,13,13,13,13
Оловяннинский муниципальный район,0,0,5,5,5,3,3,7,7,3,9,9,9,10,10,12,12,12,13,13,14,15,15,15
Олонецкий муниципальный район,0,0,5,5,5,7,7,7,7,9,9,9,9,10,10,12,12,12,14,14,14,15,15,15
Ольгинский муниципальный округ,3,3,3,5,3,3,3,3,3,3,9,13,9,10,10,12,12,12,13,13,14,15,15,15
Ольховский муниципальный район,0,0,5,5,5,7,7,7,7,9,9,9,9,10,10,12,12,12,14,14,14,15,15,15
Ольхонский муниципальный район,0,0,5,5,5,7,7,7,7,7,9,9,9,10,10,10,12,12,14,14,14,14,15,15
Олюторский муниципальный район,3,3,3,3,3,3,3,3,3,3,13,13,13,13,13,13,13,13,13,13,13,13,13,13
Омский муниципальный район,0,0,5,2,5,2,2,2,2,8,8,8,8,10,10,12,12,12,14,14,14,15,15,15
Омутинский муниципальный район,0,0,5,5,5,7,7,7,7,9,9,9,9,10,10,12,12,12,14,14,14,15,15,15
Омутнинский муниципальный район,0,0,5,5,5,7,7,7,7,9,9,9,9,10,10,12,12,12,14,14,14,15,15,15
Онгудайский муниципальный район,0,0,5,5,5,7,7,7,7,7,9,9,9,10,10,12,12,12,14,14,14,14,15,15
Онежский муниципальный район,0,0,5,5,5,7,7,7,7,9,9,9,9,10,10,12,12,12,14,14,14,15,15,15
Ононский муниципальный округ,0,0,5,5,5,3,3,3,9,9,9,9,9,13,13,12,12,12,13,13,13,15,15,15
Орджоникидзевский муниципальный район,0,0,5,5,5,7,7,7,7,9,9,9,9,10,10,12,12,12,14,14,14,15,15,15
Ордынский муниципальный район,0,0,5,5,5,7,7,7,7,9,9,9,9,10,10,12,12,12,14,14,14,15,15,15
Оричевский муниципальный район,0,0,5,5,5,7,7,7,7,9,9,9,9,10,10,12,12,12,14,14,14,15,15,15
Орловский муниципальный район,0,0,5,5,5,7,7,7,7,9,9,9,9,10,10,12,12,12,14,14,14,15,15,15
Оршанский муниципальный район,0,0,5,5,5,7,7,7,7,9,9,9,9,10,10,12,12,12,14,14,14,15,15,15
Осинский муниципальный район,0,0,5,5,5,7,7,7,7,9,9,9,9,10,10,12,12,12,14,14,14,15,15,15
Островский муниципальный округ,0,0,5,5,5,7,7,7,7,9,9,9,9,10,10,12,12,12,14,14,14,15,15,15
Островский муниципальный район,0,0,5,5,5,7,7,7,7,9,9,9,9,10,10,12,12,12,14,14,14,15,15,15
Охотский муниципальный округ,3,3,3,3,3,3,3,3,3,3,13,13,13,13,13,13,13,13,13,13,13,13,13,13
Павинский муниципальный округ,0,0,5,5,5,7,7,7,7,9,9,9,9,10,10,12,12,12,14,14,14,15,15,15
Павловский муниципальный округ,0,0,5,5,5,7,7,7,7,9,9,8,8,10,10,12,12,12,14,14,14,15,15,15
Павлоградский муниципальный район,0,0,5,5,5,7,7,7,7,9,9,9,9,10,10,12,12,12,14,14,14,15,15,15
Палехский муниципальный район,0,0,5,5,5,7,7,7,7,9,9,9,9,10,10,12,12,12,14,14,14,15,15,15
Палласовский муниципальный район,0,0,5,5,5,7,7,7,7,9,9,9,9,10,10,12,12,12,14,14,14,15,15,15
Панкрушихинский муниципальный район,0,0,5,5,5,7,7,7,7,9,9,9,9,10,10,12,12,12,14,14,14,15,15,15
Парабельский муниципальный район,0,0,5,5,5,7,7,7,7,9,9,9,9,10,10,12,12,12,14,14,14,15,15,15
Параньгинский муниципальный район,0,0,5,5,5,7,7,7,7,9,9,9,9,10,10,12,12,12,14,14,14,15,15,15
Партизанский муниципальный округ,3,3,3,5,5,3,3,3,3,3,9,9,9,10,10,12,12,12,14,13,13,15,15,15
Партизанский муниципальный район,0,0,5,5,5,7,7,7,7,9,9,9,9,10,10,12,12,12,14,14,14,15,15,15
Парфеньевский муниципальный округ,0,0,5,5,5,7,7,7,7,9,9,9,9,10,10,12,12,12,14,14,14,15,15,15
Парфинский муниципальный район,0,0,5,5,5,7,7,7,7,9,9,9,9,10,10,12,12,12,14,14,14,15,15,15
Пачелмский муниципальный район,0,0,5,5,5,7,7,7,7,9,9,9,9,10,10,12,12,14,14,14,14,15,15,15
Пензенский муниципальный район,0,0,2,2,2,2,2,2,2,8,8,8,8,11,11,12,12,12,14,14,14,15,15,15
Первомайский муниципальный округ,0,0,5,5,5,7,7,7,7,9,9,9,9,10,10,12,12,12,14,14,14,15,15,15
Переволоцкий муниципальный район,0,0,5,5,5,7,7,7,7,9,9,9,9,10,10,12,12,12,14,14,14,15,15,15
Перелюбский муниципальный район,0,0,5,5,5,7,7,7,7,9,9,9,9,10,10,12,12,12,14,14,14,15,15,15
Пестравский муниципальный район,0,0,5,5,5,7,7,7,7,9,9,9,9,10,10,12,12,12,14,14,14,15,15,15
Пестречинский муниципальный район,0,0,2,2,2,7,2,2,2,8,8,8,8,10,10,12,12,12,14,14,14,15,15,15
Пестяковский муниципальный район,0,0,5,5,5,7,7,7,9,9,9,9,9,9,9,9,12,14,14,14,14,14,14,14
Петровск-Забайкальский муниципальный район,0,0,5,5,5,7,7,7,3,9,9,9,9,10,10,12,12,12,14,14,14,15,15,15
Петровский муниципальный район,0,0,5,5,5,7,7,7,7,9,9,9,9,10,10,12,12,12,14,14,14,15,15,15
Петропавловский муниципальный район,0,0,5,5,5,7,7,7,7,9,9,9,9,10,10,12,12,12,14,14,14,15,15,15
Петуховский муниципальный округ,0,0,5,5,5,7,7,7,7,9,9,9,9,10,10,12,12,12,14,14,14,15,15,15
Петушинский муниципальный район,0,0,5,5,5,7,7,7,7,9,9,8,8,10,10,12,12,12,14,14,14,15,15,15
Печенгский муниципальный округ,0,0,2,2,2,2,2,2,2,13,13,13,13,13,13,13,13,13,13,13,13,13,13,13
Пий-Хемский муниципальный район,5,5,5,5,5,7,7,7,7,9,9,9,9,10,10,12,12,12,14,14,14,15,15,15
Пильнинский муниципальный округ,0,0,5,5,5,7,7,7,7,9,9,9,9,10,10,12,12,12,14,14,14,15,15,15
Пировский муниципальный округ,0,0,5,5,5,7,7,7,7,9,9,9,9,10,10,12,12,12,14,14,14,15,15,15
Пителинский муниципальный район,0,5,5,5,5,7,7,7,7,7,9,9,9,10,10,12,12,12,14,14,14,15,15,15
Питерский муниципальный район,0,0,5,5,5,7,7,7,7,9,9,9,9,10,10,12,12,12,14,14,14,15,15,15
Питкярантский муниципальный округ,0,0,5,5,5,7,7,7,7,9,9,9,9,10,10,12,12,12,14,14,14,15,15,15
Пичаевский муниципальный округ,0,0,5,5,5,7,7,7,7,7,9,9,9,10,10,12,12,12,14,14,14,15,15,15
Плавский муниципальный район,0,0,5,5,5,7,7,7,7,9,9,9,9,10,10,12,12,12,14,14,14,15,15,15
Пластовский муниципальный район,0,0,5,5,5,7,7,7,7,9,9,9,9,10,10,12,12,12,14,14,14,15,15,15
Плесецкий муниципальный округ,0,0,5,5,5,7,7,7,7,9,9,9,8,10,10,12,12,12,14,14,14,15,15,15
Плюсский муниципальный район,0,0,0,5,7,7,7,7,9,9,9,9,9,10,12,12,12,12,14,14,14,15,15,15
Пограничный муниципальный округ,3,3,3,5,2,3,3,3,3,3,8,13,13,10,10,12,12,12,13,13,13,15,15,15
Поддорский муниципальный район,0,0,5,5,5,7,7,7,7,9,9,9,9,10,10,12,12,12,14,14,14,15,15,15
Подосиновский муниципальный район,0,0,5,5,5,7,7,7,7,9,9,9,9,10,10,12,12,12,14,14,14,15,15,15
Подпорожский муниципальный район,0,0,5,5,5,7,7,7,7,9,9,8,9,10,10,12,12,12,14,14,14,15,15,15
Пожарский муниципальный округ,3,3,3,5,5,3,3,3,3,3,9,9,9,10,10,12,12,12,13,13,13,15,13,15
Покровский муниципальный район,0,0,5,5,5,7,7,7,7,9,9,9,9,10,10,12,12,12,14,14,14,15,15,15
Половинский муниципальный округ,0,0,5,5,5,7,7,7,7,9,9,9,9,10,10,12,12,12,14,14,14,15,15,15
Полтавский муниципальный район,0,0,5,5,5,7,7,7,7,9,9,9,9,10,10,12,12,12,14,14,14,15,15,15
Поназыревский муниципальный округ,0,0,5,5,5,7,7,7,7,9,9,9,9,10,10,12,12,12,14,14,14,15,15,15
Пономарёвский муниципальный район,0,0,5,5,5,7,7,7,7,9,9,9,9,10,10,12,12,12,14,14,14,15,15,15
Порецкий муниципальный округ,0,0,5,5,5,7,7,7,7,9,9,9,9,10,10,12,12,12,14,14,14,15,15,15
Порховский муниципальный район,0,0,5,5,5,7,7,7,7,9,9,9,9,10,10,12,12,12,14,14,14,15,15,15
Поспелихинский муниципальный район,0,0,5,5,5,7,7,7,7,9,9,9,9,10,10,12,12,12,14,14,14,15,15,15
Похвистневский муниципальный район,0,0,5,5,5,7,7,7,7,9,9,9,9,10,10,12,12,12,14,14,14,15,15,15
Починковский муниципальный округ,0,0,5,5,5,7,7,7,7,9,9,9,9,10,10,12,12,12,14,14,14,15,15,15
Починковский муниципальный район,0,0,5,5,5,7,7,7,7,9,9,9,9,10,10,12,12,12,14,14,14,15,15,15
Пошехонский муниципальный район,0,0,5,5,5,7,7,7,7,9,9,9,9,10,10,12,12,12,14,14,14,15,15,15
Правобережный муниципальный район,0,0,5,5,5,6,6,6,6,6,6,6,10,10,10,12,12,14,14,14,14,14,15,15
Предгорный муниципальный округ,0,0,5,5,5,7,2,2,7,9,9,9,8,10,10,12,12,14,14,14,14,15,15,15
Приаргунский муниципальный округ,0,3,3,5,5,3,3,3,3,3,9,9,9,10,10,12,12,12,13,13,13,15,15,15
Прилузский муниципальный район,0,0,5,5,5,7,7,7,7,9,9,9,9,10,10,12,12,12,14,14,14,15,15,15
Приморский муниципальный округ,0,0,2,2,2,2,2,2,2,9,13,8,13,13,13,11,13,13,13,13,16,16,15,15
Приозерский муниципальный район,0,0,5,5,5,7,7,7,7,9,9,8,8,10,10,12,12,12,14,14,14,15,15,15
Прионежский муниципальный район,0,2,2,2,2,2,2,2,2,9,13,8,8,11,13,11,11,13,14,14,14,15,15,15
Притобольный муниципальный округ,0,0,5,5,5,7,7,7,7,9,9,9,9,10,10,12,12,12,14,14,14,15,15,15
Прокопьевский муниципальный округ,0,0,5,5,5,7,7,7,7,9,9,9,8,10,10,12,12,12,14,14,14,15,15,15
Промышленновский муниципальный округ,0,0,5,5,5,7,7,7,7,9,9,9,9,10,10,12,12,12,14,14,14,15,15,15
Пронский муниципальный район,0,0,5,5,5,7,7,7,7,9,9,9,9,10,10,12,12,12,14,14,14,15,15,15
Пряжинский муниципальный район,0,0,5,5,5,7,7,7,7,9,9,9,9,10,10,12,12,12,14,14,15,15,15,15
Псковский муниципальный район,0,2,2,2,2,2,2,2,2,8,8,8,8,11,11,11,11,11,14,16,16,16,16,16
Пугачевский муниципальный район,0,0,5,5,5,7,7,7,7,9,9,9,9,10,10,12,12,12,14,14,14,15,15,15
Пудожский муниципальный район,0,0,5,5,5,7,7,7,7,9,9,9,9,10,10,12,12,12,14,14,14,15,15,15
Пустошкинский муниципальный район,0,0,5,5,5,7,7,7,7,9,9,9,9,10,10,12,12,12,14,14,14,15,15,15
Путятинский муниципальный округ,0,0,5,5,5,7,7,7,7,9,9,9,9,10,10,12,12,12,14,14,14,15,15,15
Пучежский муниципальный район,0,0,5,5,5,7,7,7,7,7,9,9,9,10,10,12,12,12,14,14,14,15,15,15
Пушкиногорский муниципальный район,0,0,5,5,5,7,7,7,7,9,9,9,9,10,10,12,12,12,14,14,14,15,15,15
Пыщугский муниципальный округ,0,0,5,5,5,7,7,7,7,9,9,9,9,10,10,12,12,12,14,14,14,15,15,15
Радищевский муниципальный район,0,0,5,5,5,7,7,7,7,9,9,9,9,10,10,12,12,12,14,14,14,15,15,15
Ребрихинский муниципальный район,0,0,5,5,5,7,7,7,7,9,9,9,9,10,10,12,12,12,14,14,14,15,15,15
Ржаксинский муниципальный округ,0,0,5,5,5,7,7,7,7,9,9,9,9,10,10,12,12,12,14,14,14,15,15,15
Ровенский муниципальный район,0,0,5,5,5,7,7,7,7,9,9,9,9,10,10,12,12,12,14,14,14,15,15,15
Родинский муниципальный район,0,0,5,5,5,7,7,7,7,9,9,9,9,10,10,12,12,12,14,14,14,15,15,15
Родниковский муниципальный район,0,0,5,5,5,7,7,7,7,9,9,9,9,10,10,12,12,12,14,14,14,15,15,15
Ромненский муниципальный округ,3,3,3,5,3,3,3,3,3,3,13,13,10,10,10,12,12,12,14,13,14,15,15,15
Ромодановский муниципальный район,0,0,5,5,5,7,7,7,7,9,9,9,9,10,10,12,12,12,14,14,14,15,15,15
Рославльский муниципальный район,0,0,5,5,5,7,7,7,7,9,9,9,9,10,10,12,12,12,14,14,14,15,15,15
Ростовский муниципальный район,0,0,5,5,5,7,7,7,7,9,9,8,8,10,10,12,12,12,14,14,14,15,15,15
Ртищевский муниципальный район,0,0,5,5,5,7,7,7,7,9,9,9,9,10,10,12,12,12,14,14,14,15,15,15
Рузаевский муниципальный район,0,0,5,5,5,7,7,7,7,9,9,9,9,10,10,12,12,12,14,14,14,15,15,15
Русско-Полянский муниципальный район,0,0,5,5,5,7,7,7,7,9,9,9,9,10,10,12,12,12,14,14,14,15,15,15
Рыбновский муниципальный район,0,0,5,5,5,7,7,7,7,9,9,9,8,10,10,12,12,12,14,14,14,15,15,15
Ряжский муниципальный округ,0,0,5,5,5,7,7,7,7,9,9,9,9,10,10,12,12,12,14,14,14,15,15,15
Рязанский муниципальный район,0,0,5,5,5,7,7,7,7,9,9,8,8,10,10,12,12,12,14,14,14,15,15,15
Сабинский муниципальный район,0,0,5,5,5,7,7,7,7,9,9,9,9,10,10,12,12,12,14,14,14,15,15,15
Савинский муниципальный район,0,0,5,5,5,7,7,7,7,7,9,9,9,10,10,10,10,12,14,14,14,15,15,15
Сакмарский муниципальный район,0,0,5,5,7,7,7,7,7,9,9,9,9,10,10,12,12,12,14,14,14,15,15,15
Салаватский муниципальный район,0,0,5,5,5,7,7,7,7,8,9,9,9,10,10,12,12,12,14,14,14,15,15,15
Самойловский муниципальный район,0,0,5,5,5,7,7,7,7,9,9,9,9,10,10,12,12,12,14,14,14,15,15,15
Сампурский муниципальный округ,0,0,5,5,5,7,7,7,7,9,9,9,9,10,10,12,12,12,14,14,14,15,15,15
Сапожковский муниципальный район,0,0,5,5,5,7,7,7,7,7,9,9,9,10,10,12,12,12,14,14,14,15,15,15
Сараевский муниципальный район,0,0,5,5,5,7,7,7,7,7,9,9,9,10,10,12,12,12,14,14,14,15,15,15
Саракташский муниципальный район,0,0,5,5,5,7,7,7,7,9,9,9,9,10,10,12,12,12,14,14,14,15,15,15
Саргатский муниципальный район,0,0,5,5,5,7,7,7,7,9,9,9,9,10,10,12,12,12,14,14,14,15,15,15
Сармановский муниципальный район,0,0,5,5,5,7,7,7,7,9,9,9,9,10,10,12,12,12,14,14,14,15,15,15
Сарпинский муниципальный район,0,0,5,5,5,7,7,7,7,9,9,9,9,10,10,12,12,12,14,14,14,15,15,15
Саткинский муниципальный район,0,0,5,5,5,7,7,7,7,9,9,9,8,10,10,12,12,12,14,14,14,15,15,15
Сафакулевский муниципальный округ,0,0,5,5,5,7,7,7,7,9,9,9,9,10,10,12,12,12,14,14,14,15,15,15
Сафоновский муниципальный район,0,0,5,5,5,7,7,7,7,9,9,9,9,10,10,12,12,12,14,14,14,15,15,15
Саянский муниципальный район,0,0,5,5,5,7,7,7,7,9,9,9,9,10,10,12,12,12,14,14,14,15,15,15
Свердловский муниципальный район,0,0,5,5,5,7,7,7,7,9,9,9,9,10,10,12,12,12,14,14,14,15,15,15
Светлинский муниципальный район,0,5,5,5,5,7,7,7,7,9,9,9,9,10,10,12,12,12,14,14,14,15,15,15
Светлоярский муниципальный район,0,0,5,5,5,7,7,7,7,9,9,9,9,10,10,12,12,12,14,14,14,15,15,15
Свободненский муниципальный район,0,0,0,5,5,7,7,7,13,13,9,13,13,10,10,12,12,13,13,13,13,15,15,15
Себежский муниципальный район,0,0,5,5,5,7,7,7,7,9,9,9,9,10,10,12,12,12,14,14,14,15,15,15
Северо-Енисейский муниципальный район,3,3,3,3,3,3,7,13,13,13,13,13,13,13,13,13,13,13,13,13,13,13,13,13
Сегежский муниципальный округ,0,0,5,5,5,7,7,7,7,9,9,9,9,10,13,12,12,12,14,14,14,15,15,15
Седельниковский муниципальный район,0,0,5,5,5,7,7,7,7,9,9,9,9,10,10,12,12,12,14,14,14,15,15,15
Селемджинский муниципальный район,3,3,3,3,3,3,3,3,3,3,13,13,13,13,13,13,13,12,13,13,13,13,13,13
Селивановский муниципальный район,0,0,5,5,5,7,7,7,7,9,9,9,9,10,10,12,12,12,14,14,14,15,15,15
Сенгилеевский муниципальный район,0,0,5,5,5,7,7,7,7,9,9,9,9,10,10,12,12,12,14,14,14,15,15,15
Серафимовичский муниципальный район,0,0,5,5,5,7,7,7,7,9,9,9,9,10,10,12,12,12,14,14,14,15,15,15
Сергачский муниципальный округ,0,0,5,5,5,7,7,7,7,9,9,9,9,10,10,12,12,12,14,14,14,15,15,15
Сергиевский муниципальный район,0,0,5,5,5,7,7,7,7,9,9,9,9,10,10,12,12,12,14,14,14,15,15,15
Сердобский муниципальный район,0,0,5,5,5,7,7,7,7,9,9,9,9,10,10,12,12,12,14,14,14,15,15,15
Сернурский муниципальный район,0,0,5,5,5,7,7,7,7,9,9,9,9,10,10,12,12,12,14,14,14,15,15,15
Серышевский муниципальный округ,0,3,3,5,5,3,3,3,3,3,9,9,9,10,10,12,12,12,13,13,13,15,15,15
Сеченовский муниципальный округ,0,0,5,5,5,7,7,7,7,9,9,9,9,10,10,12,12,12,14,14,14,15,15,15
Сковородинский муниципальный округ,3,3,3,5,5,3,3,3,3,3,9,9,9,10,10,12,12,12,13,13,13,15,15,15
Сладковский муниципальный район,0,0,5,5,5,7,7,7,7,9,9,9,9,10,10,12,12,12,14,14,14,15,15,15
Сланцевский муниципальный район,0,0,2,5,2,7,7,7,7,9,13,8,8,13,13,12,12,12,14,14,14,15,15,15
Слободо-Туринский муниципальный район,0,0,5,5,5,7,7,7,7,9,9,9,9,10,10,12,12,12,14,14,14,15,15,15
Слободской муниципальный район,0,0,5,5,5,7,7,7,7,9,9,9,9,10,10,12,12,12,14,14,14,15,15,15
Слюдянский муниципальный район,0,0,5,5,5,7,7,7,7,9,9,9,9,10,10,12,12,12,14,14,14,15,15,15
Смидовичский муниципальный район,3,3,3,5,3,3,3,3,3,3,13,13,13,10,10,12,12,12,13,13,13,15,15,15
Собинский муниципальный район,0,0,5,5,5,7,7,7,7,9,9,9,9,10,10,12,12,12,14,14,14,15,15,15
Соболевский муниципальный район,3,3,3,3,3,3,3,3,3,3,13,13,13,13,13,13,13,13,13,13,13,13,13,13
Советский муниципальный округ,0,0,5,5,5,7,7,7,7,9,9,9,9,10,10,12,12,12,14,14,14,15,15,15
Советско-Гаванский муниципальный район,3,3,3,3,3,3,3,3,3,3,13,13,13,10,13,13,13,13,13,13,13,13,13,13
Сокольский муниципальный округ,0,0,5,5,5,7,7,7,7,9,9,9,9,10,10,12,12,12,14,14,14,15,15,15
Солигаличский муниципальный округ,0,0,5,5,5,7,7,7,7,9,9,9,9,10,10,12,12,12,14,14,14,15,15,15
Солнечный муниципальный район,3,3,3,5,3,3,3,3,3,3,9,9,13,10,10,13,13,13,13,13,13,13,13,13
Солонешенский муниципальный район,0,0,5,5,5,7,7,7,7,9,9,9,9,10,10,12,12,12,14,14,14,15,15,15
Солтонский муниципальный район,0,0,5,5,5,3,3,3,3,3,9,9,9,10,10,12,12,12,14,14,14,15,15,15
Сорокинский муниципальный район,0,0,5,5,5,7,7,7,7,9,9,9,9,10,10,12,12,12,14,14,14,15,15,15
Сортавальский муниципальный район,0,0,5,5,5,7,7,7,7,9,13,8,13,13,10,12,12,12,14,14,14,15,13,13
Сосновоборский муниципальный район,0,0,5,5,5,7,7,7,7,9,9,9,9,10,10,12,12,12,14,14,14,14,15,15
Сосновский муниципальный район,0,0,2,2,2,2,2,2,2,8,8,8,8,11,11,11,12,12,14,14,14,15,15,15
Спас-Деменский муниципальный район,0,0,5,5,5,7,7,7,7,9,9,9,9,10,10,12,12,12,14,14,14,15,15,15
Спасский муниципальный округ,0,0,5,5,5,7,7,7,7,9,9,9,9,10,10,12,12,12,14,14,14,15,15,15
Среднеахтубинский муниципальный район,0,0,5,5,5,7,7,7,7,9,9,8,9,10,10,12,12,12,14,14,14,15,15,15
Среднеколымский муниципальный район,3,3,3,3,3,3,3,3,3,3,13,13,13,13,13,13,13,13,13,13,13,13,13,13
Сретенский муниципальный район,0,0,5,5,5,3,3,3,3,3,9,9,9,10,10,12,12,12,13,13,14,15,15,15
Ставропольский муниципальный район,0,0,5,2,2,2,2,2,2,8,8,8,8,11,11,12,12,12,14,14,14,15,15,15
Становлянский муниципальный район,0,0,5,5,5,7,7,7,7,9,9,9,9,10,10,12,12,12,14,14,14,15,15,15
Старожиловский муниципальный район,0,0,5,5,5,7,7,7,7,9,9,9,9,10,10,12,12,12,14,14,14,15,15,15
Старокулаткинский муниципальный район,0,0,5,5,5,7,7,7,7,9,9,9,9,10,10,12,12,12,14,14,14,15,15,15
Старомайнский муниципальный район,0,0,5,5,5,7,7,7,7,9,9,9,9,10,10,12,12,12,14,14,14,15,15,15
Старополтавский муниципальный район,0,0,5,5,7,7,7,7,7,9,9,9,9,10,10,12,12,12,14,14,14,15,15,15
Старорусский муниципальный район,0,0,5,5,5,7,7,7,7,9,9,9,9,10,10,12,12,12,14,14,14,15,15,15
Старошайговский муниципальный район,0,0,5,5,5,7,7,7,7,9,9,9,9,10,10,12,12,12,14,14,14,15,15,15
Староюрьевский муниципальный округ,0,0,5,5,5,7,7,7,7,9,9,9,9,10,10,12,12,12,14,14,14,15,15,15
Степновский муниципальный округ,0,0,5,5,5,7,7,7,7,9,9,9,9,10,10,12,12,12,14,14,14,15,15,15
Стерлибашевский муниципальный район,0,0,5,5,5,7,7,7,7,9,9,9,9,10,10,12,12,12,14,14,14,15,15,15
Стерлитамакский муниципальный район,0,0,2,2,2,2,2,2,2,8,8,8,8,11,11,12,12,12,14,14,14,15,15,15
Суворовский муниципальный район,0,0,5,5,5,7,7,7,7,9,9,9,9,10,10,12,12,12,14,14,14,15,15,15
Судиславский муниципальный район,0,0,5,5,5,7,7,7,7,9,9,9,9,10,10,12,12,12,14,14,14,15,15,15
Судогодский муниципальный район,0,0,5,5,5,7,7,7,7,9,9,9,9,10,10,12,12,12,14,14,14,15,15,15
Суздальский муниципальный район,0,0,5,5,5,7,7,7,7,9,9,8,8,10,10,12,12,12,14,14,14,15,15,15
Сузунский муниципальный район,0,0,5,5,5,7,7,7,7,9,9,9,9,10,10,12,12,12,14,14,14,15,15,15
Сунский муниципальный район,0,0,5,5,5,7,7,7,7,9,9,9,9,10,10,12,12,12,14,14,15,15,15,15
Сунтарский муниципальный район,3,3,3,3,3,3,3,3,3,3,13,13,13,10,10,13,12,13,13,13,13,15,15,13
Суоярвский муниципальный округ,0,0,5,5,5,7,7,7,7,9,9,9,9,10,10,12,12,12,14,14,14,15,15,15
Сургутский муниципальный район,0,0,2,5,2,2,2,2,2,13,13,8,13,13,13,13,13,13,13,13,13,13,13,13
Суровикинский муниципальный район,0,0,5,5,5,7,7,7,7,9,9,9,9,10,10,12,12,12,14,14,14,15,15,15
Сурский муниципальный район,0,0,5,5,5,7,7,7,7,9,9,9,9,10,10,12,12,12,14,14,14,15,15,15
Сусанинский муниципальный район,0,0,5,5,5,7,7,7,7,9,9,9,9,10,10,12,12,12,14,14,14,15,15,15
Сухиничский муниципальный район,0,0,5,5,5,7,7,7,7,9,9,9,9,10,10,12,12,12,14,14,14,15,15,15
Сухобузимский муниципальный район,0,0,5,5,5,7,7,7,7,9,9,9,9,10,10,12,12,12,14,14,14,15,15,15
Сызранский муниципальный район,0,0,5,5,5,7,7,7,7,9,9,9,9,10,10,12,12,12,14,14,14,15,15,15
Сыктывдинский муниципальный район,0,0,5,5,5,7,2,3,2,8,8,8,13,10,10,12,12,12,14,14,14,15,15,15
Сысольский муниципальный район,0,0,5,5,5,7,7,7,7,9,9,9,9,10,10,12,12,12,14,14,14,15,15,15
Сычевский муниципальный район,0,0,5,5,5,7,7,7,7,9,9,9,9,10,10,12,12,12,14,14,14,15,15,15
Сямженский муниципальный округ,0,0,5,5,5,7,7,7,7,9,9,9,9,10,10,12,12,12,14,14,14,15,15,15
Таборинский муниципальный район,0,5,5,5,5,7,7,7,7,9,9,9,9,10,10,12,12,12,14,14,14,15,15,15
Табунский муниципальный район,0,0,5,5,5,7,7,7,7,9,9,9,9,10,10,12,12,12,14,14,14,15,15,15
Таврический муниципальный район,0,0,5,5,5,7,7,7,7,9,9,9,9,10,10,12,12,12,14,14,14,15,15,15
Таймырский Долгано-Ненецкий муниципальный район,0,3,3,3,3,3,3,3,3,3,13,13,13,13,13,13,13,13,13,13,13,13,13,13
Тайшетский муниципальный район,0,0,5,5,5,7,2,7,7,9,9,9,9,10,10,12,12,12,14,14,14,15,15,15
Тальменский муниципальный район,0,0,5,5,5,7,7,7,7,9,9,9,9,10,10,12,12,12,14,14,14,15,15,15
Тамалинский муниципальный район,0,0,5,5,5,7,7,7,7,9,9,9,9,10,10,12,12,12,14,14,14,15,15,15
Тандинский муниципальный район,5,5,5,5,5,7,7,7,7,7,13,9,9,10,13,12,12,12,14,14,13,13,13,15
Тарногский муниципальный округ,0,0,5,5,5,7,7,7,7,9,9,9,9,10,10,12,12,12,14,14,14,15,15,15
Тарский муниципальный район,0,0,5,5,5,7,7,7,7,9,9,9,9,10,10,12,12,12,14,14,14,15,15,15
Тарусский муниципальный район,0,0,5,5,5,7,7,7,7,9,9,9,9,10,10,12,12,12,14,14,14,15,15,15
Тасеевский муниципальный район,0,0,5,5,5,7,7,7,7,9,9,9,9,10,10,12,12,12,14,14,14,15,15,15
Татарский муниципальный район,0,0,5,5,5,7,7,7,7,9,9,9,9,10,10,12,12,12,14,14,14,15,15,15
Татищевский муниципальный район,0,0,5,5,5,7,7,7,7,9,9,9,9,10,10,12,12,12,14,14,14,15,15,15
Таттинский муниципальный район,3,3,3,3,3,3,3,3,3,3,13,13,13,13,13,13,13,13,13,13,13,13,13,13
Татышлинский муниципальный район,0,0,5,5,5,7,7,7,7,9,9,9,9,10,10,12,12,12,14,14,14,15,15,15
Тахтамукайский муниципальный район,0,0,2,2,2,2,2,2,2,8,8,8,8,11,11,11,12,11,14,16,16,16,16,15
Ташлинский муниципальный район,0,0,5,5,5,7,7,7,7,9,9,9,9,10,10,12,12,12,14,14,14,15,15,15
Таштагольский муниципальный район,0,0,5,5,5,7,7,7,7,9,9,8,8,10,10,12,12,12,14,14,14,15,15,15
Таштыпский муниципальный район,0,5,5,5,5,7,7,7,7,7,9,9,9,10,10,12,12,12,14,14,14,14,15,15
Тевризский муниципальный район,0,0,5,5,5,7,7,7,7,9,9,9,9,10,10,12,12,12,14,14,14,15,15,15
Тегульдетский муниципальный район,0,0,5,5,5,7,7,7,7,9,9,9,9,10,10,12,12,12,14,14,14,15,15,15
Тейковский муниципальный район,0,0,5,5,5,7,7,7,9,9,9,9,9,10,10,12,12,12,14,14,14,15,15,15
Темкинский муниципальный район,0,0,5,5,5,7,7,7,7,9,9,9,9,10,10,12,12,14,14,14,14,15,15,15
Темниковский муниципальный район,0,0,5,5,5,7,7,7,7,9,9,9,9,10,10,12,12,12,14,14,14,15,15,15
Теньгушевский муниципальный район,0,0,5,5,5,7,7,7,7,9,9,9,10,10,10,12,12,12,14,14,14,15,15,15
Тепло-Огаревский муниципальный район,0,0,5,5,5,7,7,7,7,9,9,9,9,10,10,12,12,12,14,14,14,15,15,15
Тербунский муниципальный район,0,0,5,5,5,7,7,7,7,9,9,9,9,10,10,12,12,12,14,14,14,15,15,15
Тереньгульский муниципальный район,0,0,5,5,5,7,7,7,7,9,9,9,9,10,10,12,12,12,14,14,14,15,15,15
Тернейский муниципальный округ,3,3,3,5,5,3,3,3,3,3,9,9,9,10,10,12,12,12,13,13,13,13,15,15
Тетюшский муниципальный район,0,0,5,5,5,7,7,7,7,9,9,9,9,10,10,12,12,12,14,14,14,15,15,15
Теучежский муниципальный район,0,0,5,2,2,7,2,2,8,8,8,8,8,10,10,12,12,12,14,14,14,15,15,15
Тигильский муниципальный район,3,3,3,3,3,3,3,3,3,3,13,13,13,13,13,13,13,13,13,13,13,13,13,13
Тисульский муниципальный округ,0,0,5,5,5,7,7,7,7,9,9,9,9,10,10,12,12,12,14,14,14,15,15,15
Тихвинский муниципальный район,0,0,5,2,2,2,2,2,7,9,8,8,13,10,10,12,12,12,14,14,14,15,15,15
Тогульский муниципальный район,0,0,5,5,5,7,7,7,7,9,9,9,9,10,10,12,12,12,14,14,14,15,15,15
Тогучинский муниципальный район,0,0,5,5,5,7,7,7,7,9,9,9,9,10,10,12,12,12,14,14,14,15,15,15
Тоджинский муниципальный район,5,5,5,5,5,7,7,8,8,8,9,9,9,10,13,13,13,13,14,14,14,14,15,15
Токарёвский муниципальный округ,0,0,5,5,5,7,7,7,7,9,9,9,9,10,10,12,12,12,14,14,14,15,15,15
Томпонский муниципальный район,3,3,3,3,3,3,3,3,3,3,13,13,13,13,13,13,13,13,13,13,13,13,13,13
Томский муниципальный район,0,0,2,2,2,2,2,2,2,8,8,8,8,11,11,11,12,12,14,14,14,15,15,15
Тонкинский муниципальный округ,0,0,5,5,5,7,7,7,7,9,9,9,9,10,10,12,12,12,14,14,14,15,15,15
Тоншаевский муниципальный округ,0,0,5,5,5,7,7,7,7,9,9,9,9,10,10,12,12,12,14,14,14,15,15,15
Топкинский муниципальный округ,0,0,5,5,5,7,2,7,7,9,9,9,9,10,10,12,12,12,14,14,14,15,15,15
Топчихинский муниципальный район,0,0,5,5,5,7,7,7,7,9,9,9,9,10,10,12,12,12,14,14,14,15,15,15
Торбеевский муниципальный район,0,0,5,5,5,7,7,7,7,9,9,9,9,10,10,12,12,12,14,14,14,15,15,15
Тосненский муниципальный район,0,2,2,2,2,2,2,2,2,8,8,8,8,11,11,11,11,11,14,16,16,16,16,16
Тотемский муниципальный округ,0,0,5,5,5,7,7,7,7,9,9,9,9,10,10,12,12,12,12,14,14,15,15,15
Тоцкий муниципальный район,0,0,5,5,5,7,7,7,7,8,8,8,8,10,10,12,12,12,14,13,14,15,15,15
Третьяковский муниципальный район,0,0,5,5,5,7,7,7,7,9,9,9,9,10,10,12,12,12,14,14,14,15,15,15
Троицкий муниципальный район,0,0,5,5,5,7,7,7,7,9,9,9,9,10,10,12,12,12,14,14,14,15,15,15
Троицко-Печорский муниципальный район,0,0,5,5,5,7,7,7,7,9,9,9,9,10,10,12,12,12,14,14,14,15,15,15
Троснянский муниципальный район,0,0,5,5,5,7,7,7,7,9,9,9,9,10,10,12,12,12,14,14,14,15,15,15
Труновский муниципальный округ,0,0,5,5,5,7,7,7,7,9,9,9,9,10,10,12,12,12,14,14,14,15,15,15
Тужинский муниципальный район,0,0,5,5,5,7,7,7,7,9,9,9,9,10,10,12,12,12,14,14,14,15,15,15
Туймазинский муниципальный район,0,0,5,5,2,2,2,2,2,8,8,8,8,10,10,12,12,12,14,14,14,15,15,15
Туркменский муниципальный округ,0,0,5,5,5,7,7,7,7,9,9,9,9,10,10,12,12,12,14,14,14,15,15,15
Турковский муниципальный район,0,0,5,5,5,7,7,7,7,9,9,9,9,10,10,12,12,12,14,14,14,15,15,15
Турочакский муниципальный район,0,0,5,5,5,7,7,7,7,9,9,9,9,10,10,12,12,12,14,14,14,15,15,15
Туруханский муниципальный район,3,3,3,3,3,3,3,3,3,3,13,13,13,13,13,13,13,13,13,13,13,13,13,13
Тутаевский муниципальный район,0,0,5,5,5,7,7,7,7,8,8,8,8,10,10,12,12,12,14,14,14,15,15,15
Тындинский муниципальный округ,3,3,3,3,3,3,3,3,3,3,13,13,13,13,13,13,13,13,13,13,13,13,13,13
Тюкалинский муниципальный район,0,0,5,5,5,7,7,7,7,9,9,9,9,10,10,12,12,12,14,14,14,15,15,15
Тюльганский муниципальный район,0,0,5,5,5,7,7,7,7,9,9,9,9,10,10,12,12,12,14,14,14,15,15,15
Тюлячинский муниципальный район,0,0,5,5,5,7,7,7,7,9,9,9,10,10,10,12,12,12,14,14,14,15,15,15
Тюменский муниципальный район,0,0,2,2,2,2,2,2,2,8,8,8,8,11,11,11,12,12,14,14,14,15,15,15
Тюменцевский муниципальный район,0,0,5,5,5,7,7,7,7,9,9,9,9,10,10,12,12,12,14,14,14,15,15,15
Тюхтетский муниципальный округ,0,0,5,5,5,7,7,7,7,9,9,9,9,10,10,12,12,12,14,14,14,15,15,15
Тяжинский муниципальный округ,0,0,5,5,5,7,7,7,7,9,9,9,9,10,10,12,12,12,14,14,14,15,15,15
Убинский муниципальный район,0,0,5,5,5,7,7,7,7,9,9,9,9,10,10,12,12,12,14,14,14,15,15,15
Уватский муниципальный район,0,0,5,5,5,7,7,7,7,9,9,9,9,10,10,12,12,12,14,14,14,15,15,15
Увельский муниципальный район,0,0,5,5,5,7,7,7,7,9,9,9,9,10,10,12,12,12,14,14,14,15,15,15
Угличский муниципальный район,0,0,5,5,5,7,7,7,7,9,9,8,8,10,10,12,12,12,14,14,14,15,15,15
Угловский муниципальный район,0,0,5,5,5,7,7,7,7,9,9,9,9,10,10,12,12,12,14,14,14,15,15,15
Угранский муниципальный район,0,0,5,5,5,7,7,7,7,9,9,9,9,10,10,12,12,12,14,14,14,15,15,15
Удорский муниципальный район,0,3,5,5,5,7,7,7,7,9,9,9,9,10,10,12,12,12,14,14,14,15,15,15
Ужурский муниципальный район,0,0,5,5,5,7,7,7,7,9,9,9,9,10,10,12,12,12,14,14,14,15,15,15
Узловский муниципальный район,0,0,5,5,5,7,7,7,7,9,9,8,8,10,10,12,12,12,14,14,14,15,15,15
Уйский муниципальный район,0,0,5,5,5,7,7,7,7,9,9,9,9,10,10,12,12,12,14,14,14,15,15,15
Улаганский муниципальный район,0,0,5,7,7,7,7,7,7,7,9,9,9,9,10,10,10,12,14,14,14,14,15,15
Улуг-Хемский муниципальный район,0,0,5,5,5,7,7,7,7,7,13,8,9,10,10,12,12,12,14,14,14,13,13,15
Ульчский муниципальный район,3,3,3,5,3,3,3,3,3,3,13,13,9,10,13,12,12,12,13,13,14,15,15,15
Улётовский муниципальный район,0,0,5,5,5,7,7,7,3,3,9,9,9,10,10,12,12,12,14,13,14,15,15,15
Умётский муниципальный округ,0,0,5,5,5,7,7,7,7,9,9,9,9,10,10,12,12,12,14,14,14,15,15,15
Упоровский муниципальный район,0,0,5,5,5,7,7,7,7,9,9,9,9,10,10,12,12,12,14,14,14,15,15,15
Уренский муниципальный округ,0,0,5,5,5,7,7,7,7,9,9,9,9,10,10,12,12,12,14,14,14,15,15,15
Уржумский муниципальный район,0,0,5,5,5,7,7,7,7,9,9,9,9,10,10,12,12,12,14,14,14,15,15,15
Урицкий муниципальный район,0,0,5,5,5,7,7,7,7,9,9,9,9,10,10,12,12,12,14,14,14,15,15,15
Урмарский муниципальный округ,0,0,5,5,5,7,7,7,7,9,9,9,10,10,10,12,12,12,14,14,14,15,15,15
Урупский муниципальный район,0,0,5,5,5,7,7,7,7,9,9,12,12,12,12,12,12,12,12,14,14,14,14,14
Усманский муниципальный район,0,0,5,5,5,7,7,7,7,9,9,9,9,10,10,12,12,12,14,14,14,15,15,15
Усольский муниципальный район,0,0,5,5,5,7,7,7,7,9,9,9,9,10,10,12,12,12,14,14,14,15,15,15
Усть-Абаканский муниципальный район,0,0,5,5,5,7,7,7,3,9,8,8,13,10,10,12,12,12,14,14,14,15,15,15
Усть-Алданский муниципальный район,3,3,3,3,3,3,3,3,3,3,13,13,13,13,13,13,13,13,13,13,13,13,13,13
Усть-Большерецкий муниципальный район,3,3,3,3,3,3,3,3,3,3,13,13,13,13,13,13,13,13,13,13,13,13,13,13
Усть-Вымский муниципальный район,0,0,5,5,5,7,7,7,7,9,9,9,9,10,10,12,12,12,14,14,14,15,15,15
Усть-Джегутинский муниципальный район,5,5,5,5,5,6,6,6,6,6,6,9,10,10,10,12,12,14,14,14,14,14,15,15
Усть-Илимский муниципальный район,0,0,0,5,5,5,7,9,9,9,9,9,9,10,10,10,10,12,14,14,14,15,15,15
Усть-Ишимский муниципальный район,0,0,3,3,3,3,3,3,3,9,9,9,9,10,10,12,12,12,14,14,14,15,15,15
Усть-Калманский муниципальный район,0,0,5,5,5,7,7,7,7,9,9,9,9,10,10,12,12,12,14,14,14,15,15,15
Усть-Камчатский муниципальный район,3,3,3,3,3,3,3,3,3,3,13,13,13,13,13,13,13,13,13,13,13,13,13,13
Усть-Канский муниципальный район,0,0,5,5,5,7,7,7,7,7,9,9,9,10,10,12,12,12,14,14,14,14,15,15
Усть-Коксинский муниципальный район,0,0,5,5,5,7,7,7,7,7,9,9,9,10,10,12,12,12,14,14,14,14,15,15
Усть-Кубинский муниципальный округ,0,0,5,5,5,7,7,7,7,9,9,9,9,10,10,12,12,12,14,14,14,15,15,15
Усть-Куломский муниципальный район,0,0,5,5,5,7,7,7,7,9,9,9,9,10,10,12,12,12,14,14,14,15,15,15
Усть-Кутский муниципальный район,0,0,2,5,2,2,2,2,2,13,13,13,13,13,13,13,13,13,13,13,14,13,13,13
Усть-Майский муниципальный район,3,3,3,3,3,3,3,3,3,3,13,13,13,13,13,13,13,13,13,13,13,13,13,13
Усть-Пристанский муниципальный район,0,0,5,5,5,7,7,7,7,9,9,9,9,10,10,12,12,12,14,14,14,15,15,15
Усть-Таркский муниципальный район,0,0,5,5,5,7,7,7,7,9,9,9,9,10,10,12,12,12,14,14,14,15,15,15
Усть-Удинский муниципальный район,0,0,5,5,5,7,7,7,7,9,9,9,9,10,10,12,12,12,14,14,14,15,15,15
Усть-Цилемский муниципальный район,0,0,5,5,5,7,7,3,7,3,9,9,9,10,10,12,12,12,13,13,14,15,15,15
Усть-Янский муниципальный район,3,3,3,3,3,3,3,3,3,3,13,13,13,13,13,13,13,13,13,13,13,13,13,13
Устьянский муниципальный округ,0,0,5,5,5,7,7,7,7,9,9,8,9,10,10,12,12,12,14,14,14,15,15,15
Устюженский муниципальный округ,0,0,5,5,5,7,7,7,7,9,9,9,9,10,10,12,12,12,12,14,14,15,15,15
Уфимский муниципальный район,0,0,2,2,2,2,2,2,2,8,8,8,8,11,11,12,12,12,14,14,14,15,15,15
Ухоловский муниципальный район,0,0,5,5,5,7,7,7,7,9,9,9,9,10,10,12,12,12,14,14,14,15,15,15
Учалинский муниципальный район,0,0,5,5,2,2,2,2,2,8,8,8,8,10,10,12,12,12,14,14,14,15,15,15
Уярский муниципальный район,0,0,5,5,5,7,7,7,7,9,9,9,9,10,10,12,12,12,14,14,14,15,15,15
Ферзиковский муниципальный район,0,0,5,5,5,7,7,7,7,9,9,8,8,10,10,12,12,12,14,14,14,15,15,15
Фурмановский муниципальный район,0,0,5,5,5,7,7,7,7,9,9,9,9,10,10,12,12,12,14,14,14,15,15,15
Хабаровский муниципальный район,3,3,3,3,3,3,3,3,3,3,13,13,13,13,13,13,13,13,13,13,13,13,13,13
Хабарский муниципальный район,0,0,5,5,5,7,7,7,7,9,9,9,9,10,10,12,12,12,14,14,14,15,15,15
Хабезский муниципальный район,5,5,5,5,5,6,6,6,6,6,6,9,10,10,10,12,12,14,14,14,14,14,15,15
Хайбуллинский муниципальный район,0,0,5,5,5,7,7,7,7,9,9,9,9,10,10,12,12,12,14,14,14,15,15,15
Хангаласский муниципальный район,3,3,3,3,3,3,3,3,3,3,13,13,13,10,13,12,13,13,13,13,13,13,13,13
Ханкайский муниципальный округ,3,3,3,5,5,3,3,3,3,3,9,9,9,10,10,12,12,12,13,13,13,15,15,15
Ханты-Мансийский муниципальный район,0,0,2,2,2,2,2,3,3,3,13,13,13,11,13,13,13,13,13,13,13,15,15,15
Харабалинский муниципальный район,0,0,5,5,5,7,7,7,7,9,9,9,9,10,10,12,12,12,14,14,14,15,15,15
Харовский муниципальный округ,5,5,5,5,5,7,7,7,7,7,9,9,9,9,9,12,12,12,14,14,14,15,15,15
Хасанский муниципальный округ,3,3,3,5,5,3,3,3,3,3,9,9,9,10,10,12,12,12,13,13,13,15,15,15
Хвалынский муниципальный район,0,0,5,5,5,7,7,7,7,9,9,9,9,10,10,12,12,12,14,14,14,15,15,15
Хвастовичский муниципальный район,0,0,5,5,5,7,7,7,7,9,9,9,9,10,10,12,12,12,14,14,14,15,15,15
Хворостянский муниципальный район,0,0,5,5,5,7,7,7,7,9,9,9,9,10,10,12,12,12,14,14,14,15,15,15
Хилокский муниципальный район,0,0,5,5,5,7,7,7,7,9,9,9,9,10,10,12,12,12,14,14,14,15,15,15
Хиславичский муниципальный район,0,0,5,5,5,7,7,7,7,9,9,9,9,10,10,12,12,12,14,14,14,15,15,15
Хлевенский муниципальный район,0,0,5,5,5,7,7,7,7,9,9,9,9,10,10,12,12,12,14,14,14,15,15,15
Холм-Жирковский муниципальный район,0,0,5,5,5,7,7,7,7,9,9,9,9,10,10,12,12,12,14,14,14,15,15,15
Холмогорский муниципальный округ,0,0,5,5,5,7,7,7,7,9,9,9,9,10,10,12,12,12,14,14,14,15,15,15
Холмский муниципальный район,0,0,5,5,5,7,7,7,7,9,9,9,9,10,10,12,12,12,14,14,14,15,15,15
Хорольский муниципальный округ,3,3,3,5,5,3,3,3,3,3,9,9,9,10,10,12,12,13,13,13,13,15,15,15
Хотынецкий муниципальный район,0,0,5,5,5,7,7,7,7,9,9,9,9,10,10,12,12,12,14,14,14,15,15,15
Целинный муниципальный округ,0,0,5,5,5,7,7,7,7,9,9,9,9,10,10,12,12,12,14,14,14,15,15,15
Цивильский муниципальный округ,0,0,5,5,5,7,7,7,7,9,9,9,9,10,10,12,12,12,14,14,14,15,15,15
Чагодощенский муниципальный округ,0,5,5,5,5,7,7,7,7,7,9,9,9,10,10,12,12,12,14,14,14,15,15,15
Чаинский муниципальный район,0,0,5,5,5,7,7,7,7,9,9,9,9,10,10,12,12,12,14,14,14,15,15,15
Чамзинский муниципальный район,0,0,5,5,5,7,7,7,7,9,9,9,9,10,10,12,12,12,14,14,14,15,15,15
Чановский муниципальный район,0,0,5,5,5,7,7,7,7,9,9,9,9,10,10,12,12,12,14,14,14,15,15,15
Чаплыгинский муниципальный район,0,0,5,5,5,7,7,7,7,9,9,9,9,10,10,12,12,12,14,14,14,15,15,15
Частоозерский муниципальный округ,0,0,5,5,5,7,7,7,7,9,9,9,9,10,10,12,12,12,14,14,14,15,15,15
Чебаркульский муниципальный район,0,0,5,5,5,7,7,7,7,9,9,9,9,10,10,12,12,12,14,14,14,15,15,15
Чебоксарский муниципальный округ,0,0,5,5,5,7,7,7,7,8,9,9,9,10,10,12,12,12,14,14,14,15,15,15
Чебулинский муниципальный округ,0,0,5,5,5,7,7,7,7,9,9,9,9,10,10,12,12,12,14,14,14,15,15,15
Чеди-Хольский муниципальный район,0,5,5,5,5,7,7,7,7,7,9,9,9,10,10,12,12,12,14,14,14,13,13,15
Чекмагушевский муниципальный район,0,0,5,5,5,7,7,7,7,9,9,9,9,10,10,12,12,12,14,14,14,15,15,15
Челно-Вершинский муниципальный район,0,0,5,5,5,7,7,7,7,9,9,9,9,10,10,12,12,12,14,14,14,15,15,15
Чемальский муниципальный район,0,0,5,5,5,7,7,7,7,9,9,9,9,10,10,12,12,12,14,14,14,15,15,15
Чердаклинский муниципальный район,0,0,5,5,5,7,7,7,7,9,9,9,9,10,10,12,12,12,14,14,14,15,15,15
Черемховский муниципальный район,0,0,5,5,5,7,7,7,7,9,9,9,9,10,10,12,12,12,14,14,14,15,15,15
Черемшанский муниципальный район,0,0,5,5,5,7,7,7,7,9,9,9,9,10,10,12,12,12,14,14,14,15,15,15
Черепановский муниципальный район,0,0,5,5,5,7,7,7,7,9,9,9,9,10,10,12,12,12,14,14,14,15,15,15
Череповецкий муниципальный район,3,0,5,5,2,2,2,2,3,8,8,8,13,10,10,12,12,13,13,14,14,15,15,15
Черлакский муниципальный район,0,0,5,5,5,7,7,7,7,9,9,9,9,10,10,12,12,12,14,14,14,15,15,15
Черниговский муниципальный округ,3,3,3,5,5,7,3,3,3,3,13,13,13,10,10,12,12,12,13,13,13,15,15,15
Черноярский муниципальный район,0,0,5,5,5,7,7,7,7,9,9,9,9,10,10,12,12,12,14,14,14,15,15,15
Чернский муниципальный район,0,0,5,5,5,7,7,7,7,9,9,9,9,10,10,12,12,12,14,14,14,15,15,15
Чернышевский муниципальный район,3,3,3,5,5,3,3,3,3,3,9,9,9,10,10,12,12,12,13,13,13,15,15,15
Чернышковский муниципальный район,0,0,5,5,5,7,7,7,7,9,9,9,9,10,10,12,12,12,14,14,14,15,15,15
Чесменский муниципальный район,0,0,5,5,5,7,7,7,7,9,9,9,9,10,10,12,12,12,14,14,14,15,15,15
Чистоозерный муниципальный район,0,0,5,5,5,7,7,7,7,9,9,9,9,10,10,12,12,12,14,14,14,15,15,15
Чистопольский муниципальный район,0,0,5,5,5,7,7,7,7,9,9,9,9,10,10,12,12,12,14,14,14,15,15,15
Читинский муниципальный район,0,0,5,5,5,7,7,7,7,8,13,8,13,10,10,12,12,12,14,14,13,15,13,15
Чишминский муниципальный район,0,0,5,5,5,7,7,7,7,8,8,8,8,10,10,12,12,12,14,14,14,15,15,15
Чойский муниципальный район,0,0,5,5,5,7,7,7,7,9,9,9,9,10,10,12,12,12,14,14,14,15,15,15
Чугуевский муниципальный округ,3,0,5,5,5,7,2,3,3,3,9,13,9,10,10,12,12,12,13,13,13,15,15,15
Чудовский муниципальный район,0,0,5,5,5,7,7,7,7,9,9,9,9,10,10,12,12,12,14,14,14,15,15,15
Чулымский муниципальный район,0,0,5,5,5,7,7,7,7,9,9,9,9,10,10,12,12,12,14,14,14,15,15,15
Чунский муниципальный район,0,0,5,5,5,7,7,7,7,9,9,9,9,10,10,12,12,12,14,14,14,15,15,15
Чурапчинский муниципальный район,3,3,3,3,3,3,3,3,3,3,13,13,13,13,13,13,13,13,13,13,13,13,13,13
Чухломский муниципальный район,0,0,5,5,5,7,7,7,7,9,9,9,9,10,10,12,12,12,14,14,14,15,15,15
Чучковский муниципальный район,0,5,5,5,5,7,7,7,7,7,9,9,9,10,10,12,12,12,14,14,14,14,15,15
Шабалинский муниципальный район,0,0,5,5,5,7,7,7,7,9,9,9,9,10,10,12,12,12,14,14,14,15,15,15
Шаблыкинский муниципальный район,0,0,5,5,7,7,7,7,7,9,9,9,9,10,10,12,12,12,14,14,14,15,15,15
Шарангский муниципальный округ,0,0,5,5,5,7,7,7,7,9,9,9,9,10,10,12,12,12,14,14,14,15,15,15
Шаранский муниципальный район,0,0,5,5,5,7,7,7,7,9,9,9,9,10,10,12,12,12,14,14,14,15,15,15
Шарлыкский муниципальный район,0,0,5,5,5,7,7,7,7,9,9,9,9,10,10,12,12,12,14,14,14,15,15,15
Шатковский муниципальный округ,0,0,5,5,5,7,7,7,7,9,9,9,9,10,10,12,12,12,14,14,14,15,15,15
Шатровский муниципальный округ,0,0,5,5,5,7,7,7,7,9,9,9,9,10,10,12,12,12,14,14,14,15,15,15
Шацкий муниципальный район,0,0,5,5,5,7,7,7,7,9,9,9,9,10,10,12,12,12,14,14,14,15,15,15
Шебалинский муниципальный район,0,0,5,5,5,7,7,7,7,7,9,9,9,10,10,12,12,12,14,14,14,15,15,15
Шегарский муниципальный район,0,0,5,5,5,7,7,7,7,3,9,9,9,10,10,12,12,12,13,14,14,15,15,15
Шекснинский муниципальный район,0,0,5,5,5,7,7,7,7,9,9,8,8,10,10,12,12,12,14,14,14,15,15,15
Шелаболихинский муниципальный район,0,0,5,5,5,7,7,7,7,9,9,9,9,10,10,12,12,12,14,14,14,15,15,15
Шелеховский муниципальный район,0,0,2,2,2,2,2,2,7,8,8,8,8,11,11,12,12,12,14,14,14,15,15,15
Шелопугинский муниципальный район,0,5,5,5,3,3,3,3,3,3,13,13,13,13,13,13,13,13,13,13,13,15,15,15
Шемуршинский муниципальный округ,0,0,5,5,5,7,7,7,7,9,9,9,9,10,10,12,12,12,14,14,14,15,15,15
Шенкурский муниципальный округ,0,0,5,5,5,7,7,7,7,9,9,9,9,10,10,12,12,12,14,14,14,15,15,15
Шенталинский муниципальный район,0,0,5,5,5,7,7,7,7,9,9,9,9,10,10,12,12,12,14,14,14,15,15,15
Шербакульский муниципальный район,0,0,5,5,5,7,7,7,7,9,9,9,9,10,10,12,12,12,14,14,14,15,15,15
Шигонский муниципальный район,0,0,5,5,5,7,7,7,7,9,9,9,9,10,10,12,12,12,14,14,14,15,15,15
Шилкинский муниципальный район,0,0,5,5,5,3,3,7,7,3,9,9,9,10,10,12,12,12,13,13,13,15,15,15
Шиловский муниципальный район,0,0,5,5,5,7,7,7,7,9,9,9,9,10,10,12,12,12,14,14,14,15,15,15
Шимановский муниципальный округ,3,3,3,5,3,3,3,3,3,3,13,13,13,10,10,12,13,12,13,13,13,15,15,15
Шимский муниципальный район,0,0,5,5,5,7,7,7,7,9,9,9,9,10,10,12,12,12,14,14,14,15,15,15
Шипуновский муниципальный район,0,0,5,5,5,7,7,7,7,9,9,9,9,10,10,12,12,12,14,14,14,15,15,15
Ширинский муниципальный район,0,0,5,5,5,7,7,7,7,9,9,9,9,10,10,12,12,12,14,14,14,15,15,15
Шкотовский муниципальный округ,3,3,3,5,5,3,3,3,3,3,13,13,13,10,10,12,12,12,13,13,13,15,15,15
Шовгеновский муниципальный район,0,0,5,5,5,7,7,7,7,9,9,9,9,10,10,12,12,12,14,14,14,15,15,15
Шпаковский муниципальный округ,0,0,2,2,2,2,2,2,7,8,8,8,8,11,11,12,12,12,14,14,14,15,15,15
Шуйский муниципальный район,0,0,5,5,5,7,7,7,7,9,9,9,9,10,10,12,12,12,14,14,14,15,15,15
Шумячский муниципальный район,0,0,5,5,5,7,7,7,7,9,9,9,9,10,10,12,12,12,14,14,14,15,15,15
Шушенский муниципальный район,0,0,5,5,5,7,7,7,7,9,9,9,9,10,10,12,12,12,14,14,14,15,15,15
Щекинский муниципальный район,0,0,5,5,5,7,7,7,7,9,9,8,8,10,10,12,12,12,14,14,14,15,15,15
Щучанский муниципальный округ,0,0,5,5,5,7,7,7,7,9,9,9,9,10,10,12,12,12,14,14,14,15,15,15
Эвенкийский муниципальный район,3,3,3,3,3,3,3,3,3,3,13,13,13,13,13,13,13,13,13,13,13,13,13,13
Энгельсский муниципальный район,0,0,2,2,2,2,2,2,2,8,8,8,8,11,11,12,12,12,14,14,14,15,15,15
Эхирит-Булагатский муниципальный район,0,5,5,5,5,7,7,7,7,9,9,9,9,10,10,12,12,12,14,14,14,15,15,15
Южский муниципальный район,0,0,5,5,5,7,7,7,7,9,9,9,9,10,10,12,12,12,14,14,14,15,15,15
Юргамышский муниципальный округ,0,0,5,5,5,7,7,7,7,9,9,9,9,10,10,12,12,12,14,14,14,15,15,15
Юргинский муниципальный район,0,0,5,5,5,7,7,7,7,9,9,9,9,10,10,12,12,12,14,14,14,15,15,15
Юринский муниципальный район,0,0,5,5,5,7,7,7,7,9,9,9,9,10,10,12,12,12,14,14,14,15,15,15
Юрьев-Польский муниципальный район,0,0,5,5,5,7,7,7,7,9,9,9,9,10,10,12,12,12,14,14,14,15,15,15
Юрьевецкий муниципальный район,0,0,5,5,5,7,7,7,7,9,9,9,9,10,10,12,12,12,14,14,14,15,15,15
Юрьянский муниципальный район,0,0,5,5,5,7,7,7,7,9,9,9,9,10,10,12,12,12,14,14,14,15,15,15
Юстинский муниципальный район,0,0,5,7,7,7,7,7,7,7,9,9,9,10,10,12,12,12,12,14,14,15,15,15
Ютазинский муниципальный район,0,0,5,5,5,7,7,7,7,9,9,9,9,10,10,12,12,12,14,14,14,15,15,15
Юхновский муниципальный район,0,0,5,5,5,7,7,7,7,9,9,9,9,10,10,12,12,12,14,14,14,15,15,15
Ядринский муниципальный округ,0,0,5,5,5,7,7,7,7,9,9,9,9,10,10,12,12,12,14,14,14,15,15,15
Яйский муниципальный округ,0,0,5,5,5,7,7,7,7,9,9,9,9,10,10,12,12,12,14,14,14,15,15,15
Яковлевский муниципальный округ,0,3,5,5,5,3,7,7,3,3,9,9,9,10,10,12,12,12,14,13,14,15,15,15
Яльчикский муниципальный округ,0,0,5,5,5,5,7,7,7,9,9,9,9,10,10,12,12,12,12,14,14,15,15,15
Янаульский муниципальный район,0,0,5,5,5,7,7,7,7,8,9,9,9,10,10,12,12,12,14,14,14,15,15,15
Янтиковский муниципальный округ,0,0,5,5,5,7,7,7,7,9,9,9,10,10,10,12,12,12,14,14,14,15,15,15
Яранский муниципальный район,0,0,5,5,5,7,7,7,7,9,9,9,9,10,10,12,12,12,14,14,14,15,15,15
Ярковский муниципальный район,0,0,5,5,5,7,7,7,7,9,9,9,9,10,10,12,12,12,14,14,14,15,15,15
Ярославский муниципальный район,0,0,2,2,2,2,2,2,2,8,8,8,8,11,11,11,12,12,14,14,14,16,15,15
Ярцевский муниципальный район,0,0,5,5,5,7,7,7,7,9,9,9,9,10,10,12,12,12,14,14,14,15,15,15
Ясногорский муниципальный район,0,0,5,5,5,7,7,7,7,9,9,9,9,10,10,12,12,12,14,14,14,15,15,15
Яшкинский муниципальный округ,0,0,5,5,5,7,7,7,7,9,9,9,9,10,10,12,12,12,14,14,14,15,15,15
внутригородская территория города федерального значения  Александровский муниципальный округ,1,1,1,4,4,4,4,4,4,8,8,8,8,11,11,11,11,11,16,16,16,16,16,16
внутригородская территория города федерального значения город Зеленогорск,0,2,2,2,2,2,2,2,2,8,8,8,8,11,11,11,11,11,14,16,16,16,16,16
внутригородская территория города федерального значения город Колпино,0,2,2,2,2,2,2,2,2,8,8,8,8,11,11,11,11,11,14,16,16,16,15,16
внутригородская территория города федерального значения город Красное Село,0,2,2,2,2,2,2,2,2,8,8,8,8,11,11,11,11,11,14,16,16,16,16,16
внутригородская территория города федерального значения город Кронштадт,0,2,2,2,2,2,2,2,2,8,8,8,8,11,11,11,11,11,14,16,16,16,16,16
внутригородская территория города федерального значения город Ломоносов,0,2,2,2,2,2,2,2,2,8,8,8,8,11,11,11,11,11,14,16,16,16,16,16
внутригородская территория города федерального значения город Павловск,1,2,1,4,4,4,4,4,4,8,8,8,8,11,11,11,11,11,16,16,16,16,16,16
внутригородская территория города федерального значения город Петергоф,1,2,1,4,4,4,4,4,4,8,8,8,8,11,11,11,11,11,16,16,16,16,16,16
внутригородская территория города федерального значения город Пушкин,1,1,1,4,4,4,4,4,4,8,8,8,8,11,11,11,11,11,16,16,16,16,16,16
внутригородская территория города федерального значения город Сестрорецк,1,1,1,4,4,4,4,4,4,8,8,8,8,11,11,11,11,11,16,16,16,16,16,16
внутригородская территория города федерального значения городской округ Троицк,1,1,1,4,4,4,4,4,4,8,8,8,8,11,11,11,11,11,16,16,16,16,16,16
внутригородская территория города федерального значения городской округ Щербинка,0,2,2,2,2,2,2,2,2,8,8,8,8,11,11,11,11,11,14,16,16,16,16,16
внутригородская территория города федерального значения муниципальное образование Савелки,1,1,1,4,4,4,4,4,4,8,8,8,8,11,11,11,11,11,11,16,16,16,16,16
внутригородская территория города федерального значения муниципальный округ Автово,1,1,1,4,4,4,4,4,4,8,8,8,8,11,11,11,11,11,16,16,16,16,16,16
внутригородская территория города федерального значения муниципальный округ Адмиралтейский округ,1,1,1,4,4,4,4,4,4,8,8,8,8,11,11,11,11,11,16,16,16,16,16,16
внутригородская территория города федерального значения муниципальный округ Академический,1,1,1,4,4,4,4,4,4,8,8,8,8,11,11,11,11,11,16,16,16,16,16,16
внутригородская территория города федерального значения муниципальный округ Академическое,1,1,1,4,4,4,4,4,4,8,8,8,8,11,11,11,11,11,16,16,16,16,16,16
внутригородская территория города федерального значения муниципальный округ Алексеевский,1,1,1,4,4,4,4,4,4,8,8,8,8,11,11,11,11,11,16,16,16,16,16,16
внутригородская территория города федерального значения муниципальный округ Алтуфьевский,1,1,1,4,4,4,4,4,4,8,8,8,8,11,11,11,11,11,16,16,16,16,16,16
внутригородская территория города федерального значения муниципальный округ Аптекарский остров,1,1,1,4,4,4,4,4,4,8,8,8,8,11,11,11,11,11,16,16,16,16,16,16
внутригородская территория города федерального значения муниципальный округ Арбат,1,1,1,4,4,4,4,4,4,8,8,8,8,11,11,11,11,11,16,16,16,16,16,16
внутригородская территория города федерального значения муниципальный округ Аэропорт,1,1,1,4,4,4,4,4,4,8,8,8,8,11,11,11,11,11,16,16,16,16,16,16
внутригородская территория города федерального значения муниципальный округ Бабушкинский,1,1,1,4,4,4,4,4,4,8,8,8,8,11,11,11,11,11,16,16,16,16,16,16
внутригородская территория города федерального значения муниципальный округ Балканский,1,1,1,4,4,4,4,4,4,8,8,8,8,11,11,11,11,11,16,16,16,16,16,16
внутригородская территория города федерального значения муниципальный округ Басманный,1,1,1,4,4,4,4,4,4,8,8,8,8,11,11,11,11,11,16,16,16,16,16,16
внутригородская территория города федерального значения муниципальный округ Беговой,1,1,1,4,4,4,4,4,4,8,8,8,8,11,11,11,11,11,16,16,16,16,16,16
внутригородская территория города федерального значения муниципальный округ Бескудниковский,1,1,1,4,4,4,4,4,4,8,8,8,8,11,11,11,11,11,16,16,16,16,16,16
внутригородская территория города федерального значения муниципальный округ Бибирево,1,1,1,4,4,4,4,4,4,8,8,8,8,11,11,11,11,11,16,16,16,16,16,16
внутригородская территория города федерального значения муниципальный округ Бирюлево Восточное,1,1,1,4,4,4,4,4,4,8,8,8,8,11,11,11,11,11,16,16,16,16,16,16
внутригородская территория города федерального значения муниципальный округ Бирюлево Западное,0,2,2,2,2,2,2,2,2,8,8,8,8,11,11,11,11,11,14,16,16,16,16,16
внутригородская территория города федерального значения муниципальный округ Богородское,1,1,1,4,4,4,4,4,4,8,8,8,8,11,11,11,11,11,16,16,16,16,16,16
внутригородская территория города федерального значения муниципальный округ Большая Охта,1,1,1,4,4,4,4,4,4,8,8,8,8,11,11,11,11,11,16,16,16,16,16,16
внутригородская территория города федерального значения муниципальный округ Братеево,1,1,1,4,4,4,4,4,4,8,8,8,8,11,11,11,11,11,16,16,16,16,16,16
внутригородская территория города федерального значения муниципальный округ Бутырский,1,1,1,4,4,4,4,4,4,8,8,8,8,11,11,11,11,11,16,16,16,16,16,16
внутригородская территория города федерального значения муниципальный округ Васильевский,1,1,1,4,4,4,4,4,4,8,8,8,8,11,11,11,11,11,16,16,16,16,16,16
внутригородская территория города федерального значения муниципальный округ Введенский,1,1,1,4,4,4,4,4,4,8,8,8,8,11,11,11,11,11,16,16,16,16,16,16
внутригородская территория города федерального значения муниципальный округ Вешняки,1,1,1,4,4,4,4,4,4,8,8,8,8,11,11,11,11,11,16,16,16,16,16,16
внутригородская территория города федерального значения муниципальный округ Владимирский округ,1,1,1,4,4,4,4,4,4,8,8,8,8,11,11,11,11,11,16,16,16,16,16,16
внутригородская территория города федерального значения муниципальный округ Внуково,1,1,1,2,2,2,2,2,2,8,8,8,8,11,11,11,11,11,14,16,16,16,16,16
внутригородская территория города федерального значения муниципальный округ Войковский,1,1,1,4,4,4,4,4,4,8,8,8,8,11,11,11,11,11,16,16,16,16,16,16
внутригородская территория города федерального значения муниципальный округ Волковское,1,1,1,4,4,4,4,4,4,8,8,8,8,11,11,11,11,11,16,16,16,16,16,16
внутригородская территория города федерального значения муниципальный округ Восточное Дегунино,1,1,1,4,4,4,4,4,4,8,8,8,8,11,11,11,11,11,16,16,16,16,16,16
внутригородская территория города федерального значения муниципальный округ Восточное Измайлово,1,1,1,4,4,4,4,4,4,8,8,8,8,11,11,11,11,11,16,16,16,16,16,16
внутригородская территория города федерального значения муниципальный округ Восточный,0,2,2,2,2,2,2,2,2,8,8,8,8,11,11,11,11,11,14,16,16,16,16,16
внутригородская территория города федерального значения муниципальный округ Выхино-Жулебино,1,1,1,4,4,4,4,4,4,8,8,8,8,11,11,11,11,11,16,16,16,16,16,16
внутригородская территория города федерального значения муниципальный округ Гавань,1,1,1,4,4,4,4,4,4,8,8,8,8,11,11,11,11,11,16,16,16,16,16,16
внутригородская территория города федерального значения муниципальный округ Гагаринский,1,1,1,4,4,4,4,4,4,8,8,8,8,11,11,11,11,11,16,16,16,16,16,16
внутригородская территория города федерального значения муниципальный округ Гагаринское,1,1,1,4,4,4,4,4,4,8,8,8,8,11,11,11,11,11,16,16,16,16,16,16
внутригородская территория города федерального значения муниципальный округ Георгиевский,1,1,1,4,4,4,4,4,4,8,8,8,8,11,11,11,11,11,16,16,16,16,16,16
внутригородская территория города федерального значения муниципальный округ Головинский,1,1,1,4,4,4,4,4,4,8,8,8,8,11,11,11,11,11,16,16,16,16,16,16
внутригородская территория города федерального значения муниципальный округ Гольяново,1,1,1,4,4,4,4,4,4,8,8,8,8,11,11,11,11,11,16,16,16,16,16,16
внутригородская территория города федерального значения муниципальный округ Горелово,1,2,1,4,4,4,4,4,4,8,8,8,8,11,11,11,11,11,14,16,16,16,16,16
внутригородская территория города федерального значения муниципальный округ Гражданка,1,1,1,4,4,4,4,4,4,8,8,8,8,11,11,11,11,11,16,16,16,16,16,16
внутригородская территория города федерального значения муниципальный округ Даниловский,1,1,1,4,4,4,4,4,4,8,8,8,8,11,11,11,11,11,16,16,16,16,16,16
внутригородская территория города федерального значения муниципальный округ Дачное,1,1,1,4,4,4,4,4,4,8,8,8,8,11,11,11,11,11,16,16,16,16,16,16
внутригородская территория города федерального значения муниципальный округ Дворцовый округ,1,1,1,4,4,4,4,4,4,8,8,8,8,11,11,11,11,11,16,16,16,16,16,16
внутригородская территория города федерального значения муниципальный округ Дмитровский,1,1,1,4,4,4,4,4,4,8,8,8,8,11,11,11,11,11,16,16,16,16,16,16
внутригородская территория города федерального значения муниципальный округ Донской,1,1,1,4,4,4,4,4,4,8,8,8,8,11,11,11,11,11,16,16,16,16,16,16
внутригородская территория города федерального значения муниципальный округ Дорогомилово,1,1,1,4,4,4,4,4,4,8,8,8,8,11,11,11,11,11,16,16,16,16,16,16
внутригородская территория города федерального значения муниципальный округ Екатерингофский,1,1,1,4,4,4,4,4,4,8,8,8,8,11,11,11,11,11,16,16,16,16,16,16
внутригородская территория города федерального значения муниципальный округ Замоскворечье,1,1,1,4,4,4,4,4,4,8,8,8,8,11,11,11,11,11,16,16,16,16,16,16
внутригородская территория города федерального значения муниципальный округ Западное Дегунино,1,1,1,4,4,4,4,4,4,8,8,8,8,11,11,11,11,11,16,16,16,16,16,16
внутригородская территория города федерального значения муниципальный округ Звездное,1,1,1,4,4,4,4,4,4,8,8,8,8,11,11,11,11,11,16,16,16,16,16,16
внутригородская территория города федерального значения муниципальный округ Зюзино,1,1,1,4,4,4,4,4,4,8,8,8,8,11,11,11,11,11,16,16,16,16,16,16
внутригородская территория города федерального значения муниципальный округ Зябликово,1,1,1,4,4,4,4,4,4,8,8,8,8,11,11,11,11,11,16,16,16,16,16,16
внутригородская территория города федерального значения муниципальный округ Ивановский,1,1,1,4,4,4,4,4,4,8,8,8,8,11,11,11,11,11,16,16,16,16,16,16
внутригородская территория города федерального значения муниципальный округ Ивановское,1,1,1,4,4,4,4,4,4,8,8,8,8,11,11,11,11,11,16,16,16,16,16,16
внутригородская территория города федерального значения муниципальный округ Измайлово,1,1,1,4,4,4,4,4,4,8,8,8,8,11,11,11,11,11,16,16,16,16,16,16
внутригородская территория города федерального значения муниципальный округ Измайловское,1,1,1,4,4,4,4,4,4,8,8,8,8,11,11,11,11,11,16,16,16,16,16,16
внутригородская территория города федерального значения муниципальный округ Капотня,0,2,2,2,2,2,2,2,2,8,8,8,8,11,11,11,11,11,14,16,16,16,16,15
внутригородская территория города федерального значения муниципальный округ Княжево,1,1,1,4,4,4,4,4,4,8,8,8,8,11,11,11,11,11,16,16,16,16,16,16
внутригородская территория города федерального значения муниципальный округ Коломна,1,1,1,4,4,4,4,4,4,8,8,8,8,11,11,11,11,11,16,16,16,16,16,16
внутригородская территория города федерального значения муниципальный округ Коломяги,1,1,1,4,4,4,4,4,4,8,8,8,8,11,11,11,11,11,16,16,16,16,16,16
внутригородская территория города федерального значения муниципальный округ Комендантский аэродром,1,1,1,4,4,4,4,4,4,8,8,8,8,11,11,11,11,11,16,16,16,16,16,16
внутригородская территория города федерального значения муниципальный округ Константиновское,1,1,1,4,4,4,4,4,4,8,8,8,8,11,11,11,11,11,16,16,16,16,16,16
внутригородская территория города федерального значения муниципальный округ Коньково,1,1,1,4,4,4,4,4,4,8,8,8,8,11,11,11,11,11,16,16,16,16,16,16
внутригородская территория города федерального значения муниципальный округ Коптево,1,1,1,4,4,4,4,4,4,8,8,8,8,11,11,11,11,11,16,16,16,16,16,16
внутригородская территория города федерального значения муниципальный округ Косино-Ухтомский,1,1,1,4,4,4,4,4,4,8,8,8,8,11,11,11,11,11,16,16,16,16,16,16
внутригородская территория города федерального значения муниципальный округ Котловка,1,1,1,4,4,4,4,4,4,8,8,8,8,11,11,11,11,11,16,16,16,16,16,16
внутригородская территория города федерального значения муниципальный округ Красненькая речка,1,1,1,4,4,4,4,4,4,8,8,8,8,11,11,11,11,11,16,16,16,16,16,16
внутригородская территория города федерального значения муниципальный округ Красносельский,1,1,1,4,4,4,4,4,4,8,8,8,8,11,11,11,11,11,16,16,16,16,16,16
внутригородская территория города федерального значения муниципальный округ Кронверкское,1,1,1,4,4,4,4,4,4,8,8,8,8,11,11,11,11,11,16,16,16,16,16,16
внутригородская территория города федерального значения муниципальный округ Крылатское,1,1,1,4,4,4,4,4,4,8,8,8,8,11,11,11,11,11,16,16,16,16,16,16
внутригородская территория города федерального значения муниципальный округ Крюково,1,1,1,4,4,4,4,4,4,8,8,8,8,11,11,11,11,11,16,16,16,16,16,16
внутригородская территория города федерального значения муниципальный округ Кузьминки,1,1,1,4,4,4,4,4,4,8,8,8,8,11,11,11,11,11,16,16,16,16,16,16
внутригородская территория города федерального значения муниципальный округ Кунцево,1,1,1,4,4,4,4,4,4,8,8,8,8,11,11,11,11,11,16,16,16,16,16,16
внутригородская территория города федерального значения муниципальный округ Купчино,1,1,1,4,4,4,4,4,4,8,8,8,8,11,11,11,11,11,16,16,16,16,16,16
внутригородская территория города федерального значения муниципальный округ Куркино,1,1,1,4,4,4,4,4,4,8,8,8,8,11,11,11,11,11,16,16,16,16,16,16
внутригородская территория города федерального значения муниципальный округ Ланское,1,1,1,4,4,4,4,4,4,8,8,8,8,11,11,11,11,11,16,16,16,16,16,16
внутригородская территория города федерального значения муниципальный округ Лахта-Ольгино,1,1,1,4,4,4,4,4,4,8,8,8,8,11,11,11,11,11,16,16,16,16,16,16
внутригородская территория города федерального значения муниципальный округ Левобережный,1,1,1,4,4,4,4,4,4,8,8,8,8,11,11,11,11,11,16,16,16,16,16,16
внутригородская территория города федерального значения муниципальный округ Лефортово,1,1,1,4,4,4,4,4,4,8,8,8,8,11,11,11,11,11,16,16,16,16,16,16
внутригородская территория города федерального значения муниципальный округ Лианозово,1,1,1,4,4,4,4,4,4,8,8,8,8,11,11,11,11,11,16,16,16,16,16,16
внутригородская территория города федерального значения муниципальный округ Лиговка-Ямская,1,1,1,4,4,4,4,4,4,8,8,8,8,11,11,11,11,11,16,16,16,16,16,16
внутригородская территория города федерального значения муниципальный округ Литейный округ,1,1,1,4,4,4,4,4,4,8,8,8,8,11,11,11,11,11,16,16,16,16,16,16
внутригородская территория города федерального значения муниципальный округ Ломоносовский,1,1,1,4,4,4,4,4,4,8,8,8,8,11,11,11,11,11,16,16,16,16,16,16
внутригородская территория города федерального значения муниципальный округ Лосиноостровский,1,1,1,4,4,4,4,4,4,8,8,8,8,11,11,11,11,11,16,16,16,16,16,16
внутригородская территория города федерального значения муниципальный округ Люблино,1,1,1,4,4,4,4,4,4,8,8,8,8,11,11,11,11,11,16,16,16,16,16,16
внутригородская территория города федерального значения муниципальный округ Малая Охта,1,1,1,4,4,4,4,4,4,8,8,8,8,11,11,11,11,11,16,16,16,16,16,16
внутригородская территория города федерального значения муниципальный округ Марфино,1,1,1,4,4,4,4,4,4,8,8,8,8,11,11,11,11,11,16,16,16,16,16,16
внутригородская территория города федерального значения муниципальный округ Марьина роща,1,1,1,4,4,4,4,4,4,8,8,8,8,11,11,11,11,11,16,16,16,16,16,16
внутригородская территория города федерального значения муниципальный округ Марьино,1,1,1,4,4,4,4,4,4,8,8,8,8,11,11,11,11,11,16,16,16,16,16,16
внутригородская территория города федерального значения муниципальный округ Матушкино,1,1,1,4,4,4,4,4,4,8,8,8,8,11,11,11,11,11,16,16,16,16,16,16
внутригородская территория города федерального значения муниципальный округ Метрогородок,1,2,1,4,4,4,4,4,4,8,8,8,8,11,11,11,11,11,16,16,16,16,16,16
внутригородская территория города федерального значения муниципальный округ Мещанский,1,1,1,4,4,4,4,4,4,8,8,8,8,11,11,11,11,11,16,16,16,16,16,16
внутригородская территория города федерального значения муниципальный округ Митино,1,1,1,4,4,4,4,4,4,8,8,8,8,11,11,11,11,11,16,16,16,16,16,16
внутригородская территория города федерального значения муниципальный округ Можайский,1,1,1,4,4,4,4,4,4,8,8,8,8,11,11,11,11,11,16,16,16,16,16,16
внутригородская территория города федерального значения муниципальный округ Молжаниновский,0,2,2,2,2,2,2,2,2,8,8,8,8,11,11,11,11,11,16,16,16,16,16,16
внутригородская территория города федерального значения муниципальный округ Морские ворота,1,1,2,2,2,2,2,2,2,8,8,8,8,11,11,11,12,11,16,16,16,16,16,16
внутригородская территория города федерального значения муниципальный округ Морской,1,1,1,4,4,4,4,4,4,8,8,8,8,11,11,11,11,11,16,16,16,16,16,16
внутригородская территория города федерального значения муниципальный округ Москворечье-Сабурово,1,1,1,4,4,4,4,4,4,8,8,8,8,11,11,11,11,11,16,16,16,16,16,16
внутригородская территория города федерального значения муниципальный округ Московская застава,1,1,1,4,4,4,4,4,4,8,8,8,8,11,11,11,11,11,16,16,16,16,16,16
внутригородская территория города федерального значения муниципальный округ Нагатино-Садовники,1,1,1,4,4,4,4,4,4,8,8,8,8,11,11,11,11,11,16,16,16,16,16,16
внутригородская территория города федерального значения муниципальный округ Нагатинский затон,1,1,1,4,4,4,4,4,4,8,8,8,8,11,11,11,11,11,16,16,16,16,16,16
внутригородская территория города федерального значения муниципальный округ Нагорный,1,1,1,4,4,4,4,4,4,8,8,8,8,11,11,11,11,11,16,16,16,16,16,16
внутригородская территория города федерального значения муниципальный округ Нарвский округ,1,1,1,4,4,4,4,4,4,8,8,8,8,11,11,11,11,11,16,16,16,16,16,16
внутригородская территория города федерального значения муниципальный округ Народный,1,1,1,4,4,4,4,4,4,8,8,8,8,11,11,11,11,11,16,16,16,16,16,16
внутригородская территория города федерального значения муниципальный округ Невская застава,1,1,1,4,4,4,4,4,4,8,8,8,8,11,11,11,11,11,16,16,16,16,16,16
внутригородская территория города федерального значения муниципальный округ Невский округ,1,1,1,4,4,4,4,4,4,8,8,8,8,11,11,11,11,11,16,16,16,16,16,16
внутригородская территория города федерального значения муниципальный округ Некрасовка,1,2,2,4,4,4,4,4,4,8,8,8,8,11,11,11,11,11,16,16,16,16,16,16
внутригородская территория города федерального значения муниципальный округ Нижегородский,1,1,1,4,4,4,4,4,4,8,8,8,8,11,11,11,11,11,16,16,16,16,16,16
внутригородская территория города федерального значения муниципальный округ Ново-Переделкино,1,1,1,4,4,4,4,4,4,8,8,8,8,11,11,11,11,11,16,16,16,16,16,16
внутригородская территория города федерального значения муниципальный округ Новогиреево,1,1,1,4,4,4,4,4,4,8,8,8,8,11,11,11,11,11,16,16,16,16,16,16
внутригородская территория города федерального значения муниципальный округ Новоизмайловское,1,1,1,4,4,4,4,4,4,8,8,8,8,11,11,11,11,11,16,16,16,16,16,16
внутригородская территория города федерального значения муниципальный округ Новокосино,1,1,1,4,4,4,4,4,4,8,8,8,8,11,11,11,11,11,16,16,16,16,16,16
внутригородская территория города федерального значения муниципальный округ Обручевский,1,1,1,4,4,4,4,4,4,8,8,8,8,11,11,11,11,11,16,16,16,16,16,16
внутригородская территория города федерального значения муниципальный округ Обуховский,1,1,1,4,4,4,4,4,4,8,8,8,8,11,11,11,11,11,16,16,16,16,16,16
внутригородская территория города федерального значения муниципальный округ Озеро Долгое,1,1,1,4,4,4,4,4,4,8,8,8,8,11,11,11,11,11,16,16,16,16,16,16
внутригородская территория города федерального значения муниципальный округ Оккервиль,1,1,1,4,4,4,4,4,4,8,8,8,8,11,11,11,11,11,16,16,16,16,16,16
внутригородская территория города федерального значения муниципальный округ Орехово-Борисово Северное,1,1,1,4,4,4,4,4,4,8,8,8,8,11,11,11,11,11,16,16,16,16,16,16
внутригородская территория города федерального значения муниципальный округ Орехово-Борисово Южное,1,1,1,4,4,4,4,4,4,8,8,8,8,11,11,11,11,11,16,16,16,16,16,16
внутригородская территория города федерального значения муниципальный округ Останкинский,1,1,1,4,4,4,4,4,4,8,8,8,8,11,11,11,11,11,16,16,16,16,16,16
внутригородская территория города федерального значения муниципальный округ Остров Декабристов,1,1,1,4,4,4,4,4,4,8,8,8,8,11,11,11,11,11,16,16,16,16,16,16
внутригородская территория города федерального значения муниципальный округ Отрадное,1,1,1,4,4,4,4,4,4,8,8,8,8,11,11,11,11,11,16,16,16,16,16,16
внутригородская территория города федерального значения муниципальный округ Очаково-Матвеевское,1,1,1,4,4,4,4,4,4,8,8,8,8,11,11,11,11,11,16,16,16,16,16,16
внутригородская территория города федерального значения муниципальный округ Перово,1,1,1,4,4,4,4,4,4,8,8,8,8,11,11,11,11,11,16,16,16,16,16,16
внутригородская территория города федерального значения муниципальный округ Печатники,1,1,1,4,4,4,4,4,4,8,8,8,8,11,11,11,11,11,16,16,16,16,16,16
внутригородская территория города федерального значения муниципальный округ Пискаревка,1,1,1,4,4,4,4,4,4,8,8,8,8,11,11,11,11,11,16,16,16,16,16,16
внутригородская территория города федерального значения муниципальный округ Покровское-Стрешнево,1,1,1,4,4,4,4,4,4,8,8,8,8,11,11,11,11,11,16,16,16,16,16,16
внутригородская территория города федерального значения муниципальный округ Полюстрово,1,1,1,4,4,4,4,4,4,8,8,8,8,11,11,11,11,11,16,16,16,16,16,16
внутригородская территория города федерального значения муниципальный округ Пороховые,1,1,1,4,4,4,4,4,4,8,8,8,8,11,11,11,11,11,16,16,16,16,16,16
внутригородская территория города федерального значения муниципальный округ Посадский,1,1,1,4,4,4,4,4,4,8,8,8,8,11,11,11,11,11,16,16,16,16,16,16
внутригородская территория города федерального значения муниципальный округ Правобережный,1,1,1,4,4,4,4,4,4,8,8,8,8,11,11,11,11,11,16,16,16,16,16,16
внутригородская территория города федерального значения муниципальный округ Преображенское,1,1,1,4,4,4,4,4,4,8,8,8,8,11,11,11,11,11,16,16,16,16,16,16
внутригородская территория города федерального значения муниципальный округ Пресненский,1,1,1,4,4,4,4,4,4,8,8,8,8,11,11,11,11,11,16,16,16,16,16,16
внутригородская территория города федерального значения муниципальный округ Прометей,1,1,1,4,4,4,4,4,4,8,8,8,8,11,11,11,11,11,16,16,16,16,16,16
внутригородская территория города федерального значения муниципальный округ Проспект Вернадского,1,1,1,4,4,4,4,4,4,8,8,8,8,11,11,11,11,11,16,16,16,16,16,16
внутригородская территория города федерального значения муниципальный округ Пулковский меридиан,1,1,1,4,4,4,4,4,4,8,8,8,8,11,11,11,11,11,16,16,16,16,16,16
внутригородская территория города федерального значения муниципальный округ Раменки,1,1,1,4,4,4,4,4,4,8,8,8,8,11,11,11,11,11,16,16,16,16,16,16
внутригородская территория города федерального значения муниципальный округ Ржевка,1,1,1,4,4,4,4,4,4,8,8,8,8,11,11,11,11,11,16,16,16,16,16,16
внутригородская территория города федерального значения муниципальный округ Ростокино,1,1,1,4,4,4,4,4,4,8,8,8,8,11,11,11,11,11,16,16,16,16,16,16
внутригородская территория города федерального значения муниципальный округ Рыбацкое,1,1,1,4,4,4,4,4,4,8,8,8,8,11,11,11,11,11,16,16,16,16,16,16
внутригородская территория города федерального значения муниципальный округ Рязанский,1,1,1,4,4,4,4,4,4,8,8,8,8,11,11,11,11,11,16,16,16,16,16,16
внутригородская территория города федерального значения муниципальный округ Савеловский,1,1,1,4,4,4,4,4,4,8,8,8,8,11,11,11,11,11,16,16,16,16,16,16
внутригородская территория города федерального значения муниципальный округ Сампсониевское,1,1,1,4,4,4,4,4,4,8,8,8,8,11,11,11,11,11,16,16,16,16,16,16
внутригородская территория города федерального значения муниципальный округ Светлановское,1,1,1,4,4,4,4,4,4,8,8,8,8,11,11,11,11,11,16,16,16,16,16,16
внутригородская территория города федерального значения муниципальный округ Свиблово,1,1,1,4,4,4,4,4,4,8,8,8,8,11,11,11,11,11,16,16,16,16,16,16
внутригородская территория города федерального значения муниципальный округ Северное Бутово,1,1,1,4,4,4,4,4,4,8,8,8,8,11,11,11,11,11,16,16,16,16,16,16
внутригородская территория города федерального значения муниципальный округ Северное Измайлово,1,1,1,4,4,4,4,4,4,8,8,8,8,11,11,11,11,11,16,16,16,16,16,16
внутригородская территория города федерального значения муниципальный округ Северное Медведково,1,1,1,4,4,4,4,4,4,8,8,8,8,11,11,11,11,11,16,16,16,16,16,16
внутригородская территория города федерального значения муниципальный округ Северное Тушино,1,1,1,4,4,4,4,4,4,8,8,8,8,11,11,11,11,11,16,16,16,16,16,16
внутригородская территория города федерального значения муниципальный округ Семеновский,1,1,1,4,4,4,4,4,4,8,8,8,8,11,11,11,11,11,16,16,16,16,16,16
внутригородская территория города федерального значения муниципальный округ Сенной округ,1,1,1,4,4,4,4,4,4,8,8,8,8,11,11,11,11,11,16,16,16,16,16,16
внутригородская территория города федерального значения муниципальный округ Сергиевское,1,1,1,4,4,4,4,4,4,8,8,8,8,11,11,11,11,11,16,16,16,16,16,16
внутригородская территория города федерального значения муниципальный округ Силино,1,1,1,4,4,4,4,4,4,8,8,8,8,11,11,11,11,11,16,16,16,16,16,16
внутригородская территория города федерального значения муниципальный округ Смольнинское,1,1,1,4,4,4,4,4,4,8,8,8,8,11,11,11,11,11,16,16,16,16,16,16
внутригородская территория города федерального значения муниципальный округ Сокол,1,1,1,4,4,4,4,4,4,8,8,8,8,11,11,11,11,11,16,16,16,16,16,16
внутригородская территория города федерального значения муниципальный округ Соколиная гора,1,1,1,4,4,4,4,4,4,8,8,8,8,11,11,11,11,11,16,16,16,16,16,16
внутригородская территория города федерального значения муниципальный округ Сокольники,1,1,1,4,4,4,4,4,4,8,8,8,8,11,11,11,11,11,16,16,16,16,16,16
внутригородская территория города федерального значения муниципальный округ Солнцево,1,1,1,4,4,4,4,4,4,8,8,8,8,11,11,11,11,11,16,16,16,16,16,16
внутригородская территория города федерального значения муниципальный округ Сосновая поляна,1,1,1,4,4,4,4,4,4,8,8,8,8,11,11,11,11,11,16,16,16,16,16,16
внутригородская территория города федерального значения муниципальный округ Сосновское,1,1,1,4,4,4,4,4,4,8,8,8,8,11,11,11,11,11,16,16,16,16,16,16
внутригородская территория города федерального значения муниципальный округ Старое Крюково,1,1,1,4,4,4,4,4,4,8,8,8,8,11,11,11,11,11,16,16,16,16,16,16
внутригородская территория города федерального значения муниципальный округ Строгино,1,1,1,4,4,4,4,4,4,8,8,8,8,11,11,11,11,11,16,16,16,16,16,16
внутригородская территория города федерального значения муниципальный округ Таганский,1,1,1,4,4,4,4,4,4,8,8,8,8,11,11,11,11,11,16,16,16,16,16,16
внутригородская территория города федерального значения муниципальный округ Тверской,1,1,1,4,4,4,4,4,4,8,8,8,8,11,11,11,11,11,16,16,16,16,16,16
внутригородская территория города федерального значения муниципальный округ Текстильщики,1,1,1,4,4,4,4,4,4,8,8,8,8,11,11,11,11,11,16,16,16,16,16,16
внутригородская территория города федерального значения муниципальный округ Теплый Стан,1,1,1,4,4,4,4,4,4,8,8,8,8,11,11,11,11,11,16,16,16,16,16,16
внутригородская территория города федерального значения муниципальный округ Тимирязевский,1,1,1,4,4,4,4,4,4,8,8,8,8,11,11,11,11,11,16,16,16,16,16,16
внутригородская территория города федерального значения муниципальный округ Тропарево-Никулино,1,1,1,4,4,4,4,4,4,8,8,8,8,11,11,11,11,11,16,16,16,16,16,16
внутригородская территория города федерального значения муниципальный округ Ульянка,1,1,1,4,4,4,4,4,4,8,8,8,8,11,11,11,11,11,16,16,16,16,16,16
внутригородская территория города федерального значения муниципальный округ Урицк,1,1,1,4,4,4,4,4,4,8,8,8,8,11,11,11,11,11,16,16,16,16,16,16
внутригородская территория города федерального значения муниципальный округ Филевский парк,1,1,1,4,4,4,4,4,4,8,8,8,8,11,11,11,11,11,16,16,16,16,16,16
внутригородская территория города федерального значения муниципальный округ Фили-Давыдково,1,1,1,4,4,4,4,4,4,8,8,8,8,11,11,11,11,11,16,16,16,16,16,16
внутригородская территория города федерального значения муниципальный округ Финляндский округ,1,1,1,4,4,4,4,4,4,8,8,8,8,11,11,11,11,11,16,16,16,16,16,16
внутригородская территория города федерального значения муниципальный округ Хамовники,1,1,1,4,4,4,4,4,4,8,8,8,8,11,11,11,11,11,16,16,16,16,16,16
внутригородская территория города федерального значения муниципальный округ Ховрино,1,1,1,4,4,4,4,4,4,8,8,8,8,11,11,11,11,11,16,16,16,16,16,16
внутригородская территория города федерального значения муниципальный округ Хорошево-Мневники,1,1,1,4,4,4,4,4,4,8,8,8,8,11,11,11,11,11,16,16,16,16,16,16
внутригородская территория города федерального значения муниципальный округ Хорошевский,1,1,1,4,4,4,4,4,4,8,8,8,8,11,11,11,11,11,16,16,16,16,16,16
внутригородская территория города федерального значения муниципальный округ Царицыно,1,1,1,4,4,4,4,4,4,8,8,8,8,11,11,11,11,11,16,16,16,16,16,16
внутригородская территория города федерального значения муниципальный округ Черемушки,1,1,1,4,4,4,4,4,4,8,8,8,8,11,11,11,11,11,16,16,16,16,16,16
внутригородская территория города федерального значения муниципальный округ Чертаново Северное,1,1,1,4,4,4,4,4,4,8,8,8,8,11,11,11,11,11,16,16,16,16,16,16
внутригородская территория города федерального значения муниципальный округ Чертаново Центральное,1,1,1,4,4,4,4,4,4,8,8,8,8,11,11,11,11,11,16,16,16,16,16,16
внутригородская территория города федерального значения муниципальный округ Чертаново Южное,1,1,1,4,4,4,4,4,4,8,8,8,8,11,11,11,11,11,16,16,16,16,16,16
внутригородская территория города федерального значения муниципальный округ Чкаловское,1,1,1,4,4,4,4,4,4,8,8,8,8,11,11,11,11,11,16,16,16,16,16,16
внутригородская территория города федерального значения муниципальный округ Шувалово-Озерки,1,1,1,4,4,4,4,4,4,8,8,8,8,11,11,11,11,11,16,16,16,16,16,16
внутригородская территория города федерального значения муниципальный округ Щукино,1,1,1,4,4,4,4,4,4,8,8,8,8,11,11,11,11,11,16,16,16,16,16,16
внутригородская территория города федерального значения муниципальный округ Юго-Запад,1,1,1,4,4,4,4,4,4,8,8,8,8,11,11,11,11,11,16,16,16,16,16,16
внутригородская территория города федерального значения муниципальный округ Южно-Приморский,1,1,1,4,4,4,4,4,4,8,8,8,8,11,11,11,11,11,16,16,16,16,16,16
внутригородская территория города федерального значения муниципальный округ Южное Бутово,1,1,1,4,4,4,4,4,4,8,8,8,8,11,11,11,11,11,16,16,16,16,16,16
внутригородская территория города федерального значения муниципальный округ Южное Медведково,1,1,1,4,4,4,4,4,4,8,8,8,8,11,11,11,11,11,16,16,16,16,16,16
внутригородская территория города федерального значения муниципальный округ Южное Тушино,1,1,1,4,4,4,4,4,4,8,8,8,8,11,11,11,11,11,16,16,16,16,16,16
внутригородская территория города федерального значения муниципальный округ Южнопортовый,1,1,1,4,4,4,4,4,4,8,8,8,8,11,11,11,11,11,16,16,16,16,16,16
внутригородская территория города федерального значения муниципальный округ Юнтолово,1,1,1,4,4,4,4,4,4,8,8,8,8,11,11,11,11,11,16,16,16,16,16,16
внутригородская территория города федерального значения муниципальный округ Якиманка,1,1,1,4,4,4,4,4,4,8,8,8,8,11,11,11,11,11,16,16,16,16,16,16
внутригородская территория города федерального значения муниципальный округ Ярославский,1,1,1,4,4,4,4,4,4,8,8,8,8,11,11,11,11,11,16,16,16,16,16,16
внутригородская территория города федерального значения муниципальный округ Ясенево,1,1,1,4,4,4,4,4,4,8,8,8,8,11,11,11,11,11,16,16,16,16,16,16
внутригородская территория города федерального значения муниципальный округ округ Петровский,1,1,1,4,4,4,4,4,4,8,8,8,8,11,11,11,11,11,16,16,16,16,16,16
внутригородская территория города федерального значения муниципальный округ № 15,1,1,1,4,4,4,4,4,4,8,8,8,8,11,11,11,11,11,16,16,16,16,16,16
внутригородская территория города федерального значения муниципальный округ № 21,1,1,1,4,4,4,4,4,4,8,8,8,8,11,11,11,11,11,16,16,16,16,16,16
внутригородская территория города федерального значения муниципальный округ № 54,1,1,1,4,4,4,4,4,4,8,8,8,8,11,11,11,11,11,16,16,16,16,16,16
внутригородская территория города федерального значения муниципальный округ № 65,1,1,1,4,4,4,4,4,4,8,8,8,8,11,11,11,11,11,16,16,16,16,16,16
внутригородская территория города федерального значения муниципальный округ № 7,1,1,1,4,4,4,4,4,4,8,8,8,8,11,11,11,11,11,16,16,16,16,16,16
внутригородская территория города федерального значения муниципальный округ № 72,1,1,1,4,4,4,4,4,4,8,8,8,8,11,11,11,11,11,16,16,16,16,16,16
внутригородская территория города федерального значения муниципальный округ № 78,1,1,1,4,4,4,4,4,4,8,8,8,8,11,11,11,11,11,16,16,16,16,16,16
внутригородская территория города федерального значения поселение Внуковское,1,1,1,4,4,4,4,4,4,8,8,8,8,11,11,11,11,11,16,16,16,16,16,16
внутригородская территория города федерального значения поселение Вороновское,0,2,2,5,2,7,7,7,2,8,8,8,8,11,11,11,11,11,14,14,14,15,15,13
внутригородская территория города федерального значения поселение Воскресенское,1,1,1,4,4,4,4,4,4,8,8,8,8,11,11,11,11,11,16,16,16,16,16,16
внутригородская территория города федерального значения поселение Десеновское,1,1,1,4,4,4,4,4,4,8,8,8,8,11,11,11,11,11,16,16,16,16,16,16
внутригородская территория города федерального значения поселение Киевский,0,0,5,5,5,7,7,7,7,9,9,9,9,10,10,12,12,12,14,14,14,15,15,15
внутригородская территория города федерального значения поселение Кокошкино,0,2,2,2,5,7,7,7,7,9,9,8,8,13,10,12,12,11,14,16,16,16,16,16
внутригородская территория города федерального значения поселение Краснопахорское,0,2,2,2,2,2,2,2,2,8,8,8,8,11,11,11,11,11,14,14,14,15,15,13
внутригородская территория города федерального значения поселение Марушкинское,0,2,2,2,2,2,2,2,2,8,8,8,8,11,11,11,11,11,14,16,16,16,16,16
внутригородская территория города федерального значения поселение Михайлово-Ярцевское,0,2,2,5,5,7,7,7,7,9,9,8,8,10,10,12,12,12,14,14,14,15,15,13
внутригородская территория города федерального значения поселение Московский,1,1,1,4,4,4,4,4,4,8,8,8,8,11,11,11,11,11,16,16,16,16,16,16
"внутригородская территория города федерального значения поселение Мосрентген""""",2,2,2,2,4,11,11,11,11,11,11,11,11,11,11,11,11,11,11,11,11,11,11,11
внутригородская территория города федерального значения поселение Новофедоровское,0,2,2,5,2,7,7,7,2,9,8,8,8,10,10,12,12,12,14,14,14,15,15,13
внутригородская территория города федерального значения поселение Первомайское,1,1,1,4,4,4,4,4,4,8,8,8,8,11,11,11,11,11,16,16,16,16,16,16
внутригородская территория города федерального значения поселение Рязановское,0,2,2,2,2,2,2,2,2,8,8,8,8,11,11,11,11,11,14,16,16,16,16,16
внутригородская территория города федерального значения поселение Сосенское,1,1,1,4,4,4,4,4,4,8,8,8,8,11,11,11,11,11,16,16,16,16,16,16
внутригородская территория города федерального значения поселение Филимонковское,0,2,2,2,2,2,2,2,8,8,8,8,8,11,11,11,11,11,14,16,16,16,16,16
внутригородская территория города федерального значения поселение Щаповское,0,2,5,5,5,7,7,7,7,9,9,8,8,10,10,12,12,12,14,14,14,15,15,13
внутригородская территория города федерального значения поселок Левашово,1,2,1,2,2,4,4,4,2,8,8,8,8,11,11,11,11,11,14,16,16,16,16,16
внутригородская территория города федерального значения поселок Лисий Нос,1,1,1,4,4,4,4,4,8,8,8,8,8,11,11,11,11,11,16,16,16,16,16,16
внутригородская территория города федерального значения поселок Металлострой,0,0,2,2,2,2,2,2,2,8,8,8,8,11,11,11,11,11,14,16,16,16,16,16
внутригородская территория города федерального значения поселок Парголово,1,1,1,4,4,4,4,4,4,8,8,8,8,11,11,11,11,11,16,16,16,16,16,16
внутригородская территория города федерального значения поселок Песочный,1,2,1,4,4,4,4,8,8,8,8,8,8,11,11,11,11,16,16,16,16,16,16,16
внутригородская территория города федерального значения поселок Понтонный,0,0,2,2,2,2,2,2,2,8,8,8,8,11,11,11,12,11,14,16,16,16,16,15
внутригородская территория города федерального значения поселок Стрельна,1,1,1,4,4,4,4,4,4,8,8,8,8,11,11,11,11,11,16,16,16,16,16,16
внутригородская территория города федерального значения поселок Шушары,1,1,1,4,4,4,4,4,4,8,8,8,8,11,11,11,11,11,16,16,16,16,16,16
городской округ Абдулинский,0,0,5,5,5,7,7,7,7,9,9,9,9,10,10,12,12,12,14,14,14,15,15,15
городской округ Алапаевское,0,0,5,5,5,7,7,7,7,9,9,9,9,10,10,12,12,12,14,14,14,15,15,15
городской округ Александровск-Сахалинский район,3,3,3,3,5,3,3,3,3,3,9,9,9,10,13,13,13,13,13,13,13,13,15,15
городской округ Анадырь,3,3,3,3,3,3,3,3,3,3,13,13,13,13,13,13,13,13,13,13,13,13,13,13
городской округ Ангарский,0,0,2,2,2,2,2,2,2,8,8,8,8,11,11,12,12,12,14,14,14,15,15,15
городской округ Анжеро-Судженский,0,0,5,5,5,7,2,7,7,9,9,8,8,10,10,12,12,12,14,14,14,15,15,15
городской округ Анивский,3,3,3,3,3,3,3,3,3,3,13,13,13,13,13,13,13,13,13,13,13,13,13,13
городской округ Арамильский,0,0,2,2,2,2,2,2,2,8,8,8,8,11,11,12,12,12,14,14,14,15,15,15
городской округ Арсеньевский,3,3,3,5,5,3,3,3,3,3,13,13,13,10,10,12,13,13,13,13,13,13,13,13
городской округ Артинский,0,0,5,5,5,7,7,7,7,9,9,9,9,10,10,12,12,12,14,14,14,15,15,15
городской округ Асбестовский,0,0,2,2,2,2,2,2,2,8,8,8,8,11,11,12,12,12,14,14,14,15,15,15
городской округ Ачитский,0,0,5,5,5,7,7,7,7,9,9,9,9,10,10,12,12,12,14,14,14,15,15,15
городской округ Баксан,5,5,5,5,5,6,6,6,6,6,6,6,10,10,10,12,12,14,14,14,14,14,15,15
городской округ Балашиха,1,2,2,4,4,4,4,4,4,8,8,8,8,11,11,11,11,11,16,16,16,16,16,16
городской округ Балтийский,0,0,0,5,5,7,7,7,13,13,13,13,13,13,10,12,13,13,13,13,14,13,13,13
городской округ Беловский,0,0,5,5,5,7,2,7,7,8,8,8,8,10,10,12,12,12,14,14,14,15,15,15
городской округ Белоярский,0,0,5,5,5,7,7,7,7,9,9,8,8,10,10,12,12,12,14,14,14,15,15,15
городской округ Бисертский,0,0,5,5,5,7,7,7,7,9,9,9,9,10,10,12,12,12,12,14,14,15,15,15
городской округ Богданович,0,0,5,5,5,7,2,7,7,9,8,8,8,10,10,12,12,12,14,14,14,15,15,15
городской округ Богородский,0,2,2,2,2,2,2,2,2,8,8,8,8,11,11,11,11,11,14,16,16,16,16,16
городской округ Большой Камень,3,3,3,3,3,3,3,3,3,3,13,13,13,13,13,13,13,13,13,13,13,13,13,13
городской округ Бронницы,0,2,2,2,2,2,2,2,2,8,8,8,8,11,11,11,11,11,14,16,16,16,16,13
городской округ Великий Новгород,0,0,2,2,2,2,2,2,2,8,8,8,8,11,11,11,12,12,14,14,14,15,15,15
городской округ Верещагинский,0,0,5,5,5,7,7,7,7,9,9,9,9,10,10,12,12,12,14,14,14,15,15,15
городской округ Верхнесалдинский,0,0,2,2,2,2,2,2,7,8,8,8,8,10,10,12,13,12,14,14,14,15,15,15
городской округ Верхнеуфалейский,0,0,5,5,5,7,7,7,7,9,9,9,9,10,10,12,12,12,14,14,14,15,15,15
городской округ Верхний Тагил,0,0,5,5,5,7,7,7,7,9,9,9,9,10,10,12,12,12,14,14,14,15,15,15
городской округ Верхняя Пышма,0,0,2,2,2,2,2,2,2,8,8,8,8,11,11,11,12,12,14,14,14,15,15,15
городской округ Верхняя Тура,0,0,5,5,5,7,7,7,7,9,9,9,8,10,10,12,12,12,14,14,14,15,15,15
городской округ Верхотурский,0,0,5,5,5,7,7,7,7,9,9,9,9,10,10,12,12,12,14,14,14,15,15,15
городской округ Вичуга,0,0,5,5,5,7,7,7,7,9,9,9,9,10,10,12,12,12,14,14,14,15,15,15
городской округ Владивостокский,3,3,3,3,3,3,3,3,3,3,13,13,13,13,13,13,13,13,13,13,13,13,13,13
городской округ Волоколамский,0,0,5,5,5,7,7,7,7,9,9,8,8,10,10,12,12,12,14,14,14,15,15,13
городской округ Волчанский,0,0,5,5,5,7,7,7,7,9,9,9,9,10,10,12,12,12,14,14,14,15,15,15
городской округ Воркута,0,0,2,2,2,2,3,2,2,13,13,13,13,13,13,13,13,13,13,13,13,13,13,13
городской округ Воротынский,0,0,5,5,5,7,7,7,7,9,9,9,9,10,10,12,12,12,14,14,14,15,15,15
городской округ Воскресенск,0,2,2,2,2,2,2,2,2,8,8,8,8,11,11,11,11,11,14,16,16,16,16,13
городской округ Вышневолоцкий,0,0,5,5,5,7,7,7,7,9,9,8,8,10,10,12,12,12,14,14,14,15,15,15
городской округ Гайский,0,0,5,5,5,7,7,7,7,9,9,9,9,10,10,12,12,12,14,14,14,14,15,15
городской округ Гаринский,0,3,3,5,5,7,7,7,7,9,9,9,9,10,10,12,12,14,14,14,14,15,15,15
городской округ Голышмановский,0,0,5,5,5,7,7,7,7,9,9,9,9,10,10,12,12,12,14,14,14,15,15,15
городской округ Горнозаводский,0,0,5,5,5,7,7,7,7,9,9,9,9,10,10,12,12,12,14,14,14,15,15,15
городской округ Гусевский,0,0,5,5,2,2,7,7,7,8,8,8,9,10,10,12,12,12,14,14,14,15,15,15
городской округ Дальнегорский,3,3,3,5,5,3,3,3,3,3,9,9,9,10,10,12,12,12,13,13,13,15,15,15
городской округ Дальнереченский,3,3,3,5,5,3,3,3,3,3,9,9,9,10,10,12,12,12,13,13,13,15,15,15
городской округ Дегтярск,0,0,5,5,5,7,7,7,7,9,9,9,9,10,10,12,12,12,14,14,14,15,15,15
городской округ Дзержинский,0,2,2,4,4,2,2,4,2,8,8,8,8,11,11,11,11,11,16,16,16,16,16,16
городской округ Дмитровский,0,2,2,2,2,2,2,2,2,8,8,8,8,11,11,11,11,11,14,16,16,16,16,16
городской округ Добрянский,0,0,2,5,5,7,7,7,7,8,8,8,8,10,10,12,12,12,14,14,14,15,15,15
городской округ Долгопрудный,1,1,1,4,4,4,4,4,4,8,8,8,8,11,11,11,11,11,16,16,16,16,16,16
городской округ Долинский,3,3,3,3,3,3,3,3,3,3,13,13,13,10,10,12,13,12,13,13,13,15,13,13
городской округ Домодедово,0,2,2,2,2,2,2,2,2,8,8,8,8,11,11,11,11,11,14,16,16,16,16,16
городской округ Дубна,0,2,2,2,2,2,2,2,2,8,8,8,8,11,11,11,11,11,14,16,16,16,16,16
городской округ Егорьевск,0,0,2,2,2,2,2,2,2,8,8,8,8,11,11,11,12,11,14,16,16,16,16,13
городской округ Жигулевск,0,0,5,5,2,7,2,7,7,8,8,8,8,10,10,12,12,12,14,14,14,15,15,15
городской округ Жуковский,1,2,2,4,2,2,2,4,2,8,8,8,8,11,11,11,11,11,16,16,16,16,16,16
городской округ Заводоуковский,0,0,5,5,5,7,2,7,7,9,9,9,9,10,10,12,12,12,14,14,14,15,15,15
городской округ Зарайск,0,0,5,5,5,7,7,7,7,9,9,8,9,10,10,12,12,12,14,14,14,15,15,15
городской округ Заречный,0,0,2,2,5,7,2,7,7,8,9,8,8,10,10,12,12,12,14,14,14,15,15,15
городской округ Зима,0,0,5,5,5,7,7,7,7,9,9,9,9,10,10,12,12,12,14,14,14,15,15,15
городской округ Златоустовский,0,0,5,2,2,2,2,2,7,8,8,8,8,10,11,12,12,12,14,14,14,15,15,15
городской округ Иваново,0,0,2,2,2,2,2,2,2,8,8,8,8,11,11,12,12,12,14,14,14,15,15,15
городской округ Ивдельский,0,0,5,5,5,7,7,7,7,9,9,8,8,10,10,12,12,12,14,14,14,15,15,15
городской округ Ильинский,0,0,5,5,5,7,7,7,7,9,9,9,9,10,10,12,12,12,14,14,14,15,15,15
городской округ Инта,0,0,0,3,3,3,3,3,3,13,8,8,9,10,13,13,13,13,13,13,13,13,13,13
городской округ Ирбитское,0,0,5,5,5,7,7,7,7,9,9,9,9,10,10,12,12,12,14,14,14,15,15,15
городской округ Истра,0,2,2,2,2,2,2,2,2,8,8,8,8,11,11,11,11,11,14,16,16,16,16,16
городской округ Калтанский,0,0,5,5,5,7,2,7,7,9,9,9,9,10,10,12,12,12,14,14,14,15,15,15
городской округ Каменский,0,0,5,2,5,2,2,2,7,8,8,8,8,10,10,12,12,12,14,14,14,15,15,15
городской округ Камышловский,0,0,5,5,5,7,7,7,7,9,9,9,9,10,10,12,12,12,14,14,14,15,15,15
городской округ Карабашский,0,0,5,5,5,7,7,7,7,9,9,9,9,10,10,12,12,12,14,14,14,15,15,15
городской округ Карачаевский,0,0,5,5,5,6,6,6,6,6,6,9,10,10,10,12,12,14,14,14,14,14,15,15
городской округ Карпинск,0,0,5,5,5,7,7,7,7,9,9,9,9,10,10,12,12,12,14,14,14,15,15,15
городской округ Качканарский,0,0,2,2,2,7,2,7,7,8,8,8,8,10,10,12,13,12,14,14,14,15,15,15
городской округ Кашинский,0,0,5,5,5,7,7,7,7,9,9,9,9,10,10,12,12,12,14,14,14,15,15,15
городской округ Кашира,0,0,5,5,5,7,7,7,7,9,9,8,8,10,10,11,11,11,14,16,16,16,16,13
городской округ Кемеровский,0,0,2,2,2,2,2,2,2,8,8,8,8,11,11,11,12,12,14,14,14,15,15,15
городской округ Кинель,0,0,5,5,5,7,7,7,7,9,9,8,8,10,10,12,12,12,14,14,14,15,15,15
городской округ Кинешма,0,0,5,5,5,7,7,7,7,9,9,9,9,10,10,12,12,12,14,14,14,15,15,15
городской округ Кировградский,0,0,5,5,5,7,7,7,7,9,9,8,8,10,10,12,12,12,14,14,14,15,15,15
городской округ Киселевский,0,0,2,2,2,2,2,2,7,8,8,8,8,11,11,12,12,12,14,14,14,15,15,15
городской округ Клин,0,2,2,2,2,2,2,2,2,8,8,8,8,11,11,11,11,11,14,16,16,16,16,16
городской округ Коломна,0,2,2,2,2,2,2,2,2,8,8,8,8,11,11,11,11,11,14,16,16,16,16,16
городской округ Копейский,0,0,2,2,2,2,2,2,2,8,8,8,8,11,11,12,12,12,14,14,14,15,15,15
городской округ Королёв,1,1,1,4,4,4,4,4,4,8,8,8,8,11,11,11,11,11,16,16,16,16,16,16
городской округ Корсаковский,3,3,3,3,3,3,3,3,3,3,13,13,13,13,13,13,13,13,13,13,13,13,13,13
городской округ Костомукшский,0,0,2,2,2,2,2,2,2,13,13,13,13,13,13,13,13,13,13,13,13,13,13,13
городской округ Котельники,1,0,1,4,4,4,4,4,4,8,8,8,8,11,11,11,11,11,16,16,16,16,16,16
городской округ Котлас,0,0,2,2,2,2,2,2,2,8,8,8,8,11,11,12,12,12,14,13,14,15,15,15
городской округ Кохма,0,0,5,5,5,7,7,7,7,9,9,8,8,10,10,12,12,12,14,14,14,15,15,15
городской округ Красновишерский,0,0,5,5,5,7,7,7,7,9,9,9,9,10,10,12,12,12,14,14,14,15,15,15
городской округ Красногорск,1,1,1,4,4,4,4,4,4,8,8,8,8,11,11,11,11,11,16,16,16,16,16,16
городской округ Краснокамский,0,0,5,2,2,2,2,2,7,8,8,8,8,11,11,12,12,12,14,14,14,15,15,15
городской округ Краснотурьинск,0,0,2,2,2,2,2,2,2,8,8,8,8,11,11,12,12,12,14,14,14,15,15,15
городской округ Красноуральск,0,0,5,5,5,7,7,7,7,9,9,9,9,10,10,12,12,12,14,14,14,15,15,15
городской округ Красноуфимск,0,0,5,2,2,2,2,2,7,9,8,8,8,10,10,12,12,12,14,14,14,15,15,15
городской округ Красноуфимский округ,0,0,5,5,5,7,7,7,7,9,9,9,9,10,10,12,12,12,14,14,14,15,15,15
городской округ Кувандыкский,0,0,5,5,5,7,7,7,7,9,9,9,9,10,10,12,12,12,14,14,14,15,15,15
городской округ Курильский,3,3,3,3,3,3,3,3,3,3,13,13,13,13,13,13,13,13,13,13,13,13,13,13
городской округ Кушвинский,0,0,5,5,5,7,7,7,7,9,9,9,9,10,10,12,12,12,14,14,14,15,15,15
городской округ Кыштымский,0,0,5,5,5,7,7,7,7,8,8,8,8,10,10,12,12,12,14,14,14,15,15,15
городской округ Ленинск-Кузнецкий,0,0,5,2,2,2,2,2,7,8,8,8,8,10,11,12,12,12,14,14,14,15,15,15
городской округ Ленинский,1,1,1,4,4,4,4,4,4,8,8,8,8,11,11,11,11,11,16,16,16,16,16,16
городской округ Лесозаводский,0,3,3,5,5,7,2,3,3,3,13,13,13,10,10,12,12,12,13,13,13,15,15,15
городской округ Лобня,0,2,2,2,2,2,2,2,2,8,8,8,8,11,11,11,11,11,14,16,16,16,16,16
городской округ Лосино-Петровский,0,2,2,2,2,2,2,2,2,8,8,8,8,11,11,11,11,11,14,16,16,16,16,16
городской округ Лотошино,0,0,5,5,5,7,7,7,7,9,9,9,9,10,10,12,12,12,14,14,14,15,15,15
городской округ Луховицы,0,0,5,5,5,7,7,7,7,9,9,8,8,10,10,12,12,12,14,14,14,15,15,13
городской округ Лысьвенский,0,0,5,5,2,2,7,7,7,8,8,8,8,10,10,12,12,12,14,14,14,15,15,15
городской округ Лыткарино,0,2,2,2,2,2,2,2,2,8,8,8,8,11,11,11,11,11,14,16,16,16,16,16
городской округ Люберцы,1,2,2,4,4,4,4,4,4,8,8,8,8,11,11,11,11,11,16,16,16,16,16,16
городской округ Магнитогорский,0,0,2,2,2,2,2,2,2,8,8,8,8,11,11,12,12,12,14,14,14,15,15,15
городской округ Макаровский,3,3,3,3,3,3,3,3,3,3,13,13,13,13,13,13,12,12,13,13,13,15,15,15
городской округ Малышевский,0,0,5,5,5,7,7,7,7,9,9,9,9,10,10,12,12,12,14,14,14,15,15,15
городской округ Мамоновский,0,0,5,5,5,2,7,7,7,9,9,9,9,10,10,12,12,12,14,14,14,15,15,15
городской округ Междуреченский,0,0,2,2,2,2,2,2,2,8,8,8,8,11,11,12,12,12,14,14,14,15,15,15
городской округ Миасский,0,0,2,2,2,2,2,2,2,8,8,8,8,11,11,12,12,12,14,14,14,15,15,15
городской округ Можайский,0,0,5,5,5,7,7,7,7,9,9,8,8,10,10,11,12,12,14,14,14,15,15,13
городской округ Мысковский,0,0,5,5,5,7,2,7,7,9,9,9,8,10,10,12,12,12,14,14,14,15,15,15
городской округ Мытищи,1,1,1,4,4,4,4,4,4,8,8,8,8,11,11,11,11,11,16,16,16,16,16,16
городской округ Навашинский,0,0,5,5,5,7,7,7,7,9,9,9,9,10,10,12,12,12,14,14,14,15,15,15
городской округ Нальчик,0,0,5,5,5,6,6,6,6,6,6,6,10,10,10,12,12,14,14,14,14,14,15,15
городской округ Наро-Фоминский,0,2,2,2,2,2,2,2,2,8,8,8,8,11,11,11,11,11,14,16,16,16,16,16
городской округ Находкинский,3,3,3,3,3,3,3,3,3,3,13,13,13,13,13,13,13,13,13,13,13,13,13,13
городской округ Невельский,3,3,3,3,3,3,3,3,3,3,9,9,9,10,10,13,12,12,13,13,13,13,15,15
городской округ Невьянский,0,0,2,2,2,7,2,7,7,8,8,8,8,10,10,12,12,12,14,14,14,15,15,15
городской округ Нелидовский,0,0,5,5,5,7,7,7,7,9,9,9,8,10,10,12,12,12,14,14,14,15,15,15
городской округ Нижнетуринский,0,0,5,5,5,7,7,7,7,9,9,9,8,10,10,12,12,12,14,14,14,15,15,15
городской округ Нижняя Салда,0,0,5,5,5,7,7,7,7,9,9,8,8,10,10,12,12,12,14,14,14,15,15,15
городской округ Новокузнецкий,0,0,2,2,2,2,2,2,2,8,8,8,8,11,11,11,12,12,14,14,14,15,15,15
городской округ Новокуйбышевск,0,0,2,2,2,2,2,2,2,8,8,8,8,11,11,12,12,12,14,14,14,15,15,15
городской округ Новолялинский,0,0,5,5,5,7,7,7,7,9,9,9,9,10,10,12,12,12,14,14,14,15,15,15
городской округ Ногликский,3,3,3,3,3,3,3,3,3,3,13,13,13,13,13,13,13,13,13,13,13,13,13,13
городской округ Нытвенский,0,0,5,5,5,7,7,7,7,9,9,9,9,10,10,12,12,12,14,14,14,15,15,15
городской округ Одинцовский,1,1,1,4,4,4,4,4,4,8,8,8,8,11,11,11,11,11,16,16,16,16,16,16
городской округ Октябрьск,0,0,5,5,5,7,7,7,7,9,9,9,9,10,10,12,12,12,14,14,14,15,15,15
городской округ Октябрьский,0,0,5,5,5,7,7,7,7,9,9,9,9,10,10,12,12,12,14,14,14,15,15,15
городской округ Орехово-Зуевский,0,2,2,2,2,2,2,2,2,8,8,8,8,11,11,11,11,11,14,16,16,16,16,16
городской округ Осинниковский,0,0,2,2,2,2,2,2,7,8,8,8,8,10,10,12,12,12,14,14,14,15,15,15
городской округ Осинский,0,0,5,2,5,7,2,7,7,8,8,9,9,10,10,12,12,12,14,14,14,15,15,15
городской округ Осташковский,0,0,5,5,5,7,7,7,7,9,9,9,9,10,10,12,12,12,14,14,14,15,15,15
городской округ Отрадный,0,0,5,5,5,7,7,7,7,9,9,8,8,10,10,12,12,12,14,14,14,15,15,15
городской округ Оханский,0,0,5,5,5,7,7,7,7,9,9,9,9,10,10,12,12,12,14,14,14,15,15,15
городской округ Охинский,3,3,3,3,3,3,3,3,3,3,13,13,13,13,13,13,13,13,13,13,13,13,13,13
городской округ Очерский,0,0,5,5,5,7,7,7,7,9,9,9,9,10,10,12,12,12,14,14,14,15,15,15
городской округ Партизанский,3,3,3,5,5,3,3,3,3,3,9,9,9,10,10,12,12,12,13,13,13,15,15,15
городской округ Пелым,0,0,5,5,5,7,7,7,7,9,9,9,9,10,10,12,12,12,14,14,14,15,15,15
городской округ Первоуральск,0,0,2,2,2,2,2,2,2,8,8,8,8,11,11,12,12,12,14,14,14,15,15,15
городской округ Перевозский,0,0,5,5,5,7,7,7,7,9,9,9,9,10,10,12,12,12,14,14,14,15,15,15
городской округ Пермский,0,0,2,2,2,2,2,2,2,8,8,8,8,11,11,11,12,12,14,14,14,15,15,15
городской округ Петрозаводский,0,0,2,2,2,2,2,2,2,8,13,13,13,13,13,11,13,13,13,16,16,16,16,16
городской округ Петропавловск-Камчатский,3,3,3,3,3,3,3,3,3,3,13,13,13,13,13,13,13,13,13,13,13,13,13,13
городской округ Пионерский,0,0,2,5,5,7,7,7,7,8,8,8,8,10,10,12,12,12,13,13,14,15,15,15
городской округ Подольск,0,2,2,2,2,2,2,2,2,8,8,8,8,11,11,11,11,11,14,16,16,16,16,16
городской округ Полевской,0,0,2,2,2,2,2,2,2,8,8,8,8,11,11,12,12,12,14,14,14,15,15,15
городской округ Полысаевский,0,0,5,5,5,7,2,7,7,9,9,9,9,10,10,12,12,12,14,14,14,15,15,15
городской округ Поронайский,3,3,3,3,3,3,3,3,3,3,13,13,13,10,10,12,13,13,13,13,13,13,13,13
городской округ Похвистнево,0,0,5,5,5,7,7,7,7,9,9,9,9,10,10,12,12,12,14,14,14,15,15,15
городской округ Прокопьевский,0,0,2,2,2,2,2,2,2,8,8,8,8,11,11,12,12,12,14,14,14,15,15,15
городской округ Протвино,0,0,5,5,5,7,7,7,7,9,9,8,8,10,10,12,12,12,14,14,14,15,15,15
городской округ Прохладный,0,0,5,5,5,6,6,6,6,6,6,9,10,10,10,12,12,12,14,14,14,14,15,15
городской округ Пушкинский,0,2,2,2,2,2,2,2,2,8,8,8,8,11,11,11,11,11,14,16,16,16,16,16
городской округ Пущино,0,0,5,5,5,7,7,7,7,9,9,8,9,10,10,12,12,12,14,14,14,15,15,15
городской округ Пышминский,0,0,5,5,5,7,7,7,7,9,9,9,9,10,10,12,12,12,14,14,14,15,15,15
городской округ Раменский,0,2,2,2,2,2,2,2,2,8,8,8,8,11,11,11,11,11,14,16,16,16,16,16
городской округ Ревда,0,0,2,2,2,2,2,2,2,8,8,8,8,11,11,12,12,12,14,14,14,15,15,15
городской округ Режевской,0,0,5,5,5,7,2,7,7,9,8,8,8,10,10,12,12,12,14,14,14,15,15,15
городской округ Реутов,1,1,1,4,4,4,4,4,4,8,8,8,8,11,11,11,11,11,16,16,16,16,16,16
городской округ Рефтинский,0,0,5,5,5,7,7,7,7,9,9,9,9,10,10,12,12,12,14,14,14,15,15,15
городской округ Рузский,0,0,5,5,5,7,7,7,7,9,9,8,8,10,10,12,12,12,14,14,14,15,15,13
городской округ Самара,0,0,2,2,2,2,2,2,2,8,8,8,8,11,11,11,12,12,14,14,14,15,15,15
городской округ Светловский,0,0,2,5,5,7,7,9,9,9,8,9,9,10,10,12,12,12,14,14,14,14,15,15
городской округ Светлогорский,0,0,2,2,2,2,2,2,2,8,8,8,8,11,11,11,12,12,14,14,14,15,15,15
городской округ Северодвинск,0,0,2,2,2,2,2,2,2,13,13,13,13,13,13,13,13,13,13,13,13,13,13,13
городской округ Североуральский,0,0,5,5,5,7,7,7,7,9,9,9,9,10,10,12,12,12,14,14,14,15,15,15
городской округ Семеновский,0,0,5,5,5,7,7,7,7,9,9,9,9,10,10,12,12,12,14,14,14,15,15,15
городской округ Сергиево-Посадский,0,2,2,2,2,2,2,2,2,8,8,8,8,11,11,11,11,11,14,16,16,16,16,16
городской округ Серебряные Пруды,0,0,5,5,5,7,7,7,7,9,9,9,9,10,10,12,12,12,14,14,14,15,15,15
городской округ Серовский,0,0,5,5,2,7,2,7,7,8,8,8,8,11,11,12,12,12,14,14,14,15,15,15
городской округ Серпухов,0,2,2,2,2,2,2,2,2,8,8,8,8,11,11,11,11,11,14,16,16,16,16,16
городской округ Смирныховский,3,3,3,5,5,3,3,3,3,3,9,9,9,10,10,13,12,12,13,13,13,15,15,15
городской округ Советский,0,0,5,5,2,2,7,7,7,8,8,8,8,10,10,12,12,12,14,14,14,15,15,15
городской округ Сокольский,0,0,5,5,5,7,7,7,7,9,9,9,9,10,10,12,12,12,14,14,14,15,15,15
городской округ Соликамский,0,0,2,2,2,2,2,2,2,8,8,8,8,11,11,12,12,12,14,14,14,15,15,15
городской округ Солнечногорск,0,2,2,2,2,2,2,2,2,8,8,8,8,11,11,11,11,11,14,16,16,16,16,16
городской округ Соль-Илецкий,0,0,5,5,5,7,7,7,7,8,8,9,9,10,10,12,12,12,14,14,14,15,15,15
городской округ Сорочинский,0,0,5,5,5,7,7,7,7,9,9,9,9,10,10,12,12,12,14,14,14,15,15,15
городской округ Сосновоборский,0,2,2,2,2,2,2,2,2,8,8,8,8,11,11,11,11,11,14,16,16,16,16,16
городской округ Сосьвинский,0,0,5,5,5,7,7,7,7,9,9,9,9,10,10,12,12,12,14,14,14,15,15,15
городской округ Спасск-Дальний,3,3,3,5,5,3,3,3,3,3,13,13,13,10,10,12,12,12,13,13,13,15,15,15
городской округ Среднеуральск,0,0,2,2,5,7,2,7,7,8,8,8,8,10,10,12,12,12,14,14,14,15,15,15
городской округ Ступино,0,2,2,2,2,2,2,2,2,8,8,8,8,11,11,11,11,11,14,16,16,16,16,16
городской округ Суксунский,0,0,5,5,5,7,7,7,7,9,9,9,9,10,10,12,12,12,14,14,14,15,15,15
городской округ Сухой Лог,0,0,5,5,5,7,2,7,7,8,8,8,8,10,10,12,12,12,14,14,14,15,15,15
городской округ Сызрань,0,0,2,2,2,2,2,2,2,8,8,8,8,11,11,12,12,12,14,14,14,15,15,15
городской округ Сыктывкар,0,0,2,2,2,2,2,2,2,8,8,8,8,11,11,12,12,12,14,14,14,15,15,15
городской округ Сысертский,0,0,2,2,2,2,2,2,2,8,8,8,8,11,11,12,12,12,14,14,14,15,15,15
городской округ Тавдинский,0,0,5,5,5,7,7,7,7,9,9,9,9,10,10,12,12,12,14,14,14,15,15,15
городской округ Тайгинский,0,0,5,5,5,7,7,7,7,9,9,9,9,10,10,12,12,12,14,14,14,15,15,15
городской округ Талдомский,0,0,5,5,5,7,7,7,7,9,9,8,8,10,10,12,12,12,14,14,14,15,15,15
городской округ Талицкий,0,0,5,5,5,7,7,7,7,9,9,9,9,10,10,12,12,12,14,14,14,15,15,15
городской округ Тейково,0,0,5,5,5,7,7,7,7,9,9,9,9,10,10,12,12,12,14,14,14,15,15,15
городской округ Томаринский,3,3,3,3,3,3,3,3,3,3,13,13,13,13,13,13,13,13,13,13,13,15,15,15
городской округ Троицкий,0,0,5,5,5,7,2,7,7,8,8,8,9,10,10,12,12,12,14,14,14,15,15,15
городской округ Тугулымский,0,0,5,5,5,7,7,7,7,9,9,9,9,10,10,12,12,12,14,14,14,15,15,15
городской округ Туринский,0,0,5,5,5,7,7,7,7,9,9,9,9,10,10,12,12,12,14,14,14,15,15,15
городской округ Тымовский,3,3,3,3,3,3,3,3,3,3,9,9,9,10,10,13,13,13,13,13,13,13,15,15
городской округ Углегорский,3,3,3,3,3,3,3,3,3,3,13,13,13,13,13,13,13,13,13,13,13,13,13,13
городской округ Удомельский,0,0,5,5,5,7,7,7,7,9,9,8,8,10,10,12,12,12,14,14,14,15,15,15
городской округ Уссурийский,3,3,3,3,3,3,3,3,3,3,13,13,13,13,13,13,13,13,13,13,13,13,13,13
городской округ Усть-Катавский,0,0,5,5,5,7,7,7,7,9,9,9,9,10,10,12,12,12,14,14,14,15,15,15
городской округ Ухта,0,0,2,5,2,2,2,2,2,13,13,8,13,13,13,13,13,13,13,13,13,13,13,13
городской округ Фрязино,0,2,2,2,2,2,2,2,2,8,8,8,8,11,11,11,11,11,14,16,16,16,16,16
городской округ Холмский,3,3,3,3,3,3,3,3,3,3,13,13,13,10,10,12,13,13,13,13,13,13,13,13
городской округ Чайковский,0,0,2,2,2,2,2,2,7,8,8,8,8,10,11,12,12,12,14,14,14,15,15,15
городской округ Чапаевск,0,0,5,5,5,7,7,7,7,9,9,8,8,10,10,12,12,12,14,14,14,15,15,15
городской округ Чебаркульский,0,0,5,5,5,7,2,7,7,8,8,8,8,11,11,12,12,12,14,14,14,15,15,15
городской округ Челябинский,0,0,2,2,2,2,2,2,2,8,8,8,8,11,11,11,12,12,14,14,14,15,15,15
городской округ Чердынский,0,0,5,5,5,7,7,7,7,9,9,9,9,10,10,12,12,12,14,14,14,15,15,15
городской округ Черкесский,0,0,5,5,5,6,6,6,6,6,6,6,10,10,10,12,12,14,14,14,14,14,15,15
городской округ Черноголовка,0,0,5,5,5,7,7,7,10,10,10,10,10,10,10,12,12,12,13,13,13,13,13,13
городской округ Чернушинский,0,0,5,5,5,7,2,7,7,9,9,9,9,10,10,12,12,12,14,14,14,15,15,15
городской округ Чехов,0,2,2,2,2,2,2,2,2,8,8,8,8,11,11,11,11,11,14,16,16,16,16,16
городской округ Чусовской,0,0,5,5,5,7,2,7,7,9,9,8,8,10,10,12,12,12,14,14,14,15,15,15
городской округ Шалинский,0,0,5,5,5,7,7,7,7,9,9,9,9,10,10,12,12,12,14,14,14,15,15,15
городской округ Шатура,0,0,5,5,5,7,7,7,7,9,9,8,8,10,10,12,12,12,14,14,14,15,15,13
городской округ Шаховская,0,0,5,5,5,7,7,7,7,9,9,8,8,10,10,12,12,12,14,14,14,15,15,15
городской округ Шуя,0,0,5,5,5,7,7,7,7,9,9,9,9,10,10,12,12,12,14,14,14,15,15,15
городской округ Щёлково,0,2,2,2,2,2,2,2,2,8,8,8,8,11,11,11,11,11,14,16,16,16,16,16
городской округ Эгвекинот,3,3,3,3,3,3,3,3,3,3,13,13,13,13,13,13,13,13,13,13,13,13,13,13
городской округ Электросталь,0,2,2,2,2,2,2,2,2,8,8,8,8,11,11,11,11,11,14,16,16,16,16,16
городской округ Южно-Курильский,3,3,3,3,3,3,3,3,3,3,13,13,13,13,13,13,13,13,13,13,13,13,13,13
городской округ Южноуральский,0,0,5,5,5,7,2,7,7,9,8,8,8,10,10,12,12,12,14,14,14,15,15,15
городской округ Юргинский,0,0,2,2,2,2,2,2,7,8,8,8,8,11,11,12,12,12,14,14,14,15,15,15
городской округ Ясненский,0,0,5,5,5,7,7,7,7,9,9,9,9,10,10,12,12,12,14,14,14,14,15,15
городской округ город Абаза,0,0,5,5,5,7,7,7,7,9,9,9,9,10,10,12,12,12,14,14,14,15,15,15
городской округ город Абакан,0,0,2,2,2,2,2,2,2,8,8,8,8,11,11,12,12,12,14,14,14,15,15,15
городской округ город Агидель,0,0,5,5,5,7,7,7,7,9,9,9,9,10,10,12,12,12,14,14,14,14,15,15
городской округ город Адыгейск,0,0,5,5,5,6,6,6,6,6,6,9,10,10,10,12,12,14,14,14,14,14,15,15
городской округ город Алапаевск,0,0,5,5,5,7,2,7,7,9,9,9,8,10,10,12,12,12,14,14,14,15,15,15
городской округ город Алатырь,0,0,5,5,5,7,7,7,7,9,9,9,9,10,10,12,12,12,14,14,14,15,15,15
городской округ город Алейск,0,0,5,5,5,7,7,7,7,9,9,9,9,10,10,12,12,12,14,14,14,15,15,15
городской округ город Алексин,0,0,5,5,5,7,7,7,7,9,9,8,8,10,10,12,12,12,14,14,14,15,15,15
городской округ город Арзамас,0,0,5,5,5,7,2,7,7,9,9,8,8,10,10,12,12,12,14,14,14,15,15,15
городской округ город Архангельск,0,0,2,2,2,2,2,2,2,13,13,13,13,13,13,11,13,13,13,13,14,13,13,15
городской округ город Астрахань,0,0,2,2,2,2,2,2,2,8,8,8,8,11,11,12,12,12,14,14,14,15,15,15
городской округ город Ачинск,0,0,2,2,2,2,2,2,2,8,8,8,8,11,11,12,12,12,14,14,14,15,15,15
городской округ город Барнаул,0,0,2,2,2,2,2,2,2,8,8,8,8,11,11,11,12,12,14,14,14,15,15,15
городской округ город Белокуриха,0,0,5,5,5,7,7,7,7,9,9,8,8,10,10,12,12,12,14,14,14,15,15,15
городской округ город Бердск,0,0,2,2,2,2,2,2,2,8,8,8,8,11,11,11,12,12,14,14,14,15,15,15
городской округ город Березники,0,0,2,2,2,2,2,2,2,8,8,8,8,11,11,12,12,12,14,14,14,15,15,15
городской округ город Бийск,0,0,5,2,2,2,2,2,7,8,8,8,8,10,11,12,12,12,14,14,14,15,15,15
городской округ город Биробиджан,3,3,3,3,3,3,3,3,3,3,13,13,13,13,13,13,13,13,13,13,13,13,13,13
городской округ город Боготол,0,0,5,5,5,7,7,7,7,9,9,9,9,10,10,12,12,12,14,14,14,15,15,15
городской округ город Бор,0,0,5,2,2,2,2,2,7,9,8,8,8,11,10,12,12,12,14,14,14,15,15,15
городской округ город Бородино,0,0,5,5,5,7,7,7,7,9,9,9,9,10,10,12,12,12,14,14,14,15,15,15
городской округ город Братск,0,0,2,2,2,2,2,2,2,8,8,8,8,11,11,12,12,12,14,14,14,15,15,15
городской округ город Бугуруслан,0,0,5,5,5,2,7,7,7,9,9,8,8,10,10,12,12,12,14,14,14,15,15,15
городской округ город Бузулук,0,0,5,2,2,2,2,2,7,8,8,8,8,11,11,12,12,12,14,14,14,15,15,15
городской округ город Буй,0,0,5,5,5,7,7,7,7,9,9,9,9,10,10,12,12,12,14,14,14,15,15,15
городской округ город Великие Луки,0,0,5,5,5,7,7,7,7,9,9,8,8,10,10,12,12,12,14,14,14,15,15,15
городской округ город Владикавказ,0,0,5,5,2,2,6,2,2,8,8,8,8,11,11,11,12,14,14,14,14,14,15,15
городской округ город Владимир,0,0,2,2,2,2,2,2,2,8,8,8,8,11,11,11,12,12,14,14,14,15,15,15
городской округ город Волгореченск,0,0,5,5,5,7,7,7,7,9,9,9,9,10,10,12,12,12,14,14,14,15,15,15
городской округ город Волжск,0,0,5,5,5,7,7,7,7,9,9,9,9,10,10,12,12,12,14,14,14,15,15,15
городской округ город Волжский,0,0,2,2,2,2,2,2,2,8,8,8,8,11,11,12,12,12,14,14,14,15,15,15
городской округ город Воткинск,0,0,2,2,2,2,2,2,2,8,8,8,8,11,11,12,12,12,14,14,14,15,15,15
городской округ город Выкса,0,0,5,5,5,7,7,7,7,9,9,8,8,10,10,12,12,12,14,14,14,15,15,15
городской округ город Вятские Поляны,0,0,5,5,5,7,7,7,7,8,8,9,9,10,10,12,12,12,14,14,14,15,15,15
городской округ город Галич,0,0,5,5,5,7,7,7,7,9,9,9,9,10,10,12,12,12,14,14,14,15,15,15
городской округ город Глазов,0,0,2,2,2,2,2,2,2,8,8,8,8,10,10,12,12,12,14,14,14,15,15,15
городской округ город Горно-Алтайск,0,0,2,2,2,2,2,2,7,8,8,8,8,10,11,12,12,12,14,14,14,15,15,15
городской округ город Губкинский,0,0,2,2,2,2,3,2,2,13,13,13,13,13,13,13,13,13,13,13,13,13,13,13
городской округ город Гусь-Хрустальный,0,0,5,5,5,7,7,7,7,9,9,8,8,10,10,12,12,12,14,14,14,15,15,15
городской округ город Десногорск,0,0,5,5,5,7,7,7,7,9,9,9,9,10,10,12,12,12,14,14,14,15,15,15
городской округ город Дзержинск,0,0,2,2,2,2,2,2,2,8,8,8,8,11,11,11,12,12,14,14,14,15,15,15
городской округ город Дивногорск,0,0,2,5,5,7,7,7,7,8,8,8,8,10,10,12,12,12,14,14,14,15,15,15
городской округ город Димитровград,0,0,5,2,2,2,2,2,7,8,8,8,8,10,10,12,12,12,14,14,14,15,15,15
городской округ город Донской,0,0,5,5,5,7,7,7,7,9,9,9,8,10,10,12,12,12,14,14,14,15,15,15
городской округ город Екатеринбург,0,0,2,2,2,2,2,2,2,8,8,8,8,11,11,11,12,12,14,14,14,15,15,15
городской округ город Елец,0,0,5,5,5,7,7,7,7,9,9,8,8,10,10,12,12,12,14,14,14,15,15,15
городской округ город Енисейск,0,0,5,5,5,7,7,7,7,9,9,9,9,10,10,12,12,12,14,14,14,15,15,15
городской округ город Ефремов,0,0,5,5,5,7,7,7,7,9,9,8,8,10,10,12,12,12,14,14,14,15,15,15
городской округ город Заринск,0,0,5,5,2,2,7,7,7,8,8,8,8,10,10,12,12,12,14,14,14,15,15,15
городской округ город Ижевск,0,0,2,2,2,2,2,2,2,8,8,8,8,11,11,11,12,12,14,14,14,15,15,15
городской округ город Ирбит,0,0,5,5,5,7,2,7,7,9,9,8,8,10,10,12,12,12,14,14,14,15,15,15
городской округ город Иркутск,0,0,2,2,2,2,2,2,2,8,8,8,8,11,11,11,12,12,14,14,14,15,15,15
городской округ город Искитим,0,0,5,5,5,7,2,2,7,8,8,8,8,11,11,12,12,12,14,14,14,15,15,15
городской округ город Ишим,0,0,5,5,5,7,2,7,7,8,9,8,8,10,11,12,12,12,14,14,14,15,15,15
городской округ город Йошкар-Ола,0,0,2,2,2,2,2,2,2,8,8,8,8,11,11,12,12,12,14,14,14,15,15,15
городской округ город Казань,0,0,2,2,2,2,2,2,2,8,8,8,8,11,11,11,12,12,14,14,14,15,15,15
городской округ город Калининград,0,0,3,3,3,3,3,3,3,3,13,13,13,13,13,13,13,13,13,13,13,15,15,15
городской округ город Калуга,0,0,2,2,2,2,2,2,2,8,8,8,8,11,11,11,12,12,14,14,14,15,15,15
городской округ город Каменск-Уральский,0,0,2,2,2,2,2,2,2,8,8,8,8,11,11,12,12,12,14,14,14,15,15,15
городской округ город Камышин,0,0,5,5,5,7,7,7,7,9,9,8,8,10,10,12,12,12,14,14,14,15,15,15
городской округ город Канаш,0,0,5,5,5,7,7,7,7,8,9,9,9,10,10,12,12,12,14,14,14,15,15,15
городской округ город Канск,0,0,5,2,2,2,2,7,7,8,8,8,8,10,11,12,12,12,14,14,14,15,15,15
городской округ город Касимов,0,0,5,5,5,7,7,7,7,9,9,9,9,10,10,12,12,12,14,14,14,15,15,15
городской округ город Кедровый,0,0,5,5,5,7,7,9,9,9,9,9,9,10,10,12,12,12,12,12,12,12,12,12
городской округ город Кизел,0,0,5,5,5,7,7,7,7,9,9,9,9,10,10,12,12,12,14,14,14,15,15,15
городской округ город Киров,0,0,2,2,2,2,2,2,2,8,8,8,8,11,11,11,12,12,14,14,14,15,15,15
городской округ город Кирово-Чепецк,0,0,2,2,2,2,2,2,7,8,8,8,8,10,11,12,12,12,14,14,14,15,15,15
городской округ город Кирсанов,0,0,5,5,5,7,7,7,7,9,9,9,9,10,10,12,12,12,14,14,14,15,15,15
городской округ город Ковров,0,0,2,2,2,2,2,2,2,8,8,8,8,11,11,12,12,12,14,14,14,15,15,15
городской округ город Когалым,0,0,2,2,2,2,2,2,2,13,13,13,13,13,13,13,13,13,13,13,13,13,13,13
городской округ город Козьмодемьянск,0,0,5,5,5,7,7,7,7,9,9,9,9,10,10,12,12,12,14,14,14,15,15,15
городской округ город Комсомольск-на-Амуре,0,3,3,3,3,3,3,3,3,3,13,13,13,13,13,13,13,13,13,13,13,13,13,13
городской округ город Коряжма,0,0,2,5,2,2,2,2,7,13,13,8,8,10,13,12,13,13,14,14,14,15,15,15
городской округ город Кострома,0,0,2,2,2,2,2,2,2,8,8,8,8,11,11,12,12,12,14,14,14,15,15,15
городской округ город Котельнич,0,0,5,5,5,7,7,7,7,9,9,9,9,10,10,12,12,12,14,14,14,15,15,15
городской округ город Котовск,0,0,5,5,5,7,7,7,7,9,9,9,9,10,10,12,12,12,14,14,14,15,15,15
городской округ город Красноярск,0,0,2,2,2,2,2,2,2,8,8,8,8,11,11,11,12,12,14,14,14,15,15,15
городской округ город Кулебаки,0,0,5,5,5,7,7,7,7,9,9,9,9,10,10,12,12,12,14,14,14,15,15,15
городской округ город Кумертау,0,0,5,2,2,2,2,2,7,8,8,8,8,10,10,12,12,12,14,14,14,15,15,15
городской округ город Курган,0,0,5,2,2,2,2,2,7,8,8,8,8,10,11,12,12,12,14,14,14,15,15,15
городской округ город Лабытнанги,3,3,3,3,3,3,3,3,3,3,13,13,13,13,13,13,13,13,13,13,13,13,13,13
городской округ город Лангепас,0,0,2,5,2,2,2,2,2,13,13,8,13,13,13,13,13,13,13,13,13,13,13,13
городской округ город Лермонтов,0,0,5,5,5,7,7,7,7,9,9,8,8,10,10,12,12,12,14,14,14,15,15,15
городской округ город Лесосибирск,0,0,5,5,5,7,7,7,7,9,9,8,8,10,10,12,12,12,14,14,14,15,15,15
городской округ город Ливны,0,0,5,5,5,7,7,7,7,9,9,9,9,10,10,12,12,12,14,14,14,15,15,15
городской округ город Липецк,0,0,2,2,2,2,2,2,2,8,8,8,8,11,11,11,12,12,14,14,14,15,15,15
городской округ город Магадан,3,3,3,3,3,3,3,3,3,3,13,13,13,13,13,13,13,13,13,13,13,13,13,13
городской округ город Майкоп,0,0,2,2,2,7,2,2,7,8,8,8,8,10,10,12,12,14,14,14,14,15,15,15
городской округ город Мегион,0,0,2,5,2,2,2,2,2,13,13,13,13,13,13,13,13,13,13,13,13,13,13,13
городской округ город Медногорск,0,0,5,5,5,7,7,7,7,9,9,9,9,10,10,12,12,12,14,14,14,15,15,15
городской округ город Минусинск,0,0,5,2,2,2,2,2,7,8,8,8,8,10,11,12,12,12,14,14,14,15,15,15
городской округ город Михайловка,0,0,5,5,5,7,7,7,7,9,9,9,9,10,10,12,12,12,14,14,14,15,15,15
городской округ город Мичуринск,0,0,5,5,5,7,7,7,7,9,9,9,9,10,10,12,12,12,14,14,14,15,15,15
городской округ город Можга,0,0,5,5,5,7,7,7,7,8,9,9,9,10,10,12,12,12,14,14,14,15,15,15
городской округ город Моршанск,0,0,5,5,5,7,7,7,7,9,9,9,9,10,10,12,12,12,14,14,14,15,15,15
городской округ город Муравленко,0,0,2,2,2,2,2,2,2,13,13,13,13,13,13,13,13,13,13,13,13,13,13,13
городской округ город Мурманск,0,0,0,2,2,2,2,2,2,2,2,2,13,13,13,13,11,13,13,13,13,16,16,16
городской округ город Мценск,0,0,5,5,5,7,7,7,7,9,9,8,8,10,10,12,12,12,14,14,14,15,15,15
городской округ город Набережные Челны,0,0,2,2,2,2,2,2,2,8,8,8,8,11,11,12,12,12,14,14,14,15,15,15
городской округ город Назарово,0,0,5,5,5,7,7,7,7,9,9,9,9,10,10,12,12,12,14,14,14,15,15,15
городской округ город Нарьян-Мар,3,3,3,3,3,3,3,3,3,3,13,13,13,13,13,13,13,13,13,13,13,13,13,13
городской округ город Невинномысск,0,0,2,2,2,2,2,2,7,8,8,8,8,11,11,12,12,12,14,14,14,15,15,15
городской округ город Нефтекамск,0,0,2,2,2,2,2,2,2,8,8,8,8,11,11,12,12,12,14,14,14,15,15,15
городской округ город Нефтеюганск,0,0,2,2,2,2,2,2,2,13,13,13,13,13,13,13,13,13,13,13,13,13,13,13
городской округ город Нижневартовск,0,0,2,2,2,2,2,2,2,13,13,13,13,13,13,13,13,13,13,13,13,13,13,13
городской округ город Нижний Новгород,0,0,2,2,2,2,2,2,2,8,8,8,8,11,11,11,12,12,14,14,14,15,15,15
городской округ город Нижний Тагил,0,0,2,2,2,2,2,2,2,8,8,8,8,11,11,12,12,12,14,14,14,15,15,15
городской округ город Новоалтайск,0,0,5,2,2,2,2,2,7,8,8,8,8,11,11,12,12,12,14,14,14,15,15,15
городской округ город Новодвинск,0,0,2,5,2,7,7,7,7,9,9,9,9,10,10,12,12,12,14,14,14,15,15,15
городской округ город Новомосковск,0,0,5,2,2,2,2,2,7,9,9,8,8,10,10,12,12,12,14,14,14,15,15,15
городской округ город Новосибирск,0,0,2,2,2,2,2,2,2,8,8,8,8,11,11,11,12,12,14,14,14,15,15,15
городской округ город Новотроицк,0,0,5,5,5,7,7,7,7,8,8,8,8,10,10,12,13,13,13,13,14,15,15,15
городской округ город Новоульяновск,0,0,5,5,5,7,7,7,7,9,9,9,9,10,10,12,12,12,14,14,14,15,15,15
городской округ город Новочебоксарск,0,0,2,2,2,2,2,2,2,8,8,8,8,11,11,12,12,12,14,14,14,15,15,15
городской округ город Новый Уренгой,0,0,2,2,2,2,2,2,2,13,13,13,13,13,13,13,13,13,13,13,13,13,13,13
городской округ город Норильск,3,3,3,3,3,3,3,3,3,3,13,13,13,13,13,13,13,13,13,13,13,13,13,13
городской округ город Ноябрьск,0,0,2,2,2,2,2,2,2,13,13,13,13,13,13,13,13,13,13,13,13,13,13,13
городской округ город Нягань,0,0,2,2,2,2,2,2,2,13,13,13,13,13,13,13,13,13,13,13,13,13,13,13
городской округ город Обнинск,0,2,2,2,2,2,2,2,2,8,8,8,8,11,11,11,11,11,14,14,16,16,16,16
городской округ город Обь,0,0,2,2,2,2,2,2,2,8,8,8,8,11,11,12,12,12,14,14,14,15,15,15
городской округ город Октябрьский,0,0,2,2,2,2,2,2,2,8,8,8,8,11,11,12,12,12,14,14,14,15,15,15
городской округ город Омск,0,0,2,2,2,2,2,2,2,8,8,8,8,11,11,11,12,12,14,14,14,15,15,15
городской округ город Оренбург,0,0,2,2,2,2,2,2,2,8,8,8,8,11,11,12,12,12,14,14,14,15,15,15
городской округ город Орск,0,0,5,5,5,7,7,7,7,8,8,8,8,10,10,12,13,12,14,13,14,15,15,15
городской округ город Орёл,0,0,2,2,2,2,2,2,2,8,8,8,8,11,11,12,12,12,14,14,14,15,15,15
городской округ город Первомайск,0,0,5,5,5,7,7,7,7,9,9,9,9,10,10,12,12,12,14,14,14,15,15,15
городской округ город Переславль-Залесский,0,0,5,5,5,7,7,7,7,9,9,8,8,10,10,12,12,12,14,14,14,15,15,15
городской округ город Петровск-Забайкальский,0,0,5,5,5,7,7,7,7,9,9,9,9,10,10,12,12,12,13,13,14,15,15,15
городской округ город Покачи,0,0,2,5,2,2,2,2,2,9,13,8,13,13,13,13,13,13,13,13,14,13,15,15
городской округ город Псков,0,0,2,2,2,2,2,2,2,8,8,8,8,11,11,12,12,12,14,14,14,15,15,15
городской округ город Пыть-Ях,0,0,2,5,2,2,2,2,2,9,13,8,13,11,13,11,13,13,13,13,16,16,16,13
городской округ город Радужный,0,0,2,5,2,2,2,2,2,9,8,8,8,13,13,12,13,13,13,13,14,15,15,15
городской округ город Рассказово,0,0,5,5,5,7,7,7,7,9,9,9,9,10,10,12,12,12,14,14,14,15,15,15
городской округ город Рубцовск,0,0,5,2,2,2,2,2,7,8,8,8,8,10,10,12,12,12,14,14,14,15,15,15
городской округ город Рыбинск,0,0,2,2,2,2,2,2,2,8,8,8,8,11,11,12,12,12,14,14,14,15,15,15
городской округ город Рязань,0,0,2,2,2,2,2,2,2,8,8,8,8,11,11,11,12,12,14,14,14,15,15,15
городской округ город Салават,0,0,2,2,2,2,2,2,2,8,8,8,8,11,11,12,12,12,14,14,14,15,15,15
городской округ город Салехард,3,3,3,3,3,3,3,3,3,3,13,13,13,13,13,13,13,13,13,13,13,13,13,13
городской округ город Сарапул,0,0,2,2,2,2,2,2,2,8,8,8,8,11,11,12,12,12,14,14,14,15,15,15
городской округ город Саратов,0,0,2,2,2,2,2,2,2,8,8,8,8,11,11,12,12,12,14,14,14,15,15,15
городской округ город Саяногорск,0,0,5,5,5,7,2,7,7,9,9,8,8,10,10,12,12,12,14,14,14,15,15,15
городской округ город Саянск,0,0,5,5,5,7,2,7,7,9,9,8,8,10,10,12,12,12,14,14,14,15,15,15
городской округ город Свирск,0,0,5,5,5,7,7,7,7,9,9,9,9,10,10,12,12,12,14,14,14,15,15,15
городской округ город Сибай,0,0,2,2,2,2,2,2,2,8,8,8,8,11,11,12,12,12,14,14,14,15,15,15
городской округ город Скопин,0,0,5,5,5,7,7,7,7,9,9,9,9,10,10,12,12,12,14,14,14,15,15,15
городской округ город Слободской,0,0,5,5,5,7,7,7,7,9,9,9,9,10,10,12,12,12,14,14,14,15,15,15
городской округ город Смоленск,0,0,2,2,2,2,2,2,2,8,8,8,8,11,11,12,12,12,14,14,14,15,15,15
городской округ город Сорск,0,0,5,5,5,7,7,7,7,9,9,9,9,10,10,12,12,12,14,14,14,15,15,15
городской округ город Сосновоборск,0,0,2,2,2,2,2,2,7,8,8,8,8,11,11,12,12,12,14,14,14,15,15,15
городской округ город Ставрополь,0,0,2,2,2,2,2,2,2,8,8,8,8,11,11,11,12,12,14,14,14,15,15,15
городской округ город Стерлитамак,0,0,2,2,2,2,2,2,2,8,8,8,8,11,11,12,12,12,14,14,14,15,15,15
городской округ город Стрежевой,0,0,2,5,2,2,2,2,2,13,13,8,13,10,13,13,13,13,13,13,13,13,15,13
городской округ город Сургут,0,0,2,2,2,2,2,2,2,13,13,13,13,13,13,13,13,13,13,13,13,16,13,13
городской округ город Тамбов,0,0,2,2,2,2,2,2,7,8,8,8,8,11,11,12,12,12,14,14,14,15,15,15
городской округ город Тверь,0,0,2,2,2,2,2,2,2,8,8,8,8,11,11,11,12,12,14,14,14,15,15,15
городской округ город Тобольск,0,0,2,2,2,2,2,2,2,8,8,8,8,11,11,11,12,12,14,14,14,15,15,15
городской округ город Томск,0,0,2,2,2,2,2,2,2,8,8,8,8,11,11,11,12,12,14,14,14,15,15,15
городской округ город Торжок,0,0,5,5,5,7,7,7,7,9,9,8,8,10,10,12,12,12,14,14,14,15,15,15
городской округ город Тула,0,0,2,2,2,2,2,2,2,8,8,8,8,11,11,11,12,12,14,14,14,16,15,15
городской округ город Тулун,0,0,5,5,5,7,2,7,7,9,9,9,9,10,10,12,12,12,14,14,14,15,15,15
городской округ город Тюмень,1,1,1,4,4,4,4,4,4,8,8,8,8,11,11,11,12,11,16,16,16,15,15,15
городской округ город Уварово,0,0,5,5,5,7,7,7,7,9,9,9,9,10,10,12,12,12,14,14,14,15,15,15
городской округ город Ульяновск,0,0,2,2,2,2,2,2,2,8,8,8,8,11,11,12,12,12,14,14,14,15,15,15
городской округ город Урай,0,2,2,2,2,2,2,2,2,8,13,13,8,13,13,13,13,13,13,16,13,16,16,13
городской округ город Урюпинск,0,0,5,5,5,7,7,7,7,9,9,9,9,10,10,12,12,12,14,14,14,15,15,15
городской округ город Усолье-Сибирское,0,0,2,2,2,2,2,2,7,8,8,8,8,11,11,12,12,12,14,14,14,15,15,15
городской округ город Усть-Илимск,0,0,2,5,2,2,2,2,2,9,13,8,8,11,11,11,12,12,14,14,14,15,15,15
городской округ город Уфа,0,0,2,2,2,2,2,2,2,8,8,8,8,11,11,11,12,12,14,14,14,15,15,15
городской округ город Фролово,0,0,5,5,5,7,7,7,7,9,9,9,9,10,10,12,12,12,14,14,14,15,15,15
городской округ город Хабаровск,3,3,3,3,3,3,3,3,3,3,13,13,13,13,13,13,13,13,13,13,13,13,13,13
городской округ город Ханты-Мансийск,0,0,2,2,2,2,2,2,2,13,13,13,13,13,13,13,13,13,13,13,13,16,13,13
городской округ город Чебоксары,0,0,2,2,2,2,2,2,2,8,8,8,8,11,11,12,12,12,14,14,14,15,15,15
городской округ город Черемхово,0,0,5,5,5,7,2,7,7,9,9,8,9,10,10,12,12,12,14,14,14,15,15,15
городской округ город Черногорск,0,0,5,5,5,7,2,7,7,9,9,8,8,10,10,12,12,12,14,14,14,15,15,15
городской округ город Чкаловск,0,0,5,5,5,7,7,7,7,9,9,9,9,10,10,12,12,12,14,14,14,15,15,15
городской округ город Шадринск,0,0,5,5,2,7,7,7,7,8,8,9,9,10,10,12,12,12,14,14,14,15,15,15
городской округ город Шарыпово,0,0,5,5,5,7,2,7,7,9,8,8,8,10,10,12,12,12,14,14,14,15,15,15
городской округ город Шарья,0,0,5,5,5,7,7,7,7,9,9,9,9,10,10,12,12,12,14,14,14,15,15,15
городской округ город Шахунья,0,0,5,5,5,7,7,7,7,9,9,9,9,10,10,12,12,12,14,14,14,15,15,15
городской округ город Шиханы,0,0,5,5,5,7,7,7,7,9,9,8,9,10,10,12,12,12,14,14,14,15,15,15
городской округ город Шумерля,0,0,5,5,5,7,7,7,7,9,9,9,9,10,10,12,12,12,14,14,14,15,15,15
городской округ город Югорск,0,2,2,2,2,2,2,2,2,8,8,8,8,11,11,11,12,13,13,16,16,16,15,15
городской округ город Якутск,3,3,3,3,3,3,3,3,3,3,13,13,13,13,13,13,13,13,13,13,13,13,13,13
городской округ город Ялуторовск,0,0,5,5,5,7,2,7,7,9,9,9,9,10,10,12,12,12,14,14,14,15,15,15
городской округ город Яровое,0,0,5,5,5,7,7,7,7,9,9,9,9,10,10,12,12,12,14,14,14,15,15,15
городской округ город Ярославль,0,0,2,2,2,2,2,2,2,8,8,8,8,11,11,11,12,12,14,14,14,15,15,15
городской округ город-герой Волгоград,0,0,2,2,2,2,2,2,2,8,8,8,8,11,11,12,12,12,14,14,14,15,15,15
городской округ город-курорт Ессентуки,0,0,2,2,2,2,2,2,2,8,8,8,8,11,11,11,12,12,14,14,14,15,15,15
городской округ город-курорт Железноводск,0,0,5,5,5,7,2,2,7,8,8,8,8,11,11,11,12,12,14,14,14,15,15,15
городской округ город-курорт Кисловодск,0,0,2,2,2,2,2,2,2,8,8,8,8,11,11,11,12,12,14,14,14,15,15,15
городской округ город-курорт Пятигорск,0,0,2,2,2,2,2,2,2,8,8,8,8,11,11,11,12,12,14,14,14,15,15,15
городской округ округ Муром,0,0,5,5,5,7,2,7,7,9,9,8,8,10,10,12,12,12,14,14,14,15,15,15
городской округ поселок Агинское,5,5,5,5,5,7,7,7,7,7,13,13,9,10,10,13,13,12,13,13,13,13,13,15
городской округ рабочий поселок Кольцово,2,2,2,2,2,2,2,2,2,2,2,2,2,2,2,2,2,2,2,2,2,2,2,2
муниципальный округ Александровский,0,0,5,5,5,7,7,7,7,9,9,9,9,10,10,12,12,12,14,14,14,15,15,15
муниципальный округ Алнашский район,0,0,5,5,5,7,7,7,7,9,9,9,9,10,10,12,12,12,14,14,14,15,15,15
муниципальный округ Андреапольский,0,0,5,5,5,7,7,7,7,9,9,9,9,10,10,12,12,12,14,14,14,15,15,15
муниципальный округ Арбажский,0,0,0,5,5,5,5,5,5,9,9,13,13,13,13,13,13,13,13,13,13,15,15,15
муниципальный округ Афанасьевский,0,0,5,5,5,7,7,7,7,9,9,9,9,10,10,12,12,12,14,14,14,15,15,15
муниципальный округ Балезинский район,0,0,5,5,5,7,7,7,7,9,9,9,9,10,10,12,12,12,14,14,14,15,15,15
муниципальный округ Бардымский,0,0,5,5,5,7,7,7,7,9,9,9,9,10,10,12,12,12,14,14,14,15,15,15
муниципальный округ Бежецкий,0,0,5,5,5,7,7,7,7,9,9,9,9,10,10,12,12,12,14,14,14,15,15,15
муниципальный округ Бельский,0,0,5,5,5,7,7,7,7,9,9,9,9,10,10,12,12,12,14,14,14,15,15,15
муниципальный округ Березовский,0,0,0,5,5,7,7,7,7,9,9,9,9,10,10,12,12,12,14,14,14,15,15,15
муниципальный округ Богородский,0,0,5,5,3,3,3,3,3,3,3,3,3,3,3,12,12,12,14,14,14,15,15,15
муниципальный округ Бологовский,0,0,5,5,5,7,7,7,7,9,9,9,9,10,10,12,12,12,14,14,14,15,15,15
муниципальный округ Большесосновский,0,0,5,5,5,7,7,7,7,9,9,9,9,10,10,12,12,12,14,14,14,15,15,15
муниципальный округ Вавожский район,0,0,5,5,5,7,7,7,7,9,9,9,9,10,10,12,12,12,14,14,14,15,15,15
муниципальный округ Верхнекамский,0,0,5,5,5,7,7,7,7,9,9,9,9,10,10,12,12,12,14,14,14,15,15,15
муниципальный округ Весьегонский,0,0,5,5,5,7,7,7,7,9,9,9,9,10,10,12,12,12,14,14,14,15,15,15
муниципальный округ Вилегодский,0,0,5,5,5,7,7,7,7,9,9,9,9,10,10,12,12,12,14,14,14,15,15,15
муниципальный округ Волотовский,0,0,5,5,7,7,7,7,7,9,9,9,9,10,10,12,12,12,14,14,14,15,15,15
муниципальный округ Вуктыл,0,0,2,5,2,7,2,2,7,9,9,8,8,13,10,12,13,12,13,13,14,15,15,15
муниципальный округ Гайнский,0,0,5,5,5,7,7,7,7,9,9,9,9,10,10,12,12,12,14,14,14,15,15,15
муниципальный округ Гвардейский,0,0,5,5,5,7,7,7,7,9,9,8,9,10,10,12,12,12,14,14,14,15,15,15
муниципальный округ Граховский район,0,0,5,5,5,7,7,7,7,9,9,9,9,10,10,12,12,12,14,14,14,15,15,15
муниципальный округ Губахинский,0,0,5,5,5,7,7,7,7,9,9,8,8,10,10,12,12,12,14,14,14,15,15,15
муниципальный округ Гурьевский,0,0,3,3,3,3,3,3,3,3,13,13,8,13,13,11,13,13,14,14,14,15,15,15
муниципальный округ Дебёсский район,0,0,5,5,5,7,7,7,7,9,9,9,9,10,10,12,12,12,14,14,14,15,15,15
муниципальный округ Демянский,0,0,5,5,5,7,7,7,7,9,9,9,9,10,10,12,12,12,14,14,14,15,15,15
муниципальный округ Еловский,0,5,5,5,5,7,7,7,7,9,9,9,9,10,10,12,12,12,14,14,14,15,15,15
муниципальный округ Жарковский,0,0,5,5,5,7,7,7,7,9,9,9,9,10,10,12,12,12,14,14,14,15,15,15
муниципальный округ Завьяловский район,0,0,5,2,2,2,2,2,2,8,8,8,8,11,11,12,12,12,14,14,14,15,15,15
муниципальный округ Западнодвинский,0,0,5,5,5,7,7,7,7,9,9,9,9,10,10,12,12,12,14,14,14,15,15,15
муниципальный округ Зеленоградский,0,0,2,2,2,2,2,2,2,8,8,8,8,11,11,11,12,12,14,14,16,16,16,15
муниципальный округ Зубцовский,0,0,5,5,5,7,7,7,7,9,9,9,9,10,10,12,12,12,14,14,14,15,15,15
муниципальный округ Игринский район,0,0,5,5,5,7,7,7,7,9,9,9,9,10,10,12,12,12,14,14,14,15,15,15
муниципальный округ Калининский,0,0,2,2,2,2,2,2,2,8,8,8,8,11,11,11,12,12,14,16,16,16,16,15
муниципальный округ Калязинский,0,0,5,5,5,7,7,7,7,9,9,9,9,10,10,12,12,12,14,14,14,15,15,15
муниципальный округ Камбарский район,0,0,5,5,5,7,7,7,7,9,9,9,9,10,10,12,12,12,14,14,14,15,15,15
муниципальный округ Карагайский,0,0,5,5,5,7,7,7,7,9,9,9,9,10,10,12,12,12,14,14,14,15,15,15
муниципальный округ Каракулинский район,0,0,5,5,5,7,7,7,7,9,9,9,9,10,10,12,12,12,14,14,14,15,15,15
муниципальный округ Каргопольский,0,0,5,5,5,7,7,7,7,9,9,9,9,10,10,12,12,12,14,14,14,15,15,15
муниципальный округ Кезский район,0,0,5,5,5,7,7,7,7,9,9,9,9,10,10,12,12,12,14,14,14,15,15,15
муниципальный округ Кесовогорский,0,0,5,5,5,7,7,7,7,9,9,9,9,10,10,12,12,12,14,14,15,15,15,15
муниципальный округ Кизнерский район,0,0,5,5,5,7,7,7,7,9,9,9,9,10,10,12,12,12,14,14,14,15,15,15
муниципальный округ Кикнурский,0,0,5,5,5,7,7,7,7,9,9,9,9,10,10,12,12,12,14,14,14,15,15,15
муниципальный округ Кимрский,0,0,5,5,5,7,7,7,7,9,9,8,8,10,10,12,12,12,14,14,14,15,15,15
муниципальный округ Кишертский,0,0,5,5,5,7,7,7,7,9,9,9,9,10,10,12,12,12,14,14,14,15,15,15
муниципальный округ Киясовский район,0,0,5,5,5,7,7,7,7,9,9,9,9,10,10,12,12,12,14,14,14,15,15,15
муниципальный округ Конаковский,0,0,5,5,5,7,7,7,7,9,9,8,8,10,10,12,12,12,14,14,14,15,15,15
муниципальный округ Косинский,0,0,5,5,5,7,7,7,7,9,9,9,9,10,10,12,12,12,14,14,14,15,15,15
муниципальный округ Кочевский,0,0,5,5,5,7,7,7,7,9,9,9,9,10,10,12,12,12,14,14,14,15,15,15
муниципальный округ Красногородский,0,0,5,5,5,7,7,7,7,9,9,9,9,10,10,12,12,12,14,14,14,15,15,15
муниципальный округ Красногорский район,0,0,5,5,5,7,7,7,7,9,9,9,9,10,10,12,12,12,14,14,14,15,15,15
муниципальный округ Краснознаменский,0,0,5,5,5,7,7,7,7,9,9,9,9,10,10,12,12,12,14,14,14,15,15,15
муниципальный округ Красноселькупский район,3,3,3,3,3,3,3,3,3,3,13,13,13,13,13,13,13,13,13,13,13,13,13,13
муниципальный округ Краснохолмский,0,0,5,5,5,7,7,7,7,9,9,9,9,10,10,12,12,12,14,14,14,15,15,15
муниципальный округ Крестецкий,0,0,5,5,5,7,7,7,7,9,9,9,9,10,10,12,12,12,14,14,14,15,15,15
муниципальный округ Кувшиновский,0,0,5,5,5,7,7,7,7,9,9,9,9,10,10,12,12,12,14,14,14,15,15,15
муниципальный округ Кудымкарский,0,0,5,5,5,7,7,7,7,8,8,8,9,10,10,12,12,12,14,14,14,15,15,15
муниципальный округ Куединский,0,0,5,5,5,7,7,7,7,9,9,9,9,10,10,12,12,12,14,14,14,15,15,15
муниципальный округ Кунгурский,0,0,5,5,2,2,2,2,7,8,8,8,8,10,10,12,12,12,14,14,14,15,15,15
муниципальный округ Лебяжский,0,0,5,5,5,7,7,7,7,9,9,9,9,10,10,12,12,12,14,14,14,15,15,15
муниципальный округ Лесной,0,0,5,5,5,7,7,7,7,9,9,9,9,10,10,12,12,12,14,14,14,15,15,15
муниципальный округ Лихославльский,0,0,5,5,5,7,7,7,7,9,9,9,9,10,10,12,12,12,14,14,14,15,15,15
муниципальный округ Локнянский,0,0,5,5,5,7,7,7,7,9,9,9,9,10,10,12,12,12,14,14,14,15,15,15
муниципальный округ Лузский,0,0,5,5,5,7,7,7,7,9,9,9,9,10,10,12,12,12,14,14,14,15,15,15
муниципальный округ Максатихинский,0,0,5,5,5,7,7,7,7,9,9,9,9,10,10,12,12,12,14,14,14,15,15,15
муниципальный округ Макушинский,0,0,5,5,5,7,7,7,7,9,9,9,9,10,10,12,12,12,14,14,14,15,15,15
муниципальный округ Малопургинский район,0,0,5,5,5,7,7,7,7,9,9,9,9,10,10,12,12,12,14,14,14,15,15,15
муниципальный округ Марёвский,0,0,5,5,5,7,7,7,7,9,9,9,10,10,10,12,12,12,14,14,14,14,14,14
муниципальный округ Молоковский,0,0,5,5,5,5,5,7,9,9,9,9,10,10,10,10,10,10,10,10,10,10,15,15
муниципальный округ Мошенской,0,5,5,5,5,7,7,7,7,9,9,9,9,10,10,12,12,12,14,14,14,15,15,15
муниципальный округ Мурашинский,0,0,5,5,5,7,7,7,7,9,9,9,9,10,10,12,12,12,14,14,14,15,15,15
муниципальный округ Надымский район,0,0,2,2,2,2,3,2,2,13,13,13,13,13,13,13,13,13,13,13,13,13,13,13
муниципальный округ Невельский,0,0,5,5,5,7,7,7,7,9,9,9,9,10,10,12,12,12,14,14,14,15,15,15
муниципальный округ Неманский,0,0,5,5,5,7,7,7,7,9,8,8,9,10,10,12,12,12,14,14,14,15,15,15
муниципальный округ Нестеровский,0,0,5,5,5,7,7,7,7,9,9,9,9,10,10,12,12,12,14,14,14,15,15,15
муниципальный округ Новоржевский,0,0,5,5,5,7,7,7,7,9,9,9,9,10,10,12,12,12,14,14,14,15,15,15
муниципальный округ Озерский,0,0,5,5,5,7,7,7,7,9,9,9,9,10,10,12,12,12,14,14,14,15,15,15
муниципальный округ Оленинский,0,0,5,5,5,7,7,7,7,9,9,9,9,10,10,12,12,12,14,14,14,15,15,15
муниципальный округ Ольский,3,3,3,3,3,3,3,3,3,13,13,13,13,13,13,13,13,13,13,13,13,13,13,13
муниципальный округ Опаринский,0,0,5,5,5,7,7,7,7,9,9,9,9,10,10,12,12,12,12,14,14,15,15,15
муниципальный округ Опочецкий,0,0,5,5,5,7,7,7,7,9,9,9,9,10,10,12,12,12,14,14,14,15,15,15
муниципальный округ Ординский,0,0,5,5,5,7,7,7,7,9,9,9,9,10,10,12,12,12,14,14,14,15,15,15
муниципальный округ Орловский,0,0,2,2,2,2,2,2,2,8,8,8,8,11,11,12,12,12,14,14,14,15,15,15
муниципальный округ Пеновский,0,0,5,5,5,7,7,7,7,9,9,9,9,10,10,12,12,12,14,14,14,15,15,15
муниципальный округ Пермский,0,0,2,2,2,2,2,2,2,8,8,8,8,11,11,12,12,12,14,14,14,15,15,15
муниципальный округ Пестовский,0,0,5,5,5,7,7,7,7,9,9,9,9,10,10,12,12,12,14,14,14,15,15,15
муниципальный округ Печорский,0,0,5,5,5,7,7,7,7,9,9,9,9,10,10,12,12,12,14,14,14,15,15,15
муниципальный округ Пижанский,0,0,5,5,5,7,7,7,7,9,9,9,9,10,10,12,12,12,14,14,14,15,15,15
муниципальный округ Полесский,0,5,5,5,5,2,7,7,7,8,9,9,9,10,10,12,12,12,14,14,14,15,15,15
муниципальный округ Правдинский,0,0,5,5,5,7,7,7,7,9,9,9,9,10,10,12,12,12,14,14,14,15,15,15
муниципальный округ Приуральский район,3,3,3,3,3,3,3,3,3,3,3,13,13,10,13,13,13,13,13,13,13,13,13,13
муниципальный округ Пуровский район,0,0,2,2,2,2,3,2,2,13,13,13,13,13,13,13,13,13,13,13,13,13,13,13
муниципальный округ Пыталовский,0,0,5,5,5,7,7,7,7,9,9,9,8,10,10,12,12,12,12,14,14,15,15,15
муниципальный округ Рамешковский,0,0,5,5,5,7,7,7,7,9,9,9,9,10,10,12,12,12,14,14,14,15,15,15
муниципальный округ Ржевский,0,0,5,5,5,7,7,7,7,9,9,8,8,10,10,12,12,12,14,14,14,15,15,15
муниципальный округ Сандовский,0,0,5,5,5,7,7,7,7,9,9,10,10,10,10,10,10,12,14,14,14,14,15,15
муниципальный округ Санчурский,0,0,5,5,5,7,7,7,7,9,9,9,9,10,10,12,12,12,14,14,14,15,15,15
муниципальный округ Сарапульский район,0,0,5,5,5,7,7,7,7,8,8,9,9,10,10,12,13,12,14,14,14,15,15,15
муниципальный округ Свечинский,0,0,5,5,5,7,7,7,7,9,9,9,9,10,10,12,12,12,14,14,14,15,15,15
муниципальный округ Селижаровский,0,0,5,5,5,7,7,7,7,9,9,9,9,10,10,12,12,12,14,14,14,15,15,15
муниципальный округ Селтинский район,0,0,5,5,5,7,7,7,7,9,9,9,9,10,10,12,12,12,14,14,14,15,15,15
муниципальный округ Сивинский,0,0,5,5,5,7,7,7,7,9,9,9,9,10,10,12,12,12,14,14,14,15,15,15
муниципальный округ Славский,0,0,5,5,5,7,7,7,7,9,9,13,9,10,10,12,12,12,14,14,14,15,15,15
муниципальный округ Солецкий,0,0,5,5,5,7,7,7,7,9,9,9,9,10,10,12,12,12,14,14,14,15,15,15
муниципальный округ Сонковский,0,0,5,5,5,7,7,7,7,9,9,9,9,10,10,12,12,12,14,14,14,15,15,15
муниципальный округ Спировский,0,0,5,5,5,7,7,7,7,9,9,9,9,10,10,12,12,12,14,14,14,15,15,15
муниципальный округ Старицкий,0,0,5,5,5,7,7,7,7,9,9,9,9,10,10,12,12,12,14,14,14,15,15,15
муниципальный округ Струго-Красненский,0,0,5,5,5,7,7,7,7,9,9,9,9,10,10,12,12,12,14,14,14,15,15,15
муниципальный округ Суетский район,0,0,5,5,5,7,7,7,7,9,9,9,9,10,10,12,12,12,14,14,14,15,15,15
муниципальный округ Сюмсинский район,0,0,5,5,5,7,7,7,7,9,9,9,9,10,10,12,12,12,14,14,14,15,15,15
муниципальный округ Тазовский район,0,0,2,5,2,2,3,2,2,13,13,13,13,13,13,13,13,13,13,13,13,13,13,13
муниципальный округ Торопецкий,0,0,5,5,5,7,7,7,7,9,9,9,9,10,10,12,12,12,14,14,14,15,15,15
муниципальный округ Увинский район,0,0,5,5,5,7,7,7,7,9,9,9,9,10,10,12,12,12,14,14,14,15,15,15
муниципальный округ Уинский,0,0,5,5,5,7,7,7,7,9,9,9,9,10,10,12,12,12,14,14,14,15,15,15
муниципальный округ Унинский,0,0,5,5,3,3,3,3,3,3,9,9,9,10,10,12,12,12,14,14,14,15,15,15
муниципальный округ Усинск,0,0,2,5,2,2,2,2,2,13,13,8,13,13,13,13,13,13,13,13,13,13,13,13
муниципальный округ Фаленский,0,0,5,5,5,7,7,7,7,9,9,9,9,10,10,12,12,12,14,14,14,15,15,15
муниципальный округ Фировский,0,0,5,5,5,7,7,7,7,9,9,9,9,10,10,12,12,12,14,14,14,15,15,15
муниципальный округ Хвойнинский,0,0,5,5,5,7,7,7,7,9,9,9,9,10,10,12,12,12,14,14,14,15,15,15
муниципальный округ Чарышский район,0,0,5,5,5,7,7,7,7,9,9,9,9,10,10,12,12,12,14,14,14,15,15,15
муниципальный округ Частинский,0,0,5,5,5,7,7,7,7,7,9,9,9,10,10,12,12,12,14,14,14,15,15,15
муниципальный округ Черняховский,0,0,5,5,2,2,7,7,7,8,8,8,8,10,10,12,12,12,14,14,14,15,15,15
муниципальный округ Шарканский район,0,0,5,5,5,7,7,7,7,9,9,9,9,10,10,12,12,12,14,14,14,15,15,15
муниципальный округ Шумихинский,0,0,5,5,5,7,7,7,7,9,9,9,9,10,10,12,12,12,14,14,14,15,15,15
муниципальный округ Шурышкарский район,3,3,3,3,5,3,3,3,3,3,9,9,13,10,13,13,13,13,13,13,13,13,13,13
муниципальный округ Юкаменский район,0,0,5,5,5,7,7,7,7,9,9,9,9,10,10,12,12,12,14,14,14,15,15,15
муниципальный округ Юрлинский,0,0,5,5,5,7,7,7,7,9,9,9,9,10,10,12,12,12,14,14,14,15,15,15
муниципальный округ Юсьвинский,0,0,5,5,5,7,7,7,7,9,9,9,9,10,10,12,12,12,14,14,14,15,15,15
муниципальный округ Ягоднинский,3,3,3,3,3,3,3,3,3,3,13,13,13,13,10,13,12,13,13,13,13,13,13,13
муниципальный округ Якшур-Бодьинский район,0,0,5,5,5,7,7,7,7,9,9,9,9,10,10,12,12,12,14,14,14,15,15,15
муниципальный округ Ямальский район,3,3,3,3,3,3,3,3,3,3,13,13,13,13,13,13,13,13,13,13,13,13,13,13
муниципальный округ Ярский район,0,0,5,5,5,7,7,7,7,9,9,9,9,10,10,12,12,12,14,14,14,15,15,15
муниципальный округ город Апатиты,0,0,2,2,2,2,2,2,2,13,13,13,13,13,13,13,13,13,13,13,13,13,13,13
муниципальный округ город Кировск,0,0,2,2,2,2,2,2,2,13,13,13,13,13,13,13,13,13,13,13,13,13,13,13
муниципальный округ город Мончегорск,0,0,2,2,2,2,2,2,2,13,13,13,13,13,13,13,13,13,13,13,13,13,13,13
муниципальный округ город Оленегорск,0,0,2,2,2,2,2,2,2,13,13,13,13,13,13,13,13,13,13,13,13,13,13,13
муниципальный округ город Полярные Зори,0,0,2,2,2,2,2,2,2,13,13,13,13,13,13,13,13,13,13,13,13,13,13,13
муниципальный округ город Славгород,0,0,5,5,5,7,7,7,7,9,9,9,9,10,10,12,12,12,14,14,14,15,15,15
муниципальный район Город Краснокаменск и Краснокаменский район,0,0,5,5,5,3,3,3,3,9,13,13,8,10,10,12,13,12,14,13,13,15,15,15
муниципальный район Заполярный район,3,3,3,3,3,3,3,3,3,3,13,13,13,13,13,13,13,13,13,13,13,13,13,13
муниципальный район Печора,0,0,2,5,2,2,2,2,2,13,13,8,13,10,13,13,13,13,13,13,13,13,15,13
муниципальный район Сосногорск,0,0,2,5,2,7,2,2,7,9,9,8,8,10,10,12,13,12,14,13,14,15,15,15
муниципальный район город Нерехта и Нерехтский район,0,0,5,5,5,7,7,7,7,9,9,9,9,10,10,12,12,12,14,14,14,15,15,15
муниципальный район имени Лазо,3,3,3,5,5,3,3,3,3,3,9,9,9,10,10,12,12,12,13,13,13,15,15,15
муниципальный район имени Полины Осипенко,3,3,3,3,3,3,3,3,3,3,13,13,9,13,13,13,13,13,13,13,13,13,13,13
