reference_mo,territory_id,official_name,match_method,fingerprint_distance,name_equal,candidate_count,status,candidate_territory_id,fingerprint_sha256,directory_oktmo,directory_region_code
Абазинский муниципальный район,196,Абазинский муниципальный район,exact_24_month_x_6_category_value_fingerprint,0,True,1,VERIFIED_DATA_LINEAGE_MATCH,196,0628d1146705d83b0f1e1ca2777dfa8735d3c788860a67f120f78e290c6d49ac,91-601-000-000,9
Абанский муниципальный район,683,Абанский муниципальный район,exact_24_month_x_6_category_value_fingerprint,0,True,1,VERIFIED_DATA_LINEAGE_MATCH,683,ca2e79f4a554359f6168c5a5fd64fb2f0c62504a43d49e823a42321061e7293e,04-601-000-000,24
Абатский муниципальный район,2195,Абатский муниципальный район,exact_24_month_x_6_category_value_fingerprint,0,True,1,VERIFIED_DATA_LINEAGE_MATCH,2195,03b0d13d9b31b6b59a382fc1ef045fd87ce428fe603e7684ed69d1e809e3e69e,71-603-000-000,72
Абзелиловский муниципальный район,30,Абзелиловский муниципальный район,exact_24_month_x_6_category_value_fingerprint,0,True,1,VERIFIED_DATA_LINEAGE_MATCH,30,ce94c0fe2246f8a673220e137703127630fa6b3c346867153fd20bfed5994ddb,80-601-000-000,2
Агинский муниципальный район,605,Агинский муниципальный район,exact_24_month_x_6_category_value_fingerprint,0,True,1,VERIFIED_DATA_LINEAGE_MATCH,605,87496c4616c07f7126296db7f4f9c02a7860119514db04af9cfe28ad0663c810,76-602-000-000,75
Агрызский муниципальный район,356,Агрызский муниципальный район,exact_24_month_x_6_category_value_fingerprint,0,True,1,VERIFIED_DATA_LINEAGE_MATCH,356,4217641bd150257808666268dcf28ded2c790da72d4cb18df0d700417969e132,92-601-000-000,16
Адамовский муниципальный район,1678,Адамовский муниципальный район,exact_24_month_x_6_category_value_fingerprint,0,True,1,VERIFIED_DATA_LINEAGE_MATCH,1678,237871674e8d595e468a069e8a24f86e66b2016f4de9cd3f3a2bd52281d6d0fa,53-604-000-000,56
Азнакаевский муниципальный район,357,Азнакаевский муниципальный район,exact_24_month_x_6_category_value_fingerprint,0,True,1,VERIFIED_DATA_LINEAGE_MATCH,357,43a403497f88aec78466294a31752ae2bd6318a934f53d130139b990aa7e068b,92-602-000-000,16
Азовский немецкий национальный муниципальный район,1633,Азовский немецкий национальный муниципальный район,exact_24_month_x_6_category_value_fingerprint,0,True,1,VERIFIED_DATA_LINEAGE_MATCH,1633,15deeddeeb1d93f59c2950a503958658b6154c7224daca43012141d19588b959,52-601-000-000,55
Акбулакский муниципальный район,1679,Акбулакский муниципальный район,exact_24_month_x_6_category_value_fingerprint,0,True,1,VERIFIED_DATA_LINEAGE_MATCH,1679,e01ead5cb7185e58d0263644ede547ee19312a462b0d5b5351290c716f5e19dc,53-605-000-000,56
Аксубаевский муниципальный район,358,Аксубаевский муниципальный район,exact_24_month_x_6_category_value_fingerprint,0,True,1,VERIFIED_DATA_LINEAGE_MATCH,358,6619ba72b2fa07f9fd8401fa4df946f808b34611f47a211aeff31e67fd4029cb,92-604-000-000,16
Актанышский муниципальный район,359,Актанышский муниципальный район,exact_24_month_x_6_category_value_fingerprint,0,True,1,VERIFIED_DATA_LINEAGE_MATCH,359,7b8f6eb97990358da1285c120028644fd4518493697b0db10698a40501c6a94a,92-605-000-000,16
Алагирский муниципальный район,346,Алагирский муниципальный район,exact_24_month_x_6_category_value_fingerprint,0,True,1,VERIFIED_DATA_LINEAGE_MATCH,346,9751620296a4e8e62011633b4c84524f066e42481c252d3666f490cb58313aae,90-605-000-000,15
Аларский муниципальный район,1170,Аларский муниципальный район,exact_24_month_x_6_category_value_fingerprint,0,True,1,VERIFIED_DATA_LINEAGE_MATCH,1170,449287039238616ccc346f3afe219cc0bd12cd2abcf02cf7c0d4d47b8803ae13,25-605-000-000,38
Алданский муниципальный район,312,Алданский муниципальный район,exact_24_month_x_6_category_value_fingerprint,0,True,1,VERIFIED_DATA_LINEAGE_MATCH,312,1360d5707b91b66cf4e31c2de532908cd19db9458149c614ecd8d6ba7bd0fcd1,98-603-000-000,14
Александро-Невский муниципальный район,1857,Александро-Невский муниципальный район,exact_24_month_x_6_category_value_fingerprint,0,True,1,VERIFIED_DATA_LINEAGE_MATCH,1857,d14348acc225edcc9157a7a57131154ddfdc7b00a39b82d41118a4a7199ac368,61-620-000-000,62
Александрово-Гайский муниципальный район,1915,Александрово-Гайский муниципальный район,exact_24_month_x_6_category_value_fingerprint,0,True,1,VERIFIED_DATA_LINEAGE_MATCH,1915,e2bfde6d52334191166021e944c045084fb4fec13d7ac74865f4833f1627c17b,63-602-000-000,64
Александровский муниципальный округ,826,Александровский муниципальный округ,exact_24_month_x_6_category_value_fingerprint,0,True,1,VERIFIED_DATA_LINEAGE_MATCH,826,821a471119385232f5d6fc7e895ba9117b3f1a8e37fd49185abcbab0e1de35d2,07-502-000-000,26
Аликовский муниципальный округ,484,Аликовский муниципальный округ,exact_24_month_x_6_category_value_fingerprint,0,True,1,VERIFIED_DATA_LINEAGE_MATCH,484,e6aa135db06eb0c489338f459924b0b6fea2e06b865941f8bd3f438551c0298f,97-505-000-000,21
Алькеевский муниципальный район,361,Алькеевский муниципальный район,exact_24_month_x_6_category_value_fingerprint,0,True,1,VERIFIED_DATA_LINEAGE_MATCH,361,557d4bbc1d613652a6e42250bd08c9ed856a702a019234193ca732ebc909f5e8,92-607-000-000,16
Альменевский муниципальный округ,1335,Альменевский муниципальный округ,exact_24_month_x_6_category_value_fingerprint,0,True,1,VERIFIED_DATA_LINEAGE_MATCH,1335,aaf3c14319665cf9a8d60696e9477c9d08b2776413082d27d46a41524dd194b7,37-502-000-000,45
Альметьевский муниципальный район,362,Альметьевский муниципальный район,exact_24_month_x_6_category_value_fingerprint,0,True,1,VERIFIED_DATA_LINEAGE_MATCH,362,6a25b1906a3ee4b6a9fa2ca4963e63a61ef75a75d6f43b50a1b539d30fe1e454,92-608-000-000,16
Альшеевский муниципальный район,31,Альшеевский муниципальный район,exact_24_month_x_6_category_value_fingerprint,0,True,1,VERIFIED_DATA_LINEAGE_MATCH,31,a95713276eaa6e97479a5150f7f0d52b519349ba8b4e8eba3d6585a6abbc92f7,80-602-000-000,2
Амгинский муниципальный район,314,Амгинский муниципальный район,exact_24_month_x_6_category_value_fingerprint,0,True,1,VERIFIED_DATA_LINEAGE_MATCH,314,07e8e4f57e4daaef46521b4153d0775682e0485f5e0ec92ff7e6a97d07ad6bad,98-608-000-000,14
Амурский муниципальный район,844,Амурский муниципальный район,exact_24_month_x_6_category_value_fingerprint,0,True,1,VERIFIED_DATA_LINEAGE_MATCH,844,bb121ce503835bd2e9f79e1c3b7f63d2eec7da2dc3021df1ccf10854e7b4409b,08-603-000-000,27
Анадырский муниципальный район,2348,Анадырский муниципальный район,exact_24_month_x_6_category_value_fingerprint,0,True,1,VERIFIED_DATA_LINEAGE_MATCH,2348,66d62e2512eb5eb2f49587821e49684747b0c580129e77cc104c9cbacd265bf3,77-603-000-000,87
Андроповский муниципальный округ,827,Андроповский муниципальный округ,exact_24_month_x_6_category_value_fingerprint,0,True,1,VERIFIED_DATA_LINEAGE_MATCH,827,0f3b9085a1faa18ede5bb0216c63e0841557734b101b14aa1641c880855fb816,07-503-000-000,26
Антроповский муниципальный район,1309,Антроповский муниципальный район,exact_24_month_x_6_category_value_fingerprint,0,True,1,VERIFIED_DATA_LINEAGE_MATCH,1309,a73e75f0cb6fcb40081389172c7d1394a1988c7fa4768001424ed967be1765a3,34-602-000-000,44
Анучинский муниципальный округ,787,Анучинский муниципальный округ,exact_24_month_x_6_category_value_fingerprint,0,True,1,VERIFIED_DATA_LINEAGE_MATCH,787,d0554ecd4df47ca11efbd2e3e6a212508c6f6e34fde51adc28c8a6043c198996,05-502-000-000,25
Апанасенковский муниципальный округ,828,Апанасенковский муниципальный округ,exact_24_month_x_6_category_value_fingerprint,0,True,1,VERIFIED_DATA_LINEAGE_MATCH,828,d3b2998b41f7982efe038e42b1d3d63c1e005dc6a9d2189ecf0436749a632f1e,07-505-000-000,26
Апастовский муниципальный район,363,Апастовский муниципальный район,exact_24_month_x_6_category_value_fingerprint,0,True,1,VERIFIED_DATA_LINEAGE_MATCH,363,67b66213320093d0a635b2dea1b09d49e4824e6099c8bcbc5ec62472968c8c68,92-610-000-000,16
Аргаяшский муниципальный район,2292,Аргаяшский муниципальный район,exact_24_month_x_6_category_value_fingerprint,0,True,1,VERIFIED_DATA_LINEAGE_MATCH,2292,a01a95e09b74d7c51a32e7cceb7cee4f22767f2687f7cbaa542688685ee75c52,75-606-000-000,74
Ардатовский муниципальный округ,1537,Ардатовский муниципальный округ,exact_24_month_x_6_category_value_fingerprint,0,True,1,VERIFIED_DATA_LINEAGE_MATCH,1537,bfb16ff2deac944e7f9449681ccd1952c7ab36ef0f36116051083d9fba93eb32,22-502-000-000,52
Ардатовский муниципальный район,287,Ардатовский муниципальный район,exact_24_month_x_6_category_value_fingerprint,0,True,1,VERIFIED_DATA_LINEAGE_MATCH,287,245e3c02d7a5ddfa02cfb3e4b076406bbeb1fe66bf532c9e3005df4682abd953,89-603-000-000,13
Ардонский муниципальный район,347,Ардонский муниципальный район,exact_24_month_x_6_category_value_fingerprint,0,True,1,VERIFIED_DATA_LINEAGE_MATCH,347,3bb4db5ebfd4f08c698cac6ec3c056004af4712c8d91aa6810ae245c67f0f795,90-610-000-000,15
Арзгирский муниципальный округ,829,Арзгирский муниципальный округ,exact_24_month_x_6_category_value_fingerprint,0,True,1,VERIFIED_DATA_LINEAGE_MATCH,829,a6590a568d222f7aa4f22a099ffca0df2fabd94a28b6dc8cde46f523b71d5a7e,07-507-000-000,26
Аркадакский муниципальный район,1916,Аркадакский муниципальный район,exact_24_month_x_6_category_value_fingerprint,0,True,1,VERIFIED_DATA_LINEAGE_MATCH,1916,ffe23df36dc1d7f4f3721ec616607f24b3f7cbfe04f3c42127c81c971a673d5f,63-603-000-000,64
Армизонский муниципальный район,2196,Армизонский муниципальный район,exact_24_month_x_6_category_value_fingerprint,0,True,1,VERIFIED_DATA_LINEAGE_MATCH,2196,c0a1bb3634f2245a780ee8abbb4282ff85eff1294c2f230c0df5c1b90507ac80,71-605-000-000,72
Аромашевский муниципальный район,2197,Аромашевский муниципальный район,exact_24_month_x_6_category_value_fingerprint,0,True,1,VERIFIED_DATA_LINEAGE_MATCH,2197,972c645f82fc6ae9e76422c0b20dc7bc3b70c4a30dcf805f33bbe5ed48893641,71-607-000-000,72
Арсеньевский муниципальный район,2171,Арсеньевский муниципальный район,exact_24_month_x_6_category_value_fingerprint,0,True,1,VERIFIED_DATA_LINEAGE_MATCH,2171,efe697eddee7f6aeba18f34d3c0ebf0b25949514b27d9ef76d833320359ac754,70-604-000-000,71
Арский муниципальный район,364,Арский муниципальный район,exact_24_month_x_6_category_value_fingerprint,0,True,1,VERIFIED_DATA_LINEAGE_MATCH,364,4cc613d62e4d6575e83b48b83b31b8a5580e9fbb60eb45483e347fa2a1c00077,92-612-000-000,16
Архангельский муниципальный район,32,Архангельский муниципальный район,exact_24_month_x_6_category_value_fingerprint,0,True,1,VERIFIED_DATA_LINEAGE_MATCH,32,7293170fa8b54abcc0b22a86a67b6422059ad55a7c6e78d34ca8048c07c1090d,80-603-000-000,2
Архаринский муниципальный округ,870,Архаринский муниципальный округ,exact_24_month_x_6_category_value_fingerprint,0,True,1,VERIFIED_DATA_LINEAGE_MATCH,870,79b8fa7c36b0833dd0bafef6fdb99ea9d4dc5fde39b40b88373bdd108d193d1f,10-505-000-000,28
Асекеевский муниципальный район,1681,Асекеевский муниципальный район,exact_24_month_x_6_category_value_fingerprint,0,True,1,VERIFIED_DATA_LINEAGE_MATCH,1681,62538a2f8365da1e552e911c1c2b108e5303772bd0e924da492edd80b448640b,53-607-000-000,56
Асиновский муниципальный район,2149,Асиновский муниципальный район,exact_24_month_x_6_category_value_fingerprint,0,True,1,VERIFIED_DATA_LINEAGE_MATCH,2149,8b67cabfa1407c4a9882154ff1157da17c75b221426454bab81b5bed179b1860,69-608-000-000,70
Аскинский муниципальный район,33,Аскинский муниципальный район,exact_24_month_x_6_category_value_fingerprint,0,True,1,VERIFIED_DATA_LINEAGE_MATCH,33,d0ee120fd53aee8f34a5d21106e1db67b9e93d94ad1aeed46e6d6e527f87289d,80-604-000-000,2
Аткарский муниципальный район,1917,Аткарский муниципальный район,exact_24_month_x_6_category_value_fingerprint,0,True,1,VERIFIED_DATA_LINEAGE_MATCH,1917,c8058276d3b8bcbdad0fcde7d2937c7ad8e1cf889c3541fd01b9a121bff22a4f,63-604-000-000,64
Атнинский муниципальный район,365,Атнинский муниципальный район,exact_24_month_x_6_category_value_fingerprint,0,True,1,VERIFIED_DATA_LINEAGE_MATCH,365,e8c0ce03576f3c27a1604097047724348f4bb88a386a88bf8616ad8a684a61f0,92-613-000-000,16
Атюрьевский муниципальный район,288,Атюрьевский муниципальный район,exact_24_month_x_6_category_value_fingerprint,0,True,1,VERIFIED_DATA_LINEAGE_MATCH,288,00722187d0a62a516d948ea81f78b3df918b9ab69447a6f88ca07cad6ffa80fc,89-605-000-000,13
Атяшевский муниципальный район,289,Атяшевский муниципальный район,exact_24_month_x_6_category_value_fingerprint,0,True,1,VERIFIED_DATA_LINEAGE_MATCH,289,d6b146d27cc713b62344c0c75a7d17fc0eab3fc502039d4e356ab988d6ce1708,89-607-000-000,13
Аургазинский муниципальный район,34,Аургазинский муниципальный район,exact_24_month_x_6_category_value_fingerprint,0,True,1,VERIFIED_DATA_LINEAGE_MATCH,34,804196347ba1e9460f11e46f482df5e2d486d9b5222d75ad7df7bf40ff80d77b,80-605-000-000,2
Ахтубинский муниципальный район,920,Ахтубинский муниципальный район,exact_24_month_x_6_category_value_fingerprint,0,True,1,VERIFIED_DATA_LINEAGE_MATCH,920,e2121c072077d8bbc6a15730fa1eb99b9bd86fd0fa94e240151580b927ea66e0,12-605-000-000,30
Ашинский муниципальный район,2293,Ашинский муниципальный район,exact_24_month_x_6_category_value_fingerprint,0,True,1,VERIFIED_DATA_LINEAGE_MATCH,2293,3b05cf1475c5c97678025bb58f244de71d83d785e00ecdbd6df411b2b7cb1f72,75-609-000-000,74
Бабаевский муниципальный округ,1047,Бабаевский муниципальный округ,exact_24_month_x_6_category_value_fingerprint,0,True,1,VERIFIED_DATA_LINEAGE_MATCH,1047,546349fed746d036ce71a20124f8c6dc574102fa71daa7761090aabe42a82c25,19-505-000-000,35
Бабушкинский муниципальный округ,1048,Бабушкинский муниципальный округ,exact_24_month_x_6_category_value_fingerprint,0,True,1,VERIFIED_DATA_LINEAGE_MATCH,1048,d366d91da278f9c73970a58008532b00ee99cd014ee12d416929eee0df9a4e6c,19-508-000-000,35
Бабынинский муниципальный район,1200,Бабынинский муниципальный район,exact_24_month_x_6_category_value_fingerprint,0,True,1,VERIFIED_DATA_LINEAGE_MATCH,1200,b81842f47ff6f985ce4a30dfccf6c59c8b7ea761aacec89d437dc38dc2369f34,29-602-000-000,40
Бавлинский муниципальный район,366,Бавлинский муниципальный район,exact_24_month_x_6_category_value_fingerprint,0,True,1,VERIFIED_DATA_LINEAGE_MATCH,366,cba84fa1d20761524d70fab7fad4888b21beaf848c5c74e5c598d9e481103732,92-614-000-000,16
Баганский муниципальный район,1602,Баганский муниципальный район,exact_24_month_x_6_category_value_fingerprint,0,True,1,VERIFIED_DATA_LINEAGE_MATCH,1602,e6a1e8b52b15dd26207ef8eaba01b23f267abf73b2ddf24497c851b4ac0a9590,50-603-000-000,54
Баевский муниципальный район,516,Баевский муниципальный район,exact_24_month_x_6_category_value_fingerprint,0,True,1,VERIFIED_DATA_LINEAGE_MATCH,516,94590373c62a949721ada7b93f56faf7b8883e4f00d762af39c02957d07a8e21,01-603-000-000,22
Базарно-Карабулакский муниципальный район,1918,Базарно-Карабулакский муниципальный район,exact_24_month_x_6_category_value_fingerprint,0,True,1,VERIFIED_DATA_LINEAGE_MATCH,1918,06ce561cb0bd2a783d86962c884e1cabd2a6ae55d660038102e9734d4375f16f,63-606-000-000,64
Базарносызганский муниципальный район,2254,Базарносызганский муниципальный район,exact_24_month_x_6_category_value_fingerprint,0,True,1,VERIFIED_DATA_LINEAGE_MATCH,2254,9202a08ac8d6e0a72df08b2d0e248839aa3bdc20f37076027523287a4706a93b,73-602-000-000,73
Бай-Тайгинский муниципальный район,401,Бай-Тайгинский муниципальный район,exact_24_month_x_6_category_value_fingerprint,0,True,1,VERIFIED_DATA_LINEAGE_MATCH,401,3990e5b062020d3b190676f5423fcc91d48efa6335585ef0b20cd1c3a8670ecf,93-605-000-000,17
Байкаловский муниципальный район,2039,Байкаловский муниципальный район,exact_24_month_x_6_category_value_fingerprint,0,True,1,VERIFIED_DATA_LINEAGE_MATCH,2039,b4d88db89a81519b0d0ce882b5934ac89824525f804df5391b91d1bb222fde40,65-608-000-000,66
Баймакский муниципальный район,35,Баймакский муниципальный район,exact_24_month_x_6_category_value_fingerprint,0,True,1,VERIFIED_DATA_LINEAGE_MATCH,35,f1e3c9dab218820ebaf332101e55381c8829f70dd0445dcea4aa4ad2dcefe8c9,80-606-000-000,2
Бакалинский муниципальный район,36,Бакалинский муниципальный район,exact_24_month_x_6_category_value_fingerprint,0,True,1,VERIFIED_DATA_LINEAGE_MATCH,36,73b9cacb8ac49348cfdc190dd3e6530a5475aa1f8a634f11a0282fc3a4d2e552,80-607-000-000,2
Бакчарский муниципальный район,2150,Бакчарский муниципальный район,exact_24_month_x_6_category_value_fingerprint,0,True,1,VERIFIED_DATA_LINEAGE_MATCH,2150,cabe0f8186330f55d4b04fa64ecdf840b2b3323bf880de4ce821a7357188bfc6,69-612-000-000,70
Балаганский муниципальный район,1144,Балаганский муниципальный район,exact_24_month_x_6_category_value_fingerprint,0,True,1,VERIFIED_DATA_LINEAGE_MATCH,1144,8246d10ae0478eb11bc340e47d7cc249a336af559cfab3c9cd0b79ef05f964f5,25-601-000-000,38
Балаковский муниципальный район,1919,Балаковский муниципальный район,exact_24_month_x_6_category_value_fingerprint,0,True,1,VERIFIED_DATA_LINEAGE_MATCH,1919,ad4508c5e62601b79e3b2409ad9bcee82107cc9004203e629aa1fd420fc86471,63-607-000-000,64
Балахнинский муниципальный округ,1539,Балахнинский муниципальный округ,exact_24_month_x_6_category_value_fingerprint,0,True,1,VERIFIED_DATA_LINEAGE_MATCH,1539,ac3c6f009b561d1a7b617c1e3e78ffbcca5a85bffc8787b8358201416f0c2df9,22-505-000-000,52
Балахтинский муниципальный район,685,Балахтинский муниципальный район,exact_24_month_x_6_category_value_fingerprint,0,True,1,VERIFIED_DATA_LINEAGE_MATCH,685,2f0b16b09ec73142fc626f78e4b14468173dbaadd94bd041d3843972358708e2,04-604-000-000,24
Балашовский муниципальный район,1920,Балашовский муниципальный район,exact_24_month_x_6_category_value_fingerprint,0,True,1,VERIFIED_DATA_LINEAGE_MATCH,1920,1a75cde084710525b3e06773a9d98edac30d0588c33f130229ea8afa20b3b6fd,63-608-000-000,64
Балейский муниципальный район,578,Балейский муниципальный район,exact_24_month_x_6_category_value_fingerprint,0,True,1,VERIFIED_DATA_LINEAGE_MATCH,578,3e8a4e08c9aea440a93d883484b118c42413135c0114bc9d6914fb3ab5dc78d7,76-606-000-000,75
Балтайский муниципальный район,1921,Балтайский муниципальный район,exact_24_month_x_6_category_value_fingerprint,0,True,1,VERIFIED_DATA_LINEAGE_MATCH,1921,87a1288ee393cbbe165d0318276d03d9cf6327d3caf527261a334b8992aeb1ca,63-609-000-000,64
Балтасинский муниципальный район,367,Балтасинский муниципальный район,exact_24_month_x_6_category_value_fingerprint,0,True,1,VERIFIED_DATA_LINEAGE_MATCH,367,d9e81b14ad234b1628c904021894e15a69eb0562e9316b3d48e91df659d8adb2,92-615-000-000,16
Балтачевский муниципальный район,37,Балтачевский муниципальный район,exact_24_month_x_6_category_value_fingerprint,0,True,1,VERIFIED_DATA_LINEAGE_MATCH,37,90b144673d32fdd85a675fce64a3126ac195fd15573b46f6bf9643007b154a22,80-608-000-000,2
Барабинский муниципальный район,1603,Барабинский муниципальный район,exact_24_month_x_6_category_value_fingerprint,0,True,1,VERIFIED_DATA_LINEAGE_MATCH,1603,9bb749e11f97afa0911b909413f3d7108d7af0ead0f5c9172c154015b202d549,50-604-000-000,54
Барун-Хемчикский муниципальный район,402,Барун-Хемчикский муниципальный район,exact_24_month_x_6_category_value_fingerprint,0,True,1,VERIFIED_DATA_LINEAGE_MATCH,402,9ce2e42403d8673e64cb9c2eb1ed215940fc1b965f80ddd3435e8d9bdb88a140,93-610-000-000,17
Барышский муниципальный район,2255,Барышский муниципальный район,exact_24_month_x_6_category_value_fingerprint,0,True,1,VERIFIED_DATA_LINEAGE_MATCH,2255,8bcd42f0db8ddee1cee8d40bab9194b1a90b49dc0bcedf3a61d6a229b7f8923c,73-604-000-000,73
Барятинский муниципальный район,1201,Барятинский муниципальный район,exact_24_month_x_6_category_value_fingerprint,0,True,1,VERIFIED_DATA_LINEAGE_MATCH,1201,210ef89ca8ad71fc40523a6131e4e7244ca8af0754840d7661cda1a397251baa,29-604-000-000,40
Батыревский муниципальный округ,485,Батыревский муниципальный округ,exact_24_month_x_6_category_value_fingerprint,0,True,1,VERIFIED_DATA_LINEAGE_MATCH,485,3ec61495781641e55431d2ec0416d3594260d740e0f392b7ec870bfa5363c9a8,97-507-000-000,21
Башмаковский муниципальный район,1737,Башмаковский муниципальный район,exact_24_month_x_6_category_value_fingerprint,0,True,1,VERIFIED_DATA_LINEAGE_MATCH,1737,fbf52d2fa0c764a0f96d0caebe521035dad6583d0c9706a022ea64c83f5d3ab2,56-603-000-000,58
Баяндаевский муниципальный район,1171,Баяндаевский муниципальный район,exact_24_month_x_6_category_value_fingerprint,0,True,1,VERIFIED_DATA_LINEAGE_MATCH,1171,cede4bdea0317ed6da3818fce78549c79c7d70837fce51311663079da53a25a3,25-607-000-000,38
Бежаницкий муниципальный район,1766,Бежаницкий муниципальный район,exact_24_month_x_6_category_value_fingerprint,0,True,1,VERIFIED_DATA_LINEAGE_MATCH,1766,5d56009c255bfad395f4cdd6208a5d9c5fb6d4fb74332cccc8096dfd75a29998,58-604-000-000,60
Безенчукский муниципальный район,1885,Безенчукский муниципальный район,exact_24_month_x_6_category_value_fingerprint,0,True,1,VERIFIED_DATA_LINEAGE_MATCH,1885,1c35fdba0e90bb1485ca8f9a62b74aec1852aaafca06312023432cb043656353,36-604-000-000,63
Бейский муниципальный район,455,Бейский муниципальный район,exact_24_month_x_6_category_value_fingerprint,0,True,1,VERIFIED_DATA_LINEAGE_MATCH,455,c8571663f764b1c8e4126ede02d6fd6d0b90e81a9ee24718a6c5edf93e648748,95-612-000-000,19
Бековский муниципальный район,1738,Бековский муниципальный район,exact_24_month_x_6_category_value_fingerprint,0,True,1,VERIFIED_DATA_LINEAGE_MATCH,1738,ad240614a1ad0c70458c56bc24b55c88ef253984a7e3a24fc025997d336fc340,56-609-000-000,58
Белебеевский муниципальный район,38,Белебеевский муниципальный район,exact_24_month_x_6_category_value_fingerprint,0,True,1,VERIFIED_DATA_LINEAGE_MATCH,38,5fd4423e6590c7190aa3c228545221c65737f564c1a3e53ad0242da376ada73b,80-609-000-000,2
Белевский муниципальный район,2172,Белевский муниципальный район,exact_24_month_x_6_category_value_fingerprint,0,True,1,VERIFIED_DATA_LINEAGE_MATCH,2172,1ac07a39615d1211e6655b42ba510dcb03efaff9ac4a4b1ab072a05fc4f51637,70-606-000-000,71
Белинский муниципальный район,1739,Белинский муниципальный район,exact_24_month_x_6_category_value_fingerprint,0,True,1,VERIFIED_DATA_LINEAGE_MATCH,1739,a717128ebc7a88e80b2e19264396669e53432bfd36b942d53fcc0480cdd6fc0a,56-612-000-000,58
Беловский муниципальный округ,1240,Беловский муниципальный округ,exact_24_month_x_6_category_value_fingerprint,0,True,1,VERIFIED_DATA_LINEAGE_MATCH,1240,357a819f868ac3889ffd4b2bfd6fc7cf221663ef47f4c2cdf6ce546ff70e96c1,32-501-000-000,42
Белогорский муниципальный округ,871,Белогорский муниципальный округ,exact_24_month_x_6_category_value_fingerprint,0,True,1,VERIFIED_DATA_LINEAGE_MATCH,871,9eb4643722fe1efeb484caf14a10f12e2eec902cffcba75ead2f8fd59bd85938,10-508-000-000,28
Белокатайский муниципальный район,39,Белокатайский муниципальный район,exact_24_month_x_6_category_value_fingerprint,0,True,1,VERIFIED_DATA_LINEAGE_MATCH,39,a745005de97ee0ac38ec6c7c33ea0a8af0f3b40a30a335681b8c79a2243906c9,80-610-000-000,2
Беломорский муниципальный округ,208,Беломорский муниципальный округ,exact_24_month_x_6_category_value_fingerprint,0,True,1,VERIFIED_DATA_LINEAGE_MATCH,208,816f5edefec83dca606ea0ca01db46af65533ef4a01e8897e0f59cf2662460ec,86-504-000-000,10
Белорецкий муниципальный район,40,Белорецкий муниципальный район,exact_24_month_x_6_category_value_fingerprint,0,True,1,VERIFIED_DATA_LINEAGE_MATCH,40,defefa3367e8992e29432742c4e14c8fd85375d9d6b2f0565e359960a1470b01,80-611-000-000,2
Белохолуницкий муниципальный район,1266,Белохолуницкий муниципальный район,exact_24_month_x_6_category_value_fingerprint,0,True,1,VERIFIED_DATA_LINEAGE_MATCH,1266,8751187432d11f2d6e682ebe3fa59f1017e4eac8aa344e8f066a6a522d8e7471,33-605-000-000,43
Белоярский муниципальный район,2229,Белоярский муниципальный район,exact_24_month_x_6_category_value_fingerprint,0,True,1,VERIFIED_DATA_LINEAGE_MATCH,2229,1ca15c2138c5fc041cd3b1a0b813d9996798996c0f02190b2f15e18a727ca3a8,71-811-000-000,86
Беляевский муниципальный район,1682,Беляевский муниципальный район,exact_24_month_x_6_category_value_fingerprint,0,True,1,VERIFIED_DATA_LINEAGE_MATCH,1682,67b86eb5e6db9a7b6f2f4c533c3a6d1656e2a5e03e892dc985918fdb8799cfa4,53-610-000-000,56
Бердюжский муниципальный район,2198,Бердюжский муниципальный район,exact_24_month_x_6_category_value_fingerprint,0,True,1,VERIFIED_DATA_LINEAGE_MATCH,2198,7cac7ddda67ac3055f0140ec822928026fd096d5deeadf8625988dbef78749ec,71-610-000-000,72
Бессоновский муниципальный район,1740,Бессоновский муниципальный район,exact_24_month_x_6_category_value_fingerprint,0,True,1,VERIFIED_DATA_LINEAGE_MATCH,1740,5fc00d837532403a7454803da8b442ba63bec2e11de338e8155de6bb9e44a92e,56-613-000-000,58
Бижбулякский муниципальный район,41,Бижбулякский муниципальный район,exact_24_month_x_6_category_value_fingerprint,0,True,1,VERIFIED_DATA_LINEAGE_MATCH,41,ff90c442070d8444e9c0c8fe1534cabdee62624765458641a76ac44a27b45fcd,80-612-000-000,2
Бийский муниципальный район,517,Бийский муниципальный район,exact_24_month_x_6_category_value_fingerprint,0,True,1,VERIFIED_DATA_LINEAGE_MATCH,517,cb805ea0a9f538668779ebe9bef7be56b6cf8a14f15ee734352a44c536e65397,01-604-000-000,22
Бикинский муниципальный район,846,Бикинский муниципальный район,exact_24_month_x_6_category_value_fingerprint,0,True,1,VERIFIED_DATA_LINEAGE_MATCH,846,f5ee37109b57d72b5c7e692159e84eb31bc50c60c5d6fb97757831eb531bc5cc,08-609-000-000,27
Билибинский муниципальный район,2349,Билибинский муниципальный район,exact_24_month_x_6_category_value_fingerprint,0,True,1,VERIFIED_DATA_LINEAGE_MATCH,2349,5f0ddb74e4bcd940556a429f0536944558f35281e1ffe1ffee6f52ff149e3e07,77-609-000-000,87
Бирилюсский муниципальный район,687,Бирилюсский муниципальный район,exact_24_month_x_6_category_value_fingerprint,0,True,1,VERIFIED_DATA_LINEAGE_MATCH,687,38e3277e5a1008b5ff7dffa4901e8d7f3ceea0f89d3d790cfdd78fef2f88882a,04-606-000-000,24
Биробиджанский муниципальный район,2339,Биробиджанский муниципальный район,exact_24_month_x_6_category_value_fingerprint,0,True,1,VERIFIED_DATA_LINEAGE_MATCH,2339,bd341752b1bbb90a0a12b76152013e8df032d4fb7c65d586bd44cd0a3fe4c67b,99-605-000-000,79
Бирский муниципальный район,42,Бирский муниципальный район,exact_24_month_x_6_category_value_fingerprint,0,True,1,VERIFIED_DATA_LINEAGE_MATCH,42,8403a29a79ca28f2e3ba4955ee6d7fa7bee1d49122061a660981e5e781f72936,80-613-000-000,2
Благоварский муниципальный район,43,Благоварский муниципальный район,exact_24_month_x_6_category_value_fingerprint,0,True,1,VERIFIED_DATA_LINEAGE_MATCH,43,32884ae49871a53762686a83f968dba831320c082f92c7ef65f27c2583616e72,80-614-000-000,2
Благовещенский муниципальный округ,872,Благовещенский муниципальный округ,exact_24_month_x_6_category_value_fingerprint,0,True,1,VERIFIED_DATA_LINEAGE_MATCH,872,4afa0b5d919b33f62ae0b3bba4696a17faa1506fd1254550953c46b2bf134471,10-511-000-000,28
Благодарненский муниципальный округ,810,Благодарненский муниципальный округ,exact_24_month_x_6_category_value_fingerprint,0,True,1,VERIFIED_DATA_LINEAGE_MATCH,810,801edd9e7a999089649fa22fd98bc60e2a84c4cd055034a41c9bce59c390372f,07-510-000-000,26
Богатовский муниципальный район,1886,Богатовский муниципальный район,exact_24_month_x_6_category_value_fingerprint,0,True,1,VERIFIED_DATA_LINEAGE_MATCH,1886,55a44011d13048c04e8612c246bac9bf174f987912730edefa7289e783dc4bea,36-606-000-000,63
Богородицкий муниципальный район,2173,Богородицкий муниципальный район,exact_24_month_x_6_category_value_fingerprint,0,True,1,VERIFIED_DATA_LINEAGE_MATCH,2173,f5be302cee213866058b277b2488091b6fd9b01a33e03c82691e80871ebd3597,70-608-000-000,71
Богородский муниципальный округ,1540,Богородский муниципальный округ,exact_24_month_x_6_category_value_fingerprint,0,True,1,VERIFIED_DATA_LINEAGE_MATCH,1540,e95ec349d581b8522f1687911ddd45349a245e0c4c05629b84dc314d27512bf9,22-507-000-000,52
Боградский муниципальный район,456,Боградский муниципальный район,exact_24_month_x_6_category_value_fingerprint,0,True,1,VERIFIED_DATA_LINEAGE_MATCH,456,3f30fedcf8607321aa1d06cffdbb8900ac00798711dc777b241346b639b2e3c5,95-615-000-000,19
Богучанский муниципальный район,689,Богучанский муниципальный район,exact_24_month_x_6_category_value_fingerprint,0,True,1,VERIFIED_DATA_LINEAGE_MATCH,689,9e5b296322aefc3110bb4e59482b0fc350223c5bac52212e8dec5db220ad2e15,04-609-000-000,24
Бокситогорский муниципальный район,1392,Бокситогорский муниципальный район,exact_24_month_x_6_category_value_fingerprint,0,True,1,VERIFIED_DATA_LINEAGE_MATCH,1392,c9d6b93e8db67190b96682bdcce6513c3263fe9fca338199b1e6c2a50e041af9,41-603-000-000,47
Болотнинский муниципальный район,1604,Болотнинский муниципальный район,exact_24_month_x_6_category_value_fingerprint,0,True,1,VERIFIED_DATA_LINEAGE_MATCH,1604,424f43f9bbb5f3c950a25e382c162a7e198be8b8f27843c7541fa3cd85ca5a78,50-606-000-000,54
Болховский муниципальный район,1710,Болховский муниципальный район,exact_24_month_x_6_category_value_fingerprint,0,True,1,VERIFIED_DATA_LINEAGE_MATCH,1710,ec1f4bc2b3f79f912ff9d08501655b126969ebf1200e7b779207f0c92375b4a9,54-604-000-000,57
Большеберезниковский муниципальный район,290,Большеберезниковский муниципальный район,exact_24_month_x_6_category_value_fingerprint,0,True,1,VERIFIED_DATA_LINEAGE_MATCH,290,5bb9bdd4725fe8912deaf953857042c38a6ab070a0f52bb6c04d891c4514f94c,89-610-000-000,13
Большеболдинский муниципальный округ,1541,Большеболдинский муниципальный округ,exact_24_month_x_6_category_value_fingerprint,0,True,1,VERIFIED_DATA_LINEAGE_MATCH,1541,f60cb976d4cbd320b3b146e87eaed0b2f7d858ca307e1eb998bd2527535ce8ec,22-509-000-000,52
Большеглушицкий муниципальный район,1887,Большеглушицкий муниципальный район,exact_24_month_x_6_category_value_fingerprint,0,True,1,VERIFIED_DATA_LINEAGE_MATCH,1887,c0065a24df4e6a5cb73f7d8f6202b7362ce5d080d0fd1625ba2dc8504e440a20,36-608-000-000,63
Большемурашкинский муниципальный округ,1542,Большемурашкинский муниципальный округ,exact_24_month_x_6_category_value_fingerprint,0,True,1,VERIFIED_DATA_LINEAGE_MATCH,1542,2fd2242783834394309de1c094505ef93d14c0540ae5d887e53a1feb7e4c9ddc,22-510-000-000,52
Большемуртинский муниципальный район,690,Большемуртинский муниципальный район,exact_24_month_x_6_category_value_fingerprint,0,True,1,VERIFIED_DATA_LINEAGE_MATCH,690,e62c7e914cbc9a9b188f149a040a8b0897c5cd621210799ac56cab4f71df4c6f,04-610-000-000,24
Большереченский муниципальный район,1634,Большереченский муниципальный район,exact_24_month_x_6_category_value_fingerprint,0,True,1,VERIFIED_DATA_LINEAGE_MATCH,1634,a16f46194a3dea483b747f378d62ef27653ffda1b9a8ca78d1522b47e0e7dbb2,52-603-000-000,55
Большесельский муниципальный район,2321,Большесельский муниципальный район,exact_24_month_x_6_category_value_fingerprint,0,True,1,VERIFIED_DATA_LINEAGE_MATCH,2321,c581f5d1aed0f09d98372d72897cbf73b38a524afacc1a77888ca122c9acf71f,78-603-000-000,76
Большеуковский муниципальный район,1635,Большеуковский муниципальный район,exact_24_month_x_6_category_value_fingerprint,0,True,1,VERIFIED_DATA_LINEAGE_MATCH,1635,67af5d02deedf1b76bc7dd891f4dd073ee7707982d0d5d7f0248a348823a790b,52-606-000-000,55
Большеулуйский муниципальный район,691,Большеулуйский муниципальный район,exact_24_month_x_6_category_value_fingerprint,0,True,1,VERIFIED_DATA_LINEAGE_MATCH,691,6a1e290ec9ec903a4bb7108402e3eb4b7bf69647bd70b7f9e88bac9c29e81932,04-611-000-000,24
Большечерниговский муниципальный район,1888,Большечерниговский муниципальный район,exact_24_month_x_6_category_value_fingerprint,0,True,1,VERIFIED_DATA_LINEAGE_MATCH,1888,f91e0e2dd65d0d4b04c464c063b40678e712c82193425fa1d72b9f71b33d2e2f,36-610-000-000,63
Бондарский муниципальный округ,2078,Бондарский муниципальный округ,exact_24_month_x_6_category_value_fingerprint,0,True,1,VERIFIED_DATA_LINEAGE_MATCH,2078,15cfa91910ce2479b32b280320135fc54dc0f03349e464b617afd5d7a6228ad9,68-502-000-000,68
Борзинский муниципальный район,579,Борзинский муниципальный район,exact_24_month_x_6_category_value_fingerprint,0,True,1,VERIFIED_DATA_LINEAGE_MATCH,579,107c5e48b3a49612461c01e3f53937def91754213caa5b32955b78fc44bca297,76-609-000-000,75
Борисоглебский муниципальный район,2322,Борисоглебский муниципальный район,exact_24_month_x_6_category_value_fingerprint,0,True,1,VERIFIED_DATA_LINEAGE_MATCH,2322,1058d489cc8b6fd17e323e6b76237c19cc9afca6d4d152eb35a8f70208f998aa,78-606-000-000,76
Боровичский муниципальный район,1577,Боровичский муниципальный район,exact_24_month_x_6_category_value_fingerprint,0,True,1,VERIFIED_DATA_LINEAGE_MATCH,1577,aa1fb85b1fdd3df2b6fff9489ee4b7c4c958fa9f0c5ce5ac3fc5f134d7b292e6,49-606-000-000,53
Боровский муниципальный район,2647,Боровский муниципальный район,exact_24_month_x_6_category_value_fingerprint,0,True,1,VERIFIED_DATA_LINEAGE_MATCH,2647,7b53c2fc6bdea9311dd191590e706bcf8d500f495454fb13f67ab7c355107294,29-606-000-000,40
Борский муниципальный район,1889,Борский муниципальный район,exact_24_month_x_6_category_value_fingerprint,0,True,1,VERIFIED_DATA_LINEAGE_MATCH,1889,c3fba21fe4c716e120141b2db5e7648e1dde98736d2288a6323e22f47b21154d,36-612-000-000,63
Боханский муниципальный район,1172,Боханский муниципальный район,exact_24_month_x_6_category_value_fingerprint,0,True,1,VERIFIED_DATA_LINEAGE_MATCH,1172,3e5e9ec1ad0727d7555100066e91cd5281a98122f42e43a14c13cabb8a6257fd,25-609-000-000,38
Братский муниципальный район,1146,Братский муниципальный район,exact_24_month_x_6_category_value_fingerprint,0,True,1,VERIFIED_DATA_LINEAGE_MATCH,1146,53c6e876f35dfdec3554ea046551d4e13245e6e6db8e9381908121b850dfbdad,25-604-000-000,38
Брединский муниципальный район,2294,Брединский муниципальный район,exact_24_month_x_6_category_value_fingerprint,0,True,1,VERIFIED_DATA_LINEAGE_MATCH,2294,49a7fd19971f86a00b8801e540fdee950595ef652c50a2d3a280227503d7240c,75-612-000-000,74
Брейтовский муниципальный район,2323,Брейтовский муниципальный район,exact_24_month_x_6_category_value_fingerprint,0,True,1,VERIFIED_DATA_LINEAGE_MATCH,2323,50f72437576f79d13e27813ce398b50401df01e7b5016aa2bcab5f54f49d8a8d,78-609-000-000,76
Бугульминский муниципальный район,368,Бугульминский муниципальный район,exact_24_month_x_6_category_value_fingerprint,0,True,1,VERIFIED_DATA_LINEAGE_MATCH,368,95ac010a431403b81407f67d40686a96eb96f82e3d5ca9e4b6e2ed762ae0c507,92-617-000-000,16
Бугурусланский муниципальный район,1683,Бугурусланский муниципальный район,exact_24_month_x_6_category_value_fingerprint,0,True,1,VERIFIED_DATA_LINEAGE_MATCH,1683,7df6c2183481e40720f8bb8acf94e8173ae4ba5ffceaef2ca9a8db37c5091abd,53-611-000-000,56
Будённовский муниципальный округ,830,Будённовский муниципальный округ,exact_24_month_x_6_category_value_fingerprint,0,True,1,VERIFIED_DATA_LINEAGE_MATCH,830,8753d0b1a6a441af039025e0ac9256bd1f508aecefc0d7f1b0503c1821d8a1e8,07-512-000-000,26
Буздякский муниципальный район,45,Буздякский муниципальный район,exact_24_month_x_6_category_value_fingerprint,0,True,1,VERIFIED_DATA_LINEAGE_MATCH,45,5d9dd551f550ccd919a6239d44d321af9bc92a182ebdc9406b5cc9765ac6543a,80-617-000-000,2
Буинский муниципальный район,369,Буинский муниципальный район,exact_24_month_x_6_category_value_fingerprint,0,True,1,VERIFIED_DATA_LINEAGE_MATCH,369,73c58293ab8ea37c5b6bab130b91db44f0145db265ccb6d487bf47bcfa96734c,92-618-000-000,16
Буйский муниципальный район,1310,Буйский муниципальный район,exact_24_month_x_6_category_value_fingerprint,0,True,1,VERIFIED_DATA_LINEAGE_MATCH,1310,62a9691738875ef80f0dd00092e9100101e0101a8c4b11136e6e752ff14838b4,34-604-000-000,44
Булунский муниципальный район,316,Булунский муниципальный район,exact_24_month_x_6_category_value_fingerprint,0,True,1,VERIFIED_DATA_LINEAGE_MATCH,316,4819ff4881dae822dd7edf45de8bcb5543b947279f1bd3ef75ed3f0ef96062c8,98-612-000-000,14
Бураевский муниципальный район,46,Бураевский муниципальный район,exact_24_month_x_6_category_value_fingerprint,0,True,1,VERIFIED_DATA_LINEAGE_MATCH,46,8977e403151565dd1f7126daa54a43d835aaff0e6cb244712ba7d9acfed291e1,80-618-000-000,2
Бурейский муниципальный округ,873,Бурейский муниципальный округ,exact_24_month_x_6_category_value_fingerprint,0,True,1,VERIFIED_DATA_LINEAGE_MATCH,873,43cf6031bd0c448ee6b79c59e2bd2d9f1cfbbcc6e77f006dd81e5c7057895d7f,10-515-000-000,28
Бурзянский муниципальный район,47,Бурзянский муниципальный район,exact_24_month_x_6_category_value_fingerprint,0,True,1,VERIFIED_DATA_LINEAGE_MATCH,47,fee6e1d0a233d92ef3e4dcbc821688222b6ee8c72bdcc4245d3c1749002a22a4,80-619-000-000,2
Бурлинский муниципальный район,519,Бурлинский муниципальный район,exact_24_month_x_6_category_value_fingerprint,0,True,1,VERIFIED_DATA_LINEAGE_MATCH,519,12ed2c8b9e776b4dfc80cbc1d4d85cf29ed9a6539faecc2cb31c7fec0515c66f,01-606-000-000,22
Бутурлинский муниципальный округ,1543,Бутурлинский муниципальный округ,exact_24_month_x_6_category_value_fingerprint,0,True,1,VERIFIED_DATA_LINEAGE_MATCH,1543,4a58466ed6321a7585d2634c7514273ece1f11584a48fe2297923f088af137af,22-512-000-000,52
Быковский муниципальный район,1014,Быковский муниципальный район,exact_24_month_x_6_category_value_fingerprint,0,True,1,VERIFIED_DATA_LINEAGE_MATCH,1014,3074253ab73e7562f3c2e3acc2d1cec449b975723894c62dc4e9360cdf928d42,18-604-000-000,34
Быстроистокский муниципальный район,520,Быстроистокский муниципальный район,exact_24_month_x_6_category_value_fingerprint,0,True,1,VERIFIED_DATA_LINEAGE_MATCH,520,cb5a757bcfb007e84202d45a3e113cd5013a55c15b811667780df3ddacc2581d,01-607-000-000,22
Вагайский муниципальный район,2199,Вагайский муниципальный район,exact_24_month_x_6_category_value_fingerprint,0,True,1,VERIFIED_DATA_LINEAGE_MATCH,2199,abbe368feff1235bbba84b8c980b01c052f67e5ee143d284488dae7ee2e3c47d,71-613-000-000,72
Вадинский муниципальный район,1741,Вадинский муниципальный район,exact_24_month_x_6_category_value_fingerprint,0,True,1,VERIFIED_DATA_LINEAGE_MATCH,1741,20ead4529be514e6954603558ffc4b282ef849504258dd54abe5fe756aad30d7,56-615-000-000,58
Вадский муниципальный округ,1544,Вадский муниципальный округ,exact_24_month_x_6_category_value_fingerprint,0,True,1,VERIFIED_DATA_LINEAGE_MATCH,1544,892a32d031e83ca64810f9df1f84c87feadace2dbd1bc00a6b6380129ee9a4a4,22-514-000-000,52
Валдайский муниципальный район,1578,Валдайский муниципальный район,exact_24_month_x_6_category_value_fingerprint,0,True,1,VERIFIED_DATA_LINEAGE_MATCH,1578,85865755aaff2cd0b1c1c54a632b2614e803a80550a87b9b39674d27eceda77f,49-608-000-000,53
Ванинский муниципальный район,847,Ванинский муниципальный район,exact_24_month_x_6_category_value_fingerprint,0,True,1,VERIFIED_DATA_LINEAGE_MATCH,847,c909b20c8b68d679101840be156a44b1d903a799402203676eb62b7f6f689971,08-612-000-000,27
Варгашинский муниципальный округ,1337,Варгашинский муниципальный округ,exact_24_month_x_6_category_value_fingerprint,0,True,1,VERIFIED_DATA_LINEAGE_MATCH,1337,42409d352040cd9d1015251c5594fa53feef636f20866a50e3d03f5393de2bf1,37-506-000-000,45
Варнавинский муниципальный округ,1545,Варнавинский муниципальный округ,exact_24_month_x_6_category_value_fingerprint,0,True,1,VERIFIED_DATA_LINEAGE_MATCH,1545,d2f8ce334e6e03182aeec8a67f7d24d2862db3cc65bcf19f752b221e7a7faa5f,22-515-000-000,52
Варненский муниципальный район,2295,Варненский муниципальный район,exact_24_month_x_6_category_value_fingerprint,0,True,1,VERIFIED_DATA_LINEAGE_MATCH,2295,167936efd3189789479c3a0052b4663c763c8354dd3d657ec23d9f63502b9060,75-614-000-000,74
Вачский муниципальный округ,1546,Вачский муниципальный округ,exact_24_month_x_6_category_value_fingerprint,0,True,1,VERIFIED_DATA_LINEAGE_MATCH,1546,83af0f72db92a96660d79755cb27a0c2eb0855f74c8df01d5ae14bbd2e9a8b33,22-517-000-000,52
Велижский муниципальный район,2046,Велижский муниципальный район,exact_24_month_x_6_category_value_fingerprint,0,True,1,VERIFIED_DATA_LINEAGE_MATCH,2046,166aed8c9233868a87c7d4c44edac9ffa6bfc272ec07677b7d2a851210e9134f,66-603-000-000,67
Великоустюгский муниципальный округ,1051,Великоустюгский муниципальный округ,exact_24_month_x_6_category_value_fingerprint,0,True,1,VERIFIED_DATA_LINEAGE_MATCH,1051,1d42df5aa262ded7566f7257852a9ca783f9b0461144c45643c4579f99348d14,19-514-000-000,35
Вельский муниципальный район,897,Вельский муниципальный район,exact_24_month_x_6_category_value_fingerprint,0,True,1,VERIFIED_DATA_LINEAGE_MATCH,897,d7fb9497a743f08153bde566d72fc8a6a514dac270228a45547ce07f5c6f984b,11-605-000-000,29
Венгеровский муниципальный район,1605,Венгеровский муниципальный район,exact_24_month_x_6_category_value_fingerprint,0,True,1,VERIFIED_DATA_LINEAGE_MATCH,1605,ace1cdf5d85b714837a295afe1c165b4efdff0093aa46eae5d45e94b4bec5e06,50-608-000-000,54
Веневский муниципальный район,2174,Веневский муниципальный район,exact_24_month_x_6_category_value_fingerprint,0,True,1,VERIFIED_DATA_LINEAGE_MATCH,2174,7d50e62d3a65e25c73568801fc2b589021508b7c1c0f4807db2a15f694961562,70-612-000-000,71
Верхнебуреинский муниципальный район,848,Верхнебуреинский муниципальный район,exact_24_month_x_6_category_value_fingerprint,0,True,1,VERIFIED_DATA_LINEAGE_MATCH,848,b6e3d047540a81890173e7ee2c6766100c9cdd7c536da60178bb9b75204a824b,08-614-000-000,27
Верхневилюйский муниципальный район,317,Верхневилюйский муниципальный район,exact_24_month_x_6_category_value_fingerprint,0,True,1,VERIFIED_DATA_LINEAGE_MATCH,317,b64204f8cc64c20cff5d5cd2e4b3311ad88f35daf6aeabdb87de611de8fddb52,98-614-000-000,14
Верхнекетский муниципальный район,2151,Верхнекетский муниципальный район,exact_24_month_x_6_category_value_fingerprint,0,True,1,VERIFIED_DATA_LINEAGE_MATCH,2151,f79426837803eea718661b7e036feecc4ca33ddfecd9e17d2140b1da68221356,69-616-000-000,70
Верхнеколымский муниципальный район,318,Верхнеколымский муниципальный район,exact_24_month_x_6_category_value_fingerprint,0,True,1,VERIFIED_DATA_LINEAGE_MATCH,318,5e1df2f35bedc282c838a83f76c76aa9dd806da7d1bada073c817668bcab67ae,98-615-000-000,14
Верхнетоемский муниципальный округ,898,Верхнетоемский муниципальный округ,exact_24_month_x_6_category_value_fingerprint,0,True,1,VERIFIED_DATA_LINEAGE_MATCH,898,aeaccd1eda80d57cb759866ea716fc49bf76580097a60911182d2b214350fd57,11-508-000-000,29
Верхнеуральский муниципальный район,2296,Верхнеуральский муниципальный район,exact_24_month_x_6_category_value_fingerprint,0,True,1,VERIFIED_DATA_LINEAGE_MATCH,2296,c5045fda2228d7670f9bdee6be0f50ece63310163132949600fd7eef414e90ff,75-617-000-000,74
Верхнеуслонский муниципальный район,370,Верхнеуслонский муниципальный район,exact_24_month_x_6_category_value_fingerprint,0,True,1,VERIFIED_DATA_LINEAGE_MATCH,370,0f84ff3d62b731405e8ccd46cdcb7b1fe0d307f70fe9fe0d8641c6e733bd832f,92-620-000-000,16
Верховажский муниципальный округ,1052,Верховажский муниципальный округ,exact_24_month_x_6_category_value_fingerprint,0,True,1,VERIFIED_DATA_LINEAGE_MATCH,1052,57dcddbaf6b93cb88329447bb81b02c2136ee8d3e0c5de7d51eb1d48735ec309,19-516-000-000,35
Верховский муниципальный район,1711,Верховский муниципальный район,exact_24_month_x_6_category_value_fingerprint,0,True,1,VERIFIED_DATA_LINEAGE_MATCH,1711,4188cabb0e685597723291228a483fe1ed84f50c29e35f509d8595e85cd8e0d1,54-608-000-000,57
Верхошижемский муниципальный район,1269,Верхошижемский муниципальный район,exact_24_month_x_6_category_value_fingerprint,0,True,1,VERIFIED_DATA_LINEAGE_MATCH,1269,e089dc2475bbc6537d602e4e4028d1d2429755c1aa063cb41075612b62b80564,33-608-000-000,43
Верхоянский муниципальный район,319,Верхоянский муниципальный район,exact_24_month_x_6_category_value_fingerprint,0,True,1,VERIFIED_DATA_LINEAGE_MATCH,319,22981bf396eb1fe0efd16548b359ebe98004f13c0e5858554d588b8896bffa1e,98-616-000-000,14
Ветлужский муниципальный округ,1547,Ветлужский муниципальный округ,exact_24_month_x_6_category_value_fingerprint,0,True,1,VERIFIED_DATA_LINEAGE_MATCH,1547,07e51a775dd6108e0015a8f4adc82ddb8b3eff9577dc2471cdb0dfcca9b6d473,22-518-000-000,52
Вешкаймский муниципальный район,2256,Вешкаймский муниципальный район,exact_24_month_x_6_category_value_fingerprint,0,True,1,VERIFIED_DATA_LINEAGE_MATCH,2256,865a07ecb7e933de96255443999b1cd242929f6769dd8c25c47f0a1a879d3ccc,73-607-000-000,73
Викуловский муниципальный район,2200,Викуловский муниципальный район,exact_24_month_x_6_category_value_fingerprint,0,True,1,VERIFIED_DATA_LINEAGE_MATCH,2200,e8f271a61b044684b8c141b4bafc6178d269af91cc9600541436ea337c43d73b,71-615-000-000,72
Вилюйский муниципальный район,320,Вилюйский муниципальный район,exact_24_month_x_6_category_value_fingerprint,0,True,1,VERIFIED_DATA_LINEAGE_MATCH,320,e363a25eeb8a369589f1b7dcfc7ff80017a0e4ba1e3d8acc5b4dc262ed766fd2,98-618-000-000,14
Виноградовский муниципальный округ,900,Виноградовский муниципальный округ,exact_24_month_x_6_category_value_fingerprint,0,True,1,VERIFIED_DATA_LINEAGE_MATCH,900,ad168070a405d2d0ab34c313d928ad77e137bdfc9cb3cc2eb65997df1cf9a08c,11-514-000-000,29
Вичугский муниципальный район,1113,Вичугский муниципальный район,exact_24_month_x_6_category_value_fingerprint,0,True,1,VERIFIED_DATA_LINEAGE_MATCH,1113,016470f3327e361132545833a5093dfbffe9057b9828e0963f988865c13f6654,24-601-000-000,37
Вожегодский муниципальный округ,1053,Вожегодский муниципальный округ,exact_24_month_x_6_category_value_fingerprint,0,True,1,VERIFIED_DATA_LINEAGE_MATCH,1053,48c528a65947afd2660df3c5a631c97ac31fe2c74fb314471d54afe415bb7e3b,19-518-000-000,35
Вознесенский муниципальный округ,1548,Вознесенский муниципальный округ,exact_24_month_x_6_category_value_fingerprint,0,True,1,VERIFIED_DATA_LINEAGE_MATCH,1548,be2c695964e4967b30c14991a5e30a950f263b87dbf5b22bc85026f9cccc421e,22-519-000-000,52
Вологодский муниципальный округ,1054,Вологодский муниципальный округ,exact_24_month_x_6_category_value_fingerprint,0,True,1,VERIFIED_DATA_LINEAGE_MATCH,1054,48f36937617d3cb0dbc462fdd1447779c91fce83a56ac3f84488e59032a58e77,19-520-000-000,35
Володарский муниципальный округ,1549,Володарский муниципальный округ,exact_24_month_x_6_category_value_fingerprint,0,True,1,VERIFIED_DATA_LINEAGE_MATCH,1549,06bd614d7e5632b0732fc01347aa16bc013ee78d12c8560fda53301197ac299e,22-520-000-000,52
Волосовский муниципальный район,1393,Волосовский муниципальный район,exact_24_month_x_6_category_value_fingerprint,0,True,1,VERIFIED_DATA_LINEAGE_MATCH,1393,b35d7206449ca0da5a82977d13bc56c3b2a42e085a25bd907aa77680425875ec,41-606-000-000,47
Волховский муниципальный район,1394,Волховский муниципальный район,exact_24_month_x_6_category_value_fingerprint,0,True,1,VERIFIED_DATA_LINEAGE_MATCH,1394,79959c2fcbc41b9b6caaf0741d802db32a44fcff1eb5ef843733c9fb8694835b,41-609-000-000,47
Волчихинский муниципальный район,521,Волчихинский муниципальный район,exact_24_month_x_6_category_value_fingerprint,0,True,1,VERIFIED_DATA_LINEAGE_MATCH,521,5e3d9e7431267a50a98fcfaec00fc73ceb522d73ecd0686acfb3bbdaf377a179,01-608-000-000,22
Вольский муниципальный район,1922,Вольский муниципальный район,exact_24_month_x_6_category_value_fingerprint,0,True,1,VERIFIED_DATA_LINEAGE_MATCH,1922,fc62aab91078610b513f73850fb85cf770f7228d6fdc6f3b5f103ad1beabad7c,63-611-000-000,64
Воскресенский муниципальный округ,1551,Воскресенский муниципальный округ,exact_24_month_x_6_category_value_fingerprint,0,True,1,VERIFIED_DATA_LINEAGE_MATCH,1551,6e9fdd12b61ccb98b040108ee2a46fd67020b184bc04be8070505de1d7477f30,22-522-000-000,52
Воскресенский муниципальный район,1923,Воскресенский муниципальный район,exact_24_month_x_6_category_value_fingerprint,0,True,1,VERIFIED_DATA_LINEAGE_MATCH,1923,1223aa16c63b99a477ffe9dfea097b36093a38f4a16561ac1c66b7b270da204e,63-612-000-000,64
Вохомский муниципальный район,1311,Вохомский муниципальный район,exact_24_month_x_6_category_value_fingerprint,0,True,1,VERIFIED_DATA_LINEAGE_MATCH,1311,0d4acdbd0d40cd1a4bff6ab291584953d33c93be5477912ab0ae77c58911a384,34-606-000-000,44
Всеволожский муниципальный район,1395,Всеволожский муниципальный район,exact_24_month_x_6_category_value_fingerprint,0,True,1,VERIFIED_DATA_LINEAGE_MATCH,1395,052e245f51605596c0bcddfce439288fb86bffe9c1b16532ee968766bdc8d16f,41-612-000-000,47
Вурнарский муниципальный округ,486,Вурнарский муниципальный округ,exact_24_month_x_6_category_value_fingerprint,0,True,1,VERIFIED_DATA_LINEAGE_MATCH,486,4fbac76f2f05f5d6f3a4528d8d4017bb6aec07926d20c245ca50671e00c3a399,97-510-000-000,21
Выборгский муниципальный район,1396,Выборгский муниципальный район,exact_24_month_x_6_category_value_fingerprint,0,True,1,VERIFIED_DATA_LINEAGE_MATCH,1396,db4b333ab0f2776256f5d355fc22e0baad78a83d6f99e288627691c307f47517,41-615-000-000,47
Высокогорский муниципальный район,371,Высокогорский муниципальный район,exact_24_month_x_6_category_value_fingerprint,0,True,1,VERIFIED_DATA_LINEAGE_MATCH,371,a36ab2ef2286ada9aab7ed66a06f2aa8239d9e05729ff8600a79eb4b64d0c843,92-622-000-000,16
Вытегорский муниципальный район,1055,Вытегорский муниципальный район,exact_24_month_x_6_category_value_fingerprint,0,True,1,VERIFIED_DATA_LINEAGE_MATCH,1055,9cdb8418b22be7113df1dc2d12259f056c56217ab8c6c839d0e76e9bf6e9bde2,19-622-000-000,35
Вязниковский муниципальный район,992,Вязниковский муниципальный район,exact_24_month_x_6_category_value_fingerprint,0,True,1,VERIFIED_DATA_LINEAGE_MATCH,992,6fc0d8eacc035461bb5764a8e895238fa3836f84e49d3931fe93f27ab23fd6e6,17-610-000-000,33
Вятскополянский муниципальный район,1270,Вятскополянский муниципальный район,exact_24_month_x_6_category_value_fingerprint,0,True,1,VERIFIED_DATA_LINEAGE_MATCH,1270,0fb45ce047a1409ff6fb6479d436f1a4de13c2d1040759062fcf98b2845cdedb,33-610-000-000,43
Гаврилов-Ямский муниципальный район,2324,Гаврилов-Ямский муниципальный район,exact_24_month_x_6_category_value_fingerprint,0,True,1,VERIFIED_DATA_LINEAGE_MATCH,2324,82ec09ac3a2785fb1ada78eb250097baef69fea8fd5b7f8c23d0e76d2e3e2c11,78-612-000-000,76
Гаврилово-Посадский муниципальный район,1115,Гаврилово-Посадский муниципальный район,exact_24_month_x_6_category_value_fingerprint,0,True,1,VERIFIED_DATA_LINEAGE_MATCH,1115,726806dc99474ec59d98a722b93b4b70c70a3ffd678d90c2a55d1215ef4da97f,24-603-000-000,37
Гавриловский муниципальный округ,2079,Гавриловский муниципальный округ,exact_24_month_x_6_category_value_fingerprint,0,True,1,VERIFIED_DATA_LINEAGE_MATCH,2079,0e30a05db6cd470049a73b56f8b3777ae82ac6edf8be8429580529358d8f43ec,68-503-000-000,68
Гагаринский муниципальный район,2048,Гагаринский муниципальный район,exact_24_month_x_6_category_value_fingerprint,0,True,1,VERIFIED_DATA_LINEAGE_MATCH,2048,70b6aad6b5780797f2e27f59f38a05cf4c14470de88addc488e7405b8d542fb5,66-608-000-000,67
Гагинский муниципальный округ,1552,Гагинский муниципальный округ,exact_24_month_x_6_category_value_fingerprint,0,True,1,VERIFIED_DATA_LINEAGE_MATCH,1552,dddd224c0b8463915281bef7a6d285a2b770825f6505f20020a1ecaf68bbaccf,22-526-000-000,52
Газимуро-Заводский муниципальный округ,580,Газимуро-Заводский муниципальный округ,exact_24_month_x_6_category_value_fingerprint,0,True,1,VERIFIED_DATA_LINEAGE_MATCH,580,a301dc4f67b12b4ff669312acc807e5873ec3a008ca252d2741d672fc1a04b62,76-510-000-000,75
Галичский муниципальный район,1312,Галичский муниципальный район,exact_24_month_x_6_category_value_fingerprint,0,True,1,VERIFIED_DATA_LINEAGE_MATCH,1312,861ca4ee88b0f32851f72f45bc2cd0328061f519b52581e061c065c99d790554,34-608-000-000,44
Гатчинский муниципальный район,1397,Гатчинский муниципальный район,exact_24_month_x_6_category_value_fingerprint,0,True,1,VERIFIED_DATA_LINEAGE_MATCH,1397,fc188113a21763f5a5611e3b8595e32f76e45fbc09bb97d7c5e6f2ce6b7c0c4d,41-618-000-000,47
Гафурийский муниципальный район,48,Гафурийский муниципальный район,exact_24_month_x_6_category_value_fingerprint,0,True,1,VERIFIED_DATA_LINEAGE_MATCH,48,ee065ce80f4a3a863cc09a2cc2e9ba450010a335aa37888f49e6e08cabbf95d8,80-621-000-000,2
Гдовский муниципальный район,1768,Гдовский муниципальный район,exact_24_month_x_6_category_value_fingerprint,0,True,1,VERIFIED_DATA_LINEAGE_MATCH,1768,b7d4de61ddd21907ef551215b3ed2a7b63a8c8deea47e36d6dd95d8dbeaebe43,58-608-000-000,60
Георгиевский муниципальный округ,811,Георгиевский муниципальный округ,exact_24_month_x_6_category_value_fingerprint,0,True,1,VERIFIED_DATA_LINEAGE_MATCH,811,1f0e6a031967a6f8c59dadf777025245bdeeda3033b17ab2bdc18120d5ca1543,07-515-000-000,26
Гиагинский муниципальный район,3,Гиагинский муниципальный район,exact_24_month_x_6_category_value_fingerprint,0,True,1,VERIFIED_DATA_LINEAGE_MATCH,3,0d7ab4a2ffbf65d92a485f65bfaf1b47a6a91a7de12a9446c363dc8c0253ccc3,79-605-000-000,1
Глазуновский муниципальный район,1712,Глазуновский муниципальный район,exact_24_month_x_6_category_value_fingerprint,0,True,1,VERIFIED_DATA_LINEAGE_MATCH,1712,3292e2c627c87f7e1194f6d495909ecaeb214069b194f70304103e12a4320784,54-610-000-000,57
Глинковский муниципальный район,2049,Глинковский муниципальный район,exact_24_month_x_6_category_value_fingerprint,0,True,1,VERIFIED_DATA_LINEAGE_MATCH,2049,dcfc79f632efe42988f2185a7bab0430145da4ed1446a81c422889f212c8cb37,66-609-000-000,67
Горномарийский муниципальный район,273,Горномарийский муниципальный район,exact_24_month_x_6_category_value_fingerprint,0,True,1,VERIFIED_DATA_LINEAGE_MATCH,273,752e080a8603e80c011486d7ead6ff899b92f26241218e9d30c2031b2edd6d9d,88-608-000-000,12
Горный муниципальный район,321,Горный муниципальный район,exact_24_month_x_6_category_value_fingerprint,0,True,1,VERIFIED_DATA_LINEAGE_MATCH,321,2182d0ccaab2bab8492f964826cc4c7b5623b048f2df32787efe659bacc05a98,98-620-000-000,14
Городецкий муниципальный округ,1553,Городецкий муниципальный округ,exact_24_month_x_6_category_value_fingerprint,0,True,1,VERIFIED_DATA_LINEAGE_MATCH,1553,2018ad81619146bba2c77a65a15fe2399934d7d0c27fc3baa2d2630f59d98444,22-528-000-000,52
Городовиковский муниципальный район,181,Городовиковский муниципальный район,exact_24_month_x_6_category_value_fingerprint,0,True,1,VERIFIED_DATA_LINEAGE_MATCH,181,db25a36a2583d4bfcc9a137a258ca522e63bad45357cf2318c984301f3e21c8c,85-605-000-000,8
Гороховецкий муниципальный район,993,Гороховецкий муниципальный район,exact_24_month_x_6_category_value_fingerprint,0,True,1,VERIFIED_DATA_LINEAGE_MATCH,993,ccdfcdb153f43a1d268798e0a02871b9b9caf735710e7b973b3c032e0b983bed,17-615-000-000,33
Горьковский муниципальный район,1636,Горьковский муниципальный район,exact_24_month_x_6_category_value_fingerprint,0,True,1,VERIFIED_DATA_LINEAGE_MATCH,1636,091911df5bc9bf5a2b0443c47dd3a3d30f7e5ea11e0c91c38914ff3ae3a5a067,52-609-000-000,55
Грачёвский муниципальный округ,831,Грачёвский муниципальный округ,exact_24_month_x_6_category_value_fingerprint,0,True,1,VERIFIED_DATA_LINEAGE_MATCH,831,c20407ad495e32b52a75433e73e8fae1f56194be10de2f4d98cd43823bd82cb2,07-517-000-000,26
Грачёвский муниципальный район,1685,Грачёвский муниципальный район,exact_24_month_x_6_category_value_fingerprint,0,True,1,VERIFIED_DATA_LINEAGE_MATCH,1685,fc050d131a1c3c47b6ca59326411fdb4b295d31f58e7dccea7d448575a8d85b0,53-615-000-000,56
Грязинский муниципальный район,1413,Грязинский муниципальный район,exact_24_month_x_6_category_value_fingerprint,0,True,1,VERIFIED_DATA_LINEAGE_MATCH,1413,afd197d2aa2a26799726e520218896e1117c161e3a2ba1c8b34ab3b946923641,42-606-000-000,48
Грязовецкий муниципальный округ,1056,Грязовецкий муниципальный округ,exact_24_month_x_6_category_value_fingerprint,0,True,1,VERIFIED_DATA_LINEAGE_MATCH,1056,03a7375a15bab9f291d27eca3cf7e9cfdf692c10cb71ac5fab2df145ad03d2f0,19-524-000-000,35
Гурьевский муниципальный округ,1241,Гурьевский муниципальный округ,exact_24_month_x_6_category_value_fingerprint,0,True,1,VERIFIED_DATA_LINEAGE_MATCH,1241,a15be2c1066c52b629e7906d954526cacf2b9098d8c5923d3efac214030a89c2,32-502-000-000,42
Гусь-Хрустальный муниципальный район,994,Гусь-Хрустальный муниципальный район,exact_24_month_x_6_category_value_fingerprint,0,True,1,VERIFIED_DATA_LINEAGE_MATCH,994,b6f401eb59dcefac42dcaf2e6a7ce468830d875feb05cc00c20d771886d23d64,17-620-000-000,33
Давлекановский муниципальный район,49,Давлекановский муниципальный район,exact_24_month_x_6_category_value_fingerprint,0,True,1,VERIFIED_DATA_LINEAGE_MATCH,49,4e198581ec419149f3bdf2f8fa52b54858bbab9814e90122af1ec917b52ebc32,80-622-000-000,2
Далматовский муниципальный округ,1338,Далматовский муниципальный округ,exact_24_month_x_6_category_value_fingerprint,0,True,1,VERIFIED_DATA_LINEAGE_MATCH,1338,71bbc885ea56d453f012271d68931eb4465876add66c281a7e5d99aa8f661c2b,37-508-000-000,45
Дальнеконстантиновский муниципальный округ,1554,Дальнеконстантиновский муниципальный округ,exact_24_month_x_6_category_value_fingerprint,0,True,1,VERIFIED_DATA_LINEAGE_MATCH,1554,2b829b95766501821e21594d425cf917849296923361c5ef80d7c76a9aa920c7,22-530-000-000,52
Дальнереченский муниципальный район,788,Дальнереченский муниципальный район,exact_24_month_x_6_category_value_fingerprint,0,True,1,VERIFIED_DATA_LINEAGE_MATCH,788,62ba90f26f439966173a8a56a3ff8d0334356853a340a76330524e376c9f679f,05-607-000-000,25
Данковский муниципальный район,1414,Данковский муниципальный район,exact_24_month_x_6_category_value_fingerprint,0,True,1,VERIFIED_DATA_LINEAGE_MATCH,1414,d00f7a4e51fabc8f00ec57d57cd886656145bf137d370242e7ccd86d24572152,42-609-000-000,48
Даровской муниципальный район,1271,Даровской муниципальный район,exact_24_month_x_6_category_value_fingerprint,0,True,1,VERIFIED_DATA_LINEAGE_MATCH,1271,d3bc886899a46d39ae5c8e099f64eb3f44e3031d89a98fc74ee4a761bc17f1db,33-612-000-000,43
Дедовичский муниципальный район,1769,Дедовичский муниципальный район,exact_24_month_x_6_category_value_fingerprint,0,True,1,VERIFIED_DATA_LINEAGE_MATCH,1769,d98cd55255a46ddcd596e327e48cbca91da434cdbd1ef08dd901d656eee0b30a,58-610-000-000,60
Демидовский муниципальный район,2050,Демидовский муниципальный район,exact_24_month_x_6_category_value_fingerprint,0,True,1,VERIFIED_DATA_LINEAGE_MATCH,2050,8ceb954e60af01576e234d64042bd4c20b3f72822a499cf50e09eff44af7c214,66-611-000-000,67
Дергачевский муниципальный район,1924,Дергачевский муниципальный район,exact_24_month_x_6_category_value_fingerprint,0,True,1,VERIFIED_DATA_LINEAGE_MATCH,1924,33f8b5843ba42a94f646751365642090d3e71eee559f312a4a91c57d5923f03a,63-613-000-000,64
Дзун-Хемчикский муниципальный район,403,Дзун-Хемчикский муниципальный район,exact_24_month_x_6_category_value_fingerprint,0,True,1,VERIFIED_DATA_LINEAGE_MATCH,403,2fc3c719456d8b4b1bfbcbab62fb072882a5e3916031d143f1856ef56063bccc,93-615-000-000,17
Дивеевский муниципальный округ,1555,Дивеевский муниципальный округ,exact_24_month_x_6_category_value_fingerprint,0,True,1,VERIFIED_DATA_LINEAGE_MATCH,1555,ff729b376b0ed71d67a321a6dfd25ae64ef849db3a13dd0737c320f35baae308,22-532-000-000,52
Дигорский муниципальный район,348,Дигорский муниципальный район,exact_24_month_x_6_category_value_fingerprint,0,True,1,VERIFIED_DATA_LINEAGE_MATCH,348,8567e50e171c8dac3525fa573cede208f6e9b7103c96f6d1a52179ca9da4abc0,90-615-000-000,15
Дновский муниципальный район,1770,Дновский муниципальный район,exact_24_month_x_6_category_value_fingerprint,0,True,1,VERIFIED_DATA_LINEAGE_MATCH,1770,8685f4d2b8a8a451a9c6012c7f719cf6378e3bd566cc1faf845b81447c9e7dbf,58-612-000-000,60
Добринский муниципальный район,1415,Добринский муниципальный район,exact_24_month_x_6_category_value_fingerprint,0,True,1,VERIFIED_DATA_LINEAGE_MATCH,1415,9992b085dff661f22229e18232f89b30fae4e1e7d452773313c887c8c654c23c,42-612-000-000,48
Добровский муниципальный район,1416,Добровский муниципальный район,exact_24_month_x_6_category_value_fingerprint,0,True,1,VERIFIED_DATA_LINEAGE_MATCH,1416,182e4548b125521f203c2e771f75e6e7e2edc4fc99aab38cb4c0e2abf094e148,42-615-000-000,48
Доволенский муниципальный район,1606,Доволенский муниципальный район,exact_24_month_x_6_category_value_fingerprint,0,True,1,VERIFIED_DATA_LINEAGE_MATCH,1606,53f8260a42882914c054d2fd61dbd86b605d2893b4497bb324f35319ab437d8e,50-610-000-000,54
Долгоруковский муниципальный район,1417,Долгоруковский муниципальный район,exact_24_month_x_6_category_value_fingerprint,0,True,1,VERIFIED_DATA_LINEAGE_MATCH,1417,2c1d83e8c9a845bfacba07d1dfccd564be72e65ab2cd5b21dbb7adbf34e834d1,42-618-000-000,48
Должанский муниципальный район,1714,Должанский муниципальный район,exact_24_month_x_6_category_value_fingerprint,0,True,1,VERIFIED_DATA_LINEAGE_MATCH,1714,94274922c1961f5c0ccf9c12e99337627cd123cde8eef8097d1478b0f3860e7a,54-615-000-000,57
Домбаровский муниципальный район,1686,Домбаровский муниципальный район,exact_24_month_x_6_category_value_fingerprint,0,True,1,VERIFIED_DATA_LINEAGE_MATCH,1686,78558f72a74c51f74c47123879561f0001cef94615db7c5999bdec6484470951,53-617-000-000,56
Дорогобужский муниципальный район,2051,Дорогобужский муниципальный район,exact_24_month_x_6_category_value_fingerprint,0,True,1,VERIFIED_DATA_LINEAGE_MATCH,2051,32f182ff7acb1b226a4448c4b9f9738103ae6719761d82fecd8da84712e7c8b3,66-614-000-000,67
Дрожжановский муниципальный район,372,Дрожжановский муниципальный район,exact_24_month_x_6_category_value_fingerprint,0,True,1,VERIFIED_DATA_LINEAGE_MATCH,372,dc49b02f6424f6137762037466c1f5c1be795b64ed03d53dc4012d36001ed64c,92-624-000-000,16
Дубовский муниципальный район,1017,Дубовский муниципальный район,exact_24_month_x_6_category_value_fingerprint,0,True,1,VERIFIED_DATA_LINEAGE_MATCH,1017,e2ba04698313532a7fbf651a90d7f72b20be0d7e59950ae49418af02ca248af1,18-608-000-000,34
Дуванский муниципальный район,50,Дуванский муниципальный район,exact_24_month_x_6_category_value_fingerprint,0,True,1,VERIFIED_DATA_LINEAGE_MATCH,50,b3b402d72e8cf6fa747ba0271f825f65bface3c1ed038fd516a20c5d6e03cd72,80-623-000-000,2
Дульдургинский муниципальный район,606,Дульдургинский муниципальный район,exact_24_month_x_6_category_value_fingerprint,0,True,1,VERIFIED_DATA_LINEAGE_MATCH,606,ade12d633082699bbf995a4240e607ebf82cdf641fa67ecda0d0de87f2dff8af,76-611-000-000,75
Думиничский муниципальный район,1204,Думиничский муниципальный район,exact_24_month_x_6_category_value_fingerprint,0,True,1,VERIFIED_DATA_LINEAGE_MATCH,1204,40cfd02c28e4bc8654e592a3015fd2be526ea58c32d57cf731a6ae7ae42144cb,29-610-000-000,40
Духовницкий муниципальный район,1925,Духовницкий муниципальный район,exact_24_month_x_6_category_value_fingerprint,0,True,1,VERIFIED_DATA_LINEAGE_MATCH,1925,a6c47cf6f561ed1726407d4f6d39cb1edfcded6d409bacb0bf293c51e64c9dea,63-614-000-000,64
Духовщинский муниципальный район,2052,Духовщинский муниципальный район,exact_24_month_x_6_category_value_fingerprint,0,True,1,VERIFIED_DATA_LINEAGE_MATCH,2052,5f8b54b34681f5015987bb76bde830d970f7467f69e92a7b5ed462b5c02323be,66-616-000-000,67
Дюртюлинский муниципальный район,51,Дюртюлинский муниципальный район,exact_24_month_x_6_category_value_fingerprint,0,True,1,VERIFIED_DATA_LINEAGE_MATCH,51,a469bd675d8420b8279fcb6dfeaa3fbf8a8e318739a693b660b3c372edbd49e7,80-624-000-000,2
Егорьевский муниципальный район,522,Егорьевский муниципальный район,exact_24_month_x_6_category_value_fingerprint,0,True,1,VERIFIED_DATA_LINEAGE_MATCH,522,8ed5375d6f71b91b17026b9fb8eb0c0d5516278eea60fe24d280a2887e1c6fdc,01-609-000-000,22
Екатериновский муниципальный район,1926,Екатериновский муниципальный район,exact_24_month_x_6_category_value_fingerprint,0,True,1,VERIFIED_DATA_LINEAGE_MATCH,1926,84e5feaef7c5663eb5f2ee237cdd0903d30903dfa7f2ef0aa84d6471fb0ee29a,63-616-000-000,64
Елабужский муниципальный район,373,Елабужский муниципальный район,exact_24_month_x_6_category_value_fingerprint,0,True,1,VERIFIED_DATA_LINEAGE_MATCH,373,86708886f6f3b12676ffc4150bff239e103842c4869bbbcc320a7ede26e7f171,92-626-000-000,16
Еланский муниципальный район,1018,Еланский муниципальный район,exact_24_month_x_6_category_value_fingerprint,0,True,1,VERIFIED_DATA_LINEAGE_MATCH,1018,e3d297aa8e205845cc8c16d1c9ecefa74e6df020bc1763732abc20f068db9bd1,18-610-000-000,34
Елизовский муниципальный район,612,Елизовский муниципальный район,exact_24_month_x_6_category_value_fingerprint,0,True,1,VERIFIED_DATA_LINEAGE_MATCH,612,75af299bb39853f8df65e74b87b2ccfe5e89b3e1e61699a6db1fc59fdb6b59e7,30-607-000-000,41
Елховский муниципальный район,1891,Елховский муниципальный район,exact_24_month_x_6_category_value_fingerprint,0,True,1,VERIFIED_DATA_LINEAGE_MATCH,1891,2c28b24747befc90fb9239d07e3cf0b98499503f36d239c7dd18dad4fb56f1e8,36-615-000-000,63
Ельниковский муниципальный район,293,Ельниковский муниципальный район,exact_24_month_x_6_category_value_fingerprint,0,True,1,VERIFIED_DATA_LINEAGE_MATCH,293,1c1bca577214fc4010501f85c28c03d65d779eb99e36e1b137ad0686cc865e56,89-618-000-000,13
Ельнинский муниципальный район,2053,Ельнинский муниципальный район,exact_24_month_x_6_category_value_fingerprint,0,True,1,VERIFIED_DATA_LINEAGE_MATCH,2053,6aeb768ee0dd633b9be94301d5e4248bf3446311e906be692c08ad0c9d8e8b16,66-619-000-000,67
Ельцовский муниципальный район,523,Ельцовский муниципальный район,exact_24_month_x_6_category_value_fingerprint,0,True,1,VERIFIED_DATA_LINEAGE_MATCH,523,45548beef201644c295ae30ee07230ef6fb4a4c3341fcc4540aaccc234003481,01-610-000-000,22
Еманжелинский муниципальный район,2297,Еманжелинский муниципальный район,exact_24_month_x_6_category_value_fingerprint,0,True,1,VERIFIED_DATA_LINEAGE_MATCH,2297,192800583eb016b5c6d1778c13f37aeed4d26d8344d75c8380efee0694214f7f,75-619-000-000,74
Емельяновский муниципальный район,693,Емельяновский муниципальный район,exact_24_month_x_6_category_value_fingerprint,0,True,1,VERIFIED_DATA_LINEAGE_MATCH,693,abe5908b0f65f2f4be53d421f389bda45f2aba696ea723b5796e16def7ffc1f3,04-614-000-000,24
Енисейский муниципальный район,694,Енисейский муниципальный район,exact_24_month_x_6_category_value_fingerprint,0,True,1,VERIFIED_DATA_LINEAGE_MATCH,694,c48413138e984001ea32a7388ca042692559404d3cc2aa5556a4d68a87eba7bc,04-615-000-000,24
Енотаевский муниципальный район,922,Енотаевский муниципальный район,exact_24_month_x_6_category_value_fingerprint,0,True,1,VERIFIED_DATA_LINEAGE_MATCH,922,26bb1443ca73f36e871849febf93437828f8a28a1311b4cfb5383d7b5c7abefb,12-615-000-000,30
Ермаковский муниципальный район,695,Ермаковский муниципальный район,exact_24_month_x_6_category_value_fingerprint,0,True,1,VERIFIED_DATA_LINEAGE_MATCH,695,a26078c3e1f171034776d51c2503251575bc3d3163f6a7a5e2db416c0514baa8,04-616-000-000,24
Ермекеевский муниципальный район,52,Ермекеевский муниципальный район,exact_24_month_x_6_category_value_fingerprint,0,True,1,VERIFIED_DATA_LINEAGE_MATCH,52,b5839bcbf3c72677b79456760e12a2cd219da2deece770a6bf366666eaea94b5,80-625-000-000,2
Ермишинский муниципальный район,1849,Ермишинский муниципальный район,exact_24_month_x_6_category_value_fingerprint,0,True,1,VERIFIED_DATA_LINEAGE_MATCH,1849,75d0447a8482caf37cbe88625df9e8aa4c73471c6b65c6aa0c542ad1ed8451c0,61-602-000-000,62
Ершичский муниципальный район,2054,Ершичский муниципальный район,exact_24_month_x_6_category_value_fingerprint,0,True,1,VERIFIED_DATA_LINEAGE_MATCH,2054,f7a2395075ae11869091a9f8811d9bc6ff2b995ad77dcca5696f703761250fcc,66-621-000-000,67
Ершовский муниципальный район,1927,Ершовский муниципальный район,exact_24_month_x_6_category_value_fingerprint,0,True,1,VERIFIED_DATA_LINEAGE_MATCH,1927,d65f6f89c85bc62af5022231cdab29f342d655c8bbc0c135832876ff4b0b0a9a,63-617-000-000,64
Еткульский муниципальный район,2298,Еткульский муниципальный район,exact_24_month_x_6_category_value_fingerprint,0,True,1,VERIFIED_DATA_LINEAGE_MATCH,2298,6c02089349f9eaf6ad2056a411b1617df4f264c894a3cfce032fb50ffd94c9c1,75-620-000-000,74
Жердевский муниципальный округ,2080,Жердевский муниципальный округ,exact_24_month_x_6_category_value_fingerprint,0,True,1,VERIFIED_DATA_LINEAGE_MATCH,2080,3e93c831daac2eee4738db4bdcfbe31393b2013e6618a255289ff0dc852c7907,68-504-000-000,68
Жигаловский муниципальный район,1147,Жигаловский муниципальный район,exact_24_month_x_6_category_value_fingerprint,0,True,1,VERIFIED_DATA_LINEAGE_MATCH,1147,5807a5083c2455aad8f24f462a4dc32a085dadd434ae8fc733b16eac65ddf786,25-606-000-000,38
Жиздринский муниципальный район,1205,Жиздринский муниципальный район,exact_24_month_x_6_category_value_fingerprint,0,True,1,VERIFIED_DATA_LINEAGE_MATCH,1205,9241c5d356f4f08b533c2aacba3793276ea31f853b4ee79e254d76de07adfbcf,29-612-000-000,40
Жирновский муниципальный район,1019,Жирновский муниципальный район,exact_24_month_x_6_category_value_fingerprint,0,True,1,VERIFIED_DATA_LINEAGE_MATCH,1019,357426e600619e58621edf8539347a1be412cacecac618765173a0d32b873544,18-612-000-000,34
Жуковский муниципальный район,1206,Жуковский муниципальный район,exact_24_month_x_6_category_value_fingerprint,0,True,1,VERIFIED_DATA_LINEAGE_MATCH,1206,2a1be5a3b55fc8a133d8248b9347c9119ac90df90d1a674569db7acb38c451a8,29-613-000-000,40
Забайкальский муниципальный район,581,Забайкальский муниципальный район,exact_24_month_x_6_category_value_fingerprint,0,True,1,VERIFIED_DATA_LINEAGE_MATCH,581,1647f863f0dd7c7be23874728ca2a384608740bea991407f300dbf6894d8308d,76-612-000-000,75
Завитинский муниципальный округ,874,Завитинский муниципальный округ,exact_24_month_x_6_category_value_fingerprint,0,True,1,VERIFIED_DATA_LINEAGE_MATCH,874,0496c2025ff1baa457f1367ec77a09bae186f2c6b567c3721b06fa751c1fa52c,10-521-000-000,28
Заволжский муниципальный район,1116,Заволжский муниципальный район,exact_24_month_x_6_category_value_fingerprint,0,True,1,VERIFIED_DATA_LINEAGE_MATCH,1116,fe12fdd68d68dae471af88618b4e8f01deba870da5bc6be7d0c81f908e02ff7b,24-605-000-000,37
Завьяловский муниципальный район,524,Завьяловский муниципальный район,exact_24_month_x_6_category_value_fingerprint,0,True,1,VERIFIED_DATA_LINEAGE_MATCH,524,f456c4ab5e0aab47ba94ddf1be987728d4a97af38145e6591e31a0d6fe5be953,01-611-000-000,22
Задонский муниципальный район,1419,Задонский муниципальный район,exact_24_month_x_6_category_value_fingerprint,0,True,1,VERIFIED_DATA_LINEAGE_MATCH,1419,7077e7f437af66ef89e55b8ee0512d78be836d04a14578a63c6e02859f5458ce,42-624-000-000,48
Заинский муниципальный район,374,Заинский муниципальный район,exact_24_month_x_6_category_value_fingerprint,0,True,1,VERIFIED_DATA_LINEAGE_MATCH,374,4c8f22495d9652540bde608e90d4523bd81d74eadd9d72d67cba5a09a8902dbc,92-627-000-000,16
Заларинский муниципальный район,1148,Заларинский муниципальный район,exact_24_month_x_6_category_value_fingerprint,0,True,1,VERIFIED_DATA_LINEAGE_MATCH,1148,4a6ade945a5cd2b8c274924acedfc95651bc27989f2f50cc1773d99e5890efbe,25-608-000-000,38
Залегощенский муниципальный район,1715,Залегощенский муниципальный район,exact_24_month_x_6_category_value_fingerprint,0,True,1,VERIFIED_DATA_LINEAGE_MATCH,1715,43bd0f77eb8d3f76e482e1182e00cdfd006294a3fd5696b21f1f2faac0032fe2,54-618-000-000,57
Залесовский муниципальный округ,525,Залесовский муниципальный округ,exact_24_month_x_6_category_value_fingerprint,0,True,1,VERIFIED_DATA_LINEAGE_MATCH,525,77b07765abb0717c24c2b2412c14c90e8767c86faae69d4ece12b7bebcd735ad,01-512-000-000,22
Заокский муниципальный район,2177,Заокский муниципальный район,exact_24_month_x_6_category_value_fingerprint,0,True,1,VERIFIED_DATA_LINEAGE_MATCH,2177,0d18190498e6612de5e55b29f2ddbf05e1f50b813ea754884ef47f18ad2254c4,70-622-000-000,71
Захаровский муниципальный район,1850,Захаровский муниципальный район,exact_24_month_x_6_category_value_fingerprint,0,True,1,VERIFIED_DATA_LINEAGE_MATCH,1850,c0f7c4ace101ec95ea9401e0be40ddc4d7cf25087b9f1b9bbd97a99f9425e5f0,61-604-000-000,62
Звениговский муниципальный район,274,Звениговский муниципальный район,exact_24_month_x_6_category_value_fingerprint,0,True,1,VERIFIED_DATA_LINEAGE_MATCH,274,f7b91f83e8089dbe981e2b6099bbdcef2c24dcf4fde21e84f04bfe6bdde25571,88-612-000-000,12
Звериноголовский муниципальный округ,1339,Звериноголовский муниципальный округ,exact_24_month_x_6_category_value_fingerprint,0,True,1,VERIFIED_DATA_LINEAGE_MATCH,1339,4e49d57e2cb43ba0997d3aeaa2c9946dc3ba10ab61034aee7e5dd1270ab7fcee,37-509-000-000,45
Здвинский муниципальный район,1607,Здвинский муниципальный район,exact_24_month_x_6_category_value_fingerprint,0,True,1,VERIFIED_DATA_LINEAGE_MATCH,1607,adf9aac5edac941ed3ec1a08463fcd718bc7920bd69928010e976a5ad3bf879e,50-613-000-000,54
Зейский муниципальный округ,875,Зейский муниципальный округ,exact_24_month_x_6_category_value_fingerprint,0,True,1,VERIFIED_DATA_LINEAGE_MATCH,875,4981ddb6687797f40949db541a72c5e026adbf421419fe30c7708d2b2cc64b5e,10-525-000-000,28
Зеленодольский муниципальный район,375,Зеленодольский муниципальный район,exact_24_month_x_6_category_value_fingerprint,0,True,1,VERIFIED_DATA_LINEAGE_MATCH,375,743abd9bf680fe1a15298e7b8692734644ac699ee77ece0c2b54b53bd349094e,92-628-000-000,16
Зеленчукский муниципальный район,198,Зеленчукский муниципальный район,exact_24_month_x_6_category_value_fingerprint,0,True,1,VERIFIED_DATA_LINEAGE_MATCH,198,3f78ab7ebdc161a70a96f2fe12c9b8dbcdc58c840b007d07424bb4dd4a1156fd,91-610-000-000,9
Земетчинский муниципальный район,1743,Земетчинский муниципальный район,exact_24_month_x_6_category_value_fingerprint,0,True,1,VERIFIED_DATA_LINEAGE_MATCH,1743,fadada42a652db533332964edf93728bb10a57efd67c56498f31736cc1af45f1,56-623-000-000,58
Зианчуринский муниципальный район,53,Зианчуринский муниципальный район,exact_24_month_x_6_category_value_fingerprint,0,True,1,VERIFIED_DATA_LINEAGE_MATCH,53,0f3b07e3a82cccc9c2ee05621e56aeb1858838c8fa499cb7c016a9182d238431,80-626-000-000,2
Зилаирский муниципальный район,54,Зилаирский муниципальный район,exact_24_month_x_6_category_value_fingerprint,0,True,1,VERIFIED_DATA_LINEAGE_MATCH,54,4617b2e7cec7403f7e388e6188a6e9af5a4d1147181e6aaaf4f4fe7172c280a8,80-627-000-000,2
Зиминский муниципальный район,1149,Зиминский муниципальный район,exact_24_month_x_6_category_value_fingerprint,0,True,1,VERIFIED_DATA_LINEAGE_MATCH,1149,baabe0c0f4778f6ada852e3d2ac4fb933b45e53c24e654a85c93f4c44d59e2ef,25-610-000-000,38
Змеиногорский муниципальный район,527,Змеиногорский муниципальный район,exact_24_month_x_6_category_value_fingerprint,0,True,1,VERIFIED_DATA_LINEAGE_MATCH,527,ab62fc1172cfab9d753536b3a7d1242a03076d8fc2c774c2e904491ae12b7dbb,01-614-000-000,22
Знаменский муниципальный округ,2081,Знаменский муниципальный округ,exact_24_month_x_6_category_value_fingerprint,0,True,1,VERIFIED_DATA_LINEAGE_MATCH,2081,971e4c972d4827750ffd5915b4533aa43252a8fa3a4011d81bf56b50033a14e2,68-506-000-000,68
Зональный муниципальный район,542,Зональный муниципальный район,exact_24_month_x_6_category_value_fingerprint,0,True,1,VERIFIED_DATA_LINEAGE_MATCH,542,5b708769a1c5408ec83a85580871b1d20c98d66cdeea13cfe986e3bbd1f5f40a,01-629-000-000,22
Зубово-Полянский муниципальный район,294,Зубово-Полянский муниципальный район,exact_24_month_x_6_category_value_fingerprint,0,True,1,VERIFIED_DATA_LINEAGE_MATCH,294,079e666359f879026dae1a658c1f04c8ef8a4b6d682892403b88efa527e1cd40,89-621-000-000,13
Зуевский муниципальный район,1272,Зуевский муниципальный район,exact_24_month_x_6_category_value_fingerprint,0,True,1,VERIFIED_DATA_LINEAGE_MATCH,1272,64fa00ce4d486743f54c78a3ac35e908b2a2dc9df025fc952eac12903e6f8daa,33-614-000-000,43
Зырянский муниципальный район,2152,Зырянский муниципальный район,exact_24_month_x_6_category_value_fingerprint,0,True,1,VERIFIED_DATA_LINEAGE_MATCH,2152,9f2ee696e692e6deeed0b04eb19ba2e79d49b07e01fc22541ee1159fe6d7423f,69-620-000-000,70
Ибресинский муниципальный округ,487,Ибресинский муниципальный округ,exact_24_month_x_6_category_value_fingerprint,0,True,1,VERIFIED_DATA_LINEAGE_MATCH,487,769ca6dba92a0d54392cf6299da9c4d9a59839785230c22f1b1257ee4a675ad0,97-513-000-000,21
Ивановский муниципальный округ,876,Ивановский муниципальный округ,exact_24_month_x_6_category_value_fingerprint,0,True,1,VERIFIED_DATA_LINEAGE_MATCH,876,1973773f89924e77baee24b19bca533dce2bec23c66b057e505a76c89c298214,10-528-000-000,28
Ивановский муниципальный район,1117,Ивановский муниципальный район,exact_24_month_x_6_category_value_fingerprint,0,True,1,VERIFIED_DATA_LINEAGE_MATCH,1117,e0d3aeb9a43219ae9d995ef8ebce0efe7e0b5402580f73743edfa589745fa750,24-607-000-000,37
Ивантеевский муниципальный район,1928,Ивантеевский муниципальный район,exact_24_month_x_6_category_value_fingerprint,0,True,1,VERIFIED_DATA_LINEAGE_MATCH,1928,0993675bba64fe0013b67f2098d49cb9097ea69f7b808c2ea2ffba00ae392ee0,63-619-000-000,64
Иглинский муниципальный район,55,Иглинский муниципальный район,exact_24_month_x_6_category_value_fingerprint,0,True,1,VERIFIED_DATA_LINEAGE_MATCH,55,9bcc3201f2fdccdb91b28b2a9ce351f8a2e9452f3a1d96cc4828cfec2fd50dad,80-628-000-000,2
Идринский муниципальный район,696,Идринский муниципальный район,exact_24_month_x_6_category_value_fingerprint,0,True,1,VERIFIED_DATA_LINEAGE_MATCH,696,8dcd0b3a033889c454efe8635e6c6853924a3bd2aacdea50b71441c3c1a8faba,04-617-000-000,24
Ижемский муниципальный район,230,Ижемский муниципальный район,exact_24_month_x_6_category_value_fingerprint,0,True,1,VERIFIED_DATA_LINEAGE_MATCH,230,2b3b70f7c63f5873e2797c0050330436c99fc2471413d03b85b8d939232b575a,87-604-000-000,11
Ижморский муниципальный округ,1242,Ижморский муниципальный округ,exact_24_month_x_6_category_value_fingerprint,0,True,1,VERIFIED_DATA_LINEAGE_MATCH,1242,a66c15ca2ae533531aafff82247870904e3f93b88d7e457c0f9907572382bc97,32-504-000-000,42
Измалковский муниципальный район,1420,Измалковский муниципальный район,exact_24_month_x_6_category_value_fingerprint,0,True,1,VERIFIED_DATA_LINEAGE_MATCH,1420,7a5a2c5a470ed025115f8b369bc02204eb3c0ea6142f571ba7f2ba14c4caad40,42-627-000-000,48
Износковский муниципальный район,1208,Износковский муниципальный район,exact_24_month_x_6_category_value_fingerprint,0,True,1,VERIFIED_DATA_LINEAGE_MATCH,1208,35352dd29a123d1049b1a7f5d436dd28f4e8939bf12899f31dab41de001b7b8d,29-615-000-000,40
Изобильненский муниципальный округ,814,Изобильненский муниципальный округ,exact_24_month_x_6_category_value_fingerprint,0,True,1,VERIFIED_DATA_LINEAGE_MATCH,814,7f1065d4e86bb792f73b589eebfb293d6b522093d5d95e6cdd910f7b7aa55b00,07-520-000-000,26
Икрянинский муниципальный район,923,Икрянинский муниципальный район,exact_24_month_x_6_category_value_fingerprint,0,True,1,VERIFIED_DATA_LINEAGE_MATCH,923,94ac4eea8c5b3252f92dbe0a8b1560ec031203a3e8a82185fd277ffcbac10f9e,12-620-000-000,30
Иланский муниципальный район,697,Иланский муниципальный район,exact_24_month_x_6_category_value_fingerprint,0,True,1,VERIFIED_DATA_LINEAGE_MATCH,697,e4b871e2771ea475c4461ec4de28333383d6029d0642b6af4ef262eb54823d5e,04-618-000-000,24
Илекский муниципальный район,1687,Илекский муниципальный район,exact_24_month_x_6_category_value_fingerprint,0,True,1,VERIFIED_DATA_LINEAGE_MATCH,1687,bacec805c932dafedde6acc83f871fb718c10a08dcdfc9ba578f59757ef905f2,53-619-000-000,56
Илишевский муниципальный район,56,Илишевский муниципальный район,exact_24_month_x_6_category_value_fingerprint,0,True,1,VERIFIED_DATA_LINEAGE_MATCH,56,e4c197082a30dc5196d9ae4d822c543fab04733141b0a66d14d6d3f83a1f6dab,80-630-000-000,2
Иловлинский муниципальный район,1020,Иловлинский муниципальный район,exact_24_month_x_6_category_value_fingerprint,0,True,1,VERIFIED_DATA_LINEAGE_MATCH,1020,6d95914daf7fa4bfcd4f612652388f17b9ced329ffceccfb0f03a73ff9ba37a1,18-614-000-000,34
Ильинский муниципальный район,1118,Ильинский муниципальный район,exact_24_month_x_6_category_value_fingerprint,0,True,1,VERIFIED_DATA_LINEAGE_MATCH,1118,4f322d86526b1fdf47d447fbb95488774671c192ac7a380fd63c29fbcdc2d718,24-609-000-000,37
Инжавинский муниципальный округ,2082,Инжавинский муниципальный округ,exact_24_month_x_6_category_value_fingerprint,0,True,1,VERIFIED_DATA_LINEAGE_MATCH,2082,f6bb9530960fbc07ef3651249b9691d20ffaa0e738a2b219523aee999897f1b4,68-508-000-000,68
Инзенский муниципальный район,2257,Инзенский муниципальный район,exact_24_month_x_6_category_value_fingerprint,0,True,1,VERIFIED_DATA_LINEAGE_MATCH,2257,c82188cc1ba7b702290e9f27892263eb92565856d6e46d0ee4157e67f2fd86d5,73-610-000-000,73
Инсарский муниципальный район,295,Инсарский муниципальный район,exact_24_month_x_6_category_value_fingerprint,0,True,1,VERIFIED_DATA_LINEAGE_MATCH,295,48be898f89ab80a0afad6456e3aa71b38d724622f0a8be314351ace9922ec3ca,89-624-000-000,13
Ипатовский муниципальный округ,815,Ипатовский муниципальный округ,exact_24_month_x_6_category_value_fingerprint,0,True,1,VERIFIED_DATA_LINEAGE_MATCH,815,28cb852f43f6047a7d3c467750486fa56fca492337c219fbb6a97d39d987e5c4,07-522-000-000,26
Ирафский муниципальный район,349,Ирафский муниципальный район,exact_24_month_x_6_category_value_fingerprint,0,True,1,VERIFIED_DATA_LINEAGE_MATCH,349,e3b2c9ac53b287a7b8d6337d79c77db75b02a7a67384f6fbb404d11795f384c3,90-620-000-000,15
Ирбейский муниципальный район,698,Ирбейский муниципальный район,exact_24_month_x_6_category_value_fingerprint,0,True,1,VERIFIED_DATA_LINEAGE_MATCH,698,ea93a17100462bccfca264f5ef53e23c60bcd76edd5589a7448cd0750aa7357a,04-619-000-000,24
Иркутский муниципальный район,1150,Иркутский муниципальный район,exact_24_month_x_6_category_value_fingerprint,0,True,1,VERIFIED_DATA_LINEAGE_MATCH,1150,ba75918d77f901c56c5259abc02d7c870aded1796be4cb3494d5f5d488eb594e,25-612-000-000,38
Исаклинский муниципальный район,1892,Исаклинский муниципальный район,exact_24_month_x_6_category_value_fingerprint,0,True,1,VERIFIED_DATA_LINEAGE_MATCH,1892,d8cb03a568f1a0aca5e5110f00b5dcf84a24102589969a21dcbbede5d47543b5,36-616-000-000,63
Исетский муниципальный район,2202,Исетский муниципальный район,exact_24_month_x_6_category_value_fingerprint,0,True,1,VERIFIED_DATA_LINEAGE_MATCH,2202,8df4a82bf8f60f143adc2f95248c801f86ee1daa38860dc73b36609e6a937fe6,71-624-000-000,72
Исилькульский муниципальный район,1638,Исилькульский муниципальный район,exact_24_month_x_6_category_value_fingerprint,0,True,1,VERIFIED_DATA_LINEAGE_MATCH,1638,2a9c98d48918eff95b1cbe0cdd7c53f42f16df5c7df733a4b0460960e541d5c4,52-615-000-000,55
Искитимский муниципальный район,1608,Искитимский муниципальный район,exact_24_month_x_6_category_value_fingerprint,0,True,1,VERIFIED_DATA_LINEAGE_MATCH,1608,ebe3557d74ac8493e3c60578e3354045f634dbfce05925e29d436bd9dd704a19,50-615-000-000,54
Иссинский муниципальный район,1744,Иссинский муниципальный район,exact_24_month_x_6_category_value_fingerprint,0,True,1,VERIFIED_DATA_LINEAGE_MATCH,1744,0d770011ebe1affb68fafa3e508f80ce6a4219646f5362ce0190d1c332dd859e,56-626-000-000,58
Ичалковский муниципальный район,296,Ичалковский муниципальный район,exact_24_month_x_6_category_value_fingerprint,0,True,1,VERIFIED_DATA_LINEAGE_MATCH,296,dd78f1a6064cae4d8685601fb4b5a70caeede8acfb3aab2fcad6f8682f2ae58e,89-626-000-000,13
Ишимбайский муниципальный район,57,Ишимбайский муниципальный район,exact_24_month_x_6_category_value_fingerprint,0,True,1,VERIFIED_DATA_LINEAGE_MATCH,57,4b04a49e3b28756a3bb3786f9036e504aaa4954f64fad6ed1ae1a31c69d8937c,80-631-000-000,2
Ишимский муниципальный район,2203,Ишимский муниципальный район,exact_24_month_x_6_category_value_fingerprint,0,True,1,VERIFIED_DATA_LINEAGE_MATCH,2203,0cdff237c15e229180185d68dc6e2d23345019af84c24aa26aed6620862ffd0c,71-626-000-000,72
Каа-Хемский муниципальный район,404,Каа-Хемский муниципальный район,exact_24_month_x_6_category_value_fingerprint,0,True,1,VERIFIED_DATA_LINEAGE_MATCH,404,ea041cdbe2b2096528b01de2228893b4e2f9b4065a3eebe6f22dc03cf51a4e13,93-620-000-000,17
Кавалеровский муниципальный округ,789,Кавалеровский муниципальный округ,exact_24_month_x_6_category_value_fingerprint,0,True,1,VERIFIED_DATA_LINEAGE_MATCH,789,8c03ddc5b70201bcda149a6fd5953d5f9c622d09508eb69af6c408a0821036f7,05-510-000-000,25
Кадомский муниципальный район,1851,Кадомский муниципальный район,exact_24_month_x_6_category_value_fingerprint,0,True,1,VERIFIED_DATA_LINEAGE_MATCH,1851,1dc14fe18deb0ae61784ba74380ee5d519b6f52b473c7ff4f8958131758b4686,61-606-000-000,62
Кадошкинский муниципальный район,297,Кадошкинский муниципальный район,exact_24_month_x_6_category_value_fingerprint,0,True,1,VERIFIED_DATA_LINEAGE_MATCH,297,4d10db2e6c80b8619c5c86c627dee171b484d03d137719e56e27e4fe1d04827a,89-628-000-000,13
Кадуйский муниципальный округ,1057,Кадуйский муниципальный округ,exact_24_month_x_6_category_value_fingerprint,0,True,1,VERIFIED_DATA_LINEAGE_MATCH,1057,3a67af845daa3a4b2930d5256480d770ea57ba14a73783cc09bbda6aebb1938c,19-526-000-000,35
Кадыйский муниципальный район,1313,Кадыйский муниципальный район,exact_24_month_x_6_category_value_fingerprint,0,True,1,VERIFIED_DATA_LINEAGE_MATCH,1313,c152cfd447ef14ea04a29ccd020c66f7eef9ae97fd57583f814b63dc4dcb4e23,34-610-000-000,44
Казанский муниципальный район,2204,Казанский муниципальный район,exact_24_month_x_6_category_value_fingerprint,0,True,1,VERIFIED_DATA_LINEAGE_MATCH,2204,25bbd9caf65963b47e87f4a6c5c99f7a6b8190add8e06b31f86a74ffd0e7be15,71-630-000-000,72
Казачинский муниципальный район,699,Казачинский муниципальный район,exact_24_month_x_6_category_value_fingerprint,0,True,1,VERIFIED_DATA_LINEAGE_MATCH,699,948ed4bdfc494d55b6a6c6dcf458f744ee6d4f4f6ca201e12a2e3d11d5a4ebb3,04-620-000-000,24
Казачинско-Ленский муниципальный район,1151,Казачинско-Ленский муниципальный район,exact_24_month_x_6_category_value_fingerprint,0,True,1,VERIFIED_DATA_LINEAGE_MATCH,1151,bd42e1716f53c6e7859bbeb22c562bd77f204e8ac748495cf680efafeecf0f58,25-614-000-000,38
Кайбицкий муниципальный район,376,Кайбицкий муниципальный район,exact_24_month_x_6_category_value_fingerprint,0,True,1,VERIFIED_DATA_LINEAGE_MATCH,376,70bbc798e022ad88b3858657fd682f559b70699b60853137b6f4072834821e80,92-629-000-000,16
Каларский муниципальный округ,582,Каларский муниципальный округ,exact_24_month_x_6_category_value_fingerprint,0,True,1,VERIFIED_DATA_LINEAGE_MATCH,582,fe83cdd3d3b189bf0f288206a0266a46cc772b822805610a6954fd7f1e9c4110,76-515-000-000,75
Калачевский муниципальный район,1021,Калачевский муниципальный район,exact_24_month_x_6_category_value_fingerprint,0,True,1,VERIFIED_DATA_LINEAGE_MATCH,1021,582fc8862bffa582a15bf8a2b0d371a649e693a050f5a2c4c8843f71a5522ea0,18-616-000-000,34
Калачинский муниципальный район,1639,Калачинский муниципальный район,exact_24_month_x_6_category_value_fingerprint,0,True,1,VERIFIED_DATA_LINEAGE_MATCH,1639,0b5829975cc127d167e25019662f909bb84ca4270b8c82a4cfcb0c43a9f2073d,52-618-000-000,55
Калганский муниципальный округ,583,Калганский муниципальный округ,exact_24_month_x_6_category_value_fingerprint,0,True,1,VERIFIED_DATA_LINEAGE_MATCH,583,94d2735a884cb9203cbf1415c48e6b15b7fc4a8ebade4358ffdffafba4c1dd6b,76-518-000-000,75
Калевальский муниципальный район,209,Калевальский муниципальный район,exact_24_month_x_6_category_value_fingerprint,0,True,1,VERIFIED_DATA_LINEAGE_MATCH,209,066deeb7b40cb872df3c180430a7d3ef27821565e596d7928a392370ee8e0d18,86-609-000-000,10
Калининский муниципальный район,1929,Калининский муниципальный район,exact_24_month_x_6_category_value_fingerprint,0,True,1,VERIFIED_DATA_LINEAGE_MATCH,1929,1ef9e6217cf7e84a23376301835131092e59900e3aaa1c1d444e4af5a7e6aee8,63-621-000-000,64
Калманский муниципальный район,528,Калманский муниципальный район,exact_24_month_x_6_category_value_fingerprint,0,True,1,VERIFIED_DATA_LINEAGE_MATCH,528,ea7b9721b53100bb7f848f6473d5a5ebd1fdb758fa5e888b39a150bbb7de0ad7,01-615-000-000,22
Калтасинский муниципальный район,58,Калтасинский муниципальный район,exact_24_month_x_6_category_value_fingerprint,0,True,1,VERIFIED_DATA_LINEAGE_MATCH,58,afdf6c9862fae8e7379a045a89d097c0201e8c8ba2fbf1367ef474c0dc450187,80-633-000-000,2
Камешкирский муниципальный район,1746,Камешкирский муниципальный район,exact_24_month_x_6_category_value_fingerprint,0,True,1,VERIFIED_DATA_LINEAGE_MATCH,1746,e21c6cdae64d606600d5a475637813e5393d69bb6bc8d05c06fe306fb854eb18,56-631-000-000,58
Камешковский муниципальный район,995,Камешковский муниципальный район,exact_24_month_x_6_category_value_fingerprint,0,True,1,VERIFIED_DATA_LINEAGE_MATCH,995,15a70dfc25852d3fdcc86d439ae1dabde8a74c871fe47b9a569cb68e487ef8b6,17-625-000-000,33
Камско-Устьинский муниципальный район,377,Камско-Устьинский муниципальный район,exact_24_month_x_6_category_value_fingerprint,0,True,1,VERIFIED_DATA_LINEAGE_MATCH,377,e8443aa1dfd27f15d3c0ed068e23d2dec28a51b171b76a53f1fed573f88a28d8,92-630-000-000,16
Камызякский муниципальный район,924,Камызякский муниципальный район,exact_24_month_x_6_category_value_fingerprint,0,True,1,VERIFIED_DATA_LINEAGE_MATCH,924,54cf8fb85ba655c16e16899a4adec595d1d39d75b023311010f97aedcaefacd6,12-625-000-000,30
Камышлинский муниципальный район,1893,Камышлинский муниципальный район,exact_24_month_x_6_category_value_fingerprint,0,True,1,VERIFIED_DATA_LINEAGE_MATCH,1893,05590cf6e91dcaaaadb7ad564f275ec12f7192427dfa3c79eae3b7bd275bb396,36-617-000-000,63
Камышловский муниципальный район,2040,Камышловский муниципальный район,exact_24_month_x_6_category_value_fingerprint,0,True,1,VERIFIED_DATA_LINEAGE_MATCH,2040,484aa343b6c5cc28072484f00ecee10f18418c25336b37efa074e83e34681422,65-623-000-000,66
Кандалакшский муниципальный район,1518,Кандалакшский муниципальный район,exact_24_month_x_6_category_value_fingerprint,0,True,1,VERIFIED_DATA_LINEAGE_MATCH,1518,fa4e3b6d0c11c89360e4d7bcc2c4e020570f06fed895076f5c509a79dae57b86,47-608-000-000,51
Карагинский муниципальный район,618,Карагинский муниципальный район,exact_24_month_x_6_category_value_fingerprint,0,True,1,VERIFIED_DATA_LINEAGE_MATCH,618,75fb54e4d0251f03551ee74c92a8aa359816cb64517e54249d188200369c6166,30-824-000-000,41
Караидельский муниципальный район,59,Караидельский муниципальный район,exact_24_month_x_6_category_value_fingerprint,0,True,1,VERIFIED_DATA_LINEAGE_MATCH,59,8246eace4d2fef70cfd549c48138bb9429e5823d5dfbe311d52dee55f81f24d9,80-634-000-000,2
Карасукский муниципальный район,1609,Карасукский муниципальный район,exact_24_month_x_6_category_value_fingerprint,0,True,1,VERIFIED_DATA_LINEAGE_MATCH,1609,4e34aca596ab26122683a83d350a417a21621b4642f95b1e71ec67857cffba93,50-617-000-000,54
Каратузский муниципальный район,701,Каратузский муниципальный район,exact_24_month_x_6_category_value_fingerprint,0,True,1,VERIFIED_DATA_LINEAGE_MATCH,701,57b293af07baa32a2834e643b5115e12bc56c7e046eca640110ea4242816025b,04-622-000-000,24
Каргапольский муниципальный округ,1340,Каргапольский муниципальный округ,exact_24_month_x_6_category_value_fingerprint,0,True,1,VERIFIED_DATA_LINEAGE_MATCH,1340,0290c5cbcc373278eb15feb8eaed5dcaa795eea4f7e8dabf8a0ffdd49b522b5b,37-510-000-000,45
Каргасокский муниципальный район,2153,Каргасокский муниципальный район,exact_24_month_x_6_category_value_fingerprint,0,True,1,VERIFIED_DATA_LINEAGE_MATCH,2153,334decf94de84d4ef7884cd84298e84ff21608816ad6226e06da18c7a231acfe,69-624-000-000,70
Каргатский муниципальный район,1610,Каргатский муниципальный район,exact_24_month_x_6_category_value_fingerprint,0,True,1,VERIFIED_DATA_LINEAGE_MATCH,1610,403f0e17e38f9b816ffa28f9f5a4f48451aa7017c62365593a896fe3ce2fd63d,50-619-000-000,54
Кардымовский муниципальный район,2055,Кардымовский муниципальный район,exact_24_month_x_6_category_value_fingerprint,0,True,1,VERIFIED_DATA_LINEAGE_MATCH,2055,4ca2718be133d8738823488097d7da3f27ea8a223fc1609618d2b61a80b0d70c,66-623-000-000,67
Кармаскалинский муниципальный район,60,Кармаскалинский муниципальный район,exact_24_month_x_6_category_value_fingerprint,0,True,1,VERIFIED_DATA_LINEAGE_MATCH,60,5b7871da2b71440042c7bc7f297cee970074cb2a20333c9db5bb79a43448043c,80-635-000-000,2
Карсунский муниципальный район,2258,Карсунский муниципальный район,exact_24_month_x_6_category_value_fingerprint,0,True,1,VERIFIED_DATA_LINEAGE_MATCH,2258,7d5722468d7af57a63f0a4931079fa535a6b0d7abb16fa3ad13921b65fa69c71,73-614-000-000,73
Карталинский муниципальный район,2299,Карталинский муниципальный район,exact_24_month_x_6_category_value_fingerprint,0,True,1,VERIFIED_DATA_LINEAGE_MATCH,2299,a1149165b79e7eb80120e0ae35d4adf420b27c4b966fc9643ce50bb6d400ac8b,75-623-000-000,74
Карымский муниципальный район,584,Карымский муниципальный район,exact_24_month_x_6_category_value_fingerprint,0,True,1,VERIFIED_DATA_LINEAGE_MATCH,584,06ff472e116ec7f25d5c7ddd1baf980d8154a771eacd62c3b6dc4c1aa711fd62,76-620-000-000,75
Касимовский муниципальный район,1852,Касимовский муниципальный район,exact_24_month_x_6_category_value_fingerprint,0,True,1,VERIFIED_DATA_LINEAGE_MATCH,1852,d679ec75952ff309e8d914cfb52ba06b66b33931e0a894ba3cc83debe07427da,61-608-000-000,62
Каслинский муниципальный район,2300,Каслинский муниципальный район,exact_24_month_x_6_category_value_fingerprint,0,True,1,VERIFIED_DATA_LINEAGE_MATCH,2300,541af7417f7bc29c9cb048816dab4af99c9eb00807fdc5f882c607ce95894d4e,75-626-000-000,74
Катав-Ивановский муниципальный район,2301,Катав-Ивановский муниципальный район,exact_24_month_x_6_category_value_fingerprint,0,True,1,VERIFIED_DATA_LINEAGE_MATCH,2301,4952a5e6113d5bb828a2413106a8e522e31f28442c16ad5269eaedac9d9c63e2,75-629-000-000,74
Катайский муниципальный округ,1341,Катайский муниципальный округ,exact_24_month_x_6_category_value_fingerprint,0,True,1,VERIFIED_DATA_LINEAGE_MATCH,1341,077659955b8aeb224e94a6fe10344a7357bea77c39a9fc27180650f5c4617ee0,37-512-000-000,45
Катангский муниципальный район,1152,Катангский муниципальный район,exact_24_month_x_6_category_value_fingerprint,0,True,1,VERIFIED_DATA_LINEAGE_MATCH,1152,b133d3ec8c1814ec567e960fd9e0361eb60788fb2d83f804c0b66bcc2f7dc02f,25-616-000-000,38
Качугский муниципальный район,1153,Качугский муниципальный район,exact_24_month_x_6_category_value_fingerprint,0,True,1,VERIFIED_DATA_LINEAGE_MATCH,1153,8ef96c506e1db7e83900e4d116c0a5b6a5efb51f700101b846b2d53ea52bf07c,25-618-000-000,38
Кваркенский муниципальный район,1688,Кваркенский муниципальный район,exact_24_month_x_6_category_value_fingerprint,0,True,1,VERIFIED_DATA_LINEAGE_MATCH,1688,0b31fffa8a1aed7bad52b4b27bb0de32be089c9388f9f8aee04fc7f73fe57fc9,53-622-000-000,56
Кежемский муниципальный район,702,Кежемский муниципальный район,exact_24_month_x_6_category_value_fingerprint,0,True,1,VERIFIED_DATA_LINEAGE_MATCH,702,2b8f9ca8beede36deb1200b3359350cf93e6b91eacebef841cbfc0eb8de0ce33,04-624-000-000,24
Кемеровский муниципальный округ,1243,Кемеровский муниципальный округ,exact_24_month_x_6_category_value_fingerprint,0,True,1,VERIFIED_DATA_LINEAGE_MATCH,1243,a6ab5c906cd406ce44556bc2787ec5592c5d9465fbd7d92cd66712cd86288986,32-507-000-000,42
Кемский муниципальный район,210,Кемский муниципальный район,exact_24_month_x_6_category_value_fingerprint,0,True,1,VERIFIED_DATA_LINEAGE_MATCH,210,2e3d0a15722288d80b15fedd6b79d1802c38f824cd3805334048e840582f1c88,86-612-000-000,10
Кигинский муниципальный район,61,Кигинский муниципальный район,exact_24_month_x_6_category_value_fingerprint,0,True,1,VERIFIED_DATA_LINEAGE_MATCH,61,bbbed51face6ecfce6545092d3921b87771d01c5d7893afa3ee66157c6b70a27,80-636-000-000,2
Кизильский муниципальный район,2302,Кизильский муниципальный район,exact_24_month_x_6_category_value_fingerprint,0,True,1,VERIFIED_DATA_LINEAGE_MATCH,2302,9eb59ae08b2644f11ef0a41af70832b734d11f5e19bc349ea54e1cc427b413b8,75-632-000-000,74
Киквидзенский муниципальный район,1023,Киквидзенский муниципальный район,exact_24_month_x_6_category_value_fingerprint,0,True,1,VERIFIED_DATA_LINEAGE_MATCH,1023,f2ebc40afd01a47b12a4df5b0bf076ec6372ebdaee6a5e7517faa356ef4c9807,18-620-000-000,34
Килемарский муниципальный район,275,Килемарский муниципальный район,exact_24_month_x_6_category_value_fingerprint,0,True,1,VERIFIED_DATA_LINEAGE_MATCH,275,e0df02a4c7a4f9ca5f9e015b67f3422d66a973623fdd86075feb93acc29e727e,88-616-000-000,12
Кильмезский муниципальный район,1274,Кильмезский муниципальный район,exact_24_month_x_6_category_value_fingerprint,0,True,1,VERIFIED_DATA_LINEAGE_MATCH,1274,2ada557dd1aa9d3d40e6b7bfc854559b7b122758a689b50b917d2df2f4106304,33-617-000-000,43
Кимовский муниципальный район,2179,Кимовский муниципальный район,exact_24_month_x_6_category_value_fingerprint,0,True,1,VERIFIED_DATA_LINEAGE_MATCH,2179,18613bf9ef437f402731e02211a129580e1b4e2c80375e043ede371e823998d8,70-626-000-000,71
Кингисеппский муниципальный район,1398,Кингисеппский муниципальный район,exact_24_month_x_6_category_value_fingerprint,0,True,1,VERIFIED_DATA_LINEAGE_MATCH,1398,692aee0a9abfbef0ac4cd44c5236581672ab6285f8709492eff3041cd6811c8b,41-621-000-000,47
Кинель-Черкасский муниципальный район,1895,Кинель-Черкасский муниципальный район,exact_24_month_x_6_category_value_fingerprint,0,True,1,VERIFIED_DATA_LINEAGE_MATCH,1895,37e25371f8ccf8ab69aba877467fe8c6fcd211af4cd0623c839edcc584da8929,36-620-000-000,63
Кинельский муниципальный район,1894,Кинельский муниципальный район,exact_24_month_x_6_category_value_fingerprint,0,True,1,VERIFIED_DATA_LINEAGE_MATCH,1894,71e8c4e11816e0724eb67a876f7822d7112db9546b53c17a248c96f7a23ea2c6,36-618-000-000,63
Кинешемский муниципальный район,1119,Кинешемский муниципальный район,exact_24_month_x_6_category_value_fingerprint,0,True,1,VERIFIED_DATA_LINEAGE_MATCH,1119,6a50a82d0f0e2598b7e41b439e027e48b1d87e5850af396c7be532d323d33728,24-611-000-000,37
Киреевский муниципальный район,2180,Киреевский муниципальный район,exact_24_month_x_6_category_value_fingerprint,0,True,1,VERIFIED_DATA_LINEAGE_MATCH,2180,c859f06af0453d2aa7ca643469669a22336f1b5881cbb4a3ec7b0fd00189cb1b,70-628-000-000,71
Киренский муниципальный район,1154,Киренский муниципальный район,exact_24_month_x_6_category_value_fingerprint,0,True,1,VERIFIED_DATA_LINEAGE_MATCH,1154,53969a11094ce5c02ac6507e196ab781c5c2372d8248e4d66bbf84782e89a862,25-620-000-000,38
Киржачский муниципальный район,996,Киржачский муниципальный район,exact_24_month_x_6_category_value_fingerprint,0,True,1,VERIFIED_DATA_LINEAGE_MATCH,996,7a6449384262329358574c67ca72df2bb335c4bbf62d547408febfe06f368c16,17-630-000-000,33
Кирилловский муниципальный округ,1058,Кирилловский муниципальный округ,exact_24_month_x_6_category_value_fingerprint,0,True,1,VERIFIED_DATA_LINEAGE_MATCH,1058,ae169bb8034348b1a149ffa0b6203f2e5a2309912df9f506142d72848836fe83,19-528-000-000,35
Киришский муниципальный район,1399,Киришский муниципальный район,exact_24_month_x_6_category_value_fingerprint,0,True,1,VERIFIED_DATA_LINEAGE_MATCH,1399,35a69fc02689c046fead5ae2c06ac533b2bccbb1067af9c3d0a980d2c792ac1e,41-624-000-000,47
Кирово-Чепецкий муниципальный район,1275,Кирово-Чепецкий муниципальный район,exact_24_month_x_6_category_value_fingerprint,0,True,1,VERIFIED_DATA_LINEAGE_MATCH,1275,c4cb4d425c42d3913b96e39f239939cbc63a3cad05436029edbc54bf2e1556eb,33-618-000-000,43
Кировский муниципальный округ,817,Кировский муниципальный округ,exact_24_month_x_6_category_value_fingerprint,0,True,1,VERIFIED_DATA_LINEAGE_MATCH,817,d18fc1bdd898339aaae590cc8d3f54ae7c72fb952ece123b726c663c266e9ba7,07-525-000-000,26
Кичменгско-Городецкий муниципальный округ,1059,Кичменгско-Городецкий муниципальный округ,exact_24_month_x_6_category_value_fingerprint,0,True,1,VERIFIED_DATA_LINEAGE_MATCH,1059,3f1ffb928695542446c27540d20f0445fef848e04bb4598431af535bbd5096cb,19-530-000-000,35
Клепиковский муниципальный район,1853,Клепиковский муниципальный район,exact_24_month_x_6_category_value_fingerprint,0,True,1,VERIFIED_DATA_LINEAGE_MATCH,1853,9b2eaa814f0177cc2ea30d651aff0126e5c067db97c6c2f95fa380aac873374c,61-610-000-000,62
Клетский муниципальный район,1024,Клетский муниципальный район,exact_24_month_x_6_category_value_fingerprint,0,True,1,VERIFIED_DATA_LINEAGE_MATCH,1024,db0567295c0a2a4a8f7d84e41290cd7ec18b842b44eee347baafaceb74c65d1b,18-622-000-000,34
Ключевский муниципальный район,530,Ключевский муниципальный район,exact_24_month_x_6_category_value_fingerprint,0,True,1,VERIFIED_DATA_LINEAGE_MATCH,530,0673944893a6990157244294c8ce5533e6e4651d68dc8310c5b90ae93a023958,01-617-000-000,22
Клявлинский муниципальный район,1896,Клявлинский муниципальный район,exact_24_month_x_6_category_value_fingerprint,0,True,1,VERIFIED_DATA_LINEAGE_MATCH,1896,17d9df3d78a70e4aa588acc6d122ad6ffaa27accdfe862444eb24871cb72eb57,36-622-000-000,63
Княгининский муниципальный округ,1556,Княгининский муниципальный округ,exact_24_month_x_6_category_value_fingerprint,0,True,1,VERIFIED_DATA_LINEAGE_MATCH,1556,823d6e4478ba690b5de8f23b6b57af556bc9b8853d9ddb282587491094228c57,22-533-000-000,52
Княжпогостский муниципальный район,231,Княжпогостский муниципальный район,exact_24_month_x_6_category_value_fingerprint,0,True,1,VERIFIED_DATA_LINEAGE_MATCH,231,b99403c9eef5f8ecca58d22113b32b6b28c445e75ead23e4bc5c0d6b1e9ea10e,87-608-000-000,11
Кобяйский муниципальный район,323,Кобяйский муниципальный район,exact_24_month_x_6_category_value_fingerprint,0,True,1,VERIFIED_DATA_LINEAGE_MATCH,323,b4f82b1217483a2041f964e3a209ebad977746cf8d50bcf8266501ffc2c1c801,98-624-000-000,14
Ковдорский муниципальный округ,1512,Ковдорский муниципальный округ,exact_24_month_x_6_category_value_fingerprint,0,True,1,VERIFIED_DATA_LINEAGE_MATCH,1512,4a4b0255fec1425dc4c0c0d89313ba4c440937a2e005b0b7886f2161d6d6723e,47-517-000-000,51
Ковернинский муниципальный округ,1557,Ковернинский муниципальный округ,exact_24_month_x_6_category_value_fingerprint,0,True,1,VERIFIED_DATA_LINEAGE_MATCH,1557,366c5358e739cf592e679f21d1fc41640ca387d2686c62ade52103921c1916f6,22-534-000-000,52
Ковылкинский муниципальный район,298,Ковылкинский муниципальный район,exact_24_month_x_6_category_value_fingerprint,0,True,1,VERIFIED_DATA_LINEAGE_MATCH,298,d7316243b60581783b75e86743baf08e49df8ac302b08d977593ae8a5158d498,89-629-000-000,13
Кожевниковский муниципальный район,2154,Кожевниковский муниципальный район,exact_24_month_x_6_category_value_fingerprint,0,True,1,VERIFIED_DATA_LINEAGE_MATCH,2154,4ff8431e174af303ae74fec614cd8f5e85b42a1d6cef50abbaaf35fe6cdb10e1,69-628-000-000,70
Козельский муниципальный район,1209,Козельский муниципальный район,exact_24_month_x_6_category_value_fingerprint,0,True,1,VERIFIED_DATA_LINEAGE_MATCH,1209,445767902231b326a7c3c2947d148c884a9fd03c3002ae60def1a2f4375d4bc7,29-616-000-000,40
Козловский муниципальный округ,489,Козловский муниципальный округ,exact_24_month_x_6_category_value_fingerprint,0,True,1,VERIFIED_DATA_LINEAGE_MATCH,489,5d7c9b0566e47497f94bb256ce98189d2933f6dbdda3cfa8a78e207cac64ad3e,97-519-000-000,21
Козульский муниципальный район,703,Козульский муниципальный район,exact_24_month_x_6_category_value_fingerprint,0,True,1,VERIFIED_DATA_LINEAGE_MATCH,703,8eb83125fc3a5b5122599b12a5ad9edecf13c5e70805dc4945c8f3e08a1d14cf,04-626-000-000,24
Койгородский муниципальный район,232,Койгородский муниципальный район,exact_24_month_x_6_category_value_fingerprint,0,True,1,VERIFIED_DATA_LINEAGE_MATCH,232,467373991fbf0bdbb44065856c1cb581f535dd6f0f81edab4d9c29fb6be4fa73,87-612-000-000,11
Кологривский муниципальный округ,1314,Кологривский муниципальный округ,exact_24_month_x_6_category_value_fingerprint,0,True,1,VERIFIED_DATA_LINEAGE_MATCH,1314,6bd1d9074e763e2f762070443439f5c60fe81b7a265dde1a6d01aa3b7701d977,34-512-000-000,44
Колосовский муниципальный район,1640,Колосовский муниципальный район,exact_24_month_x_6_category_value_fingerprint,0,True,1,VERIFIED_DATA_LINEAGE_MATCH,1640,1cbcfbcee1399011d0f4b3dd8c1e566daa2afb463855fca78e716241dca0f2c2,52-621-000-000,55
Колпашевский муниципальный район,2155,Колпашевский муниципальный район,exact_24_month_x_6_category_value_fingerprint,0,True,1,VERIFIED_DATA_LINEAGE_MATCH,2155,371e0c5e02fa418eb3258b463914f587fd6ce0e8995c162eebc6f556c00f41d9,69-632-000-000,70
Колпнянский муниципальный район,1717,Колпнянский муниципальный район,exact_24_month_x_6_category_value_fingerprint,0,True,1,VERIFIED_DATA_LINEAGE_MATCH,1717,7372be8cd48266a57d709fb3030f0274236bd9fbf22db291c67228f878b2c1a3,54-623-000-000,57
Колыванский муниципальный район,1611,Колыванский муниципальный район,exact_24_month_x_6_category_value_fingerprint,0,True,1,VERIFIED_DATA_LINEAGE_MATCH,1611,1bb4edc1d5f546b904caed396bef3a300d0c3128ab56d0bf6402f24b52350916,50-621-000-000,54
Колышлейский муниципальный район,1747,Колышлейский муниципальный район,exact_24_month_x_6_category_value_fingerprint,0,True,1,VERIFIED_DATA_LINEAGE_MATCH,1747,f5c402e7db1367917820c3117e7367b94df80bca7d55df6e5828c93e5c915e45,56-633-000-000,58
Кольский муниципальный район,1519,Кольский муниципальный район,exact_24_month_x_6_category_value_fingerprint,0,True,1,VERIFIED_DATA_LINEAGE_MATCH,1519,4fe56a6f173f209938f8683d89faf4a7c9b12b9bd0714710d1a82cb27539b807,47-605-000-000,51
Кольчугинский муниципальный район,998,Кольчугинский муниципальный район,exact_24_month_x_6_category_value_fingerprint,0,True,1,VERIFIED_DATA_LINEAGE_MATCH,998,c51548beda8d37d7bb2323670ca583a2e022c7d9c69e6b7fd6ab5e3962187e0a,17-640-000-000,33
Комсомольский муниципальный округ,490,Комсомольский муниципальный округ,exact_24_month_x_6_category_value_fingerprint,0,True,1,VERIFIED_DATA_LINEAGE_MATCH,490,175ede1835c0e583b6118dabf5c8f5015a93c4647e9c3fb991a83e210707ed77,97-521-000-000,21
Кондинский муниципальный район,2231,Кондинский муниципальный район,exact_24_month_x_6_category_value_fingerprint,0,True,1,VERIFIED_DATA_LINEAGE_MATCH,2231,665c372e010a0d824f334539cd380785cce2cdd694ddb5c4d62a4c98822179e7,71-816-000-000,86
Кондопожский муниципальный район,211,Кондопожский муниципальный район,exact_24_month_x_6_category_value_fingerprint,0,True,1,VERIFIED_DATA_LINEAGE_MATCH,211,9239401f519795b9ed7a7dfc73936f2d34df525485bd96a6e88af9705dce3240,86-615-000-000,10
Коношский муниципальный район,902,Коношский муниципальный район,exact_24_month_x_6_category_value_fingerprint,0,True,1,VERIFIED_DATA_LINEAGE_MATCH,902,c0fd3c4a9275384b3d1f78a1df040dff476c6ae915a37651d864bb974ea3eddd,11-622-000-000,29
Константиновский муниципальный район,877,Константиновский муниципальный район,exact_24_month_x_6_category_value_fingerprint,0,True,1,VERIFIED_DATA_LINEAGE_MATCH,877,ab4d6649e5833f37e737774a9c5412ec4c54d8397bc34318911802e63bcff1f5,10-630-000-000,28
Кораблинский муниципальный район,1854,Кораблинский муниципальный район,exact_24_month_x_6_category_value_fingerprint,0,True,1,VERIFIED_DATA_LINEAGE_MATCH,1854,0e7b517dba0770bea3a64d7f12e58fcd1ca860332556aa262c2f7882b89796aa,61-612-000-000,62
Коркинский муниципальный округ,2303,Коркинский муниципальный округ,exact_24_month_x_6_category_value_fingerprint,0,True,1,VERIFIED_DATA_LINEAGE_MATCH,2303,0cd6836b977ff6f56cf488b68dba5a927f9aedfb61d370dab92fb6905b1d8e11,75-533-000-000,74
Кормиловский муниципальный район,1641,Кормиловский муниципальный район,exact_24_month_x_6_category_value_fingerprint,0,True,1,VERIFIED_DATA_LINEAGE_MATCH,1641,129aa295001d25301c74c5273c21755de99047c5dbd5d54ec902d5461cff788a,52-623-000-000,55
Корткеросский муниципальный район,233,Корткеросский муниципальный район,exact_24_month_x_6_category_value_fingerprint,0,True,1,VERIFIED_DATA_LINEAGE_MATCH,233,56b0b86abfd2c380af93a9fb371be54fb16c28a0d35651c97260bbf846421925,87-616-000-000,11
Косихинский муниципальный район,531,Косихинский муниципальный район,exact_24_month_x_6_category_value_fingerprint,0,True,1,VERIFIED_DATA_LINEAGE_MATCH,531,6115e43cd870b3c294d973c008e6376cc7b5bc085141d711f6dac7d87a31c97d,01-618-000-000,22
Костромской муниципальный район,1315,Костромской муниципальный район,exact_24_month_x_6_category_value_fingerprint,0,True,1,VERIFIED_DATA_LINEAGE_MATCH,1315,7ba906cf9e4d2bcc47781cb2254bf8662b7ace0059e57339e4fd63abb21cf6bb,34-614-000-000,44
Котельниковский муниципальный район,1025,Котельниковский муниципальный район,exact_24_month_x_6_category_value_fingerprint,0,True,1,VERIFIED_DATA_LINEAGE_MATCH,1025,4ce50b7ee2627e52174e69647a6500ae64b0aab07085f7676a77b48c9c274c6a,18-624-000-000,34
Котельничский муниципальный район,1276,Котельничский муниципальный район,exact_24_month_x_6_category_value_fingerprint,0,True,1,VERIFIED_DATA_LINEAGE_MATCH,1276,38e0c0bd1e13703618e6d033f3f1fda6d71d6ea0bbbb6fc2e116b893a2b37639,33-619-000-000,43
Котласский муниципальный округ,903,Котласский муниципальный округ,exact_24_month_x_6_category_value_fingerprint,0,True,1,VERIFIED_DATA_LINEAGE_MATCH,903,27096283c76f979704d04dad94ceddd161ead293801087bf136493c85925faa2,11-527-000-000,29
Котовский муниципальный район,1026,Котовский муниципальный район,exact_24_month_x_6_category_value_fingerprint,0,True,1,VERIFIED_DATA_LINEAGE_MATCH,1026,1dd83c7996fe96ef592b1e94b6163bd8024336f5cded4698a7fbb5fc0792cb58,18-626-000-000,34
Коченевский муниципальный район,1612,Коченевский муниципальный район,exact_24_month_x_6_category_value_fingerprint,0,True,1,VERIFIED_DATA_LINEAGE_MATCH,1612,fbecac4cecc38d773428401ec0e29bb1f388e73fccc8585896c661522a9572b7,50-623-000-000,54
Кочковский муниципальный район,1613,Кочковский муниципальный район,exact_24_month_x_6_category_value_fingerprint,0,True,1,VERIFIED_DATA_LINEAGE_MATCH,1613,25d419db15f335fd3d13c1d139f96cd2767c0508b265a0d3c93ac8a826c5ec58,50-625-000-000,54
Кочубеевский муниципальный округ,832,Кочубеевский муниципальный округ,exact_24_month_x_6_category_value_fingerprint,0,True,1,VERIFIED_DATA_LINEAGE_MATCH,832,42cd6139036ff6559261f7d9d09f18b7566db344a47ce79676ee5a3d3fdbbd2b,07-528-000-000,26
Кош-Агачский муниципальный район,11,Кош-Агачский муниципальный район,exact_24_month_x_6_category_value_fingerprint,0,True,1,VERIFIED_DATA_LINEAGE_MATCH,11,7b6e1e0024ce788332c63654cfaba90b4bc105cdbca3220c78647f18653617c3,84-610-000-000,4
Кошехабльский муниципальный район,4,Кошехабльский муниципальный район,exact_24_month_x_6_category_value_fingerprint,0,True,1,VERIFIED_DATA_LINEAGE_MATCH,4,26ffed0ee346a02b79b12c5d6e92a8dd69b7695262b1fb9c493e2b9623159f58,79-615-000-000,1
Кошкинский муниципальный район,1897,Кошкинский муниципальный район,exact_24_month_x_6_category_value_fingerprint,0,True,1,VERIFIED_DATA_LINEAGE_MATCH,1897,41dd410e227c27140cec79f91daeb6841b3aa3da634db5fe0396b60b2eae61b3,36-624-000-000,63
Крапивинский муниципальный округ,1244,Крапивинский муниципальный округ,exact_24_month_x_6_category_value_fingerprint,0,True,1,VERIFIED_DATA_LINEAGE_MATCH,1244,0503e76b569854cd9dec13b3ee5b6e8e6dda592e1c34fa9f9dfe0a345982b86c,32-510-000-000,42
Краснобаковский муниципальный округ,1558,Краснобаковский муниципальный округ,exact_24_month_x_6_category_value_fingerprint,0,True,1,VERIFIED_DATA_LINEAGE_MATCH,1558,b8f6754b90d3acfadcddbbad531db947c0dc0c0b7731f56b52c66b77474b5a46,22-535-000-000,52
Красноборский муниципальный округ,904,Красноборский муниципальный округ,exact_24_month_x_6_category_value_fingerprint,0,True,1,VERIFIED_DATA_LINEAGE_MATCH,904,b352b297b0c6e68c1a0c8d4df4ce329c444b651007348f615d087833d6e3e2ff,11-530-000-000,29
Красногвардейский муниципальный округ,833,Красногвардейский муниципальный округ,exact_24_month_x_6_category_value_fingerprint,0,True,1,VERIFIED_DATA_LINEAGE_MATCH,833,eaa83d2044f98d09193107f8109fb35e1a3ec7a6882b0c5e6abb15a77b5b332c,07-530-000-000,26
Красногорский муниципальный район,532,Красногорский муниципальный район,exact_24_month_x_6_category_value_fingerprint,0,True,1,VERIFIED_DATA_LINEAGE_MATCH,532,ff9f8ac37ef16033f7d4b3982937b3dae4254daf716b62bf169572eeb5d574c6,01-619-000-000,22
Краснозерский муниципальный район,1614,Краснозерский муниципальный район,exact_24_month_x_6_category_value_fingerprint,0,True,1,VERIFIED_DATA_LINEAGE_MATCH,1614,25d98bfa1df7bef892dcdeef8f2291df30eb64500e9740d0ad0967ed589b719e,50-627-000-000,54
Краснозоренский муниципальный район,1718,Краснозоренский муниципальный район,exact_24_month_x_6_category_value_fingerprint,0,True,1,VERIFIED_DATA_LINEAGE_MATCH,1718,ec6cf217d8b582f00dc47c87eb4c030f373d0a6bb8c5933193c8fb7362e72363,54-624-000-000,57
Краснокамский муниципальный район,62,Краснокамский муниципальный район,exact_24_month_x_6_category_value_fingerprint,0,True,1,VERIFIED_DATA_LINEAGE_MATCH,62,7179984370cbc82cc9feb1246f52dcc9cf3e8d1d9c48176facf93e3b64f15349,80-637-000-000,2
Краснокутский муниципальный район,1931,Краснокутский муниципальный район,exact_24_month_x_6_category_value_fingerprint,0,True,1,VERIFIED_DATA_LINEAGE_MATCH,1931,b5c77dc632a7ce8bc3fd5eea5a2aac312423367d0eac30376bff03deec35ca7f,63-623-000-000,64
Краснооктябрьский муниципальный округ,1559,Краснооктябрьский муниципальный округ,exact_24_month_x_6_category_value_fingerprint,0,True,1,VERIFIED_DATA_LINEAGE_MATCH,1559,c8c27abcf85e0ce9ffc27f5e4785773ac46d7017fb5c21c832a912bd4d3f1680,22-536-000-000,52
Краснопартизанский муниципальный район,1932,Краснопартизанский муниципальный район,exact_24_month_x_6_category_value_fingerprint,0,True,1,VERIFIED_DATA_LINEAGE_MATCH,1932,7a2aded8d2c4354d86ce3a37a1bdfff67b12d5ae3b7df197716659fce5bb7c59,63-624-000-000,64
Красносельский муниципальный район,1316,Красносельский муниципальный район,exact_24_month_x_6_category_value_fingerprint,0,True,1,VERIFIED_DATA_LINEAGE_MATCH,1316,861bff7756f30b1c159e7f27833be9abd1fb5de1e109197b9c800fb5eba8834f,34-616-000-000,44
Краснослободский муниципальный район,300,Краснослободский муниципальный район,exact_24_month_x_6_category_value_fingerprint,0,True,1,VERIFIED_DATA_LINEAGE_MATCH,300,d0809fa527f9c4b4b3760b15b85defd1a59fd9e884b49c15b42f4b13be1a1e6a,89-634-000-000,13
Краснотуранский муниципальный район,704,Краснотуранский муниципальный район,exact_24_month_x_6_category_value_fingerprint,0,True,1,VERIFIED_DATA_LINEAGE_MATCH,704,c72c5620c8fd51d0a781ab7eb90425c9bd1d9c985d1f9518ebbb34b299d1cc8a,04-628-000-000,24
Красночетайский муниципальный округ,492,Красночетайский муниципальный округ,exact_24_month_x_6_category_value_fingerprint,0,True,1,VERIFIED_DATA_LINEAGE_MATCH,492,33abf67d1809eca7cdd315029f887b1bddbeaff4cf531553122f89f504f6f79d,97-526-000-000,21
Красночикойский муниципальный район,586,Красночикойский муниципальный район,exact_24_month_x_6_category_value_fingerprint,0,True,1,VERIFIED_DATA_LINEAGE_MATCH,586,96bfd95f5e24229182277a89031f189189b3921282ac8eb112f64e13b4fc7b6f,76-622-000-000,75
Краснощёковский муниципальный район,533,Краснощёковский муниципальный район,exact_24_month_x_6_category_value_fingerprint,0,True,1,VERIFIED_DATA_LINEAGE_MATCH,533,11771a26f31cf4824adf7aba4314ab686f142e367c39906951462b625132cfec,01-620-000-000,22
Кривошеинский муниципальный район,2156,Кривошеинский муниципальный район,exact_24_month_x_6_category_value_fingerprint,0,True,1,VERIFIED_DATA_LINEAGE_MATCH,2156,5acd50517a020d1e6e975abed82e3514ed3abd7986bd4013b0ac1161e6c784e7,69-636-000-000,70
Кромской муниципальный район,1719,Кромской муниципальный район,exact_24_month_x_6_category_value_fingerprint,0,True,1,VERIFIED_DATA_LINEAGE_MATCH,1719,45bc57cb55f2244b0157970b68d999a4d1e56eda7dd8aa4f36b9012973cf51cd,54-625-000-000,57
Крутинский муниципальный район,1642,Крутинский муниципальный район,exact_24_month_x_6_category_value_fingerprint,0,True,1,VERIFIED_DATA_LINEAGE_MATCH,1642,3e7622593fdd427fff5dbb7ff21f00b5fcf7de0fe7a805a20f17a9727b7fe710,52-626-000-000,55
Крутихинский муниципальный район,534,Крутихинский муниципальный район,exact_24_month_x_6_category_value_fingerprint,0,True,1,VERIFIED_DATA_LINEAGE_MATCH,534,4aacbf242b7c7af1e0a13302d4d63ce210a460ce8d19cbf54edac04d7e0ca1bf,01-621-000-000,22
Кстовский муниципальный округ,1560,Кстовский муниципальный округ,exact_24_month_x_6_category_value_fingerprint,0,True,1,VERIFIED_DATA_LINEAGE_MATCH,1560,bc23a2799a9636a31a2a415e260f18057938eb7a015764715f34d9855dc3a61a,22-537-000-000,52
Кугарчинский муниципальный район,63,Кугарчинский муниципальный район,exact_24_month_x_6_category_value_fingerprint,0,True,1,VERIFIED_DATA_LINEAGE_MATCH,63,e802f5d5eeb9384f87d182e1297ef0969240d8bf2d05d0721251a546005f538e,80-638-000-000,2
Куженерский муниципальный район,276,Куженерский муниципальный район,exact_24_month_x_6_category_value_fingerprint,0,True,1,VERIFIED_DATA_LINEAGE_MATCH,276,2e97f9acfebb358ed0d114a031016a34d99c1d6c50c0b837b1bb9b3e76a37b07,88-620-000-000,12
Кузоватовский муниципальный район,2259,Кузоватовский муниципальный район,exact_24_month_x_6_category_value_fingerprint,0,True,1,VERIFIED_DATA_LINEAGE_MATCH,2259,09c72069de19ac82103635afb211aaa03ece9b1a2509883a00727ff80408be8b,73-616-000-000,73
Куйтунский муниципальный район,1155,Куйтунский муниципальный район,exact_24_month_x_6_category_value_fingerprint,0,True,1,VERIFIED_DATA_LINEAGE_MATCH,1155,8782625d60e0fe920f49baa954479f2b635055f7cbb2c223166d02ecd01f9c2e,25-622-000-000,38
Кукморский муниципальный район,378,Кукморский муниципальный район,exact_24_month_x_6_category_value_fingerprint,0,True,1,VERIFIED_DATA_LINEAGE_MATCH,378,3b2ab07e095f43c474623d6c88f3adf965145b7a94fa636d4cf1cd92f0a4c0c4,92-633-000-000,16
Кулундинский муниципальный район,535,Кулундинский муниципальный район,exact_24_month_x_6_category_value_fingerprint,0,True,1,VERIFIED_DATA_LINEAGE_MATCH,535,28097a1f766cbac751e2c707122f874d866736954145ca434375e7522ecf694e,01-622-000-000,22
Куменский муниципальный район,1277,Куменский муниципальный район,exact_24_month_x_6_category_value_fingerprint,0,True,1,VERIFIED_DATA_LINEAGE_MATCH,1277,b232e2c0c760775ae622885d153290f41a39a67dafc63a8a814312721670f155,33-620-000-000,43
Кумылженский муниципальный район,1027,Кумылженский муниципальный район,exact_24_month_x_6_category_value_fingerprint,0,True,1,VERIFIED_DATA_LINEAGE_MATCH,1027,ef7ba63fe162ece8cbb14e0395c4cbd228a43c3df8ebf7adf927a751cad6a2df,18-646-000-000,34
Кунашакский муниципальный район,2305,Кунашакский муниципальный район,exact_24_month_x_6_category_value_fingerprint,0,True,1,VERIFIED_DATA_LINEAGE_MATCH,2305,6a2fe9d2abc2050722ad05e9228afd218c0abaccf837fdd0e967cab4ec6664e3,75-636-000-000,74
Купинский муниципальный район,1616,Купинский муниципальный район,exact_24_month_x_6_category_value_fingerprint,0,True,1,VERIFIED_DATA_LINEAGE_MATCH,1616,dc9840e5dc4c85934fa56eb79fdd66d9475984cfd35c365d8dc723154113893e,50-632-000-000,54
Курагинский муниципальный район,705,Курагинский муниципальный район,exact_24_month_x_6_category_value_fingerprint,0,True,1,VERIFIED_DATA_LINEAGE_MATCH,705,aa09967f56501dc22dd520e33ddf29fa43c9207ca5a20c49dd1b9da3a6215977,04-630-000-000,24
Куркинский муниципальный район,2181,Куркинский муниципальный район,exact_24_month_x_6_category_value_fingerprint,0,True,1,VERIFIED_DATA_LINEAGE_MATCH,2181,ce005048bfd97e5482de3355f402057a9012e50e2f8fa84e235289e7aa8f56e7,70-630-000-000,71
Курманаевский муниципальный район,1690,Курманаевский муниципальный район,exact_24_month_x_6_category_value_fingerprint,0,True,1,VERIFIED_DATA_LINEAGE_MATCH,1690,f571a4c709d46208bb8cab31b6209b23c1493ff3fa56e6beeebed3efd22d5c7e,53-625-000-000,56
Курский муниципальный округ,834,Курский муниципальный округ,exact_24_month_x_6_category_value_fingerprint,0,True,1,VERIFIED_DATA_LINEAGE_MATCH,834,993c5a6024d1936744abac818a7eecf34ab0536410de6ee1f045b4cac9a5bf93,07-533-000-000,26
Куртамышский муниципальный округ,1343,Куртамышский муниципальный округ,exact_24_month_x_6_category_value_fingerprint,0,True,1,VERIFIED_DATA_LINEAGE_MATCH,1343,72eff104a4db02070752f0a26f530658e1cb7ca8df521e1e2b3963d2552c8de6,37-516-000-000,45
Курьинский муниципальный район,536,Курьинский муниципальный район,exact_24_month_x_6_category_value_fingerprint,0,True,1,VERIFIED_DATA_LINEAGE_MATCH,536,a1a991d473d58d25bd8d6173770a2d1687d33d227fa746f1974d91aa8c14f62a,01-623-000-000,22
Кусинский муниципальный район,3012,Кусинский муниципальный район,exact_24_month_x_6_category_value_fingerprint,0,True,1,VERIFIED_DATA_LINEAGE_MATCH,3012,656b7ac4f3cda705e7e1d636e3567fa8fa5ea9d6406877eef333129f08ec51ed,75-638-000-000,74
Кушнаренковский муниципальный район,65,Кушнаренковский муниципальный район,exact_24_month_x_6_category_value_fingerprint,0,True,1,VERIFIED_DATA_LINEAGE_MATCH,65,29dea01324f7b8bca0b5b899375caba6430bd8698530947ff9dda2a27d9ddce1,80-640-000-000,2
Кызылский муниципальный район,405,Кызылский муниципальный район,exact_24_month_x_6_category_value_fingerprint,0,True,1,VERIFIED_DATA_LINEAGE_MATCH,405,165add6bbc61bacac4ceb9444870c33d1f5741fa472c76ace0fed91e62f5d80d,93-622-000-000,17
Кыринский муниципальный район,587,Кыринский муниципальный район,exact_24_month_x_6_category_value_fingerprint,0,True,1,VERIFIED_DATA_LINEAGE_MATCH,587,bf8a3893bcb6f5e0129febb3cc3ac9690ea378f3dfe7b8d0d3d83a2513463e6f,76-624-000-000,75
Кытмановский муниципальный район,537,Кытмановский муниципальный район,exact_24_month_x_6_category_value_fingerprint,0,True,1,VERIFIED_DATA_LINEAGE_MATCH,537,b5764c630473c063f147ebe2c9b631b426eb1b420638e0a7babf7ec445127395,01-624-000-000,22
Кыштовский муниципальный район,1617,Кыштовский муниципальный район,exact_24_month_x_6_category_value_fingerprint,0,True,1,VERIFIED_DATA_LINEAGE_MATCH,1617,8d5c0885839d86ef1f369892357d2fee0a226142f65d52d9153972aee85c1534,50-634-000-000,54
Лаганский муниципальный район,184,Лаганский муниципальный район,exact_24_month_x_6_category_value_fingerprint,0,True,1,VERIFIED_DATA_LINEAGE_MATCH,184,49e7703a5b32c7cf73c2db332e4b790a6610189d924fbfbf85bad3465105e5a9,85-615-000-000,8
Лазовский муниципальный округ,792,Лазовский муниципальный округ,exact_24_month_x_6_category_value_fingerprint,0,True,1,VERIFIED_DATA_LINEAGE_MATCH,792,ead787b529ef14ea7e446fb91be96a1420c66bb793efd3408925b048cd47bd42,05-517-000-000,25
Лаишевский муниципальный район,379,Лаишевский муниципальный район,exact_24_month_x_6_category_value_fingerprint,0,True,1,VERIFIED_DATA_LINEAGE_MATCH,379,02faa8aafd32d0afb7afd7eae6c22576db8484ed8cc7bc1dd91dfed1703bb3ef,92-634-000-000,16
Лахденпохский муниципальный район,212,Лахденпохский муниципальный район,exact_24_month_x_6_category_value_fingerprint,0,True,1,VERIFIED_DATA_LINEAGE_MATCH,212,38fca01e4c41ef592f6708b19315c152eb4ffba9dae8241ba8374b55da1873cd,86-618-000-000,10
Лебедянский муниципальный район,1422,Лебедянский муниципальный район,exact_24_month_x_6_category_value_fingerprint,0,True,1,VERIFIED_DATA_LINEAGE_MATCH,1422,7054a7210cb78f4d3c5f1995a4ba1f7cbb8282715386da62fad17ec5ea3d7677,42-633-000-000,48
Лебяжьевский муниципальный округ,1344,Лебяжьевский муниципальный округ,exact_24_month_x_6_category_value_fingerprint,0,True,1,VERIFIED_DATA_LINEAGE_MATCH,1344,9e1074781b558da35fac779110f555bb151e1706af752806b6555b24a8665895,37-518-000-000,45
Лев-Толстовский муниципальный район,1423,Лев-Толстовский муниципальный район,exact_24_month_x_6_category_value_fingerprint,0,True,1,VERIFIED_DATA_LINEAGE_MATCH,1423,79405d34136a05d17eca970a760541d5d74629898e461e43ed026b09ff0e3675,42-636-000-000,48
Левокумский муниципальный округ,835,Левокумский муниципальный округ,exact_24_month_x_6_category_value_fingerprint,0,True,1,VERIFIED_DATA_LINEAGE_MATCH,835,fe25c7ccca0ef652e3c5aa33a56ea47c98b6e143309582321b81ab083de8a271,07-536-000-000,26
Лежневский муниципальный район,1121,Лежневский муниципальный район,exact_24_month_x_6_category_value_fingerprint,0,True,1,VERIFIED_DATA_LINEAGE_MATCH,1121,9d67dd78e817d40d651a5c35d5c2459297f0fbce4fd1ea0e0b4061870a345c57,24-614-000-000,37
Лениногорский муниципальный район,380,Лениногорский муниципальный район,exact_24_month_x_6_category_value_fingerprint,0,True,1,VERIFIED_DATA_LINEAGE_MATCH,380,c208657c8f90cbe70ae0904f42f02edfce9de7023ccedeac1df947cd1bcd5d0f,92-636-000-000,16
Лиманский муниципальный район,926,Лиманский муниципальный район,exact_24_month_x_6_category_value_fingerprint,0,True,1,VERIFIED_DATA_LINEAGE_MATCH,926,43d43be4de8e2d6925d97a07e7680bca66d592c9e32de60d189f108b49a45a34,12-635-000-000,30
Ловозерский муниципальный район,1520,Ловозерский муниципальный район,exact_24_month_x_6_category_value_fingerprint,0,True,1,VERIFIED_DATA_LINEAGE_MATCH,1520,f585e638374b69425221bad4547ef3939f26e45adfc54a1df54d9ee57ba00745,47-610-000-000,51
Лодейнопольский муниципальный район,1401,Лодейнопольский муниципальный район,exact_24_month_x_6_category_value_fingerprint,0,True,1,VERIFIED_DATA_LINEAGE_MATCH,1401,a6a28073e49fe5f42ab728561d5e5325f517327ee266ff3586a3097d4646f45e,41-627-000-000,47
Локтевский муниципальный район,538,Локтевский муниципальный район,exact_24_month_x_6_category_value_fingerprint,0,True,1,VERIFIED_DATA_LINEAGE_MATCH,538,f8d123c05dfd93c01b9cd8cddc7ede48df43b128a61c758343f9dcef13dab20f,01-625-000-000,22
Ломоносовский муниципальный район,1402,Ломоносовский муниципальный район,exact_24_month_x_6_category_value_fingerprint,0,True,1,VERIFIED_DATA_LINEAGE_MATCH,1402,9ba909b07a329d9fad5ed30435c446c8f15c3fd5c669f2bd04d7b5e26bc8a7ff,41-630-000-000,47
Лопатинский муниципальный район,1749,Лопатинский муниципальный район,exact_24_month_x_6_category_value_fingerprint,0,True,1,VERIFIED_DATA_LINEAGE_MATCH,1749,042e702547138aace4562cf45bcf35a25880ed65c60f9570a2ced3b4552d9c7f,56-642-000-000,58
Лоухский муниципальный район,213,Лоухский муниципальный район,exact_24_month_x_6_category_value_fingerprint,0,True,1,VERIFIED_DATA_LINEAGE_MATCH,213,609ab8c754210b1777867ea2aeb932674feb8720de875800f584002261539627,86-621-000-000,10
Лужский муниципальный район,1403,Лужский муниципальный район,exact_24_month_x_6_category_value_fingerprint,0,True,1,VERIFIED_DATA_LINEAGE_MATCH,1403,8d6662b0f4a7a98ad68ff43ba500e7a1d0f17d103f4f590366a003ef299c125a,41-633-000-000,47
Лукояновский муниципальный округ,1561,Лукояновский муниципальный округ,exact_24_month_x_6_category_value_fingerprint,0,True,1,VERIFIED_DATA_LINEAGE_MATCH,1561,ea6649a821d810268885294985ec68e87e74bcbf1bfe37296bfc98bc315a15d9,22-539-000-000,52
Лунинский муниципальный район,1750,Лунинский муниципальный район,exact_24_month_x_6_category_value_fingerprint,0,True,1,VERIFIED_DATA_LINEAGE_MATCH,1750,66bafca867cf74a92fbeafb1edd12442f95e49a73245ab43f938f0954040d3e4,56-643-000-000,58
Лухский муниципальный район,1122,Лухский муниципальный район,exact_24_month_x_6_category_value_fingerprint,0,True,1,VERIFIED_DATA_LINEAGE_MATCH,1122,f8ddbac82480467ce6c099d62359dece436986c3a208a6ae6b9b25b3c1d31731,24-615-000-000,37
Лысковский муниципальный округ,1562,Лысковский муниципальный округ,exact_24_month_x_6_category_value_fingerprint,0,True,1,VERIFIED_DATA_LINEAGE_MATCH,1562,b51276ae7c45a32583268530210e2496196f710bf74a8525c0b2f6229f5a56d9,22-540-000-000,52
Лысогорский муниципальный район,1933,Лысогорский муниципальный район,exact_24_month_x_6_category_value_fingerprint,0,True,1,VERIFIED_DATA_LINEAGE_MATCH,1933,4c76f235e5754ec75d5748898198760475c1658fc0717dec04a028efe30cbade,63-625-000-000,64
Любимский муниципальный район,2326,Любимский муниципальный район,exact_24_month_x_6_category_value_fingerprint,0,True,1,VERIFIED_DATA_LINEAGE_MATCH,2326,69696afc5281fa8c7e5faee7c7c18e7db683d29e82bf5e4e409a2ee817fd137f,78-618-000-000,76
Любинский муниципальный район,1643,Любинский муниципальный район,exact_24_month_x_6_category_value_fingerprint,0,True,1,VERIFIED_DATA_LINEAGE_MATCH,1643,a05916a0f2e6e76b0639ee864000cbc0f5edc029364a05984273e188daf3eb1b,52-629-000-000,55
Любытинский муниципальный район,1582,Любытинский муниципальный район,exact_24_month_x_6_category_value_fingerprint,0,True,1,VERIFIED_DATA_LINEAGE_MATCH,1582,bdab24b4128de91f1ff364a3564a65a4bd02c7cc26ee9aa8f87f509f8674d4b7,49-616-000-000,53
Людиновский муниципальный район,1211,Людиновский муниципальный район,exact_24_month_x_6_category_value_fingerprint,0,True,1,VERIFIED_DATA_LINEAGE_MATCH,1211,9b248e2f03db3b75b02e4a712c4ef61caa8521eb235a5ae202a6171d49afbc56,29-620-000-000,40
Лямбирский муниципальный район,301,Лямбирский муниципальный район,exact_24_month_x_6_category_value_fingerprint,0,True,1,VERIFIED_DATA_LINEAGE_MATCH,301,39fe8e9b2a092c04cbdb54b2ec07490ae44779c332779dc3d5a750955ec097bd,89-637-000-000,13
Магдагачинский муниципальный район,878,Магдагачинский муниципальный район,exact_24_month_x_6_category_value_fingerprint,0,True,1,VERIFIED_DATA_LINEAGE_MATCH,878,e9e2a9d4d030aa0656b695dd97de83ec15a618af533d7dfa27668acf53af08e8,10-631-000-000,28
Мазановский муниципальный район,879,Мазановский муниципальный район,exact_24_month_x_6_category_value_fingerprint,0,True,1,VERIFIED_DATA_LINEAGE_MATCH,879,9ff385fb5c2776d251e9a8110298ce3f373c8a5f7355ff269095eeea0300af53,10-632-000-000,28
Майкопский муниципальный район,6,Майкопский муниципальный район,exact_24_month_x_6_category_value_fingerprint,0,True,1,VERIFIED_DATA_LINEAGE_MATCH,6,3f76fbf55ee3022731c3cebc0981cffd7f655f03d77e509ed0727377c9053502,79-622-000-000,1
Майминский муниципальный район,12,Майминский муниципальный район,exact_24_month_x_6_category_value_fingerprint,0,True,1,VERIFIED_DATA_LINEAGE_MATCH,12,a2eb39f52e4def952ea18f8bc55baebf123be7aa7a721fa10f112844db803865,84-615-000-000,4
Майнский муниципальный район,2260,Майнский муниципальный район,exact_24_month_x_6_category_value_fingerprint,0,True,1,VERIFIED_DATA_LINEAGE_MATCH,2260,c05544c5f940138389151423815744b79081c1da70c4b9078ec629ea4b875c1d,73-620-000-000,73
Майский муниципальный район,173,Майский муниципальный район,exact_24_month_x_6_category_value_fingerprint,0,True,1,VERIFIED_DATA_LINEAGE_MATCH,173,9f7c35c0350bfc8277020eb2d1d7d24e45f412debda1671c2a73b51e7a79a774,83-620-000-000,7
Макарьевский муниципальный район,1317,Макарьевский муниципальный район,exact_24_month_x_6_category_value_fingerprint,0,True,1,VERIFIED_DATA_LINEAGE_MATCH,1317,7573882c372316dce9e71f0dc72730dc442925a44574f59598b13d64266c82e3,34-618-000-000,44
Малмыжский муниципальный район,1280,Малмыжский муниципальный район,exact_24_month_x_6_category_value_fingerprint,0,True,1,VERIFIED_DATA_LINEAGE_MATCH,1280,d23f1d997fa58c41345850b96420839a2d818c929698bb3415f6be004bae9299,33-623-000-000,43
Малоархангельский муниципальный район,1722,Малоархангельский муниципальный район,exact_24_month_x_6_category_value_fingerprint,0,True,1,VERIFIED_DATA_LINEAGE_MATCH,1722,051a9fabe2c9ab71d164a27d9c3b15e735742c5617ea778cea1633e5bd8a254f,54-632-000-000,57
Маловишерский муниципальный район,1583,Маловишерский муниципальный район,exact_24_month_x_6_category_value_fingerprint,0,True,1,VERIFIED_DATA_LINEAGE_MATCH,1583,8f939c8cae65a58c08ca313a6dab287994171f19b08d89c48cda0f5491ebd4a1,49-620-000-000,53
Малодербетовский муниципальный район,185,Малодербетовский муниципальный район,exact_24_month_x_6_category_value_fingerprint,0,True,1,VERIFIED_DATA_LINEAGE_MATCH,185,4226f686b6efb2d29dff2541879922880468c16abde077ca2f57c25e2d2df6a3,85-620-000-000,8
Малосердобинский муниципальный район,1751,Малосердобинский муниципальный район,exact_24_month_x_6_category_value_fingerprint,0,True,1,VERIFIED_DATA_LINEAGE_MATCH,1751,51b1303715eb5f4363a957004ce7fac0afd17633d9e026ffb1b3e3961075c21e,56-644-000-000,58
Малоярославецкий муниципальный район,1212,Малоярославецкий муниципальный район,exact_24_month_x_6_category_value_fingerprint,0,True,1,VERIFIED_DATA_LINEAGE_MATCH,1212,b30eb533486f82b0fd9951dcdc4b8db9b7074ad3ad8b58d243e7de4be7e64d61,29-623-000-000,40
Мамадышский муниципальный район,381,Мамадышский муниципальный район,exact_24_month_x_6_category_value_fingerprint,0,True,1,VERIFIED_DATA_LINEAGE_MATCH,381,a9e239b6c2ac891ad3be20dec0730a2f49e2e55056ffcab79aca909054f2b4f7,92-638-000-000,16
Мамонтовский муниципальный район,539,Мамонтовский муниципальный район,exact_24_month_x_6_category_value_fingerprint,0,True,1,VERIFIED_DATA_LINEAGE_MATCH,539,6eaf771d8049b47542228edd950125f5ad1f78f25b6c94e04f6d51db7ad1dc00,01-626-000-000,22
Манский муниципальный район,706,Манский муниципальный район,exact_24_month_x_6_category_value_fingerprint,0,True,1,VERIFIED_DATA_LINEAGE_MATCH,706,48dac9e3c50ce347e49bce093c1309689022831e94e570d5bbcf2177de299d3e,04-631-000-000,24
Мантуровский муниципальный округ,2618,Мантуровский муниципальный округ,exact_24_month_x_6_category_value_fingerprint,0,True,1,VERIFIED_DATA_LINEAGE_MATCH,2618,258f39a5aa7b0c658df346b82cabccea4a2bc125cfe269be94cd7956b6e1d7f5,34-520-000-000,44
Мари-Турекский муниципальный район,277,Мари-Турекский муниципальный район,exact_24_month_x_6_category_value_fingerprint,0,True,1,VERIFIED_DATA_LINEAGE_MATCH,277,b197d3939c6fd55a5e542004c4584e38f248e08ece3b5a7badd2c2420344edf7,88-624-000-000,12
Мариинский муниципальный округ,1246,Мариинский муниципальный округ,exact_24_month_x_6_category_value_fingerprint,0,True,1,VERIFIED_DATA_LINEAGE_MATCH,1246,f78bb98876a03dfa92401d86d633b206c66b3335f75b365f42fde979c3c9645e,32-516-000-000,42
Мариинско-Посадский муниципальный округ,493,Мариинско-Посадский муниципальный округ,exact_24_month_x_6_category_value_fingerprint,0,True,1,VERIFIED_DATA_LINEAGE_MATCH,493,8dc381f7a5cf29c5dc13e892188271347d96e6280aef66d04b526f24063ce894,97-529-000-000,21
Марксовский муниципальный район,1934,Марксовский муниципальный район,exact_24_month_x_6_category_value_fingerprint,0,True,1,VERIFIED_DATA_LINEAGE_MATCH,1934,ec32ea87cfd8710e73fbcd14eaf123e345be1c640dd062a0c0675a1ea94c6925,63-626-000-000,64
Марьяновский муниципальный район,1644,Марьяновский муниципальный район,exact_24_month_x_6_category_value_fingerprint,0,True,1,VERIFIED_DATA_LINEAGE_MATCH,1644,e26c1125d713846b6209faf70e7f19a5e6c82aadef6b75f00fbeda8f01026307,52-630-000-000,55
Маслянинский муниципальный район,1618,Маслянинский муниципальный район,exact_24_month_x_6_category_value_fingerprint,0,True,1,VERIFIED_DATA_LINEAGE_MATCH,1618,f3ce175e2e74e36068195bf9225ca66a1e0597d4175986f1af55decdd2862608,50-636-000-000,54
Матвеевский муниципальный район,1691,Матвеевский муниципальный район,exact_24_month_x_6_category_value_fingerprint,0,True,1,VERIFIED_DATA_LINEAGE_MATCH,1691,54feabb5a35cb39cb014f1618cb7d7c0cb2dec9cf36977af666455bbf5fb3779,53-627-000-000,56
Мегино-Кангаласский муниципальный район,326,Мегино-Кангаласский муниципальный район,exact_24_month_x_6_category_value_fingerprint,0,True,1,VERIFIED_DATA_LINEAGE_MATCH,326,d2acedbb8c1053249acd629f74ba572395c0f89982d99b42a6ef60b384e60d88,98-629-000-000,14
Медведевский муниципальный район,278,Медведевский муниципальный район,exact_24_month_x_6_category_value_fingerprint,0,True,1,VERIFIED_DATA_LINEAGE_MATCH,278,e99a90d21c830467132f7d14b968b6bd73a1418c7aa83f1dfb50667c8e9b1ace,88-628-000-000,12
Медвежьегорский муниципальный район,214,Медвежьегорский муниципальный район,exact_24_month_x_6_category_value_fingerprint,0,True,1,VERIFIED_DATA_LINEAGE_MATCH,214,0f8187bccc66e7daf049dc2887f436061cf32c956bfce5a8d1bd8fc8365a8466,86-624-000-000,10
Медынский муниципальный район,1213,Медынский муниципальный район,exact_24_month_x_6_category_value_fingerprint,0,True,1,VERIFIED_DATA_LINEAGE_MATCH,1213,c3294f416711ada61be9ea2ac95884b4253394e94fe70d48b6be9635a43ae769,29-625-000-000,40
Междуреченский муниципальный округ,1060,Междуреченский муниципальный округ,exact_24_month_x_6_category_value_fingerprint,0,True,1,VERIFIED_DATA_LINEAGE_MATCH,1060,68755f5e4e22e3530dafbd7764703ed52ae08b0791ea689fb13f404eab866b00,19-532-000-000,35
Межевской муниципальный округ,1319,Межевской муниципальный округ,exact_24_month_x_6_category_value_fingerprint,0,True,1,VERIFIED_DATA_LINEAGE_MATCH,1319,88a3fd72030d3de77301ccda66eb591803798d62e6b1fcffa31da66e5eded321,34-522-000-000,44
Мезенский муниципальный округ,907,Мезенский муниципальный округ,exact_24_month_x_6_category_value_fingerprint,0,True,1,VERIFIED_DATA_LINEAGE_MATCH,907,124b1e173af1a94a64f40c7bd52e20b26f6fd1e3732e2b5c04e4ec7ddcf9285b,11-542-000-000,29
Меленковский муниципальный район,999,Меленковский муниципальный район,exact_24_month_x_6_category_value_fingerprint,0,True,1,VERIFIED_DATA_LINEAGE_MATCH,999,2fbec989d933d7cf0bbc90f9423250a0b621830135933377bb1dbd2c640bb564,17-642-000-000,33
Мелеузовский муниципальный район,66,Мелеузовский муниципальный район,exact_24_month_x_6_category_value_fingerprint,0,True,1,VERIFIED_DATA_LINEAGE_MATCH,66,f7aff458243687dd371b1ab95b17fb45504edc2fc0214989d76deb0086981b86,80-641-000-000,2
Менделеевский муниципальный район,382,Менделеевский муниципальный район,exact_24_month_x_6_category_value_fingerprint,0,True,1,VERIFIED_DATA_LINEAGE_MATCH,382,328dd27aa19b5f714c7d2adffb6cf47ed9d3a051c9cf8ea109917eda3f65a158,92-639-000-000,16
Мензелинский муниципальный район,383,Мензелинский муниципальный район,exact_24_month_x_6_category_value_fingerprint,0,True,1,VERIFIED_DATA_LINEAGE_MATCH,383,0e9a45cb937c52db77666c7f5e8bd6bc06c6de4b712617d7171e96ebb6fd1cfc,92-640-000-000,16
Мечетлинский муниципальный район,67,Мечетлинский муниципальный район,exact_24_month_x_6_category_value_fingerprint,0,True,1,VERIFIED_DATA_LINEAGE_MATCH,67,11ad929aa694a54b835489b671d4825ffd5c4f5ce9719b2e920f1aedb514110f,80-642-000-000,2
Мещовский муниципальный район,1214,Мещовский муниципальный район,exact_24_month_x_6_category_value_fingerprint,0,True,1,VERIFIED_DATA_LINEAGE_MATCH,1214,a7e1789674be944e650030273191e8d3ba63aa6d82f5724149c046599321bbd3,29-627-000-000,40
Милославский муниципальный район,1855,Милославский муниципальный район,exact_24_month_x_6_category_value_fingerprint,0,True,1,VERIFIED_DATA_LINEAGE_MATCH,1855,2477edf5ef18e1b557682a55ea700e1b428179b5bd49616f16e1eda857b1c0a9,61-615-000-000,62
Мильковский муниципальный округ,613,Мильковский муниципальный округ,exact_24_month_x_6_category_value_fingerprint,0,True,1,VERIFIED_DATA_LINEAGE_MATCH,613,bcda440da04056621e0f30485b58f89e2fea5cf93d0535f404c90f86916d53ae,30-510-000-000,41
Минераловодский муниципальный округ,819,Минераловодский муниципальный округ,exact_24_month_x_6_category_value_fingerprint,0,True,1,VERIFIED_DATA_LINEAGE_MATCH,819,5ca1f1c76b4c29305fa772ca5848856ec5ab3b519a7d63b6bcc2c7bf0045592f,07-539-000-000,26
Мирнинский муниципальный район,327,Мирнинский муниципальный район,exact_24_month_x_6_category_value_fingerprint,0,True,1,VERIFIED_DATA_LINEAGE_MATCH,327,01a2d224360fed2f4cadc36f653d98f38d38512e56be92b083279185e28edfdd,98-631-000-000,14
Мишкинский муниципальный округ,1346,Мишкинский муниципальный округ,exact_24_month_x_6_category_value_fingerprint,0,True,1,VERIFIED_DATA_LINEAGE_MATCH,1346,32436b64e0c4c4f38d8ad2ebfdef9497354e381ee9b8e8b885774aa4cd7ad674,37-522-000-000,45
Мишкинский муниципальный район,68,Мишкинский муниципальный район,exact_24_month_x_6_category_value_fingerprint,0,True,1,VERIFIED_DATA_LINEAGE_MATCH,68,ed8f000c730b4e524c2eb07df33893bbc07effc3a1790c438e0a1da1fd9463b3,80-643-000-000,2
Миякинский муниципальный район,69,Миякинский муниципальный район,exact_24_month_x_6_category_value_fingerprint,0,True,1,VERIFIED_DATA_LINEAGE_MATCH,69,bde539343d4c48945c478be30a309b7d53b7291df36fe023f1b3eab132a18c1d,80-644-000-000,2
Могойтуйский муниципальный район,607,Могойтуйский муниципальный район,exact_24_month_x_6_category_value_fingerprint,0,True,1,VERIFIED_DATA_LINEAGE_MATCH,607,c75a78fdf27eb63f9289c6df2112fe423b5f3332e1b44fb40ad360119938221b,76-625-000-000,75
Могочинский муниципальный округ,588,Могочинский муниципальный округ,exact_24_month_x_6_category_value_fingerprint,0,True,1,VERIFIED_DATA_LINEAGE_MATCH,588,a2ed0e8c0c84eb6e7f79a88dad16920816bebcb25978bf8dabd390b5d48c08bc,76-526-000-000,75
Моздокский муниципальный район,351,Моздокский муниципальный район,exact_24_month_x_6_category_value_fingerprint,0,True,1,VERIFIED_DATA_LINEAGE_MATCH,351,a9c18ba80e3952138e6b521326a05a3073687cf498b60d2b652e7e0d3d3722e7,90-630-000-000,15
Мокроусовский муниципальный округ,1347,Мокроусовский муниципальный округ,exact_24_month_x_6_category_value_fingerprint,0,True,1,VERIFIED_DATA_LINEAGE_MATCH,1347,12cd8acdc030d1c97d2cce4ce6fbac3ccf63658b23e151e1927a32da1a3abd29,37-524-000-000,45
Мокшанский муниципальный район,1752,Мокшанский муниципальный район,exact_24_month_x_6_category_value_fingerprint,0,True,1,VERIFIED_DATA_LINEAGE_MATCH,1752,6fcc61646d3160b5ebdda6a828c8d36ed92f5b3a4dd18cc22b67c3eda6854171,56-645-000-000,58
Молчановский муниципальный район,2157,Молчановский муниципальный район,exact_24_month_x_6_category_value_fingerprint,0,True,1,VERIFIED_DATA_LINEAGE_MATCH,2157,1dfc3b66cbb0d71e0fc4d49fdbc3b054c62351b7f06f22ad5bbd05ea91d6ce32,69-640-000-000,70
Монастырщинский муниципальный район,2057,Монастырщинский муниципальный район,exact_24_month_x_6_category_value_fingerprint,0,True,1,VERIFIED_DATA_LINEAGE_MATCH,2057,bfb464730dc62c9bb76a9cd0ec82d412d41e5659fc36602624b957bf8d20eba4,66-627-000-000,67
Моргаушский муниципальный округ,494,Моргаушский муниципальный округ,exact_24_month_x_6_category_value_fingerprint,0,True,1,VERIFIED_DATA_LINEAGE_MATCH,494,03e153c858b8c4426ec4d7a428aaf2a27875990c4e01cdf865861abbf7d754d3,97-532-000-000,21
Мордовский муниципальный округ,2085,Мордовский муниципальный округ,exact_24_month_x_6_category_value_fingerprint,0,True,1,VERIFIED_DATA_LINEAGE_MATCH,2085,cc35950768ff49e7377858c37ca6b140a41fdea0285f4d66d9606c59a858f3ce,68-514-000-000,68
Моркинский муниципальный район,279,Моркинский муниципальный район,exact_24_month_x_6_category_value_fingerprint,0,True,1,VERIFIED_DATA_LINEAGE_MATCH,279,0a21847e85c2032dad53729824ccf951501352b3e9a56eafe2ca89609ee032ee,88-632-000-000,12
Мосальский муниципальный район,1215,Мосальский муниципальный район,exact_24_month_x_6_category_value_fingerprint,0,True,1,VERIFIED_DATA_LINEAGE_MATCH,1215,d04969f19aab27e01d283cf3c7098215b06f08df0e9dad3b2b709b818da1f9ba,29-629-000-000,40
Москаленский муниципальный район,1645,Москаленский муниципальный район,exact_24_month_x_6_category_value_fingerprint,0,True,1,VERIFIED_DATA_LINEAGE_MATCH,1645,2590ab3f159124ec0a5100b9868ec350e314fd21bb3785d8bf69a16607455c72,52-632-000-000,55
Мотыгинский муниципальный район,708,Мотыгинский муниципальный район,exact_24_month_x_6_category_value_fingerprint,0,True,1,VERIFIED_DATA_LINEAGE_MATCH,708,6d3aa7b4897de47bb64aa374cdfb3a26521b327c5b2585487ee7b2d512fc98ae,04-635-000-000,24
Мошковский муниципальный район,1619,Мошковский муниципальный район,exact_24_month_x_6_category_value_fingerprint,0,True,1,VERIFIED_DATA_LINEAGE_MATCH,1619,f0d48add28f209bc6f1dd4617d20a678fe2532043a3e4def5ba5b7eb5cabfc27,50-638-000-000,54
Муезерский муниципальный район,215,Муезерский муниципальный район,exact_24_month_x_6_category_value_fingerprint,0,True,1,VERIFIED_DATA_LINEAGE_MATCH,215,2f54642e0ae57cb074e06c948116bae0b95f5f21d6f48c79e4ac770e3aa634a1,86-627-000-000,10
Муромцевский муниципальный район,1646,Муромцевский муниципальный район,exact_24_month_x_6_category_value_fingerprint,0,True,1,VERIFIED_DATA_LINEAGE_MATCH,1646,2bfc06f44a465e28cc42c368fc42c7c5b4df3ae2e06b64f6689c13238ed28bce,52-634-000-000,55
Муслюмовский муниципальный район,384,Муслюмовский муниципальный район,exact_24_month_x_6_category_value_fingerprint,0,True,1,VERIFIED_DATA_LINEAGE_MATCH,384,aeca8b1e04f849f2027001d4ab248fff0c1f0ae351065f8e9f09c1082df5f039,92-642-000-000,16
Мучкапский муниципальный округ,2087,Мучкапский муниципальный округ,exact_24_month_x_6_category_value_fingerprint,0,True,1,VERIFIED_DATA_LINEAGE_MATCH,2087,c33d322aacd1a967feca50a0c6bb7234c67ac3d7033a98a342b814f189ae1603,68-518-000-000,68
Мышкинский муниципальный район,2327,Мышкинский муниципальный район,exact_24_month_x_6_category_value_fingerprint,0,True,1,VERIFIED_DATA_LINEAGE_MATCH,2327,d3a26a210b31d187fecf50171b28527f28884cbbeb333a8c29438bcd4da8c8ef,78-621-000-000,76
Нагайбакский муниципальный район,2307,Нагайбакский муниципальный район,exact_24_month_x_6_category_value_fingerprint,0,True,1,VERIFIED_DATA_LINEAGE_MATCH,2307,dd00f7d7c1a24bd24a1d51f7b9283445c7bf71b37b7d972f1c628e5152237976,75-642-000-000,74
Нагорский муниципальный район,1282,Нагорский муниципальный район,exact_24_month_x_6_category_value_fingerprint,0,True,1,VERIFIED_DATA_LINEAGE_MATCH,1282,9c8a0f3c83d32f731187eb8f3ef478fd5555ce6d74cd0bbfa8107e8643cf3451,33-625-000-000,43
Надеждинский муниципальный район,794,Надеждинский муниципальный район,exact_24_month_x_6_category_value_fingerprint,0,True,1,VERIFIED_DATA_LINEAGE_MATCH,794,21bff8b7cd2e85007c4183564b2b60a4aa0ae2169631bdd4bc917e89657b7041,05-623-000-000,25
Называевский муниципальный район,1647,Называевский муниципальный район,exact_24_month_x_6_category_value_fingerprint,0,True,1,VERIFIED_DATA_LINEAGE_MATCH,1647,4da85054e47817ae23c7a35a61188b6b5fb0d8e36c1384f6f81a74cc6a6ddb58,52-636-000-000,55
Намский муниципальный район,329,Намский муниципальный район,exact_24_month_x_6_category_value_fingerprint,0,True,1,VERIFIED_DATA_LINEAGE_MATCH,329,07d78e42e65fbc7eb6b6f582b4793c9391e7d4c3c6324332e8e630f6e142ac29,98-635-000-000,14
Нанайский муниципальный район,852,Нанайский муниципальный район,exact_24_month_x_6_category_value_fingerprint,0,True,1,VERIFIED_DATA_LINEAGE_MATCH,852,ab800979b8f52683179039991a836ab990dc19ac351c105ae17b14510acb6cf9,08-628-000-000,27
Наримановский муниципальный район,927,Наримановский муниципальный район,exact_24_month_x_6_category_value_fingerprint,0,True,1,VERIFIED_DATA_LINEAGE_MATCH,927,615e8cc94a78d1e59e702427847d30f8509c3b4614fb34438002e540bb21ee5e,12-640-000-000,30
Наровчатский муниципальный район,1753,Наровчатский муниципальный район,exact_24_month_x_6_category_value_fingerprint,0,True,1,VERIFIED_DATA_LINEAGE_MATCH,1753,aafdd74781c8ae908c5ebb5d8ab6194585b56d2e0beb6a314ce5607ab493b0b0,56-647-000-000,58
Неверкинский муниципальный район,1754,Неверкинский муниципальный район,exact_24_month_x_6_category_value_fingerprint,0,True,1,VERIFIED_DATA_LINEAGE_MATCH,1754,5a23db7feb0025ed4caf69dc8a0b731319722c80f8a45d6187d0b9fd0138303e,56-649-000-000,58
Нейский муниципальный округ,1320,Нейский муниципальный округ,exact_24_month_x_6_category_value_fingerprint,0,True,1,VERIFIED_DATA_LINEAGE_MATCH,1320,15795513eb994f320f770f7fe38cd996701a529a60f7533089dcd26876d7d6e5,34-524-000-000,44
Некоузский муниципальный район,2328,Некоузский муниципальный район,exact_24_month_x_6_category_value_fingerprint,0,True,1,VERIFIED_DATA_LINEAGE_MATCH,2328,80a8f2811540175cd14b30789cd353d0fb6402c457cacfb7be8542390d8a6c83,78-623-000-000,76
Некрасовский муниципальный район,2329,Некрасовский муниципальный район,exact_24_month_x_6_category_value_fingerprint,0,True,1,VERIFIED_DATA_LINEAGE_MATCH,2329,298cc470b388a504339ee1aff8eff61b259583676c0f7f818915e2931d7c722c,78-626-000-000,76
Немецкий национальный муниципальный район,572,Немецкий национальный муниципальный район,exact_24_month_x_6_category_value_fingerprint,0,True,1,VERIFIED_DATA_LINEAGE_MATCH,572,ccaaa654fb99e96c7dfec62333d44966f918ce94e57c7e7eec921e81a56239ad,01-660-000-000,22
Нерчинский муниципальный район,589,Нерчинский муниципальный район,exact_24_month_x_6_category_value_fingerprint,0,True,1,VERIFIED_DATA_LINEAGE_MATCH,589,f97185e1d0ed1937685dc578baa1e83c4e19a66a94c76390cb1908b5c9c8dcd9,76-628-000-000,75
Нерюнгринский муниципальный район,330,Нерюнгринский муниципальный район,exact_24_month_x_6_category_value_fingerprint,0,True,1,VERIFIED_DATA_LINEAGE_MATCH,330,246bc9b7bd953d799e56d89545f7ffb921b62d421a81e9c8244e2520b6fd1f78,98-660-000-000,14
Нефтегорский муниципальный район,1900,Нефтегорский муниципальный район,exact_24_month_x_6_category_value_fingerprint,0,True,1,VERIFIED_DATA_LINEAGE_MATCH,1900,8e4fc9c0724ab2fb5a7e50ce81cf0c02a32f73041583648f8a516f10308ff330,36-630-000-000,63
Нефтекумский муниципальный округ,821,Нефтекумский муниципальный округ,exact_24_month_x_6_category_value_fingerprint,0,True,1,VERIFIED_DATA_LINEAGE_MATCH,821,84972f02de413b419d0b946ec3632c5d0eea4f192e1f7a02b62147a95fe32367,07-541-000-000,26
Нефтеюганский муниципальный район,2232,Нефтеюганский муниципальный район,exact_24_month_x_6_category_value_fingerprint,0,True,1,VERIFIED_DATA_LINEAGE_MATCH,2232,2ab4052f97d2cbfe40becebba69e3464ec099e9dd9b549645815badd2bf3bede,71-818-000-000,86
Нехаевский муниципальный район,1029,Нехаевский муниципальный район,exact_24_month_x_6_category_value_fingerprint,0,True,1,VERIFIED_DATA_LINEAGE_MATCH,1029,cf16482780605ad1c30bd0671305ff9b695a049567b27844a8d3faf0e0a1244b,18-634-000-000,34
Нижневартовский муниципальный район,2233,Нижневартовский муниципальный район,exact_24_month_x_6_category_value_fingerprint,0,True,1,VERIFIED_DATA_LINEAGE_MATCH,2233,7876c21cbc12649b230fa78b16d3a3692853dc68b149e867527ca5023d03e9fe,71-819-000-000,86
Нижнеилимский муниципальный район,1157,Нижнеилимский муниципальный район,exact_24_month_x_6_category_value_fingerprint,0,True,1,VERIFIED_DATA_LINEAGE_MATCH,1157,b7462adaea65e272cedf1ae1544cc5966e2e3f9d4767aa9b49af7f9f0a4ef7a1,25-626-000-000,38
Нижнеингашский муниципальный район,710,Нижнеингашский муниципальный район,exact_24_month_x_6_category_value_fingerprint,0,True,1,VERIFIED_DATA_LINEAGE_MATCH,710,899a710a5f7b3d127ce5ed3d192514331e22c22afdda62aad37781e5b7a9f26f,04-639-000-000,24
Нижнекамский муниципальный район,385,Нижнекамский муниципальный район,exact_24_month_x_6_category_value_fingerprint,0,True,1,VERIFIED_DATA_LINEAGE_MATCH,385,56f2e75f69aab139220d501964ab92559e18de245e5a07091d1277b27cde3c88,92-644-000-000,16
Нижнеколымский муниципальный район,331,Нижнеколымский муниципальный район,exact_24_month_x_6_category_value_fingerprint,0,True,1,VERIFIED_DATA_LINEAGE_MATCH,331,f3625635e59352c3dd0941fa71043590945a4e709e4fe7f8bf3e53f5314f4bb9,98-637-000-000,14
Нижнеломовский муниципальный район,1755,Нижнеломовский муниципальный район,exact_24_month_x_6_category_value_fingerprint,0,True,1,VERIFIED_DATA_LINEAGE_MATCH,1755,2cb855b4b778567fabf68c5f9ba1b1e15364fb90cfedef4c104f80c54f9cc9c5,56-651-000-000,58
Нижнеомский муниципальный район,1648,Нижнеомский муниципальный район,exact_24_month_x_6_category_value_fingerprint,0,True,1,VERIFIED_DATA_LINEAGE_MATCH,1648,9f2856f12ae6960f94ae6342699a1c38f2062fc76563a14464c8a0c33e41e9ce,52-639-000-000,55
Нижнесергинский муниципальный район,2042,Нижнесергинский муниципальный район,exact_24_month_x_6_category_value_fingerprint,0,True,1,VERIFIED_DATA_LINEAGE_MATCH,2042,adb1f5918470fc1bdfc7b3480972daaa08414d6b5f68208a0b7ce10ad60fd066,65-628-000-000,66
Нижнетавдинский муниципальный район,2205,Нижнетавдинский муниципальный район,exact_24_month_x_6_category_value_fingerprint,0,True,1,VERIFIED_DATA_LINEAGE_MATCH,2205,f8235dda562ba6eeeefb1c63979123c2b46a8b93d862849cc036e9cd27f8d71b,71-632-000-000,72
Нижнеудинский муниципальный район,1158,Нижнеудинский муниципальный район,exact_24_month_x_6_category_value_fingerprint,0,True,1,VERIFIED_DATA_LINEAGE_MATCH,1158,b97a3be85c1d546f3a1c1a9d4436d57ce3544b6a91007968f60025d1852990e0,25-628-000-000,38
Никифоровский муниципальный округ,2088,Никифоровский муниципальный округ,exact_24_month_x_6_category_value_fingerprint,0,True,1,VERIFIED_DATA_LINEAGE_MATCH,2088,ca73bc82f223e92f8a1009a29da6417e9142cfab6a77f92e95e94757ecbcf167,68-520-000-000,68
Никольский муниципальный округ,1061,Никольский муниципальный округ,exact_24_month_x_6_category_value_fingerprint,0,True,1,VERIFIED_DATA_LINEAGE_MATCH,1061,562a8768e1e76f24ebea1f5fbe88e7410437fc6c9127ae72f0d0600c11a1a8dc,19-534-000-000,35
Никольский муниципальный район,1756,Никольский муниципальный район,exact_24_month_x_6_category_value_fingerprint,0,True,1,VERIFIED_DATA_LINEAGE_MATCH,1756,7c679cd2c722e5950974273708afef85a3b26794137e246a7d661019c682ad8d,56-653-000-000,58
Новгородский муниципальный район,1586,Новгородский муниципальный район,exact_24_month_x_6_category_value_fingerprint,0,True,1,VERIFIED_DATA_LINEAGE_MATCH,1586,fd5f237a3b2f57ca62c141acb801e3b607d73dce0a84d3578f72d40b9bff9117,49-625-000-000,53
Новичихинский муниципальный район,541,Новичихинский муниципальный район,exact_24_month_x_6_category_value_fingerprint,0,True,1,VERIFIED_DATA_LINEAGE_MATCH,541,d378081efcf3e957ee765fb72ace7f4ad6f1f5bb7719b6800edd5b3149025ae7,01-628-000-000,22
Новоалександровский муниципальный округ,822,Новоалександровский муниципальный округ,exact_24_month_x_6_category_value_fingerprint,0,True,1,VERIFIED_DATA_LINEAGE_MATCH,822,ae9b149b539f10d6585523f01e89737973590c78077cff6da0b028dbb28765cf,07-543-000-000,26
Новоаннинский муниципальный район,1031,Новоаннинский муниципальный район,exact_24_month_x_6_category_value_fingerprint,0,True,1,VERIFIED_DATA_LINEAGE_MATCH,1031,a628803e09b191059f8269c47595e5b3a92ce9080eb824161c60010083ee0006,18-638-000-000,34
Новобурасский муниципальный район,1935,Новобурасский муниципальный район,exact_24_month_x_6_category_value_fingerprint,0,True,1,VERIFIED_DATA_LINEAGE_MATCH,1935,4d4fdcd11187c53ef86ecd20f8d7432845061663090119de8b5588529449ebd7,63-629-000-000,64
Нововаршавский муниципальный район,1649,Нововаршавский муниципальный район,exact_24_month_x_6_category_value_fingerprint,0,True,1,VERIFIED_DATA_LINEAGE_MATCH,1649,fda2aaa55970685fdcf35a2d98fd006ffcab6fdd551c551cbc6603540f9e82bf,52-641-000-000,55
Новодеревеньковский муниципальный район,1724,Новодеревеньковский муниципальный район,exact_24_month_x_6_category_value_fingerprint,0,True,1,VERIFIED_DATA_LINEAGE_MATCH,1724,66865b2208794f009a970f3c71b56d292567aa25ef007845f92853e6b76118fb,54-639-000-000,57
Новодугинский муниципальный район,2058,Новодугинский муниципальный район,exact_24_month_x_6_category_value_fingerprint,0,True,1,VERIFIED_DATA_LINEAGE_MATCH,2058,354663949d45e6e05cc9afef7f1c37c5c20ff6210de907c27821146a98244e60,66-630-000-000,67
Новониколаевский муниципальный район,1032,Новониколаевский муниципальный район,exact_24_month_x_6_category_value_fingerprint,0,True,1,VERIFIED_DATA_LINEAGE_MATCH,1032,68a587f42ffe1d905766195afd6b4f55ab772075810fe754f91ea8709406efeb,18-640-000-000,34
Новоорский муниципальный район,1692,Новоорский муниципальный район,exact_24_month_x_6_category_value_fingerprint,0,True,1,VERIFIED_DATA_LINEAGE_MATCH,1692,7f861e8d07a64f26fad42ca6e9a801c52ffd7ce9d05874c5bd97274e2c5cd75d,53-630-000-000,56
Новоселицкий муниципальный округ,836,Новоселицкий муниципальный округ,exact_24_month_x_6_category_value_fingerprint,0,True,1,VERIFIED_DATA_LINEAGE_MATCH,836,3aa777f1a7fa7bce9f3e5e508178138f60b852b4ebf543f90333e526ed2de03d,07-544-000-000,26
Новоселовский муниципальный район,711,Новоселовский муниципальный район,exact_24_month_x_6_category_value_fingerprint,0,True,1,VERIFIED_DATA_LINEAGE_MATCH,711,19809360a79dcc69d8ca722d8de35d6befef93c5765389424e245b0ad3308ac1,04-641-000-000,24
Новосергиевский муниципальный район,1693,Новосергиевский муниципальный район,exact_24_month_x_6_category_value_fingerprint,0,True,1,VERIFIED_DATA_LINEAGE_MATCH,1693,2a840eef857ad741c97b2c8f4c94d9ce63885d8d96200bd675f7b5d438b11d08,53-631-000-000,56
Новосибирский муниципальный район,1620,Новосибирский муниципальный район,exact_24_month_x_6_category_value_fingerprint,0,True,1,VERIFIED_DATA_LINEAGE_MATCH,1620,011fe67263cd7466f219c5937d0f12e862ed7e39ba06699bd6f2ed462ad8b220,50-640-000-000,54
Новосильский муниципальный район,1725,Новосильский муниципальный район,exact_24_month_x_6_category_value_fingerprint,0,True,1,VERIFIED_DATA_LINEAGE_MATCH,1725,69705fc980c3a3fdebb1509ed14534b2edf30698495045c419fc0e15aa2847b4,54-643-000-000,57
Новосокольнический муниципальный район,1776,Новосокольнический муниципальный район,exact_24_month_x_6_category_value_fingerprint,0,True,1,VERIFIED_DATA_LINEAGE_MATCH,1776,c5d08c97effaeddcbe346932eb0f84421799d9776f800a0a114d2df8022b96c7,58-626-000-000,60
Новоспасский муниципальный район,2264,Новоспасский муниципальный район,exact_24_month_x_6_category_value_fingerprint,0,True,1,VERIFIED_DATA_LINEAGE_MATCH,2264,a9b5048c52650ea52ae7b653bf1adf156a96c48c440ce86573cf26d8570d4795,73-629-000-000,73
Новоторъяльский муниципальный район,280,Новоторъяльский муниципальный район,exact_24_month_x_6_category_value_fingerprint,0,True,1,VERIFIED_DATA_LINEAGE_MATCH,280,824d6000207937002919873d116c76de77707bd038f7b3a1022ac1964abca521,88-636-000-000,12
Новоузенский муниципальный район,1936,Новоузенский муниципальный район,exact_24_month_x_6_category_value_fingerprint,0,True,1,VERIFIED_DATA_LINEAGE_MATCH,1936,7e3dd6fdfa0e033729d714ead1791538ce1a68f13c83a069f162d5e4c5106e43,63-630-000-000,64
Новошешминский муниципальный район,386,Новошешминский муниципальный район,exact_24_month_x_6_category_value_fingerprint,0,True,1,VERIFIED_DATA_LINEAGE_MATCH,386,31f29f9599174ff158daf8ef0784a3ab852db5e6417185c361d6661549d31705,92-645-000-000,16
Нолинский муниципальный район,1284,Нолинский муниципальный район,exact_24_month_x_6_category_value_fingerprint,0,True,1,VERIFIED_DATA_LINEAGE_MATCH,1284,20818f137d13b160a1e5181fe63e053d226a5d26a08fea299a6481ea8b601cb3,33-627-000-000,43
Нукутский муниципальный район,1173,Нукутский муниципальный район,exact_24_month_x_6_category_value_fingerprint,0,True,1,VERIFIED_DATA_LINEAGE_MATCH,1173,6e10f62f407e040f9cdf699479ea8b538602bff0c887958dac1557a3ad00a458,25-629-000-000,38
Нуримановский муниципальный район,70,Нуримановский муниципальный район,exact_24_month_x_6_category_value_fingerprint,0,True,1,VERIFIED_DATA_LINEAGE_MATCH,70,1bff077cb958d710593e131caed446a0b9edf2d48489f7f5f0fe228d29621455,80-645-000-000,2
Нурлатский муниципальный район,387,Нурлатский муниципальный район,exact_24_month_x_6_category_value_fingerprint,0,True,1,VERIFIED_DATA_LINEAGE_MATCH,387,ce1c840bc13a2ec8f983823255a5401abc4dacb4175d3a5cc7ba4ba87f4f2aa2,92-646-000-000,16
Нюксенский муниципальный округ,1062,Нюксенский муниципальный округ,exact_24_month_x_6_category_value_fingerprint,0,True,1,VERIFIED_DATA_LINEAGE_MATCH,1062,39a109cd68497807ef5c1e4a112aaccb879d6cf50e8873ccb3e8014253f74448,19-536-000-000,35
Нюрбинский муниципальный район,324,Нюрбинский муниципальный район,exact_24_month_x_6_category_value_fingerprint,0,True,1,VERIFIED_DATA_LINEAGE_MATCH,324,5853fd39443dd04baa30ed8ca129a7ce3c57caf2c17f7d74a7fcfba71d7def44,98-626-000-000,14
Нязепетровский муниципальный район,2308,Нязепетровский муниципальный район,exact_24_month_x_6_category_value_fingerprint,0,True,1,VERIFIED_DATA_LINEAGE_MATCH,2308,c4e9241140ae2bd11b7ebf57bd199a3092976fc3497c4b82e19b381b28671423,75-644-000-000,74
Няндомский муниципальный округ,908,Няндомский муниципальный округ,exact_24_month_x_6_category_value_fingerprint,0,True,1,VERIFIED_DATA_LINEAGE_MATCH,908,55a4960dba35815898cd6451fd7483b1190eb305fe0b3d07e47f0c9099783b31,11-544-000-000,29
Облученский муниципальный район,2341,Облученский муниципальный район,exact_24_month_x_6_category_value_fingerprint,0,True,1,VERIFIED_DATA_LINEAGE_MATCH,2341,ba7ca7f1256dee78211c18b4818c62274012105d8bd820269ad4da136ea7770b,99-620-000-000,79
Одесский муниципальный район,1650,Одесский муниципальный район,exact_24_month_x_6_category_value_fingerprint,0,True,1,VERIFIED_DATA_LINEAGE_MATCH,1650,702d86acb00ccab9b34caec2467bef0f3edd34f978fdd95442bacfe1fb1ebfca,52-642-000-000,55
Одоевский муниципальный район,2182,Одоевский муниципальный район,exact_24_month_x_6_category_value_fingerprint,0,True,1,VERIFIED_DATA_LINEAGE_MATCH,2182,4288eec7368b40adbf62e835ff86318c73d070e1be42ceb2cd8e393f316226e6,70-636-000-000,71
Озинский муниципальный район,1937,Озинский муниципальный район,exact_24_month_x_6_category_value_fingerprint,0,True,1,VERIFIED_DATA_LINEAGE_MATCH,1937,87a5792c332a3e63051bc350e4e293af73e724eaf7327eb9c04ab224688cdd67,63-632-000-000,64
Оймяконский муниципальный район,332,Оймяконский муниципальный район,exact_24_month_x_6_category_value_fingerprint,0,True,1,VERIFIED_DATA_LINEAGE_MATCH,332,313a6cd9d3ea4ee07595ba6344ef55fe98a5af5d96e52cfd99953fd3fb7d38d5,98-639-000-000,14
Оконешниковский муниципальный район,1651,Оконешниковский муниципальный район,exact_24_month_x_6_category_value_fingerprint,0,True,1,VERIFIED_DATA_LINEAGE_MATCH,1651,63c59636b84e1076b097dfe1852d639b17dc46c30adb25d7dc98acd38ffbf5a0,52-643-000-000,55
Октябрьский муниципальный округ,795,Октябрьский муниципальный округ,exact_24_month_x_6_category_value_fingerprint,0,True,1,VERIFIED_DATA_LINEAGE_MATCH,795,ac0b01f89abd8588ae08e0546ebc55e6fb17e13af2cdd0795b6f97212f183f09,05-526-000-000,25
Окуловский муниципальный район,1587,Окуловский муниципальный район,exact_24_month_x_6_category_value_fingerprint,0,True,1,VERIFIED_DATA_LINEAGE_MATCH,1587,b870d8a8d7d16368c0f54fe257e77f2ab4d910a7745c2ba36d33f87d94a706ee,49-628-000-000,53
Олекминский муниципальный район,333,Олекминский муниципальный район,exact_24_month_x_6_category_value_fingerprint,0,True,1,VERIFIED_DATA_LINEAGE_MATCH,333,5da014f7a840d49cfc3931248c9314f6cef905ceab22b9147499912431949527,98-641-000-000,14
Оленекский эвенкийский национальный муниципальный район,334,Оленекский эвенкийский национальный муниципальный район,exact_24_month_x_6_category_value_fingerprint,0,True,1,VERIFIED_DATA_LINEAGE_MATCH,334,5c5b06622b4f4ce7932fa62bbd5883e3138d00740d708dc0feea0b4a17572ecb,98-642-000-000,14
Оловяннинский муниципальный район,591,Оловяннинский муниципальный район,exact_24_month_x_6_category_value_fingerprint,0,True,1,VERIFIED_DATA_LINEAGE_MATCH,591,04ec6501f1a09a37c7ac66a791de915f50f7bfe28151fe776d62f92a6e828011,76-632-000-000,75
Олонецкий муниципальный район,216,Олонецкий муниципальный район,exact_24_month_x_6_category_value_fingerprint,0,True,1,VERIFIED_DATA_LINEAGE_MATCH,216,7a9fc759aa9c3d5dd6a3e5c51ca1b6456b0d003c568faa91c545289c218505ae,86-630-000-000,10
Ольгинский муниципальный округ,796,Ольгинский муниципальный округ,exact_24_month_x_6_category_value_fingerprint,0,True,1,VERIFIED_DATA_LINEAGE_MATCH,796,5b406a33d7393d3539ad1a814e99178f0375cf9195a9df3b52beaed51f038dbb,05-528-000-000,25
Ольховский муниципальный район,1034,Ольховский муниципальный район,exact_24_month_x_6_category_value_fingerprint,0,True,1,VERIFIED_DATA_LINEAGE_MATCH,1034,4041f32056f5b61a7c96b03e07769254d963d71ea2f143f08325a9d620c7d192,18-643-000-000,34
Ольхонский муниципальный район,1159,Ольхонский муниципальный район,exact_24_month_x_6_category_value_fingerprint,0,True,1,VERIFIED_DATA_LINEAGE_MATCH,1159,72b2ceacfb5f07ffb08bb399e9123d8afc3ae207cff08a88cd9564b128ae7cca,25-630-000-000,38
Олюторский муниципальный район,619,Олюторский муниципальный район,exact_24_month_x_6_category_value_fingerprint,0,True,1,VERIFIED_DATA_LINEAGE_MATCH,619,c39b28e66d3aba6e3efe0622fed03c2fe0d34a234e96ed64c833913c67afd1ed,30-827-000-000,41
Омский муниципальный район,1652,Омский муниципальный район,exact_24_month_x_6_category_value_fingerprint,0,True,1,VERIFIED_DATA_LINEAGE_MATCH,1652,0cb925f009e11e54cb4b5a0b49577dc8777c0c29560394f9c6a8db8bc82ba5cb,52-644-000-000,55
Омутинский муниципальный район,2206,Омутинский муниципальный район,exact_24_month_x_6_category_value_fingerprint,0,True,1,VERIFIED_DATA_LINEAGE_MATCH,2206,8516ebf29fa06be69c8b1701fc09bb38a9f4fef143b2d4337337956f03103837,71-634-000-000,72
Омутнинский муниципальный район,1285,Омутнинский муниципальный район,exact_24_month_x_6_category_value_fingerprint,0,True,1,VERIFIED_DATA_LINEAGE_MATCH,1285,2875d186fa38ca5ed4b30820cad4d27343fdc4c79f8a85a033313652f16a2b2d,33-628-000-000,43
Онгудайский муниципальный район,13,Онгудайский муниципальный район,exact_24_month_x_6_category_value_fingerprint,0,True,1,VERIFIED_DATA_LINEAGE_MATCH,13,b8247663fdb8f1abe97e2b508832532e50f8aacf2a0a32e8d73f9ae02d9ca1ca,84-620-000-000,4
Онежский муниципальный район,909,Онежский муниципальный район,exact_24_month_x_6_category_value_fingerprint,0,True,1,VERIFIED_DATA_LINEAGE_MATCH,909,604d3c5b2d25e3a3ddca82bc15c0ade4f3b637248c57d48e22134eeab6d49efd,11-646-000-000,29
Ононский муниципальный округ,592,Ононский муниципальный округ,exact_24_month_x_6_category_value_fingerprint,0,True,1,VERIFIED_DATA_LINEAGE_MATCH,592,93e367432e4320be2a4f30ae4fb7cc774cfe7e17f2d03f8d54c32b385a10d549,76-534-000-000,75
Орджоникидзевский муниципальный район,457,Орджоникидзевский муниципальный район,exact_24_month_x_6_category_value_fingerprint,0,True,1,VERIFIED_DATA_LINEAGE_MATCH,457,9ed692bb54081b527f8c68d4e2160b1331bb2cd648373786e4006d1152c8c682,95-620-000-000,19
Ордынский муниципальный район,1621,Ордынский муниципальный район,exact_24_month_x_6_category_value_fingerprint,0,True,1,VERIFIED_DATA_LINEAGE_MATCH,1621,207837cd5072e7a6510033656af35f1f38d6d5caf79d4e6398ff2d0688354490,50-642-000-000,54
Оричевский муниципальный район,1287,Оричевский муниципальный район,exact_24_month_x_6_category_value_fingerprint,0,True,1,VERIFIED_DATA_LINEAGE_MATCH,1287,3bd7cf053cdeb894d412592ae1d03e8a6d1f968032f0b81c62968284de5932f1,33-630-000-000,43
Орловский муниципальный район,1288,Орловский муниципальный район,exact_24_month_x_6_category_value_fingerprint,0,True,1,VERIFIED_DATA_LINEAGE_MATCH,1288,1907ff2eeb7d666ed86b0baa0893a4bdd19e6d5d3dd2578fd8c87965c0580b6b,33-645-000-000,43
Оршанский муниципальный район,281,Оршанский муниципальный район,exact_24_month_x_6_category_value_fingerprint,0,True,1,VERIFIED_DATA_LINEAGE_MATCH,281,05c78d98f91933e59a0447fa080ccbfcc66c11d513cbc73ec1008108c1ca2cf7,88-640-000-000,12
Осинский муниципальный район,1174,Осинский муниципальный район,exact_24_month_x_6_category_value_fingerprint,0,True,1,VERIFIED_DATA_LINEAGE_MATCH,1174,761a76c7124f88dce0e93c6a78613cbfcf0131822d5ec9ecf56f43d294bc41a8,25-631-000-000,38
Островский муниципальный округ,1323,Островский муниципальный округ,exact_24_month_x_6_category_value_fingerprint,0,True,1,VERIFIED_DATA_LINEAGE_MATCH,1323,2ec45d02d5ba69dcf05d9a62dccacd3eeafd11186ae75fcb62417878f0c9a7e0,34-530-000-000,44
Островский муниципальный район,1778,Островский муниципальный район,exact_24_month_x_6_category_value_fingerprint,0,True,1,VERIFIED_DATA_LINEAGE_MATCH,1778,a7a47dad6ed60cd44f0be7693758d84e62ae896cb4c4db8708a83ef6d4c82756,58-633-000-000,60
Охотский муниципальный округ,854,Охотский муниципальный округ,exact_24_month_x_6_category_value_fingerprint,0,True,1,VERIFIED_DATA_LINEAGE_MATCH,854,eedb3bd840b85fa5257d1713ed4adc4729873cc8f76e87894d72317717554e61,08-534-000-000,27
Павинский муниципальный округ,1324,Павинский муниципальный округ,exact_24_month_x_6_category_value_fingerprint,0,True,1,VERIFIED_DATA_LINEAGE_MATCH,1324,62a1f5ec895e53e4ada587e4b70d30d0ac3573dfa9bb29ca5be144318ae3d673,34-532-000-000,44
Павловский муниципальный округ,1563,Павловский муниципальный округ,exact_24_month_x_6_category_value_fingerprint,0,True,1,VERIFIED_DATA_LINEAGE_MATCH,1563,e4ecc62d57e93445a54bb992937652b874789b13e09a771f3c2f6182fe3ef134,22-542-000-000,52
Павлоградский муниципальный район,1653,Павлоградский муниципальный район,exact_24_month_x_6_category_value_fingerprint,0,True,1,VERIFIED_DATA_LINEAGE_MATCH,1653,61db856ac9fbb29f0baa8e84d8149e079fbe5f46509b78e88a2a6371b2be6fbc,52-646-000-000,55
Палехский муниципальный район,1123,Палехский муниципальный район,exact_24_month_x_6_category_value_fingerprint,0,True,1,VERIFIED_DATA_LINEAGE_MATCH,1123,3f969ea0519b711ef6414fef382be37252c4cbcd25adc02500f5d288f1ee14b3,24-617-000-000,37
Палласовский муниципальный район,1035,Палласовский муниципальный район,exact_24_month_x_6_category_value_fingerprint,0,True,1,VERIFIED_DATA_LINEAGE_MATCH,1035,ef315a448b0fab554ff5b94e3a1305b4162b60b791422b2034fd6bbbcd50735f,18-645-000-000,34
Панкрушихинский муниципальный район,544,Панкрушихинский муниципальный район,exact_24_month_x_6_category_value_fingerprint,0,True,1,VERIFIED_DATA_LINEAGE_MATCH,544,876b7b265182af6591b7732f4007d6d50c45d4d7c7f2d77c0e4e0d4a66ec7782,01-631-000-000,22
Парабельский муниципальный район,2158,Парабельский муниципальный район,exact_24_month_x_6_category_value_fingerprint,0,True,1,VERIFIED_DATA_LINEAGE_MATCH,2158,ea901e20774329ff61838710e0dd1b55e32a93e08e99f9f04ca1d632546a799f,69-644-000-000,70
Параньгинский муниципальный район,282,Параньгинский муниципальный район,exact_24_month_x_6_category_value_fingerprint,0,True,1,VERIFIED_DATA_LINEAGE_MATCH,282,ef63d7879007365489e17f5633d8942dd88c777f36d726b259ddcdbaeb0f5515,88-644-000-000,12
Партизанский муниципальный округ,797,Партизанский муниципальный округ,exact_24_month_x_6_category_value_fingerprint,0,True,1,VERIFIED_DATA_LINEAGE_MATCH,797,791f51ee4ee75615f3a4e37423d2ac7f6c73ed2a30059f1e0d5a2b324d4bdc2d,05-530-000-000,25
Партизанский муниципальный район,712,Партизанский муниципальный район,exact_24_month_x_6_category_value_fingerprint,0,True,1,VERIFIED_DATA_LINEAGE_MATCH,712,546eed38d1eb30d81de4c500e0712f25f13a535375fc5f6a673aeb464c6cffcf,04-643-000-000,24
Парфеньевский муниципальный округ,1325,Парфеньевский муниципальный округ,exact_24_month_x_6_category_value_fingerprint,0,True,1,VERIFIED_DATA_LINEAGE_MATCH,1325,30199bc36aa7e41e8820403a1f9b27f7c35d29d4755ff834696643d495fa3378,34-534-000-000,44
Парфинский муниципальный район,1588,Парфинский муниципальный район,exact_24_month_x_6_category_value_fingerprint,0,True,1,VERIFIED_DATA_LINEAGE_MATCH,1588,91972b1f64e3fb81bb9b4d404abb663dca896446eb1916c29cde41d5ed728442,49-630-000-000,53
Пачелмский муниципальный район,1757,Пачелмский муниципальный район,exact_24_month_x_6_category_value_fingerprint,0,True,1,VERIFIED_DATA_LINEAGE_MATCH,1757,55b8d7018265b533e90a6b33ea39723814a80cc1bf3788eb783e43665a1079b2,56-654-000-000,58
Пензенский муниципальный район,1758,Пензенский муниципальный район,exact_24_month_x_6_category_value_fingerprint,0,True,1,VERIFIED_DATA_LINEAGE_MATCH,1758,7a1afb9bde8de7b521d706a0d24a87352932443ca1443af0f0acc2d81ac4ad97,56-655-000-000,58
Первомайский муниципальный округ,2089,Первомайский муниципальный округ,exact_24_month_x_6_category_value_fingerprint,0,True,1,VERIFIED_DATA_LINEAGE_MATCH,2089,c6c2d04108bc9e6238bd05015ee663cacfb3799520ba643bf275bdafb5c50a5d,68-522-000-000,68
Переволоцкий муниципальный район,1697,Переволоцкий муниципальный район,exact_24_month_x_6_category_value_fingerprint,0,True,1,VERIFIED_DATA_LINEAGE_MATCH,1697,a8a14598798941035b362288cdcb94b0b87b9691e990faa01d776c5dea3444f2,53-637-000-000,56
Перелюбский муниципальный район,1938,Перелюбский муниципальный район,exact_24_month_x_6_category_value_fingerprint,0,True,1,VERIFIED_DATA_LINEAGE_MATCH,1938,5b3655f8d2aba03bbb4c468bc59af970fefd237ac568d5e1a1fed8c9c307a45c,63-634-000-000,64
Пестравский муниципальный район,1901,Пестравский муниципальный район,exact_24_month_x_6_category_value_fingerprint,0,True,1,VERIFIED_DATA_LINEAGE_MATCH,1901,049ae4db27b512d530ec640f405e3b4f636b5ab4412ae664a97ea63865b31b64,36-632-000-000,63
Пестречинский муниципальный район,388,Пестречинский муниципальный район,exact_24_month_x_6_category_value_fingerprint,0,True,1,VERIFIED_DATA_LINEAGE_MATCH,388,9b80d507dee55a1e2d2f99e15cdb4f7cbe98f5afaa9d3dfb4d56290ba3f95b47,92-648-000-000,16
Пестяковский муниципальный район,1124,Пестяковский муниципальный район,exact_24_month_x_6_category_value_fingerprint,0,True,1,VERIFIED_DATA_LINEAGE_MATCH,1124,8892aad1781d173e88d0b997eedda0d12437e99d38953707f6ad3ac8e20b1d05,24-619-000-000,37
Петровск-Забайкальский муниципальный район,593,Петровск-Забайкальский муниципальный район,exact_24_month_x_6_category_value_fingerprint,0,True,1,VERIFIED_DATA_LINEAGE_MATCH,593,c91ea62fb3535f3ea2e7780a125103e73c60fd0e72be27d78768e497a698aef4,76-636-000-000,75
Петровский муниципальный район,1939,Петровский муниципальный район,exact_24_month_x_6_category_value_fingerprint,0,True,1,VERIFIED_DATA_LINEAGE_MATCH,1939,5230779aae9f13e943d0500c6f2a73193fec54d81b04f6975f46a4cb772585c5,63-635-000-000,64
Петропавловский муниципальный район,546,Петропавловский муниципальный район,exact_24_month_x_6_category_value_fingerprint,0,True,1,VERIFIED_DATA_LINEAGE_MATCH,546,4bb6283f4b1be92731db0c73d67b4a463fb37a3b5930ec2c0a43e1ffaae3d376,01-633-000-000,22
Петуховский муниципальный округ,1348,Петуховский муниципальный округ,exact_24_month_x_6_category_value_fingerprint,0,True,1,VERIFIED_DATA_LINEAGE_MATCH,1348,db4fee0729bcedf945cb7815fa1071cb98b2c82b95d73e0ab5331536c094dcac,37-526-000-000,45
Петушинский муниципальный район,1001,Петушинский муниципальный район,exact_24_month_x_6_category_value_fingerprint,0,True,1,VERIFIED_DATA_LINEAGE_MATCH,1001,7e8840861618f8a6809cb3308663180e3b9b0048e1ff5b53f8a4fe24ff0a89bd,17-646-000-000,33
Печенгский муниципальный округ,1521,Печенгский муниципальный округ,exact_24_month_x_6_category_value_fingerprint,0,True,1,VERIFIED_DATA_LINEAGE_MATCH,1521,9cec69f27689248b0ec4b45109775c2440641d27f822bbfd4d0690df5ef52ba5,47-515-000-000,51
Пий-Хемский муниципальный район,408,Пий-Хемский муниципальный район,exact_24_month_x_6_category_value_fingerprint,0,True,1,VERIFIED_DATA_LINEAGE_MATCH,408,18f89aaee96f74a5fac34b7c44ed2923d59ddbb9e455b51bebbb4b37427db947,93-635-000-000,17
Пильнинский муниципальный округ,1564,Пильнинский муниципальный округ,exact_24_month_x_6_category_value_fingerprint,0,True,1,VERIFIED_DATA_LINEAGE_MATCH,1564,bd93f643e0e3fa88763fe859cb859446741b8b8639f973fbf5cb371ee573040b,22-545-000-000,52
Пировский муниципальный округ,713,Пировский муниципальный округ,exact_24_month_x_6_category_value_fingerprint,0,True,1,VERIFIED_DATA_LINEAGE_MATCH,713,1645bb27588986cd9c14b01890725a61a4608a04c266c9e966cd406caa458779,04-545-000-000,24
Пителинский муниципальный район,1858,Пителинский муниципальный район,exact_24_month_x_6_category_value_fingerprint,0,True,1,VERIFIED_DATA_LINEAGE_MATCH,1858,cc8c25326324670a31bab17865a9e1d49c115988886ee2a37890b039bf1080a1,61-623-000-000,62
Питерский муниципальный район,1940,Питерский муниципальный район,exact_24_month_x_6_category_value_fingerprint,0,True,1,VERIFIED_DATA_LINEAGE_MATCH,1940,fbfc8b87ab3c7f68f45231315449747738f9df879cdc1c5eff4baf148692981a,63-636-000-000,64
Питкярантский муниципальный округ,217,Питкярантский муниципальный округ,exact_24_month_x_6_category_value_fingerprint,0,True,1,VERIFIED_DATA_LINEAGE_MATCH,217,da60f74f8529790e5d1e832dbd8faa41bb21b3a9e467e0aa73caf69c85ebc3e2,86-533-000-000,10
Пичаевский муниципальный округ,2091,Пичаевский муниципальный округ,exact_24_month_x_6_category_value_fingerprint,0,True,1,VERIFIED_DATA_LINEAGE_MATCH,2091,fb94a0dd345114e3550a95511c1cbc632d74b3bace0bef3801ce4a1aa8c799eb,68-526-000-000,68
Плавский муниципальный район,2183,Плавский муниципальный район,exact_24_month_x_6_category_value_fingerprint,0,True,1,VERIFIED_DATA_LINEAGE_MATCH,2183,1e48c82bde9282862eb62d532865d18249ecdde765eb07c42f7d9681da6b8334,70-638-000-000,71
Пластовский муниципальный район,2310,Пластовский муниципальный район,exact_24_month_x_6_category_value_fingerprint,0,True,1,VERIFIED_DATA_LINEAGE_MATCH,2310,6fce59ba18ab6d20c17011efb9aae04d3ebf539659478caa205013fbaa2ddb93,75-648-000-000,74
Плесецкий муниципальный округ,911,Плесецкий муниципальный округ,exact_24_month_x_6_category_value_fingerprint,0,True,1,VERIFIED_DATA_LINEAGE_MATCH,911,f71405d2612188fe1686ab98eb38de8cb995a3bf11447639e14e09dfe8418d13,11-550-000-000,29
Плюсский муниципальный район,1781,Плюсский муниципальный район,exact_24_month_x_6_category_value_fingerprint,0,True,1,VERIFIED_DATA_LINEAGE_MATCH,1781,4b905deb931c6b50ff947666555cf361adbcb1f0818f86471156917b638d25c6,58-643-000-000,60
Пограничный муниципальный округ,798,Пограничный муниципальный округ,exact_24_month_x_6_category_value_fingerprint,0,True,1,VERIFIED_DATA_LINEAGE_MATCH,798,0ad2cd2f579206079da62295247ce71a4354f231788ce472fbb567357f29e408,05-532-000-000,25
Поддорский муниципальный район,1590,Поддорский муниципальный район,exact_24_month_x_6_category_value_fingerprint,0,True,1,VERIFIED_DATA_LINEAGE_MATCH,1590,2c942a5f6e414cd98bf799f886a6f18e9f7595e865c59915f3f87736a64193ee,49-634-000-000,53
Подосиновский муниципальный район,1290,Подосиновский муниципальный район,exact_24_month_x_6_category_value_fingerprint,0,True,1,VERIFIED_DATA_LINEAGE_MATCH,1290,79d93d69eb3cfa0117ad80ad0ac98bfb3dc3a8f6344ccad72b5772988ee9f990,33-632-000-000,43
Подпорожский муниципальный район,1404,Подпорожский муниципальный район,exact_24_month_x_6_category_value_fingerprint,0,True,1,VERIFIED_DATA_LINEAGE_MATCH,1404,441e5253db293be2472536452a1ac371699e9a85bcacd1235b6798a863970211,41-636-000-000,47
Пожарский муниципальный округ,799,Пожарский муниципальный округ,exact_24_month_x_6_category_value_fingerprint,0,True,1,VERIFIED_DATA_LINEAGE_MATCH,799,8f668f746d2c4b9e7a19e205e57e4fba084bddd3c385f53b8e9f383f3db1c51e,05-534-000-000,25
Покровский муниципальный район,1727,Покровский муниципальный район,exact_24_month_x_6_category_value_fingerprint,0,True,1,VERIFIED_DATA_LINEAGE_MATCH,1727,4ceff23cfbc89b8ed6cbe06f267bf4795e89db047b7dbb126893423191edce0f,54-650-000-000,57
Половинский муниципальный округ,1349,Половинский муниципальный округ,exact_24_month_x_6_category_value_fingerprint,0,True,1,VERIFIED_DATA_LINEAGE_MATCH,1349,ffe511cdcf8aac52bf705b45265c16d04b853435f24e45989a0320c19fdfa65d,37-528-000-000,45
Полтавский муниципальный район,1654,Полтавский муниципальный район,exact_24_month_x_6_category_value_fingerprint,0,True,1,VERIFIED_DATA_LINEAGE_MATCH,1654,dea8cefbb22a655c014ffa191bd6f3b9100db00fe8c7fdf3643baf3530904a48,52-648-000-000,55
Поназыревский муниципальный округ,1326,Поназыревский муниципальный округ,exact_24_month_x_6_category_value_fingerprint,0,True,1,VERIFIED_DATA_LINEAGE_MATCH,1326,2a858f935e1b3142b844a9773a273cf9db8756ea960079fb46703dcce8c54901,34-536-000-000,44
Пономарёвский муниципальный район,1698,Пономарёвский муниципальный район,exact_24_month_x_6_category_value_fingerprint,0,True,1,VERIFIED_DATA_LINEAGE_MATCH,1698,a3e01e42293591f13f1d5aea9bb5de3e982214a5d3cb18321713ca8a72793629,53-638-000-000,56
Порецкий муниципальный округ,495,Порецкий муниципальный округ,exact_24_month_x_6_category_value_fingerprint,0,True,1,VERIFIED_DATA_LINEAGE_MATCH,495,31e57da3e61b84c8e63df2e7cee65cf2e7cb475637ff6b5ea28fbdf4577b805d,97-535-000-000,21
Порховский муниципальный район,1782,Порховский муниципальный район,exact_24_month_x_6_category_value_fingerprint,0,True,1,VERIFIED_DATA_LINEAGE_MATCH,1782,6bbd1fd97dc45e8800283c5a4a0741868cc16a77b45cfc8a2cf4ed55b27bdf0b,58-647-000-000,60
Поспелихинский муниципальный район,547,Поспелихинский муниципальный район,exact_24_month_x_6_category_value_fingerprint,0,True,1,VERIFIED_DATA_LINEAGE_MATCH,547,756a2273439d5f5f245f5358174a258c6b5e3d30f041f39b50c7d02e4019a615,01-634-000-000,22
Похвистневский муниципальный район,1902,Похвистневский муниципальный район,exact_24_month_x_6_category_value_fingerprint,0,True,1,VERIFIED_DATA_LINEAGE_MATCH,1902,e20bf173d89be2a6b04377ac1970582db385acbf3bff9dc1db07d09da05322a6,36-634-000-000,63
Починковский муниципальный округ,1565,Починковский муниципальный округ,exact_24_month_x_6_category_value_fingerprint,0,True,1,VERIFIED_DATA_LINEAGE_MATCH,1565,5ee3493911bb1efdc02ad7e771b5c698de981cf593736b3edfe036ceb1796ce3,22-546-000-000,52
Починковский муниципальный район,2059,Починковский муниципальный район,exact_24_month_x_6_category_value_fingerprint,0,True,1,VERIFIED_DATA_LINEAGE_MATCH,2059,03a4c2bf62530612211ff109e2492bb499dc31164cf63939cdd9da47f61bbb92,66-633-000-000,67
Пошехонский муниципальный район,2332,Пошехонский муниципальный район,exact_24_month_x_6_category_value_fingerprint,0,True,1,VERIFIED_DATA_LINEAGE_MATCH,2332,62335acf780cdc0394eb52ab9a76708a220772dfc5ec5a154a5715190ba1b6c0,78-634-000-000,76
Правобережный муниципальный район,352,Правобережный муниципальный район,exact_24_month_x_6_category_value_fingerprint,0,True,1,VERIFIED_DATA_LINEAGE_MATCH,352,2e375841d8605d121a6213603d242104b08055aa2e730bd6571785bcb81c2693,90-635-000-000,15
Предгорный муниципальный округ,2881,Предгорный муниципальный округ,exact_24_month_x_6_category_value_fingerprint,0,True,1,VERIFIED_DATA_LINEAGE_MATCH,2881,46459ee5cc25d8c05a0678c0ab74dad0ab42fcb190441cafefe5369fd6175fae,07-548-000-000,26
Приаргунский муниципальный округ,594,Приаргунский муниципальный округ,exact_24_month_x_6_category_value_fingerprint,0,True,1,VERIFIED_DATA_LINEAGE_MATCH,594,77eeead254748d100cf49ba25e0df06bc352dd9b74012caf9b37ca3082bc29cf,76-538-000-000,75
Прилузский муниципальный район,235,Прилузский муниципальный район,exact_24_month_x_6_category_value_fingerprint,0,True,1,VERIFIED_DATA_LINEAGE_MATCH,235,b5e5157f682fdd4146ca7613c93f0b1a5962436853ccb8b2f5dc4333aa861ee6,87-624-000-000,11
Приморский муниципальный округ,912,Приморский муниципальный округ,exact_24_month_x_6_category_value_fingerprint,0,True,1,VERIFIED_DATA_LINEAGE_MATCH,912,5a29ab91a8f46efe155b06834e2480b6cf1b204af4ca6c1af7ef276c7f922c50,11-552-000-000,29
Приозерский муниципальный район,1405,Приозерский муниципальный район,exact_24_month_x_6_category_value_fingerprint,0,True,1,VERIFIED_DATA_LINEAGE_MATCH,1405,c6541aa23836ee3288a47cd2cc738fdc3af12fad40bc896b7e440f0dc58e5044,41-639-000-000,47
Прионежский муниципальный район,218,Прионежский муниципальный район,exact_24_month_x_6_category_value_fingerprint,0,True,1,VERIFIED_DATA_LINEAGE_MATCH,218,502030d1b29dc06aebbfa47c3c225d470552457fe1f3a8caef0c98a72ffb5a04,86-636-000-000,10
Притобольный муниципальный округ,1350,Притобольный муниципальный округ,exact_24_month_x_6_category_value_fingerprint,0,True,1,VERIFIED_DATA_LINEAGE_MATCH,1350,eb87e2ea0e14be4ce9db171c7f2b0bcfc37676d8cc801974d5545d5944781115,37-530-000-000,45
Прокопьевский муниципальный округ,3007,Прокопьевский муниципальный округ,exact_24_month_x_6_category_value_fingerprint,0,True,1,VERIFIED_DATA_LINEAGE_MATCH,3007,1a0fbc3f2c23c024efcd970e47b7a4ee860ca9dd6f6f714da31fb588a3b9b3b4,32-522-000-000,42
Промышленновский муниципальный округ,1249,Промышленновский муниципальный округ,exact_24_month_x_6_category_value_fingerprint,0,True,1,VERIFIED_DATA_LINEAGE_MATCH,1249,3dca43a0e1e2bfc5faa8fe4b6672854de9af9a0ce153d3bf2cd62a98a5c79e14,32-525-000-000,42
Пронский муниципальный район,1859,Пронский муниципальный район,exact_24_month_x_6_category_value_fingerprint,0,True,1,VERIFIED_DATA_LINEAGE_MATCH,1859,6d432b4d5b5a91305fe36323458e9923e2cc8718a41479e615c62252ef51fb21,61-625-000-000,62
Пряжинский муниципальный район,219,Пряжинский муниципальный район,exact_24_month_x_6_category_value_fingerprint,0,True,1,VERIFIED_DATA_LINEAGE_MATCH,219,3b708c6807bdeebb98aba1063f37deaa2d56e3e943ac7287fd5330f97e637686,86-639-000-000,10
Псковский муниципальный район,1783,Псковский муниципальный район,exact_24_month_x_6_category_value_fingerprint,0,True,1,VERIFIED_DATA_LINEAGE_MATCH,1783,c8d26c9507f8ef40663d21fd8cb12ad7e4d0b0532977ea996432a1bcd36a6a05,58-649-000-000,60
Пугачевский муниципальный район,1941,Пугачевский муниципальный район,exact_24_month_x_6_category_value_fingerprint,0,True,1,VERIFIED_DATA_LINEAGE_MATCH,1941,092da81095d65438125b75136704bf5afe81a0f913cd4c5d804c356e17065e50,63-637-000-000,64
Пудожский муниципальный район,220,Пудожский муниципальный район,exact_24_month_x_6_category_value_fingerprint,0,True,1,VERIFIED_DATA_LINEAGE_MATCH,220,747c663cc59cfa83acb72f57286ad1439c08ae289078e2874f533f586a875457,86-642-000-000,10
Пустошкинский муниципальный район,1784,Пустошкинский муниципальный район,exact_24_month_x_6_category_value_fingerprint,0,True,1,VERIFIED_DATA_LINEAGE_MATCH,1784,2b05c4561ffe18f735213e759ef64ebb2ea1cd55bd880eb429a2eb808f90517d,58-650-000-000,60
Путятинский муниципальный округ,1860,Путятинский муниципальный округ,exact_24_month_x_6_category_value_fingerprint,0,True,1,VERIFIED_DATA_LINEAGE_MATCH,1860,e7518643c92f6608e47db622ada8762430c7c0336b7a8e720e2e5a482699ceab,61-526-000-000,62
Пучежский муниципальный район,1126,Пучежский муниципальный район,exact_24_month_x_6_category_value_fingerprint,0,True,1,VERIFIED_DATA_LINEAGE_MATCH,1126,62d317c13396c8d694f48a6c18664bdd889e38d985b46f7ac259e173fcb520e6,24-621-000-000,37
Пушкиногорский муниципальный район,1785,Пушкиногорский муниципальный район,exact_24_month_x_6_category_value_fingerprint,0,True,1,VERIFIED_DATA_LINEAGE_MATCH,1785,0448b407c30c3c7e7e353f56971bb202bc28124bb2973102e34cca28ff5da2f4,58-651-000-000,60
Пыщугский муниципальный округ,1327,Пыщугский муниципальный округ,exact_24_month_x_6_category_value_fingerprint,0,True,1,VERIFIED_DATA_LINEAGE_MATCH,1327,58457ab5b03ca4e8ff44a075921436ee1002a7dd487c04182ae47bc44a8c0a85,34-538-000-000,44
Радищевский муниципальный район,2266,Радищевский муниципальный район,exact_24_month_x_6_category_value_fingerprint,0,True,1,VERIFIED_DATA_LINEAGE_MATCH,2266,9702555d970173f026fa677286d1a9d3b8e77a08ddfed0a5c846825b26c24983,73-634-000-000,73
Ребрихинский муниципальный район,548,Ребрихинский муниципальный район,exact_24_month_x_6_category_value_fingerprint,0,True,1,VERIFIED_DATA_LINEAGE_MATCH,548,dd2370d0d157a56eae290fbc6f0e319b77e9f37dd6e201786694a4a8d80a4f5b,01-635-000-000,22
Ржаксинский муниципальный округ,2093,Ржаксинский муниципальный округ,exact_24_month_x_6_category_value_fingerprint,0,True,1,VERIFIED_DATA_LINEAGE_MATCH,2093,7182b2b818199e1035cf2cf68b4b09a5961e93be87108c47b47a5c95e80d041d,68-530-000-000,68
Ровенский муниципальный район,1942,Ровенский муниципальный район,exact_24_month_x_6_category_value_fingerprint,0,True,1,VERIFIED_DATA_LINEAGE_MATCH,1942,6db6498a50cd592633c15e934d950d6de3456e2e0d1f64165fbbef400bb69951,63-639-000-000,64
Родинский муниципальный район,549,Родинский муниципальный район,exact_24_month_x_6_category_value_fingerprint,0,True,1,VERIFIED_DATA_LINEAGE_MATCH,549,7fd664cede1a1d44c810defb6f2eff17efde21cd7d4a3ac0f2625e3b6ebc3037,01-636-000-000,22
Родниковский муниципальный район,1127,Родниковский муниципальный район,exact_24_month_x_6_category_value_fingerprint,0,True,1,VERIFIED_DATA_LINEAGE_MATCH,1127,4575e0ec87b3b37996761dc268f93fc01156c926641500454e4020223786d1ee,24-623-000-000,37
Ромненский муниципальный округ,882,Ромненский муниципальный округ,exact_24_month_x_6_category_value_fingerprint,0,True,1,VERIFIED_DATA_LINEAGE_MATCH,882,858e51414b4b91170e42b8bf6f5fac6452628ad4286cf67808ad05acbf826bfc,10-540-000-000,28
Ромодановский муниципальный район,302,Ромодановский муниципальный район,exact_24_month_x_6_category_value_fingerprint,0,True,1,VERIFIED_DATA_LINEAGE_MATCH,302,53135767919ebc8a4b3b01c4847494be691aa212bc4e49303f716a1b047a2248,89-640-000-000,13
Рославльский муниципальный район,2060,Рославльский муниципальный район,exact_24_month_x_6_category_value_fingerprint,0,True,1,VERIFIED_DATA_LINEAGE_MATCH,2060,3808c668d2f0332c1e6a052ca8ef421872bc791738433daf57d752098aed8c5e,66-636-000-000,67
Ростовский муниципальный район,2333,Ростовский муниципальный район,exact_24_month_x_6_category_value_fingerprint,0,True,1,VERIFIED_DATA_LINEAGE_MATCH,2333,43d60c8a99567fae3aac7e49fda9f0fb57fdad574ed3002fc8b9516c2a451d6e,78-637-000-000,76
Ртищевский муниципальный район,1944,Ртищевский муниципальный район,exact_24_month_x_6_category_value_fingerprint,0,True,1,VERIFIED_DATA_LINEAGE_MATCH,1944,5fc529ff43b26738e3c1ae4581a1431850047cef6e902cba8419e6237cb57890,63-641-000-000,64
Рузаевский муниципальный район,303,Рузаевский муниципальный район,exact_24_month_x_6_category_value_fingerprint,0,True,1,VERIFIED_DATA_LINEAGE_MATCH,303,f824c2333f835cff55c3f755a86ced28dad293451adde6ca720cf5e1df2f8875,89-643-000-000,13
Русско-Полянский муниципальный район,1655,Русско-Полянский муниципальный район,exact_24_month_x_6_category_value_fingerprint,0,True,1,VERIFIED_DATA_LINEAGE_MATCH,1655,9971955e6b51c4756548cdc04247ac36ec6a2c13b7a7672a75f8e9194142c87e,52-650-000-000,55
Рыбновский муниципальный район,1861,Рыбновский муниципальный район,exact_24_month_x_6_category_value_fingerprint,0,True,1,VERIFIED_DATA_LINEAGE_MATCH,1861,f0904c36aec4005e1adc73dc826dc1309c0dee594ac7bc5cabece56d860a4f42,61-627-000-000,62
Ряжский муниципальный округ,1862,Ряжский муниципальный округ,exact_24_month_x_6_category_value_fingerprint,0,True,1,VERIFIED_DATA_LINEAGE_MATCH,1862,74a2bb561db2232ff98a2c827fd53a1eaeccdf6850c0b8ed90adecc5304ac0a9,61-530-000-000,62
Рязанский муниципальный район,1863,Рязанский муниципальный район,exact_24_month_x_6_category_value_fingerprint,0,True,1,VERIFIED_DATA_LINEAGE_MATCH,1863,db544ae3714b19bbe2ccc2bb352afb957eb2d2def101d2a015d2bf8761fd6ecd,61-634-000-000,62
Сабинский муниципальный район,390,Сабинский муниципальный район,exact_24_month_x_6_category_value_fingerprint,0,True,1,VERIFIED_DATA_LINEAGE_MATCH,390,b23caf214ed77855130231d9805d86a4bec11698ef8da361e2b8048e3f0baa4f,92-652-000-000,16
Савинский муниципальный район,1128,Савинский муниципальный район,exact_24_month_x_6_category_value_fingerprint,0,True,1,VERIFIED_DATA_LINEAGE_MATCH,1128,24f40b955c13f2baef305d6aeaa3bb7e2f71e2cd9f84d2f4ce9afc06d7ea2e9b,24-625-000-000,37
Сакмарский муниципальный район,1699,Сакмарский муниципальный район,exact_24_month_x_6_category_value_fingerprint,0,True,1,VERIFIED_DATA_LINEAGE_MATCH,1699,567f0fb16daa9ae38a4d1bc8f7511e7fb0dab4477dd0428fabd3e680bf1101ac,53-640-000-000,56
Салаватский муниципальный район,71,Салаватский муниципальный район,exact_24_month_x_6_category_value_fingerprint,0,True,1,VERIFIED_DATA_LINEAGE_MATCH,71,f7ad37488350506b6a684ff012e82c8cc5a25e4e967d70be55b9efc9aa79a116,80-647-000-000,2
Самойловский муниципальный район,1945,Самойловский муниципальный район,exact_24_month_x_6_category_value_fingerprint,0,True,1,VERIFIED_DATA_LINEAGE_MATCH,1945,64fffb9773af1f5d8fd9302d8620cf57c1804f272cf4be83eda374234725f84e,63-642-000-000,64
Сампурский муниципальный округ,2094,Сампурский муниципальный округ,exact_24_month_x_6_category_value_fingerprint,0,True,1,VERIFIED_DATA_LINEAGE_MATCH,2094,1b06e2872e6d1517cf5707eaf0021eb6b8a7163cc684a6e450684054517d8df1,68-532-000-000,68
Сапожковский муниципальный район,1864,Сапожковский муниципальный район,exact_24_month_x_6_category_value_fingerprint,0,True,1,VERIFIED_DATA_LINEAGE_MATCH,1864,a64c02721f8fa9d5b7fced0941949ec0cb118d4423a62a658c7887e9ff189452,61-637-000-000,62
Сараевский муниципальный район,1865,Сараевский муниципальный район,exact_24_month_x_6_category_value_fingerprint,0,True,1,VERIFIED_DATA_LINEAGE_MATCH,1865,88b22c88575f7073fcd9065aff60fe3b27f0c95884104a02942732a89adddadd,61-640-000-000,62
Саракташский муниципальный район,1700,Саракташский муниципальный район,exact_24_month_x_6_category_value_fingerprint,0,True,1,VERIFIED_DATA_LINEAGE_MATCH,1700,d626f6e20c405116cf129b049f9cc27a02c2d7ddf938d910415a7316ecd4a4f8,53-641-000-000,56
Саргатский муниципальный район,1656,Саргатский муниципальный район,exact_24_month_x_6_category_value_fingerprint,0,True,1,VERIFIED_DATA_LINEAGE_MATCH,1656,cfaa28685b7d4e0df44df3b58da2f91856b3cc29c4b5c09e095425dc49a2933d,52-651-000-000,55
Сармановский муниципальный район,391,Сармановский муниципальный район,exact_24_month_x_6_category_value_fingerprint,0,True,1,VERIFIED_DATA_LINEAGE_MATCH,391,c1b680832f1e1942277797a6a5c86dcafd53b77b88fa7ce9f318234ead77c4a9,92-653-000-000,16
Сарпинский муниципальный район,188,Сарпинский муниципальный район,exact_24_month_x_6_category_value_fingerprint,0,True,1,VERIFIED_DATA_LINEAGE_MATCH,188,2ab877cb7526f29a280a2055883fa02aa478023d280651a4d754d5976873ba1a,85-632-000-000,8
Саткинский муниципальный район,2311,Саткинский муниципальный район,exact_24_month_x_6_category_value_fingerprint,0,True,1,VERIFIED_DATA_LINEAGE_MATCH,2311,658ba370b36a902aa202b09e4054eb60773ae8cdf7dacf72cb1442ef92ca0b4e,75-649-000-000,74
Сафакулевский муниципальный округ,1351,Сафакулевский муниципальный округ,exact_24_month_x_6_category_value_fingerprint,0,True,1,VERIFIED_DATA_LINEAGE_MATCH,1351,eeb79490ed1a5372b9748aa132f971f163e3f1da5dad5c66b71e0f751abf091e,37-532-000-000,45
Сафоновский муниципальный район,2062,Сафоновский муниципальный район,exact_24_month_x_6_category_value_fingerprint,0,True,1,VERIFIED_DATA_LINEAGE_MATCH,2062,39ae9285fe7936b398b84a6e63c08d55b948d971f33104c356e91029044efa04,66-641-000-000,67
Саянский муниципальный район,715,Саянский муниципальный район,exact_24_month_x_6_category_value_fingerprint,0,True,1,VERIFIED_DATA_LINEAGE_MATCH,715,cf1eed76985ee8a6923473c92fb7628a5b381bc3aa041c76a1c349091c699a7e,04-648-000-000,24
Свердловский муниципальный район,1728,Свердловский муниципальный район,exact_24_month_x_6_category_value_fingerprint,0,True,1,VERIFIED_DATA_LINEAGE_MATCH,1728,a4f73f25fe9f70ad7df57493e25e96342b5da81a78243e773ed418c045b04fc1,54-652-000-000,57
Светлинский муниципальный район,1701,Светлинский муниципальный район,exact_24_month_x_6_category_value_fingerprint,0,True,1,VERIFIED_DATA_LINEAGE_MATCH,1701,ffc4fdf7c450d986943bfae5750c2df2dc1f1b17fbef6f3963cd5b1cf039562a,53-642-000-000,56
Светлоярский муниципальный район,1037,Светлоярский муниципальный район,exact_24_month_x_6_category_value_fingerprint,0,True,1,VERIFIED_DATA_LINEAGE_MATCH,1037,40444d77b28ae158fc79ca63434c3d31639afa3c255e5e2c4bb5acd212ca229e,18-649-000-000,34
Свободненский муниципальный район,883,Свободненский муниципальный район,exact_24_month_x_6_category_value_fingerprint,0,True,1,VERIFIED_DATA_LINEAGE_MATCH,883,a9d0ba3edea56b5e45ee630e21cefa52147a9f3efe74f781abaa767f169719d6,10-642-000-000,28
Себежский муниципальный район,1787,Себежский муниципальный район,exact_24_month_x_6_category_value_fingerprint,0,True,1,VERIFIED_DATA_LINEAGE_MATCH,1787,3e42d18c808d36a550d878b9fa65290ec6c3588381d1625aa725cc8fb1916fdf,58-654-000-000,60
Северо-Енисейский муниципальный район,716,Северо-Енисейский муниципальный район,exact_24_month_x_6_category_value_fingerprint,0,True,1,VERIFIED_DATA_LINEAGE_MATCH,716,b56d2a3a9d6b9759c23d9f70a5c5df027790707f592e3521105a3affabbf85d2,04-649-000-000,24
Сегежский муниципальный округ,221,Сегежский муниципальный округ,exact_24_month_x_6_category_value_fingerprint,0,True,1,VERIFIED_DATA_LINEAGE_MATCH,221,14a64929ad1fd6b9d8d3aabfb018550c3ae39d5ef2098e40d363e2f855aa43e6,86-545-000-000,10
Седельниковский муниципальный район,1657,Седельниковский муниципальный район,exact_24_month_x_6_category_value_fingerprint,0,True,1,VERIFIED_DATA_LINEAGE_MATCH,1657,96583e6e0596c7c73b3980a7d90e481cd88ee6b68aa306bfa5cd46810895960f,52-652-000-000,55
Селемджинский муниципальный район,884,Селемджинский муниципальный район,exact_24_month_x_6_category_value_fingerprint,0,True,1,VERIFIED_DATA_LINEAGE_MATCH,884,53b69e09d6265def0418cc9832aeea7fdb55d444c25dc2dada01f42ff6e2b0b9,10-645-000-000,28
Селивановский муниципальный район,1002,Селивановский муниципальный район,exact_24_month_x_6_category_value_fingerprint,0,True,1,VERIFIED_DATA_LINEAGE_MATCH,1002,744b487ac93a1254a299a41fc292b514edd808631e3ea54ec277ac5ad8e8c096,17-648-000-000,33
Сенгилеевский муниципальный район,2267,Сенгилеевский муниципальный район,exact_24_month_x_6_category_value_fingerprint,0,True,1,VERIFIED_DATA_LINEAGE_MATCH,2267,7d99a54eb25bb57ec72c3bd746f26cb050c4e48d3173a8fc8be917bbdae5475a,73-636-000-000,73
Серафимовичский муниципальный район,1038,Серафимовичский муниципальный район,exact_24_month_x_6_category_value_fingerprint,0,True,1,VERIFIED_DATA_LINEAGE_MATCH,1038,289e80285cf9c9ba82a09f089353d2c88f15660711d3d80d9a330b873b744538,18-650-000-000,34
Сергачский муниципальный округ,1566,Сергачский муниципальный округ,exact_24_month_x_6_category_value_fingerprint,0,True,1,VERIFIED_DATA_LINEAGE_MATCH,1566,2c775c97fa28e0b17c88dd3ffcf20be85dbf7365d9ffb173b3844fd156d85726,22-548-000-000,52
Сергиевский муниципальный район,1904,Сергиевский муниципальный район,exact_24_month_x_6_category_value_fingerprint,0,True,1,VERIFIED_DATA_LINEAGE_MATCH,1904,9e9af8f9b77e2c6aaa12a81809c3bc5c673711092e053de14e782e3a8b946056,36-638-000-000,63
Сердобский муниципальный район,1759,Сердобский муниципальный район,exact_24_month_x_6_category_value_fingerprint,0,True,1,VERIFIED_DATA_LINEAGE_MATCH,1759,9ebf56197ad2efd3372cbacdd4ba545c85e71bc7f864a66301439b3ee003e65e,56-656-000-000,58
Сернурский муниципальный район,283,Сернурский муниципальный район,exact_24_month_x_6_category_value_fingerprint,0,True,1,VERIFIED_DATA_LINEAGE_MATCH,283,467a1cf97928ef65189e6a02cdca50237cff025eab140e04788f36db579b87c2,88-648-000-000,12
Серышевский муниципальный округ,885,Серышевский муниципальный округ,exact_24_month_x_6_category_value_fingerprint,0,True,1,VERIFIED_DATA_LINEAGE_MATCH,885,07c759cb0c9474876fcdb6210dbbbfd8468ca17e31826c500c67364913734b61,10-547-000-000,28
Сеченовский муниципальный округ,1567,Сеченовский муниципальный округ,exact_24_month_x_6_category_value_fingerprint,0,True,1,VERIFIED_DATA_LINEAGE_MATCH,1567,1bb23d78e796730f97dc4172430a9cbf91ccac602d338733aeb9f96481192ab8,22-549-000-000,52
Сковородинский муниципальный округ,886,Сковородинский муниципальный округ,exact_24_month_x_6_category_value_fingerprint,0,True,1,VERIFIED_DATA_LINEAGE_MATCH,886,138b2b388793ce96634f5dbc69e7424dc3fdcbe9da73a86d8b1774ed115db32f,10-549-000-000,28
Сладковский муниципальный район,2207,Сладковский муниципальный район,exact_24_month_x_6_category_value_fingerprint,0,True,1,VERIFIED_DATA_LINEAGE_MATCH,2207,5b8d3c86f802320b53cc5e1dd2649bbafbfcc4d09875dcfa14d37820705e9198,71-636-000-000,72
Сланцевский муниципальный район,1406,Сланцевский муниципальный район,exact_24_month_x_6_category_value_fingerprint,0,True,1,VERIFIED_DATA_LINEAGE_MATCH,1406,c9d57d596ea65dec9782f47ae2222c035258bd347297dd4cf417f87f88267727,41-642-000-000,47
Слободо-Туринский муниципальный район,2041,Слободо-Туринский муниципальный район,exact_24_month_x_6_category_value_fingerprint,0,True,1,VERIFIED_DATA_LINEAGE_MATCH,2041,a08558c99006fe8559c043922912af6901f69c629266deea5189aaf34a981f64,65-639-000-000,66
Слободской муниципальный район,1293,Слободской муниципальный район,exact_24_month_x_6_category_value_fingerprint,0,True,1,VERIFIED_DATA_LINEAGE_MATCH,1293,633d4345b27ee014262536d6e354252037805a1ed86728e82dec5b082bcd8056,33-635-000-000,43
Слюдянский муниципальный район,1160,Слюдянский муниципальный район,exact_24_month_x_6_category_value_fingerprint,0,True,1,VERIFIED_DATA_LINEAGE_MATCH,1160,7321e38be26c18a865eb5832426e592679b45e5bbb96cca8e6236ff7ea484829,25-634-000-000,38
Смидовичский муниципальный район,2343,Смидовичский муниципальный район,exact_24_month_x_6_category_value_fingerprint,0,True,1,VERIFIED_DATA_LINEAGE_MATCH,2343,21ef2ae72db8c2eab35e8697b7891763070b809c6ee8b2fa83f80e3ad4adfb7c,99-630-000-000,79
Собинский муниципальный район,1003,Собинский муниципальный район,exact_24_month_x_6_category_value_fingerprint,0,True,1,VERIFIED_DATA_LINEAGE_MATCH,1003,85fea6bd997da9f2de96f93902eaa12e6ac63a88d7b265a9218a1c2f56082f48,17-650-000-000,33
Соболевский муниципальный район,614,Соболевский муниципальный район,exact_24_month_x_6_category_value_fingerprint,0,True,1,VERIFIED_DATA_LINEAGE_MATCH,614,03b0e4c52219fb45513b59c9ab277fd47d8516d1aeddc657af6d4a1205069148,30-613-000-000,41
Советский муниципальный округ,825,Советский муниципальный округ,exact_24_month_x_6_category_value_fingerprint,0,True,1,VERIFIED_DATA_LINEAGE_MATCH,825,1f4a5e63fbe852d177b0b529900c0cebb7299bc8c86cb0e73e310a40a40beca6,07-550-000-000,26
Советско-Гаванский муниципальный район,856,Советско-Гаванский муниципальный район,exact_24_month_x_6_category_value_fingerprint,0,True,1,VERIFIED_DATA_LINEAGE_MATCH,856,7b4e8748813bd9dc4944fa7f71626d018b01f2eba20e273611fc57ff873dd359,08-642-000-000,27
Сокольский муниципальный округ,1063,Сокольский муниципальный округ,exact_24_month_x_6_category_value_fingerprint,0,True,1,VERIFIED_DATA_LINEAGE_MATCH,1063,8a31099eae91c8fe46b949eb18acf3f3e785cd794e4899d1ef99d322c759cec1,19-538-000-000,35
Солигаличский муниципальный округ,1328,Солигаличский муниципальный округ,exact_24_month_x_6_category_value_fingerprint,0,True,1,VERIFIED_DATA_LINEAGE_MATCH,1328,a8b25baa8bf4e2aa8b01cc2cff7043106f855ad4b06a26d1cca6b54c157bb4b1,34-540-000-000,44
Солнечный муниципальный район,857,Солнечный муниципальный район,exact_24_month_x_6_category_value_fingerprint,0,True,1,VERIFIED_DATA_LINEAGE_MATCH,857,e5683e2141c7dac26ed3bc831b547f89d65fe25fbb08d8780ccac99db6c0cef2,08-644-000-000,27
Солонешенский муниципальный район,555,Солонешенский муниципальный район,exact_24_month_x_6_category_value_fingerprint,0,True,1,VERIFIED_DATA_LINEAGE_MATCH,555,db6c526c6960679aac344a1c919c1365723da2b6a0d09d42c4acc12be313906e,01-643-000-000,22
Солтонский муниципальный район,556,Солтонский муниципальный район,exact_24_month_x_6_category_value_fingerprint,0,True,1,VERIFIED_DATA_LINEAGE_MATCH,556,0884c6d5f128ca7120d0df76f8551203f699157007b3e3b8d058b41d60b1be02,01-644-000-000,22
Сорокинский муниципальный район,2208,Сорокинский муниципальный район,exact_24_month_x_6_category_value_fingerprint,0,True,1,VERIFIED_DATA_LINEAGE_MATCH,2208,94691156ce4d938126457694e19095b1f0d45e0c3f64b2ec1b15407c0786b2a9,71-638-000-000,72
Сортавальский муниципальный район,222,Сортавальский муниципальный район,exact_24_month_x_6_category_value_fingerprint,0,True,1,VERIFIED_DATA_LINEAGE_MATCH,222,39ef936315041985ab5b4d48dd3637e5fbcd0e41c7b25c7d12f8f03354a259ee,86-610-000-000,10
Сосновоборский муниципальный район,1760,Сосновоборский муниципальный район,exact_24_month_x_6_category_value_fingerprint,0,True,1,VERIFIED_DATA_LINEAGE_MATCH,1760,8405bc4c8e8c703506425082c3a5ee1bbc28d288efe914e077fa118530849d92,56-657-000-000,58
Сосновский муниципальный район,2312,Сосновский муниципальный район,exact_24_month_x_6_category_value_fingerprint,0,True,1,VERIFIED_DATA_LINEAGE_MATCH,2312,d1f84fac481623401b52eb6b33367167593c5d2b8744b2a8dd5b54b0ff915b24,75-652-000-000,74
Спас-Деменский муниципальный район,1217,Спас-Деменский муниципальный район,exact_24_month_x_6_category_value_fingerprint,0,True,1,VERIFIED_DATA_LINEAGE_MATCH,1217,8d2eb8df76c88cee909bf04fd24496e7e7d2e970e544afe9fc9c7ceab343f58b,29-634-000-000,40
Спасский муниципальный округ,1569,Спасский муниципальный округ,exact_24_month_x_6_category_value_fingerprint,0,True,1,VERIFIED_DATA_LINEAGE_MATCH,1569,6251d8019924b633fff21ca807b4768f614e73469586beedbf27ea51751f818d,22-551-000-000,52
Среднеахтубинский муниципальный район,1039,Среднеахтубинский муниципальный район,exact_24_month_x_6_category_value_fingerprint,0,True,1,VERIFIED_DATA_LINEAGE_MATCH,1039,7151bd9d05f004b34bedbea3dd8f47bb6dcde69853c65a84452ca919fb10e8d6,18-651-000-000,34
Среднеколымский муниципальный район,335,Среднеколымский муниципальный район,exact_24_month_x_6_category_value_fingerprint,0,True,1,VERIFIED_DATA_LINEAGE_MATCH,335,19af6b5dfc51096138e0eee83b5487b50221da46718c2958f097ef36bc4bf930,98-646-000-000,14
Сретенский муниципальный район,595,Сретенский муниципальный район,exact_24_month_x_6_category_value_fingerprint,0,True,1,VERIFIED_DATA_LINEAGE_MATCH,595,31a9b7de34745309c81648dd6bb44acddb4b27f853bafdd3f43afaa9f2ba494d,76-640-000-000,75
Ставропольский муниципальный район,1905,Ставропольский муниципальный район,exact_24_month_x_6_category_value_fingerprint,0,True,1,VERIFIED_DATA_LINEAGE_MATCH,1905,688fd4f2b5093fbcf37fefabee2b7ce19d38b1efcd420fdb122d87125061c503,36-640-000-000,63
Становлянский муниципальный район,1425,Становлянский муниципальный район,exact_24_month_x_6_category_value_fingerprint,0,True,1,VERIFIED_DATA_LINEAGE_MATCH,1425,b3c09960ebcfb17c59e6d7bf5f7c57513a4313228fbabe86ef9f8c76e3622712,42-642-000-000,48
Старожиловский муниципальный район,1869,Старожиловский муниципальный район,exact_24_month_x_6_category_value_fingerprint,0,True,1,VERIFIED_DATA_LINEAGE_MATCH,1869,3401c7f6d74b73ad3929b411e17469718cd51c0cf5d016144a3b7e177e20990a,61-648-000-000,62
Старокулаткинский муниципальный район,2268,Старокулаткинский муниципальный район,exact_24_month_x_6_category_value_fingerprint,0,True,1,VERIFIED_DATA_LINEAGE_MATCH,2268,8c3711ce6b4f2f81004f975fcb0baae4d1567ad1b728d4bd7a60920f63b11b2c,73-639-000-000,73
Старомайнский муниципальный район,2269,Старомайнский муниципальный район,exact_24_month_x_6_category_value_fingerprint,0,True,1,VERIFIED_DATA_LINEAGE_MATCH,2269,d513636d771ec3f3cd70b06ee1a7f977d0f1031bd2c2e53603e56b898d9d52fc,73-642-000-000,73
Старополтавский муниципальный район,1040,Старополтавский муниципальный район,exact_24_month_x_6_category_value_fingerprint,0,True,1,VERIFIED_DATA_LINEAGE_MATCH,1040,5ff86c93274578f48714519cc74cbfe738c1846265a1bb67664a9c1dbcabb23a,18-652-000-000,34
Старорусский муниципальный район,1592,Старорусский муниципальный район,exact_24_month_x_6_category_value_fingerprint,0,True,1,VERIFIED_DATA_LINEAGE_MATCH,1592,0251110bc565b3f7f3ba6f1305558e3100f2c171e2f5c98d1dfc9a8cd6f532c1,49-639-000-000,53
Старошайговский муниципальный район,304,Старошайговский муниципальный район,exact_24_month_x_6_category_value_fingerprint,0,True,1,VERIFIED_DATA_LINEAGE_MATCH,304,c0a4c16e2832c08d2d623e362b176f5afc7d13e5706dd4acaaf45c284c0034e2,89-646-000-000,13
Староюрьевский муниципальный округ,2096,Староюрьевский муниципальный округ,exact_24_month_x_6_category_value_fingerprint,0,True,1,VERIFIED_DATA_LINEAGE_MATCH,2096,06442b252e5a2537d4a5e90dbd4a82eb5583327d350d8b91e14ac5aaf4e4c974,68-536-000-000,68
Степновский муниципальный округ,838,Степновский муниципальный округ,exact_24_month_x_6_category_value_fingerprint,0,True,1,VERIFIED_DATA_LINEAGE_MATCH,838,52a9168a9476b4aba3e9b0c07f4dfc4d9820efc381eed5449ecac67f20668440,07-552-000-000,26
Стерлибашевский муниципальный район,72,Стерлибашевский муниципальный район,exact_24_month_x_6_category_value_fingerprint,0,True,1,VERIFIED_DATA_LINEAGE_MATCH,72,0d4ae20ae62bd8906723f1b3f0482a96d541c132d7a71d518a3972783f400c34,80-648-000-000,2
Стерлитамакский муниципальный район,73,Стерлитамакский муниципальный район,exact_24_month_x_6_category_value_fingerprint,0,True,1,VERIFIED_DATA_LINEAGE_MATCH,73,5f32b6ef53112af061c359577cfce439ef55700121defb668f13ac18c7103f2e,80-649-000-000,2
Суворовский муниципальный район,2184,Суворовский муниципальный район,exact_24_month_x_6_category_value_fingerprint,0,True,1,VERIFIED_DATA_LINEAGE_MATCH,2184,d0741d8f7abd22cce394c55e9929393e7ba73ac51b3a0022fee702d21cb3b305,70-640-000-000,71
Судиславский муниципальный район,1329,Судиславский муниципальный район,exact_24_month_x_6_category_value_fingerprint,0,True,1,VERIFIED_DATA_LINEAGE_MATCH,1329,f596408b18c2fd2d5b6de17e150fa494933e474ecac679784be432bece318240,34-642-000-000,44
Судогодский муниципальный район,1004,Судогодский муниципальный район,exact_24_month_x_6_category_value_fingerprint,0,True,1,VERIFIED_DATA_LINEAGE_MATCH,1004,07f73f72ab6996bf401367d3b1bd991acf35acbb6f719f7caf05feabc106c11a,17-652-000-000,33
Суздальский муниципальный район,1005,Суздальский муниципальный район,exact_24_month_x_6_category_value_fingerprint,0,True,1,VERIFIED_DATA_LINEAGE_MATCH,1005,b64138c19c4cc46e3afcca2b1a73722f52de06f215bd479dbf4eb075c116b37d,17-654-000-000,33
Сузунский муниципальный район,1623,Сузунский муниципальный район,exact_24_month_x_6_category_value_fingerprint,0,True,1,VERIFIED_DATA_LINEAGE_MATCH,1623,920a1b8451c7313d7ea23edb9ca820d746d9ff1d078c3ab8b4673fb997a3482b,50-648-000-000,54
Сунский муниципальный район,1295,Сунский муниципальный район,exact_24_month_x_6_category_value_fingerprint,0,True,1,VERIFIED_DATA_LINEAGE_MATCH,1295,8bac86d019e70a2f30f4e649beda39dc20321e4a91f76f9a09a585b47e238aa2,33-637-000-000,43
Сунтарский муниципальный район,336,Сунтарский муниципальный район,exact_24_month_x_6_category_value_fingerprint,0,True,1,VERIFIED_DATA_LINEAGE_MATCH,336,937debb72d480b4dc4e7d4a3aa0ff9dd0062ed16abe5c41f5d40d48c781cbb27,98-648-000-000,14
Суоярвский муниципальный округ,223,Суоярвский муниципальный округ,exact_24_month_x_6_category_value_fingerprint,0,True,1,VERIFIED_DATA_LINEAGE_MATCH,223,70b7fcb4287f2e1063bfddbba2976997d012c07c94ed16a39780bb0b709a08ba,86-550-000-000,10
Сургутский муниципальный район,2236,Сургутский муниципальный район,exact_24_month_x_6_category_value_fingerprint,0,True,1,VERIFIED_DATA_LINEAGE_MATCH,2236,f4cf0d8ad5a47ad0ece83fea98034aa32c9d4dd32e9a3d3e946fd1ed16702914,71-826-000-000,86
Суровикинский муниципальный район,1041,Суровикинский муниципальный район,exact_24_month_x_6_category_value_fingerprint,0,True,1,VERIFIED_DATA_LINEAGE_MATCH,1041,b138df69a26841042c15bbc61efdc90b4230cd85c18d7a9f9202afb4ebd61b3a,18-653-000-000,34
Сурский муниципальный район,2270,Сурский муниципальный район,exact_24_month_x_6_category_value_fingerprint,0,True,1,VERIFIED_DATA_LINEAGE_MATCH,2270,04e19e9cefa0395add01eaf4a82af60262cc272bfa12df41fdea9a4dff4cfa46,73-644-000-000,73
Сусанинский муниципальный район,1330,Сусанинский муниципальный район,exact_24_month_x_6_category_value_fingerprint,0,True,1,VERIFIED_DATA_LINEAGE_MATCH,1330,6de46903f3ef0800019609ea33059fad17ca6a4ffe0c2feab0c8fa16789bbcf5,34-644-000-000,44
Сухиничский муниципальный район,1218,Сухиничский муниципальный район,exact_24_month_x_6_category_value_fingerprint,0,True,1,VERIFIED_DATA_LINEAGE_MATCH,1218,41c50f8e5ec297467051b003d95a99b833fe36362a8d71b6a7fc7055435e0016,29-636-000-000,40
Сухобузимский муниципальный район,717,Сухобузимский муниципальный район,exact_24_month_x_6_category_value_fingerprint,0,True,1,VERIFIED_DATA_LINEAGE_MATCH,717,14cc802585414d1a854fcdeeef4b5e3deeee1d7c4cd2e15d35fa59124207e446,04-651-000-000,24
Сызранский муниципальный район,1906,Сызранский муниципальный район,exact_24_month_x_6_category_value_fingerprint,0,True,1,VERIFIED_DATA_LINEAGE_MATCH,1906,dc72dd06b553f8d850f992598d1e7958f0bc3164817ed618a2757cf85bcab2d2,36-642-000-000,63
Сыктывдинский муниципальный район,237,Сыктывдинский муниципальный район,exact_24_month_x_6_category_value_fingerprint,0,True,1,VERIFIED_DATA_LINEAGE_MATCH,237,d6581e3a76d1e443a493cb7134003320f0190538b0c6096804fae397d95a1d07,87-628-000-000,11
Сысольский муниципальный район,238,Сысольский муниципальный район,exact_24_month_x_6_category_value_fingerprint,0,True,1,VERIFIED_DATA_LINEAGE_MATCH,238,566b8859d02164c27829273f72833991910c2079fd69f8b634ae0b59b0311f3a,87-632-000-000,11
Сычевский муниципальный район,2064,Сычевский муниципальный район,exact_24_month_x_6_category_value_fingerprint,0,True,1,VERIFIED_DATA_LINEAGE_MATCH,2064,a4f0f12dd703a0e6c6b7375facd4078430f05e45252fa6eca92d8ea3cd6b01ee,66-646-000-000,67
Сямженский муниципальный округ,1064,Сямженский муниципальный округ,exact_24_month_x_6_category_value_fingerprint,0,True,1,VERIFIED_DATA_LINEAGE_MATCH,1064,6c5ba196abe2b8833e1e94039da5da7e7bd4119e124f67bf683a7ede06e56e06,19-540-000-000,35
Таборинский муниципальный район,2043,Таборинский муниципальный район,exact_24_month_x_6_category_value_fingerprint,0,True,1,VERIFIED_DATA_LINEAGE_MATCH,2043,db02aef7cf94fa17194d4788fd4279b5c3c24ae08f3410482b9dd1868b6f24ac,65-645-000-000,66
Табунский муниципальный район,558,Табунский муниципальный район,exact_24_month_x_6_category_value_fingerprint,0,True,1,VERIFIED_DATA_LINEAGE_MATCH,558,e800a47dac1fa710814b1ee720203f739d96e7ec0209b1d1592efe12716e6e5f,01-646-000-000,22
Таврический муниципальный район,1658,Таврический муниципальный район,exact_24_month_x_6_category_value_fingerprint,0,True,1,VERIFIED_DATA_LINEAGE_MATCH,1658,b3bc90c467cad1e21a44b2c82f4834abfe33af02bd4bbc236a898e85d1b176f8,52-653-000-000,55
Таймырский Долгано-Ненецкий муниципальный район,718,Таймырский Долгано-Ненецкий муниципальный район,exact_24_month_x_6_category_value_fingerprint,0,True,1,VERIFIED_DATA_LINEAGE_MATCH,718,6eb1648ad56c5bb680a5e8fb03ab76392e09eddf4872d36b165cdfea71c31c48,04-653-000-000,24
Тайшетский муниципальный район,1161,Тайшетский муниципальный район,exact_24_month_x_6_category_value_fingerprint,0,True,1,VERIFIED_DATA_LINEAGE_MATCH,1161,b416a711b4ae8dff892f5fa699eb2e0024b0623ce88b50f756ea17ec7df094d7,25-636-000-000,38
Тальменский муниципальный район,559,Тальменский муниципальный район,exact_24_month_x_6_category_value_fingerprint,0,True,1,VERIFIED_DATA_LINEAGE_MATCH,559,99d7e6fea5d3631c2f38452e8b5ddef08a7908c9a5e6822c57510f02bd1ea382,01-647-000-000,22
Тамалинский муниципальный район,1762,Тамалинский муниципальный район,exact_24_month_x_6_category_value_fingerprint,0,True,1,VERIFIED_DATA_LINEAGE_MATCH,1762,ab16161c9595c482f5a4ffa3005a58be5fe1269fa824038268b5e6babe0d72fd,56-658-000-000,58
Тандинский муниципальный район,410,Тандинский муниципальный район,exact_24_month_x_6_category_value_fingerprint,0,True,1,VERIFIED_DATA_LINEAGE_MATCH,410,f8ac1bf11f941dc97b57426ca1b11008217da512f19d46601fd655dc696ba615,93-640-000-000,17
Тарногский муниципальный округ,1065,Тарногский муниципальный округ,exact_24_month_x_6_category_value_fingerprint,0,True,1,VERIFIED_DATA_LINEAGE_MATCH,1065,ee4e06e6617794d897be837edf188f3b34ea9cfb03449af04eb8065da8579c50,19-542-000-000,35
Тарский муниципальный район,1659,Тарский муниципальный район,exact_24_month_x_6_category_value_fingerprint,0,True,1,VERIFIED_DATA_LINEAGE_MATCH,1659,cc385e69499e99669defc732a8dc98ebfdd7868e25db4d3893430af8125471f6,52-654-000-000,55
Тарусский муниципальный район,1219,Тарусский муниципальный район,exact_24_month_x_6_category_value_fingerprint,0,True,1,VERIFIED_DATA_LINEAGE_MATCH,1219,e41cd00730b2a0fd8c6b8e5f4292fca02e7ed13f78c6f9c1e00826729b1494e4,29-638-000-000,40
Тасеевский муниципальный район,719,Тасеевский муниципальный район,exact_24_month_x_6_category_value_fingerprint,0,True,1,VERIFIED_DATA_LINEAGE_MATCH,719,58300c7f80b084094aff23eb993aba4e97d3ae29a7637eaf03c7ee38de1ccbc1,04-652-000-000,24
Татарский муниципальный район,1624,Татарский муниципальный район,exact_24_month_x_6_category_value_fingerprint,0,True,1,VERIFIED_DATA_LINEAGE_MATCH,1624,54fa590ddbdc149e9ef56a8d5d9b56c5ec4b69694ed757dbb98339bf63e675d9,50-650-000-000,54
Татищевский муниципальный район,1948,Татищевский муниципальный район,exact_24_month_x_6_category_value_fingerprint,0,True,1,VERIFIED_DATA_LINEAGE_MATCH,1948,a65ad248c90bdb6793b70f27302b01572e1fe9c6fd9c1bec2898e69cbb59fa34,63-646-000-000,64
Таттинский муниципальный район,337,Таттинский муниципальный район,exact_24_month_x_6_category_value_fingerprint,0,True,1,VERIFIED_DATA_LINEAGE_MATCH,337,6ce8dc49d88cbef55409a9ec968433eced19bcf49f58b30a23ed5b7c59d19e13,98-604-000-000,14
Татышлинский муниципальный район,74,Татышлинский муниципальный район,exact_24_month_x_6_category_value_fingerprint,0,True,1,VERIFIED_DATA_LINEAGE_MATCH,74,a133b0e30bf0a383619b70e71d27df29bb9b0b59df353a82d05e58f74ed0bbb8,80-650-000-000,2
Тахтамукайский муниципальный район,7,Тахтамукайский муниципальный район,exact_24_month_x_6_category_value_fingerprint,0,True,1,VERIFIED_DATA_LINEAGE_MATCH,7,059590993201930b8dd8ced1d6aae57b587e66cbefbe658b5bc79274e3ca2cb7,79-630-000-000,1
Ташлинский муниципальный район,1703,Ташлинский муниципальный район,exact_24_month_x_6_category_value_fingerprint,0,True,1,VERIFIED_DATA_LINEAGE_MATCH,1703,c916a0c7d557def5411eec7cce5a75720742267f0e99e72eee7cb97534708272,53-651-000-000,56
Таштагольский муниципальный район,1250,Таштагольский муниципальный район,exact_24_month_x_6_category_value_fingerprint,0,True,1,VERIFIED_DATA_LINEAGE_MATCH,1250,f4f85dbec226c42bc7684abc7cedf55c71dcc010e3828d7cd40b5b00f9a80ec5,32-627-000-000,42
Таштыпский муниципальный район,458,Таштыпский муниципальный район,exact_24_month_x_6_category_value_fingerprint,0,True,1,VERIFIED_DATA_LINEAGE_MATCH,458,199587ad769d5d7242b38e4f342df6f290d3eba5f4ced7527e6c1833ab2ae36c,95-625-000-000,19
Тевризский муниципальный район,1660,Тевризский муниципальный район,exact_24_month_x_6_category_value_fingerprint,0,True,1,VERIFIED_DATA_LINEAGE_MATCH,1660,5f9e8dcc01b30e2d713e3698609d455226fdabc852ebb787c437783538a21c90,52-655-000-000,55
Тегульдетский муниципальный район,2160,Тегульдетский муниципальный район,exact_24_month_x_6_category_value_fingerprint,0,True,1,VERIFIED_DATA_LINEAGE_MATCH,2160,d595903e42fb4cba4a0e047d9c4d12cee4f11c05edbda23f5d88baa94fe0ed60,69-652-000-000,70
Тейковский муниципальный район,1129,Тейковский муниципальный район,exact_24_month_x_6_category_value_fingerprint,0,True,1,VERIFIED_DATA_LINEAGE_MATCH,1129,d6b43fca2f099b6df8dae5736469716034a934fa79ff43df207ef5db16cf8514,24-629-000-000,37
Темкинский муниципальный район,2065,Темкинский муниципальный район,exact_24_month_x_6_category_value_fingerprint,0,True,1,VERIFIED_DATA_LINEAGE_MATCH,2065,04dc99d561b58e93a726ed716ecd23c8a48cada9d9c1cdeeb083abca1dc9270b,66-648-000-000,67
Темниковский муниципальный район,305,Темниковский муниципальный район,exact_24_month_x_6_category_value_fingerprint,0,True,1,VERIFIED_DATA_LINEAGE_MATCH,305,12d299f4c80b14800e564dc5587c2af7dc9276733871f152e1eaa3ca39524b7b,89-649-000-000,13
Теньгушевский муниципальный район,306,Теньгушевский муниципальный район,exact_24_month_x_6_category_value_fingerprint,0,True,1,VERIFIED_DATA_LINEAGE_MATCH,306,7ccbba8daf46f7d8c82e20ea01ad632a548608afde9132a3e4721e0f66fde2d7,89-651-000-000,13
Тепло-Огаревский муниципальный район,2185,Тепло-Огаревский муниципальный район,exact_24_month_x_6_category_value_fingerprint,0,True,1,VERIFIED_DATA_LINEAGE_MATCH,2185,d9721baadb74bb4c48b211c6336d8b22aa7af1698dab96150843c5dc549eef91,70-642-000-000,71
Тербунский муниципальный район,1426,Тербунский муниципальный район,exact_24_month_x_6_category_value_fingerprint,0,True,1,VERIFIED_DATA_LINEAGE_MATCH,1426,3512b135e859de6b569c8e8fe2ffc5a766a78dd1035c003ad84004bdd584af1f,42-645-000-000,48
Тереньгульский муниципальный район,2271,Тереньгульский муниципальный район,exact_24_month_x_6_category_value_fingerprint,0,True,1,VERIFIED_DATA_LINEAGE_MATCH,2271,ec997494bca2b825a9a3de2a71af00d1c64a99a94b865603cc28839c583c42b2,73-648-000-000,73
Тернейский муниципальный округ,801,Тернейский муниципальный округ,exact_24_month_x_6_category_value_fingerprint,0,True,1,VERIFIED_DATA_LINEAGE_MATCH,801,8b197781172c5dd57cb1bed79c682d46845f9fe900b935769da98b74cea8f5f6,05-540-000-000,25
Тетюшский муниципальный район,393,Тетюшский муниципальный район,exact_24_month_x_6_category_value_fingerprint,0,True,1,VERIFIED_DATA_LINEAGE_MATCH,393,1ddbec6abc89fd0b422f1b9dfcb45b358a4f87e1b04348b5875992ef863bbcd0,92-655-000-000,16
Теучежский муниципальный район,8,Теучежский муниципальный район,exact_24_month_x_6_category_value_fingerprint,0,True,1,VERIFIED_DATA_LINEAGE_MATCH,8,8f19122b1801a5ce01fde5bede56cfc0b6d4bc0b6be4a26da40fc66a863fbfed,79-633-000-000,1
Тигильский муниципальный район,621,Тигильский муниципальный район,exact_24_month_x_6_category_value_fingerprint,0,True,1,VERIFIED_DATA_LINEAGE_MATCH,621,db54786418c354acca4a5aff86e4414ea99464fcc6d8146c8855ec3d91d9e7a7,30-832-000-000,41
Тисульский муниципальный округ,1251,Тисульский муниципальный округ,exact_24_month_x_6_category_value_fingerprint,0,True,1,VERIFIED_DATA_LINEAGE_MATCH,1251,2536608f0aa17cc9db588c515e5b8cff304cf89bbb7d69e7bd5d4ee1d8987d25,32-528-000-000,42
Тихвинский муниципальный район,1407,Тихвинский муниципальный район,exact_24_month_x_6_category_value_fingerprint,0,True,1,VERIFIED_DATA_LINEAGE_MATCH,1407,9847276883e135cb2925d61e0b26bb1f5115f10ed2166367d0691301a3390709,41-645-000-000,47
Тогульский муниципальный район,560,Тогульский муниципальный район,exact_24_month_x_6_category_value_fingerprint,0,True,1,VERIFIED_DATA_LINEAGE_MATCH,560,c88101c27c3eb9d585fdc52a10896baab54a4087f443e7c5291d422bb35bf362,01-648-000-000,22
Тогучинский муниципальный район,1625,Тогучинский муниципальный район,exact_24_month_x_6_category_value_fingerprint,0,True,1,VERIFIED_DATA_LINEAGE_MATCH,1625,db2b36d05a8e7b0f4cc6e2d05fd9b3af54a449b67046557f43e468d3b2716a36,50-652-000-000,54
Тоджинский муниципальный район,413,Тоджинский муниципальный район,exact_24_month_x_6_category_value_fingerprint,0,True,1,VERIFIED_DATA_LINEAGE_MATCH,413,0a5af03e6120e921446cbef6f5b2b91c27e7087b77bddce4502cae0a0f72ebb7,93-650-000-000,17
Токарёвский муниципальный округ,2098,Токарёвский муниципальный округ,exact_24_month_x_6_category_value_fingerprint,0,True,1,VERIFIED_DATA_LINEAGE_MATCH,2098,110187e04113eebe24c7c0303603e0f6764d2fbed59baa05aaa204a13c8ce695,68-542-000-000,68
Томпонский муниципальный район,338,Томпонский муниципальный район,exact_24_month_x_6_category_value_fingerprint,0,True,1,VERIFIED_DATA_LINEAGE_MATCH,338,16a14c5029074978e39dce1c2fcc71598db57645627e552e5a4af30174f0fad0,98-650-000-000,14
Томский муниципальный район,2161,Томский муниципальный район,exact_24_month_x_6_category_value_fingerprint,0,True,1,VERIFIED_DATA_LINEAGE_MATCH,2161,105e3ea0874b838efccd4502296814e6308dab86b205acb703eff728cdfa23a7,69-654-000-000,70
Тонкинский муниципальный округ,1570,Тонкинский муниципальный округ,exact_24_month_x_6_category_value_fingerprint,0,True,1,VERIFIED_DATA_LINEAGE_MATCH,1570,11b0d00574ed137d95d890507e941a0e0f211b280aa31a8f9168e94f766d712f,22-552-000-000,52
Тоншаевский муниципальный округ,1571,Тоншаевский муниципальный округ,exact_24_month_x_6_category_value_fingerprint,0,True,1,VERIFIED_DATA_LINEAGE_MATCH,1571,20a021e9beb53f86a5a66df15a038ed6f91dd70c7dc5f1ab17391bfb76886ff0,22-553-000-000,52
Топкинский муниципальный округ,1252,Топкинский муниципальный округ,exact_24_month_x_6_category_value_fingerprint,0,True,1,VERIFIED_DATA_LINEAGE_MATCH,1252,d278e0eb57e4bf30eaae9cf486862c30885e4acc773d722ca6b5ab41b67cb1b9,32-531-000-000,42
Топчихинский муниципальный район,561,Топчихинский муниципальный район,exact_24_month_x_6_category_value_fingerprint,0,True,1,VERIFIED_DATA_LINEAGE_MATCH,561,554fdd681a525b665a49ed776e63496f3ce6bee15ff785645d71afaeb97a0c1b,01-649-000-000,22
Торбеевский муниципальный район,307,Торбеевский муниципальный район,exact_24_month_x_6_category_value_fingerprint,0,True,1,VERIFIED_DATA_LINEAGE_MATCH,307,802847a175f12ab8acde8ea47d5c3c5a9ec1d397d7a7f7d8e1f75eec29cc2fa5,89-654-000-000,13
Тосненский муниципальный район,1408,Тосненский муниципальный район,exact_24_month_x_6_category_value_fingerprint,0,True,1,VERIFIED_DATA_LINEAGE_MATCH,1408,1de5573e11ec63855d67488c5c4623b4ae6ce80de7abc3178ee38808496e38c3,41-648-000-000,47
Тотемский муниципальный округ,1066,Тотемский муниципальный округ,exact_24_month_x_6_category_value_fingerprint,0,True,1,VERIFIED_DATA_LINEAGE_MATCH,1066,099ced5bb4bfe5d8700c202c7a8dd0104d5a28beb350dd3ba6c13be36354f5e4,19-546-000-000,35
Тоцкий муниципальный район,1704,Тоцкий муниципальный район,exact_24_month_x_6_category_value_fingerprint,0,True,1,VERIFIED_DATA_LINEAGE_MATCH,1704,80fade53eb54b6e149011471053c0b25e837812595b6693e93a2cf07f6cfb07f,53-652-000-000,56
Третьяковский муниципальный район,562,Третьяковский муниципальный район,exact_24_month_x_6_category_value_fingerprint,0,True,1,VERIFIED_DATA_LINEAGE_MATCH,562,a66117fc1781e3d217af99b0a02c6d3d0b301a3c96f9a37db3477df560d0f986,01-650-000-000,22
Троицкий муниципальный район,563,Троицкий муниципальный район,exact_24_month_x_6_category_value_fingerprint,0,True,1,VERIFIED_DATA_LINEAGE_MATCH,563,1f91c52aa3c189e86162e0c6bebe23c4a066bf42a5d7ce200c877f99e1f78471,01-651-000-000,22
Троицко-Печорский муниципальный район,239,Троицко-Печорский муниципальный район,exact_24_month_x_6_category_value_fingerprint,0,True,1,VERIFIED_DATA_LINEAGE_MATCH,239,188455d135e4a9ebf6844a019edfe3cff0a2d3ae2afa3aa863fef3a07a3f76ea,87-636-000-000,11
Троснянский муниципальный район,1730,Троснянский муниципальный район,exact_24_month_x_6_category_value_fingerprint,0,True,1,VERIFIED_DATA_LINEAGE_MATCH,1730,58fd443bfb7ad1ec35a143d55f72a9a2deafe8b244b61e74d91aa57a73e3cb8e,54-654-000-000,57
Труновский муниципальный округ,839,Труновский муниципальный округ,exact_24_month_x_6_category_value_fingerprint,0,True,1,VERIFIED_DATA_LINEAGE_MATCH,839,63c124ce4fb456271106cb93ca796f129a9e8a53a04dce4501d33237347e58b9,07-554-000-000,26
Тужинский муниципальный район,1296,Тужинский муниципальный район,exact_24_month_x_6_category_value_fingerprint,0,True,1,VERIFIED_DATA_LINEAGE_MATCH,1296,8692908e75d53504e467fd5cea7a87abe6f0f05fe9990eec78ba7bab97b3ea97,33-638-000-000,43
Туймазинский муниципальный район,75,Туймазинский муниципальный район,exact_24_month_x_6_category_value_fingerprint,0,True,1,VERIFIED_DATA_LINEAGE_MATCH,75,c83e86fe68679708609a4e0787852ac0dfbeb2ffd7cc206a6ec004cff3f57c8c,80-651-000-000,2
Туркменский муниципальный округ,840,Туркменский муниципальный округ,exact_24_month_x_6_category_value_fingerprint,0,True,1,VERIFIED_DATA_LINEAGE_MATCH,840,35da8189a182862c9cd92d63c42909c74ec8a58a649afb4cddd435f8e70d974a,07-556-000-000,26
Турковский муниципальный район,1949,Турковский муниципальный район,exact_24_month_x_6_category_value_fingerprint,0,True,1,VERIFIED_DATA_LINEAGE_MATCH,1949,9eeafe7c3c7ee00e53334caeaf977428157bfacd2a7cd5220076d0929d5209f6,63-647-000-000,64
Турочакский муниципальный район,14,Турочакский муниципальный район,exact_24_month_x_6_category_value_fingerprint,0,True,1,VERIFIED_DATA_LINEAGE_MATCH,14,3c6e7c0b73ca469ecce4e4ad00d47f61b459b86f7fbf6517d2b5c7b843ccb005,84-625-000-000,4
Туруханский муниципальный район,720,Туруханский муниципальный район,exact_24_month_x_6_category_value_fingerprint,0,True,1,VERIFIED_DATA_LINEAGE_MATCH,720,381a91eb46c88eaff6bff104ffeb038b3bcb3f33fc1fd1a8bc82f37150d054ba,04-654-000-000,24
Тутаевский муниципальный район,2335,Тутаевский муниципальный район,exact_24_month_x_6_category_value_fingerprint,0,True,1,VERIFIED_DATA_LINEAGE_MATCH,2335,181395993aba042410f84932059d57fdae316a3aaa2e51047640d77f13571d91,78-643-000-000,76
Тындинский муниципальный округ,888,Тындинский муниципальный округ,exact_24_month_x_6_category_value_fingerprint,0,True,1,VERIFIED_DATA_LINEAGE_MATCH,888,920675ffe522f3e7fc5a176c1811e7afd79d99076f928c1729588afc2c276e62,10-554-000-000,28
Тюкалинский муниципальный район,1661,Тюкалинский муниципальный район,exact_24_month_x_6_category_value_fingerprint,0,True,1,VERIFIED_DATA_LINEAGE_MATCH,1661,4022a761a3d0ac69ea21d7176d34ddd4ca9e59e7cba83924c5088900d25f9733,52-656-000-000,55
Тюльганский муниципальный район,1705,Тюльганский муниципальный район,exact_24_month_x_6_category_value_fingerprint,0,True,1,VERIFIED_DATA_LINEAGE_MATCH,1705,07e22828d31386b13f1c3ebdacdc2c89d1e9d3828dd7a77b77eb45cb4aa1f811,53-653-000-000,56
Тюлячинский муниципальный район,395,Тюлячинский муниципальный район,exact_24_month_x_6_category_value_fingerprint,0,True,1,VERIFIED_DATA_LINEAGE_MATCH,395,694be52a5d1c4ef6b1f057a151924815b14f10c7e14965c2a1607ef4f93024e0,92-656-000-000,16
Тюменский муниципальный район,2210,Тюменский муниципальный район,exact_24_month_x_6_category_value_fingerprint,0,True,1,VERIFIED_DATA_LINEAGE_MATCH,2210,abae6fecbd698adaa929467d60edbabc79e8d69125d572a21d26fd47d264dfd2,71-644-000-000,72
Тюменцевский муниципальный район,564,Тюменцевский муниципальный район,exact_24_month_x_6_category_value_fingerprint,0,True,1,VERIFIED_DATA_LINEAGE_MATCH,564,dc4ba8a63575ef607646c30348c65b7c231968c31f74b8edd0e85e6fa23efbe2,01-652-000-000,22
Тюхтетский муниципальный округ,721,Тюхтетский муниципальный округ,exact_24_month_x_6_category_value_fingerprint,0,True,1,VERIFIED_DATA_LINEAGE_MATCH,721,5ee7da09a1cea41556aefc88a391d6a4800ed83b6604fe39a4b94d9cc2909e7f,04-555-000-000,24
Тяжинский муниципальный округ,1253,Тяжинский муниципальный округ,exact_24_month_x_6_category_value_fingerprint,0,True,1,VERIFIED_DATA_LINEAGE_MATCH,1253,a6f52c794041323e1529641a04661f254c40bc6827b6d12bc6fc2a8bee35aaff,32-534-000-000,42
Убинский муниципальный район,1626,Убинский муниципальный район,exact_24_month_x_6_category_value_fingerprint,0,True,1,VERIFIED_DATA_LINEAGE_MATCH,1626,d18356346ecfbd4160f34807d7731d9ac0340d429e5b2f06025b04a268b49158,50-654-000-000,54
Уватский муниципальный район,2211,Уватский муниципальный район,exact_24_month_x_6_category_value_fingerprint,0,True,1,VERIFIED_DATA_LINEAGE_MATCH,2211,0da93a2c910a99e11ad4521962c8c382f340222ad95db77fa01a56986caa072f,71-648-000-000,72
Увельский муниципальный район,2314,Увельский муниципальный район,exact_24_month_x_6_category_value_fingerprint,0,True,1,VERIFIED_DATA_LINEAGE_MATCH,2314,29d2567ed128a59ca1af7b4b926844d646acc8e29a23fccbc1cd66046d2a30c1,75-655-000-000,74
Угличский муниципальный район,2336,Угличский муниципальный район,exact_24_month_x_6_category_value_fingerprint,0,True,1,VERIFIED_DATA_LINEAGE_MATCH,2336,e88f0b16b6f34b6434f4f25b922b2c3875e7352f2fadd0866d9625a73c39bd48,78-646-000-000,76
Угловский муниципальный район,565,Угловский муниципальный район,exact_24_month_x_6_category_value_fingerprint,0,True,1,VERIFIED_DATA_LINEAGE_MATCH,565,cbe3a985994b0d167292f65392ce3663b5c566ced8e6b2280cc8edbb053bc262,01-653-000-000,22
Угранский муниципальный район,2066,Угранский муниципальный район,exact_24_month_x_6_category_value_fingerprint,0,True,1,VERIFIED_DATA_LINEAGE_MATCH,2066,cf9f5a8af03a9c1796444bec4db928ea710470581f09420ab34741c7c7de6b1b,66-650-000-000,67
Удорский муниципальный район,240,Удорский муниципальный район,exact_24_month_x_6_category_value_fingerprint,0,True,1,VERIFIED_DATA_LINEAGE_MATCH,240,ec933d57710754de80678e4c592298c526f7b1ca29380fb3736df58c699959b7,87-640-000-000,11
Ужурский муниципальный район,722,Ужурский муниципальный район,exact_24_month_x_6_category_value_fingerprint,0,True,1,VERIFIED_DATA_LINEAGE_MATCH,722,2c68a52873181e365d66606cf034eabf956a62d33ce3fb897d86a497a6689ef6,04-656-000-000,24
Узловский муниципальный район,2186,Узловский муниципальный район,exact_24_month_x_6_category_value_fingerprint,0,True,1,VERIFIED_DATA_LINEAGE_MATCH,2186,f2cc82b1d8b3bdecaf21c9bc8f58eceb36080079d9ec1a4ce253a35f21ed853f,70-644-000-000,71
Уйский муниципальный район,2315,Уйский муниципальный район,exact_24_month_x_6_category_value_fingerprint,0,True,1,VERIFIED_DATA_LINEAGE_MATCH,2315,576942519b82f1f11931fcc05b31404147423861f35a175f64f9b96e2e3eb363,75-656-000-000,74
Улаганский муниципальный район,15,Улаганский муниципальный район,exact_24_month_x_6_category_value_fingerprint,0,True,1,VERIFIED_DATA_LINEAGE_MATCH,15,4f9b2b279184f5c7d841df25834bc3181cfe185b7e52c784f5b547745cc3a660,84-630-000-000,4
Улуг-Хемский муниципальный район,414,Улуг-Хемский муниципальный район,exact_24_month_x_6_category_value_fingerprint,0,True,1,VERIFIED_DATA_LINEAGE_MATCH,414,777cd4a6ff759b05d124273fb284e4f12938b2987aaeb084267f8bce7d327383,93-654-000-000,17
Ульчский муниципальный район,859,Ульчский муниципальный район,exact_24_month_x_6_category_value_fingerprint,0,True,1,VERIFIED_DATA_LINEAGE_MATCH,859,843bb2f7540e52de8dd8b098a08bd5a573c64c05e06c36be162003b426fc45d7,08-650-000-000,27
Улётовский муниципальный район,598,Улётовский муниципальный район,exact_24_month_x_6_category_value_fingerprint,0,True,1,VERIFIED_DATA_LINEAGE_MATCH,598,b250c075042c5dcc3a26fbc29bd4194ab3ca059b385b32e23963dcf8547934d4,76-646-000-000,75
Умётский муниципальный округ,2100,Умётский муниципальный округ,exact_24_month_x_6_category_value_fingerprint,0,True,1,VERIFIED_DATA_LINEAGE_MATCH,2100,3e07508f85d926d791bddd8b614a478ca4f0f7f95eec814963a3f46309f4a0fc,68-546-000-000,68
Упоровский муниципальный район,2212,Упоровский муниципальный район,exact_24_month_x_6_category_value_fingerprint,0,True,1,VERIFIED_DATA_LINEAGE_MATCH,2212,74a3a4f1af59d970a73b3281ac17d035b4986229cdea6651529d5c7b8a2c2c97,71-650-000-000,72
Уренский муниципальный округ,1572,Уренский муниципальный округ,exact_24_month_x_6_category_value_fingerprint,0,True,1,VERIFIED_DATA_LINEAGE_MATCH,1572,b5dc0c72db5115678f53582a269a3373a20028e60aa0ae2d0021875c7d143b1a,22-554-000-000,52
Уржумский муниципальный район,1298,Уржумский муниципальный район,exact_24_month_x_6_category_value_fingerprint,0,True,1,VERIFIED_DATA_LINEAGE_MATCH,1298,76c8070ed2aca7767af14c4d99e17683b88f5ec08d733506e7daa637d23914be,33-641-000-000,43
Урицкий муниципальный район,1731,Урицкий муниципальный район,exact_24_month_x_6_category_value_fingerprint,0,True,1,VERIFIED_DATA_LINEAGE_MATCH,1731,6d4b0409fac1b5ebeec83b8513bf33cae8d58a1b73210ed376024daed4fb7a06,54-655-000-000,57
Урмарский муниципальный округ,496,Урмарский муниципальный округ,exact_24_month_x_6_category_value_fingerprint,0,True,1,VERIFIED_DATA_LINEAGE_MATCH,496,062fa886d53faedd352714bc25edc10da7549bace7c88766d68ab767630aa095,97-538-000-000,21
Урупский муниципальный район,203,Урупский муниципальный район,exact_24_month_x_6_category_value_fingerprint,0,True,1,VERIFIED_DATA_LINEAGE_MATCH,203,6cb751c72099e2ceda1ff4f2c2e0602459668d7af09525745687d9c50d9a63e5,91-630-000-000,9
Усманский муниципальный район,1427,Усманский муниципальный район,exact_24_month_x_6_category_value_fingerprint,0,True,1,VERIFIED_DATA_LINEAGE_MATCH,1427,68d2c11cc56765af612db38d762790b07023a42cd3a4458e6bb5015572a3a39c,42-648-000-000,48
Усольский муниципальный район,1163,Усольский муниципальный район,exact_24_month_x_6_category_value_fingerprint,0,True,1,VERIFIED_DATA_LINEAGE_MATCH,1163,1d6265eca644bfbe032c476c21edd93bf50e9d09e704b5d04cae4aa9a90e2429,25-640-000-000,38
Усть-Абаканский муниципальный район,459,Усть-Абаканский муниципальный район,exact_24_month_x_6_category_value_fingerprint,0,True,1,VERIFIED_DATA_LINEAGE_MATCH,459,05e3ded9d4a816228cc741610377cdedec5e012ca61cdb92a18fee11f25e3ef0,95-630-000-000,19
Усть-Алданский муниципальный район,339,Усть-Алданский муниципальный район,exact_24_month_x_6_category_value_fingerprint,0,True,1,VERIFIED_DATA_LINEAGE_MATCH,339,4e03a72e05e506744ca1c7dbc0e93301b5df46632fc05d0f5b0909a15a5debd7,98-652-000-000,14
Усть-Большерецкий муниципальный район,615,Усть-Большерецкий муниципальный район,exact_24_month_x_6_category_value_fingerprint,0,True,1,VERIFIED_DATA_LINEAGE_MATCH,615,a8cf7020caea152741b824854e2764da903d57892d9ead08cbfb20e85785dad7,30-616-000-000,41
Усть-Вымский муниципальный район,241,Усть-Вымский муниципальный район,exact_24_month_x_6_category_value_fingerprint,0,True,1,VERIFIED_DATA_LINEAGE_MATCH,241,3d844844686a8e0e13888296b8e2740148bfb8b783089c43bec7d48e6dcaf31b,87-644-000-000,11
Усть-Джегутинский муниципальный район,204,Усть-Джегутинский муниципальный район,exact_24_month_x_6_category_value_fingerprint,0,True,1,VERIFIED_DATA_LINEAGE_MATCH,204,bbd56c5f9fa57ae0b667c71af91f4f6de5d059fbb3d9c29a8f9fb135e6f4f1f6,91-635-000-000,9
Усть-Илимский муниципальный район,1164,Усть-Илимский муниципальный район,exact_24_month_x_6_category_value_fingerprint,0,True,1,VERIFIED_DATA_LINEAGE_MATCH,1164,eb952dda647bfa8e93e479c5bc9e60272ffdd258f88f54caadea0a9e2ace4361,25-642-000-000,38
Усть-Ишимский муниципальный район,1662,Усть-Ишимский муниципальный район,exact_24_month_x_6_category_value_fingerprint,0,True,1,VERIFIED_DATA_LINEAGE_MATCH,1662,8e5e8ffe4e568e40a89941d99df26c0ef06c83eb807ef7342fa84622112e2607,52-657-000-000,55
Усть-Калманский муниципальный район,566,Усть-Калманский муниципальный район,exact_24_month_x_6_category_value_fingerprint,0,True,1,VERIFIED_DATA_LINEAGE_MATCH,566,1c6b6b3ee9afbaeea754ac05be2729954ad3d69e4c3e56758aa8081167d57ad6,01-654-000-000,22
Усть-Камчатский муниципальный район,616,Усть-Камчатский муниципальный район,exact_24_month_x_6_category_value_fingerprint,0,True,1,VERIFIED_DATA_LINEAGE_MATCH,616,06643ae4064e58ac1f0d3a8014538c409d61094284d933fa248a7fa716f0ddf9,30-619-000-000,41
Усть-Канский муниципальный район,16,Усть-Канский муниципальный район,exact_24_month_x_6_category_value_fingerprint,0,True,1,VERIFIED_DATA_LINEAGE_MATCH,16,27d58ab0d9fc26fbfc32e81eff4a34e47225fe50ca8f73b2a421c55aa213a686,84-635-000-000,4
Усть-Коксинский муниципальный район,17,Усть-Коксинский муниципальный район,exact_24_month_x_6_category_value_fingerprint,0,True,1,VERIFIED_DATA_LINEAGE_MATCH,17,9d98ccfe33e814925dad25a425a3b16bd2be770067356b4dd4a503445a7e7892,84-640-000-000,4
Усть-Кубинский муниципальный округ,1067,Усть-Кубинский муниципальный округ,exact_24_month_x_6_category_value_fingerprint,0,True,1,VERIFIED_DATA_LINEAGE_MATCH,1067,6c5c9a9284f3f5a30e456eacab7a1469be0dbc140cc40c3a54b7a12bb95ae2e0,19-548-000-000,35
Усть-Куломский муниципальный район,242,Усть-Куломский муниципальный район,exact_24_month_x_6_category_value_fingerprint,0,True,1,VERIFIED_DATA_LINEAGE_MATCH,242,8fb497205fcfa6b1da20ac991f8908119d4b486c96c796a135fc84f719883c1f,87-648-000-000,11
Усть-Кутский муниципальный район,1165,Усть-Кутский муниципальный район,exact_24_month_x_6_category_value_fingerprint,0,True,1,VERIFIED_DATA_LINEAGE_MATCH,1165,01b63aae4ab6a9a2a0bd1d0d6c7a68433b8283015aa1acd8cab4a7fd005c685d,25-644-000-000,38
Усть-Майский муниципальный район,340,Усть-Майский муниципальный район,exact_24_month_x_6_category_value_fingerprint,0,True,1,VERIFIED_DATA_LINEAGE_MATCH,340,6cf55abd83824d2ad4cf71b55d3622ede931619925d63e9f818b8b9e84dd8898,98-654-000-000,14
Усть-Пристанский муниципальный район,567,Усть-Пристанский муниципальный район,exact_24_month_x_6_category_value_fingerprint,0,True,1,VERIFIED_DATA_LINEAGE_MATCH,567,5cdd315dda98493e88f6add7f363ebe922b3f7159631b4a555cf59c32ac6f90d,01-655-000-000,22
Усть-Таркский муниципальный район,1627,Усть-Таркский муниципальный район,exact_24_month_x_6_category_value_fingerprint,0,True,1,VERIFIED_DATA_LINEAGE_MATCH,1627,33f3789b9fee830f60cd7658f637b20e7584b08aad39f829011a0880eba86357,50-655-000-000,54
Усть-Удинский муниципальный район,1166,Усть-Удинский муниципальный район,exact_24_month_x_6_category_value_fingerprint,0,True,1,VERIFIED_DATA_LINEAGE_MATCH,1166,8d4fdd52ada70630f629778d1cd9cad78ff7d0fddc9de9629a88c4fa637f51c9,25-646-000-000,38
Усть-Цилемский муниципальный район,243,Усть-Цилемский муниципальный район,exact_24_month_x_6_category_value_fingerprint,0,True,1,VERIFIED_DATA_LINEAGE_MATCH,243,0ef393a1dcc14b4a87f2d0c2b57f48f6f423f0b679e0ff788ad765f434639368,87-652-000-000,11
Усть-Янский муниципальный район,341,Усть-Янский муниципальный район,exact_24_month_x_6_category_value_fingerprint,0,True,1,VERIFIED_DATA_LINEAGE_MATCH,341,2e671a4f7b816a687e21636d4cf30f4dba417e07af5b804e7de159e36d8a88fc,98-656-000-000,14
Устьянский муниципальный округ,913,Устьянский муниципальный округ,exact_24_month_x_6_category_value_fingerprint,0,True,1,VERIFIED_DATA_LINEAGE_MATCH,913,17619eed58a360594ff37c3703768cd2204e453e40ba485043cfae5ce9a1c867,11-554-000-000,29
Устюженский муниципальный округ,1068,Устюженский муниципальный округ,exact_24_month_x_6_category_value_fingerprint,0,True,1,VERIFIED_DATA_LINEAGE_MATCH,1068,7adff34b4c34678a8acfb81339c6d4d4d8feeac2f2ae32cdb3f8878ce9c9f658,19-550-000-000,35
Уфимский муниципальный район,76,Уфимский муниципальный район,exact_24_month_x_6_category_value_fingerprint,0,True,1,VERIFIED_DATA_LINEAGE_MATCH,76,1fa11336e26612947b21be31c028e98329496edb85550199c6c2a61c14d8c939,80-652-000-000,2
Ухоловский муниципальный район,1870,Ухоловский муниципальный район,exact_24_month_x_6_category_value_fingerprint,0,True,1,VERIFIED_DATA_LINEAGE_MATCH,1870,20c6e4736dbd7123c450bc33f1f56d1da8cb017d01a287396cf03a62fd5b1ea4,61-650-000-000,62
Учалинский муниципальный район,77,Учалинский муниципальный район,exact_24_month_x_6_category_value_fingerprint,0,True,1,VERIFIED_DATA_LINEAGE_MATCH,77,909c700a893187c5c0ddbe564bbd17d5b64453c119ce4947f452b3a0191bcf3a,80-653-000-000,2
Уярский муниципальный район,723,Уярский муниципальный район,exact_24_month_x_6_category_value_fingerprint,0,True,1,VERIFIED_DATA_LINEAGE_MATCH,723,1b822cd5e8aee049272989b271651a103b385dbe1168cd69ca716d33415e0228,04-657-000-000,24
Ферзиковский муниципальный район,1221,Ферзиковский муниципальный район,exact_24_month_x_6_category_value_fingerprint,0,True,1,VERIFIED_DATA_LINEAGE_MATCH,1221,151a8c7d2324f5743460a5acb15475dc668df45886818544a1c473eeb349a1fe,29-644-000-000,40
Фурмановский муниципальный район,1130,Фурмановский муниципальный район,exact_24_month_x_6_category_value_fingerprint,0,True,1,VERIFIED_DATA_LINEAGE_MATCH,1130,a59c1a4ad7f773a4bca9e259cc641c02fa4bf43b94d3ab5a30d0619821bbd2da,24-631-000-000,37
Хабаровский муниципальный район,860,Хабаровский муниципальный район,exact_24_month_x_6_category_value_fingerprint,0,True,1,VERIFIED_DATA_LINEAGE_MATCH,860,5c32ec1a4c020cdaadc3eb413199706acc1bc54ef49529948314c10b76295b4f,08-655-000-000,27
Хабарский муниципальный район,568,Хабарский муниципальный район,exact_24_month_x_6_category_value_fingerprint,0,True,1,VERIFIED_DATA_LINEAGE_MATCH,568,ecc1e7396a66fbcea5c2cd0f04eaeb587a05ca15acb52f9baa1b30a5020e74a0,01-656-000-000,22
Хабезский муниципальный район,205,Хабезский муниципальный район,exact_24_month_x_6_category_value_fingerprint,0,True,1,VERIFIED_DATA_LINEAGE_MATCH,205,2e9da96799ef628be496e80a444f5b82a9095d078b55808829891471a779dacd,91-640-000-000,9
Хайбуллинский муниципальный район,79,Хайбуллинский муниципальный район,exact_24_month_x_6_category_value_fingerprint,0,True,1,VERIFIED_DATA_LINEAGE_MATCH,79,3c03a914d3507276b2e047fce1d82f9d708ec0d3613914cab0185a03b653cc41,80-655-000-000,2
Хангаласский муниципальный район,342,Хангаласский муниципальный район,exact_24_month_x_6_category_value_fingerprint,0,True,1,VERIFIED_DATA_LINEAGE_MATCH,342,971ffddf0782510544431bd0ba4df2424e0d86cdda33c99d37a1cca6f68c300d,98-644-000-000,14
Ханкайский муниципальный округ,802,Ханкайский муниципальный округ,exact_24_month_x_6_category_value_fingerprint,0,True,1,VERIFIED_DATA_LINEAGE_MATCH,802,ad89607464def03fb83bf666f0a698f3ac15a6b6be9f81dc5e0ceee9e232478e,05-546-000-000,25
Ханты-Мансийский муниципальный район,2237,Ханты-Мансийский муниципальный район,exact_24_month_x_6_category_value_fingerprint,0,True,1,VERIFIED_DATA_LINEAGE_MATCH,2237,2e87004fdd70e1a8825624512d5da5750092f047d4f351244b6255514b0cc402,71-829-000-000,86
Харабалинский муниципальный район,929,Харабалинский муниципальный район,exact_24_month_x_6_category_value_fingerprint,0,True,1,VERIFIED_DATA_LINEAGE_MATCH,929,44998281e4c03aa87d8310a8ce1b904db03f20fae3f0ff22594a3286edd366bc,12-645-000-000,30
Харовский муниципальный округ,1069,Харовский муниципальный округ,exact_24_month_x_6_category_value_fingerprint,0,True,1,VERIFIED_DATA_LINEAGE_MATCH,1069,f78040a806e8d89f6d29fc6a62d1d2ee1e7ac26138227eb1e8c4e86ebc91fc05,19-552-000-000,35
Хасанский муниципальный округ,803,Хасанский муниципальный округ,exact_24_month_x_6_category_value_fingerprint,0,True,1,VERIFIED_DATA_LINEAGE_MATCH,803,bd23016163c5d8d4899bfd7df587076990e1b5ca275875cfc54b0bbfc49c2883,05-548-000-000,25
Хвалынский муниципальный район,1951,Хвалынский муниципальный район,exact_24_month_x_6_category_value_fingerprint,0,True,1,VERIFIED_DATA_LINEAGE_MATCH,1951,a2a57c86e796181157b72137e6b8a5148ccba9d4b3247d79ae29369ca7af9579,63-649-000-000,64
Хвастовичский муниципальный район,1222,Хвастовичский муниципальный район,exact_24_month_x_6_category_value_fingerprint,0,True,1,VERIFIED_DATA_LINEAGE_MATCH,1222,afdceb7471af30428b212894395038b472dae149fa8e20df785c6245c6f444d9,29-646-000-000,40
Хворостянский муниципальный район,1907,Хворостянский муниципальный район,exact_24_month_x_6_category_value_fingerprint,0,True,1,VERIFIED_DATA_LINEAGE_MATCH,1907,6cc2b5c9a457ced9f537fa321c30ed6907268182d1b3979f7c519e2e42aeee20,36-644-000-000,63
Хилокский муниципальный район,599,Хилокский муниципальный район,exact_24_month_x_6_category_value_fingerprint,0,True,1,VERIFIED_DATA_LINEAGE_MATCH,599,68fbf333685374f6e44af84116078f82e37f3c31cfb704faf2e96c4cbd97482f,76-647-000-000,75
Хиславичский муниципальный район,2067,Хиславичский муниципальный район,exact_24_month_x_6_category_value_fingerprint,0,True,1,VERIFIED_DATA_LINEAGE_MATCH,2067,768f65844a8bc870f6450a98aa1ef91d6aae4fce704acde84f77832f6a1c83f5,66-652-000-000,67
Хлевенский муниципальный район,1428,Хлевенский муниципальный район,exact_24_month_x_6_category_value_fingerprint,0,True,1,VERIFIED_DATA_LINEAGE_MATCH,1428,cb49ef1fcebadc6f91d402c28a826fc08b9edacee72015cd0b068a3dc536ebe4,42-652-000-000,48
Холм-Жирковский муниципальный район,2068,Холм-Жирковский муниципальный район,exact_24_month_x_6_category_value_fingerprint,0,True,1,VERIFIED_DATA_LINEAGE_MATCH,2068,7f1113caa26a8efb4f9f49db2c852b0db7f64d29bfb13cbcf87c7858d9a4b5ae,66-654-000-000,67
Холмогорский муниципальный округ,914,Холмогорский муниципальный округ,exact_24_month_x_6_category_value_fingerprint,0,True,1,VERIFIED_DATA_LINEAGE_MATCH,914,bb4d3f92ff59cc12865bae9a6560faac13cb85ddd40526306525819119e4b805,11-556-000-000,29
Холмский муниципальный район,1594,Холмский муниципальный район,exact_24_month_x_6_category_value_fingerprint,0,True,1,VERIFIED_DATA_LINEAGE_MATCH,1594,5899cbcee696819d3423adf3fa39ed9da354d9acb298a85910831ea7fb9d25e9,49-647-000-000,53
Хорольский муниципальный округ,804,Хорольский муниципальный округ,exact_24_month_x_6_category_value_fingerprint,0,True,1,VERIFIED_DATA_LINEAGE_MATCH,804,11d24198e40627221a9e86733a76fda7045e2b8ff8d2186e6e3d324d241fc953,05-550-000-000,25
Хотынецкий муниципальный район,1732,Хотынецкий муниципальный район,exact_24_month_x_6_category_value_fingerprint,0,True,1,VERIFIED_DATA_LINEAGE_MATCH,1732,81247797eecca7c633f3135fab07b37b88f016487bb777bb3d6cf2a551ac359c,54-657-000-000,57
Целинный муниципальный округ,1352,Целинный муниципальный округ,exact_24_month_x_6_category_value_fingerprint,0,True,1,VERIFIED_DATA_LINEAGE_MATCH,1352,f3690a76219d6672a94a5d85d246ea6c028a0f78d52e2a67533d845a8023d602,37-534-000-000,45
Цивильский муниципальный округ,497,Цивильский муниципальный округ,exact_24_month_x_6_category_value_fingerprint,0,True,1,VERIFIED_DATA_LINEAGE_MATCH,497,6dec5d1ef9d699e72c575d8a1cff7d1f8bbed0cbec74f3ba4063f455c7794aff,97-541-000-000,21
Чагодощенский муниципальный округ,1070,Чагодощенский муниципальный округ,exact_24_month_x_6_category_value_fingerprint,0,True,1,VERIFIED_DATA_LINEAGE_MATCH,1070,da254233dcf53e4e6dab8cb23444bbed63bacd546146334aaa37bad3071cbc3b,19-554-000-000,35
Чаинский муниципальный район,2162,Чаинский муниципальный район,exact_24_month_x_6_category_value_fingerprint,0,True,1,VERIFIED_DATA_LINEAGE_MATCH,2162,3ce2873d45aeccd858685f6e4c690821c271ab3f91880dc46fc43b251463ac0a,69-656-000-000,70
Чамзинский муниципальный район,308,Чамзинский муниципальный район,exact_24_month_x_6_category_value_fingerprint,0,True,1,VERIFIED_DATA_LINEAGE_MATCH,308,98f9682396bc2a5928ee2d438f5d7e89ae236752164d45f750027c5e89172045,89-657-000-000,13
Чановский муниципальный район,1628,Чановский муниципальный район,exact_24_month_x_6_category_value_fingerprint,0,True,1,VERIFIED_DATA_LINEAGE_MATCH,1628,2835fb2181287d48627eb14792a509564123f6bd3cc89bf1a705628e3c0d1cb7,50-656-000-000,54
Чаплыгинский муниципальный район,1429,Чаплыгинский муниципальный район,exact_24_month_x_6_category_value_fingerprint,0,True,1,VERIFIED_DATA_LINEAGE_MATCH,1429,89cffa175e4a19325cd698281fc166e3c493d68ad6e3fdc609a8330bdba52ab7,42-656-000-000,48
Частоозерский муниципальный округ,1353,Частоозерский муниципальный округ,exact_24_month_x_6_category_value_fingerprint,0,True,1,VERIFIED_DATA_LINEAGE_MATCH,1353,34a3c103e3a2e7af7a3f7cf69c890360eb31ee8919ec5015eacbfff237db18b1,37-536-000-000,45
Чебаркульский муниципальный район,2316,Чебаркульский муниципальный район,exact_24_month_x_6_category_value_fingerprint,0,True,1,VERIFIED_DATA_LINEAGE_MATCH,2316,053829278247e822cf23d24fac85aa430b0520c97b632f015693e85177566fd1,75-657-000-000,74
Чебоксарский муниципальный округ,498,Чебоксарский муниципальный округ,exact_24_month_x_6_category_value_fingerprint,0,True,1,VERIFIED_DATA_LINEAGE_MATCH,498,8f94cd71f1583b3d1e06cea41e1834f5f4803cdd986a7fe71c648929afa72640,97-544-000-000,21
Чебулинский муниципальный округ,1254,Чебулинский муниципальный округ,exact_24_month_x_6_category_value_fingerprint,0,True,1,VERIFIED_DATA_LINEAGE_MATCH,1254,e5e0a39291556748e91826eff6880e586bd0970163b263f5292cecf78dacd1fd,32-537-000-000,42
Чеди-Хольский муниципальный район,416,Чеди-Хольский муниципальный район,exact_24_month_x_6_category_value_fingerprint,0,True,1,VERIFIED_DATA_LINEAGE_MATCH,416,16241e75545081e3e5e5c1c00a45a7439ab7c8a0352e9917ec458e5acdb9f508,93-657-000-000,17
Чекмагушевский муниципальный район,80,Чекмагушевский муниципальный район,exact_24_month_x_6_category_value_fingerprint,0,True,1,VERIFIED_DATA_LINEAGE_MATCH,80,56cfe733711b088cf75c9d6f69c5135427a476b6390a9bf92a788d8e10412f7b,80-656-000-000,2
Челно-Вершинский муниципальный район,1908,Челно-Вершинский муниципальный район,exact_24_month_x_6_category_value_fingerprint,0,True,1,VERIFIED_DATA_LINEAGE_MATCH,1908,42bdde6b78fe57361f893a786fbbc8da0620c9fbb719ca735443e5a92d9a2190,36-646-000-000,63
Чемальский муниципальный район,18,Чемальский муниципальный район,exact_24_month_x_6_category_value_fingerprint,0,True,1,VERIFIED_DATA_LINEAGE_MATCH,18,bd7ad746f41cdb3df0217f91a0e6c37aef1626a1249bc487c759f2078d30e894,84-643-000-000,4
Чердаклинский муниципальный район,2274,Чердаклинский муниципальный район,exact_24_month_x_6_category_value_fingerprint,0,True,1,VERIFIED_DATA_LINEAGE_MATCH,2274,6eb6f06fe514bbd6d728dd4f470c4cf6ee35dc9009bbcd24cc479b11a0959b68,73-656-000-000,73
Черемховский муниципальный район,1167,Черемховский муниципальный район,exact_24_month_x_6_category_value_fingerprint,0,True,1,VERIFIED_DATA_LINEAGE_MATCH,1167,3339f4c0fa635d9f929ba95168026d47cf7f932d88ddb5bc3bebfb16ef0d6bd3,25-648-000-000,38
Черемшанский муниципальный район,396,Черемшанский муниципальный район,exact_24_month_x_6_category_value_fingerprint,0,True,1,VERIFIED_DATA_LINEAGE_MATCH,396,502243c7de2e97ca93c041ab72616cf35e18634450dedf043769fdca7bf5ef29,92-658-000-000,16
Черепановский муниципальный район,1629,Черепановский муниципальный район,exact_24_month_x_6_category_value_fingerprint,0,True,1,VERIFIED_DATA_LINEAGE_MATCH,1629,f54e67e88e2353c8c125e6d2862df07c8e16f9ae500f17ee1614f22baed5507b,50-657-000-000,54
Череповецкий муниципальный район,1071,Череповецкий муниципальный район,exact_24_month_x_6_category_value_fingerprint,0,True,1,VERIFIED_DATA_LINEAGE_MATCH,1071,5f2ead37e598e9252fef6b5898ec70b918652e4ffa5943a28789306188be7d6d,19-656-000-000,35
Черлакский муниципальный район,1663,Черлакский муниципальный район,exact_24_month_x_6_category_value_fingerprint,0,True,1,VERIFIED_DATA_LINEAGE_MATCH,1663,65b2dd4d3843abe0ed64eaadcb20c71bed9bca7a08cfe09172b77ffb62173159,52-658-000-000,55
Черниговский муниципальный округ,805,Черниговский муниципальный округ,exact_24_month_x_6_category_value_fingerprint,0,True,1,VERIFIED_DATA_LINEAGE_MATCH,805,b7e0d2385fd68c5313e2eb8ecc36f7d7de6f89c4b5ed49c8e766316790e55e4c,05-553-000-000,25
Черноярский муниципальный район,930,Черноярский муниципальный район,exact_24_month_x_6_category_value_fingerprint,0,True,1,VERIFIED_DATA_LINEAGE_MATCH,930,dfe36302bc16e11877f4cb802b23863934c1edb9540bbd54bc50ec93a779b59e,12-650-000-000,30
Чернский муниципальный район,2187,Чернский муниципальный район,exact_24_month_x_6_category_value_fingerprint,0,True,1,VERIFIED_DATA_LINEAGE_MATCH,2187,269ce1df8b9c6da4d76cd57de402c86e1b05e44d4f1802fde262c537c892e38b,70-646-000-000,71
Чернышевский муниципальный район,600,Чернышевский муниципальный район,exact_24_month_x_6_category_value_fingerprint,0,True,1,VERIFIED_DATA_LINEAGE_MATCH,600,df0e7f9594bad4414834855cfb8ee4f959e6f2119fcc8af716545493f1b3b97c,76-648-000-000,75
Чернышковский муниципальный район,1044,Чернышковский муниципальный район,exact_24_month_x_6_category_value_fingerprint,0,True,1,VERIFIED_DATA_LINEAGE_MATCH,1044,2e00cdd138029d4452825f784e000f690464236833a7b6a0a6550f7cab3552de,18-658-000-000,34
Чесменский муниципальный район,2317,Чесменский муниципальный район,exact_24_month_x_6_category_value_fingerprint,0,True,1,VERIFIED_DATA_LINEAGE_MATCH,2317,434ff12e1e8bafb2163e6f1601af36108b7c2c75a08a21cc4dcb8a1f2f947c3f,75-659-000-000,74
Чистоозерный муниципальный район,1630,Чистоозерный муниципальный район,exact_24_month_x_6_category_value_fingerprint,0,True,1,VERIFIED_DATA_LINEAGE_MATCH,1630,c0ee8fbef26621cf11296a99c57a184e46debf1cf2d9de3a5c51ef9bb63d5132,50-658-000-000,54
Чистопольский муниципальный район,397,Чистопольский муниципальный район,exact_24_month_x_6_category_value_fingerprint,0,True,1,VERIFIED_DATA_LINEAGE_MATCH,397,3544feb52c3fff0379dcec3514b53d7add696a63fa0acf5da7cd3ed1b283e9dd,92-659-000-000,16
Читинский муниципальный район,601,Читинский муниципальный район,exact_24_month_x_6_category_value_fingerprint,0,True,1,VERIFIED_DATA_LINEAGE_MATCH,601,d15390fbf56e0706f3880e5578ec1c7a2e03589bcdda6e9a7b9b889c004423b2,76-650-000-000,75
Чишминский муниципальный район,81,Чишминский муниципальный район,exact_24_month_x_6_category_value_fingerprint,0,True,1,VERIFIED_DATA_LINEAGE_MATCH,81,59834b634fd75935e3660af5f595346e638e3958e7dc18477c21463689e2ff4a,80-657-000-000,2
Чойский муниципальный район,19,Чойский муниципальный район,exact_24_month_x_6_category_value_fingerprint,0,True,1,VERIFIED_DATA_LINEAGE_MATCH,19,c09cc48ae1b467477a2b4a29eea1132a0644090d6af13fc2cb924e60c2e49a45,84-645-000-000,4
Чугуевский муниципальный округ,806,Чугуевский муниципальный округ,exact_24_month_x_6_category_value_fingerprint,0,True,1,VERIFIED_DATA_LINEAGE_MATCH,806,4c719168b3d2f7a007091edaec026a167678e005cc808b32bb642f7448a53b6f,05-555-000-000,25
Чудовский муниципальный район,1595,Чудовский муниципальный район,exact_24_month_x_6_category_value_fingerprint,0,True,1,VERIFIED_DATA_LINEAGE_MATCH,1595,31c2b3a51ea237122725293a53781d719108b2f957ff1b0b5e45ae4331a4c194,49-650-000-000,53
Чулымский муниципальный район,1631,Чулымский муниципальный район,exact_24_month_x_6_category_value_fingerprint,0,True,1,VERIFIED_DATA_LINEAGE_MATCH,1631,0d2bc1c7a0b71e503461dc0b7b40d0d704a7c08180bd3be1d9a281fcd10a8167,50-659-000-000,54
Чунский муниципальный район,1168,Чунский муниципальный район,exact_24_month_x_6_category_value_fingerprint,0,True,1,VERIFIED_DATA_LINEAGE_MATCH,1168,dee29852e7b85fd153f725837a5927a71ec4160c43c0fb1f9092f77582b82526,25-650-000-000,38
Чурапчинский муниципальный район,343,Чурапчинский муниципальный район,exact_24_month_x_6_category_value_fingerprint,0,True,1,VERIFIED_DATA_LINEAGE_MATCH,343,f64de00d075cc6264a2c91687f8c36b2809010d47758cc7d65cc487460033680,98-658-000-000,14
Чухломский муниципальный район,1331,Чухломский муниципальный район,exact_24_month_x_6_category_value_fingerprint,0,True,1,VERIFIED_DATA_LINEAGE_MATCH,1331,1e2f72ef9401920ed6544058f90cf92eb8ffec112ef08a314e1041a3f7acfc6f,34-646-000-000,44
Чучковский муниципальный район,1871,Чучковский муниципальный район,exact_24_month_x_6_category_value_fingerprint,0,True,1,VERIFIED_DATA_LINEAGE_MATCH,1871,378f6aebe4a40c1c7b0deb441ddf5c109210244ed9280a6f92e2258caa9514d7,61-653-000-000,62
Шабалинский муниципальный район,1300,Шабалинский муниципальный район,exact_24_month_x_6_category_value_fingerprint,0,True,1,VERIFIED_DATA_LINEAGE_MATCH,1300,a861b4e736e8f565f5625d0d87437c8f01eee390a5b7105395a56390a2c7fc9a,33-647-000-000,43
Шаблыкинский муниципальный район,1733,Шаблыкинский муниципальный район,exact_24_month_x_6_category_value_fingerprint,0,True,1,VERIFIED_DATA_LINEAGE_MATCH,1733,b559f292e318d83f8c64a02c78761cb9b45a15ce35a8ca7278bb5285ca46b5e5,54-659-000-000,57
Шарангский муниципальный округ,1573,Шарангский муниципальный округ,exact_24_month_x_6_category_value_fingerprint,0,True,1,VERIFIED_DATA_LINEAGE_MATCH,1573,0d86a032d10b3d4870ce43a558db0c30e5b627893d05510cf1d87496e6994ddc,22-556-000-000,52
Шаранский муниципальный район,82,Шаранский муниципальный район,exact_24_month_x_6_category_value_fingerprint,0,True,1,VERIFIED_DATA_LINEAGE_MATCH,82,bc7d16850fe11aa9555cd541ea88d0e2b21b02bc76f7155f41c09bf6a6c6f8eb,80-658-000-000,2
Шарлыкский муниципальный район,1706,Шарлыкский муниципальный район,exact_24_month_x_6_category_value_fingerprint,0,True,1,VERIFIED_DATA_LINEAGE_MATCH,1706,bea3ec73ca165bd95e01b88206d297c6d94923472ab10f3cfd0e7fcaf8ad8322,53-656-000-000,56
Шатковский муниципальный округ,1574,Шатковский муниципальный округ,exact_24_month_x_6_category_value_fingerprint,0,True,1,VERIFIED_DATA_LINEAGE_MATCH,1574,183c7cdcb0b1cfcd6f1653bcf176889052cae64e533515e6ff95601ceb27ade8,22-557-000-000,52
Шатровский муниципальный округ,1355,Шатровский муниципальный округ,exact_24_month_x_6_category_value_fingerprint,0,True,1,VERIFIED_DATA_LINEAGE_MATCH,1355,e8a95a0b800e7e9dfaf9b9bc1b3782a8c3094c274924fa01575bfb15beecc0eb,37-540-000-000,45
Шацкий муниципальный район,1872,Шацкий муниципальный район,exact_24_month_x_6_category_value_fingerprint,0,True,1,VERIFIED_DATA_LINEAGE_MATCH,1872,2f3bfaa8443e36f08823e0cedef78d1a2b6e2caaddd380139723f7750ce42ab2,61-656-000-000,62
Шебалинский муниципальный район,20,Шебалинский муниципальный район,exact_24_month_x_6_category_value_fingerprint,0,True,1,VERIFIED_DATA_LINEAGE_MATCH,20,88d19644d8fdcf90366614a209dcf97296e92693d4ea4b67d21a88ec3833943e,84-650-000-000,4
Шегарский муниципальный район,2163,Шегарский муниципальный район,exact_24_month_x_6_category_value_fingerprint,0,True,1,VERIFIED_DATA_LINEAGE_MATCH,2163,5ead4ea96e89824eaf804ebc939acc6cc8c5c857bfb61bce0828dd4a6b6be31c,69-658-000-000,70
Шекснинский муниципальный район,1072,Шекснинский муниципальный район,exact_24_month_x_6_category_value_fingerprint,0,True,1,VERIFIED_DATA_LINEAGE_MATCH,1072,65cd3d33d0364f0e641869744538818a348e58faaeff0fa1f9c84bbdca5650c2,19-658-000-000,35
Шелаболихинский муниципальный район,557,Шелаболихинский муниципальный район,exact_24_month_x_6_category_value_fingerprint,0,True,1,VERIFIED_DATA_LINEAGE_MATCH,557,b957a94ea077270dc92d8f50db2f6fffb1936c1f0a3150d0e00664f19b049157,01-645-000-000,22
Шелеховский муниципальный район,1169,Шелеховский муниципальный район,exact_24_month_x_6_category_value_fingerprint,0,True,1,VERIFIED_DATA_LINEAGE_MATCH,1169,c25775be6a1587b6584b13481dbfce24ee591dcbbb53b12a00641fd52cc267b4,25-655-000-000,38
Шелопугинский муниципальный район,602,Шелопугинский муниципальный район,exact_24_month_x_6_category_value_fingerprint,0,True,1,VERIFIED_DATA_LINEAGE_MATCH,602,1c196b396c61a2cfc2bb12140e67ff93de111c36462d687ced6ab553a66eece5,76-652-000-000,75
Шемуршинский муниципальный округ,499,Шемуршинский муниципальный округ,exact_24_month_x_6_category_value_fingerprint,0,True,1,VERIFIED_DATA_LINEAGE_MATCH,499,c6f81ae18681bcbaeb5aed02f9e477f52a15c4eb2696141a5fbf5018c7861207,97-547-000-000,21
Шенкурский муниципальный округ,915,Шенкурский муниципальный округ,exact_24_month_x_6_category_value_fingerprint,0,True,1,VERIFIED_DATA_LINEAGE_MATCH,915,befb06d31227a079a11ae2fae50e4d461399b6b2cbe60b3fc0d762b83a1aa5b8,11-558-000-000,29
Шенталинский муниципальный район,1909,Шенталинский муниципальный район,exact_24_month_x_6_category_value_fingerprint,0,True,1,VERIFIED_DATA_LINEAGE_MATCH,1909,0a8ac2b171138f7b5f2fe19a75422d6e73fda782492b0613163ad62e0a6b5f85,36-648-000-000,63
Шербакульский муниципальный район,1664,Шербакульский муниципальный район,exact_24_month_x_6_category_value_fingerprint,0,True,1,VERIFIED_DATA_LINEAGE_MATCH,1664,0d5baed7fda6cd477be2756f2571f94ffe3b5211ed7945c644f9a5d0c39a9fbe,52-659-000-000,55
Шигонский муниципальный район,1910,Шигонский муниципальный район,exact_24_month_x_6_category_value_fingerprint,0,True,1,VERIFIED_DATA_LINEAGE_MATCH,1910,02dc12063af44725e847e3a4ac7ee95462ac33f3e62be17747d545bc2202da35,36-650-000-000,63
Шилкинский муниципальный район,603,Шилкинский муниципальный район,exact_24_month_x_6_category_value_fingerprint,0,True,1,VERIFIED_DATA_LINEAGE_MATCH,603,a34e209f0f6265ec2ffcb9709291c6af82b7ccda7bb03bab256911b88f2823ea,76-654-000-000,75
Шиловский муниципальный район,1873,Шиловский муниципальный район,exact_24_month_x_6_category_value_fingerprint,0,True,1,VERIFIED_DATA_LINEAGE_MATCH,1873,33a585e60f5f91a483b93c1f75040c62f001de1b54f4e917ed2eeae6f0ddb2c8,61-658-000-000,62
Шимановский муниципальный округ,889,Шимановский муниципальный округ,exact_24_month_x_6_category_value_fingerprint,0,True,1,VERIFIED_DATA_LINEAGE_MATCH,889,4a90d5c9b5c0a84ceb260928d6f05c9f4baec812756f2038b877bdf5cddab7d3,10-555-000-000,28
Шимский муниципальный район,1596,Шимский муниципальный район,exact_24_month_x_6_category_value_fingerprint,0,True,1,VERIFIED_DATA_LINEAGE_MATCH,1596,233dcd7adcc349b014cbc2bd0baababa2871e1fade23b944dc26d23fe1862e6c,49-655-000-000,53
Шипуновский муниципальный район,571,Шипуновский муниципальный район,exact_24_month_x_6_category_value_fingerprint,0,True,1,VERIFIED_DATA_LINEAGE_MATCH,571,f420c67927fc833f0ac023be62cfd2d05f976faed4f0016ffb6bca786a996f69,01-659-000-000,22
Ширинский муниципальный район,460,Ширинский муниципальный район,exact_24_month_x_6_category_value_fingerprint,0,True,1,VERIFIED_DATA_LINEAGE_MATCH,460,5bf7269c92f440f12f854f54d38b3ccc73b94a11e6858046d3c4d35cb6065963,95-635-000-000,19
Шкотовский муниципальный округ,807,Шкотовский муниципальный округ,exact_24_month_x_6_category_value_fingerprint,0,True,1,VERIFIED_DATA_LINEAGE_MATCH,807,2131b8d72b9c4dcd7bbf3841d34a17e8219a7d01d07bc86c730b6f83f77b990e,05-557-000-000,25
Шовгеновский муниципальный район,9,Шовгеновский муниципальный район,exact_24_month_x_6_category_value_fingerprint,0,True,1,VERIFIED_DATA_LINEAGE_MATCH,9,3d3e180baa858cc22a511f2438bc75add83d7e95c674b93128b5b020c0341f7b,79-640-000-000,1
Шпаковский муниципальный округ,841,Шпаковский муниципальный округ,exact_24_month_x_6_category_value_fingerprint,0,True,1,VERIFIED_DATA_LINEAGE_MATCH,841,7a6adde835ec471c6cac105d9f92fe0f99b7f5a377c00959974ac768bf4af51e,07-558-000-000,26
Шуйский муниципальный район,1131,Шуйский муниципальный район,exact_24_month_x_6_category_value_fingerprint,0,True,1,VERIFIED_DATA_LINEAGE_MATCH,1131,ad51e2698a084535b25b9e4290bc006fe165e980c95bec93da291b3e2e0f8c2c,24-633-000-000,37
Шумячский муниципальный район,2069,Шумячский муниципальный район,exact_24_month_x_6_category_value_fingerprint,0,True,1,VERIFIED_DATA_LINEAGE_MATCH,2069,55b862b3e486d15568abe22e145c777f78cf8338b1196d3fa23861e21f84e162,66-656-000-000,67
Шушенский муниципальный район,725,Шушенский муниципальный район,exact_24_month_x_6_category_value_fingerprint,0,True,1,VERIFIED_DATA_LINEAGE_MATCH,725,6b891c34a25994dfdbc2910c529804b4f3a8d5e0f5a0862aa1d14e33e44b168f,04-659-000-000,24
Щекинский муниципальный район,2188,Щекинский муниципальный район,exact_24_month_x_6_category_value_fingerprint,0,True,1,VERIFIED_DATA_LINEAGE_MATCH,2188,9aa00adc1075309495bf80234e5070fd164c6ce7e6c1a31e138ee028cab919b6,70-648-000-000,71
Щучанский муниципальный округ,1357,Щучанский муниципальный округ,exact_24_month_x_6_category_value_fingerprint,0,True,1,VERIFIED_DATA_LINEAGE_MATCH,1357,d79a59659d82fd12492b2d1f3408950898df2a667ff9ebc26fa9facfc7867976,37-544-000-000,45
Эвенкийский муниципальный район,726,Эвенкийский муниципальный район,exact_24_month_x_6_category_value_fingerprint,0,True,1,VERIFIED_DATA_LINEAGE_MATCH,726,a27b7fe035a2261acec45b33aa1e732da8983a6000f6f90361c794878579a8d4,04-650-000-000,24
Энгельсский муниципальный район,1952,Энгельсский муниципальный район,exact_24_month_x_6_category_value_fingerprint,0,True,1,VERIFIED_DATA_LINEAGE_MATCH,1952,da1413e0fc8981d040ddaf4025d565a27f957d2a628c34768328b6695c1e2d3a,63-650-000-000,64
Эхирит-Булагатский муниципальный район,1175,Эхирит-Булагатский муниципальный район,exact_24_month_x_6_category_value_fingerprint,0,True,1,VERIFIED_DATA_LINEAGE_MATCH,1175,abe893378234bd6a5a3cbd90195738f17359b20ab1404bfbeb36e6146d0ae287,25-657-000-000,38
Южский муниципальный район,1132,Южский муниципальный район,exact_24_month_x_6_category_value_fingerprint,0,True,1,VERIFIED_DATA_LINEAGE_MATCH,1132,fbdb6d6729d844ab140c1df440e6a27e7d939f115000be5bb84d833508f4fc5e,24-635-000-000,37
Юргамышский муниципальный округ,1358,Юргамышский муниципальный округ,exact_24_month_x_6_category_value_fingerprint,0,True,1,VERIFIED_DATA_LINEAGE_MATCH,1358,c05a950e816b8f0a134a90a7f70baa57a7ad38c49937a3dbba428f8227081c65,37-546-000-000,45
Юргинский муниципальный район,2213,Юргинский муниципальный район,exact_24_month_x_6_category_value_fingerprint,0,True,1,VERIFIED_DATA_LINEAGE_MATCH,2213,4f9041d9135491ddccfc44609f5c91a86912327507f7acf2c51c9afedddf241b,71-653-000-000,72
Юринский муниципальный район,285,Юринский муниципальный район,exact_24_month_x_6_category_value_fingerprint,0,True,1,VERIFIED_DATA_LINEAGE_MATCH,285,ecb1ec86fdd8cfdf2707eb48286ff48158ebcbd6f5834656fd0d37208f691d2d,88-656-000-000,12
Юрьев-Польский муниципальный район,1006,Юрьев-Польский муниципальный район,exact_24_month_x_6_category_value_fingerprint,0,True,1,VERIFIED_DATA_LINEAGE_MATCH,1006,e08ea57926d9abc97974291860eba0c2c7ccb889f673b9a7b44b502a478fbf70,17-656-000-000,33
Юрьевецкий муниципальный район,1133,Юрьевецкий муниципальный район,exact_24_month_x_6_category_value_fingerprint,0,True,1,VERIFIED_DATA_LINEAGE_MATCH,1133,04a4b96d84af42f6e561e3ab668fff28da900dfe687c44fe93ae191093ed51ed,24-637-000-000,37
Юрьянский муниципальный район,1301,Юрьянский муниципальный район,exact_24_month_x_6_category_value_fingerprint,0,True,1,VERIFIED_DATA_LINEAGE_MATCH,1301,fead0e20bb1566aeece13e8379b7308b084ef4deaef6928cb37b30432ddfd8b0,33-649-000-000,43
Юстинский муниципальный район,191,Юстинский муниципальный район,exact_24_month_x_6_category_value_fingerprint,0,True,1,VERIFIED_DATA_LINEAGE_MATCH,191,162d6af8803922e7452903ab66f29d4868bcac85d174930156900ac0a2e648cf,85-646-000-000,8
Ютазинский муниципальный район,398,Ютазинский муниципальный район,exact_24_month_x_6_category_value_fingerprint,0,True,1,VERIFIED_DATA_LINEAGE_MATCH,398,212eb7251b31024a03c90f7dc6a45cc385e38233055d914552e0357f9c3800e3,92-654-000-000,16
Юхновский муниципальный район,1223,Юхновский муниципальный район,exact_24_month_x_6_category_value_fingerprint,0,True,1,VERIFIED_DATA_LINEAGE_MATCH,1223,be01b4b26a05f67d8a75ac7bed17d525e7228e97abb599cf2ccdc4f62e0a0990,29-650-000-000,40
Ядринский муниципальный округ,501,Ядринский муниципальный округ,exact_24_month_x_6_category_value_fingerprint,0,True,1,VERIFIED_DATA_LINEAGE_MATCH,501,ea275214863399ba7153d22f31a985322c15006c7eefbcd65d18f546da8c488e,97-553-000-000,21
Яйский муниципальный округ,1256,Яйский муниципальный округ,exact_24_month_x_6_category_value_fingerprint,0,True,1,VERIFIED_DATA_LINEAGE_MATCH,1256,f62f98b10f8a14b33a9d7dbd9474d12f58bc7d0d053fffedf59d031427e9bfd3,32-543-000-000,42
Яковлевский муниципальный округ,808,Яковлевский муниципальный округ,exact_24_month_x_6_category_value_fingerprint,0,True,1,VERIFIED_DATA_LINEAGE_MATCH,808,c3f18dabcdf131d242f28a84d45cbba738e196010b01962e7966516a7629ad5d,05-559-000-000,25
Яльчикский муниципальный округ,502,Яльчикский муниципальный округ,exact_24_month_x_6_category_value_fingerprint,0,True,1,VERIFIED_DATA_LINEAGE_MATCH,502,1de88fd1cfc59f7e6db1bb370d0c5175b7c2488b7f570774e884b13374929e27,97-555-000-000,21
Янаульский муниципальный район,83,Янаульский муниципальный район,exact_24_month_x_6_category_value_fingerprint,0,True,1,VERIFIED_DATA_LINEAGE_MATCH,83,7f5e3e6b5d549533d18fc3b5df40a24ed807284790b36abbf26bf6d627aeb82e,80-659-000-000,2
Янтиковский муниципальный округ,503,Янтиковский муниципальный округ,exact_24_month_x_6_category_value_fingerprint,0,True,1,VERIFIED_DATA_LINEAGE_MATCH,503,e56ce237d2513ce2819adff9e23de66c704a3148ed935f5db19c44ff5658a666,97-558-000-000,21
Яранский муниципальный район,1302,Яранский муниципальный район,exact_24_month_x_6_category_value_fingerprint,0,True,1,VERIFIED_DATA_LINEAGE_MATCH,1302,412ac86eea037cec3735c1cdb83b8b2f792f6f9bda110b99569bbc893ecc20bf,33-650-000-000,43
Ярковский муниципальный район,2215,Ярковский муниципальный район,exact_24_month_x_6_category_value_fingerprint,0,True,1,VERIFIED_DATA_LINEAGE_MATCH,2215,628ba9cb8f300a6d928e9c42a87202899e15f7c289183a434f95223ecb72d7a3,71-658-000-000,72
Ярославский муниципальный район,2337,Ярославский муниципальный район,exact_24_month_x_6_category_value_fingerprint,0,True,1,VERIFIED_DATA_LINEAGE_MATCH,2337,cb545a998e675dbbf95a187cd1674c5b3fd2f7fc0126656f22e5d3dc6198d67c,78-650-000-000,76
Ярцевский муниципальный район,2070,Ярцевский муниципальный район,exact_24_month_x_6_category_value_fingerprint,0,True,1,VERIFIED_DATA_LINEAGE_MATCH,2070,084f11573440fb28cf6afba5b0c67432bb7d140c26c9a9a364ec5d8d3463e3a2,66-658-000-000,67
Ясногорский муниципальный район,2189,Ясногорский муниципальный район,exact_24_month_x_6_category_value_fingerprint,0,True,1,VERIFIED_DATA_LINEAGE_MATCH,2189,85068ec59bce62bd77b1d8763a9ea14799e97b6b175fab60cfca34c317f42d7c,70-650-000-000,71
Яшкинский муниципальный округ,1257,Яшкинский муниципальный округ,exact_24_month_x_6_category_value_fingerprint,0,True,1,VERIFIED_DATA_LINEAGE_MATCH,1257,596209221948c3d5fa2373ed2345aaf30bd5456e9e47515b793a1416e861edc7,32-546-000-000,42
внутригородская территория города федерального значения  Александровский муниципальный округ,,внутригородская территория города федерального значения муниципальный округ № 75,exact_24_month_x_6_category_value_fingerprint,0,False,1,CONFLICT_DIRECTORY_NAME_NOT_EQUAL,2454,4360da3701bd8440713a9745ccd1f2915ab20c6186b4b9ecab43ebe10a57bd83,40-906-000-000,78
внутригородская территория города федерального значения город Зеленогорск,2411,внутригородская территория города федерального значения город Зеленогорск,exact_24_month_x_6_category_value_fingerprint,0,True,1,VERIFIED_DATA_LINEAGE_MATCH,2411,aab021640778b96dd613f97a8c52d068fcf0a86936f96b7513c236b17dc48825,40-361-000-000,78
внутригородская территория города федерального значения город Колпино,2392,внутригородская территория города федерального значения город Колпино,exact_24_month_x_6_category_value_fingerprint,0,True,1,VERIFIED_DATA_LINEAGE_MATCH,2392,363e327ba8999560f98a4389544d663810219ea5b4363ce633df9fbd02e7e8ec,40-342-000-000,78
внутригородская территория города федерального значения город Красное Село,2403,внутригородская территория города федерального значения город Красное Село,exact_24_month_x_6_category_value_fingerprint,0,True,1,VERIFIED_DATA_LINEAGE_MATCH,2403,a1603861214b1f1eda669e8b08fb4dc6ea15e7eee45667268e03cd688b671470,40-353-000-000,78
внутригородская территория города федерального значения город Кронштадт,2410,внутригородская территория города федерального значения город Кронштадт,exact_24_month_x_6_category_value_fingerprint,0,True,1,VERIFIED_DATA_LINEAGE_MATCH,2410,759aa9f27f6bcc75a15f262d277f59449e0b703d1afccf3c30e53bc9d4c89cbc,40-360-000-000,78
внутригородская территория города федерального значения город Ломоносов,2422,внутригородская территория города федерального значения город Ломоносов,exact_24_month_x_6_category_value_fingerprint,0,True,1,VERIFIED_DATA_LINEAGE_MATCH,2422,100cd2d1f4bb43ba20d33b6af6613b88966d92acaf06fc1cf3ab300a5efaf7be,40-372-000-000,78
внутригородская территория города федерального значения город Павловск,2437,внутригородская территория города федерального значения город Павловск,exact_24_month_x_6_category_value_fingerprint,0,True,1,VERIFIED_DATA_LINEAGE_MATCH,2437,293ebda1a73dd48fee6174efbd80b9862781b3ffe30d7ef352690ccdb8bdf7c8,40-387-000-000,78
внутригородская территория города федерального значения город Петергоф,2445,внутригородская территория города федерального значения город Петергоф,exact_24_month_x_6_category_value_fingerprint,0,True,1,VERIFIED_DATA_LINEAGE_MATCH,2445,a4dc463ce717fa5a91f0ec9b038c14dadc0cfc1132e000b0ac0f9e3f3fdc2ab2,40-395-000-000,78
внутригородская территория города федерального значения город Пушкин,2447,внутригородская территория города федерального значения город Пушкин,exact_24_month_x_6_category_value_fingerprint,0,True,1,VERIFIED_DATA_LINEAGE_MATCH,2447,c07aa4645c15b39fe89831096c1dfbf524babdb982398c35e2c0b57d37d519c5,40-397-000-000,78
внутригородская территория города федерального значения город Сестрорецк,2412,внутригородская территория города федерального значения город Сестрорецк,exact_24_month_x_6_category_value_fingerprint,0,True,1,VERIFIED_DATA_LINEAGE_MATCH,2412,2241c8a4a9033e533883a235ff19fa358efbd12b76649bfe81c1fa7b38826180,40-362-000-000,78
внутригородская территория города федерального значения городской округ Троицк,2587,внутригородская территория города федерального значения городской округ Троицк,exact_24_month_x_6_category_value_fingerprint,0,True,1,VERIFIED_DATA_LINEAGE_MATCH,2587,4dea45158c150565abb18f5723b6beb14c8897916798935752c1c872bf76bdb6,45-931-000-000,77
внутригородская территория города федерального значения городской округ Щербинка,2588,внутригородская территория города федерального значения городской округ Щербинка,exact_24_month_x_6_category_value_fingerprint,0,True,1,VERIFIED_DATA_LINEAGE_MATCH,2588,67993f3422a33d18c79b7e0d5a713c8a8da84c6872623241300a7b09525d7010,45-932-000-000,77
внутригородская территория города федерального значения муниципальное образование Савелки,2538,внутригородская территория города федерального значения муниципальное образование Савелки,exact_24_month_x_6_category_value_fingerprint,0,True,1,VERIFIED_DATA_LINEAGE_MATCH,2538,6a6644473f7490dd5bf18bbbcba896d7b97f8268398ae6e95420fde2215652d5,45-377-000-000,77
внутригородская территория города федерального значения муниципальный округ Автово,2388,внутригородская территория города федерального значения муниципальный округ Автово,exact_24_month_x_6_category_value_fingerprint,0,True,1,VERIFIED_DATA_LINEAGE_MATCH,2388,61836baf1586ce7deff5b12473f59424ede98caa7c37cc943c2ffe0086b7eb2d,40-338-000-000,78
внутригородская территория города федерального значения муниципальный округ Адмиралтейский округ,2353,внутригородская территория города федерального значения муниципальный округ Адмиралтейский округ,exact_24_month_x_6_category_value_fingerprint,0,True,1,VERIFIED_DATA_LINEAGE_MATCH,2353,a59bf82526dc263f95eff476145e80a757899b9b5c017553ff80592acbef445c,40-303-000-000,78
внутригородская территория города федерального значения муниципальный округ Академический,2558,внутригородская территория города федерального значения муниципальный округ Академический,exact_24_month_x_6_category_value_fingerprint,0,True,1,VERIFIED_DATA_LINEAGE_MATCH,2558,b667d6004ca420a44aa591619392cdcfa218f1d8111d768b002bad494dee653d,45-397-000-000,77
внутригородская территория города федерального значения муниципальный округ Академическое,2379,внутригородская территория города федерального значения муниципальный округ Академическое,exact_24_month_x_6_category_value_fingerprint,0,True,1,VERIFIED_DATA_LINEAGE_MATCH,2379,6989916aca622df95e8286747b68f311937b10b661952e1375841a87d02ac208,40-329-000-000,78
внутригородская территория города федерального значения муниципальный округ Алексеевский,2510,внутригородская территория города федерального значения муниципальный округ Алексеевский,exact_24_month_x_6_category_value_fingerprint,0,True,1,VERIFIED_DATA_LINEAGE_MATCH,2510,674693689591bac16384b056e48542a7b6135337c973558472092711602c4504,45-349-000-000,77
внутригородская территория города федерального значения муниципальный округ Алтуфьевский,2511,внутригородская территория города федерального значения муниципальный округ Алтуфьевский,exact_24_month_x_6_category_value_fingerprint,0,True,1,VERIFIED_DATA_LINEAGE_MATCH,2511,66b9603ca8739f6477d774407d8070a70ed60bb5719d463c26447b8daa30b66e,45-350-000-000,77
внутригородская территория города федерального значения муниципальный округ Аптекарский остров,2442,внутригородская территория города федерального значения муниципальный округ Аптекарский остров,exact_24_month_x_6_category_value_fingerprint,0,True,1,VERIFIED_DATA_LINEAGE_MATCH,2442,cc6660febc4554653394b5ae43a84b74a3daf6e905f48276b3cb195df2bda3cd,40-392-000-000,78
внутригородская территория города федерального значения муниципальный округ Арбат,2535,внутригородская территория города федерального значения муниципальный округ Арбат,exact_24_month_x_6_category_value_fingerprint,0,True,1,VERIFIED_DATA_LINEAGE_MATCH,2535,30b5b497fcd2e1dffb1494716856a923d3b90b518376410762c6f28046fd1b7c,45-374-000-000,77
внутригородская территория города федерального значения муниципальный округ Аэропорт,2494,внутригородская территория города федерального значения муниципальный округ Аэропорт,exact_24_month_x_6_category_value_fingerprint,0,True,1,VERIFIED_DATA_LINEAGE_MATCH,2494,7ffb6be3a6d800636643a3bf15d42801d1fb6654caaedcd8700bb3cc93f7c21c,45-333-000-000,77
внутригородская территория города федерального значения муниципальный округ Бабушкинский,2512,внутригородская территория города федерального значения муниципальный округ Бабушкинский,exact_24_month_x_6_category_value_fingerprint,0,True,1,VERIFIED_DATA_LINEAGE_MATCH,2512,0f31349ec69536ea0d65f1d2ec5ad720535b224246de769320881bf96a1c226d,45-351-000-000,77
внутригородская территория города федерального значения муниципальный округ Балканский,2455,внутригородская территория города федерального значения муниципальный округ Балканский,exact_24_month_x_6_category_value_fingerprint,0,True,1,VERIFIED_DATA_LINEAGE_MATCH,2455,204f9e8404102399831bbc5cd7917278a08b79cc8c5a24f1200ce2757fd0d9ff,40-907-000-000,78
внутригородская территория города федерального значения муниципальный округ Басманный,2536,внутригородская территория города федерального значения муниципальный округ Басманный,exact_24_month_x_6_category_value_fingerprint,0,True,1,VERIFIED_DATA_LINEAGE_MATCH,2536,54f23fde8ec375e896d133883b6d49bb661878da9c849e5487556c96b1fd3212,45-375-000-000,77
внутригородская территория города федерального значения муниципальный округ Беговой,2495,внутригородская территория города федерального значения муниципальный округ Беговой,exact_24_month_x_6_category_value_fingerprint,0,True,1,VERIFIED_DATA_LINEAGE_MATCH,2495,dd6e4328280fb8971d15785a15cd4a816299363bd7af625cfa0d25ade5e7ef0d,45-334-000-000,77
внутригородская территория города федерального значения муниципальный округ Бескудниковский,2496,внутригородская территория города федерального значения муниципальный округ Бескудниковский,exact_24_month_x_6_category_value_fingerprint,0,True,1,VERIFIED_DATA_LINEAGE_MATCH,2496,99c2bbeb29df6be4727a30e640879f39464884852608d12ce5f82512201cf86d,45-335-000-000,77
внутригородская территория города федерального значения муниципальный округ Бибирево,2513,внутригородская территория города федерального значения муниципальный округ Бибирево,exact_24_month_x_6_category_value_fingerprint,0,True,1,VERIFIED_DATA_LINEAGE_MATCH,2513,9b2c8ec6f2be93047649ed2cb8358150ce9be4887683be790e438191fb1c86f3,45-352-000-000,77
внутригородская территория города федерального значения муниципальный округ Бирюлево Восточное,2570,внутригородская территория города федерального значения муниципальный округ Бирюлево Восточное,exact_24_month_x_6_category_value_fingerprint,0,True,1,VERIFIED_DATA_LINEAGE_MATCH,2570,5198ff7e114698657a204c8a33cbd7ed92486cfee8bcf92bd31cfe9c4ea91305,45-911-000-000,77
внутригородская территория города федерального значения муниципальный округ Бирюлево Западное,2571,внутригородская территория города федерального значения муниципальный округ Бирюлево Западное,exact_24_month_x_6_category_value_fingerprint,0,True,1,VERIFIED_DATA_LINEAGE_MATCH,2571,71b1f1632cd70d0d53033ba40b65c3f6c02636433a7460948bb7bff9b1b69adb,45-912-000-000,77
внутригородская территория города федерального значения муниципальный округ Богородское,2462,внутригородская территория города федерального значения муниципальный округ Богородское,exact_24_month_x_6_category_value_fingerprint,0,True,1,VERIFIED_DATA_LINEAGE_MATCH,2462,cc9c5a7b3dd7bff4ce09b3e12c3328ee771278420335a82d08dcb75cf5508bfd,45-301-000-000,77
внутригородская территория города федерального значения муниципальный округ Большая Охта,2399,внутригородская территория города федерального значения муниципальный округ Большая Охта,exact_24_month_x_6_category_value_fingerprint,0,True,1,VERIFIED_DATA_LINEAGE_MATCH,2399,add0ab017afae6bbf25ba97b198ba9bf95b8896b1c176ed62e05e672a95a0440,40-349-000-000,78
внутригородская территория города федерального значения муниципальный округ Братеево,2572,внутригородская территория города федерального значения муниципальный округ Братеево,exact_24_month_x_6_category_value_fingerprint,0,True,1,VERIFIED_DATA_LINEAGE_MATCH,2572,a66b9e4362bc74f289d6d0aeb026f6858f189a889f514fd2bb4d9e7ffd0628db,45-913-000-000,77
внутригородская территория города федерального значения муниципальный округ Бутырский,2514,внутригородская территория города федерального значения муниципальный округ Бутырский,exact_24_month_x_6_category_value_fingerprint,0,True,1,VERIFIED_DATA_LINEAGE_MATCH,2514,86ab69f94de42097bc7c5f7dfbe49da39a5f4ce9617ae97d5ad2c12627a6e00a,45-353-000-000,77
внутригородская территория города федерального значения муниципальный округ Васильевский,2358,внутригородская территория города федерального значения муниципальный округ Васильевский,exact_24_month_x_6_category_value_fingerprint,0,True,1,VERIFIED_DATA_LINEAGE_MATCH,2358,72da17205ffdc9c96a5b68755bc0c28fab12c07ee2c546b63b0e24b3833fb491,40-308-000-000,78
внутригородская территория города федерального значения муниципальный округ Введенский,2439,внутригородская территория города федерального значения муниципальный округ Введенский,exact_24_month_x_6_category_value_fingerprint,0,True,1,VERIFIED_DATA_LINEAGE_MATCH,2439,3b80657352bd95ab4768f801cadc9b3b8ff22fd535b2e26550efc898c9099517,40-389-000-000,78
внутригородская территория города федерального значения муниципальный округ Вешняки,2463,внутригородская территория города федерального значения муниципальный округ Вешняки,exact_24_month_x_6_category_value_fingerprint,0,True,1,VERIFIED_DATA_LINEAGE_MATCH,2463,65ba11d69bcc8670712a6dc4716b7eaf874a0351223b5f106f0c6ba4f70eb70f,45-302-000-000,77
внутригородская территория города федерального значения муниципальный округ Владимирский округ,2461,внутригородская территория города федерального значения муниципальный округ Владимирский округ,exact_24_month_x_6_category_value_fingerprint,0,True,1,VERIFIED_DATA_LINEAGE_MATCH,2461,3d1111ccf1b488f1f3151d398054dcc62bfbad79fa99de727daee13a8fa70663,40-913-000-000,78
внутригородская территория города федерального значения муниципальный округ Внуково,2478,внутригородская территория города федерального значения муниципальный округ Внуково,exact_24_month_x_6_category_value_fingerprint,0,True,1,VERIFIED_DATA_LINEAGE_MATCH,2478,1d3e335f1cc53cc706702b5adb7e6574524a7bcdb6a0dcbc67b3b0f395ed35d0,45-317-000-000,77
внутригородская территория города федерального значения муниципальный округ Войковский,2497,внутригородская территория города федерального значения муниципальный округ Войковский,exact_24_month_x_6_category_value_fingerprint,0,True,1,VERIFIED_DATA_LINEAGE_MATCH,2497,22f0cc3a02b89bd8fe6833d51284f595e98fc547d8e51859d65b918479310004,45-336-000-000,77
внутригородская территория города федерального значения муниципальный округ Волковское,2450,внутригородская территория города федерального значения муниципальный округ Волковское,exact_24_month_x_6_category_value_fingerprint,0,True,1,VERIFIED_DATA_LINEAGE_MATCH,2450,a943e2589814b552cee2099ea8c2d92673d848cc80d6eca3c8d60c733f990316,40-902-000-000,78
внутригородская территория города федерального значения муниципальный округ Восточное Дегунино,2498,внутригородская территория города федерального значения муниципальный округ Восточное Дегунино,exact_24_month_x_6_category_value_fingerprint,0,True,1,VERIFIED_DATA_LINEAGE_MATCH,2498,6114df6af717fd32f2da6c69c88c66c93bff71138cf84b748e8f2cc03cf6728f,45-337-000-000,77
внутригородская территория города федерального значения муниципальный округ Восточное Измайлово,2464,внутригородская территория города федерального значения муниципальный округ Восточное Измайлово,exact_24_month_x_6_category_value_fingerprint,0,True,1,VERIFIED_DATA_LINEAGE_MATCH,2464,1a4132af177d8e4bb88562957a828f45dcb8fd0cbb007e0603e284d163e9dc86,45-303-000-000,77
внутригородская территория города федерального значения муниципальный округ Восточный,2465,внутригородская территория города федерального значения муниципальный округ Восточный,exact_24_month_x_6_category_value_fingerprint,0,True,1,VERIFIED_DATA_LINEAGE_MATCH,2465,a2589fd01a26664e50e7ba0efe4846331e070a53e5a87adacbaf7bdb07c0ff3f,45-304-000-000,77
внутригородская территория города федерального значения муниципальный округ Выхино-Жулебино,2546,внутригородская территория города федерального значения муниципальный округ Выхино-Жулебино,exact_24_month_x_6_category_value_fingerprint,0,True,1,VERIFIED_DATA_LINEAGE_MATCH,2546,1d2db72b8ee5f36c9c3c8504b7e75b802674811994be2cc16e21631716495d0e,45-385-000-000,77
внутригородская территория города федерального значения муниципальный округ Гавань,2359,внутригородская территория города федерального значения муниципальный округ Гавань,exact_24_month_x_6_category_value_fingerprint,0,True,1,VERIFIED_DATA_LINEAGE_MATCH,2359,5050d36ebe80b649ac0bf8181b34365c9ddf7936e00d9a293f9f6fae6527e4cb,40-309-000-000,78
внутригородская территория города федерального значения муниципальный округ Гагаринский,2559,внутригородская территория города федерального значения муниципальный округ Гагаринский,exact_24_month_x_6_category_value_fingerprint,0,True,1,VERIFIED_DATA_LINEAGE_MATCH,2559,e7a0b2d9b9c0c72994236784fbd922c802a18af35537d929ca8d80454e340155,45-398-000-000,77
внутригородская территория города федерального значения муниципальный округ Гагаринское,2424,внутригородская территория города федерального значения муниципальный округ Гагаринское,exact_24_month_x_6_category_value_fingerprint,0,True,1,VERIFIED_DATA_LINEAGE_MATCH,2424,7a6e3e04e9cce565b652d36906f232ceb93dbd53d717dc88b976bd03f23de0c1,40-374-000-000,78
внутригородская территория города федерального значения муниципальный округ Георгиевский,2453,внутригородская территория города федерального значения муниципальный округ Георгиевский,exact_24_month_x_6_category_value_fingerprint,0,True,1,VERIFIED_DATA_LINEAGE_MATCH,2453,c0b2780870d604af63fbcbfde35cfbcd4144ac6f60b97d383c21b1a1df873715,40-905-000-000,78
внутригородская территория города федерального значения муниципальный округ Головинский,2499,внутригородская территория города федерального значения муниципальный округ Головинский,exact_24_month_x_6_category_value_fingerprint,0,True,1,VERIFIED_DATA_LINEAGE_MATCH,2499,85dff8541595de274e2d5d376a3e9dcbb2b345b0043727e67703a60920a94a18,45-338-000-000,77
внутригородская территория города федерального значения муниципальный округ Гольяново,2466,внутригородская территория города федерального значения муниципальный округ Гольяново,exact_24_month_x_6_category_value_fingerprint,0,True,1,VERIFIED_DATA_LINEAGE_MATCH,2466,5e9a326eaa313bcffce4317ca04ecd7d548af84f6ef5eef4279fb6994e609e72,45-305-000-000,77
внутригородская территория города федерального значения муниципальный округ Горелово,2409,внутригородская территория города федерального значения муниципальный округ Горелово,exact_24_month_x_6_category_value_fingerprint,0,True,1,VERIFIED_DATA_LINEAGE_MATCH,2409,72a6fa635cfdb110132d3a65e66a3ef87ff90193ab064e71b054b0b3ae3c6a86,40-359-000-000,78
внутригородская территория города федерального значения муниципальный округ Гражданка,2378,внутригородская территория города федерального значения муниципальный округ Гражданка,exact_24_month_x_6_category_value_fingerprint,0,True,1,VERIFIED_DATA_LINEAGE_MATCH,2378,23fa05eba8065c852b9ad59b03bf41aeb207e270a2682bc8e8c6677b22081608,40-328-000-000,78
внутригородская территория города федерального значения муниципальный округ Даниловский,2573,внутригородская территория города федерального значения муниципальный округ Даниловский,exact_24_month_x_6_category_value_fingerprint,0,True,1,VERIFIED_DATA_LINEAGE_MATCH,2573,b215a19042e4d8921cbb95bcf7962909da80bcfd779cac2af865aed00b157486,45-914-000-000,77
внутригородская территория города федерального значения муниципальный округ Дачное,2387,внутригородская территория города федерального значения муниципальный округ Дачное,exact_24_month_x_6_category_value_fingerprint,0,True,1,VERIFIED_DATA_LINEAGE_MATCH,2387,4eae390d4c86b281f17d0feedb9220f57a821f635c5ff1a3e4b78e8a297cb570,40-337-000-000,78
внутригородская территория города федерального значения муниципальный округ Дворцовый округ,2456,внутригородская территория города федерального значения муниципальный округ Дворцовый округ,exact_24_month_x_6_category_value_fingerprint,0,True,1,VERIFIED_DATA_LINEAGE_MATCH,2456,adc06dd9ed10e247282cdf91868c3518dd8ef131b502273a62fd2b6557969261,40-908-000-000,78
внутригородская территория города федерального значения муниципальный округ Дмитровский,2500,внутригородская территория города федерального значения муниципальный округ Дмитровский,exact_24_month_x_6_category_value_fingerprint,0,True,1,VERIFIED_DATA_LINEAGE_MATCH,2500,b0a8b1d73e308314dd5cd176cbbdf0b42977e8a1c2069c873656fb5741ec337f,45-339-000-000,77
внутригородская территория города федерального значения муниципальный округ Донской,2574,внутригородская территория города федерального значения муниципальный округ Донской,exact_24_month_x_6_category_value_fingerprint,0,True,1,VERIFIED_DATA_LINEAGE_MATCH,2574,3eace58845402072b2b0ebaf6f0fc09067386dfe295dd891d9fd9791e1ec1bae,45-915-000-000,77
внутригородская территория города федерального значения муниципальный округ Дорогомилово,2479,внутригородская территория города федерального значения муниципальный округ Дорогомилово,exact_24_month_x_6_category_value_fingerprint,0,True,1,VERIFIED_DATA_LINEAGE_MATCH,2479,3abde2f5838fc4e74d4a7b0aa413785168b6820ce9b0476f347e3d1c64916ac7,45-318-000-000,77
внутригородская территория города федерального значения муниципальный округ Екатерингофский,2356,внутригородская территория города федерального значения муниципальный округ Екатерингофский,exact_24_month_x_6_category_value_fingerprint,0,True,1,VERIFIED_DATA_LINEAGE_MATCH,2356,17bf84b55861ad68e72dda9ab78c60a484e9b329d40021c8fe527bb145630c6e,40-306-000-000,78
внутригородская территория города федерального значения муниципальный округ Замоскворечье,2537,внутригородская территория города федерального значения муниципальный округ Замоскворечье,exact_24_month_x_6_category_value_fingerprint,0,True,1,VERIFIED_DATA_LINEAGE_MATCH,2537,1d5c59a7045c0c1a0190ece0df66a7b9031a1d2bdecc6e942967c767b241ee5f,45-376-000-000,77
внутригородская территория города федерального значения муниципальный округ Западное Дегунино,2501,внутригородская территория города федерального значения муниципальный округ Западное Дегунино,exact_24_month_x_6_category_value_fingerprint,0,True,1,VERIFIED_DATA_LINEAGE_MATCH,2501,c8ab6299581606072abb5bc7b08241f53881875f9f87c847e5334c9a3cc8596f,45-340-000-000,77
внутригородская территория города федерального значения муниципальный округ Звездное,2427,внутригородская территория города федерального значения муниципальный округ Звездное,exact_24_month_x_6_category_value_fingerprint,0,True,1,VERIFIED_DATA_LINEAGE_MATCH,2427,185470ffc7820dd580421728096ab60cef745ac6ac725407e89f2731bfcedc95,40-377-000-000,78
внутригородская территория города федерального значения муниципальный округ Зюзино,2560,внутригородская территория города федерального значения муниципальный округ Зюзино,exact_24_month_x_6_category_value_fingerprint,0,True,1,VERIFIED_DATA_LINEAGE_MATCH,2560,030d9d1b936fb9f966497c0930e0cbf3e9d796d6a6913155a79bcd150c211669,45-901-000-000,77
внутригородская территория города федерального значения муниципальный округ Зябликово,2575,внутригородская территория города федерального значения муниципальный округ Зябликово,exact_24_month_x_6_category_value_fingerprint,0,True,1,VERIFIED_DATA_LINEAGE_MATCH,2575,9f33ad75e33c59278599da080959c4615d0561476142a98b16a2135f18f1519d,45-916-000-000,77
внутригородская территория города федерального значения муниципальный округ Ивановский,2429,внутригородская территория города федерального значения муниципальный округ Ивановский,exact_24_month_x_6_category_value_fingerprint,0,True,1,VERIFIED_DATA_LINEAGE_MATCH,2429,3f57d348af2d1b2aa97fefff2e8da31598518df0777f5feda4e5bacce68846ab,40-379-000-000,78
внутригородская территория города федерального значения муниципальный округ Ивановское,2467,внутригородская территория города федерального значения муниципальный округ Ивановское,exact_24_month_x_6_category_value_fingerprint,0,True,1,VERIFIED_DATA_LINEAGE_MATCH,2467,7d596418d01688160751608f5ac7973be75edea7b3cb0111bc6d2663a03d3e9f,45-306-000-000,77
внутригородская территория города федерального значения муниципальный округ Измайлово,2468,внутригородская территория города федерального значения муниципальный округ Измайлово,exact_24_month_x_6_category_value_fingerprint,0,True,1,VERIFIED_DATA_LINEAGE_MATCH,2468,f74de6192fffea8f37ffcd9a819eadfef11e8c66c5dad7ccfb5c04e4ac273969,45-307-000-000,77
внутригородская территория города федерального значения муниципальный округ Измайловское,2355,внутригородская территория города федерального значения муниципальный округ Измайловское,exact_24_month_x_6_category_value_fingerprint,0,True,1,VERIFIED_DATA_LINEAGE_MATCH,2355,fe7c7e081b00df262b7139797d6980d4cf99c56c263abd39314f05093b799c93,40-305-000-000,78
внутригородская территория города федерального значения муниципальный округ Капотня,2547,внутригородская территория города федерального значения муниципальный округ Капотня,exact_24_month_x_6_category_value_fingerprint,0,True,1,VERIFIED_DATA_LINEAGE_MATCH,2547,8724826f1b4a91f1e1d6dd613b9d098e12b5ee64adb2afd955ab99cd3d2749e2,45-386-000-000,77
внутригородская территория города федерального значения муниципальный округ Княжево,2385,внутригородская территория города федерального значения муниципальный округ Княжево,exact_24_month_x_6_category_value_fingerprint,0,True,1,VERIFIED_DATA_LINEAGE_MATCH,2385,63ea6651590d0fe7131f29d807b40ce6b8d74a626351fd618f51aacacce1da87,40-335-000-000,78
внутригородская территория города федерального значения муниципальный округ Коломна,2351,внутригородская территория города федерального значения муниципальный округ Коломна,exact_24_month_x_6_category_value_fingerprint,0,True,1,VERIFIED_DATA_LINEAGE_MATCH,2351,8b4649e643e78751b34f2d2b9e44a0786814fae043de9d8c3108518410d5248c,40-301-000-000,78
внутригородская территория города федерального значения муниципальный округ Коломяги,2377,внутригородская территория города федерального значения муниципальный округ Коломяги,exact_24_month_x_6_category_value_fingerprint,0,True,1,VERIFIED_DATA_LINEAGE_MATCH,2377,85597d0b8a8bc18b31cf64695b8649ee7e3e574bb782c06228bb907151394c39,40-327-000-000,78
внутригородская территория города федерального значения муниципальный округ Комендантский аэродром,2374,внутригородская территория города федерального значения муниципальный округ Комендантский аэродром,exact_24_month_x_6_category_value_fingerprint,0,True,1,VERIFIED_DATA_LINEAGE_MATCH,2374,4e3dbce68125d4e2e240bec7086608fce1635915dcb68490f116f388d026514d,40-324-000-000,78
внутригородская территория города федерального значения муниципальный округ Константиновское,2408,внутригородская территория города федерального значения муниципальный округ Константиновское,exact_24_month_x_6_category_value_fingerprint,0,True,1,VERIFIED_DATA_LINEAGE_MATCH,2408,e2c9f13ab4d68c78816f377ea0d29e591a281798cda7306d2595e49d15b9ad2c,40-358-000-000,78
внутригородская территория города федерального значения муниципальный округ Коньково,2561,внутригородская территория города федерального значения муниципальный округ Коньково,exact_24_month_x_6_category_value_fingerprint,0,True,1,VERIFIED_DATA_LINEAGE_MATCH,2561,7e413f6848fcaf840a047a12fe0be0c295a39e293fb219cbcaba6a1cf8f163ab,45-902-000-000,77
внутригородская территория города федерального значения муниципальный округ Коптево,2502,внутригородская территория города федерального значения муниципальный округ Коптево,exact_24_month_x_6_category_value_fingerprint,0,True,1,VERIFIED_DATA_LINEAGE_MATCH,2502,d383b6550c30cfec84a3ac4d5fdb26145a97eceefb25e62271d996bffb6ace9b,45-341-000-000,77
внутригородская территория города федерального значения муниципальный округ Косино-Ухтомский,2469,внутригородская территория города федерального значения муниципальный округ Косино-Ухтомский,exact_24_month_x_6_category_value_fingerprint,0,True,1,VERIFIED_DATA_LINEAGE_MATCH,2469,2df459041b35a48842460a2b60260ddc34cd98c0337bc0e2a37792a301c8df9e,45-308-000-000,77
внутригородская территория города федерального значения муниципальный округ Котловка,2562,внутригородская территория города федерального значения муниципальный округ Котловка,exact_24_month_x_6_category_value_fingerprint,0,True,1,VERIFIED_DATA_LINEAGE_MATCH,2562,197a7d485cc516bc08f0ebe4c76b31a742024afbc52b52e3ed6c5bcd07bd7e04,45-903-000-000,77
внутригородская территория города федерального значения муниципальный округ Красненькая речка,2390,внутригородская территория города федерального значения муниципальный округ Красненькая речка,exact_24_month_x_6_category_value_fingerprint,0,True,1,VERIFIED_DATA_LINEAGE_MATCH,2390,0edbbdcc3dbf52ab2a9499ef787462baa5a5c5ca04f714f88eefa64622a41063,40-340-000-000,78
внутригородская территория города федерального значения муниципальный округ Красносельский,2539,внутригородская территория города федерального значения муниципальный округ Красносельский,exact_24_month_x_6_category_value_fingerprint,0,True,1,VERIFIED_DATA_LINEAGE_MATCH,2539,22f87322774af411cea7ac3f1a2aba10d5aaf9e1f9c232f29fcb96cb6f58c951,45-378-000-000,77
внутригородская территория города федерального значения муниципальный округ Кронверкское,2440,внутригородская территория города федерального значения муниципальный округ Кронверкское,exact_24_month_x_6_category_value_fingerprint,0,True,1,VERIFIED_DATA_LINEAGE_MATCH,2440,83fa8a0652ee7acea1ae7cbf62ee9c1c29fdfe4be23aa1c37465745be48a4019,40-390-000-000,78
внутригородская территория города федерального значения муниципальный округ Крылатское,2480,внутригородская территория города федерального значения муниципальный округ Крылатское,exact_24_month_x_6_category_value_fingerprint,0,True,1,VERIFIED_DATA_LINEAGE_MATCH,2480,e2a8ef016dac9eb9ea030ec2ae9c72f5a5f1eef1fc9e117e3c3e3255e576cd22,45-319-000-000,77
внутригородская территория города федерального значения муниципальный округ Крюково,2491,внутригородская территория города федерального значения муниципальный округ Крюково,exact_24_month_x_6_category_value_fingerprint,0,True,1,VERIFIED_DATA_LINEAGE_MATCH,2491,fd3af4399100d98218bd171137a6764afaa008f90560bc46a0490de9a06c2379,45-330-000-000,77
внутригородская территория города федерального значения муниципальный округ Кузьминки,2548,внутригородская территория города федерального значения муниципальный округ Кузьминки,exact_24_month_x_6_category_value_fingerprint,0,True,1,VERIFIED_DATA_LINEAGE_MATCH,2548,fe406d728c10efc123cf8e73a116a3728c4a6fbc08b2e0920d88e6aaae162774,45-387-000-000,77
внутригородская территория города федерального значения муниципальный округ Кунцево,2481,внутригородская территория города федерального значения муниципальный округ Кунцево,exact_24_month_x_6_category_value_fingerprint,0,True,1,VERIFIED_DATA_LINEAGE_MATCH,2481,ba87252d3823ae2022c2265ef78838da2d8b4d8aad5fbe4fb6b72165e95077be,45-320-000-000,77
внутригородская территория города федерального значения муниципальный округ Купчино,2452,внутригородская территория города федерального значения муниципальный округ Купчино,exact_24_month_x_6_category_value_fingerprint,0,True,1,VERIFIED_DATA_LINEAGE_MATCH,2452,914cf78711265111c4e0e6a5900ce87f9b51256a6b81c13fb63c7b6148a24b1e,40-904-000-000,78
внутригородская территория города федерального значения муниципальный округ Куркино,2527,внутригородская территория города федерального значения муниципальный округ Куркино,exact_24_month_x_6_category_value_fingerprint,0,True,1,VERIFIED_DATA_LINEAGE_MATCH,2527,70a6601660b788188712d8cc08d0e7867d96df440092ee252a698337be2c8137,45-366-000-000,77
внутригородская территория города федерального значения муниципальный округ Ланское,2373,внутригородская территория города федерального значения муниципальный округ Ланское,exact_24_month_x_6_category_value_fingerprint,0,True,1,VERIFIED_DATA_LINEAGE_MATCH,2373,765096ecaee9d1f7b91f69c34509ee246c1bf8dd55dac72f74162844d597b9f4,40-323-000-000,78
внутригородская территория города федерального значения муниципальный округ Лахта-Ольгино,2371,внутригородская территория города федерального значения муниципальный округ Лахта-Ольгино,exact_24_month_x_6_category_value_fingerprint,0,True,1,VERIFIED_DATA_LINEAGE_MATCH,2371,26e7f410531b2a8f089c4d413553738d252059daa23c1d5ad4be693d5df045e6,40-321-000-000,78
внутригородская территория города федерального значения муниципальный округ Левобережный,2503,внутригородская территория города федерального значения муниципальный округ Левобережный,exact_24_month_x_6_category_value_fingerprint,0,True,1,VERIFIED_DATA_LINEAGE_MATCH,2503,63f26d8cef2fd9d8ed256504386f64f1bb345cdb88748e63ea84e925dc993955,45-342-000-000,77
внутригородская территория города федерального значения муниципальный округ Лефортово,2549,внутригородская территория города федерального значения муниципальный округ Лефортово,exact_24_month_x_6_category_value_fingerprint,0,True,1,VERIFIED_DATA_LINEAGE_MATCH,2549,e322a2144a025b045a79e6bbe33fe221b2b5b76fa8c7cb28bff9827c8e5f21b1,45-388-000-000,77
внутригородская территория города федерального значения муниципальный округ Лианозово,2515,внутригородская территория города федерального значения муниципальный округ Лианозово,exact_24_month_x_6_category_value_fingerprint,0,True,1,VERIFIED_DATA_LINEAGE_MATCH,2515,85abd2e6de540752bcdaf4fc26c1194feba95c383157abd9baf40ffa34a40600,45-354-000-000,77
внутригородская территория города федерального значения муниципальный округ Лиговка-Ямская,2460,внутригородская территория города федерального значения муниципальный округ Лиговка-Ямская,exact_24_month_x_6_category_value_fingerprint,0,True,1,VERIFIED_DATA_LINEAGE_MATCH,2460,122b409d45db4e4b48b0519e5e6e95326d06448a143896dd8a08717f6c144801,40-912-000-000,78
внутригородская территория города федерального значения муниципальный округ Литейный округ,2458,внутригородская территория города федерального значения муниципальный округ Литейный округ,exact_24_month_x_6_category_value_fingerprint,0,True,1,VERIFIED_DATA_LINEAGE_MATCH,2458,76bcb3b56fb2f5bd7880e7344ff2defd7397a5a451f9375cd708b7a9d437cce8,40-910-000-000,78
внутригородская территория города федерального значения муниципальный округ Ломоносовский,2563,внутригородская территория города федерального значения муниципальный округ Ломоносовский,exact_24_month_x_6_category_value_fingerprint,0,True,1,VERIFIED_DATA_LINEAGE_MATCH,2563,d4949f989e30446200fda9b13e1adc0408c4789cc8e25bb393a95aba8622af48,45-904-000-000,77
внутригородская территория города федерального значения муниципальный округ Лосиноостровский,2516,внутригородская территория города федерального значения муниципальный округ Лосиноостровский,exact_24_month_x_6_category_value_fingerprint,0,True,1,VERIFIED_DATA_LINEAGE_MATCH,2516,98aa9871db672d464c1daf1f6e589238f1f75167d9083fad4e75df5adb46e7ed,45-355-000-000,77
внутригородская территория города федерального значения муниципальный округ Люблино,2550,внутригородская территория города федерального значения муниципальный округ Люблино,exact_24_month_x_6_category_value_fingerprint,0,True,1,VERIFIED_DATA_LINEAGE_MATCH,2550,0f3c6eab8d50c0505ec826ded1b3bed6e9d6ada661ec03aa6c7e1b8df8a76201,45-389-000-000,77
внутригородская территория города федерального значения муниципальный округ Малая Охта,2400,внутригородская территория города федерального значения муниципальный округ Малая Охта,exact_24_month_x_6_category_value_fingerprint,0,True,1,VERIFIED_DATA_LINEAGE_MATCH,2400,3a670b32cc1dfbcacc37cd994585c94c304da7add393c231309f5853575e469d,40-350-000-000,78
внутригородская территория города федерального значения муниципальный округ Марфино,2517,внутригородская территория города федерального значения муниципальный округ Марфино,exact_24_month_x_6_category_value_fingerprint,0,True,1,VERIFIED_DATA_LINEAGE_MATCH,2517,a0c1408866fcc812abd2bf44b476dc269236c72e75eeed9a3f15561100c5fda1,45-356-000-000,77
внутригородская территория города федерального значения муниципальный округ Марьина роща,2518,внутригородская территория города федерального значения муниципальный округ Марьина роща,exact_24_month_x_6_category_value_fingerprint,0,True,1,VERIFIED_DATA_LINEAGE_MATCH,2518,1fb09e783581781194fb88afe1decca684edcc002407c176ebb22ad94e429364,45-357-000-000,77
внутригородская территория города федерального значения муниципальный округ Марьино,2551,внутригородская территория города федерального значения муниципальный округ Марьино,exact_24_month_x_6_category_value_fingerprint,0,True,1,VERIFIED_DATA_LINEAGE_MATCH,2551,2e87dce459bf539d7eda1a12795d7433163f454c86709fc12ad2778ce064d805,45-390-000-000,77
внутригородская территория города федерального значения муниципальный округ Матушкино,2492,внутригородская территория города федерального значения муниципальный округ Матушкино,exact_24_month_x_6_category_value_fingerprint,0,True,1,VERIFIED_DATA_LINEAGE_MATCH,2492,74d3aa2de6b651dd3bdfb31b0da143a387311398fe75703c5572a1ef190ea0ed,45-331-000-000,77
внутригородская территория города федерального значения муниципальный округ Метрогородок,2472,внутригородская территория города федерального значения муниципальный округ Метрогородок,exact_24_month_x_6_category_value_fingerprint,0,True,1,VERIFIED_DATA_LINEAGE_MATCH,2472,4321bd4954591cd8d65d0bc14075aebba7061e9b09345810678947e8c6e8581b,45-311-000-000,77
внутригородская территория города федерального значения муниципальный округ Мещанский,2540,внутригородская территория города федерального значения муниципальный округ Мещанский,exact_24_month_x_6_category_value_fingerprint,0,True,1,VERIFIED_DATA_LINEAGE_MATCH,2540,6d7460c3be03c3fa8088ba34f4c8978f76ac65da1e7783a5bde296725609876b,45-379-000-000,77
внутригородская территория города федерального значения муниципальный округ Митино,2528,внутригородская территория города федерального значения муниципальный округ Митино,exact_24_month_x_6_category_value_fingerprint,0,True,1,VERIFIED_DATA_LINEAGE_MATCH,2528,91e22a8fb6e50c2e292c65acc759dabeff41186ba26ee52fc0dd02b9d180b2e5,45-367-000-000,77
внутригородская территория города федерального значения муниципальный округ Можайский,2482,внутригородская территория города федерального значения муниципальный округ Можайский,exact_24_month_x_6_category_value_fingerprint,0,True,1,VERIFIED_DATA_LINEAGE_MATCH,2482,31136aabba00ac2395ab23c5f6ec4089303590744f0b19d372d54ed77c45668b,45-321-000-000,77
внутригородская территория города федерального значения муниципальный округ Молжаниновский,2504,внутригородская территория города федерального значения муниципальный округ Молжаниновский,exact_24_month_x_6_category_value_fingerprint,0,True,1,VERIFIED_DATA_LINEAGE_MATCH,2504,c59c3045524597872895af0e8809449384377823f583715bbda8c454635a9969,45-343-000-000,77
внутригородская территория города федерального значения муниципальный округ Морские ворота,2391,внутригородская территория города федерального значения муниципальный округ Морские ворота,exact_24_month_x_6_category_value_fingerprint,0,True,1,VERIFIED_DATA_LINEAGE_MATCH,2391,490aa5c33ea34140541b1f8644c8bbcdc6790ef4bf2b26e3145c4f134cfaf229,40-341-000-000,78
внутригородская территория города федерального значения муниципальный округ Морской,2360,внутригородская территория города федерального значения муниципальный округ Морской,exact_24_month_x_6_category_value_fingerprint,0,True,1,VERIFIED_DATA_LINEAGE_MATCH,2360,e7001d297751413e947d3e2e313b0e8e24f29a89432723ce525ae5ad9c0db9b3,40-310-000-000,78
внутригородская территория города федерального значения муниципальный округ Москворечье-Сабурово,2576,внутригородская территория города федерального значения муниципальный округ Москворечье-Сабурово,exact_24_month_x_6_category_value_fingerprint,0,True,1,VERIFIED_DATA_LINEAGE_MATCH,2576,58cdaf4991a1fdd2972d8113a923db06d5528dad13c61647ccb5748c2c09f3cc,45-917-000-000,77
внутригородская территория города федерального значения муниципальный округ Московская застава,2423,внутригородская территория города федерального значения муниципальный округ Московская застава,exact_24_month_x_6_category_value_fingerprint,0,True,1,VERIFIED_DATA_LINEAGE_MATCH,2423,56fd76fe97992be7467d58dd223175021d682c251ff36ad439725e239f178107,40-373-000-000,78
внутригородская территория города федерального значения муниципальный округ Нагатино-Садовники,2577,внутригородская территория города федерального значения муниципальный округ Нагатино-Садовники,exact_24_month_x_6_category_value_fingerprint,0,True,1,VERIFIED_DATA_LINEAGE_MATCH,2577,9ba7c6e79fdc1ab9e9ce021b624f1136f85771044768da4eacfa9f61485fce55,45-918-000-000,77
внутригородская территория города федерального значения муниципальный округ Нагатинский затон,2578,внутригородская территория города федерального значения муниципальный округ Нагатинский затон,exact_24_month_x_6_category_value_fingerprint,0,True,1,VERIFIED_DATA_LINEAGE_MATCH,2578,828c708cdc1d944f250816122f11ba27388b2b14ff5306cf1284d3c653e0bbd3,45-919-000-000,77
внутригородская территория города федерального значения муниципальный округ Нагорный,2579,внутригородская территория города федерального значения муниципальный округ Нагорный,exact_24_month_x_6_category_value_fingerprint,0,True,1,VERIFIED_DATA_LINEAGE_MATCH,2579,083e2d3a500fe1e0211a34868c439b8fff401f74169611bef189a2b6d648e346,45-920-000-000,77
внутригородская территория города федерального значения муниципальный округ Нарвский округ,2389,внутригородская территория города федерального значения муниципальный округ Нарвский округ,exact_24_month_x_6_category_value_fingerprint,0,True,1,VERIFIED_DATA_LINEAGE_MATCH,2389,3d2aa0c507cd08022a0deb09db36e4e8baa725142df11f31d780eb17729ffbd4,40-339-000-000,78
внутригородская территория города федерального значения муниципальный округ Народный,2432,внутригородская территория города федерального значения муниципальный округ Народный,exact_24_month_x_6_category_value_fingerprint,0,True,1,VERIFIED_DATA_LINEAGE_MATCH,2432,5989fb389dd08be53a5b1323f11ee6f7b5c2c8304192c27934699983d883c610,40-382-000-000,78
внутригородская территория города федерального значения муниципальный округ Невская застава,2428,внутригородская территория города федерального значения муниципальный округ Невская застава,exact_24_month_x_6_category_value_fingerprint,0,True,1,VERIFIED_DATA_LINEAGE_MATCH,2428,62b256d8fed389acf3948d5dffd000e45f8bb2ffddb6cf62fd96d7ff68da1185,40-378-000-000,78
внутригородская территория города федерального значения муниципальный округ Невский округ,2434,внутригородская территория города федерального значения муниципальный округ Невский округ,exact_24_month_x_6_category_value_fingerprint,0,True,1,VERIFIED_DATA_LINEAGE_MATCH,2434,fb6b272539833a6e03d21da9fe84e67f00e513768e8f44c59f091ee277aded4d,40-384-000-000,78
внутригородская территория города федерального значения муниципальный округ Некрасовка,2552,внутригородская территория города федерального значения муниципальный округ Некрасовка,exact_24_month_x_6_category_value_fingerprint,0,True,1,VERIFIED_DATA_LINEAGE_MATCH,2552,159ba291eb047e6e662ced754a751faa9a635ab07566921e23ab57d43a8b88f9,45-391-000-000,77
внутригородская территория города федерального значения муниципальный округ Нижегородский,2553,внутригородская территория города федерального значения муниципальный округ Нижегородский,exact_24_month_x_6_category_value_fingerprint,0,True,1,VERIFIED_DATA_LINEAGE_MATCH,2553,8d231a39bb8ab842637172a0db60b23522f69350148b0c59851744daad87284d,45-392-000-000,77
внутригородская территория города федерального значения муниципальный округ Ново-Переделкино,2483,внутригородская территория города федерального значения муниципальный округ Ново-Переделкино,exact_24_month_x_6_category_value_fingerprint,0,True,1,VERIFIED_DATA_LINEAGE_MATCH,2483,1e05db77e5c9ee87f61e1c314c9561088a8848fa3fdc2d5e861f93d4e2570c58,45-322-000-000,77
внутригородская территория города федерального значения муниципальный округ Новогиреево,2470,внутригородская территория города федерального значения муниципальный округ Новогиреево,exact_24_month_x_6_category_value_fingerprint,0,True,1,VERIFIED_DATA_LINEAGE_MATCH,2470,e1bb2f453827dd29468d6014285ea887111ab392bc1838fb92aba56f5144508b,45-309-000-000,77
внутригородская территория города федерального значения муниципальный округ Новоизмайловское,2425,внутригородская территория города федерального значения муниципальный округ Новоизмайловское,exact_24_month_x_6_category_value_fingerprint,0,True,1,VERIFIED_DATA_LINEAGE_MATCH,2425,656a1562734445e0f1a577d97fc55e7518beac786145375e0c664b0287ac4f0b,40-375-000-000,78
внутригородская территория города федерального значения муниципальный округ Новокосино,2471,внутригородская территория города федерального значения муниципальный округ Новокосино,exact_24_month_x_6_category_value_fingerprint,0,True,1,VERIFIED_DATA_LINEAGE_MATCH,2471,11b54a821b6e9f129814cbe794626045dbd33cc378fa01cd109401ca4aa7e5db,45-310-000-000,77
внутригородская территория города федерального значения муниципальный округ Обручевский,2564,внутригородская территория города федерального значения муниципальный округ Обручевский,exact_24_month_x_6_category_value_fingerprint,0,True,1,VERIFIED_DATA_LINEAGE_MATCH,2564,40a827adcc3ae59cef816841a2264e4efb45b72dfe26d9a70354a1196ba1d6f4,45-905-000-000,77
внутригородская территория города федерального значения муниципальный округ Обуховский,2430,внутригородская территория города федерального значения муниципальный округ Обуховский,exact_24_month_x_6_category_value_fingerprint,0,True,1,VERIFIED_DATA_LINEAGE_MATCH,2430,ac4a599b50b931cbd3667100d413d05fd556aae7ee06324c2b48d5956c0a4a40,40-380-000-000,78
внутригородская территория города федерального значения муниципальный округ Озеро Долгое,2375,внутригородская территория города федерального значения муниципальный округ Озеро Долгое,exact_24_month_x_6_category_value_fingerprint,0,True,1,VERIFIED_DATA_LINEAGE_MATCH,2375,c1f242924a44c940193baabde227ff946e466f32d205dc2536f0ef0da7964f5d,40-325-000-000,78
внутригородская территория города федерального значения муниципальный округ Оккервиль,2435,внутригородская территория города федерального значения муниципальный округ Оккервиль,exact_24_month_x_6_category_value_fingerprint,0,True,1,VERIFIED_DATA_LINEAGE_MATCH,2435,54a2f69b0eb08fb7344f9106f6758958c9bb1442d3f3440f9272e611cbbb8c93,40-385-000-000,78
внутригородская территория города федерального значения муниципальный округ Орехово-Борисово Северное,2580,внутригородская территория города федерального значения муниципальный округ Орехово-Борисово Северное,exact_24_month_x_6_category_value_fingerprint,0,True,1,VERIFIED_DATA_LINEAGE_MATCH,2580,4cc541da8b698c51f2fad6fa4adaf83e8ce54078a25e391c3d24f18a4791ebb0,45-921-000-000,77
внутригородская территория города федерального значения муниципальный округ Орехово-Борисово Южное,2581,внутригородская территория города федерального значения муниципальный округ Орехово-Борисово Южное,exact_24_month_x_6_category_value_fingerprint,0,True,1,VERIFIED_DATA_LINEAGE_MATCH,2581,c4d1ab25b9ede6c1ad6461290d641851673c9e9759d524247f178f42106e9854,45-922-000-000,77
внутригородская территория города федерального значения муниципальный округ Останкинский,2519,внутригородская территория города федерального значения муниципальный округ Останкинский,exact_24_month_x_6_category_value_fingerprint,0,True,1,VERIFIED_DATA_LINEAGE_MATCH,2519,68a2cc1ec246921aae27d6f6059ccac557f1ae3b3acea8ae9eb2c389d6b0c73c,45-358-000-000,77
внутригородская территория города федерального значения муниципальный округ Остров Декабристов,2361,внутригородская территория города федерального значения муниципальный округ Остров Декабристов,exact_24_month_x_6_category_value_fingerprint,0,True,1,VERIFIED_DATA_LINEAGE_MATCH,2361,6392bd77ab64733d560882d393de644d17e30e3fc8bb57962fe5aad4cf675b85,40-311-000-000,78
внутригородская территория города федерального значения муниципальный округ Отрадное,2520,внутригородская территория города федерального значения муниципальный округ Отрадное,exact_24_month_x_6_category_value_fingerprint,0,True,1,VERIFIED_DATA_LINEAGE_MATCH,2520,f3d100be475356b5457754f133261181b62e13c58103e0702cfb3c119b921dc4,45-359-000-000,77
внутригородская территория города федерального значения муниципальный округ Очаково-Матвеевское,2484,внутригородская территория города федерального значения муниципальный округ Очаково-Матвеевское,exact_24_month_x_6_category_value_fingerprint,0,True,1,VERIFIED_DATA_LINEAGE_MATCH,2484,dd10d26480829e16ec24f615176de1eeeb35a70c271ea43031436c591bac105a,45-323-000-000,77
внутригородская территория города федерального значения муниципальный округ Перово,2473,внутригородская территория города федерального значения муниципальный округ Перово,exact_24_month_x_6_category_value_fingerprint,0,True,1,VERIFIED_DATA_LINEAGE_MATCH,2473,69e42295519eb9e1134c66be985a9b53017eeaa932e2bda211b4f4b15e87bfda,45-312-000-000,77
внутригородская территория города федерального значения муниципальный округ Печатники,2554,внутригородская территория города федерального значения муниципальный округ Печатники,exact_24_month_x_6_category_value_fingerprint,0,True,1,VERIFIED_DATA_LINEAGE_MATCH,2554,36576df5e746fff948a90c6153fbafb8be210e9e7675b2669340dc35f19d2bef,45-393-000-000,77
внутригородская территория города федерального значения муниципальный округ Пискаревка,2382,внутригородская территория города федерального значения муниципальный округ Пискаревка,exact_24_month_x_6_category_value_fingerprint,0,True,1,VERIFIED_DATA_LINEAGE_MATCH,2382,c3bd004915da03bb0f443b6562adef8e3d8206ed21f71f179bf23f769ec9c1ed,40-332-000-000,78
внутригородская территория города федерального значения муниципальный округ Покровское-Стрешнево,2529,внутригородская территория города федерального значения муниципальный округ Покровское-Стрешнево,exact_24_month_x_6_category_value_fingerprint,0,True,1,VERIFIED_DATA_LINEAGE_MATCH,2529,a5749cbd519c4a530f5db92229cc7809194c7494e357bef4a1dabe5108c4c0f6,45-368-000-000,77
внутригородская территория города федерального значения муниципальный округ Полюстрово,2398,внутригородская территория города федерального значения муниципальный округ Полюстрово,exact_24_month_x_6_category_value_fingerprint,0,True,1,VERIFIED_DATA_LINEAGE_MATCH,2398,3a2536fc22e3a74926d940ba679fe2200c884ed7c9333bc553a84484a088153e,40-348-000-000,78
внутригородская территория города федерального значения муниципальный округ Пороховые,2401,внутригородская территория города федерального значения муниципальный округ Пороховые,exact_24_month_x_6_category_value_fingerprint,0,True,1,VERIFIED_DATA_LINEAGE_MATCH,2401,2e70319c6c556c3a990d1b9e3042166009b738c1608f27dabc8cb6e57b060e7a,40-351-000-000,78
внутригородская территория города федерального значения муниципальный округ Посадский,2441,внутригородская территория города федерального значения муниципальный округ Посадский,exact_24_month_x_6_category_value_fingerprint,0,True,1,VERIFIED_DATA_LINEAGE_MATCH,2441,206417824a8b8f0c82992a68e0abc0e340cc6d31d0161630ff31d4801464363e,40-391-000-000,78
внутригородская территория города федерального значения муниципальный округ Правобережный,2436,внутригородская территория города федерального значения муниципальный округ Правобережный,exact_24_month_x_6_category_value_fingerprint,0,True,1,VERIFIED_DATA_LINEAGE_MATCH,2436,e61327a3195e6f95104f9f90b313073cb231a3da2ef63fb8d0e99962a3d196f2,40-386-000-000,78
внутригородская территория города федерального значения муниципальный округ Преображенское,2477,внутригородская территория города федерального значения муниципальный округ Преображенское,exact_24_month_x_6_category_value_fingerprint,0,True,1,VERIFIED_DATA_LINEAGE_MATCH,2477,571f0636a163df5d5a315cd60427b379cacf0535aa395b3925592872ea20d738,45-316-000-000,77
внутригородская территория города федерального значения муниципальный округ Пресненский,2541,внутригородская территория города федерального значения муниципальный округ Пресненский,exact_24_month_x_6_category_value_fingerprint,0,True,1,VERIFIED_DATA_LINEAGE_MATCH,2541,f74daf6026a04881dc66b663f510e47e46fe8efd1f6cb3814a998d3f3f24e872,45-380-000-000,77
внутригородская территория города федерального значения муниципальный округ Прометей,2384,внутригородская территория города федерального значения муниципальный округ Прометей,exact_24_month_x_6_category_value_fingerprint,0,True,1,VERIFIED_DATA_LINEAGE_MATCH,2384,94f4071f80b1deaa3b2f50d6a9255425b072be846542338bfbd22817f88fac4f,40-334-000-000,78
внутригородская территория города федерального значения муниципальный округ Проспект Вернадского,2485,внутригородская территория города федерального значения муниципальный округ Проспект Вернадского,exact_24_month_x_6_category_value_fingerprint,0,True,1,VERIFIED_DATA_LINEAGE_MATCH,2485,24761776b95bc8466cca3b19979d17eee8cda2447906f5ea093eabd4cece36e4,45-324-000-000,77
внутригородская территория города федерального значения муниципальный округ Пулковский меридиан,2426,внутригородская территория города федерального значения муниципальный округ Пулковский меридиан,exact_24_month_x_6_category_value_fingerprint,0,True,1,VERIFIED_DATA_LINEAGE_MATCH,2426,6ea81a01d6cafa71c97cde80c30b48e52197aeab1890eb783a23fb38e5f6b609,40-376-000-000,78
внутригородская территория города федерального значения муниципальный округ Раменки,2486,внутригородская территория города федерального значения муниципальный округ Раменки,exact_24_month_x_6_category_value_fingerprint,0,True,1,VERIFIED_DATA_LINEAGE_MATCH,2486,0a6420565f79dc4b4d862f855f33b5f6dffaca8f3951139388b631610064e619,45-325-000-000,77
внутригородская территория города федерального значения муниципальный округ Ржевка,2402,внутригородская территория города федерального значения муниципальный округ Ржевка,exact_24_month_x_6_category_value_fingerprint,0,True,1,VERIFIED_DATA_LINEAGE_MATCH,2402,1e617ac6568facf4806eb5b5b1b3044a209992ee5cef89d54e7e87279c944cb5,40-352-000-000,78
внутригородская территория города федерального значения муниципальный округ Ростокино,2521,внутригородская территория города федерального значения муниципальный округ Ростокино,exact_24_month_x_6_category_value_fingerprint,0,True,1,VERIFIED_DATA_LINEAGE_MATCH,2521,d2d74933bc940034df98a03ebb1a509a33c73ee953aa63aca641b753b226a95f,45-360-000-000,77
внутригородская территория города федерального значения муниципальный округ Рыбацкое,2431,внутригородская территория города федерального значения муниципальный округ Рыбацкое,exact_24_month_x_6_category_value_fingerprint,0,True,1,VERIFIED_DATA_LINEAGE_MATCH,2431,6eef3a575d7c883cf87e105f9c2bcb01683aa6d7d37417b2c77ae815423c851f,40-381-000-000,78
внутригородская территория города федерального значения муниципальный округ Рязанский,2555,внутригородская территория города федерального значения муниципальный округ Рязанский,exact_24_month_x_6_category_value_fingerprint,0,True,1,VERIFIED_DATA_LINEAGE_MATCH,2555,e3c84fc68da70d6748dd2a8e4ca5ba196ec6ad73e626ebe7a99d4c46f597dd88,45-394-000-000,77
внутригородская территория города федерального значения муниципальный округ Савеловский,2505,внутригородская территория города федерального значения муниципальный округ Савеловский,exact_24_month_x_6_category_value_fingerprint,0,True,1,VERIFIED_DATA_LINEAGE_MATCH,2505,70d6268e3134fe25548304f92b924576d55028ba58580b34fb55d456cf6ab55f,45-344-000-000,77
внутригородская территория города федерального значения муниципальный округ Сампсониевское,2364,внутригородская территория города федерального значения муниципальный округ Сампсониевское,exact_24_month_x_6_category_value_fingerprint,0,True,1,VERIFIED_DATA_LINEAGE_MATCH,2364,7bc8dfee46297f297bd52a7559e75321a48809805fc30a5fa4c23e5189a448e5,40-314-000-000,78
внутригородская территория города федерального значения муниципальный округ Светлановское,2365,внутригородская территория города федерального значения муниципальный округ Светлановское,exact_24_month_x_6_category_value_fingerprint,0,True,1,VERIFIED_DATA_LINEAGE_MATCH,2365,97058475210921b46efbbde95a53ba362e1a70fd2b9f8655ee201a504a812dcb,40-315-000-000,78
внутригородская территория города федерального значения муниципальный округ Свиблово,2522,внутригородская территория города федерального значения муниципальный округ Свиблово,exact_24_month_x_6_category_value_fingerprint,0,True,1,VERIFIED_DATA_LINEAGE_MATCH,2522,d30b5b62097376d777defcc95a0b530ac78adf7cb9f75d389d35424bf09b028c,45-361-000-000,77
внутригородская территория города федерального значения муниципальный округ Северное Бутово,2565,внутригородская территория города федерального значения муниципальный округ Северное Бутово,exact_24_month_x_6_category_value_fingerprint,0,True,1,VERIFIED_DATA_LINEAGE_MATCH,2565,8cdc8bac91f726b380865893feef49ee3893f6197ad41874b171d7901dfc9d32,45-906-000-000,77
внутригородская территория города федерального значения муниципальный округ Северное Измайлово,2474,внутригородская территория города федерального значения муниципальный округ Северное Измайлово,exact_24_month_x_6_category_value_fingerprint,0,True,1,VERIFIED_DATA_LINEAGE_MATCH,2474,71f3122ad779047f161682e04951bf10081efc4207f8e930f2f7ceb151240267,45-313-000-000,77
внутригородская территория города федерального значения муниципальный округ Северное Медведково,2523,внутригородская территория города федерального значения муниципальный округ Северное Медведково,exact_24_month_x_6_category_value_fingerprint,0,True,1,VERIFIED_DATA_LINEAGE_MATCH,2523,529cc58779146b70d4b5e880ca6ef6014b4fee73a3fbe44209bd33c595a071fe,45-362-000-000,77
внутригородская территория города федерального значения муниципальный округ Северное Тушино,2530,внутригородская территория города федерального значения муниципальный округ Северное Тушино,exact_24_month_x_6_category_value_fingerprint,0,True,1,VERIFIED_DATA_LINEAGE_MATCH,2530,ef0e2f03941d948db2e35dc5a9f9b464e3a3c09c547f1b0a6b9ee5f26f03f4b2,45-369-000-000,77
внутригородская территория города федерального значения муниципальный округ Семеновский,2354,внутригородская территория города федерального значения муниципальный округ Семеновский,exact_24_month_x_6_category_value_fingerprint,0,True,1,VERIFIED_DATA_LINEAGE_MATCH,2354,089d143b1fa788ead860d6d79640a95705cd6f8bda387fb1cad43c19b5d8c344,40-304-000-000,78
внутригородская территория города федерального значения муниципальный округ Сенной округ,2352,внутригородская территория города федерального значения муниципальный округ Сенной округ,exact_24_month_x_6_category_value_fingerprint,0,True,1,VERIFIED_DATA_LINEAGE_MATCH,2352,4aab9fc937d29001665fe5223593d46a3be6a7d915c2bc49573333fb9685b21b,40-302-000-000,78
внутригородская территория города федерального значения муниципальный округ Сергиевское,2368,внутригородская территория города федерального значения муниципальный округ Сергиевское,exact_24_month_x_6_category_value_fingerprint,0,True,1,VERIFIED_DATA_LINEAGE_MATCH,2368,64baf6c5d3ea147ca7371f9778ba663f02a8f81b4a3ce1a60984f97fd3311064,40-318-000-000,78
внутригородская территория города федерального значения муниципальный округ Силино,2493,внутригородская территория города федерального значения муниципальный округ Силино,exact_24_month_x_6_category_value_fingerprint,0,True,1,VERIFIED_DATA_LINEAGE_MATCH,2493,cb4606e1adf710e1d947cf2d6766db84d536aef15ec8975e4767c9e93e9816dc,45-332-000-000,77
внутригородская территория города федерального значения муниципальный округ Смольнинское,2459,внутригородская территория города федерального значения муниципальный округ Смольнинское,exact_24_month_x_6_category_value_fingerprint,0,True,1,VERIFIED_DATA_LINEAGE_MATCH,2459,17cf0b216d2103b36edbaccf1c25e4885f782c7a3db7b7c2ee38fab1f2122cb2,40-911-000-000,78
внутригородская территория города федерального значения муниципальный округ Сокол,2506,внутригородская территория города федерального значения муниципальный округ Сокол,exact_24_month_x_6_category_value_fingerprint,0,True,1,VERIFIED_DATA_LINEAGE_MATCH,2506,94fc77817f930b24680e02643599c0a7553cb51d9de3768c95e0c55b98130363,45-345-000-000,77
внутригородская территория города федерального значения муниципальный округ Соколиная гора,2475,внутригородская территория города федерального значения муниципальный округ Соколиная гора,exact_24_month_x_6_category_value_fingerprint,0,True,1,VERIFIED_DATA_LINEAGE_MATCH,2475,86c4234218d1fe56b33d860c2ea245392ad87503b026006fe2499d13f8afa7fa,45-314-000-000,77
внутригородская территория города федерального значения муниципальный округ Сокольники,2476,внутригородская территория города федерального значения муниципальный округ Сокольники,exact_24_month_x_6_category_value_fingerprint,0,True,1,VERIFIED_DATA_LINEAGE_MATCH,2476,96ed8dd64e0acfe6c5f844dc4e14ebfadc8d0a01c9d2053f92c61f627042d637,45-315-000-000,77
внутригородская территория города федерального значения муниципальный округ Солнцево,2487,внутригородская территория города федерального значения муниципальный округ Солнцево,exact_24_month_x_6_category_value_fingerprint,0,True,1,VERIFIED_DATA_LINEAGE_MATCH,2487,5ec4b22af934bcebccdd530d76fd85cb322745900d774dab0f9fc3e60718e632,45-326-000-000,77
внутригородская территория города федерального значения муниципальный округ Сосновая поляна,2406,внутригородская территория города федерального значения муниципальный округ Сосновая поляна,exact_24_month_x_6_category_value_fingerprint,0,True,1,VERIFIED_DATA_LINEAGE_MATCH,2406,f6a23e90babbe30036540a180a492c4104b96bbaf454977ebb3542a30cdd72b9,40-356-000-000,78
внутригородская территория города федерального значения муниципальный округ Сосновское,2366,внутригородская территория города федерального значения муниципальный округ Сосновское,exact_24_month_x_6_category_value_fingerprint,0,True,1,VERIFIED_DATA_LINEAGE_MATCH,2366,3a89f5b49f0d15375163a86a52e9210d66590450503c3c22883f9cc73e6b4645,40-316-000-000,78
внутригородская территория города федерального значения муниципальный округ Старое Крюково,2586,внутригородская территория города федерального значения муниципальный округ Старое Крюково,exact_24_month_x_6_category_value_fingerprint,0,True,1,VERIFIED_DATA_LINEAGE_MATCH,2586,c189dd5b38a43a773651427a338d52a9ea3bcebd57b3be8ba77f99d32ecf6b6b,45-927-000-000,77
внутригородская территория города федерального значения муниципальный округ Строгино,2531,внутригородская территория города федерального значения муниципальный округ Строгино,exact_24_month_x_6_category_value_fingerprint,0,True,1,VERIFIED_DATA_LINEAGE_MATCH,2531,c54bc37e68f78737ae851f7198f50c24c8d2081245a2c6d5d4dbedde79cb1ba4,45-370-000-000,77
внутригородская территория города федерального значения муниципальный округ Таганский,2542,внутригородская территория города федерального значения муниципальный округ Таганский,exact_24_month_x_6_category_value_fingerprint,0,True,1,VERIFIED_DATA_LINEAGE_MATCH,2542,1afb6b412355d2dd803cf04fc7cb7802678f54084e1f766fc7a7b64fd8e2fd92,45-381-000-000,77
внутригородская территория города федерального значения муниципальный округ Тверской,2543,внутригородская территория города федерального значения муниципальный округ Тверской,exact_24_month_x_6_category_value_fingerprint,0,True,1,VERIFIED_DATA_LINEAGE_MATCH,2543,4ee48b09ed0ae7585aa04c84f092cbec5049ba2f7f47727af3d559014aeb41f7,45-382-000-000,77
внутригородская территория города федерального значения муниципальный округ Текстильщики,2556,внутригородская территория города федерального значения муниципальный округ Текстильщики,exact_24_month_x_6_category_value_fingerprint,0,True,1,VERIFIED_DATA_LINEAGE_MATCH,2556,06f08f38bf4adb7b1bdccbd99ca060bd24a929d86f947e1bfb6d05dfd9547cd9,45-395-000-000,77
внутригородская территория города федерального значения муниципальный округ Теплый Стан,2566,внутригородская территория города федерального значения муниципальный округ Теплый Стан,exact_24_month_x_6_category_value_fingerprint,0,True,1,VERIFIED_DATA_LINEAGE_MATCH,2566,9cf9a94b599ea2331cb400f4c8c748e2ffe060fdcb1b53dff7e3d5e351d82063,45-907-000-000,77
внутригородская территория города федерального значения муниципальный округ Тимирязевский,2507,внутригородская территория города федерального значения муниципальный округ Тимирязевский,exact_24_month_x_6_category_value_fingerprint,0,True,1,VERIFIED_DATA_LINEAGE_MATCH,2507,2d4b3e03d7522726ef349bfc09aa6dc3ed4e15907a00531fd4aba4c91884c80d,45-346-000-000,77
внутригородская территория города федерального значения муниципальный округ Тропарево-Никулино,2488,внутригородская территория города федерального значения муниципальный округ Тропарево-Никулино,exact_24_month_x_6_category_value_fingerprint,0,True,1,VERIFIED_DATA_LINEAGE_MATCH,2488,c9ad726bdc0cfaebf3f164301e7048f66be211717581f639371b87859bc5595d,45-327-000-000,77
внутригородская территория города федерального значения муниципальный округ Ульянка,2386,внутригородская территория города федерального значения муниципальный округ Ульянка,exact_24_month_x_6_category_value_fingerprint,0,True,1,VERIFIED_DATA_LINEAGE_MATCH,2386,4a0521f2822fe2e1c873f5c8d4dc9080e14ade87b1b98767514ad4daff4beb7a,40-336-000-000,78
внутригородская территория города федерального значения муниципальный округ Урицк,2407,внутригородская территория города федерального значения муниципальный округ Урицк,exact_24_month_x_6_category_value_fingerprint,0,True,1,VERIFIED_DATA_LINEAGE_MATCH,2407,cc74867793b48d686f4eef51a9fc30a5fb299ef67e915480efc7a4478f1df7ef,40-357-000-000,78
внутригородская территория города федерального значения муниципальный округ Филевский парк,2489,внутригородская территория города федерального значения муниципальный округ Филевский парк,exact_24_month_x_6_category_value_fingerprint,0,True,1,VERIFIED_DATA_LINEAGE_MATCH,2489,02a168983857d5b867f4c6474500e84aa66a80ff332a4a9e147593ac4452f9a9,45-328-000-000,77
внутригородская территория города федерального значения муниципальный округ Фили-Давыдково,2490,внутригородская территория города федерального значения муниципальный округ Фили-Давыдково,exact_24_month_x_6_category_value_fingerprint,0,True,1,VERIFIED_DATA_LINEAGE_MATCH,2490,c3641a052edfcd4faaadeb0c5c8cc85d4fe013d8c37f63fb1bc682e82169b1fe,45-329-000-000,77
внутригородская территория города федерального значения муниципальный округ Финляндский округ,2380,внутригородская территория города федерального значения муниципальный округ Финляндский округ,exact_24_month_x_6_category_value_fingerprint,0,True,1,VERIFIED_DATA_LINEAGE_MATCH,2380,985dfff9199bc7ebabab44c50e5dbdfffe5b15fcc4de9788792534361d57361d,40-330-000-000,78
внутригородская территория города федерального значения муниципальный округ Хамовники,2544,внутригородская территория города федерального значения муниципальный округ Хамовники,exact_24_month_x_6_category_value_fingerprint,0,True,1,VERIFIED_DATA_LINEAGE_MATCH,2544,62acd7f3cc8f62c7011b1307e4adf8e3d2d865e8f28de3481fb529842e931a8d,45-383-000-000,77
внутригородская территория города федерального значения муниципальный округ Ховрино,2508,внутригородская территория города федерального значения муниципальный округ Ховрино,exact_24_month_x_6_category_value_fingerprint,0,True,1,VERIFIED_DATA_LINEAGE_MATCH,2508,cd9b9c4fd188f27c80321c70503efa0d382fe36997157b9d0b35a4f494496b36,45-347-000-000,77
внутригородская территория города федерального значения муниципальный округ Хорошево-Мневники,2532,внутригородская территория города федерального значения муниципальный округ Хорошево-Мневники,exact_24_month_x_6_category_value_fingerprint,0,True,1,VERIFIED_DATA_LINEAGE_MATCH,2532,cca9825aeaa1b258353b92858e0d1be1faca847ce837794e3ee790139da309b5,45-371-000-000,77
внутригородская территория города федерального значения муниципальный округ Хорошевский,2509,внутригородская территория города федерального значения муниципальный округ Хорошевский,exact_24_month_x_6_category_value_fingerprint,0,True,1,VERIFIED_DATA_LINEAGE_MATCH,2509,b77b73345c2483b91835bea82846af9bfa5cbaf919e25f2fac220174db9fe2f0,45-348-000-000,77
внутригородская территория города федерального значения муниципальный округ Царицыно,2582,внутригородская территория города федерального значения муниципальный округ Царицыно,exact_24_month_x_6_category_value_fingerprint,0,True,1,VERIFIED_DATA_LINEAGE_MATCH,2582,636b2a296bf9618f3dc99a79c28d789b894a77549b86673f4568862f09d3d924,45-923-000-000,77
внутригородская территория города федерального значения муниципальный округ Черемушки,2567,внутригородская территория города федерального значения муниципальный округ Черемушки,exact_24_month_x_6_category_value_fingerprint,0,True,1,VERIFIED_DATA_LINEAGE_MATCH,2567,c9fe686e84f078918c25b9cc067b232a0e4c154e9dcb58dfb2787ee9e70524d9,45-908-000-000,77
внутригородская территория города федерального значения муниципальный округ Чертаново Северное,2583,внутригородская территория города федерального значения муниципальный округ Чертаново Северное,exact_24_month_x_6_category_value_fingerprint,0,True,1,VERIFIED_DATA_LINEAGE_MATCH,2583,96ae8191fcf1d365d365e96191cd8a17ce4972515d6db94d19bd8717c9f9c35d,45-924-000-000,77
внутригородская территория города федерального значения муниципальный округ Чертаново Центральное,2584,внутригородская территория города федерального значения муниципальный округ Чертаново Центральное,exact_24_month_x_6_category_value_fingerprint,0,True,1,VERIFIED_DATA_LINEAGE_MATCH,2584,bc18f8abce6971a20fd76836f8b891c545e25ad5781ca8b3bd078fa02be5e87d,45-925-000-000,77
внутригородская территория города федерального значения муниципальный округ Чертаново Южное,2585,внутригородская территория города федерального значения муниципальный округ Чертаново Южное,exact_24_month_x_6_category_value_fingerprint,0,True,1,VERIFIED_DATA_LINEAGE_MATCH,2585,f54d67d7ff9029091c1c51e7620b155773c3e5010a2e24f36d3b319cf788990e,45-926-000-000,77
внутригородская территория города федерального значения муниципальный округ Чкаловское,2444,внутригородская территория города федерального значения муниципальный округ Чкаловское,exact_24_month_x_6_category_value_fingerprint,0,True,1,VERIFIED_DATA_LINEAGE_MATCH,2444,5e6af46fa985c56e86a6da07de76e73d4ad5893dc0048daf8ec1cc1fd9844a77,40-394-000-000,78
внутригородская территория города федерального значения муниципальный округ Шувалово-Озерки,2369,внутригородская территория города федерального значения муниципальный округ Шувалово-Озерки,exact_24_month_x_6_category_value_fingerprint,0,True,1,VERIFIED_DATA_LINEAGE_MATCH,2369,fd4a2df936a267d134ccd19a01a558f3bc3ab22ff6dd18119b8585fac2ccd6df,40-319-000-000,78
внутригородская территория города федерального значения муниципальный округ Щукино,2533,внутригородская территория города федерального значения муниципальный округ Щукино,exact_24_month_x_6_category_value_fingerprint,0,True,1,VERIFIED_DATA_LINEAGE_MATCH,2533,6d1d52514549bf6f09626f20ec1fd426c5108a275e40b8d5a9b2321767d34936,45-372-000-000,77
внутригородская территория города федерального значения муниципальный округ Юго-Запад,2404,внутригородская территория города федерального значения муниципальный округ Юго-Запад,exact_24_month_x_6_category_value_fingerprint,0,True,1,VERIFIED_DATA_LINEAGE_MATCH,2404,650eb7ab6cb5a172596390af0366443229c9ba95aea082106e917b234db9c9d9,40-354-000-000,78
внутригородская территория города федерального значения муниципальный округ Южно-Приморский,2405,внутригородская территория города федерального значения муниципальный округ Южно-Приморский,exact_24_month_x_6_category_value_fingerprint,0,True,1,VERIFIED_DATA_LINEAGE_MATCH,2405,707b91144835ad5d682db4c6ef2505b2ee28e467829114b7bd031a01137d6d0e,40-355-000-000,78
внутригородская территория города федерального значения муниципальный округ Южное Бутово,2568,внутригородская территория города федерального значения муниципальный округ Южное Бутово,exact_24_month_x_6_category_value_fingerprint,0,True,1,VERIFIED_DATA_LINEAGE_MATCH,2568,029300b3a5fee14cf19d3c1f7ca1122c22c510f94da27a113bde05b3034bdb86,45-909-000-000,77
внутригородская территория города федерального значения муниципальный округ Южное Медведково,2525,внутригородская территория города федерального значения муниципальный округ Южное Медведково,exact_24_month_x_6_category_value_fingerprint,0,True,1,VERIFIED_DATA_LINEAGE_MATCH,2525,18a0fa59616612c9de23e02c3bb1a949037557069f9518fa485e35fd1a292ccb,45-364-000-000,77
внутригородская территория города федерального значения муниципальный округ Южное Тушино,2534,внутригородская территория города федерального значения муниципальный округ Южное Тушино,exact_24_month_x_6_category_value_fingerprint,0,True,1,VERIFIED_DATA_LINEAGE_MATCH,2534,0919698a40a9d90706230fb8e970a319ea542b3cfbf31c8e0488aee058ae8728,45-373-000-000,77
внутригородская территория города федерального значения муниципальный округ Южнопортовый,2557,внутригородская территория города федерального значения муниципальный округ Южнопортовый,exact_24_month_x_6_category_value_fingerprint,0,True,1,VERIFIED_DATA_LINEAGE_MATCH,2557,2b88d8e202c355ace06cac556e009d408845abf7a4cb96364bf2800c78b3923d,45-396-000-000,77
внутригородская территория города федерального значения муниципальный округ Юнтолово,2376,внутригородская территория города федерального значения муниципальный округ Юнтолово,exact_24_month_x_6_category_value_fingerprint,0,True,1,VERIFIED_DATA_LINEAGE_MATCH,2376,a1e481f411e1608ea5d863f0d9b95c1947a4c5f11ae53a9ce4acd81db73512c4,40-326-000-000,78
внутригородская территория города федерального значения муниципальный округ Якиманка,2545,внутригородская территория города федерального значения муниципальный округ Якиманка,exact_24_month_x_6_category_value_fingerprint,0,True,1,VERIFIED_DATA_LINEAGE_MATCH,2545,b30c844b4f6f83610186b41570bafaea4d30067b73fd4edcc9b02f903ec92ee7,45-384-000-000,77
внутригородская территория города федерального значения муниципальный округ Ярославский,2526,внутригородская территория города федерального значения муниципальный округ Ярославский,exact_24_month_x_6_category_value_fingerprint,0,True,1,VERIFIED_DATA_LINEAGE_MATCH,2526,3dc5e392c9586725113f0c6a50605aa8ff8b94988844c8bb48ef3435302dc106,45-365-000-000,77
внутригородская территория города федерального значения муниципальный округ Ясенево,2569,внутригородская территория города федерального значения муниципальный округ Ясенево,exact_24_month_x_6_category_value_fingerprint,0,True,1,VERIFIED_DATA_LINEAGE_MATCH,2569,837719c3431101abcee983a34dd015d8e26ebd8f3eecc26d854c0dfae0ed8574,45-910-000-000,77
внутригородская территория города федерального значения муниципальный округ округ Петровский,2443,внутригородская территория города федерального значения муниципальный округ округ Петровский,exact_24_month_x_6_category_value_fingerprint,0,True,1,VERIFIED_DATA_LINEAGE_MATCH,2443,2933530a4831573d0eae17b452b91096933c3597a21b43e77719e56c609bdfc9,40-393-000-000,78
внутригородская территория города федерального значения муниципальный округ № 15,2367,внутригородская территория города федерального значения муниципальный округ № 15,exact_24_month_x_6_category_value_fingerprint,0,True,1,VERIFIED_DATA_LINEAGE_MATCH,2367,80594d3e8529d76af241f201629f3f4209ad0e54b9b0328ccc26975a4b02242e,40-317-000-000,78
внутригородская территория города федерального значения муниципальный округ № 21,2381,внутригородская территория города федерального значения муниципальный округ № 21,exact_24_month_x_6_category_value_fingerprint,0,True,1,VERIFIED_DATA_LINEAGE_MATCH,2381,64fcb8b244e63a06eeb973cc5959889e9cd49a9313cedc2ca04f32722e6669d7,40-331-000-000,78
внутригородская территория города федерального значения муниципальный округ № 54,2433,внутригородская территория города федерального значения муниципальный округ № 54,exact_24_month_x_6_category_value_fingerprint,0,True,1,VERIFIED_DATA_LINEAGE_MATCH,2433,ab8d07edd1468306b3f842a660b29866d40df9739bc2cb8095513b1e6f14cc81,40-383-000-000,78
внутригородская территория города федерального значения муниципальный округ № 65,2372,внутригородская территория города федерального значения муниципальный округ № 65,exact_24_month_x_6_category_value_fingerprint,0,True,1,VERIFIED_DATA_LINEAGE_MATCH,2372,21dd6fe6662f446da753ee03c626ce226384a0eea49859f0d5dd65867452c110,40-322-000-000,78
внутригородская территория города федерального значения муниципальный округ № 7,2357,внутригородская территория города федерального значения муниципальный округ № 7,exact_24_month_x_6_category_value_fingerprint,0,True,1,VERIFIED_DATA_LINEAGE_MATCH,2357,d5d814abc5528b6697eab33ea38e840e2fbe257da648d433d1f1382a2d82a983,40-307-000-000,78
внутригородская территория города федерального значения муниципальный округ № 72,2451,внутригородская территория города федерального значения муниципальный округ № 72,exact_24_month_x_6_category_value_fingerprint,0,True,1,VERIFIED_DATA_LINEAGE_MATCH,2451,0285dc66194ab602a2b60efb9306c140724d0f2348885129acd23e03e781e478,40-903-000-000,78
внутригородская территория города федерального значения муниципальный округ № 78,2457,внутригородская территория города федерального значения муниципальный округ № 78,exact_24_month_x_6_category_value_fingerprint,0,True,1,VERIFIED_DATA_LINEAGE_MATCH,2457,8cec6581841d3a10a8785d4b26311e3756788cdfd4601fe7e9e80342c52ea566,40-909-000-000,78
внутригородская территория города федерального значения поселение Внуковское,2589,внутригородская территория города федерального значения поселение Внуковское,exact_24_month_x_6_category_value_fingerprint,0,True,1,VERIFIED_DATA_LINEAGE_MATCH,2589,0a263d8e0b9c47077f95eaaeb255999b36e0b061cb7ac1e2aae8683686164f1d,45-941-000-000,77
внутригородская территория города федерального значения поселение Вороновское,2591,внутригородская территория города федерального значения поселение Вороновское,exact_24_month_x_6_category_value_fingerprint,0,True,1,VERIFIED_DATA_LINEAGE_MATCH,2591,92245df85bd3ada468a8f0719603f5299c62ea4fe91c5f8d6f6b98496884e438,45-943-000-000,77
внутригородская территория города федерального значения поселение Воскресенское,2590,внутригородская территория города федерального значения поселение Воскресенское,exact_24_month_x_6_category_value_fingerprint,0,True,1,VERIFIED_DATA_LINEAGE_MATCH,2590,6ab007f90ed8a0e799fe5b8bdc68e9f70082e586686a5d02ab1719ef2bc4911c,45-942-000-000,77
внутригородская территория города федерального значения поселение Десеновское,2592,внутригородская территория города федерального значения поселение Десеновское,exact_24_month_x_6_category_value_fingerprint,0,True,1,VERIFIED_DATA_LINEAGE_MATCH,2592,6eaa09a64e263805b6c5ae9c3f0415dafec3f3bf664936c419956e44a94d9a40,45-944-000-000,77
внутригородская территория города федерального значения поселение Киевский,2593,внутригородская территория города федерального значения поселение Киевский,exact_24_month_x_6_category_value_fingerprint,0,True,1,VERIFIED_DATA_LINEAGE_MATCH,2593,13d84801c4664d4e516d24de23a43cde11bcff401a3aa9b3b7cc03547b426a2c,45-945-000-000,77
внутригородская территория города федерального значения поселение Кокошкино,2595,внутригородская территория города федерального значения поселение Кокошкино,exact_24_month_x_6_category_value_fingerprint,0,True,1,VERIFIED_DATA_LINEAGE_MATCH,2595,bdaaad912182fe1b9e2455dc51c40cd603af2b829f8eab9a9524a8772c7e957e,45-947-000-000,77
внутригородская территория города федерального значения поселение Краснопахорское,2596,внутригородская территория города федерального значения поселение Краснопахорское,exact_24_month_x_6_category_value_fingerprint,0,True,1,VERIFIED_DATA_LINEAGE_MATCH,2596,a0176335aa49e027e4f233e3f2bd8f868734e7e9b0cd06f529e89cc2e8508724,45-948-000-000,77
внутригородская территория города федерального значения поселение Марушкинское,2597,внутригородская территория города федерального значения поселение Марушкинское,exact_24_month_x_6_category_value_fingerprint,0,True,1,VERIFIED_DATA_LINEAGE_MATCH,2597,30730489defcd83ecae9015972636513639cf71c07509674ee511932eda568bf,45-949-000-000,77
внутригородская территория города федерального значения поселение Михайлово-Ярцевское,2598,внутригородская территория города федерального значения поселение Михайлово-Ярцевское,exact_24_month_x_6_category_value_fingerprint,0,True,1,VERIFIED_DATA_LINEAGE_MATCH,2598,0d3a91a8bd91c8231149b8dfad38c4a268a48ad9c9cdc120e5f0a6a8b904e471,45-951-000-000,77
внутригородская территория города федерального значения поселение Московский,2599,внутригородская территория города федерального значения поселение Московский,exact_24_month_x_6_category_value_fingerprint,0,True,1,VERIFIED_DATA_LINEAGE_MATCH,2599,e8c0b2c7789b8985f2d3fe8e6b660865687fd161ce6b42af9d65f7d78121f476,45-952-000-000,77
"внутригородская территория города федерального значения поселение Мосрентген""""",2600,"внутригородская территория города федерального значения поселение Мосрентген""""",exact_24_month_x_6_category_value_fingerprint,0,True,1,VERIFIED_DATA_LINEAGE_MATCH,2600,6b2d60331d7480e60652b8e0457c85bb379bd8cc121894682f81241057c4c790,45-953-000-000,77
внутригородская территория города федерального значения поселение Новофедоровское,2601,внутригородская территория города федерального значения поселение Новофедоровское,exact_24_month_x_6_category_value_fingerprint,0,True,1,VERIFIED_DATA_LINEAGE_MATCH,2601,0de79fd4a5afd0e6fe74e9be92633aebee209b1dea283d1d40ee85cbef114f28,45-954-000-000,77
внутригородская территория города федерального значения поселение Первомайское,2602,внутригородская территория города федерального значения поселение Первомайское,exact_24_month_x_6_category_value_fingerprint,0,True,1,VERIFIED_DATA_LINEAGE_MATCH,2602,2b89222644caf0b8dc1f970c67b7b8548c80870389cc9ae789669d40776491c0,45-955-000-000,77
внутригородская территория города федерального значения поселение Рязановское,2604,внутригородская территория города федерального значения поселение Рязановское,exact_24_month_x_6_category_value_fingerprint,0,True,1,VERIFIED_DATA_LINEAGE_MATCH,2604,d261b3a679e713bd02ed358826cc72e006aeb18011ec64ab84124fd3f22535ea,45-957-000-000,77
внутригородская территория города федерального значения поселение Сосенское,2605,внутригородская территория города федерального значения поселение Сосенское,exact_24_month_x_6_category_value_fingerprint,0,True,1,VERIFIED_DATA_LINEAGE_MATCH,2605,acf25c7aa154bc260ba0972b1f0401c73f835da0bf0ee539f1b68989aa3fa6fc,45-958-000-000,77
внутригородская территория города федерального значения поселение Филимонковское,2606,внутригородская территория города федерального значения поселение Филимонковское,exact_24_month_x_6_category_value_fingerprint,0,True,1,VERIFIED_DATA_LINEAGE_MATCH,2606,03f4ab3e205c5b43a7fc841822be19e240ed4e0cddb010fc05e404f166a85aaa,45-959-000-000,77
внутригородская территория города федерального значения поселение Щаповское,2607,внутригородская территория города федерального значения поселение Щаповское,exact_24_month_x_6_category_value_fingerprint,0,True,1,VERIFIED_DATA_LINEAGE_MATCH,2607,2b318447160a70fc56cb2cad8c93e6ad69210d3107de002a260255906cdd3966,45-961-000-000,77
внутригородская территория города федерального значения поселок Левашово,2362,внутригородская территория города федерального значения поселок Левашово,exact_24_month_x_6_category_value_fingerprint,0,True,1,VERIFIED_DATA_LINEAGE_MATCH,2362,e89844cbe2a3df1b05e6fbc662cd9f7c38cd42d473487490ceb5738c1af81cf3,40-312-000-000,78
внутригородская территория города федерального значения поселок Лисий Нос,2370,внутригородская территория города федерального значения поселок Лисий Нос,exact_24_month_x_6_category_value_fingerprint,0,True,1,VERIFIED_DATA_LINEAGE_MATCH,2370,6f8a8a55ae9fb8a9c464495efb12bb42d98e23ae588275e612b8bc40ec9e8f00,40-320-000-000,78
внутригородская территория города федерального значения поселок Металлострой,2393,внутригородская территория города федерального значения поселок Металлострой,exact_24_month_x_6_category_value_fingerprint,0,True,1,VERIFIED_DATA_LINEAGE_MATCH,2393,0133c4fd77725fbbbd94cd256d66edaa0e992f38d731633b1add1bccc02a110f,40-343-000-000,78
внутригородская территория города федерального значения поселок Парголово,2363,внутригородская территория города федерального значения поселок Парголово,exact_24_month_x_6_category_value_fingerprint,0,True,1,VERIFIED_DATA_LINEAGE_MATCH,2363,7d4cc8ab4ada57fb6c17d2375cade39f806b20ba3f14375403228d62ab144c80,40-313-000-000,78
внутригородская территория города федерального значения поселок Песочный,2416,внутригородская территория города федерального значения поселок Песочный,exact_24_month_x_6_category_value_fingerprint,0,True,1,VERIFIED_DATA_LINEAGE_MATCH,2416,b26ec134f501f38fef173b18e6e5e99300fa62cb87aaf29b432ee018feee8b33,40-366-000-000,78
внутригородская территория города федерального значения поселок Понтонный,2395,внутригородская территория города федерального значения поселок Понтонный,exact_24_month_x_6_category_value_fingerprint,0,True,1,VERIFIED_DATA_LINEAGE_MATCH,2395,e1095f061aa2506799e08bc714222edac67f05ecd4449f308c43a8b4b9b1f71d,40-345-000-000,78
внутригородская территория города федерального значения поселок Стрельна,2446,внутригородская территория города федерального значения поселок Стрельна,exact_24_month_x_6_category_value_fingerprint,0,True,1,VERIFIED_DATA_LINEAGE_MATCH,2446,062283a2cdeff2daf441cf2733b8ae9d57506ecec1a495177842265f8a0ccd6c,40-396-000-000,78
внутригородская территория города федерального значения поселок Шушары,2449,внутригородская территория города федерального значения поселок Шушары,exact_24_month_x_6_category_value_fingerprint,0,True,1,VERIFIED_DATA_LINEAGE_MATCH,2449,1cdb402617a3bc8febcc4898f21d45e962c08783570acea3cd6f0fe1d9348007,40-901-000-000,78
городской округ Абдулинский,1666,городской округ Абдулинский,exact_24_month_x_6_category_value_fingerprint,0,True,1,VERIFIED_DATA_LINEAGE_MATCH,1666,feb1717c6efd306bbd83696173c9d4119cfbbd22c626c17c6aaa96404563a683,53-704-000-000,56
городской округ Алапаевское,2015,городской округ Алапаевское,exact_24_month_x_6_category_value_fingerprint,0,True,1,VERIFIED_DATA_LINEAGE_MATCH,2015,a4f2353b88cbc9133757450ef75566b1421d38882888625003dcb043c68aa74c,65-771-000-000,66
городской округ Александровск-Сахалинский район,1954,городской округ Александровск-Сахалинский район,exact_24_month_x_6_category_value_fingerprint,0,True,1,VERIFIED_DATA_LINEAGE_MATCH,1954,b0c6c20229eca593e37eed6768c212fdcd457ffeec531d27f3b4bce55338d296,64-704-000-000,65
городской округ Анадырь,2344,городской округ Анадырь,exact_24_month_x_6_category_value_fingerprint,0,True,1,VERIFIED_DATA_LINEAGE_MATCH,2344,f9ecb55f516b8fb5154494a52d73e63ae3ccae3b9909fd1a671828a28a7f1cfc,77-701-000-000,87
городской округ Ангарский,1135,городской округ Ангарский,exact_24_month_x_6_category_value_fingerprint,0,True,1,VERIFIED_DATA_LINEAGE_MATCH,1135,a4b9ed75388b348a936c26d2dbe99a87a010c3175540caa5c7374a1a1af00137,25-703-000-000,38
городской округ Анжеро-Судженский,1225,городской округ Анжеро-Судженский,exact_24_month_x_6_category_value_fingerprint,0,True,1,VERIFIED_DATA_LINEAGE_MATCH,1225,e6c1da799ff27e48840432e8976926efe3895631149d0d9da76213152b697d52,32-704-000-000,42
городской округ Анивский,1955,городской округ Анивский,exact_24_month_x_6_category_value_fingerprint,0,True,1,VERIFIED_DATA_LINEAGE_MATCH,1955,83e659669eb8c5c6d3ef90c78e4d5339c63d299be1d0170a7c3b99516308edff,64-708-000-000,65
городской округ Арамильский,2033,городской округ Арамильский,exact_24_month_x_6_category_value_fingerprint,0,True,1,VERIFIED_DATA_LINEAGE_MATCH,2033,6c6594c16b8c2cb339cf221aa66af061f3a461885f6e461b9935936db448fa28,65-729-000-000,66
городской округ Арсеньевский,776,городской округ Арсеньевский,exact_24_month_x_6_category_value_fingerprint,0,True,1,VERIFIED_DATA_LINEAGE_MATCH,776,555babec78a3a32b3aad3e7c020cb170a52fde444ffbf2fe6d7f40087d8c9e5b,05-703-000-000,25
городской округ Артинский,2017,городской округ Артинский,exact_24_month_x_6_category_value_fingerprint,0,True,1,VERIFIED_DATA_LINEAGE_MATCH,2017,725a0a009474a9f417aee58314c71932c578240f3a68436483f25fa676dfca82,65-704-000-000,66
городской округ Асбестовский,1974,городской округ Асбестовский,exact_24_month_x_6_category_value_fingerprint,0,True,1,VERIFIED_DATA_LINEAGE_MATCH,1974,691eb9fed84864a140b79ded30ffbd20132c3d2cfd3e23f5abe93eea1186c550,65-730-000-000,66
городской округ Ачитский,2018,городской округ Ачитский,exact_24_month_x_6_category_value_fingerprint,0,True,1,VERIFIED_DATA_LINEAGE_MATCH,2018,e5bb6fc5a5032320b9e1252039c048f23579fd40a24a3fd2e735e41d739a6cfa,65-705-000-000,66
городской округ Баксан,168,городской округ Баксан,exact_24_month_x_6_category_value_fingerprint,0,True,1,VERIFIED_DATA_LINEAGE_MATCH,168,e5038bb4ab5f3e3f1a923507a76cfb4e211dbc9d368a8859920a6c580a430216,83-703-000-000,7
городской округ Балашиха,1439,городской округ Балашиха,exact_24_month_x_6_category_value_fingerprint,0,True,1,VERIFIED_DATA_LINEAGE_MATCH,1439,021503a2f575339f6798f9520c2625e9b8e5334f8a97c0cb8c0f935399dd8d26,46-704-000-000,50
городской округ Балтийский,1184,городской округ Балтийский,exact_24_month_x_6_category_value_fingerprint,0,True,1,VERIFIED_DATA_LINEAGE_MATCH,1184,14cd66da9ab2761fdafe8aadb8aa81cbef8f6f8d45ee8323a485d17190323efc,27-705-000-000,39
городской округ Беловский,1226,городской округ Беловский,exact_24_month_x_6_category_value_fingerprint,0,True,1,VERIFIED_DATA_LINEAGE_MATCH,1226,c1771d6b8df6626bcd0b0bc01a5e0cef387ab346c77a89c441f1ce9378ebb40d,32-707-000-000,42
городской округ Белоярский,2019,городской округ Белоярский,exact_24_month_x_6_category_value_fingerprint,0,True,1,VERIFIED_DATA_LINEAGE_MATCH,2019,0bc61bc7b725d9fd91abacefe36a2e4e0454ec417940a0242a3a748c6451d04d,65-706-000-000,66
городской округ Бисертский,2027,городской округ Бисертский,exact_24_month_x_6_category_value_fingerprint,0,True,1,VERIFIED_DATA_LINEAGE_MATCH,2027,fac3709e7ac89c10011a5d283cf366b94eeed85349044ed46ede21d31cd1631a,65-759-000-000,66
городской округ Богданович,1978,городской округ Богданович,exact_24_month_x_6_category_value_fingerprint,0,True,1,VERIFIED_DATA_LINEAGE_MATCH,1978,94649113cdd0ea285b6770fac5ce41e1d0d1e9d701244aed6f15c3a803a3a1f1,65-707-000-000,66
городской округ Богородский,1496,городской округ Богородский,exact_24_month_x_6_category_value_fingerprint,0,True,1,VERIFIED_DATA_LINEAGE_MATCH,1496,2ee0c9c7ee463657db176e478b498824537393fe9ef71fa14338e695f661b16d,46-751-000-000,50
городской округ Большой Камень,778,городской округ Большой Камень,exact_24_month_x_6_category_value_fingerprint,0,True,1,VERIFIED_DATA_LINEAGE_MATCH,778,53d6e79d8a1f9eb6a25890df0bb2d831034c8009c06abf691d66f34075986804,05-706-000-000,25
городской округ Бронницы,1440,городской округ Бронницы,exact_24_month_x_6_category_value_fingerprint,0,True,1,VERIFIED_DATA_LINEAGE_MATCH,1440,753a015ec69f8c1080e0a041a70fb40ca429d0ce0126a637079bc489269e2972,46-705-000-000,50
городской округ Великий Новгород,1575,городской округ Великий Новгород,exact_24_month_x_6_category_value_fingerprint,0,True,1,VERIFIED_DATA_LINEAGE_MATCH,1575,f2b5a8e61a210b681a7267307719f71d416a546398ebf29aea19b2d0fc3c0fce,49-701-000-000,53
городской округ Верещагинский,738,городской округ Верещагинский,exact_24_month_x_6_category_value_fingerprint,0,True,1,VERIFIED_DATA_LINEAGE_MATCH,738,431497aa41f519fe57664eb898612c7ecfd97d91a40a3eb0c9fa20414446b397,57-712-000-000,59
городской округ Верхнесалдинский,1981,городской округ Верхнесалдинский,exact_24_month_x_6_category_value_fingerprint,0,True,1,VERIFIED_DATA_LINEAGE_MATCH,1981,74d06c6b37accd5e1de2bc3d7bebd8a2498a98b9747e0e7b6b447bff6274699a,65-708-000-000,66
городской округ Верхнеуфалейский,2276,городской округ Верхнеуфалейский,exact_24_month_x_6_category_value_fingerprint,0,True,1,VERIFIED_DATA_LINEAGE_MATCH,2276,28eb61357621ebf9069bc844d7273207d908f161ba0b54aa3cde8978e45c198b,75-706-000-000,74
городской округ Верхний Тагил,1992,городской округ Верхний Тагил,exact_24_month_x_6_category_value_fingerprint,0,True,1,VERIFIED_DATA_LINEAGE_MATCH,1992,f97291cca72d73a08c81dd61f3d61b5963f371132dd84be242b0ff2db28112e1,65-733-000-000,66
городской округ Верхняя Пышма,1979,городской округ Верхняя Пышма,exact_24_month_x_6_category_value_fingerprint,0,True,1,VERIFIED_DATA_LINEAGE_MATCH,1979,b9c8275eb7db5d1bc18f48d91012511b2d2fb2fa15417233fce7cfef1acaac2d,65-732-000-000,66
городской округ Верхняя Тура,1997,городской округ Верхняя Тура,exact_24_month_x_6_category_value_fingerprint,0,True,1,VERIFIED_DATA_LINEAGE_MATCH,1997,e138be59eef2ea33e52a795832f56edf79d59592d5c9175fb879f190f415c6fc,65-734-000-000,66
городской округ Верхотурский,2021,городской округ Верхотурский,exact_24_month_x_6_category_value_fingerprint,0,True,1,VERIFIED_DATA_LINEAGE_MATCH,2021,9d351bf9e9611c45b786097d308ec068638c5c7a275f62e9069d9551cf5d3d1a,65-709-000-000,66
городской округ Вичуга,1108,городской округ Вичуга,exact_24_month_x_6_category_value_fingerprint,0,True,1,VERIFIED_DATA_LINEAGE_MATCH,1108,605199b00b7b21987b46e1983d955c3dcd77e96d5f4a7a5f159eb555761ffc91,24-703-000-000,37
городской округ Владивостокский,775,городской округ Владивостокский,exact_24_month_x_6_category_value_fingerprint,0,True,1,VERIFIED_DATA_LINEAGE_MATCH,775,79847c234d955de1115577faafa3ca137dc367ad1e679b76e63245666e548a97,05-701-000-000,25
городской округ Волоколамский,1489,городской округ Волоколамский,exact_24_month_x_6_category_value_fingerprint,0,True,1,VERIFIED_DATA_LINEAGE_MATCH,1489,c26297db31b1ed9054d00dbba20d6280ab5731ee916f944bcabbf38331e48398,46-708-000-000,50
городской округ Волчанский,1989,городской округ Волчанский,exact_24_month_x_6_category_value_fingerprint,0,True,1,VERIFIED_DATA_LINEAGE_MATCH,1989,792355b7bf512687c75a4e8d5d550b7bb4e52e005e19780b63f5c6e4088979d8,65-735-000-000,66
городской округ Воркута,225,городской округ Воркута,exact_24_month_x_6_category_value_fingerprint,0,True,1,VERIFIED_DATA_LINEAGE_MATCH,225,63e3b674cf54a3ad2ad28abebd134d259f2bc29215c112952a2e65cf2beaee95,87-710-000-000,11
городской округ Воротынский,1550,городской округ Воротынский,exact_24_month_x_6_category_value_fingerprint,0,True,1,VERIFIED_DATA_LINEAGE_MATCH,1550,107291f745399c27ab33a4aacc8892f1762ab8fbc18e93f1e1b8be20b9e2a1d0,22-719-000-000,52
городской округ Воскресенск,1490,городской округ Воскресенск,exact_24_month_x_6_category_value_fingerprint,0,True,1,VERIFIED_DATA_LINEAGE_MATCH,1490,588f1f423392b67115eebe8133c230d514c31882ce49e40df563ba4eb306274a,46-710-000-000,50
городской округ Вышневолоцкий,2710,городской округ Вышневолоцкий,exact_24_month_x_6_category_value_fingerprint,0,True,1,VERIFIED_DATA_LINEAGE_MATCH,2710,eec0ec7bef1efd5407fbed73c93a1d978084f5efa8af9d97b311cb7cd69aa01e,28-714-000-000,69
городской округ Гайский,1669,городской округ Гайский,exact_24_month_x_6_category_value_fingerprint,0,True,1,VERIFIED_DATA_LINEAGE_MATCH,1669,5abd2812cb6b4178d7171f63cc00b7b445115a97d4ea740669658f5b3f89a78a,53-713-000-000,56
городской округ Гаринский,2022,городской округ Гаринский,exact_24_month_x_6_category_value_fingerprint,0,True,1,VERIFIED_DATA_LINEAGE_MATCH,2022,20c7d1c2e593481f18de7b12125450ca12cf544568ad90b8bbe7e20e036de6b4,65-710-000-000,66
городской округ Голышмановский,2201,городской округ Голышмановский,exact_24_month_x_6_category_value_fingerprint,0,True,1,VERIFIED_DATA_LINEAGE_MATCH,2201,9a895786cd213ca2ebc71e5f292e0fb0bb95da6673bf8256179f458ac0301a2e,71-702-000-000,72
городской округ Горнозаводский,739,городской округ Горнозаводский,exact_24_month_x_6_category_value_fingerprint,0,True,1,VERIFIED_DATA_LINEAGE_MATCH,739,1b8431d74f1f98776c5a39d18866da189ebd752f27a9c696d78a62ebcc478254,57-714-000-000,59
городской округ Гусевский,1187,городской округ Гусевский,exact_24_month_x_6_category_value_fingerprint,0,True,1,VERIFIED_DATA_LINEAGE_MATCH,1187,8667644b0c3e8269b0f2eea84f58ab9d7ff562bc4f10b375b9a019730e0c8707,27-709-000-000,39
городской округ Дальнегорский,779,городской округ Дальнегорский,exact_24_month_x_6_category_value_fingerprint,0,True,1,VERIFIED_DATA_LINEAGE_MATCH,779,b6ec2766534b9983ea2ece60911face13a234c1b36e7f5db0f432d98e6b7b73b,05-707-000-000,25
городской округ Дальнереченский,780,городской округ Дальнереченский,exact_24_month_x_6_category_value_fingerprint,0,True,1,VERIFIED_DATA_LINEAGE_MATCH,780,f46bbc690f91958d95d1a344559b1c181c71f8fd996b14f52a5bd51dc8acd3ea,05-708-000-000,25
городской округ Дегтярск,2007,городской округ Дегтярск,exact_24_month_x_6_category_value_fingerprint,0,True,1,VERIFIED_DATA_LINEAGE_MATCH,2007,15b4893967c394be76f4fc477a481e74ab57f3f7ddd088928d65945993a5bb23,65-736-000-000,66
городской округ Дзержинский,1443,городской округ Дзержинский,exact_24_month_x_6_category_value_fingerprint,0,True,1,VERIFIED_DATA_LINEAGE_MATCH,1443,12f9529799415da581d3d8edd9c59c0fd149969848a10f7e0b059cf852cc2082,46-711-000-000,50
городской округ Дмитровский,1491,городской округ Дмитровский,exact_24_month_x_6_category_value_fingerprint,0,True,1,VERIFIED_DATA_LINEAGE_MATCH,1491,b25a210827a2c859c982ce22a0fa0dbba6f1929e9131ad1f1af1088fe29d7d97,46-715-000-000,50
городской округ Добрянский,741,городской округ Добрянский,exact_24_month_x_6_category_value_fingerprint,0,True,1,VERIFIED_DATA_LINEAGE_MATCH,741,8dc07efaa808e1b289dd3cf9f16c58ece78945c9bf8c0176c2edb409b07df34c,57-718-000-000,59
городской округ Долгопрудный,1444,городской округ Долгопрудный,exact_24_month_x_6_category_value_fingerprint,0,True,1,VERIFIED_DATA_LINEAGE_MATCH,1444,d4d9c9a84ecf544796a07c16513f32fa7e4435b03097038adfc3f1d85f0a21dd,46-716-000-000,50
городской округ Долинский,1956,городской округ Долинский,exact_24_month_x_6_category_value_fingerprint,0,True,1,VERIFIED_DATA_LINEAGE_MATCH,1956,1e01f2d2a654bb51e7b48997c83dd58ddcf37ee37bfe7a68d47c151c0ca42ac9,64-712-000-000,65
городской округ Домодедово,1445,городской округ Домодедово,exact_24_month_x_6_category_value_fingerprint,0,True,1,VERIFIED_DATA_LINEAGE_MATCH,1445,8e6f214a96494fc09fcf43ba9321e319dc8e069930e94e6ca266b0f8e4d76202,46-709-000-000,50
городской округ Дубна,1446,городской округ Дубна,exact_24_month_x_6_category_value_fingerprint,0,True,1,VERIFIED_DATA_LINEAGE_MATCH,1446,1eaaa1c7df30e47c317fe061ffa5e50ffcb7adf65bdba8660d88f1dc95cf07f2,46-718-000-000,50
городской округ Егорьевск,1447,городской округ Егорьевск,exact_24_month_x_6_category_value_fingerprint,0,True,1,VERIFIED_DATA_LINEAGE_MATCH,1447,aa69442eb7ceffef5935cf46d0c1291f17656f9df2bea012efe392aecff3bf9f,46-722-000-000,50
городской округ Жигулевск,1875,городской округ Жигулевск,exact_24_month_x_6_category_value_fingerprint,0,True,1,VERIFIED_DATA_LINEAGE_MATCH,1875,742757e7be8262093d8eab7f66ecf2d5005b19848ffb932e3ff1eccfda6474ab,36-704-000-000,63
городской округ Жуковский,1448,городской округ Жуковский,exact_24_month_x_6_category_value_fingerprint,0,True,1,VERIFIED_DATA_LINEAGE_MATCH,1448,0fa1da1779f56e01950d7005317c000e9d394c522b03905bf1cd4f71eaae36d6,46-725-000-000,50
городской округ Заводоуковский,2191,городской округ Заводоуковский,exact_24_month_x_6_category_value_fingerprint,0,True,1,VERIFIED_DATA_LINEAGE_MATCH,2191,456914276efad9fe031b5ede18eac3a2d8f34c9841fdd8440cd5d56a0e03d075,71-703-000-000,72
городской округ Зарайск,1449,городской округ Зарайск,exact_24_month_x_6_category_value_fingerprint,0,True,1,VERIFIED_DATA_LINEAGE_MATCH,1449,f59df001f1acd59626a4062c26a93cbafc87ee654a75c3ae5c1c60ddabdfa9d1,46-729-000-000,50
городской округ Заречный,1982,городской округ Заречный,exact_24_month_x_6_category_value_fingerprint,0,True,1,VERIFIED_DATA_LINEAGE_MATCH,1982,0523e0eaaf8af686df0b3cf33785f0ab921a019f1ae85de8c73d1a4d5265437a,65-737-000-000,66
городской округ Зима,1137,городской округ Зима,exact_24_month_x_6_category_value_fingerprint,0,True,1,VERIFIED_DATA_LINEAGE_MATCH,1137,f226ac851077a45438fb9c9caeac7e18d85b836e78b83f0843e82feb7ef2e864,25-720-000-000,38
городской округ Златоустовский,3011,городской округ Златоустовский,exact_24_month_x_6_category_value_fingerprint,0,True,1,VERIFIED_DATA_LINEAGE_MATCH,3011,717aa66fd94c373a1f52c407e70a997b8900ae49634b03a60456e4436f61ff5a,75-712-000-000,74
городской округ Иваново,1107,городской округ Иваново,exact_24_month_x_6_category_value_fingerprint,0,True,1,VERIFIED_DATA_LINEAGE_MATCH,1107,a2a499f7220e24a5258bd93ed9c4fd483e286d2f236b98207b86f01c3dbde88e,24-701-000-000,37
городской округ Ивдельский,1983,городской округ Ивдельский,exact_24_month_x_6_category_value_fingerprint,0,True,1,VERIFIED_DATA_LINEAGE_MATCH,1983,5a187c3ee19d819624d6df300e74379457b7b74a190cb38306a3851530aa0a17,65-738-000-000,66
городской округ Ильинский,743,городской округ Ильинский,exact_24_month_x_6_category_value_fingerprint,0,True,1,VERIFIED_DATA_LINEAGE_MATCH,743,42afd1db0e452f3163c6042391424d286a49f020318b801e4d214e1f80e36b4a,57-759-000-000,59
городской округ Инта,227,городской округ Инта,exact_24_month_x_6_category_value_fingerprint,0,True,1,VERIFIED_DATA_LINEAGE_MATCH,227,8f17ed8d8892d7e8810a5d80192839694a23b58b7b342b47e63f051c4abf5873,87-715-000-000,11
городской округ Ирбитское,2023,городской округ Ирбитское,exact_24_month_x_6_category_value_fingerprint,0,True,1,VERIFIED_DATA_LINEAGE_MATCH,2023,4edac70d122bd601edec8beb2f6cb3d09f153bfa47c9d349a06eb4df4cee9695,65-711-000-000,66
городской округ Истра,1453,городской округ Истра,exact_24_month_x_6_category_value_fingerprint,0,True,1,VERIFIED_DATA_LINEAGE_MATCH,1453,6cbb1462459f875570cbd64bed501699889aa17d64f654fe42c17f8369532b55,46-733-000-000,50
городской округ Калтанский,1228,городской округ Калтанский,exact_24_month_x_6_category_value_fingerprint,0,True,1,VERIFIED_DATA_LINEAGE_MATCH,1228,e50e1fc610fd2f4e8a165ef62dafe763745b39d5dd6bfd7943b9921b97cf0cc3,32-715-000-000,42
городской округ Каменский,2024,городской округ Каменский,exact_24_month_x_6_category_value_fingerprint,0,True,1,VERIFIED_DATA_LINEAGE_MATCH,2024,ea20328d80dd7751db07e467a2a5e9e93e7c1a4d08e765565b2bb0474b254aff,65-712-000-000,66
городской округ Камышловский,1987,городской округ Камышловский,exact_24_month_x_6_category_value_fingerprint,0,True,1,VERIFIED_DATA_LINEAGE_MATCH,1987,30764d3c216da0475a3f6f366806937e24bb519358faa8e2425e86371665aeb0,65-741-000-000,66
городской округ Карабашский,2278,городской округ Карабашский,exact_24_month_x_6_category_value_fingerprint,0,True,1,VERIFIED_DATA_LINEAGE_MATCH,2278,b273361952e178ced309929e35b5abe0d15cedff459246d7bb6f39134c7f18cd,75-715-000-000,74
городской округ Карачаевский,195,городской округ Карачаевский,exact_24_month_x_6_category_value_fingerprint,0,True,1,VERIFIED_DATA_LINEAGE_MATCH,195,97038178a310112600d3b00b8fb1611a384efbef26660cec3ae47c7424ac6109,91-705-000-000,9
городской округ Карпинск,1988,городской округ Карпинск,exact_24_month_x_6_category_value_fingerprint,0,True,1,VERIFIED_DATA_LINEAGE_MATCH,1988,ccbd51dfd46a986cea52fa75cd55c6fec81746b82ca741b7d00d39b57d08ed5d,65-742-000-000,66
городской округ Качканарский,1990,городской округ Качканарский,exact_24_month_x_6_category_value_fingerprint,0,True,1,VERIFIED_DATA_LINEAGE_MATCH,1990,e0ee461ec5f1c7bdbd2432a2a8417b59f8082034ffe1f56290be650b48a1eade,65-743-000-000,66
городской округ Кашинский,2121,городской округ Кашинский,exact_24_month_x_6_category_value_fingerprint,0,True,1,VERIFIED_DATA_LINEAGE_MATCH,2121,b8d324f66067127d7aa920564ac6779eb3fbeece08498e5c7fa357438ee7575a,28-758-000-000,69
городской округ Кашира,1454,городской округ Кашира,exact_24_month_x_6_category_value_fingerprint,0,True,1,VERIFIED_DATA_LINEAGE_MATCH,1454,27b891d69653fbe572b0a5dd3e2b45d1caf5044232e35bfa4951ed27678df194,46-735-000-000,50
городской округ Кемеровский,1224,городской округ Кемеровский,exact_24_month_x_6_category_value_fingerprint,0,True,1,VERIFIED_DATA_LINEAGE_MATCH,1224,288c903c6ff8bbe03de60b016ec1153f26b99482372089fa2cdbd4809402c272,32-701-000-000,42
городской округ Кинель,1876,городской округ Кинель,exact_24_month_x_6_category_value_fingerprint,0,True,1,VERIFIED_DATA_LINEAGE_MATCH,1876,b2b5518acefaa42cce26b699002f534d01d1530a1de80349d0fd7bed345faaf9,36-708-000-000,63
городской округ Кинешма,1109,городской округ Кинешма,exact_24_month_x_6_category_value_fingerprint,0,True,1,VERIFIED_DATA_LINEAGE_MATCH,1109,88b69a87be934f78b72f9c6a11fba41ade5a453be94430400cd7c220d1048708,24-705-000-000,37
городской округ Кировградский,1991,городской округ Кировградский,exact_24_month_x_6_category_value_fingerprint,0,True,1,VERIFIED_DATA_LINEAGE_MATCH,1991,1996828a684cda3df4511b4b761aa09f84272a6160260cb23645bc6430e82aed,65-744-000-000,66
городской округ Киселевский,1229,городской округ Киселевский,exact_24_month_x_6_category_value_fingerprint,0,True,1,VERIFIED_DATA_LINEAGE_MATCH,1229,47367ac9f93c799ea6fcc4f610708cdf9e07f7efde1e09ff36c9c4e8dabec15b,32-716-000-000,42
городской округ Клин,1492,городской округ Клин,exact_24_month_x_6_category_value_fingerprint,0,True,1,VERIFIED_DATA_LINEAGE_MATCH,1492,b481c25d1cf9a3782146cba8fdb26068a4546dad99abe9af7da738dac374bcdd,46-737-000-000,50
городской округ Коломна,2808,городской округ Коломна,exact_24_month_x_6_category_value_fingerprint,0,True,1,VERIFIED_DATA_LINEAGE_MATCH,2808,98fbefd4d601d355c2ce544c7f9c640bc6bdca690c46dbdbca058ff260b2c81f,46-738-000-000,50
городской округ Копейский,2279,городской округ Копейский,exact_24_month_x_6_category_value_fingerprint,0,True,1,VERIFIED_DATA_LINEAGE_MATCH,2279,91600d11f1831241d9fabc2e2f1b1741ab3c9c230933812d32a8b6f4c12e02fd,75-728-000-000,74
городской округ Королёв,1456,городской округ Королёв,exact_24_month_x_6_category_value_fingerprint,0,True,1,VERIFIED_DATA_LINEAGE_MATCH,1456,a03724b524cf5dc2070c8b9da88c55d96941e1fead7722dbfcf286c2cab4fd90,46-734-000-000,50
городской округ Корсаковский,1957,городской округ Корсаковский,exact_24_month_x_6_category_value_fingerprint,0,True,1,VERIFIED_DATA_LINEAGE_MATCH,1957,9b9fa47d34883dde70a16132e7b33a2c1f66203754bba73daebfce0f181bd7b7,64-716-000-000,65
городской округ Костомукшский,207,городской округ Костомукшский,exact_24_month_x_6_category_value_fingerprint,0,True,1,VERIFIED_DATA_LINEAGE_MATCH,207,c585f3f694268d6f420a55ccf020aa34130b28591eb6cc79f85db7cc1b0b5d5e,86-706-000-000,10
городской округ Котельники,1457,городской округ Котельники,exact_24_month_x_6_category_value_fingerprint,0,True,1,VERIFIED_DATA_LINEAGE_MATCH,1457,621376adbf2624fecd27c85791079776f79b08aa1e9f39cb35ab90e9e59b3b87,46-739-000-000,50
городской округ Котлас,892,городской округ Котлас,exact_24_month_x_6_category_value_fingerprint,0,True,1,VERIFIED_DATA_LINEAGE_MATCH,892,96955d1095ee89a029a7fff7e90e8d822c9a32389b9dbf734037697a18ad36a1,11-710-000-000,29
городской округ Кохма,1110,городской округ Кохма,exact_24_month_x_6_category_value_fingerprint,0,True,1,VERIFIED_DATA_LINEAGE_MATCH,1110,9d6cb102e4a3754d9b18e880b8f2bc6f0d26e9fe09217cbe585a560ef95402fe,24-706-000-000,37
городской округ Красновишерский,747,городской округ Красновишерский,exact_24_month_x_6_category_value_fingerprint,0,True,1,VERIFIED_DATA_LINEAGE_MATCH,747,893e9c8dc6f6bfe092e27a10a4bea501170ebb103500fa0f7f880568b78f47c5,57-760-000-000,59
городской округ Красногорск,1459,городской округ Красногорск,exact_24_month_x_6_category_value_fingerprint,0,True,1,VERIFIED_DATA_LINEAGE_MATCH,1459,38283f505cfabc19d4c6f2cfac870555010356cf537279f052dd1c7478acbd20,46-744-000-000,50
городской округ Краснокамский,748,городской округ Краснокамский,exact_24_month_x_6_category_value_fingerprint,0,True,1,VERIFIED_DATA_LINEAGE_MATCH,748,5467d8a735206a78fe21c5930537f5fb9ecf36031dcbd75e62cec0d67d32b007,57-720-000-000,59
городской округ Краснотурьинск,1993,городской округ Краснотурьинск,exact_24_month_x_6_category_value_fingerprint,0,True,1,VERIFIED_DATA_LINEAGE_MATCH,1993,fc87416a68fde0bbfd2948c1fb44505df5fbd7324dbc8cae01ffee5044c0870a,65-745-000-000,66
городской округ Красноуральск,1994,городской округ Красноуральск,exact_24_month_x_6_category_value_fingerprint,0,True,1,VERIFIED_DATA_LINEAGE_MATCH,1994,b2c8f49dbb5658d10c64f1f2dc54d9ec22cda6f25486481fd895474fa1184cd9,65-746-000-000,66
городской округ Красноуфимск,1995,городской округ Красноуфимск,exact_24_month_x_6_category_value_fingerprint,0,True,1,VERIFIED_DATA_LINEAGE_MATCH,1995,ebaa1c2dec057869c2e93cec67e11d38d5a60fca5196d8e6ad3a9c896ba2dcf2,65-747-000-000,66
городской округ Красноуфимский округ,2025,городской округ Красноуфимский округ,exact_24_month_x_6_category_value_fingerprint,0,True,1,VERIFIED_DATA_LINEAGE_MATCH,2025,bc3d15f905ed0f6ae028cabe3dddd05a057c89741d600d23b0174fb85f5da177,65-713-000-000,66
городской округ Кувандыкский,1670,городской округ Кувандыкский,exact_24_month_x_6_category_value_fingerprint,0,True,1,VERIFIED_DATA_LINEAGE_MATCH,1670,fcd96949252f29eb705f3311127632d08fc6306ab3b4b0332a78f92fbc09327d,53-714-000-000,56
городской округ Курильский,1958,городской округ Курильский,exact_24_month_x_6_category_value_fingerprint,0,True,1,VERIFIED_DATA_LINEAGE_MATCH,1958,5b549affd2f6b311b0ffb3acba71ea0d9e66635bb54424926d0d6d43a12ce539,64-720-000-000,65
городской округ Кушвинский,1996,городской округ Кушвинский,exact_24_month_x_6_category_value_fingerprint,0,True,1,VERIFIED_DATA_LINEAGE_MATCH,1996,5881b0dd92ef075e6641434baa7a1874d4a49e887d899c9f853f393c5aaac413,65-748-000-000,66
городской округ Кыштымский,2280,городской округ Кыштымский,exact_24_month_x_6_category_value_fingerprint,0,True,1,VERIFIED_DATA_LINEAGE_MATCH,2280,37d48bc6c4e491a67f9126ff6a5c92021c950956c6101b6c20433b792b44e048,75-734-000-000,74
городской округ Ленинск-Кузнецкий,1230,городской округ Ленинск-Кузнецкий,exact_24_month_x_6_category_value_fingerprint,0,True,1,VERIFIED_DATA_LINEAGE_MATCH,1230,7675716617a8202680df69af0e638d5f68b8de2bb205569cb7077cfd32bdb958,32-719-000-000,42
городской округ Ленинский,1493,городской округ Ленинский,exact_24_month_x_6_category_value_fingerprint,0,True,1,VERIFIED_DATA_LINEAGE_MATCH,1493,dd5d83d34e7641feda20187bd0a3d136644bcea78de42566ab5803841577f183,46-707-000-000,50
городской округ Лесозаводский,781,городской округ Лесозаводский,exact_24_month_x_6_category_value_fingerprint,0,True,1,VERIFIED_DATA_LINEAGE_MATCH,781,5eceed1a20b845f5b940f803a18578f13ad61d9b85ef408300584296153f4ea5,05-711-000-000,25
городской округ Лобня,1461,городской округ Лобня,exact_24_month_x_6_category_value_fingerprint,0,True,1,VERIFIED_DATA_LINEAGE_MATCH,1461,3c589d5f72c930eb3ce22d9b6063138b05a63d9b1e0bfdaf41c3c710bb6eaa61,46-740-000-000,50
городской округ Лосино-Петровский,2648,городской округ Лосино-Петровский,exact_24_month_x_6_category_value_fingerprint,0,True,1,VERIFIED_DATA_LINEAGE_MATCH,2648,286ca7022d1b203bf2f05e00c810665c2c9c2da71661380367ff59849bfd6bf8,46-742-000-000,50
городской округ Лотошино,1494,городской округ Лотошино,exact_24_month_x_6_category_value_fingerprint,0,True,1,VERIFIED_DATA_LINEAGE_MATCH,1494,5a3b90e219d030c387f78861469dfc1294c1a157f1f17a525a89043a42588add,46-752-000-000,50
городской округ Луховицы,1463,городской округ Луховицы,exact_24_month_x_6_category_value_fingerprint,0,True,1,VERIFIED_DATA_LINEAGE_MATCH,1463,41a87805a3292dec395be3a0fc4eca293e0407ae4189316eff28ddf57d7ac1a7,46-747-000-000,50
городской округ Лысьвенский,731,городской округ Лысьвенский,exact_24_month_x_6_category_value_fingerprint,0,True,1,VERIFIED_DATA_LINEAGE_MATCH,731,e7445af35cb4854e6d72f519c10b17bbfc1e84c3bddba4754b45568903aa6d55,57-726-000-000,59
городской округ Лыткарино,1464,городской округ Лыткарино,exact_24_month_x_6_category_value_fingerprint,0,True,1,VERIFIED_DATA_LINEAGE_MATCH,1464,6bce85ab34e08e63d7ddc62c7c398916c930824e60523fd2d9112b556f379cd2,46-741-000-000,50
городской округ Люберцы,1465,городской округ Люберцы,exact_24_month_x_6_category_value_fingerprint,0,True,1,VERIFIED_DATA_LINEAGE_MATCH,1465,2a2ff2496f757633816069b53823a499428654b7e6634ff0d222a622bd3c49cc,46-748-000-000,50
городской округ Магнитогорский,2281,городской округ Магнитогорский,exact_24_month_x_6_category_value_fingerprint,0,True,1,VERIFIED_DATA_LINEAGE_MATCH,2281,315ceccd983cdacb6b2208d019fc9c3813857bd27167fcd7ff488e189b25502a,75-738-000-000,74
городской округ Макаровский,1959,городской округ Макаровский,exact_24_month_x_6_category_value_fingerprint,0,True,1,VERIFIED_DATA_LINEAGE_MATCH,1959,f2fa038c2316d72bb6d84e3a6c199efacf7f7c700dbcd9b5b65ced095ee3f0ec,64-724-000-000,65
городской округ Малышевский,1975,городской округ Малышевский,exact_24_month_x_6_category_value_fingerprint,0,True,1,VERIFIED_DATA_LINEAGE_MATCH,1975,c0651f3cd4f9920a6c9802837c3bb7e7da9a6880f333f51e4a8005232af2f3df,65-762-000-000,66
городской округ Мамоновский,1178,городской округ Мамоновский,exact_24_month_x_6_category_value_fingerprint,0,True,1,VERIFIED_DATA_LINEAGE_MATCH,1178,cc8dba80facb798a4d526737527bf7c8675bf25dde76c3c09274184faf35e6b6,27-712-000-000,39
городской округ Междуреченский,1231,городской округ Междуреченский,exact_24_month_x_6_category_value_fingerprint,0,True,1,VERIFIED_DATA_LINEAGE_MATCH,1231,442653d992b86e77eb9f5b9c4d662214661f67af560fe15fa2ee5d748401b6f0,32-725-000-000,42
городской округ Миасский,2282,городской округ Миасский,exact_24_month_x_6_category_value_fingerprint,0,True,1,VERIFIED_DATA_LINEAGE_MATCH,2282,b835bd4368735c5e5d50d91478809302e4f9c7680fc51e7a08b404758abeb44c,75-742-000-000,74
городской округ Можайский,1495,городской округ Можайский,exact_24_month_x_6_category_value_fingerprint,0,True,1,VERIFIED_DATA_LINEAGE_MATCH,1495,9f7135b864d031efd48b89dc8b2c56fb8db713d8408084bccd283c32f3d3d61d,46-745-000-000,50
городской округ Мысковский,1232,городской округ Мысковский,exact_24_month_x_6_category_value_fingerprint,0,True,1,VERIFIED_DATA_LINEAGE_MATCH,1232,d774c02f5b9116c20e16474da834b4c83ef92b4981bc4b4a013f7e819f2cc98f,32-728-000-000,42
городской округ Мытищи,1467,городской округ Мытищи,exact_24_month_x_6_category_value_fingerprint,0,True,1,VERIFIED_DATA_LINEAGE_MATCH,1467,8a592ff178aea46076bc6a4ecdbc7c3fc16375b497e4b0d0a20f00d79210aa30,46-746-000-000,50
городской округ Навашинский,1529,городской округ Навашинский,exact_24_month_x_6_category_value_fingerprint,0,True,1,VERIFIED_DATA_LINEAGE_MATCH,1529,4ff5dfc1bf6609f79ca61a8e0c188dbcbc30a8a030ba0f43022b05914f9087d3,22-730-000-000,52
городской округ Нальчик,167,городской округ Нальчик,exact_24_month_x_6_category_value_fingerprint,0,True,1,VERIFIED_DATA_LINEAGE_MATCH,167,bf96a6138d54fbcda52ca09d85b199bb26af1cf4b773fdf6b4e97845971c2352,83-701-000-000,7
городской округ Наро-Фоминский,1468,городской округ Наро-Фоминский,exact_24_month_x_6_category_value_fingerprint,0,True,1,VERIFIED_DATA_LINEAGE_MATCH,1468,0d0ca4256072c62cadc08dcd7212adc601962d7bedb6038ba7605b7254ac16f5,46-750-000-000,50
городской округ Находкинский,782,городской округ Находкинский,exact_24_month_x_6_category_value_fingerprint,0,True,1,VERIFIED_DATA_LINEAGE_MATCH,782,aac02b4c55b4bfc92f0dd6ad0173489f3da555bccdecf924e91fca11abb17776,05-714-000-000,25
городской округ Невельский,1960,городской округ Невельский,exact_24_month_x_6_category_value_fingerprint,0,True,1,VERIFIED_DATA_LINEAGE_MATCH,1960,99e3913b44e959b33f308d1a09d2507abe616dae225c8585450c97c657b59963,64-728-000-000,65
городской округ Невьянский,1999,городской округ Невьянский,exact_24_month_x_6_category_value_fingerprint,0,True,1,VERIFIED_DATA_LINEAGE_MATCH,1999,b089acc830552ac2fe94d8402a0037247713c436a1fbf47a5a0e9628a12fb9cc,65-714-000-000,66
городской округ Нелидовский,2131,городской округ Нелидовский,exact_24_month_x_6_category_value_fingerprint,0,True,1,VERIFIED_DATA_LINEAGE_MATCH,2131,d836f22255a00c6f196c172bcafbce45f1e7fed417a6e2b545af5cf18230eccc,28-759-000-000,69
городской округ Нижнетуринский,2002,городской округ Нижнетуринский,exact_24_month_x_6_category_value_fingerprint,0,True,1,VERIFIED_DATA_LINEAGE_MATCH,2002,6bf3dc281044194f1396700ea7132990c98d3cd18beaafaae2b784563dead78e,65-715-000-000,66
городской округ Нижняя Салда,2001,городской округ Нижняя Салда,exact_24_month_x_6_category_value_fingerprint,0,True,1,VERIFIED_DATA_LINEAGE_MATCH,2001,4ddc9d67f9a7babdfb198d68482501ade15adacaabf0fb077cd56e77a7983934,65-750-000-000,66
городской округ Новокузнецкий,1233,городской округ Новокузнецкий,exact_24_month_x_6_category_value_fingerprint,0,True,1,VERIFIED_DATA_LINEAGE_MATCH,1233,b526db009293dd3aa0491c82adcbb33e00ead259d0cbe2e6afca28bc784b73f3,32-731-000-000,42
городской округ Новокуйбышевск,1877,городской округ Новокуйбышевск,exact_24_month_x_6_category_value_fingerprint,0,True,1,VERIFIED_DATA_LINEAGE_MATCH,1877,7c5c2a34acfe595bf72acf582a86ef16d13f48b1522561c6df8886beda8244b2,36-713-000-000,63
городской округ Новолялинский,2028,городской округ Новолялинский,exact_24_month_x_6_category_value_fingerprint,0,True,1,VERIFIED_DATA_LINEAGE_MATCH,2028,7014ee62b44a4299acff070d89e49dca115cab99e5392c81e2958c1eca57be16,65-716-000-000,66
городской округ Ногликский,1961,городской округ Ногликский,exact_24_month_x_6_category_value_fingerprint,0,True,1,VERIFIED_DATA_LINEAGE_MATCH,1961,45c0ebda61c78366d9a6d39d23784e951b018752447a235ebe356843d195f479,64-732-000-000,65
городской округ Нытвенский,751,городской округ Нытвенский,exact_24_month_x_6_category_value_fingerprint,0,True,1,VERIFIED_DATA_LINEAGE_MATCH,751,6a0227dc6e922bf7cc5195f5397aa695145abe3f50b61a146538de853af9764c,57-727-000-000,59
городской округ Одинцовский,2651,городской округ Одинцовский,exact_24_month_x_6_category_value_fingerprint,0,True,1,VERIFIED_DATA_LINEAGE_MATCH,2651,6350d46e9fb969f1ccfa68a42a7b6733ce25e50bb9326034b450e6a042248c1f,46-755-000-000,50
городской округ Октябрьск,1878,городской округ Октябрьск,exact_24_month_x_6_category_value_fingerprint,0,True,1,VERIFIED_DATA_LINEAGE_MATCH,1878,948652f7fd5cc7cfdeb1eb62d6b04ebc83653819929c10839a2f864f7f13442c,36-718-000-000,63
городской округ Октябрьский,752,городской округ Октябрьский,exact_24_month_x_6_category_value_fingerprint,0,True,1,VERIFIED_DATA_LINEAGE_MATCH,752,02d7a1ba59b4b675515ac533edc2fffa915309ec9b1aea0475543d1edc6d5047,57-761-000-000,59
городской округ Орехово-Зуевский,2652,городской округ Орехово-Зуевский,exact_24_month_x_6_category_value_fingerprint,0,True,1,VERIFIED_DATA_LINEAGE_MATCH,2652,2b013b128b2d6addaea84a3856bfbee31c13b5faa47f402ee28834dd8ee3af81,46-757-000-000,50
городской округ Осинниковский,1234,городской округ Осинниковский,exact_24_month_x_6_category_value_fingerprint,0,True,1,VERIFIED_DATA_LINEAGE_MATCH,1234,0f451619cf7b9b3f7da2635dffa33dc67774395d7252ad26aa9b9de115bb6838,32-734-000-000,42
городской округ Осинский,754,городской округ Осинский,exact_24_month_x_6_category_value_fingerprint,0,True,1,VERIFIED_DATA_LINEAGE_MATCH,754,2321b4851521c520361c4e07b8986f71dfab4248ed0a4a1b473463b3b60c2784,57-728-000-000,59
городской округ Осташковский,2105,городской округ Осташковский,exact_24_month_x_6_category_value_fingerprint,0,True,1,VERIFIED_DATA_LINEAGE_MATCH,2105,3d1411d558c3a8c4036d6d75ec69fa47c1c44b5bb8893b8b5c24306acbee6858,28-752-000-000,69
городской округ Отрадный,1879,городской округ Отрадный,exact_24_month_x_6_category_value_fingerprint,0,True,1,VERIFIED_DATA_LINEAGE_MATCH,1879,d48c406e13c751fd36c6cbb61f449b53f17eaf1e4dd5166179aee4a9c1ba2e03,36-724-000-000,63
городской округ Оханский,755,городской округ Оханский,exact_24_month_x_6_category_value_fingerprint,0,True,1,VERIFIED_DATA_LINEAGE_MATCH,755,66343924ceb84cdce4b19178719a83fdd5573b4f7917910f3bd766591d5a0b5a,57-729-000-000,59
городской округ Охинский,1962,городской округ Охинский,exact_24_month_x_6_category_value_fingerprint,0,True,1,VERIFIED_DATA_LINEAGE_MATCH,1962,29707f0ba0a29b99c42d7a6ff8d829590081a01487bc799907455d7bd382dffe,64-736-000-000,65
городской округ Очерский,756,городской округ Очерский,exact_24_month_x_6_category_value_fingerprint,0,True,1,VERIFIED_DATA_LINEAGE_MATCH,756,307e3056e0ab03a3db692ace5f82f14ea1c4c5f7fa0afbe1e54a1579acb4da05,57-762-000-000,59
городской округ Партизанский,783,городской округ Партизанский,exact_24_month_x_6_category_value_fingerprint,0,True,1,VERIFIED_DATA_LINEAGE_MATCH,783,f0a2dcf54d0050d548ee70cf9f33463ea62ba56e47ad54945c576205149a4eb3,05-717-000-000,25
городской округ Пелым,1984,городской округ Пелым,exact_24_month_x_6_category_value_fingerprint,0,True,1,VERIFIED_DATA_LINEAGE_MATCH,1984,9ec9b9edd22239d6db057d69da11097e57473ba412bc79584228a0133c461fc2,65-764-000-000,66
городской округ Первоуральск,2004,городской округ Первоуральск,exact_24_month_x_6_category_value_fingerprint,0,True,1,VERIFIED_DATA_LINEAGE_MATCH,2004,6d2cb934f1b724d3fcbbe7da4e9ec0b9a747ea8ddf19b3e80280c91eb77a3552,65-753-000-000,66
городской округ Перевозский,1530,городской округ Перевозский,exact_24_month_x_6_category_value_fingerprint,0,True,1,VERIFIED_DATA_LINEAGE_MATCH,1530,3f08969f7aec4b348f0c58e8e4248c95f66f1fb3986e37abffded8cfba99367f,22-739-000-000,52
городской округ Пермский,727,городской округ Пермский,exact_24_month_x_6_category_value_fingerprint,0,True,1,VERIFIED_DATA_LINEAGE_MATCH,727,41f3c0867fb05c6ae4ce44cc311a2a7b933234942c60951713418c6f22a2417a,57-701-000-000,59
городской округ Петрозаводский,206,городской округ Петрозаводский,exact_24_month_x_6_category_value_fingerprint,0,True,1,VERIFIED_DATA_LINEAGE_MATCH,206,d3794294232ef4c1e8e073daf692d345d8682cfe36123c60d62ccca48d556e1d,86-701-000-000,10
городской округ Петропавловск-Камчатский,608,городской округ Петропавловск-Камчатский,exact_24_month_x_6_category_value_fingerprint,0,True,1,VERIFIED_DATA_LINEAGE_MATCH,608,68962780f03baf564e5e9569afda4d9e20b67db676ca7881f462604f5c0a7ae1,30-701-000-000,41
городской округ Пионерский,1179,городской округ Пионерский,exact_24_month_x_6_category_value_fingerprint,0,True,1,VERIFIED_DATA_LINEAGE_MATCH,1179,ae817f653e525f72c30615f8d10f4c8a9907423deac7a08e5b17696b4f11c9c0,27-717-000-000,39
городской округ Подольск,1472,городской округ Подольск,exact_24_month_x_6_category_value_fingerprint,0,True,1,VERIFIED_DATA_LINEAGE_MATCH,1472,af25074c75557a1110bf48e4eda66a4f62333795ee863d288d7c3a61127911d6,46-760-000-000,50
городской округ Полевской,2005,городской округ Полевской,exact_24_month_x_6_category_value_fingerprint,0,True,1,VERIFIED_DATA_LINEAGE_MATCH,2005,dd20167e8b27122b48ff8b590626143d063cb790537d18161901b986b4aa8419,65-754-000-000,66
городской округ Полысаевский,1235,городской округ Полысаевский,exact_24_month_x_6_category_value_fingerprint,0,True,1,VERIFIED_DATA_LINEAGE_MATCH,1235,c72cf05b775ecd254f28926b368d7db08e75e5cb8869758fa0b00177426a61af,32-732-000-000,42
городской округ Поронайский,1963,городской округ Поронайский,exact_24_month_x_6_category_value_fingerprint,0,True,1,VERIFIED_DATA_LINEAGE_MATCH,1963,e81fc82092ddd9e818c37d4405dc24a45a8718f28da208b72a893cbfd38af0d3,64-740-000-000,65
городской округ Похвистнево,1880,городской округ Похвистнево,exact_24_month_x_6_category_value_fingerprint,0,True,1,VERIFIED_DATA_LINEAGE_MATCH,1880,2100a1f02267cba3871b4af1d4ee0ccbb35efd06227427bcbb3de6519b9a211f,36-727-000-000,63
городской округ Прокопьевский,1236,городской округ Прокопьевский,exact_24_month_x_6_category_value_fingerprint,0,True,1,VERIFIED_DATA_LINEAGE_MATCH,1236,2a5ffb316d5f743c9a26888e66babd72dac8604b880c7b8d13ca4026d4843616,32-737-000-000,42
городской округ Протвино,1473,городской округ Протвино,exact_24_month_x_6_category_value_fingerprint,0,True,1,VERIFIED_DATA_LINEAGE_MATCH,1473,0d1e0b5d972bb6ea9ad9c51544a3ca35384293b870c31c7e1102539df3a51dea,46-767-000-000,50
городской округ Прохладный,169,городской округ Прохладный,exact_24_month_x_6_category_value_fingerprint,0,True,1,VERIFIED_DATA_LINEAGE_MATCH,169,32791565b401f0abc92842d19806ed9f09be04908c2a56ff89e876cee6363c95,83-710-000-000,7
городской округ Пушкинский,2814,городской округ Пушкинский,exact_24_month_x_6_category_value_fingerprint,0,True,1,VERIFIED_DATA_LINEAGE_MATCH,2814,944958a8f39a263eee6920fa513b07448df6b1d392230160a4b7904cadc76284,46-758-000-000,50
городской округ Пущино,1474,городской округ Пущино,exact_24_month_x_6_category_value_fingerprint,0,True,1,VERIFIED_DATA_LINEAGE_MATCH,1474,9e73c88e5e6460434e46931a895745476fde729fe390bd64e6b0d160da736136,46-762-000-000,50
городской округ Пышминский,2030,городской округ Пышминский,exact_24_month_x_6_category_value_fingerprint,0,True,1,VERIFIED_DATA_LINEAGE_MATCH,2030,048b86d5d556ac85408b496d05c2aef0ea9a2f448adaf44a32538871bea6ea30,65-718-000-000,66
городской округ Раменский,1500,городской округ Раменский,exact_24_month_x_6_category_value_fingerprint,0,True,1,VERIFIED_DATA_LINEAGE_MATCH,1500,b08d9be145b4caac3e9fe2f975903c80ef530ad712df6e383768b9532901c02b,46-768-000-000,50
городской округ Ревда,2006,городской округ Ревда,exact_24_month_x_6_category_value_fingerprint,0,True,1,VERIFIED_DATA_LINEAGE_MATCH,2006,551831ce807b83db68cad5a9bf6aaeb5d2c5cbcea462a95606c7d9f1e8fe0bfe,65-719-000-000,66
городской округ Режевской,2008,городской округ Режевской,exact_24_month_x_6_category_value_fingerprint,0,True,1,VERIFIED_DATA_LINEAGE_MATCH,2008,e1af57cb0c04b102a0fc5682869b9b845ac38c5c023bdb10c01e33da4695e9fe,65-720-000-000,66
городской округ Реутов,1475,городской округ Реутов,exact_24_month_x_6_category_value_fingerprint,0,True,1,VERIFIED_DATA_LINEAGE_MATCH,1475,53179c7558cc4ce0be70f611a77ac18d1f114b6713fe82745fd6b94eb1822ebf,46-764-000-000,50
городской округ Рефтинский,1976,городской округ Рефтинский,exact_24_month_x_6_category_value_fingerprint,0,True,1,VERIFIED_DATA_LINEAGE_MATCH,1976,0c3bf86499bcceda77ff393123eb8ac843eb9375db65fcd1eeb85a74bfa1df20,65-763-000-000,66
городской округ Рузский,1477,городской округ Рузский,exact_24_month_x_6_category_value_fingerprint,0,True,1,VERIFIED_DATA_LINEAGE_MATCH,1477,41540bf0004aec2c8f174e4a1440057c5976fc18338d86a54e26fcde9b4ccf22,46-766-000-000,50
городской округ Самара,1874,городской округ Самара,exact_24_month_x_6_category_value_fingerprint,0,True,1,VERIFIED_DATA_LINEAGE_MATCH,1874,de748b36072917bf453f2437f55f24b50d5f04911c0ba6cc799f932e8b257dd4,36-701-000-000,63
городской округ Светловский,1180,городской округ Светловский,exact_24_month_x_6_category_value_fingerprint,0,True,1,VERIFIED_DATA_LINEAGE_MATCH,1180,2d4ad49bcd8580e52221267ddf9a7896710169db917f7eadc775a2b8346502ce,27-725-000-000,39
городской округ Светлогорский,1190,городской округ Светлогорский,exact_24_month_x_6_category_value_fingerprint,0,True,1,VERIFIED_DATA_LINEAGE_MATCH,1190,3fc63a96e651120e0da702f16dbb174ec7f9c50683645fcd12665957d1886550,27-734-000-000,39
городской округ Северодвинск,896,городской округ Северодвинск,exact_24_month_x_6_category_value_fingerprint,0,True,1,VERIFIED_DATA_LINEAGE_MATCH,896,9ef7ebd3a9ac809ba82258ba8d796471276e3faff8f14a3d082f35f6c9970092,11-730-000-000,29
городской округ Североуральский,2009,городской округ Североуральский,exact_24_month_x_6_category_value_fingerprint,0,True,1,VERIFIED_DATA_LINEAGE_MATCH,2009,fc8813ad0a5d16254c16c0c39f914cae4389f6cc7e85a50b42c00ca89a0f837b,65-755-000-000,66
городской округ Семеновский,1532,городской округ Семеновский,exact_24_month_x_6_category_value_fingerprint,0,True,1,VERIFIED_DATA_LINEAGE_MATCH,1532,5a041e2b08af52f8bceaa5f11d188f366e296a936fb6df17829dae28dd7d5dcd,22-737-000-000,52
городской округ Сергиево-Посадский,1501,городской округ Сергиево-Посадский,exact_24_month_x_6_category_value_fingerprint,0,True,1,VERIFIED_DATA_LINEAGE_MATCH,1501,f4b238c9adf3f1851dd51412a06adc9454d985be1dc8e56f2f7bcb20df290c5e,46-728-000-000,50
городской округ Серебряные Пруды,1478,городской округ Серебряные Пруды,exact_24_month_x_6_category_value_fingerprint,0,True,1,VERIFIED_DATA_LINEAGE_MATCH,1478,bf4989ec5a9f7aefaeb46abb6393c7853467f060cc01dc107c658765d49c9a57,46-772-000-000,50
городской округ Серовский,2010,городской округ Серовский,exact_24_month_x_6_category_value_fingerprint,0,True,1,VERIFIED_DATA_LINEAGE_MATCH,2010,017a4e626f390e6ce32607885370b028d25311080928da057a327a7996d3e466,65-756-000-000,66
городской округ Серпухов,2644,городской округ Серпухов,exact_24_month_x_6_category_value_fingerprint,0,True,1,VERIFIED_DATA_LINEAGE_MATCH,2644,e57d0aa476dea9dacf30dc88a37d290c28ee053cf823eed51bc00be2be0ded10,46-770-000-000,50
городской округ Смирныховский,1965,городской округ Смирныховский,exact_24_month_x_6_category_value_fingerprint,0,True,1,VERIFIED_DATA_LINEAGE_MATCH,1965,4a0e30a6f285ac8172313668a6f0d1bdd68cbdbe48330769c924cc5608abc117,64-746-000-000,65
городской округ Советский,1181,городской округ Советский,exact_24_month_x_6_category_value_fingerprint,0,True,1,VERIFIED_DATA_LINEAGE_MATCH,1181,318c10975b47114725b55918acb11efa9876809195409a501d07dd93f491c740,27-730-000-000,39
городской округ Сокольский,1535,городской округ Сокольский,exact_24_month_x_6_category_value_fingerprint,0,True,1,VERIFIED_DATA_LINEAGE_MATCH,1535,f551daf52375faddc650ed7c033afc720c08d71baeb73a76a6c8db12a0aa2732,22-749-000-000,52
городской округ Соликамский,2620,городской округ Соликамский,exact_24_month_x_6_category_value_fingerprint,0,True,1,VERIFIED_DATA_LINEAGE_MATCH,2620,506e2dca292d360a4c26137e489bb7576cb3b30e46fd54cabe1f918176b7b8e0,57-730-000-000,59
городской округ Солнечногорск,3013,городской округ Солнечногорск,exact_24_month_x_6_category_value_fingerprint,0,True,1,VERIFIED_DATA_LINEAGE_MATCH,3013,5d758376561fa76ce7b8ed2d4bf162111bc91078ec5517e4cab7ab617a8fe151,46-771-000-000,50
городской округ Соль-Илецкий,1674,городской округ Соль-Илецкий,exact_24_month_x_6_category_value_fingerprint,0,True,1,VERIFIED_DATA_LINEAGE_MATCH,1674,adb00d412407a5c400126cdc5305e2973660cc711f52c225a9b71d67a1e09763,53-725-000-000,56
городской округ Сорочинский,1675,городской округ Сорочинский,exact_24_month_x_6_category_value_fingerprint,0,True,1,VERIFIED_DATA_LINEAGE_MATCH,1675,c41486f718fdf3fd396efcac79773ea9b854fca65a54e90dd07f59280b59e236,53-727-000-000,56
городской округ Сосновоборский,1409,городской округ Сосновоборский,exact_24_month_x_6_category_value_fingerprint,0,True,1,VERIFIED_DATA_LINEAGE_MATCH,1409,2e3efbd94b4a35118caf0793825b9bf52058170e77ead22d126a36c7dcaf0de7,41-754-000-000,47
городской округ Сосьвинский,2031,городской округ Сосьвинский,exact_24_month_x_6_category_value_fingerprint,0,True,1,VERIFIED_DATA_LINEAGE_MATCH,2031,354948fa23da1f26496dcdbf9d1fb20ebfd985da8bdde921a0b3072dff8754fe,65-721-000-000,66
городской округ Спасск-Дальний,784,городской округ Спасск-Дальний,exact_24_month_x_6_category_value_fingerprint,0,True,1,VERIFIED_DATA_LINEAGE_MATCH,784,bafaf777c7271b85e7bd4d0c73b9027c42cb11a4e38c64e849a6f1b1b0eac419,05-720-000-000,25
городской округ Среднеуральск,1980,городской округ Среднеуральск,exact_24_month_x_6_category_value_fingerprint,0,True,1,VERIFIED_DATA_LINEAGE_MATCH,1980,325d0c17c58172e1459e35896ed692f8fde03b7895255647403eacb7c5c857d7,65-757-000-000,66
городской округ Ступино,1480,городской округ Ступино,exact_24_month_x_6_category_value_fingerprint,0,True,1,VERIFIED_DATA_LINEAGE_MATCH,1480,2bcb5892b4fb279f524f0f36350fad880313cc9dccc04598bc239f8572fd82a2,46-776-000-000,50
городской округ Суксунский,760,городской округ Суксунский,exact_24_month_x_6_category_value_fingerprint,0,True,1,VERIFIED_DATA_LINEAGE_MATCH,760,c360cbbfc7c263ae2e5fef177abbd40b407e271a0a5fc8978fb97e362191e621,57-731-000-000,59
городской округ Сухой Лог,2011,городской округ Сухой Лог,exact_24_month_x_6_category_value_fingerprint,0,True,1,VERIFIED_DATA_LINEAGE_MATCH,2011,8fc74159cee5a15c3dcd7395788acd0b9d917b4fd5407540803bbefa0161e756,65-758-000-000,66
городской округ Сызрань,1881,городской округ Сызрань,exact_24_month_x_6_category_value_fingerprint,0,True,1,VERIFIED_DATA_LINEAGE_MATCH,1881,e81d7119e7da9f3e51826f206e2690e61276a190881619ec6d3251b466dc9019,36-735-000-000,63
городской округ Сыктывкар,224,городской округ Сыктывкар,exact_24_month_x_6_category_value_fingerprint,0,True,1,VERIFIED_DATA_LINEAGE_MATCH,224,7f5e98701215bd7ad672ca547ca9848f4d0724f9e4d390405b3b013b4c0b26fd,87-701-000-000,11
городской округ Сысертский,2032,городской округ Сысертский,exact_24_month_x_6_category_value_fingerprint,0,True,1,VERIFIED_DATA_LINEAGE_MATCH,2032,912d4caddd04509d43228cca0539df8d05c7b45472588cf07c63f51537eedfab,65-722-000-000,66
городской округ Тавдинский,2012,городской округ Тавдинский,exact_24_month_x_6_category_value_fingerprint,0,True,1,VERIFIED_DATA_LINEAGE_MATCH,2012,af4d2a4dc833ec2a5a467a555dcb5235282104c78f9efbff13a3b19f1307e184,65-723-000-000,66
городской округ Тайгинский,1237,городской округ Тайгинский,exact_24_month_x_6_category_value_fingerprint,0,True,1,VERIFIED_DATA_LINEAGE_MATCH,1237,6c78d528287f97d5165fa2f744e8ac0a60addc63938831d5fe9cb06c99581fd1,32-740-000-000,42
городской округ Талдомский,1504,городской округ Талдомский,exact_24_month_x_6_category_value_fingerprint,0,True,1,VERIFIED_DATA_LINEAGE_MATCH,1504,cca3412829992cf75ff9e3c2729f2c5e2d155ba3e20295817723745a0362c8fd,46-778-000-000,50
городской округ Талицкий,2034,городской округ Талицкий,exact_24_month_x_6_category_value_fingerprint,0,True,1,VERIFIED_DATA_LINEAGE_MATCH,2034,9b66ce18e3f47787b68b18e8dd67a570df172738ab840f1d670052343e7eba4c,65-724-000-000,66
городской округ Тейково,1111,городской округ Тейково,exact_24_month_x_6_category_value_fingerprint,0,True,1,VERIFIED_DATA_LINEAGE_MATCH,1111,b58de4f540586d55c66a3718f537d1c87af03f1d5d263fcea68a858652461b49,24-707-000-000,37
городской округ Томаринский,1966,городской округ Томаринский,exact_24_month_x_6_category_value_fingerprint,0,True,1,VERIFIED_DATA_LINEAGE_MATCH,1966,4a2db1fd31f839a0f7edc4e41346ca36ea03284595c1b9a7220f5bc0ad3b46ea,64-748-000-000,65
городской округ Троицкий,2286,городской округ Троицкий,exact_24_month_x_6_category_value_fingerprint,0,True,1,VERIFIED_DATA_LINEAGE_MATCH,2286,9f1818cc63abd709f5cfe26047dddf0ce69127b88215125c19563f4ef265b61e,75-752-000-000,74
городской округ Тугулымский,2035,городской округ Тугулымский,exact_24_month_x_6_category_value_fingerprint,0,True,1,VERIFIED_DATA_LINEAGE_MATCH,2035,80db545fd0f33276dc48544a2be1cad4832050b50b52d9b009ae3c403babb663,65-725-000-000,66
городской округ Туринский,2036,городской округ Туринский,exact_24_month_x_6_category_value_fingerprint,0,True,1,VERIFIED_DATA_LINEAGE_MATCH,2036,77e13547b8f455ceaf9a2eccde92e33a2ea6f67e3a7341cda8be40ec089e5ae9,65-726-000-000,66
городской округ Тымовский,1967,городской округ Тымовский,exact_24_month_x_6_category_value_fingerprint,0,True,1,VERIFIED_DATA_LINEAGE_MATCH,1967,3ef807f3dc5b3e321f5d5cb5a271c3d5a037efb40a1b3e3b5b3115ca000e2ae6,64-750-000-000,65
городской округ Углегорский,1968,городской округ Углегорский,exact_24_month_x_6_category_value_fingerprint,0,True,1,VERIFIED_DATA_LINEAGE_MATCH,1968,386d33d85aee504772b5bf369cd4bc4b1927c9bfd409f2a1f107e50a3b9f68f3,64-752-000-000,65
городской округ Удомельский,2109,городской округ Удомельский,exact_24_month_x_6_category_value_fingerprint,0,True,1,VERIFIED_DATA_LINEAGE_MATCH,2109,2b67413d69bce6bfde48aad9ee4598ae7ce7b7ca7f5fd6b4e602dad9ba33532b,28-751-000-000,69
городской округ Уссурийский,785,городской округ Уссурийский,exact_24_month_x_6_category_value_fingerprint,0,True,1,VERIFIED_DATA_LINEAGE_MATCH,785,83a05777fffb4e1ef8501227464a11bf5b6c3178c63ed0758ff4a4eb65e73348,05-723-000-000,25
городской округ Усть-Катавский,2287,городской округ Усть-Катавский,exact_24_month_x_6_category_value_fingerprint,0,True,1,VERIFIED_DATA_LINEAGE_MATCH,2287,0e41e4445ad069b93a512abd67ba33a4d7097eda204ca7ffcb477f08dbc6cc32,75-755-000-000,74
городской округ Ухта,229,городской округ Ухта,exact_24_month_x_6_category_value_fingerprint,0,True,1,VERIFIED_DATA_LINEAGE_MATCH,229,d1d907f0cfc7d39a7f6ac208ccd3fb8f1577cee923df809583aba11acda9b6c5,87-725-000-000,11
городской округ Фрязино,1481,городской округ Фрязино,exact_24_month_x_6_category_value_fingerprint,0,True,1,VERIFIED_DATA_LINEAGE_MATCH,1481,fef33cfb37802827516e5c7625516884617ed0c60e104100b08e08594d040d8e,46-780-000-000,50
городской округ Холмский,1969,городской округ Холмский,exact_24_month_x_6_category_value_fingerprint,0,True,1,VERIFIED_DATA_LINEAGE_MATCH,1969,9417f7cde54305c775d29881c145de1a6017f823f37ad01b79c701bba58b3400,64-754-000-000,65
городской округ Чайковский,763,городской округ Чайковский,exact_24_month_x_6_category_value_fingerprint,0,True,1,VERIFIED_DATA_LINEAGE_MATCH,763,466152a5fdf69a633c1d7015b18df889b80882b74d1de5d5ee38757f8d4283bc,57-735-000-000,59
городской округ Чапаевск,1883,городской округ Чапаевск,exact_24_month_x_6_category_value_fingerprint,0,True,1,VERIFIED_DATA_LINEAGE_MATCH,1883,806558e930b2084905b35fb603745bb391ce0fd739546a4b564ce55e0be7cb6d,36-750-000-000,63
городской округ Чебаркульский,2288,городской округ Чебаркульский,exact_24_month_x_6_category_value_fingerprint,0,True,1,VERIFIED_DATA_LINEAGE_MATCH,2288,c5f87666b117f7704896ec8c52dd0a8f36e4eb9e03e2f619e85828786eaf99c5,75-758-000-000,74
городской округ Челябинский,2275,городской округ Челябинский,exact_24_month_x_6_category_value_fingerprint,0,True,1,VERIFIED_DATA_LINEAGE_MATCH,2275,68a9a3e82d146b870a0dc0049f6a612a04b29b7ae888c6c8c16bde2741188c0e,75-701-000-000,74
городской округ Чердынский,765,городской округ Чердынский,exact_24_month_x_6_category_value_fingerprint,0,True,1,VERIFIED_DATA_LINEAGE_MATCH,765,2bf64b20a128a59816fe1e31aa91a075b2005757092a225357d79a52d66eea98,57-756-000-000,59
городской округ Черкесский,194,городской округ Черкесский,exact_24_month_x_6_category_value_fingerprint,0,True,1,VERIFIED_DATA_LINEAGE_MATCH,194,11384b645233a7a5e82cbf2e8d1c863b428754eb8fdef6472e8e69f618d943e6,91-701-000-000,9
городской округ Черноголовка,1483,городской округ Черноголовка,exact_24_month_x_6_category_value_fingerprint,0,True,1,VERIFIED_DATA_LINEAGE_MATCH,1483,316be556e43593795d9fea3ffa2a478fd533de0d09e1df9635ff2e61f0c5a34e,46-781-000-000,50
городской округ Чернушинский,766,городской округ Чернушинский,exact_24_month_x_6_category_value_fingerprint,0,True,1,VERIFIED_DATA_LINEAGE_MATCH,766,fc4e3ebc221e9a9278aa3e09f14dd30805655d6d0d19a77bf3830f978af23000,57-757-000-000,59
городской округ Чехов,1484,городской округ Чехов,exact_24_month_x_6_category_value_fingerprint,0,True,1,VERIFIED_DATA_LINEAGE_MATCH,1484,67886191815fb91dee6a70c894619cc72c089d46b8a2a51806552724259073f2,46-784-000-000,50
городской округ Чусовской,767,городской округ Чусовской,exact_24_month_x_6_category_value_fingerprint,0,True,1,VERIFIED_DATA_LINEAGE_MATCH,767,2248f7a02744f418d019e485b8eb3bd15b57ae4685feffd61127dffbfd597088,57-758-000-000,59
городской округ Шалинский,2037,городской округ Шалинский,exact_24_month_x_6_category_value_fingerprint,0,True,1,VERIFIED_DATA_LINEAGE_MATCH,2037,6affd51e6111e837f8a40b42827044ee56c4eb5a0c4466fd1c619d7a49736eb6,65-727-000-000,66
городской округ Шатура,2813,городской округ Шатура,exact_24_month_x_6_category_value_fingerprint,0,True,1,VERIFIED_DATA_LINEAGE_MATCH,2813,9d806c41b34fda6daa13a000dbe0f3312324f54e6ba2353d4ae5c89c6c98da71,46-786-000-000,50
городской округ Шаховская,1486,городской округ Шаховская,exact_24_month_x_6_category_value_fingerprint,0,True,1,VERIFIED_DATA_LINEAGE_MATCH,1486,40bdcc2e0b200b9e9eaac8aab3a2d3e7c3f326e9e225998d3a18e19339d39bf4,46-787-000-000,50
городской округ Шуя,1112,городской округ Шуя,exact_24_month_x_6_category_value_fingerprint,0,True,1,VERIFIED_DATA_LINEAGE_MATCH,1112,14ebed0a5d8433bbc025b48857574151815a0c75dae411fed01eb3ef4ece42cc,24-711-000-000,37
городской округ Щёлково,2649,городской округ Щёлково,exact_24_month_x_6_category_value_fingerprint,0,True,1,VERIFIED_DATA_LINEAGE_MATCH,2649,c14f46884935639e52dde5e9d424366d97bb8513ac63a4ab97d3d11f258b0c7b,46-788-000-000,50
городской округ Эгвекинот,2345,городской округ Эгвекинот,exact_24_month_x_6_category_value_fingerprint,0,True,1,VERIFIED_DATA_LINEAGE_MATCH,2345,75a30470242c3f25feb08796ad42ad9843d02d01177b0ab2aaf2b5ddec65b181,77-715-000-000,87
городской округ Электросталь,1488,городской округ Электросталь,exact_24_month_x_6_category_value_fingerprint,0,True,1,VERIFIED_DATA_LINEAGE_MATCH,1488,c8e86c895d28d976f28bf1fb5b1a7c11c5196f3c2bb709dc3c8ec688cb045b63,46-790-000-000,50
городской округ Южно-Курильский,1970,городской округ Южно-Курильский,exact_24_month_x_6_category_value_fingerprint,0,True,1,VERIFIED_DATA_LINEAGE_MATCH,1970,e3886fb6e99ea47f055e1357064473918285b41de585b62d1b9e72ce2e444dcf,64-756-000-000,65
городской округ Южноуральский,2289,городской округ Южноуральский,exact_24_month_x_6_category_value_fingerprint,0,True,1,VERIFIED_DATA_LINEAGE_MATCH,2289,119b6add14400365862a9e61b2a08d964277a65cc2825a7fd67c30c1d6e21522,75-764-000-000,74
городской округ Юргинский,1238,городской округ Юргинский,exact_24_month_x_6_category_value_fingerprint,0,True,1,VERIFIED_DATA_LINEAGE_MATCH,1238,72ff08bda8a497d9c3b45b987e5a1fb19912e2a74d2a49507c79b24fba7cba81,32-749-000-000,42
городской округ Ясненский,1676,городской округ Ясненский,exact_24_month_x_6_category_value_fingerprint,0,True,1,VERIFIED_DATA_LINEAGE_MATCH,1676,2c8115c562c86055a30ad1b932e3be1036fef3b0ef10c1ce997f7b62c86ecbfc,53-732-000-000,56
городской округ город Абаза,449,городской округ город Абаза,exact_24_month_x_6_category_value_fingerprint,0,True,1,VERIFIED_DATA_LINEAGE_MATCH,449,4b803b612b1541da8ad630be3ca89a5972117e375005d196921f67b322a03fe8,95-702-000-000,19
городской округ город Абакан,448,городской округ город Абакан,exact_24_month_x_6_category_value_fingerprint,0,True,1,VERIFIED_DATA_LINEAGE_MATCH,448,0556634831e1ba0a7ed8b656c821d2dcd25fe58ae1cc5c447066c4378f9810e6,95-701-000-000,19
городской округ город Агидель,22,городской округ город Агидель,exact_24_month_x_6_category_value_fingerprint,0,True,1,VERIFIED_DATA_LINEAGE_MATCH,22,0497017d8b17b20efb99276756ea6d2bbb6952c4f34e13c7cffa787be33c12ae,80-703-000-000,2
городской округ город Адыгейск,2,городской округ город Адыгейск,exact_24_month_x_6_category_value_fingerprint,0,True,1,VERIFIED_DATA_LINEAGE_MATCH,2,00e6e295afc8096cef2c97c05fb9eb64103c83d3e67fd2a5002dd248fdb9e87c,79-703-000-000,1
городской округ город Алапаевск,1972,городской округ город Алапаевск,exact_24_month_x_6_category_value_fingerprint,0,True,1,VERIFIED_DATA_LINEAGE_MATCH,1972,3775a7dcba6f237cefb8c5a32dab9a282dc2df10382600ed0d50e1d7859f75b1,65-728-000-000,66
городской округ город Алатырь,479,городской округ город Алатырь,exact_24_month_x_6_category_value_fingerprint,0,True,1,VERIFIED_DATA_LINEAGE_MATCH,479,f0c88b66ec95406a604ec1103714d876bfb2ce7eb61d4ed6165c0990484bf1f6,97-704-000-000,21
городской округ город Алейск,505,городской округ город Алейск,exact_24_month_x_6_category_value_fingerprint,0,True,1,VERIFIED_DATA_LINEAGE_MATCH,505,f251b8d597ad6b70476779f4935cd8ef10a6f3cbcb3a03c23ecb4dce85809d1f,01-703-000-000,22
городской округ город Алексин,2165,городской округ город Алексин,exact_24_month_x_6_category_value_fingerprint,0,True,1,VERIFIED_DATA_LINEAGE_MATCH,2165,8cce641c70502d8b3416c97ebfd6464e62a5f7dae39af3d12a3fdae6dbdd0204,70-706-000-000,71
городской округ город Арзамас,3005,городской округ город Арзамас,exact_24_month_x_6_category_value_fingerprint,0,True,1,VERIFIED_DATA_LINEAGE_MATCH,3005,38bf933c95730dd88fdd030ac99931f9ad38038bbd881c4da0114fcf443dfb85,22-703-000-000,52
городской округ город Архангельск,890,городской округ город Архангельск,exact_24_month_x_6_category_value_fingerprint,0,True,1,VERIFIED_DATA_LINEAGE_MATCH,890,4f1b7b63395a3c999d6a5d8dc3290b099028047dd5643896390b6d90784dc081,11-701-000-000,29
городской округ город Астрахань,918,городской округ город Астрахань,exact_24_month_x_6_category_value_fingerprint,0,True,1,VERIFIED_DATA_LINEAGE_MATCH,918,b23ed1366746b9bf99a7b3706c3fd3afc8d328e959600c5df70a474aaf315655,12-701-000-000,30
городской округ город Ачинск,667,городской округ город Ачинск,exact_24_month_x_6_category_value_fingerprint,0,True,1,VERIFIED_DATA_LINEAGE_MATCH,667,dd566ef969ec02bddde71977283de5470d56ceaa2101794b1f83792158ff432c,04-703-000-000,24
городской округ город Барнаул,504,городской округ город Барнаул,exact_24_month_x_6_category_value_fingerprint,0,True,1,VERIFIED_DATA_LINEAGE_MATCH,504,569ac6effbb84d9f91ff35f70cbc6d585d4ede0cdb9c132a2ebdba32e9d4c1d7,01-701-000-000,22
городской округ город Белокуриха,506,городской округ город Белокуриха,exact_24_month_x_6_category_value_fingerprint,0,True,1,VERIFIED_DATA_LINEAGE_MATCH,506,45f568819b4f83563f5c01009375e22d827975e07dba453e7724e9fb2b0b9acd,01-704-000-000,22
городской округ город Бердск,1598,городской округ город Бердск,exact_24_month_x_6_category_value_fingerprint,0,True,1,VERIFIED_DATA_LINEAGE_MATCH,1598,e0ed49595dd17cf6ebb70eed0d666a0a77d0833552931a4d9dabd649a6fdaf60,50-708-000-000,54
городской округ город Березники,2621,городской округ город Березники,exact_24_month_x_6_category_value_fingerprint,0,True,1,VERIFIED_DATA_LINEAGE_MATCH,2621,644993fadd94f8925cd499d2f6db6db9bbbf98eca9018d10c4f27a0e51a5d90c,57-708-000-000,59
городской округ город Бийск,507,городской округ город Бийск,exact_24_month_x_6_category_value_fingerprint,0,True,1,VERIFIED_DATA_LINEAGE_MATCH,507,d04eecca2b1a1e1ef7854255826bddc8dcc9b65a3e68ecff46d2a97e341cfbac,01-705-000-000,22
городской округ город Биробиджан,2338,городской округ город Биробиджан,exact_24_month_x_6_category_value_fingerprint,0,True,1,VERIFIED_DATA_LINEAGE_MATCH,2338,ffd8ef4b8c53d1010c36eb683e36a37ffb030d4023f617e705e9ee58d4954e14,99-701-000-000,79
городской округ город Боготол,668,городской округ город Боготол,exact_24_month_x_6_category_value_fingerprint,0,True,1,VERIFIED_DATA_LINEAGE_MATCH,668,199bd757eaaccb91381d6098c733b5f73d34c2e8902fcd5a23ffcb2a80b1ed55,04-706-000-000,24
городской округ город Бор,1525,городской округ город Бор,exact_24_month_x_6_category_value_fingerprint,0,True,1,VERIFIED_DATA_LINEAGE_MATCH,1525,dad98e2c35e06e816c6abc00f7e054dbe0c7b4e827d0230837aac5cc93776292,22-712-000-000,52
городской округ город Бородино,669,городской округ город Бородино,exact_24_month_x_6_category_value_fingerprint,0,True,1,VERIFIED_DATA_LINEAGE_MATCH,669,4183221f49bfb4a16cb72da51492248a06157e91ae5115472a45ee548e7dbf59,04-707-000-000,24
городской округ город Братск,1136,городской округ город Братск,exact_24_month_x_6_category_value_fingerprint,0,True,1,VERIFIED_DATA_LINEAGE_MATCH,1136,de24fb565108a52a464bd2abb44d09dd57788c78a40feb0323dc205fb4d1ddd8,25-714-000-000,38
городской округ город Бугуруслан,1667,городской округ город Бугуруслан,exact_24_month_x_6_category_value_fingerprint,0,True,1,VERIFIED_DATA_LINEAGE_MATCH,1667,3fd85d0d885a0f9ae67fd65d709a3c80ceacd39424b25805311fde380a50cb5e,53-708-000-000,56
городской округ город Бузулук,1668,городской округ город Бузулук,exact_24_month_x_6_category_value_fingerprint,0,True,1,VERIFIED_DATA_LINEAGE_MATCH,1668,d216c77918ca87fc7c4a4f7b089dab4ab259b8c312b5c05db992c24444dba216,53-712-000-000,56
городской округ город Буй,1304,городской округ город Буй,exact_24_month_x_6_category_value_fingerprint,0,True,1,VERIFIED_DATA_LINEAGE_MATCH,1304,f4de0bd512113bf2f109dede640c5841ed4d896d0ab76019815464c4d4963f65,34-705-000-000,44
городской округ город Великие Луки,1765,городской округ город Великие Луки,exact_24_month_x_6_category_value_fingerprint,0,True,1,VERIFIED_DATA_LINEAGE_MATCH,1765,4e7222c6dc8859cd566b98c9874432bea180708059a526c76113f54ccc6c01f2,58-710-000-000,60
городской округ город Владикавказ,345,городской округ город Владикавказ,exact_24_month_x_6_category_value_fingerprint,0,True,1,VERIFIED_DATA_LINEAGE_MATCH,345,abcf96e2067f5ade3ae6fc22b3beec1acd0978732552f6c58e713bd114d6dfd3,90-701-000-000,15
городской округ город Владимир,986,городской округ город Владимир,exact_24_month_x_6_category_value_fingerprint,0,True,1,VERIFIED_DATA_LINEAGE_MATCH,986,ca477147392bdb96699ce82887d02a487f9136129ac8145553db19b5f2f88c41,17-701-000-000,33
городской округ город Волгореченск,1305,городской округ город Волгореченск,exact_24_month_x_6_category_value_fingerprint,0,True,1,VERIFIED_DATA_LINEAGE_MATCH,1305,0e0771c3028c40bfdb2fa658adc47333a64df5985b6c536a8fa0aaed9ba7a5d1,34-706-000-000,44
городской округ город Волжск,270,городской округ город Волжск,exact_24_month_x_6_category_value_fingerprint,0,True,1,VERIFIED_DATA_LINEAGE_MATCH,270,3011096fb5c980bfbe61aa0abe6bb4618e3485ac4ab6c60d63ae52556e974821,88-705-000-000,12
городской округ город Волжский,1008,городской округ город Волжский,exact_24_month_x_6_category_value_fingerprint,0,True,1,VERIFIED_DATA_LINEAGE_MATCH,1008,499b5d0cea49f9ac2e8de8cfca042dc98948b7ee5a7274a6fc56f1ef7349e127,18-710-000-000,34
городской округ город Воткинск,419,городской округ город Воткинск,exact_24_month_x_6_category_value_fingerprint,0,True,1,VERIFIED_DATA_LINEAGE_MATCH,419,c65be3f5346bc1a2674d64cb968b666735827da19a9dbd4b4d0964dfc43ef99b,94-710-000-000,18
городской округ город Выкса,1526,городской округ город Выкса,exact_24_month_x_6_category_value_fingerprint,0,True,1,VERIFIED_DATA_LINEAGE_MATCH,1526,a1f3bca4413108d2890653a63e5d619c634a787e6172b3bc33625b3588fe3096,22-715-000-000,52
городской округ город Вятские Поляны,1259,городской округ город Вятские Поляны,exact_24_month_x_6_category_value_fingerprint,0,True,1,VERIFIED_DATA_LINEAGE_MATCH,1259,f051c16ff2e4e36f570a88bd6c2af386ab7d32490eb6df7784bcaf5736262558,33-704-000-000,43
городской округ город Галич,1306,городской округ город Галич,exact_24_month_x_6_category_value_fingerprint,0,True,1,VERIFIED_DATA_LINEAGE_MATCH,1306,6eb5679cc2a0c2834676abbf63452c96ff9eddb0aebab6f94c33207728f5c9e5,34-708-000-000,44
городской округ город Глазов,420,городской округ город Глазов,exact_24_month_x_6_category_value_fingerprint,0,True,1,VERIFIED_DATA_LINEAGE_MATCH,420,ae35eb6eea7c8337f6f5d9bcf308b1ae48d7e4d9746b23e6f8c5b3f2a3bdaf16,94-720-000-000,18
городской округ город Горно-Алтайск,10,городской округ город Горно-Алтайск,exact_24_month_x_6_category_value_fingerprint,0,True,1,VERIFIED_DATA_LINEAGE_MATCH,10,103fe90a45acbf206e6e7d824be1f4e6f3cc304b9a923b9fcbe9d20b68e2cabb,84-701-000-000,4
городской округ город Губкинский,2879,городской округ город Губкинский,exact_24_month_x_6_category_value_fingerprint,0,True,1,VERIFIED_DATA_LINEAGE_MATCH,2879,15271d7d5d3cae47466a6a9cb60499575db47633e478feb977b7a6b3f755306e,71-952-000-000,89
городской округ город Гусь-Хрустальный,987,городской округ город Гусь-Хрустальный,exact_24_month_x_6_category_value_fingerprint,0,True,1,VERIFIED_DATA_LINEAGE_MATCH,987,fc6a736231dde00f65a406e0f7fe9abb1c421c0f698a9703cfbc8ba363b759ff,17-720-000-000,33
городской округ город Десногорск,2045,городской округ город Десногорск,exact_24_month_x_6_category_value_fingerprint,0,True,1,VERIFIED_DATA_LINEAGE_MATCH,2045,c806949b0939c94d152f0f28f2ee2274e48db656972ac0d7dc516266bc5c1240,66-710-000-000,67
городской округ город Дзержинск,1527,городской округ город Дзержинск,exact_24_month_x_6_category_value_fingerprint,0,True,1,VERIFIED_DATA_LINEAGE_MATCH,1527,296ce4f97c401ce4764882c6523b784e8930748285bb13d0fd260c25f48c37a8,22-721-000-000,52
городской округ город Дивногорск,670,городской округ город Дивногорск,exact_24_month_x_6_category_value_fingerprint,0,True,1,VERIFIED_DATA_LINEAGE_MATCH,670,5a0dce5384b4dc11699260f4b5b67183608493478a3dfe918c5aca8e70c0664c,04-709-000-000,24
городской округ город Димитровград,2252,городской округ город Димитровград,exact_24_month_x_6_category_value_fingerprint,0,True,1,VERIFIED_DATA_LINEAGE_MATCH,2252,2fbf8ae88c4f2293774b199ec46fdc89bd824a354992623eda6a74fae3886a29,73-705-000-000,73
городской округ город Донской,2167,городской округ город Донской,exact_24_month_x_6_category_value_fingerprint,0,True,1,VERIFIED_DATA_LINEAGE_MATCH,2167,68034fca9ef338bedca42b73ed6db5373b3e0deba7c175dadf67b0ae15ddb461,70-712-000-000,71
городской округ город Екатеринбург,1971,городской округ город Екатеринбург,exact_24_month_x_6_category_value_fingerprint,0,True,1,VERIFIED_DATA_LINEAGE_MATCH,1971,5b599c935c2017d83825e8df617dadbf70187e0cbfa0f9503e0ac114cc5cfea0,65-701-000-000,66
городской округ город Елец,1411,городской округ город Елец,exact_24_month_x_6_category_value_fingerprint,0,True,1,VERIFIED_DATA_LINEAGE_MATCH,1411,2bfa597424175252bd7f75e979ba8aa2798231d2b12ce099e819fbb154bf73d0,42-715-000-000,48
городской округ город Енисейск,671,городской округ город Енисейск,exact_24_month_x_6_category_value_fingerprint,0,True,1,VERIFIED_DATA_LINEAGE_MATCH,671,0c365e1664b3b3fb85f3eb891813a5280ecedf76a142e9e33cb06915d4d0cd76,04-712-000-000,24
городской округ город Ефремов,2168,городской округ город Ефремов,exact_24_month_x_6_category_value_fingerprint,0,True,1,VERIFIED_DATA_LINEAGE_MATCH,2168,415c7fa31b5496e71e503220d0828390f914565290c4cfd8309c52afc9208ab7,70-714-000-000,71
городской округ город Заринск,508,городской округ город Заринск,exact_24_month_x_6_category_value_fingerprint,0,True,1,VERIFIED_DATA_LINEAGE_MATCH,508,05f34dbd011c233b58542f8178cddd05d745645683759885a9b6d6643963a42e,01-706-000-000,22
городской округ город Ижевск,418,городской округ город Ижевск,exact_24_month_x_6_category_value_fingerprint,0,True,1,VERIFIED_DATA_LINEAGE_MATCH,418,6cbb70a9d2a1f57059c788e7bb45b913641d59813280a8e2932905566b2a7311,94-701-000-000,18
городской округ город Ирбит,1985,городской округ город Ирбит,exact_24_month_x_6_category_value_fingerprint,0,True,1,VERIFIED_DATA_LINEAGE_MATCH,1985,8057c5fc13a1272281f0fcea7a907a546d92561bbe11db0798f51ca85c079784,65-739-000-000,66
городской округ город Иркутск,1134,городской округ город Иркутск,exact_24_month_x_6_category_value_fingerprint,0,True,1,VERIFIED_DATA_LINEAGE_MATCH,1134,32ae35156034bee972c03bdd684853f3485380f4b9d9461559b329b048b2dbb5,25-701-000-000,38
городской округ город Искитим,1599,городской округ город Искитим,exact_24_month_x_6_category_value_fingerprint,0,True,1,VERIFIED_DATA_LINEAGE_MATCH,1599,fe54e986eb81f1689b6eeac747955e41610e264b64271f908112d7e3c0a42663,50-712-000-000,54
городской округ город Ишим,2192,городской округ город Ишим,exact_24_month_x_6_category_value_fingerprint,0,True,1,VERIFIED_DATA_LINEAGE_MATCH,2192,97021f08c5dcddbb2656b32b00f904efc5020f2960862fa0d526afa1124b0002,71-705-000-000,72
городской округ город Йошкар-Ола,269,городской округ город Йошкар-Ола,exact_24_month_x_6_category_value_fingerprint,0,True,1,VERIFIED_DATA_LINEAGE_MATCH,269,3283394abc672d84f86dfbf692b3635142a80c78d86800ab38e8326c03b7cb44,88-701-000-000,12
городской округ город Казань,354,городской округ город Казань,exact_24_month_x_6_category_value_fingerprint,0,True,1,VERIFIED_DATA_LINEAGE_MATCH,354,1aa171191f9f7f3cc9ff3012f0cc0cf5bcedc63c0e2f367eb416e4d791f9dc29,92-701-000-000,16
городской округ город Калининград,1176,городской округ город Калининград,exact_24_month_x_6_category_value_fingerprint,0,True,1,VERIFIED_DATA_LINEAGE_MATCH,1176,f863781747499d4d8668049e6fb765578f2d6fef0d90a972a7f5d2b06182edd4,27-701-000-000,39
городской округ город Калуга,1198,городской округ город Калуга,exact_24_month_x_6_category_value_fingerprint,0,True,1,VERIFIED_DATA_LINEAGE_MATCH,1198,ba19a2c94fe2f2ccdae765c830825080ae9581d540d7c2e5bda19565ae8b4c85,29-701-000-000,40
городской округ город Каменск-Уральский,1986,городской округ город Каменск-Уральский,exact_24_month_x_6_category_value_fingerprint,0,True,1,VERIFIED_DATA_LINEAGE_MATCH,1986,d363cdbbc32c80efdbcf7c590ee16c2bc6779cca49dd0ab990812df0b18768c0,65-740-000-000,66
городской округ город Камышин,1009,городской округ город Камышин,exact_24_month_x_6_category_value_fingerprint,0,True,1,VERIFIED_DATA_LINEAGE_MATCH,1009,d9468ae22698c675812d9123e9c6fe314aa4d73f8580b870f4a264af546f14e2,18-715-000-000,34
городской округ город Канаш,480,городской округ город Канаш,exact_24_month_x_6_category_value_fingerprint,0,True,1,VERIFIED_DATA_LINEAGE_MATCH,480,68781633693477ffa57e2b3435b333ab25d60dae297bc843c66725c3901e6ad6,97-707-000-000,21
городской округ город Канск,674,городской округ город Канск,exact_24_month_x_6_category_value_fingerprint,0,True,1,VERIFIED_DATA_LINEAGE_MATCH,674,5ecd90afd9cc0153a136261fed750acc4f5aa7cb1dfd7a8ed9ccbf1dea93b403,04-720-000-000,24
городской округ город Касимов,1846,городской округ город Касимов,exact_24_month_x_6_category_value_fingerprint,0,True,1,VERIFIED_DATA_LINEAGE_MATCH,1846,e73a813722b10a9a5ee3a6b1c696e2a87b52db14645313fd1192fa04affdb04a,61-705-000-000,62
городской округ город Кедровый,2145,городской округ город Кедровый,exact_24_month_x_6_category_value_fingerprint,0,True,1,VERIFIED_DATA_LINEAGE_MATCH,2145,02e0e906f268a05d60e8e32ea26937d982b97ce808f22ac3a11634ce3faf436f,69-707-000-000,70
городской округ город Кизел,745,городской округ город Кизел,exact_24_month_x_6_category_value_fingerprint,0,True,1,VERIFIED_DATA_LINEAGE_MATCH,745,9a53305e371fa88e76855bd12b20a93250f3c90e57342d9912a6dfa0d86d9ecf,57-719-000-000,59
городской округ город Киров,1258,городской округ город Киров,exact_24_month_x_6_category_value_fingerprint,0,True,1,VERIFIED_DATA_LINEAGE_MATCH,1258,cdbbe0b4250eaa39c2804a7f9ddbb7da6690f5a19a19803aadf66bc10bfb56fb,33-701-000-000,43
городской округ город Кирово-Чепецк,1260,городской округ город Кирово-Чепецк,exact_24_month_x_6_category_value_fingerprint,0,True,1,VERIFIED_DATA_LINEAGE_MATCH,1260,840f85d671b0de7cf47d102ac4200ba77f4da8b20e9f0e687383f960dc3c06c8,33-707-000-000,43
городской округ город Кирсанов,2072,городской округ город Кирсанов,exact_24_month_x_6_category_value_fingerprint,0,True,1,VERIFIED_DATA_LINEAGE_MATCH,2072,473a0e22e281e4a0465b0eb47ea730da2150f3ba2480ac1b09854282df34b656,68-705-000-000,68
городской округ город Ковров,988,городской округ город Ковров,exact_24_month_x_6_category_value_fingerprint,0,True,1,VERIFIED_DATA_LINEAGE_MATCH,988,4d89913dcd823483ef3d779ac3fbcb3b687341a8210f4838c17ab2650f3d1b5a,17-725-000-000,33
городской округ город Когалым,2217,городской округ город Когалым,exact_24_month_x_6_category_value_fingerprint,0,True,1,VERIFIED_DATA_LINEAGE_MATCH,2217,63384b11e2af95b8c46d72dd0f36c0d915909b69d6551e46c76387b715413917,71-883-000-000,86
городской округ город Козьмодемьянск,271,городской округ город Козьмодемьянск,exact_24_month_x_6_category_value_fingerprint,0,True,1,VERIFIED_DATA_LINEAGE_MATCH,271,799e44e7ee7d9980fdcb155eb6cace4eb54e1d8cf3c8cfdd359e2ff5174f102c,88-715-000-000,12
городской округ город Комсомольск-на-Амуре,843,городской округ город Комсомольск-на-Амуре,exact_24_month_x_6_category_value_fingerprint,0,True,1,VERIFIED_DATA_LINEAGE_MATCH,843,6cc8b75bff4f7781f1ba3d8c0548f83e6a12c326867f807d24dd3817b8c14d83,08-709-000-000,27
городской округ город Коряжма,891,городской округ город Коряжма,exact_24_month_x_6_category_value_fingerprint,0,True,1,VERIFIED_DATA_LINEAGE_MATCH,891,b899ec32e453bb4624bf4fd7fa37ee17079f43f1fd8292ab8af2a67dbff3dc0c,11-708-000-000,29
городской округ город Кострома,1303,городской округ город Кострома,exact_24_month_x_6_category_value_fingerprint,0,True,1,VERIFIED_DATA_LINEAGE_MATCH,1303,65cfa83b5ff583f15f775b8dd689ccbef86ec0a1721fc233a7bee5a379ba0df7,34-701-000-000,44
городской округ город Котельнич,1261,городской округ город Котельнич,exact_24_month_x_6_category_value_fingerprint,0,True,1,VERIFIED_DATA_LINEAGE_MATCH,1261,d1422fd8757fe79bf76698c53a1f34cc766092d9e2da9c7b9b12551fe7c12c57,33-710-000-000,43
городской округ город Котовск,2073,городской округ город Котовск,exact_24_month_x_6_category_value_fingerprint,0,True,1,VERIFIED_DATA_LINEAGE_MATCH,2073,e308ba5340fbb5c0efec3b458774605da126ba7f82e7972ac7c42a2ac5381675,68-710-000-000,68
городской округ город Красноярск,666,городской округ город Красноярск,exact_24_month_x_6_category_value_fingerprint,0,True,1,VERIFIED_DATA_LINEAGE_MATCH,666,34017cf3c83caf2658c843dd6d0ca1b4e04187bc5271bd4b0c1acc573254d332,04-701-000-000,24
городской округ город Кулебаки,1528,городской округ город Кулебаки,exact_24_month_x_6_category_value_fingerprint,0,True,1,VERIFIED_DATA_LINEAGE_MATCH,1528,0fd82363d0b106ec85a6308b31872ea6f24b3d93c72d871bad0c643e910c6217,22-727-000-000,52
городской округ город Кумертау,23,городской округ город Кумертау,exact_24_month_x_6_category_value_fingerprint,0,True,1,VERIFIED_DATA_LINEAGE_MATCH,23,abe1d3c51d1064114e8e7b3e58681130390f448c7c7f8399e113f84eff91bc57,80-723-000-000,2
городской округ город Курган,1333,городской округ город Курган,exact_24_month_x_6_category_value_fingerprint,0,True,1,VERIFIED_DATA_LINEAGE_MATCH,1333,b278c606482d8622ac52197c686d6d3978c4a5270e9bc7bc7f98d7f057b8cb9d,37-701-000-000,45
городской округ город Лабытнанги,2880,городской округ город Лабытнанги,exact_24_month_x_6_category_value_fingerprint,0,True,1,VERIFIED_DATA_LINEAGE_MATCH,2880,e8be3efb63e4c63066575a5e43d9842cf897ab25cd07ade0d318441171be58b0,71-953-000-000,89
городской округ город Лангепас,2218,городской округ город Лангепас,exact_24_month_x_6_category_value_fingerprint,0,True,1,VERIFIED_DATA_LINEAGE_MATCH,2218,cfa2364202220c51e0bd8f6b8e8bda93a001410eb2a00064a0415cb16c6b4c19,71-872-000-000,86
городской округ город Лермонтов,818,городской округ город Лермонтов,exact_24_month_x_6_category_value_fingerprint,0,True,1,VERIFIED_DATA_LINEAGE_MATCH,818,f4186d2ebbd2dfad9372b57bb8e0cd6daf045cd766a410960d891d0295e749f2,07-718-000-000,26
городской округ город Лесосибирск,675,городской округ город Лесосибирск,exact_24_month_x_6_category_value_fingerprint,0,True,1,VERIFIED_DATA_LINEAGE_MATCH,675,6900db946505c410f45012b22667fae8efca0f75dc75f8b6640447d6a70c7649,04-722-000-000,24
городской округ город Ливны,1708,городской округ город Ливны,exact_24_month_x_6_category_value_fingerprint,0,True,1,VERIFIED_DATA_LINEAGE_MATCH,1708,45567d892c6804712ac2b14273dea7bf47410890992dccf42f0bfea97bea88f6,54-705-000-000,57
городской округ город Липецк,1410,городской округ город Липецк,exact_24_month_x_6_category_value_fingerprint,0,True,1,VERIFIED_DATA_LINEAGE_MATCH,1410,0f4dcc1244e20fcf146ddbc41d231f93e75335db5f8fa539e86381f5f0e2b3de,42-701-000-000,48
городской округ город Магадан,1430,городской округ город Магадан,exact_24_month_x_6_category_value_fingerprint,0,True,1,VERIFIED_DATA_LINEAGE_MATCH,1430,8a1f3728956078fbcfc651a7e25308085ccabee5058bda869cae1dce8b699d0d,44-701-000-000,49
городской округ город Майкоп,1,городской округ город Майкоп,exact_24_month_x_6_category_value_fingerprint,0,True,1,VERIFIED_DATA_LINEAGE_MATCH,1,859aa1526afb44addf55036e86d7793cb26a136b8e79aae2c88345620b4719bb,79-701-000-000,1
городской округ город Мегион,2219,городской округ город Мегион,exact_24_month_x_6_category_value_fingerprint,0,True,1,VERIFIED_DATA_LINEAGE_MATCH,2219,5214df7a9d57978a1c19a5708e9c7bf9bc71814fabee7ac9f11631787eed0d00,71-873-000-000,86
городской округ город Медногорск,1671,городской округ город Медногорск,exact_24_month_x_6_category_value_fingerprint,0,True,1,VERIFIED_DATA_LINEAGE_MATCH,1671,41a3305d4fb4821638123824627ca9b28c978fa760083f9f3d9e2357b1c16585,53-715-000-000,56
городской округ город Минусинск,676,городской округ город Минусинск,exact_24_month_x_6_category_value_fingerprint,0,True,1,VERIFIED_DATA_LINEAGE_MATCH,676,7bcfeaf3ee2265f057ef272ee13442fa5bf23a5ff0bef7b635d1a5780065fc08,04-723-000-000,24
городской округ город Михайловка,1010,городской округ город Михайловка,exact_24_month_x_6_category_value_fingerprint,0,True,1,VERIFIED_DATA_LINEAGE_MATCH,1010,a246fe7d13b68b71c8ef175f5f3cb8b34811a6fd6ea82d7af1b0e4597b185860,18-720-000-000,34
городской округ город Мичуринск,2074,городской округ город Мичуринск,exact_24_month_x_6_category_value_fingerprint,0,True,1,VERIFIED_DATA_LINEAGE_MATCH,2074,acb8ba3000d8942a54659a0390444c804aea4d9280fc14df97a74471ee0b50dd,68-715-000-000,68
городской округ город Можга,421,городской округ город Можга,exact_24_month_x_6_category_value_fingerprint,0,True,1,VERIFIED_DATA_LINEAGE_MATCH,421,f1ae2dc02e9e0fcda30d8dce02a05756bf7752a74b6527e7b7df71d62bd4b3b6,94-730-000-000,18
городской округ город Моршанск,2075,городской округ город Моршанск,exact_24_month_x_6_category_value_fingerprint,0,True,1,VERIFIED_DATA_LINEAGE_MATCH,2075,5bed1318317eac0402c6c4908c55403804eee2ba2fae88cff4199658a0ce631c,68-720-000-000,68
городской округ город Муравленко,2241,городской округ город Муравленко,exact_24_month_x_6_category_value_fingerprint,0,True,1,VERIFIED_DATA_LINEAGE_MATCH,2241,8eb3146aa5cc4b65a680745dada1a04041dc779c5ec8a34d836f4088b9a7b1dc,71-955-000-000,89
городской округ город Мурманск,1506,городской округ город Мурманск,exact_24_month_x_6_category_value_fingerprint,0,True,1,VERIFIED_DATA_LINEAGE_MATCH,1506,1e47982b283b2e9328eae59cfacc7cdb1c6df3f1b614117d827316f6b68d54fd,47-701-000-000,51
городской округ город Мценск,1709,городской округ город Мценск,exact_24_month_x_6_category_value_fingerprint,0,True,1,VERIFIED_DATA_LINEAGE_MATCH,1709,b9288269ea09ea7cdaae796ae22081f5c17c6602450b680aa6b7605d26517c96,54-710-000-000,57
городской округ город Набережные Челны,355,городской округ город Набережные Челны,exact_24_month_x_6_category_value_fingerprint,0,True,1,VERIFIED_DATA_LINEAGE_MATCH,355,e23ce33fc0e9f51b9846129e34d3da137426c4b136d14d0b5b425a0c085e9cf0,92-730-000-000,16
городской округ город Назарово,677,городской округ город Назарово,exact_24_month_x_6_category_value_fingerprint,0,True,1,VERIFIED_DATA_LINEAGE_MATCH,677,d2ad0edec9c07ce0c4c3b13e5af4900e218462ba13ca37f3c5a8106054598df9,04-726-000-000,24
городской округ город Нарьян-Мар,916,городской округ город Нарьян-Мар,exact_24_month_x_6_category_value_fingerprint,0,True,1,VERIFIED_DATA_LINEAGE_MATCH,916,9a5d3a4aee288ff660b6684ee79eff26fa96423d38c11033290192de15a79126,11-851-000-000,83
городской округ город Невинномысск,820,городской округ город Невинномысск,exact_24_month_x_6_category_value_fingerprint,0,True,1,VERIFIED_DATA_LINEAGE_MATCH,820,1ac0f5065f745a613307c700c8ca5a3b4f8494c707ae0e0e5a59151ba9da5e44,07-724-000-000,26
городской округ город Нефтекамск,25,городской округ город Нефтекамск,exact_24_month_x_6_category_value_fingerprint,0,True,1,VERIFIED_DATA_LINEAGE_MATCH,25,6f0d4d0cec15ff259f2e2f196ea5e7816b578fb70870b4f4359c4d6d2bd2b388,80-727-000-000,2
городской округ город Нефтеюганск,2220,городской округ город Нефтеюганск,exact_24_month_x_6_category_value_fingerprint,0,True,1,VERIFIED_DATA_LINEAGE_MATCH,2220,b8760486ad350c347289221954e64796772de7dcd78f415493c2cc9218340653,71-874-000-000,86
городской округ город Нижневартовск,2221,городской округ город Нижневартовск,exact_24_month_x_6_category_value_fingerprint,0,True,1,VERIFIED_DATA_LINEAGE_MATCH,2221,3d620ab0b035c605380a302e4ab668e58cd0781094f757fc337940a01202962d,71-875-000-000,86
городской округ город Нижний Новгород,1523,городской округ город Нижний Новгород,exact_24_month_x_6_category_value_fingerprint,0,True,1,VERIFIED_DATA_LINEAGE_MATCH,1523,b219ad780610baf4c91c08de8f8302b64939787327425ee79ab4708a9ac43980,22-701-000-000,52
городской округ город Нижний Тагил,2000,городской округ город Нижний Тагил,exact_24_month_x_6_category_value_fingerprint,0,True,1,VERIFIED_DATA_LINEAGE_MATCH,2000,ed4ee0073333a6737136d3bbd810f38f0e1a778d7e75eacf3e51ba9c8094644d,65-751-000-000,66
городской округ город Новоалтайск,509,городской округ город Новоалтайск,exact_24_month_x_6_category_value_fingerprint,0,True,1,VERIFIED_DATA_LINEAGE_MATCH,509,258bdb73a44938572c8953b3860c3b871467f207e9efbb41df5e3fef6239ce5d,01-713-000-000,22
городской округ город Новодвинск,895,городской округ город Новодвинск,exact_24_month_x_6_category_value_fingerprint,0,True,1,VERIFIED_DATA_LINEAGE_MATCH,895,7694e507dbf8f62abb1f5d150457c2700af5d14d12a0af03c5a07186c1a202cf,11-715-000-000,29
городской округ город Новомосковск,2169,городской округ город Новомосковск,exact_24_month_x_6_category_value_fingerprint,0,True,1,VERIFIED_DATA_LINEAGE_MATCH,2169,df607c2834de9289b95f6fc6ff5e9ce139d27e6925edccfd6b731afd9d95b574,70-724-000-000,71
городской округ город Новосибирск,1597,городской округ город Новосибирск,exact_24_month_x_6_category_value_fingerprint,0,True,1,VERIFIED_DATA_LINEAGE_MATCH,1597,b6ff9951475091630d495dc621474bed0831e00498a3c634de9042cf5de6fa46,50-701-000-000,54
городской округ город Новотроицк,1672,городской округ город Новотроицк,exact_24_month_x_6_category_value_fingerprint,0,True,1,VERIFIED_DATA_LINEAGE_MATCH,1672,b09ae015e1c77eeb588ea6f19d6fd178495186a58b5bbbe6fd3719123819d0e2,53-720-000-000,56
городской округ город Новоульяновск,2253,городской округ город Новоульяновск,exact_24_month_x_6_category_value_fingerprint,0,True,1,VERIFIED_DATA_LINEAGE_MATCH,2253,642c8862b6642bed9b2af537e11207350fc6fc53fed27984982de63bd107df75,73-715-000-000,73
городской округ город Новочебоксарск,481,городской округ город Новочебоксарск,exact_24_month_x_6_category_value_fingerprint,0,True,1,VERIFIED_DATA_LINEAGE_MATCH,481,569c63911aed08ed42cdc1cf1301867f675770a5826be8b6eba6949a0e969e01,97-710-000-000,21
городской округ город Новый Уренгой,2242,городской округ город Новый Уренгой,exact_24_month_x_6_category_value_fingerprint,0,True,1,VERIFIED_DATA_LINEAGE_MATCH,2242,faea18c729fa4a6241914e1ac5cb1e480d64aa025ef16d0dc3584a45450301c6,71-956-000-000,89
городской округ город Норильск,678,городской округ город Норильск,exact_24_month_x_6_category_value_fingerprint,0,True,1,VERIFIED_DATA_LINEAGE_MATCH,678,7431a4313fc5cac7f7cbee84d2e96261a63105085f7967e59b9f2a4d279edc40,04-729-000-000,24
городской округ город Ноябрьск,2243,городской округ город Ноябрьск,exact_24_month_x_6_category_value_fingerprint,0,True,1,VERIFIED_DATA_LINEAGE_MATCH,2243,1b549ff1daed75ee4905d4cb378fd5b7cec6cea0c187406e72c4e3f2712dfcdd,71-958-000-000,89
городской округ город Нягань,2222,городской округ город Нягань,exact_24_month_x_6_category_value_fingerprint,0,True,1,VERIFIED_DATA_LINEAGE_MATCH,2222,a6ac38ddcd58dc5c67576d22088b1678b1fc79e11ee919e0bac1c9db50a62303,71-879-000-000,86
городской округ город Обнинск,2646,городской округ город Обнинск,exact_24_month_x_6_category_value_fingerprint,0,True,1,VERIFIED_DATA_LINEAGE_MATCH,2646,d0eb98497aac0d0f5d021215696126f5c485dbecb8b44209fd78ff022443a442,29-715-000-000,40
городской округ город Обь,1600,городской округ город Обь,exact_24_month_x_6_category_value_fingerprint,0,True,1,VERIFIED_DATA_LINEAGE_MATCH,1600,f2b840a454c5ff26754351c739d4d05287b6946b062ad15830ddda4382c141dd,50-717-000-000,54
городской округ город Октябрьский,26,городской округ город Октябрьский,exact_24_month_x_6_category_value_fingerprint,0,True,1,VERIFIED_DATA_LINEAGE_MATCH,26,1733d5f638164a90fbde9c1d03580b4de0d13d755619a77e9b68b3d01d04a1d3,80-735-000-000,2
городской округ город Омск,1632,городской округ город Омск,exact_24_month_x_6_category_value_fingerprint,0,True,1,VERIFIED_DATA_LINEAGE_MATCH,1632,0c82172c64a0b3a1ccf652fe9e49f8cf40d0d7f02d02e5aaa529a6836efc1465,52-701-000-000,55
городской округ город Оренбург,1665,городской округ город Оренбург,exact_24_month_x_6_category_value_fingerprint,0,True,1,VERIFIED_DATA_LINEAGE_MATCH,1665,47c7244c6a6ea4fb20346f9f283b93d8f2a20dd8e81a93e7973cea6fb88bf471,53-701-000-000,56
городской округ город Орск,1673,городской округ город Орск,exact_24_month_x_6_category_value_fingerprint,0,True,1,VERIFIED_DATA_LINEAGE_MATCH,1673,68062a88a7117bd8bfeba9ced36abf013863d924203c7dc2fd209888e001e92f,53-723-000-000,56
городской округ город Орёл,1707,городской округ город Орёл,exact_24_month_x_6_category_value_fingerprint,0,True,1,VERIFIED_DATA_LINEAGE_MATCH,1707,f894d949c5d286555ba0da615578d738e43edd2642bee44b322f6ab8f6dbba75,54-701-000-000,57
городской округ город Первомайск,1534,городской округ город Первомайск,exact_24_month_x_6_category_value_fingerprint,0,True,1,VERIFIED_DATA_LINEAGE_MATCH,1534,d29724740b0fde5187bc7f4f7d9ddfbe3a4def48232eccf4b0cbf1eea9bdce34,22-734-000-000,52
городской округ город Переславль-Залесский,2619,городской округ город Переславль-Залесский,exact_24_month_x_6_category_value_fingerprint,0,True,1,VERIFIED_DATA_LINEAGE_MATCH,2619,c5a9cc33d06a65840031bfca02f7550d194ff6c152d7b8e954410a9a8fdd3f0c,78-705-000-000,76
городской округ город Петровск-Забайкальский,574,городской округ город Петровск-Забайкальский,exact_24_month_x_6_category_value_fingerprint,0,True,1,VERIFIED_DATA_LINEAGE_MATCH,574,b68498f882dc7c30aecfb8c5b94b488d504cc6067088920e6c7175bb4d3543d1,76-715-000-000,75
городской округ город Покачи,2223,городской округ город Покачи,exact_24_month_x_6_category_value_fingerprint,0,True,1,VERIFIED_DATA_LINEAGE_MATCH,2223,155d3453a0e16daa6bce2481c2b718cdf628f97c42f083ecb7b3db62cb6667bf,71-884-000-000,86
городской округ город Псков,1764,городской округ город Псков,exact_24_month_x_6_category_value_fingerprint,0,True,1,VERIFIED_DATA_LINEAGE_MATCH,1764,47b963d23268b7350d408bdc74f518792294b7ec7391343aee04332c4c22667c,58-701-000-000,60
городской округ город Пыть-Ях,2224,городской округ город Пыть-Ях,exact_24_month_x_6_category_value_fingerprint,0,True,1,VERIFIED_DATA_LINEAGE_MATCH,2224,0ef1cf8c32be9c2c6c1ae10d61ff215970dc3f42ef3c7a89374020db65a4d74f,71-885-000-000,86
городской округ город Радужный,2225,городской округ город Радужный,exact_24_month_x_6_category_value_fingerprint,0,True,1,VERIFIED_DATA_LINEAGE_MATCH,2225,897993ca2d4a9de94ad9f49bdbd780ae41278ac6e7bb213d6d5db5acd0cd3ba6,71-877-000-000,86
городской округ город Рассказово,2076,городской округ город Рассказово,exact_24_month_x_6_category_value_fingerprint,0,True,1,VERIFIED_DATA_LINEAGE_MATCH,2076,0101268d1d500bafbb2d0d71b14e180c15d573085e4eb0b5243f7b79872384ad,68-725-000-000,68
городской округ город Рубцовск,510,городской округ город Рубцовск,exact_24_month_x_6_category_value_fingerprint,0,True,1,VERIFIED_DATA_LINEAGE_MATCH,510,a619190b3ea2ed85a5c14da7587d6cc6eb70bab91d7669ef9f3cb2fa0792b122,01-716-000-000,22
городской округ город Рыбинск,2320,городской округ город Рыбинск,exact_24_month_x_6_category_value_fingerprint,0,True,1,VERIFIED_DATA_LINEAGE_MATCH,2320,dee57ab46cb6c392d66fbeda87ab950cdaeb931b8e225eb92a1fd58cf5c75325,78-715-000-000,76
городской округ город Рязань,1845,городской округ город Рязань,exact_24_month_x_6_category_value_fingerprint,0,True,1,VERIFIED_DATA_LINEAGE_MATCH,1845,da8e3323254e9fea2b55732b0b77a31de467843bdcd690766018fcdc06d7879e,61-701-000-000,62
городской округ город Салават,27,городской округ город Салават,exact_24_month_x_6_category_value_fingerprint,0,True,1,VERIFIED_DATA_LINEAGE_MATCH,27,2f7139054a3f1abe95939f06ced63a7cafd95de421c152d757e74891ae5788ef,80-739-000-000,2
городской округ город Салехард,2238,городской округ город Салехард,exact_24_month_x_6_category_value_fingerprint,0,True,1,VERIFIED_DATA_LINEAGE_MATCH,2238,da6c0b82fd101e36eec3c1c336e1c32648eeb522e84c740593bb64e9528617f4,71-951-000-000,89
городской округ город Сарапул,422,городской округ город Сарапул,exact_24_month_x_6_category_value_fingerprint,0,True,1,VERIFIED_DATA_LINEAGE_MATCH,422,ff6e2f6cb046adb8ec70cfe574e78fcc2530eab1baf3533b7e5d25bb7f254285,94-740-000-000,18
городской округ город Саратов,2887,городской округ город Саратов,exact_24_month_x_6_category_value_fingerprint,0,True,1,VERIFIED_DATA_LINEAGE_MATCH,2887,77dfb8cfda7f64e8b93f9819ae8f31fa36f237c3de9f751b62ddf1896638e665,63-701-000-000,64
городской округ город Саяногорск,450,городской округ город Саяногорск,exact_24_month_x_6_category_value_fingerprint,0,True,1,VERIFIED_DATA_LINEAGE_MATCH,450,c9a6c71fd63165aa7ec5ef42e59e75c35c98f2468f07beaf4342e7f8bcecc474,95-708-000-000,19
городской округ город Саянск,1138,городской округ город Саянск,exact_24_month_x_6_category_value_fingerprint,0,True,1,VERIFIED_DATA_LINEAGE_MATCH,1138,900f98890d687b6dc17665324dddda366515174c19b8383988eb119d92460641,25-726-000-000,38
городской округ город Свирск,1143,городской округ город Свирск,exact_24_month_x_6_category_value_fingerprint,0,True,1,VERIFIED_DATA_LINEAGE_MATCH,1143,1bbdf111ace55ce09b575f0f4ac569a9946c969f4612b697dfb38a02cf14a9b0,25-746-000-000,38
городской округ город Сибай,28,городской округ город Сибай,exact_24_month_x_6_category_value_fingerprint,0,True,1,VERIFIED_DATA_LINEAGE_MATCH,28,68622eddc21b25281cbdb07343ec09f4e55eb436cc2faf3805a6aca24ee3023b,80-743-000-000,2
городской округ город Скопин,1848,городской округ город Скопин,exact_24_month_x_6_category_value_fingerprint,0,True,1,VERIFIED_DATA_LINEAGE_MATCH,1848,2a164122c89ef856da60810481f9f8df7d562ddca50898ac09403ae141128e52,61-715-000-000,62
городской округ город Слободской,1262,городской округ город Слободской,exact_24_month_x_6_category_value_fingerprint,0,True,1,VERIFIED_DATA_LINEAGE_MATCH,1262,182ac5db8b132e02ab5330fc388e9c0bacce4bb22da2c2392d09c777c42de434,33-713-000-000,43
городской округ город Смоленск,2044,городской округ город Смоленск,exact_24_month_x_6_category_value_fingerprint,0,True,1,VERIFIED_DATA_LINEAGE_MATCH,2044,3e95191e3797deceafbf5a70f906861be99f99ae30820e9b19b03de1141d31c6,66-701-000-000,67
городской округ город Сорск,451,городской округ город Сорск,exact_24_month_x_6_category_value_fingerprint,0,True,1,VERIFIED_DATA_LINEAGE_MATCH,451,5940c0a1f270ec413772820509b2cf856c0104d95fac81e43a0a27691ea80ad3,95-709-000-000,19
городской округ город Сосновоборск,679,городской округ город Сосновоборск,exact_24_month_x_6_category_value_fingerprint,0,True,1,VERIFIED_DATA_LINEAGE_MATCH,679,9d723a2d80fe2187944db9bb8d3c4a67c8672bf69bf4337ac0b63a0cd422f1e5,04-733-000-000,24
городской округ город Ставрополь,809,городской округ город Ставрополь,exact_24_month_x_6_category_value_fingerprint,0,True,1,VERIFIED_DATA_LINEAGE_MATCH,809,c19d8e76597c60175c4a917577e1ada5236df374d9a825877260ad152d7a87c5,07-701-000-000,26
городской округ город Стерлитамак,29,городской округ город Стерлитамак,exact_24_month_x_6_category_value_fingerprint,0,True,1,VERIFIED_DATA_LINEAGE_MATCH,29,e6147701b8ca819756ab39808d25d44c1458d6a4fd6772cf3c7cee113fa931c0,80-745-000-000,2
городской округ город Стрежевой,2146,городской округ город Стрежевой,exact_24_month_x_6_category_value_fingerprint,0,True,1,VERIFIED_DATA_LINEAGE_MATCH,2146,18e446c1b6731680c2d53af9f9adcc970e3a3275ba971cf159905df644103447,69-710-000-000,70
городской округ город Сургут,2226,городской округ город Сургут,exact_24_month_x_6_category_value_fingerprint,0,True,1,VERIFIED_DATA_LINEAGE_MATCH,2226,db55c4aefa030d0031f4016c455e865ddd5de62fb9d9145d6c283a5b87de9c52,71-876-000-000,86
городской округ город Тамбов,3009,городской округ город Тамбов,exact_24_month_x_6_category_value_fingerprint,0,True,1,VERIFIED_DATA_LINEAGE_MATCH,3009,cddd72598835b8600b7529564e78fb514eb10bd03eb61387a4f2343bc4ab2941,68-701-000-000,68
городской округ город Тверь,2101,городской округ город Тверь,exact_24_month_x_6_category_value_fingerprint,0,True,1,VERIFIED_DATA_LINEAGE_MATCH,2101,2f53c3036fb4e70c9360de39a91ab740a1e7cd9d70cacab26451c04afbca21fd,28-701-000-000,69
городской округ город Тобольск,2193,городской округ город Тобольск,exact_24_month_x_6_category_value_fingerprint,0,True,1,VERIFIED_DATA_LINEAGE_MATCH,2193,244c9ce7bb108c47c9fb2a9cea88d94cd9e4658b131fefb04c0ba56c96840ae4,71-710-000-000,72
городской округ город Томск,2144,городской округ город Томск,exact_24_month_x_6_category_value_fingerprint,0,True,1,VERIFIED_DATA_LINEAGE_MATCH,2144,8e577f000b72943d00b412cfe89fdb9c0cbc80c397aed7650cc0f536a5e130a5,69-701-000-000,70
городской округ город Торжок,2108,городской округ город Торжок,exact_24_month_x_6_category_value_fingerprint,0,True,1,VERIFIED_DATA_LINEAGE_MATCH,2108,d86bbe9a3ff8c68e45f2cc7d65c055e231dc29ead3a20456e2a316f9eed6a0b7,28-750-000-000,69
городской округ город Тула,2164,городской округ город Тула,exact_24_month_x_6_category_value_fingerprint,0,True,1,VERIFIED_DATA_LINEAGE_MATCH,2164,d3ced481858c26f4d592ce1fbb73137f467c5ac6c5b2f72d548dac15c19067db,70-701-000-000,71
городской округ город Тулун,1139,городской округ город Тулун,exact_24_month_x_6_category_value_fingerprint,0,True,1,VERIFIED_DATA_LINEAGE_MATCH,1139,3596437b0805fc85cce7555da55328c883076b5294962952fc194a68e7f5f686,25-732-000-000,38
городской округ город Тюмень,2190,городской округ город Тюмень,exact_24_month_x_6_category_value_fingerprint,0,True,1,VERIFIED_DATA_LINEAGE_MATCH,2190,3ba4a4bbae2db13a27da73fd460db70c44663e622df5109d163a2f84dc28f274,71-701-000-000,72
городской округ город Уварово,2077,городской округ город Уварово,exact_24_month_x_6_category_value_fingerprint,0,True,1,VERIFIED_DATA_LINEAGE_MATCH,2077,d8f68ca7e985fc4da7492aafd6597bf593528bb9d3d91b66867f89afdc207063,68-730-000-000,68
городской округ город Ульяновск,2251,городской округ город Ульяновск,exact_24_month_x_6_category_value_fingerprint,0,True,1,VERIFIED_DATA_LINEAGE_MATCH,2251,6557f88355a94f23508811e0616636c05f994f7e9caa3fb935f0a4ee066d0f59,73-701-000-000,73
городской округ город Урай,2227,городской округ город Урай,exact_24_month_x_6_category_value_fingerprint,0,True,1,VERIFIED_DATA_LINEAGE_MATCH,2227,44b21b5db462134d47db202df3f85157ee371c2bde0afa49f48978d938d50c03,71-878-000-000,86
городской округ город Урюпинск,1011,городской округ город Урюпинск,exact_24_month_x_6_category_value_fingerprint,0,True,1,VERIFIED_DATA_LINEAGE_MATCH,1011,cf4ae9bcba64502d4325919f0291ed3cebd7437cb91b0f96f45c62e6545cd097,18-725-000-000,34
городской округ город Усолье-Сибирское,1140,городской округ город Усолье-Сибирское,exact_24_month_x_6_category_value_fingerprint,0,True,1,VERIFIED_DATA_LINEAGE_MATCH,1140,7d54f5128c33c12f140ea5e4efd754f9fa414dce2f29c2bdb1a02e66e77b357a,25-736-000-000,38
городской округ город Усть-Илимск,1141,городской округ город Усть-Илимск,exact_24_month_x_6_category_value_fingerprint,0,True,1,VERIFIED_DATA_LINEAGE_MATCH,1141,1bf744a8ed12f279db42cf26fdc59029fd0ec8a8047a776b44861c480b59c3da,25-738-000-000,38
городской округ город Уфа,21,городской округ город Уфа,exact_24_month_x_6_category_value_fingerprint,0,True,1,VERIFIED_DATA_LINEAGE_MATCH,21,ca5c4094a97c0fb14ea395b90d439a5cf8ac41e150bb19f47001ec2bd45e29df,80-701-000-000,2
городской округ город Фролово,1012,городской округ город Фролово,exact_24_month_x_6_category_value_fingerprint,0,True,1,VERIFIED_DATA_LINEAGE_MATCH,1012,617c18a50074c7acb5b2f2dac548b6f7a5e36ed8efaf222b91cfdbb5cf5d48b7,18-728-000-000,34
городской округ город Хабаровск,842,городской округ город Хабаровск,exact_24_month_x_6_category_value_fingerprint,0,True,1,VERIFIED_DATA_LINEAGE_MATCH,842,73287e782a96c90b4650872d8024d94aa08c519baf37dc9d85a3907598db440e,08-701-000-000,27
городской округ город Ханты-Мансийск,2216,городской округ город Ханты-Мансийск,exact_24_month_x_6_category_value_fingerprint,0,True,1,VERIFIED_DATA_LINEAGE_MATCH,2216,56437ce05a49eda7734ff0e1f86c35e7d1cdf2670d37e7da6966162791155262,71-871-000-000,86
городской округ город Чебоксары,478,городской округ город Чебоксары,exact_24_month_x_6_category_value_fingerprint,0,True,1,VERIFIED_DATA_LINEAGE_MATCH,478,a699bee3f6a331fcf2818c9c0b4573745ce3666bf33e1fc1f81dc40b7b47214d,97-701-000-000,21
городской округ город Черемхово,1142,городской округ город Черемхово,exact_24_month_x_6_category_value_fingerprint,0,True,1,VERIFIED_DATA_LINEAGE_MATCH,1142,d49cf5afa11694d07b11dd2b1c3d2fc3b3d9bd4af543d88320f041a3355c1479,25-745-000-000,38
городской округ город Черногорск,452,городской округ город Черногорск,exact_24_month_x_6_category_value_fingerprint,0,True,1,VERIFIED_DATA_LINEAGE_MATCH,452,1649f09bb51f6bc394a69d1f5d97dea054b7ba064c6ad7ce89f4bb9c98255aec,95-715-000-000,19
городской округ город Чкаловск,1536,городской округ город Чкаловск,exact_24_month_x_6_category_value_fingerprint,0,True,1,VERIFIED_DATA_LINEAGE_MATCH,1536,246d4fc4b74d18c1dcb2044bd5ad059fde660be46856a70c49df71c35a299287,22-755-000-000,52
городской округ город Шадринск,1334,городской округ город Шадринск,exact_24_month_x_6_category_value_fingerprint,0,True,1,VERIFIED_DATA_LINEAGE_MATCH,1334,80a3eb79b70de299cabae0d1e6afb170d9f22a8174cf734c1e40e252b0b5690e,37-705-000-000,45
городской округ город Шарыпово,680,городской округ город Шарыпово,exact_24_month_x_6_category_value_fingerprint,0,True,1,VERIFIED_DATA_LINEAGE_MATCH,680,6769a56e360ae4728b3a96e480560b6e666cbf47a28b4bb7ae321920f25f02f1,04-740-000-000,24
городской округ город Шарья,1308,городской округ город Шарья,exact_24_month_x_6_category_value_fingerprint,0,True,1,VERIFIED_DATA_LINEAGE_MATCH,1308,9c54cf757c254b86628fddc4aefcd75f8875a694607f97b67ecd3b9d445844f8,34-730-000-000,44
городской округ город Шахунья,1533,городской округ город Шахунья,exact_24_month_x_6_category_value_fingerprint,0,True,1,VERIFIED_DATA_LINEAGE_MATCH,1533,587aa9be6fae14b85d212e03a28d54cf3c6dc7dc9814f023d053057b1c5301f0,22-758-000-000,52
городской округ город Шиханы,1912,городской округ город Шиханы,exact_24_month_x_6_category_value_fingerprint,0,True,1,VERIFIED_DATA_LINEAGE_MATCH,1912,ab02a6dc755d728b0dfd3a6714bf3cb99a058478a18b8c893b171280ad64d814,63-746-000-000,64
городской округ город Шумерля,482,городской округ город Шумерля,exact_24_month_x_6_category_value_fingerprint,0,True,1,VERIFIED_DATA_LINEAGE_MATCH,482,9067f37d4e012949f17de7fc7742f62b10eab4d27f59e12604832afc1ffad3bd,97-713-000-000,21
городской округ город Югорск,2228,городской округ город Югорск,exact_24_month_x_6_category_value_fingerprint,0,True,1,VERIFIED_DATA_LINEAGE_MATCH,2228,0edb0505156cbf2cd6c58e2837464847a6723419ab47cab4a0315c9ad9e1cd84,71-887-000-000,86
городской округ город Якутск,309,городской округ город Якутск,exact_24_month_x_6_category_value_fingerprint,0,True,1,VERIFIED_DATA_LINEAGE_MATCH,309,6f11bbadf2f19c07e1d0f5262f89e239402f026255ed719dfbf207cd7a80d924,98-701-000-000,14
городской округ город Ялуторовск,2194,городской округ город Ялуторовск,exact_24_month_x_6_category_value_fingerprint,0,True,1,VERIFIED_DATA_LINEAGE_MATCH,2194,efdf8ff8fc4e3559ecd283d96182adb7da8a7a6cb147431c96b7b3d1f5d96398,71-715-000-000,72
городской округ город Яровое,512,городской округ город Яровое,exact_24_month_x_6_category_value_fingerprint,0,True,1,VERIFIED_DATA_LINEAGE_MATCH,512,eb83ffa7e1245b671b1b5a67dff0ac279b4d6b69a5980838d06263597a25bb9b,01-730-000-000,22
городской округ город Ярославль,2318,городской округ город Ярославль,exact_24_month_x_6_category_value_fingerprint,0,True,1,VERIFIED_DATA_LINEAGE_MATCH,2318,9f690267cc1e3703e37b94bad255f70cc9b43f256428f3d39a92d39d08d9f7b6,78-701-000-000,76
городской округ город-герой Волгоград,1007,городской округ город-герой Волгоград,exact_24_month_x_6_category_value_fingerprint,0,True,1,VERIFIED_DATA_LINEAGE_MATCH,1007,9008a410b7c4af143d3d9b4aefe9bca7338e73492d51a6042a5b2aa2b261b975,18-701-000-000,34
городской округ город-курорт Ессентуки,812,городской округ город-курорт Ессентуки,exact_24_month_x_6_category_value_fingerprint,0,True,1,VERIFIED_DATA_LINEAGE_MATCH,812,49f2a62fd577a5217a057cb0b3c2b2c61a2f5edf021233137cc8975015094eab,07-710-000-000,26
городской округ город-курорт Железноводск,813,городской округ город-курорт Железноводск,exact_24_month_x_6_category_value_fingerprint,0,True,1,VERIFIED_DATA_LINEAGE_MATCH,813,2049861da57d9fe2c203c039e7008ea1b7ff530f86dead146b001927e1de0dc1,07-712-000-000,26
городской округ город-курорт Кисловодск,2876,городской округ город-курорт Кисловодск,exact_24_month_x_6_category_value_fingerprint,0,True,1,VERIFIED_DATA_LINEAGE_MATCH,2876,9833a5a51e4cb65798081e360228f39520dc7596e16e541113fd6a7a45a2971e,07-715-000-000,26
городской округ город-курорт Пятигорск,824,городской округ город-курорт Пятигорск,exact_24_month_x_6_category_value_fingerprint,0,True,1,VERIFIED_DATA_LINEAGE_MATCH,824,cb53c4cc091cf3ff5cbc042992af8b9f96bab51df9d8fe35740c16cbe0f02b97,07-727-000-000,26
городской округ округ Муром,989,городской округ округ Муром,exact_24_month_x_6_category_value_fingerprint,0,True,1,VERIFIED_DATA_LINEAGE_MATCH,989,42064de71296e137d0ef440f65e63dc25e45492a77158dfb2151af8518cd583a,17-735-000-000,33
городской округ поселок Агинское,604,городской округ поселок Агинское,exact_24_month_x_6_category_value_fingerprint,0,True,1,VERIFIED_DATA_LINEAGE_MATCH,604,cce9cc1aedaef507920aa10a2d6df9ce34822002d47236d9a56f4acac3378be0,76-702-000-000,75
городской округ рабочий поселок Кольцово,1601,городской округ рабочий поселок Кольцово,exact_24_month_x_6_category_value_fingerprint,0,True,1,VERIFIED_DATA_LINEAGE_MATCH,1601,cb1c10eed84bc6eae924a3019a61a30f1024f7c0893e818e45869d9a3efe74a0,50-740-000-000,54
муниципальный округ Александровский,734,муниципальный округ Александровский,exact_24_month_x_6_category_value_fingerprint,0,True,1,VERIFIED_DATA_LINEAGE_MATCH,734,93c0840fa490fa2c0baba14dd9e043c1817bd51dac1dc31c5d60d85d1473e46b,57-502-000-000,59
муниципальный округ Алнашский район,423,муниципальный округ Алнашский район,exact_24_month_x_6_category_value_fingerprint,0,True,1,VERIFIED_DATA_LINEAGE_MATCH,423,e1b31e13af2b6df0540173fb55a947cf6031298b16165ca6b5e7c59169013bc5,94-502-000-000,18
муниципальный округ Андреапольский,2110,муниципальный округ Андреапольский,exact_24_month_x_6_category_value_fingerprint,0,True,1,VERIFIED_DATA_LINEAGE_MATCH,2110,cf768418d1ec3c3c6fb4ea249ed531886ee0bb0d237711bb67b6d24bb1d830bf,28-502-000-000,69
муниципальный округ Арбажский,1264,муниципальный округ Арбажский,exact_24_month_x_6_category_value_fingerprint,0,True,1,VERIFIED_DATA_LINEAGE_MATCH,1264,dac9320a43cb5e5fc5f768288604375ff79b8fdd295c65c3415bc68b6c12503b,33-502-000-000,43
муниципальный округ Афанасьевский,1265,муниципальный округ Афанасьевский,exact_24_month_x_6_category_value_fingerprint,0,True,1,VERIFIED_DATA_LINEAGE_MATCH,1265,f4d45ebe6981cf5707e7a52c59796de60e53dd474395f3ec23f9194dc11603e9,33-503-000-000,43
муниципальный округ Балезинский район,424,муниципальный округ Балезинский район,exact_24_month_x_6_category_value_fingerprint,0,True,1,VERIFIED_DATA_LINEAGE_MATCH,424,4b2495aad46adf0fa5448bf305d26c29aca6fb04d78d9a6ea15255cd3c5006a5,94-504-000-000,18
муниципальный округ Бардымский,735,муниципальный округ Бардымский,exact_24_month_x_6_category_value_fingerprint,0,True,1,VERIFIED_DATA_LINEAGE_MATCH,735,6f6cdcb81366e9b28ece89cb95d89b3363eccdc36636b75000d712ee7baf3e87,57-503-000-000,59
муниципальный округ Бежецкий,2111,муниципальный округ Бежецкий,exact_24_month_x_6_category_value_fingerprint,0,True,1,VERIFIED_DATA_LINEAGE_MATCH,2111,ba767e046d5c21ca4f26996e286ac517c05d96f0f6febdb69ca4b1625e9eec6c,28-504-000-000,69
муниципальный округ Бельский,2112,муниципальный округ Бельский,exact_24_month_x_6_category_value_fingerprint,0,True,1,VERIFIED_DATA_LINEAGE_MATCH,2112,8bc751e35562a0429973d775ad86550895cc8887cf7a7ad1df66930f4a6569bb,28-506-000-000,69
муниципальный округ Березовский,736,муниципальный округ Березовский,exact_24_month_x_6_category_value_fingerprint,0,True,1,VERIFIED_DATA_LINEAGE_MATCH,736,571aec4c7d33b167b5381da5e89ca4b22653e6ec4b635e5cc687779bd0e24cb8,57-506-000-000,59
муниципальный округ Богородский,1267,муниципальный округ Богородский,exact_24_month_x_6_category_value_fingerprint,0,True,1,VERIFIED_DATA_LINEAGE_MATCH,1267,7f5c937c735ff501a550d9c9c53567fef18b646f83b49732af542697fd1d261c,33-506-000-000,43
муниципальный округ Бологовский,2113,муниципальный округ Бологовский,exact_24_month_x_6_category_value_fingerprint,0,True,1,VERIFIED_DATA_LINEAGE_MATCH,2113,9635857322c7e96b46876735b41c13240c79291e1b92ab303ca26ab7d7092dfb,28-508-000-000,69
муниципальный округ Большесосновский,737,муниципальный округ Большесосновский,exact_24_month_x_6_category_value_fingerprint,0,True,1,VERIFIED_DATA_LINEAGE_MATCH,737,d7b85e48308964128486411a79a623f06967457b278e93a895fd0c530fea1f07,57-508-000-000,59
муниципальный округ Вавожский район,425,муниципальный округ Вавожский район,exact_24_month_x_6_category_value_fingerprint,0,True,1,VERIFIED_DATA_LINEAGE_MATCH,425,64a3a2d5a57cb20f6b683ee26478d83a406f0d5162183fd3fdd05093e669e33c,94-506-000-000,18
муниципальный округ Верхнекамский,1268,муниципальный округ Верхнекамский,exact_24_month_x_6_category_value_fingerprint,0,True,1,VERIFIED_DATA_LINEAGE_MATCH,1268,32761577bee500388a20866bc8cfb5f4ca3feddc9d93bd5ec90d8e5628e34f7b,33-507-000-000,43
муниципальный округ Весьегонский,2114,муниципальный округ Весьегонский,exact_24_month_x_6_category_value_fingerprint,0,True,1,VERIFIED_DATA_LINEAGE_MATCH,2114,663c80f3df297ad2e527783f110f8feae1a2c42932a9aa44fcbcf424aea26580,28-510-000-000,69
муниципальный округ Вилегодский,899,муниципальный округ Вилегодский,exact_24_month_x_6_category_value_fingerprint,0,True,1,VERIFIED_DATA_LINEAGE_MATCH,899,a86d163623aa443442abe70f1e21bf9b7fb7dc928e0910cdbc866def26b03c00,11-511-000-000,29
муниципальный округ Волотовский,1579,муниципальный округ Волотовский,exact_24_month_x_6_category_value_fingerprint,0,True,1,VERIFIED_DATA_LINEAGE_MATCH,1579,b1ca40e31d6997a8c89ffe0452ed3948977ac90cf0cb1bad7c513b8e5c9f752f,49-510-000-000,53
муниципальный округ Вуктыл,226,муниципальный округ Вуктыл,exact_24_month_x_6_category_value_fingerprint,0,True,1,VERIFIED_DATA_LINEAGE_MATCH,226,12c0a26be9c3ab8cde64c41f229d84660256daca7a223d76d9b9452911c8f028,87-512-000-000,11
муниципальный округ Гайнский,769,муниципальный округ Гайнский,exact_24_month_x_6_category_value_fingerprint,0,True,1,VERIFIED_DATA_LINEAGE_MATCH,769,13c9041694773c457ce3fa8a4249c9aa0a39b703d312b968131927294a814c61,57-513-000-000,59
муниципальный округ Гвардейский,1185,муниципальный округ Гвардейский,exact_24_month_x_6_category_value_fingerprint,0,True,1,VERIFIED_DATA_LINEAGE_MATCH,1185,c71d87926f0f9dbd3a437ba3daf1d6f9b30be57abf49e2b4ffcde5f5ee7c9ede,27-506-000-000,39
муниципальный округ Граховский район,428,муниципальный округ Граховский район,exact_24_month_x_6_category_value_fingerprint,0,True,1,VERIFIED_DATA_LINEAGE_MATCH,428,cb33bb03e23cbaacf2a123a2879b6f81ce67b650f045ccdcd8932e83ac0a5b04,94-512-000-000,18
муниципальный округ Губахинский,2886,муниципальный округ Губахинский,exact_24_month_x_6_category_value_fingerprint,0,True,1,VERIFIED_DATA_LINEAGE_MATCH,2886,c32f75bd95b49b8695d35d7633f931c240cbfd858ca727cbb847f1cc8f649f90,57-516-000-000,59
муниципальный округ Гурьевский,1186,муниципальный округ Гурьевский,exact_24_month_x_6_category_value_fingerprint,0,True,1,VERIFIED_DATA_LINEAGE_MATCH,1186,be87a8dd45149b1c52ca2a1eec2fcf270d8b52e221a8ed0479c8b8363c07ed0d,27-507-000-000,39
муниципальный округ Дебёсский район,429,муниципальный округ Дебёсский район,exact_24_month_x_6_category_value_fingerprint,0,True,1,VERIFIED_DATA_LINEAGE_MATCH,429,5db68fa9e2024052b0f612b5af670cf3f64c0689b9fd4ce58104ab22d64ae8a4,94-514-000-000,18
муниципальный округ Демянский,1580,муниципальный округ Демянский,exact_24_month_x_6_category_value_fingerprint,0,True,1,VERIFIED_DATA_LINEAGE_MATCH,1580,42e1c01b0e8ef5c3294c1b8d466d527da4ff193b554b28711f882939a712e335,49-512-000-000,53
муниципальный округ Еловский,742,муниципальный округ Еловский,exact_24_month_x_6_category_value_fingerprint,0,True,1,VERIFIED_DATA_LINEAGE_MATCH,742,f2ed66ae9e08a3c8156c268567e430864fb82115d812243d09c9d585ca96d17b,57-518-000-000,59
муниципальный округ Жарковский,2116,муниципальный округ Жарковский,exact_24_month_x_6_category_value_fingerprint,0,True,1,VERIFIED_DATA_LINEAGE_MATCH,2116,fa8bd4f3b38d86e1558d18b654492a8aa270eb4a45528aea9c448d8e44ba4a59,28-514-000-000,69
муниципальный округ Завьяловский район,430,муниципальный округ Завьяловский район,exact_24_month_x_6_category_value_fingerprint,0,True,1,VERIFIED_DATA_LINEAGE_MATCH,430,852dbe4824f6a6a64c3f15050fd495e3d1a37c2f1dab4eb93329732d4592eaf4,94-516-000-000,18
муниципальный округ Западнодвинский,2117,муниципальный округ Западнодвинский,exact_24_month_x_6_category_value_fingerprint,0,True,1,VERIFIED_DATA_LINEAGE_MATCH,2117,3f3e50699f931f1f9b301633654f93e7bfc79a405d43c94075432402ff72c764,28-516-000-000,69
муниципальный округ Зеленоградский,1188,муниципальный округ Зеленоградский,exact_24_month_x_6_category_value_fingerprint,0,True,1,VERIFIED_DATA_LINEAGE_MATCH,1188,15f84ee4cff9eb62b415fd710c8065df6a51d27d89a7746c2548bb46cce9d6d4,27-510-000-000,39
муниципальный округ Зубцовский,2118,муниципальный округ Зубцовский,exact_24_month_x_6_category_value_fingerprint,0,True,1,VERIFIED_DATA_LINEAGE_MATCH,2118,2324f18b7f48c8427bce712878caf79aade716f8eeb739b46ac5bab08de2ec1e,28-518-000-000,69
муниципальный округ Игринский район,431,муниципальный округ Игринский район,exact_24_month_x_6_category_value_fingerprint,0,True,1,VERIFIED_DATA_LINEAGE_MATCH,431,1002bce09ca7e84efab9b7c1a8dc0d1f6bcc714ed80d63875976cf2a92a761cd,94-518-000-000,18
муниципальный округ Калининский,2119,муниципальный округ Калининский,exact_24_month_x_6_category_value_fingerprint,0,True,1,VERIFIED_DATA_LINEAGE_MATCH,2119,b9583556c1d269c20f39cb2b609a6f6075db61cf997f022853fd90a0c130b68d,28-520-000-000,69
муниципальный округ Калязинский,2120,муниципальный округ Калязинский,exact_24_month_x_6_category_value_fingerprint,0,True,1,VERIFIED_DATA_LINEAGE_MATCH,2120,a4d6c3b6bad2fdf703b19837a64da8c299fef328a0ae824761474a2f515658eb,28-522-000-000,69
муниципальный округ Камбарский район,432,муниципальный округ Камбарский район,exact_24_month_x_6_category_value_fingerprint,0,True,1,VERIFIED_DATA_LINEAGE_MATCH,432,c1939bd29352597855e84c73da5a38cb7f8f5dae30a2458dbe4b69886d47904f,94-520-000-000,18
муниципальный округ Карагайский,744,муниципальный округ Карагайский,exact_24_month_x_6_category_value_fingerprint,0,True,1,VERIFIED_DATA_LINEAGE_MATCH,744,58cfb681a101745fcb27e56d9762c5ad273d73b1917c89f376e79946bcfb98e6,57-522-000-000,59
муниципальный округ Каракулинский район,433,муниципальный округ Каракулинский район,exact_24_month_x_6_category_value_fingerprint,0,True,1,VERIFIED_DATA_LINEAGE_MATCH,433,bf98655e29ad0773199fff6f31657541720b68867006261d3d144458cb507c80,94-522-000-000,18
муниципальный округ Каргопольский,901,муниципальный округ Каргопольский,exact_24_month_x_6_category_value_fingerprint,0,True,1,VERIFIED_DATA_LINEAGE_MATCH,901,3da01eb58e96cd4ed749ef45c4a2ac3eda0a0f6ed657264d6efab890e058765f,11-518-000-000,29
муниципальный округ Кезский район,434,муниципальный округ Кезский район,exact_24_month_x_6_category_value_fingerprint,0,True,1,VERIFIED_DATA_LINEAGE_MATCH,434,274e8bfe5b0008cda9853160189620022048eb8b53b1ee2e3b30396fdc8d74bb,94-524-000-000,18
муниципальный округ Кесовогорский,2122,муниципальный округ Кесовогорский,exact_24_month_x_6_category_value_fingerprint,0,True,1,VERIFIED_DATA_LINEAGE_MATCH,2122,a5eb3758eb3e02418e8c0da340672c8fb78e10009fb5c1623500338d8ef2116e,28-526-000-000,69
муниципальный округ Кизнерский район,435,муниципальный округ Кизнерский район,exact_24_month_x_6_category_value_fingerprint,0,True,1,VERIFIED_DATA_LINEAGE_MATCH,435,d50c2df82006ea8f587a83d13a075418152f23b5642a91317516834cb9827bd3,94-526-000-000,18
муниципальный округ Кикнурский,1273,муниципальный округ Кикнурский,exact_24_month_x_6_category_value_fingerprint,0,True,1,VERIFIED_DATA_LINEAGE_MATCH,1273,3a64b27b10c5ded6d9cbf47e86f2f569be3776a7cbf3f784fa2771adf36e4bd4,33-516-000-000,43
муниципальный округ Кимрский,2883,муниципальный округ Кимрский,exact_24_month_x_6_category_value_fingerprint,0,True,1,VERIFIED_DATA_LINEAGE_MATCH,2883,75ecf5b5b9123cc535d578ca784d9377f5d807beab3163ccbeb007315a5c03ec,28-528-000-000,69
муниципальный округ Кишертский,746,муниципальный округ Кишертский,exact_24_month_x_6_category_value_fingerprint,0,True,1,VERIFIED_DATA_LINEAGE_MATCH,746,0131a1c43ce05ab8dd50c7e6446614692a14b7a1429110665c0b74f78e8243ef,57-524-000-000,59
муниципальный округ Киясовский район,436,муниципальный округ Киясовский район,exact_24_month_x_6_category_value_fingerprint,0,True,1,VERIFIED_DATA_LINEAGE_MATCH,436,33b093314568650231fb55979f95de2e61da0a8f49148ae5d7e6982ba20d6959,94-528-000-000,18
муниципальный округ Конаковский,2124,муниципальный округ Конаковский,exact_24_month_x_6_category_value_fingerprint,0,True,1,VERIFIED_DATA_LINEAGE_MATCH,2124,6b9e4db7986cbaf5733a078c33fbd7587ecda2e8ccfc40490313a031f0891b2b,28-530-000-000,69
муниципальный округ Косинский,770,муниципальный округ Косинский,exact_24_month_x_6_category_value_fingerprint,0,True,1,VERIFIED_DATA_LINEAGE_MATCH,770,82a3be3d8403da47008690af091a3a11878c856ac28301e0e9599049d16f2ea1,57-525-000-000,59
муниципальный округ Кочевский,771,муниципальный округ Кочевский,exact_24_month_x_6_category_value_fingerprint,0,True,1,VERIFIED_DATA_LINEAGE_MATCH,771,43b7df23b1b8383c9e4887fd15ed99f3210f0900be126643596933b005ac448f,57-526-000-000,59
муниципальный округ Красногородский,1771,муниципальный округ Красногородский,exact_24_month_x_6_category_value_fingerprint,0,True,1,VERIFIED_DATA_LINEAGE_MATCH,1771,4c1634c0967972858dda02e085f38b04a6f7c0b8c5b4b21d6ba16ffa8abee6fa,58-514-000-000,60
муниципальный округ Красногорский район,437,муниципальный округ Красногорский район,exact_24_month_x_6_category_value_fingerprint,0,True,1,VERIFIED_DATA_LINEAGE_MATCH,437,d7f3215abc173ccdc2786296e7958720ed94f8194ba1b76aaaa595ddd8a12bc9,94-530-000-000,18
муниципальный округ Краснознаменский,1189,муниципальный округ Краснознаменский,exact_24_month_x_6_category_value_fingerprint,0,True,1,VERIFIED_DATA_LINEAGE_MATCH,1189,c9764b2cd9a60364f9d7246421b878ce83f88755551777df91b6e99e6a560fe4,27-513-000-000,39
муниципальный округ Красноселькупский район,2244,муниципальный округ Красноселькупский район,exact_24_month_x_6_category_value_fingerprint,0,True,1,VERIFIED_DATA_LINEAGE_MATCH,2244,5f4bf22440e6776a4fc1a6986d045425ba6d9b598d4e01afad646c52ca842d2d,71-933-000-000,89
муниципальный округ Краснохолмский,2125,муниципальный округ Краснохолмский,exact_24_month_x_6_category_value_fingerprint,0,True,1,VERIFIED_DATA_LINEAGE_MATCH,2125,80f1d388350cc1fbb72fcee54023121fa7b5e3ffc1ca662f6740a82649731ff2,28-532-000-000,69
муниципальный округ Крестецкий,1581,муниципальный округ Крестецкий,exact_24_month_x_6_category_value_fingerprint,0,True,1,VERIFIED_DATA_LINEAGE_MATCH,1581,9813a6f21652b70f5a0e9315b60b11480d7f52eeb3b1176e8b76492a35bca51f,49-514-000-000,53
муниципальный округ Кувшиновский,2126,муниципальный округ Кувшиновский,exact_24_month_x_6_category_value_fingerprint,0,True,1,VERIFIED_DATA_LINEAGE_MATCH,2126,00686d6a80214823fa977e134037316fc6f72d265a40e09589fddf49ffa96ace,28-534-000-000,69
муниципальный округ Кудымкарский,2885,муниципальный округ Кудымкарский,exact_24_month_x_6_category_value_fingerprint,0,True,1,VERIFIED_DATA_LINEAGE_MATCH,2885,d99817523d6a8ab84c8f4e24f6d2763b63007e2b274693e27fb776d393d51023,57-528-000-000,59
муниципальный округ Куединский,749,муниципальный округ Куединский,exact_24_month_x_6_category_value_fingerprint,0,True,1,VERIFIED_DATA_LINEAGE_MATCH,749,95a41062101d534e0193085b07b9be1af510bd696b67c7f5bb3ed410f2995ae0,57-529-000-000,59
муниципальный округ Кунгурский,2809,муниципальный округ Кунгурский,exact_24_month_x_6_category_value_fingerprint,0,True,1,VERIFIED_DATA_LINEAGE_MATCH,2809,dc91f65fc278543647a17f17f20555c6f70a2b594b26f8b5010dc79cb42990cb,57-530-000-000,59
муниципальный округ Лебяжский,1278,муниципальный округ Лебяжский,exact_24_month_x_6_category_value_fingerprint,0,True,1,VERIFIED_DATA_LINEAGE_MATCH,1278,474c6c4702e52f816371e963dd581cb863ceb7155bb2cc5d9ec846bfc0a63ff3,33-521-000-000,43
муниципальный округ Лесной,2127,муниципальный округ Лесной,exact_24_month_x_6_category_value_fingerprint,0,True,1,VERIFIED_DATA_LINEAGE_MATCH,2127,49602ae1fb0b3bc49deb1409972d55d0c659972aad4c9d6503c0de031845c396,28-536-000-000,69
муниципальный округ Лихославльский,2128,муниципальный округ Лихославльский,exact_24_month_x_6_category_value_fingerprint,0,True,1,VERIFIED_DATA_LINEAGE_MATCH,2128,12b3f11f726bda839a001794cb886bde43d32ca57aca5215cfff1358eff78187,28-538-000-000,69
муниципальный округ Локнянский,1773,муниципальный округ Локнянский,exact_24_month_x_6_category_value_fingerprint,0,True,1,VERIFIED_DATA_LINEAGE_MATCH,1773,b9ec7777e93beecf0ec81fb57cd62ea97eb130893880372b7fd5cfa814fdc12b,58-518-000-000,60
муниципальный округ Лузский,1279,муниципальный округ Лузский,exact_24_month_x_6_category_value_fingerprint,0,True,1,VERIFIED_DATA_LINEAGE_MATCH,1279,02f8954f631d37e674ae57883098dcb8a925ca81146a3f396d06c3f35c1c130b,33-522-000-000,43
муниципальный округ Максатихинский,2129,муниципальный округ Максатихинский,exact_24_month_x_6_category_value_fingerprint,0,True,1,VERIFIED_DATA_LINEAGE_MATCH,2129,a47017ba9be8276986010e56a2ec22817b7290bd6388e56105c15e86cd956d6c,28-540-000-000,69
муниципальный округ Макушинский,1345,муниципальный округ Макушинский,exact_24_month_x_6_category_value_fingerprint,0,True,1,VERIFIED_DATA_LINEAGE_MATCH,1345,fc2a7966bfd0b50e786685adb92a11738eab7404e8bc8ee1a9f1dba413eeefd2,37-520-000-000,45
муниципальный округ Малопургинский район,438,муниципальный округ Малопургинский район,exact_24_month_x_6_category_value_fingerprint,0,True,1,VERIFIED_DATA_LINEAGE_MATCH,438,5f3998981f71517e41ff3bf81ce55cc849c8c68cfbbce112a24f68ca3da863ce,94-533-000-000,18
муниципальный округ Марёвский,1584,муниципальный округ Марёвский,exact_24_month_x_6_category_value_fingerprint,0,True,1,VERIFIED_DATA_LINEAGE_MATCH,1584,4b9ac3f6bb06026cd9a6744a480243975341bc04920eeed8d9a59dee1303dc98,49-523-000-000,53
муниципальный округ Молоковский,2130,муниципальный округ Молоковский,exact_24_month_x_6_category_value_fingerprint,0,True,1,VERIFIED_DATA_LINEAGE_MATCH,2130,93bab0f3cbf18d2f21a0201b00d602c6c914da6ebc148a85084b0d9d0e53c105,28-542-000-000,69
муниципальный округ Мошенской,1585,муниципальный округ Мошенской,exact_24_month_x_6_category_value_fingerprint,0,True,1,VERIFIED_DATA_LINEAGE_MATCH,1585,183455089f2a650190cdb654e16a3480b188579b6ef4d1c8b5dabbee451e7061,49-524-000-000,53
муниципальный округ Мурашинский,1281,муниципальный округ Мурашинский,exact_24_month_x_6_category_value_fingerprint,0,True,1,VERIFIED_DATA_LINEAGE_MATCH,1281,dcc137976e4b4de163cae73358e0ce97106950f9b851abfe0a0658bb83f4c182,33-524-000-000,43
муниципальный округ Надымский район,2245,муниципальный округ Надымский район,exact_24_month_x_6_category_value_fingerprint,0,True,1,VERIFIED_DATA_LINEAGE_MATCH,2245,91560b1f757ead127189ebb23cdcee5673cd152bfa408b50b72dd3597cdcbd9e,71-936-000-000,89
муниципальный округ Невельский,1774,муниципальный округ Невельский,exact_24_month_x_6_category_value_fingerprint,0,True,1,VERIFIED_DATA_LINEAGE_MATCH,1774,9ad3935aced0e43ec67064f2e2c41cd69a3664d73c7c3aa499182a0d9508a8d1,58-520-000-000,60
муниципальный округ Неманский,1191,муниципальный округ Неманский,exact_24_month_x_6_category_value_fingerprint,0,True,1,VERIFIED_DATA_LINEAGE_MATCH,1191,a4b27e63634f70213341a6faa5f6b149bf0fe5da510026c923f48a520b6b2a92,27-514-000-000,39
муниципальный округ Нестеровский,1192,муниципальный округ Нестеровский,exact_24_month_x_6_category_value_fingerprint,0,True,1,VERIFIED_DATA_LINEAGE_MATCH,1192,781cdca7f340c1752a59f9029d2dba4fd130e655d412472a8bac6eec612ce91e,27-515-000-000,39
муниципальный округ Новоржевский,1775,муниципальный округ Новоржевский,exact_24_month_x_6_category_value_fingerprint,0,True,1,VERIFIED_DATA_LINEAGE_MATCH,1775,50732ecb1ade038de07f656a9afdf9715368e006bd53cb39f9f710c58d80ada2,58-523-000-000,60
муниципальный округ Озерский,1193,муниципальный округ Озерский,exact_24_month_x_6_category_value_fingerprint,0,True,1,VERIFIED_DATA_LINEAGE_MATCH,1193,41d2ea428ec0998fdfbc55a7cb9a49ded842b4cd7fbf48f874a8b17687b346ca,27-516-000-000,39
муниципальный округ Оленинский,2132,муниципальный округ Оленинский,exact_24_month_x_6_category_value_fingerprint,0,True,1,VERIFIED_DATA_LINEAGE_MATCH,2132,eaceb0a377911d98124b2b2da3cb34e957331818f30fbfcc54028319b210f2db,28-544-000-000,69
муниципальный округ Ольский,1431,муниципальный округ Ольский,exact_24_month_x_6_category_value_fingerprint,0,True,1,VERIFIED_DATA_LINEAGE_MATCH,1431,d5c88f5b5dcaa3040470cf42bee23378f5ea48c7d832eae089f9dfa2dab4551d,44-502-000-000,49
муниципальный округ Опаринский,1286,муниципальный округ Опаринский,exact_24_month_x_6_category_value_fingerprint,0,True,1,VERIFIED_DATA_LINEAGE_MATCH,1286,e6a84343de8d5cfaeb5a22250fbed795d107e9918a278683ef4227f49d95b163,33-529-000-000,43
муниципальный округ Опочецкий,1777,муниципальный округ Опочецкий,exact_24_month_x_6_category_value_fingerprint,0,True,1,VERIFIED_DATA_LINEAGE_MATCH,1777,2c33673df460ee4b618770fd8207aced4d32691d5bed1ecc9a874f6bf0c6cb7e,58-529-000-000,60
муниципальный округ Ординский,753,муниципальный округ Ординский,exact_24_month_x_6_category_value_fingerprint,0,True,1,VERIFIED_DATA_LINEAGE_MATCH,753,c26245ac724d12bc147735c5c37868de97f8fffc9af806fbddda1f6e74d68d76,57-538-000-000,59
муниципальный округ Орловский,1726,муниципальный округ Орловский,exact_24_month_x_6_category_value_fingerprint,0,True,1,VERIFIED_DATA_LINEAGE_MATCH,1726,7161f1c0b34017bfbb780ed8d9d4d0a5890e564bd88575bf12015195deac47a9,54-501-000-000,57
муниципальный округ Пеновский,2133,муниципальный округ Пеновский,exact_24_month_x_6_category_value_fingerprint,0,True,1,VERIFIED_DATA_LINEAGE_MATCH,2133,83d254d260e97c45843e8dd10c150857f19288c2e918e52e20f4039b6a9c46e1,28-546-000-000,69
муниципальный округ Пермский,757,муниципальный округ Пермский,exact_24_month_x_6_category_value_fingerprint,0,True,1,VERIFIED_DATA_LINEAGE_MATCH,757,f7c05ef34c2349c3ca0ccfd3ca851db0a4a21bbdf3d8316440798cceb47cf0e2,57-546-000-000,59
муниципальный округ Пестовский,1589,муниципальный округ Пестовский,exact_24_month_x_6_category_value_fingerprint,0,True,1,VERIFIED_DATA_LINEAGE_MATCH,1589,c0330ecf5575dc72d8e629af4547cc0066401fa7821cef645123e81e7f89d94c,49-532-000-000,53
муниципальный округ Печорский,1780,муниципальный округ Печорский,exact_24_month_x_6_category_value_fingerprint,0,True,1,VERIFIED_DATA_LINEAGE_MATCH,1780,d3eec6e067183c5aaafe1b1d69d19c8f21f240ae6517092c27c48d429350c249,58-540-000-000,60
муниципальный округ Пижанский,1289,муниципальный округ Пижанский,exact_24_month_x_6_category_value_fingerprint,0,True,1,VERIFIED_DATA_LINEAGE_MATCH,1289,b3a48e86a11438d2522a73c7a2a12a8928982b7c08b19d699374206a2ab41178,33-531-000-000,43
муниципальный округ Полесский,1194,муниципальный округ Полесский,exact_24_month_x_6_category_value_fingerprint,0,True,1,VERIFIED_DATA_LINEAGE_MATCH,1194,7689e95ba87cffc5e33245fb64b0d827e49463d10bc574b480bc551394efae32,27-518-000-000,39
муниципальный округ Правдинский,1195,муниципальный округ Правдинский,exact_24_month_x_6_category_value_fingerprint,0,True,1,VERIFIED_DATA_LINEAGE_MATCH,1195,23cb8d3e3deb98d7c7fa2061eda439cacde433378543c9fca10fd31c63dbb4c5,27-519-000-000,39
муниципальный округ Приуральский район,2872,муниципальный округ Приуральский район,exact_24_month_x_6_category_value_fingerprint,0,True,1,VERIFIED_DATA_LINEAGE_MATCH,2872,02e9e17e406454fb57d21b46c14580017f10b8156a6770201687e45ebfcd1f61,71-938-000-000,89
муниципальный округ Пуровский район,2882,муниципальный округ Пуровский район,exact_24_month_x_6_category_value_fingerprint,0,True,1,VERIFIED_DATA_LINEAGE_MATCH,2882,e89399fc77cf7efb691859b0f804cee769399a932f879807b6724c74f9415447,71-940-000-000,89
муниципальный округ Пыталовский,1786,муниципальный округ Пыталовский,exact_24_month_x_6_category_value_fingerprint,0,True,1,VERIFIED_DATA_LINEAGE_MATCH,1786,a5b59d6ce4ed91b5269f2ba824f7af1d6d281529d3d9c1cd4d49b608044f08c2,58-553-000-000,60
муниципальный округ Рамешковский,2134,муниципальный округ Рамешковский,exact_24_month_x_6_category_value_fingerprint,0,True,1,VERIFIED_DATA_LINEAGE_MATCH,2134,833865edcc4fa6dfab784ae355271d9d6b8da013270b4107e549402b78ac49af,28-547-000-000,69
муниципальный округ Ржевский,2884,муниципальный округ Ржевский,exact_24_month_x_6_category_value_fingerprint,0,True,1,VERIFIED_DATA_LINEAGE_MATCH,2884,009fe3b47fbcb49d7ca1e5a9b99469afd003899973d277a3230021089e7bd6b4,28-548-000-000,69
муниципальный округ Сандовский,2136,муниципальный округ Сандовский,exact_24_month_x_6_category_value_fingerprint,0,True,1,VERIFIED_DATA_LINEAGE_MATCH,2136,f070289e8c060d6730d6c17f07603379d45fbf0ce8ed20cd84b18769a1ce071b,28-549-000-000,69
муниципальный округ Санчурский,1291,муниципальный округ Санчурский,exact_24_month_x_6_category_value_fingerprint,0,True,1,VERIFIED_DATA_LINEAGE_MATCH,1291,540934da89ae4e213dcd3641870e1843083eb930ad10c2bd9b9511f60b10310f,33-533-000-000,43
муниципальный округ Сарапульский район,440,муниципальный округ Сарапульский район,exact_24_month_x_6_category_value_fingerprint,0,True,1,VERIFIED_DATA_LINEAGE_MATCH,440,a31125d38ca749802e3380aab2ba72f76c28bc4eeb43597487668a1b167eb4bd,94-537-000-000,18
муниципальный округ Свечинский,1292,муниципальный округ Свечинский,exact_24_month_x_6_category_value_fingerprint,0,True,1,VERIFIED_DATA_LINEAGE_MATCH,1292,47abd104899d7d980abfd77590b4cf5943d92f944cdd024461f7e8fa60e345bd,33-534-000-000,43
муниципальный округ Селижаровский,2137,муниципальный округ Селижаровский,exact_24_month_x_6_category_value_fingerprint,0,True,1,VERIFIED_DATA_LINEAGE_MATCH,2137,78581c798110b06e20f7ffba6b7303fc0026dc8d3df7087633780c52cee7cbee,28-550-000-000,69
муниципальный округ Селтинский район,441,муниципальный округ Селтинский район,exact_24_month_x_6_category_value_fingerprint,0,True,1,VERIFIED_DATA_LINEAGE_MATCH,441,845a76756066c2d8971354a738b314e2a7120da924ebb47d345f243920f80e94,94-539-000-000,18
муниципальный округ Сивинский,758,муниципальный округ Сивинский,exact_24_month_x_6_category_value_fingerprint,0,True,1,VERIFIED_DATA_LINEAGE_MATCH,758,76d687fc1956552dd3d6144866f80d385578dc41de9be7c02a0c218125b97de8,57-548-000-000,59
муниципальный округ Славский,1196,муниципальный округ Славский,exact_24_month_x_6_category_value_fingerprint,0,True,1,VERIFIED_DATA_LINEAGE_MATCH,1196,e50fae0c819170515b0649cc1ee492b713ad166f638c26058ea1d91d09c40696,27-527-000-000,39
муниципальный округ Солецкий,1591,муниципальный округ Солецкий,exact_24_month_x_6_category_value_fingerprint,0,True,1,VERIFIED_DATA_LINEAGE_MATCH,1591,73257ee2100d2a7511886c0f23e41819802c7fc690f8c34809c987287ada2f2a,49-538-000-000,53
муниципальный округ Сонковский,2138,муниципальный округ Сонковский,exact_24_month_x_6_category_value_fingerprint,0,True,1,VERIFIED_DATA_LINEAGE_MATCH,2138,85b9a54fd8e6c9cf31f6664d9d81bcd3b26990f419b83135adf5b3146cb65557,28-551-000-000,69
муниципальный округ Спировский,2139,муниципальный округ Спировский,exact_24_month_x_6_category_value_fingerprint,0,True,1,VERIFIED_DATA_LINEAGE_MATCH,2139,4848e97fda417ed4dd826ba3c9f17407fa0f732fa787485e06fa98d811eadf35,28-552-000-000,69
муниципальный округ Старицкий,2140,муниципальный округ Старицкий,exact_24_month_x_6_category_value_fingerprint,0,True,1,VERIFIED_DATA_LINEAGE_MATCH,2140,91b0121d6cc2a26f8242adee62705177aa63f1dc524b54121636682306bef375,28-553-000-000,69
муниципальный округ Струго-Красненский,1788,муниципальный округ Струго-Красненский,exact_24_month_x_6_category_value_fingerprint,0,True,1,VERIFIED_DATA_LINEAGE_MATCH,1788,632753ce6b2f6623538e2f39a80c0c41640bd3eba628ce8d3287cc4e9dc0a239,58-556-000-000,60
муниципальный округ Суетский район,553,муниципальный округ Суетский район,exact_24_month_x_6_category_value_fingerprint,0,True,1,VERIFIED_DATA_LINEAGE_MATCH,553,638575f1f18444ead7d6917ac9fb16e41a69ca503e9a192868979e6f4d9f043b,01-541-000-000,22
муниципальный округ Сюмсинский район,442,муниципальный округ Сюмсинский район,exact_24_month_x_6_category_value_fingerprint,0,True,1,VERIFIED_DATA_LINEAGE_MATCH,442,728542cd7195cddbbae64edbd9bd20df512dcd233cac4dabbe903cfddbb44980,94-541-000-000,18
муниципальный округ Тазовский район,2248,муниципальный округ Тазовский район,exact_24_month_x_6_category_value_fingerprint,0,True,1,VERIFIED_DATA_LINEAGE_MATCH,2248,b55272788dd4737332920aeb646f458728ad227916b71210f3d3f1c12aa2e234,71-943-000-000,89
муниципальный округ Торопецкий,2142,муниципальный округ Торопецкий,exact_24_month_x_6_category_value_fingerprint,0,True,1,VERIFIED_DATA_LINEAGE_MATCH,2142,a42728ec2c8a621ab61a8739d0d8bb51db4923dc51c777b8b9e6e89b0ab272c3,28-555-000-000,69
муниципальный округ Увинский район,443,муниципальный округ Увинский район,exact_24_month_x_6_category_value_fingerprint,0,True,1,VERIFIED_DATA_LINEAGE_MATCH,443,a6a8abae0e168baa0b039add724b165c7b4de1ecb51c16230dbf70056dcc36b6,94-544-000-000,18
муниципальный округ Уинский,761,муниципальный округ Уинский,exact_24_month_x_6_category_value_fingerprint,0,True,1,VERIFIED_DATA_LINEAGE_MATCH,761,d95571e9d83cbbbc40ed22e3d5c6cbae57bc8daa9156211a7ee3ddcaf701042e,57-552-000-000,59
муниципальный округ Унинский,1297,муниципальный округ Унинский,exact_24_month_x_6_category_value_fingerprint,0,True,1,VERIFIED_DATA_LINEAGE_MATCH,1297,1314df472089b6806e290006e8a962b9603195b727ad6fe6468e87bfadf2669e,33-540-000-000,43
муниципальный округ Усинск,228,муниципальный округ Усинск,exact_24_month_x_6_category_value_fingerprint,0,True,1,VERIFIED_DATA_LINEAGE_MATCH,228,456a58fbef126bccb91d9c9f575c4b0a15dd182c592a023280e1c9ff4fd208f4,87-523-000-000,11
муниципальный округ Фаленский,1299,муниципальный округ Фаленский,exact_24_month_x_6_category_value_fingerprint,0,True,1,VERIFIED_DATA_LINEAGE_MATCH,1299,03598be3af7ebe9c93543fca095785f3d5811b26e735e99dd8dfb45bf9fab336,33-543-000-000,43
муниципальный округ Фировский,2143,муниципальный округ Фировский,exact_24_month_x_6_category_value_fingerprint,0,True,1,VERIFIED_DATA_LINEAGE_MATCH,2143,3305a6b50dbe1231d4b929b36660de59e4be196ccfc1bae180ed42ae29000bed,28-557-000-000,69
муниципальный округ Хвойнинский,1593,муниципальный округ Хвойнинский,exact_24_month_x_6_category_value_fingerprint,0,True,1,VERIFIED_DATA_LINEAGE_MATCH,1593,37f6003a7686f78d75728df315e65dcb84ba381770a39abdab5fb23b3b027122,49-545-000-000,53
муниципальный округ Чарышский район,570,муниципальный округ Чарышский район,exact_24_month_x_6_category_value_fingerprint,0,True,1,VERIFIED_DATA_LINEAGE_MATCH,570,a9135e3df61a44f39c4f540764fb8beb021507ccf5b30825dc9565c7b580ff4c,01-558-000-000,22
муниципальный округ Частинский,764,муниципальный округ Частинский,exact_24_month_x_6_category_value_fingerprint,0,True,1,VERIFIED_DATA_LINEAGE_MATCH,764,a6d00565dd5326f08d011af60f69e91d4808f26855b212c483cff52454c4c81d,57-555-000-000,59
муниципальный округ Черняховский,1197,муниципальный округ Черняховский,exact_24_month_x_6_category_value_fingerprint,0,True,1,VERIFIED_DATA_LINEAGE_MATCH,1197,00821c20034a2471787e6b9325b39571ffca67b769808b9208897a0d630e6426,27-539-000-000,39
муниципальный округ Шарканский район,444,муниципальный округ Шарканский район,exact_24_month_x_6_category_value_fingerprint,0,True,1,VERIFIED_DATA_LINEAGE_MATCH,444,c017b414f6c91ce6d55b7f92b2dbdc554dd5a831e09eb8c3abd7cb7db4ae79b6,94-546-000-000,18
муниципальный округ Шумихинский,1356,муниципальный округ Шумихинский,exact_24_month_x_6_category_value_fingerprint,0,True,1,VERIFIED_DATA_LINEAGE_MATCH,1356,3a0d6d3631c9f76823443150f7e8c86fddc89ea3b5a007ca9c79ebbbcca19dc2,37-542-000-000,45
муниципальный округ Шурышкарский район,2249,муниципальный округ Шурышкарский район,exact_24_month_x_6_category_value_fingerprint,0,True,1,VERIFIED_DATA_LINEAGE_MATCH,2249,9e2db604ab2c834bedc289a86c315b40cb6ef53a432923b88ade037bf3aa9ebd,71-946-000-000,89
муниципальный округ Юкаменский район,445,муниципальный округ Юкаменский район,exact_24_month_x_6_category_value_fingerprint,0,True,1,VERIFIED_DATA_LINEAGE_MATCH,445,119a5718d830d0c97ab62692f073ede52bff5e9625aa8b240fce5f5134eedb5c,94-548-000-000,18
муниципальный округ Юрлинский,773,муниципальный округ Юрлинский,exact_24_month_x_6_category_value_fingerprint,0,True,1,VERIFIED_DATA_LINEAGE_MATCH,773,f07a42458d2127370316b7ff253d5d65dadfde12162a1bef3863135705dceab5,57-559-000-000,59
муниципальный округ Юсьвинский,774,муниципальный округ Юсьвинский,exact_24_month_x_6_category_value_fingerprint,0,True,1,VERIFIED_DATA_LINEAGE_MATCH,774,0f1a75f767cdc1dc1a5859e3479e9930cf1a7f3aa5fe5b0ccc6d24be6f8eb303,57-560-000-000,59
муниципальный округ Ягоднинский,1438,муниципальный округ Ягоднинский,exact_24_month_x_6_category_value_fingerprint,0,True,1,VERIFIED_DATA_LINEAGE_MATCH,1438,1603508763ab873030aaed38c997c945200e5ac4166089358564d14e0adbb285,44-522-000-000,49
муниципальный округ Якшур-Бодьинский район,446,муниципальный округ Якшур-Бодьинский район,exact_24_month_x_6_category_value_fingerprint,0,True,1,VERIFIED_DATA_LINEAGE_MATCH,446,156124c9621ef18e246851cb0d522759e78204c4d170844bb2674f71509b9466,94-550-000-000,18
муниципальный округ Ямальский район,2250,муниципальный округ Ямальский район,exact_24_month_x_6_category_value_fingerprint,0,True,1,VERIFIED_DATA_LINEAGE_MATCH,2250,207678edaf0019e11106b96fee95b44bea95eb1cce973ffa92d2475c28b17ac4,71-948-000-000,89
муниципальный округ Ярский район,447,муниципальный округ Ярский район,exact_24_month_x_6_category_value_fingerprint,0,True,1,VERIFIED_DATA_LINEAGE_MATCH,447,3c029f2e39804a2f4bb7d8adb4b5f6abe57c232591feae43c2bd0f2b9735ca03,94-552-000-000,18
муниципальный округ город Апатиты,1507,муниципальный округ город Апатиты,exact_24_month_x_6_category_value_fingerprint,0,True,1,VERIFIED_DATA_LINEAGE_MATCH,1507,70def6d36abc2d6ac77b0df46f2550a899a36d2ff20d727dc1eb33de3d8405d5,47-519-000-000,51
муниципальный округ город Кировск,1508,муниципальный округ город Кировск,exact_24_month_x_6_category_value_fingerprint,0,True,1,VERIFIED_DATA_LINEAGE_MATCH,1508,c38ef972a5f806f0e8d70592918265e85f6914ab6c925be2a2a6afb8f635613d,47-522-000-000,51
муниципальный округ город Мончегорск,1509,муниципальный округ город Мончегорск,exact_24_month_x_6_category_value_fingerprint,0,True,1,VERIFIED_DATA_LINEAGE_MATCH,1509,2ace39cf9dcbf6f86af78e4aff4572ebe110961e6851caf3a5cf3d326e5d792f,47-524-000-000,51
муниципальный округ город Оленегорск,1510,муниципальный округ город Оленегорск,exact_24_month_x_6_category_value_fingerprint,0,True,1,VERIFIED_DATA_LINEAGE_MATCH,1510,52e5d30e3e2e5e1f001a6773b187a190d735922cf3cde0976d75a3d8bd520491,47-526-000-000,51
муниципальный округ город Полярные Зори,1511,муниципальный округ город Полярные Зори,exact_24_month_x_6_category_value_fingerprint,0,True,1,VERIFIED_DATA_LINEAGE_MATCH,1511,d73fd20fef87012a66997e8226745f0047d45e00be5125b73fe18051acebdb84,47-528-000-000,51
муниципальный округ город Славгород,511,муниципальный округ город Славгород,exact_24_month_x_6_category_value_fingerprint,0,True,1,VERIFIED_DATA_LINEAGE_MATCH,511,12b20643f9546864ede56232172b2d51ad85eac78239df12292f2865f5199d34,01-539-000-000,22
муниципальный район Город Краснокаменск и Краснокаменский район,585,муниципальный район Город Краснокаменск и Краснокаменский район,exact_24_month_x_6_category_value_fingerprint,0,True,1,VERIFIED_DATA_LINEAGE_MATCH,585,ac36a90595ac6b74e3c7d7b10cc21ef1dcf8976ecba4d4aede408ac85a929619,76-621-000-000,75
муниципальный район Заполярный район,917,муниципальный район Заполярный район,exact_24_month_x_6_category_value_fingerprint,0,True,1,VERIFIED_DATA_LINEAGE_MATCH,917,2396980c6c57e7e008dcbe53717010a283c13981502fbd347b3303c7d54b8453,11-811-000-000,83
муниципальный район Печора,234,муниципальный район Печора,exact_24_month_x_6_category_value_fingerprint,0,True,1,VERIFIED_DATA_LINEAGE_MATCH,234,e3744144c8b51d32f300e0ed48ebdb33061398b585b7fae0b3591f6e83562faf,87-620-000-000,11
муниципальный район Сосногорск,236,муниципальный район Сосногорск,exact_24_month_x_6_category_value_fingerprint,0,True,1,VERIFIED_DATA_LINEAGE_MATCH,236,20fe5cf682ce011a38e0833106edfadd3b8e1875d0bbfb33a0f3c7474fb1ca66,87-626-000-000,11
муниципальный район город Нерехта и Нерехтский район,1321,муниципальный район город Нерехта и Нерехтский район,exact_24_month_x_6_category_value_fingerprint,0,True,1,VERIFIED_DATA_LINEAGE_MATCH,1321,14e485bc528287940ee74826c6636c2c1c20e3e2abacd01bf266018b5df06ce9,34-626-000-000,44
муниципальный район имени Лазо,851,муниципальный район имени Лазо,exact_24_month_x_6_category_value_fingerprint,0,True,1,VERIFIED_DATA_LINEAGE_MATCH,851,8c5abf0f79da0e3e111363307bf409512a64e3cdb1acd54481a5bfac8244e25c,08-624-000-000,27
муниципальный район имени Полины Осипенко,855,муниципальный район имени Полины Осипенко,exact_24_month_x_6_category_value_fingerprint,0,True,1,VERIFIED_DATA_LINEAGE_MATCH,855,61c20cdd66db35fee4d73d6fe0b2c5dae5c9c9669b7e50f0aa82f19de7578d2f,08-637-000-000,27
